Algorithm: Kruskal's MST
MST edges:
2201 4146 1
1465 2342 1
2748 4928 1
48 254 1
1461 4496 1
13 2558 1
2185 2278 1
418 2026 1
1454 3443 1
1439 3490 1
1182 2938 1
3240 4942 1
2741 3054 1
451 3164 1
44 1178 1
1418 3394 1
15 24 1
1410 2589 1
2377 4670 1
2376 4448 1
1400 4832 1
477 4828 1
1391 2783 1
3182 3242 1
334 2528 1
1557 4953 1
2675 3500 1
2126 2994 1
855 2927 1
322 475 1
2681 4200 1
3441 4748 1
2131 4419 1
2133 2719 1
1966 4787 1
53 4833 1
1196 1311 1
336 1200 1
1506 4088 1
354 2161 1
51 1262 1
817 1569 1
1495 4754 1
375 2496 1
388 4199 1
1480 1916 1
392 3900 1
1470 2345 1
660 1107 1
686 2463 1
3022 3862 1
1307 3703 1
1244 1856 1
594 2835 1
595 1012 1
595 1019 1
598 2172 1
667 832 1
2973 3817 1
2337 4766 1
2346 2673 1
2308 4833 1
1274 2651 1
656 2932 1
1272 1981 1
4494 4945 1
654 3841 1
653 3204 1
620 837 1
2949 3783 1
625 1715 1
2938 3925 1
1337 2223 1
41 59 1
40 2312 1
1201 2111 1
743 3392 1
520 1042 1
735 1062 1
1349 3457 1
1211 3691 1
530 2392 1
2263 4847 1
2841 3540 1
50 1610 1
714 1347 1
710 4916 1
550 3847 1
1320 3787 1
705 4362 1
1317 3121 1
3036 4916 1
564 1571 1
1232 3363 1
2349 4034 1
239 830 1
77 92 1
201 745 1
201 774 1
1657 3912 1
115 4895 1
1640 2182 1
2078 4468 1
239 611 1
118 4510 1
108 313 1
912 1036 1
240 1996 1
1623 2124 1
1768 1836 1
1622 2035 1
2090 2437 1
2092 3339 1
174 4158 1
2595 4631 1
3881 4911 1
150 3192 1
148 3647 1
168 322 1
1724 3108 1
136 528 1
74 1806 1
2671 3270 1
3990 4248 1
965 4480 1
931 4339 1
186 4248 1
127 304 1
4012 4950 1
1752 4031 1
3756 4164 1
100 3381 1
1017 3622 1
2112 2953 1
4154 4567 1
1991 3547 1
3542 3864 1
2537 2727 1
1595 2783 1
1572 2959 1
1993 2279 1
4861 4941 1
81 1252 1
253 937 1
295 1150 1
4122 4842 1
296 1638 1
7 1511 1
891 2334 1
1928 2224 1
864 3900 1
1563 4469 1
93 201 1
2115 4769 1
134 178 2
1269 4682 2
526 4999 2
151 211 2
1316 4600 2
1801 2635 2
83 810 2
1267 1937 2
3084 4482 2
3936 4216 2
1269 1602 2
553 1511 2
3944 4193 2
545 3100 2
112 2460 2
2005 3672 2
599 3191 2
78 4905 2
604 812 2
604 2712 2
106 420 2
595 653 2
1998 2190 2
2961 3868 2
590 2665 2
623 2197 2
583 2280 2
113 289 2
576 3191 2
1272 2129 2
572 1016 2
2279 3387 2
567 2798 2
567 1948 2
124 530 2
359 4117 2
2086 2884 2
416 4784 2
414 3200 2
1825 4530 2
1464 3147 2
3296 3330 2
1621 4675 2
1617 4519 2
3616 4613 2
2164 3275 2
2162 4314 2
248 1630 2
1367 1551 2
1491 4646 2
252 2546 2
1449 4375 2
2155 2191 2
1598 2322 2
352 570 2
342 3338 2
1839 3371 2
1587 4249 2
1535 1756 2
3510 3868 2
327 2836 2
291 3468 2
1541 2698 2
317 564 2
4300 4585 2
307 4008 2
3811 4752 2
1348 4136 2
1704 4727 2
1352 1988 2
517 4305 2
1699 4897 2
38 2159 2
505 4908 2
168 4403 2
2046 3834 2
3170 3461 2
489 1568 2
3181 4941 2
3818 4572 2
483 786 2
183 2929 2
1347 4688 2
475 3091 2
3764 4458 2
43 120 2
1401 2418 2
3200 3888 2
1958 2968 2
468 2173 2
468 1392 2
461 4056 2
3217 3404 2
216 1893 2
3695 4558 2
444 1385 2
3665 4595 2
1225 3123 2
997 2074 2
2897 3461 2
1155 1907 2
1057 1565 2
1058 1283 2
1063 2708 2
2889 4148 2
2342 4318 2
2448 4363 2
2735 4867 2
685 3114 2
688 2964 2
2752 4008 2
2638 2847 2
1172 2574 2
1106 3781 2
2635 3785 2
963 4059 2
707 2817 2
916 3636 2
954 971 2
731 4677 2
18 1143 2
2473 4016 2
2473 3979 2
4577 4889 2
1081 1422 2
1912 4992 2
764 1869 2
1198 1202 2
1194 2783 2
827 4251 2
1140 4526 2
660 685 2
648 2052 2
2917 4293 2
1260 2099 2
1127 1593 2
2529 3720 2
11 1760 2
650 2151 2
650 932 2
661 1279 2
1180 2942 3
303 2210 3
4757 4973 3
334 391 3
2455 4416 3
1562 4444 3
3647 3992 3
1183 4808 3
237 4568 3
2199 3949 3
2697 3211 3
3253 3643 3
1859 4340 3
452 1544 3
914 2600 3
2194 4470 3
429 3283 3
2463 4962 3
1131 4209 3
4368 4426 3
187 3432 3
311 714 3
2219 4478 3
1670 4578 3
3758 4375 3
200 337 3
4567 4683 3
846 1317 3
450 1024 3
2068 2503 3
1861 4432 3
2382 2925 3
921 2362 3
1842 4816 3
457 3254 3
224 4226 3
1909 4073 3
65 636 3
3235 4618 3
1607 2820 3
290 1551 3
288 1801 3
889 2320 3
2731 4192 3
389 2393 3
345 682 3
810 3946 3
3337 4978 3
3345 4109 3
830 1453 3
250 2050 3
1157 4838 3
2726 4569 3
374 1990 3
3364 4398 3
1151 3718 3
2102 4047 3
267 1767 3
887 4761 3
884 3177 3
282 3054 3
48 53 3
3639 4637 3
1451 2802 3
911 2639 3
2717 4823 3
1455 2068 3
242 931 3
1176 1501 3
1523 3438 3
3279 3971 3
1832 4566 3
46 3460 3
2140 3837 3
3630 3701 3
8 3299 3
339 2606 3
636 901 3
2936 3227 3
802 1774 3
4341 4547 3
1121 2043 3
958 3793 3
967 2965 3
1230 1760 3
4459 4743 3
1736 3582 3
2487 3906 3
1321 2991 3
558 706 3
98 1700 3
3981 4342 3
697 4085 3
547 4846 3
547 1488 3
956 3537 3
1986 2305 3
1929 4702 3
37 1430 3
538 2926 3
147 3857 3
79 4581 3
1307 1343 3
2894 4678 3
671 4327 3
1288 2662 3
984 2294 3
670 683 3
602 1523 3
22 152 3
4043 4728 3
1306 2027 3
68 2943 3
4029 4912 3
123 2553 3
967 4076 3
1244 1325 3
603 1707 3
570 4129 3
4172 4519 3
4508 4609 3
999 3263 3
628 1081 3
1364 4587 3
649 2702 3
2514 3018 3
90 590 3
1081 1446 3
748 806 3
1796 4112 3
500 1066 3
1212 1419 3
629 4573 3
1034 1780 3
748 2866 3
2529 2894 3
1383 1973 3
183 290 3
4772 4863 3
1194 4344 3
24 4339 3
3847 4321 3
1272 2994 3
1690 2177 3
2837 4711 3
940 2816 3
1204 1327 3
1078 4011 3
4468 4913 3
857 1084 4
340 2925 4
1586 4884 4
2652 4286 4
3540 4429 4
319 998 4
8 379 4
266 442 4
68 2487 4
1007 3810 4
2120 4390 4
1583 4211 4
1804 3430 4
2118 2564 4
292 4757 4
867 1381 4
1040 1393 4
2003 3709 4
1005 3076 4
1935 4919 4
1046 2804 4
70 650 4
1093 4502 4
158 3870 4
159 985 4
232 1734 4
169 2762 4
2617 4641 4
172 4562 4
1685 4690 4
3711 4681 4
3736 4235 4
3906 4816 4
925 4876 4
180 4585 4
2050 4920 4
1661 3654 4
4212 4481 4
194 4118 4
194 1180 4
190 4772 4
2058 4378 4
187 3186 4
4016 4929 4
262 862 4
2556 4802 4
3578 4487 4
78 761 4
4057 4699 4
112 2146 4
1059 2073 4
1608 3990 4
968 1087 4
892 966 4
3569 4688 4
245 3529 4
967 2976 4
1740 2099 4
900 4533 4
133 386 4
6 26 4
137 412 4
1717 2748 4
4792 4802 4
1321 4971 4
14 2420 4
717 1092 4
716 2186 4
3070 3365 4
780 1879 4
1859 3918 4
427 2060 4
1453 4597 4
548 633 4
1897 3056 4
1180 1319 4
2390 3112 4
2202 4067 4
1463 2963 4
2352 3462 4
699 2580 4
1468 4040 4
3315 4198 4
810 1256 4
1232 4593 4
570 972 4
574 3408 4
4523 4992 4
1304 3296 4
743 1133 4
1200 2471 4
1381 4735 4
2230 2508 4
747 4742 4
1389 1936 4
1396 3261 4
480 537 4
3189 3527 4
3189 4731 4
1364 2433 4
2786 4832 4
1354 3420 4
562 2695 4
43 354 4
1189 1284 4
770 3111 4
1210 4109 4
1414 2158 4
776 4512 4
3103 3610 4
728 1996 4
719 4597 4
14 3492 4
1337 3011 4
1140 4875 4
4442 4444 4
3385 4682 4
1249 4178 4
2147 3520 4
341 4478 4
606 1578 4
1252 3862 4
613 1364 4
339 788 4
1303 2451 4
627 1060 4
1265 3855 4
2938 4122 4
2428 3075 4
3442 3923 4
1261 4054 4
1135 1250 4
853 3678 4
2288 3611 4
360 3036 4
32 3690 4
364 1695 4
2998 3185 4
2342 4239 4
1502 3407 4
815 4292 4
649 1224 5
621 1833 5
735 3770 5
155 4521 5
1351 3733 5
648 2558 5
2818 4097 5
2497 4186 5
1266 3059 5
1253 4993 5
2245 4245 5
3141 3302 5
85 1238 5
1036 3252 5
940 2045 5
3036 4503 5
586 4252 5
4046 4620 5
506 2441 5
1309 4299 5
1300 4068 5
2522 3075 5
3151 3987 5
321 4824 5
2972 3971 5
3061 4531 5
708 2232 5
594 2167 5
2893 3470 5
1326 1830 5
2006 2679 5
4068 4717 5
137 421 5
2900 4039 5
101 986 5
964 2216 5
142 794 5
1346 3936 5
145 1212 5
1281 1776 5
1070 3128 5
2562 4659 5
538 1055 5
1025 2742 5
1070 3338 5
3913 4815 5
2960 4450 5
94 185 5
2033 2565 5
948 3186 5
2156 4531 5
281 2322 5
2155 3168 5
3385 4196 5
821 3375 5
1115 3681 5
2649 4751 5
269 4515 5
3554 4373 5
1500 2802 5
3558 4499 5
366 486 5
351 409 5
3566 3635 5
2405 2772 5
260 3215 5
1491 2567 5
1603 4844 5
1604 3831 5
376 2314 5
2731 4050 5
2099 3113 5
1479 3755 5
299 515 5
1542 1680 5
315 3272 5
1130 3218 5
1129 3154 5
1129 2179 5
306 2017 5
305 3897 5
2427 4158 5
1140 3474 5
1141 2417 5
3612 3832 5
838 1285 5
3499 3608 5
3416 4465 5
2662 2693 5
873 4287 5
1520 1872 5
1148 3760 5
1514 4807 5
286 4347 5
285 3818 5
762 788 5
211 620 5
771 1390 5
205 2182 5
2065 3237 5
2212 3856 5
3200 3617 5
1088 1480 5
765 4583 5
195 2712 5
931 1478 5
1642 3800 5
477 2232 5
2799 4644 5
2056 3839 5
758 4296 5
186 4030 5
186 2359 5
3808 4730 5
1675 2289 5
1084 3764 5
1084 3259 5
2776 4680 5
2742 4966 5
2401 4062 5
796 2005 5
412 3686 5
3271 4119 5
1456 2703 5
3636 3804 5
2630 4116 5
3258 3570 5
2196 4509 5
1200 1879 5
446 1143 5
1628 2541 5
3657 4964 5
778 3282 5
3680 4670 5
1419 3800 5
2780 4668 5
223 374 5
921 4983 5
922 3587 5
4348 4592 5
1968 2644 5
4366 4462 5
1986 2364 5
51 1371 5
1902 2875 5
4847 4896 5
4265 4339 5
1928 4681 5
73 547 5
36 1129 5
1803 2207 5
17 2666 5
4630 4856 5
62 169 5
1887 2247 5
1987 2429 5
4567 4619 5
3 2346 5
4209 4419 5
1805 3588 5
1894 2100 5
2276 4855 6
1361 4279 6
783 4814 6
3065 4678 6
1332 4496 6
791 1716 6
932 1810 6
1256 2316 6
554 2381 6
1317 4029 6
1566 1861 6
4163 4698 6
1819 3879 6
3491 4828 6
1026 1277 6
763 2167 6
1441 2998 6
3144 3434 6
346 689 6
1268 1497 6
1872 4002 6
3754 4912 6
765 1390 6
1477 1896 6
457 846 6
556 2682 6
3398 3989 6
555 750 6
2777 4090 6
2776 3810 6
458 3762 6
94 948 6
105 832 6
2678 3154 6
4211 4910 6
3365 3706 6
2598 2643 6
169 1823 6
1346 1800 6
291 1191 6
1485 3912 6
1564 3712 6
1970 2469 6
1416 4218 6
2473 3455 6
1347 3605 6
1705 2493 6
2255 2543 6
3114 3531 6
990 1088 6
850 3721 6
107 2194 6
71 829 6
2036 3220 6
3374 4458 6
1358 1614 6
1128 3235 6
621 1599 6
3382 4085 6
803 4078 6
1591 4938 6
806 2004 6
364 2399 6
3260 4522 6
1681 1936 6
648 4147 6
532 1741 6
1021 1673 6
2263 3146 6
174 4723 6
37 2074 6
3101 3977 6
43 4311 6
1040 1739 6
3212 3479 6
652 1017 6
490 3026 6
613 965 6
901 2083 6
2801 3485 6
406 3051 6
328 412 6
719 3024 6
1234 2757 6
3000 3661 6
4376 4892 6
2934 3721 6
3680 4990 6
2115 3954 6
581 2061 6
1094 2252 6
1408 4394 6
1532 2284 6
440 1978 6
293 2298 6
447 1398 6
31 3016 6
3635 4701 6
322 1989 6
124 2410 6
3282 4329 6
45 2608 6
3477 4604 6
1295 1366 6
2537 4446 6
237 1110 6
2855 4264 6
1059 4658 6
249 1841 6
2083 2192 6
1572 4645 6
915 1566 6
1647 4248 6
113 317 6
60 4487 6
22 89 6
880 1800 6
565 2791 6
212 3350 6
752 1053 6
1196 1907 6
500 4227 6
888 2530 6
3418 4072 6
136 335 6
141 2210 6
996 1758 6
1867 2463 6
2321 3422 6
875 3882 6
3699 4052 6
3696 4837 6
3696 4410 6
2206 2374 6
965 4386 6
1877 4821 6
497 4716 6
403 1712 6
2103 4821 6
1841 3531 7
1902 4202 7
38 2018 7
1865 3771 7
1133 3785 7
277 1340 7
1399 4433 7
1459 2930 7
2456 3005 7
1933 4198 7
122 3185 7
911 1021 7
2638 4843 7
915 1640 7
3957 4711 7
879 3777 7
139 4296 7
3151 3657 7
3978 4538 7
2029 2117 7
1909 2579 7
402 547 7
1364 1956 7
1377 1606 7
907 3112 7
653 3298 7
989 2898 7
1358 4581 7
41 49 7
1383 4305 7
410 3824 7
125 239 7
154 183 7
125 176 7
2437 2680 7
2629 4117 7
332 4472 7
3436 3501 7
3008 3427 7
2839 4426 7
328 555 7
726 2141 7
227 4474 7
1534 3850 7
1210 2054 7
1531 3794 7
1307 4948 7
1631 2980 7
2310 4323 7
335 790 7
1528 2897 7
220 606 7
219 1785 7
218 4510 7
1838 4891 7
748 3019 7
2072 2266 7
699 730 7
309 663 7
1606 2616 7
257 2224 7
1607 3319 7
21 2587 7
1282 3096 7
254 267 7
692 2141 7
2300 2996 7
2348 2704 7
1313 4314 7
702 2826 7
1227 2501 7
2296 4745 7
20 1366 7
23 76 7
323 2396 7
236 2975 7
590 3180 7
1295 3127 7
2709 4733 7
3806 4465 7
802 4656 7
538 669 7
182 4166 7
182 587 7
2116 4160 7
368 2338 7
2720 4071 7
57 3202 7
827 1223 7
2908 4122 7
1491 2706 7
2042 2422 7
3863 4130 7
3363 4107 7
1347 2122 7
2421 4604 7
839 4160 7
989 4892 7
3877 4517 7
199 2458 7
1646 2573 7
1198 3813 7
2808 4011 7
1873 3319 7
2312 4277 7
563 2765 7
1272 4151 7
758 4880 7
1654 3299 7
3750 4253 7
520 4877 7
4328 4625 7
993 4730 7
195 3146 7
3490 4920 7
3794 4626 7
1669 2800 7
796 3470 7
4218 4913 7
360 418 7
1450 4786 7
4818 4949 7
1787 2571 7
3266 3752 7
111 597 7
1427 3510 7
4837 4894 7
930 1537 7
1092 2709 7
3265 4334 7
45 507 7
1995 3737 7
2218 2758 7
4086 4426 7
4354 4707 7
1783 3669 7
461 2787 7
1086 2820 7
1995 2219 7
461 3879 7
980 4399 7
1997 3591 7
2004 4288 7
2191 2403 7
82 553 7
464 2729 7
1052 3475 7
1450 3519 7
1805 2897 7
20 151 8
23 408 8
934 3164 8
2367 2931 8
3782 4541 8
154 321 8
3155 3623 8
324 1831 8
2928 3478 8
90 137 8
9 2051 8
45 624 8
1314 1827 8
1332 1379 8
1415 3477 8
1377 4522 8
950 2091 8
3829 4539 8
1876 4837 8
4123 4773 8
1485 3684 8
3064 4662 8
689 4246 8
789 3528 8
2770 4242 8
27 445 8
690 4711 8
714 2699 8
4193 4465 8
988 1313 8
3827 4178 8
1732 4918 8
2765 4994 8
266 1002 8
43 2396 8
34 83 8
4607 4981 8
3650 4579 8
977 2464 8
3806 4360 8
808 3388 8
68 3322 8
460 1817 8
1126 4770 8
3509 4025 8
2358 3286 8
1624 1640 8
1478 1707 8
1720 4458 8
2867 3320 8
49 657 8
363 1083 8
4213 4326 8
2074 2351 8
32 2709 8
62 296 8
816 991 8
611 4940 8
695 4859 8
711 2927 8
814 927 8
3609 3827 8
152 411 8
4052 4163 8
113 2195 8
3094 4611 8
2072 4286 8
2123 3621 8
3703 4605 8
1127 2474 8
699 1375 8
878 1317 8
933 1213 8
319 1807 8
656 2642 8
1820 4185 8
912 4028 8
1699 3727 8
1020 2334 8
3257 3666 8
1301 2015 8
25 3539 8
410 3230 8
1316 1568 8
311 865 8
4407 4663 8
377 3043 8
727 1995 8
1101 2888 8
3866 4656 8
684 1851 8
1071 4168 8
620 1842 8
1916 3919 8
3748 4647 8
2699 4093 8
4517 4694 8
104 179 8
1930 2181 8
169 266 8
4182 4240 8
1187 1432 8
3279 3884 8
352 3761 8
2623 4464 8
55 4120 8
4513 4621 8
2784 4635 8
285 381 8
619 3575 8
3058 3130 8
474 3308 8
438 2412 8
2476 4136 8
436 466 8
601 3213 8
495 1883 8
3891 4578 8
1603 2577 8
4592 4882 8
1664 3671 8
631 2309 8
4279 4571 8
1696 2091 8
1583 3466 8
523 3367 8
473 815 8
129 1270 8
588 1349 8
716 4955 8
11 163 8
2363 3379 8
442 2711 8
1782 2185 8
1315 4753 8
2811 4616 8
467 1034 8
1946 2877 8
220 1142 9
1535 4971 9
1692 3620 9
204 4379 9
574 3241 9
104 1736 9
2363 4730 9
508 717 9
574 839 9
1150 1554 9
836 2906 9
335 1597 9
724 3228 9
1414 3974 9
832 1540 9
1426 2259 9
3433 3742 9
2265 2488 9
2858 3457 9
1489 4468 9
2080 2651 9
1963 2718 9
3347 4843 9
2427 4767 9
3845 4248 9
3001 3912 9
938 1715 9
1268 3131 9
989 4798 9
2595 4034 9
1220 4336 9
581 4993 9
2293 3746 9
3265 3715 9
27 2585 9
1944 4321 9
330 4053 9
518 1993 9
2438 2600 9
3911 4551 9
3432 4712 9
1945 3735 9
1064 2297 9
2902 3796 9
844 3644 9
1128 3507 9
2505 4615 9
670 3929 9
2031 2636 9
178 2189 9
10 1457 9
64 3611 9
2107 4147 9
717 1770 9
2033 2473 9
1379 3473 9
1519 2938 9
3174 4504 9
3755 4765 9
490 1213 9
1072 3062 9
83 4122 9
903 2138 9
1023 2781 9
1282 4414 9
1271 2823 9
2004 2730 9
131 712 9
2589 3293 9
1896 2606 9
924 3753 9
4192 4510 9
1666 4921 9
4493 4614 9
2013 3254 9
3395 4310 9
2316 3940 9
134 471 9
1313 4742 9
1472 1773 9
980 3694 9
3787 4923 9
1088 2534 9
290 3100 9
608 2194 9
668 1345 9
1752 2623 9
3742 4394 9
650 1022 9
207 642 9
203 3783 9
2458 4476 9
477 3595 9
761 2768 9
2101 2290 9
4405 4950 9
1280 2652 9
2030 3044 9
559 1907 9
1857 4485 9
668 3937 9
3748 4212 9
605 3290 9
2111 2940 9
2930 3996 9
2380 4589 9
1957 2597 9
2384 4403 9
2630 3011 9
488 2769 9
882 1711 9
1203 4854 9
98 944 9
3201 3262 9
948 4481 9
360 4552 9
1981 3972 9
993 2343 9
3022 4250 9
4121 4570 9
1561 3870 9
4303 4777 9
139 1015 9
139 300 9
571 2547 9
1204 2386 9
695 4917 9
2349 2624 9
358 1000 9
570 2243 9
321 4965 9
1982 2904 9
2748 3681 9
51 914 9
17 1451 9
3245 4231 9
4304 4459 9
1065 2584 9
3213 4054 10
801 2102 10
360 4449 10
757 3909 10
435 2108 10
3054 4334 10
1336 4715 10
348 2490 10
437 2601 10
3108 3406 10
346 349 10
831 3635 10
808 1896 10
3110 3165 10
2372 3697 10
361 2575 10
583 2262 10
34 51 10
1575 3918 10
3697 4674 10
1320 4516 10
2289 4663 10
4334 4376 10
205 232 10
1838 2941 10
1590 4954 10
2071 3921 10
70 3627 10
2060 3877 10
2390 4987 10
3714 4470 10
1177 3784 10
174 221 10
2725 2798 10
333 3157 10
190 1170 10
52 955 10
787 2667 10
1333 3195 10
1952 2723 10
576 839 10
2595 4285 10
2814 3142 10
1175 1483 10
171 3052 10
337 1255 10
2910 3196 10
4092 4355 10
2518 3249 10
1503 3349 10
2311 3731 10
797 1751 10
2459 2565 10
1271 4542 10
2267 3361 10
779 1843 10
196 4724 10
4623 4877 10
2386 3579 10
782 3234 10
546 1095 10
189 1515 10
2288 3599 10
266 1622 10
1427 2553 10
1240 4642 10
439 3688 10
933 2383 10
2937 3005 10
1427 4301 10
2636 3048 10
2242 2802 10
390 4622 10
1830 4209 10
3244 3679 10
385 4310 10
1537 4824 10
904 3417 10
2515 3691 10
1600 2821 10
2567 4506 10
854 1511 10
1613 2975 10
871 2497 10
1048 2934 10
4670 4878 10
630 2320 10
113 4497 10
865 3081 10
1294 2911 10
4240 4808 10
265 1115 10
149 4115 10
3981 4606 10
86 4732 10
3919 4238 10
2569 3858 10
411 802 10
689 3953 10
114 1567 10
20 619 10
2977 4278 10
1732 2631 10
979 3260 10
1736 1899 10
1627 3934 10
1937 4511 10
3464 3785 10
929 4859 10
1867 3164 10
697 2502 10
4863 4977 10
108 1863 10
414 1990 10
22 1790 10
4242 4379 10
2692 3843 10
118 1585 10
4133 4311 10
3191 4131 10
2038 4520 10
2465 4018 10
1938 2488 10
1051 2521 10
77 3705 10
660 969 10
1368 1729 10
232 2576 10
837 1420 10
720 1349 10
1257 1945 10
2015 2932 10
929 1069 10
1573 2322 10
1955 1989 10
2034 2368 10
1081 2201 10
2454 3395 10
2325 4907 10
2624 2735 10
4486 4878 10
71 1462 10
1890 4959 10
399 3102 11
2944 3688 11
1615 1792 11
2027 4152 11
1725 3456 11
2154 4004 11
3076 4532 11
2927 4820 11
2299 3213 11
544 4601 11
687 1772 11
279 939 11
265 2626 11
928 4492 11
1437 2899 11
2465 3439 11
1522 3290 11
962 1805 11
13 1005 11
746 4141 11
1474 3352 11
214 382 11
769 3875 11
2460 3194 11
210 3024 11
1517 4021 11
92 2575 11
772 4080 11
47 1038 11
2564 3500 11
481 3578 11
1555 1805 11
345 1191 11
679 3885 11
125 142 11
1023 3812 11
1265 3415 11
1036 2110 11
343 1866 11
2544 3601 11
415 950 11
607 4239 11
477 1897 11
3743 4216 11
678 866 11
1441 1570 11
901 3883 11
1864 2501 11
1376 2583 11
665 4325 11
895 1035 11
637 1264 11
1455 4913 11
405 1367 11
721 832 11
1609 2485 11
604 1651 11
341 3399 11
419 4812 11
4097 4981 11
1607 4208 11
2217 2380 11
684 3398 11
556 814 11
2889 3109 11
1242 2373 11
1607 2805 11
1005 1093 11
410 4598 11
1849 2910 11
2683 4994 11
1952 3469 11
3683 3908 11
528 1415 11
24 803 11
71 3327 11
2476 4617 11
519 4481 11
238 804 11
2825 4771 11
150 4195 11
2076 4241 11
826 3756 11
1715 2326 11
3441 4278 11
3879 4635 11
946 2754 11
4073 4849 11
111 1149 11
582 4874 11
845 1073 11
1496 4695 11
2680 3134 11
155 3993 11
1424 4092 11
155 3425 11
1221 2177 11
1853 2823 11
854 2296 11
515 1071 11
529 4044 11
377 1958 11
1425 4018 11
2284 3496 11
277 1559 11
273 4406 11
227 2967 11
3655 3812 11
3495 3945 11
1627 4403 11
735 4819 11
1213 2715 11
649 1026 11
1568 2217 11
460 779 11
165 1526 11
0 2151 11
437 1253 11
89 94 11
23 456 11
1336 4894 11
64 249 11
144 2253 11
2600 2985 11
873 1037 11
1 524 11
1476 4884 11
2028 3378 11
2309 4673 11
671 2550 11
504 684 11
1348 3709 11
3263 4743 11
2531 2711 11
1984 2445 11
3930 4488 11
3931 4480 11
1676 4902 11
3811 4206 11
103 4163 11
1969 3874 11
595 1607 11
1646 3233 12
584 1228 12
1948 4562 12
1997 3415 12
676 3414 12
675 3542 12
1648 4598 12
3678 4719 12
1060 4769 12
2287 3064 12
263 2996 12
3435 4078 12
584 4943 12
678 3696 12
1849 4330 12
228 4448 12
572 1256 12
2882 4552 12
691 1416 12
1997 3521 12
316 4518 12
691 2813 12
3450 3963 12
2074 2421 12
1236 2937 12
1621 3355 12
979 1410 12
974 1931 12
596 943 12
2112 4644 12
3631 4007 12
1436 3570 12
1203 1461 12
1944 3323 12
1797 4249 12
1311 2823 12
1247 2434 12
596 2767 12
2368 4225 12
3015 4081 12
225 3062 12
3590 4072 12
2307 3574 12
437 4064 12
2374 3247 12
224 1023 12
712 928 12
1284 1969 12
575 3719 12
3690 4535 12
324 894 12
689 721 12
315 2292 12
1921 2200 12
1849 2768 12
269 297 12
3652 4395 12
1823 2112 12
1956 4653 12
160 2973 12
2232 2716 12
660 883 12
2523 3421 12
137 2457 12
158 4601 12
2460 4646 12
1501 4793 12
380 1577 12
536 4489 12
2252 4739 12
1132 1607 12
384 867 12
3340 4952 12
3293 4446 12
998 3835 12
1573 3424 12
68 4696 12
1113 1275 12
1102 4603 12
9 1406 12
3076 4285 12
513 3512 12
795 3371 12
485 1132 12
46 882 12
2389 4931 12
1355 3971 12
357 3472 12
43 119 12
1900 3070 12
471 1528 12
895 1721 12
1768 3640 12
827 3479 12
2160 2624 12
7 64 12
2449 4058 12
131 3735 12
927 1570 12
821 3511 12
374 1589 12
836 1064 12
1756 4360 12
1490 4834 12
399 3003 12
839 4136 12
162 4576 12
498 2053 12
1590 2140 12
3825 4221 12
1685 2235 12
1270 3206 12
101 2447 12
3505 4394 12
532 3441 12
1155 3002 12
3098 3248 12
1500 2447 12
12 182 12
1095 4242 12
865 3204 12
1719 4199 12
2527 4291 12
766 3644 12
1117 2806 12
1514 2781 12
1181 4162 12
1394 2574 12
1399 3623 12
303 1188 12
196 2473 12
1094 3993 12
96 1837 12
2003 4104 12
279 1264 12
3257 3282 12
2562 3024 12
1027 4283 12
2670 4286 12
4405 4634 12
201 674 12
4039 4857 12
2245 2387 12
3336 4959 12
302 1208 12
391 3346 12
140 4789 12
2029 2235 12
122 129 12
1777 2233 12
245 1001 13
247 318 13
1717 4504 13
86 166 13
1369 4824 13
252 1126 13
63 1523 13
466 3202 13
1122 3322 13
391 858 13
2657 3503 13
2298 3775 13
2660 2875 13
4054 4894 13
1559 1777 13
1287 4804 13
1109 2987 13
1535 3489 13
1369 3821 13
265 3992 13
1010 1105 13
242 1500 13
451 773 13
374 415 13
2988 3462 13
2599 3420 13
3333 4929 13
2666 3207 13
835 4648 13
1715 3962 13
3141 3907 13
153 1243 13
514 3470 13
1469 1546 13
148 1627 13
591 4908 13
2444 3305 13
2083 4072 13
317 1318 13
1126 2722 13
709 4622 13
3962 4272 13
4061 4625 13
1726 3077 13
138 3240 13
2096 3614 13
2246 3912 13
1482 3915 13
108 143 13
939 2037 13
1275 4106 13
1219 4373 13
250 1308 13
88 3224 13
467 489 13
3447 3921 13
1887 2454 13
2447 4867 13
1351 2784 13
1486 3260 13
155 4588 13
16 2362 13
1958 4872 13
978 3967 13
1223 2280 13
2127 4936 13
1164 1227 13
337 1174 13
287 1632 13
1168 2335 13
1103 1750 13
1385 2392 13
1899 2197 13
2578 3642 13
37 966 13
12 3187 13
1774 3243 13
1013 1839 13
3700 4435 13
1338 1520 13
17 28 13
4226 4343 13
4009 4294 13
1261 2818 13
1608 2838 13
1608 3902 13
3584 4020 13
309 2660 13
2271 4951 13
1053 1985 13
1418 4528 13
1596 2945 13
961 1204 13
2769 3542 13
1249 2668 13
457 3191 13
1074 4259 13
910 4196 13
261 2125 13
1246 1267 13
1884 3928 13
2183 2983 13
37 576 13
1849 3615 13
1265 4315 13
3835 4874 13
343 3214 13
733 770 13
4519 4820 13
70 1582 13
1562 4134 13
2047 2485 13
3740 4078 13
817 3558 13
2517 4677 13
2365 3053 13
823 1187 13
2159 4084 13
896 4357 13
330 1843 13
67 170 13
132 4322 13
2313 4910 13
525 1612 13
1441 2658 13
2579 2775 13
618 2232 13
2 2780 13
1500 3786 13
435 464 13
4611 4837 13
668 1799 13
54 631 13
1650 2077 13
580 2724 13
1838 2632 13
2048 4614 13
1841 2503 13
1339 3910 13
877 4512 14
1724 4724 14
278 3687 14
4037 4762 14
3613 3909 14
1751 4909 14
3564 4564 14
3476 4501 14
1228 2072 14
1549 3274 14
30 620 14
650 3689 14
2500 3379 14
3272 3754 14
3166 4917 14
1023 1292 14
1237 2160 14
923 2016 14
2020 4379 14
1878 3677 14
130 367 14
2345 4230 14
115 1904 14
3499 4887 14
3560 3609 14
2642 4425 14
3462 3668 14
1765 2270 14
251 1646 14
3980 4857 14
893 2663 14
1278 4130 14
413 2903 14
2341 4439 14
284 627 14
1035 4282 14
1556 3130 14
1748 2202 14
2552 4108 14
2349 3921 14
917 2932 14
916 3130 14
635 1129 14
249 997 14
1008 4972 14
126 837 14
1090 2790 14
7 4043 14
1241 2874 14
3374 4625 14
3707 4677 14
2394 2449 14
3024 3388 14
741 3146 14
1673 3760 14
1203 1886 14
1166 1358 14
3383 3859 14
1675 3293 14
536 4927 14
2281 3455 14
2486 4574 14
50 4234 14
663 4787 14
4123 4383 14
1016 4774 14
738 3223 14
4355 4799 14
735 3119 14
2048 2177 14
700 4629 14
23 855 14
54 838 14
969 1355 14
2948 4252 14
2597 3573 14
45 161 14
455 4453 14
2276 3880 14
2787 4087 14
2376 2533 14
1007 2274 14
2148 4535 14
769 3588 14
2577 4468 14
67 599 14
4558 4859 14
1873 2618 14
755 2269 14
1197 2437 14
2206 3238 14
175 1288 14
4590 4597 14
2587 2681 14
1776 4249 14
3764 4443 14
950 1098 14
785 1455 14
356 4356 14
614 2586 14
3387 4415 14
1262 4503 14
1668 3082 14
190 4421 14
359 494 14
277 3902 14
2469 3027 14
971 2522 14
972 1252 14
972 4153 14
33 210 14
3906 4207 14
2031 3928 14
864 1377 14
2085 3853 14
508 4967 14
709 1177 14
1225 1436 14
240 1050 14
3334 4870 14
1223 2783 14
1830 2212 14
932 4720 14
32 991 14
3454 3830 14
931 2272 14
391 1028 14
1124 3166 14
2663 4039 14
1057 3575 14
1256 3498 14
278 1008 14
629 2968 14
522 4328 14
4081 4842 14
2207 4940 14
1424 2049 14
525 626 14
2008 2770 14
1690 4234 14
2416 4968 14
832 3994 14
1252 1425 14
1078 4587 14
297 534 14
4078 4817 14
1147 1968 14
4545 4874 14
2602 3215 14
106 2867 14
88 442 14
2550 3476 14
3435 4649 14
1700 3569 14
283 3675 15
3487 4574 15
2897 3223 15
1273 2844 15
637 2610 15
804 2259 15
1598 4043 15
2315 4086 15
611 3989 15
2928 4435 15
2114 2149 15
2931 4087 15
2925 3715 15
277 3268 15
2117 3648 15
3548 4255 15
1599 3046 15
273 3006 15
2920 3274 15
1578 1731 15
3493 3725 15
3491 4790 15
40 2559 15
1722 2258 15
1122 1447 15
144 338 15
143 4365 15
1366 1671 15
1366 1709 15
397 1871 15
1475 1780 15
2669 4651 15
2649 4548 15
1730 4037 15
497 3040 15
2229 3935 15
3166 3935 15
492 1659 15
491 3655 15
521 1624 15
992 3058 15
12 1212 15
177 510 15
176 3270 15
3824 4961 15
820 2721 15
1345 3865 15
3111 4258 15
900 2963 15
157 1973 15
3118 3393 15
514 2771 15
150 220 15
509 2675 15
2242 4797 15
147 1715 15
3228 4429 15
109 2711 15
935 2131 15
106 2409 15
3 87 15
4089 4121 15
2592 3363 15
1918 3232 15
3221 4307 15
3203 3596 15
2575 3515 15
1785 2924 15
454 2689 15
964 3967 15
1996 2143 15
2513 4948 15
983 2540 15
1244 3956 15
2211 4749 15
110 3881 15
420 688 15
1409 4298 15
1406 2536 15
77 1856 15
1754 2810 15
3193 4851 15
118 4066 15
1399 4975 15
912 2553 15
2222 3251 15
3180 4810 15
124 1732 15
903 2226 15
234 2560 15
554 3900 15
351 971 15
198 540 15
1654 3245 15
3727 3902 15
210 1960 15
1201 1860 15
3419 4425 15
53 745 15
53 4190 15
1634 2850 15
3670 3865 15
2843 3167 15
1297 3361 15
3029 4570 15
1629 2968 15
325 1473 15
2858 4204 15
2127 3377 15
1292 4458 15
245 2084 15
1290 2293 15
1549 3969 15
250 2213 15
692 699 15
1834 4075 15
600 3904 15
1606 4771 15
2892 4764 15
51 452 15
2754 4749 15
2776 3403 15
797 3021 15
1673 2966 15
800 2020 15
550 1109 15
184 2356 15
3812 4570 15
2984 3611 16
2879 4304 16
1429 2118 16
3192 4333 16
2218 4275 16
1346 1876 16
2308 2568 16
3102 4616 16
370 3987 16
2262 4794 16
1859 1957 16
1293 3876 16
468 3681 16
2265 2620 16
1559 1798 16
530 2452 16
368 471 16
1414 2216 16
596 4789 16
3353 4730 16
1949 4643 16
461 2795 16
3087 3847 16
1419 2499 16
1341 4397 16
1861 4090 16
2193 4320 16
2300 4272 16
315 3234 16
1277 3757 16
3041 4023 16
1376 3092 16
1471 3639 16
3412 3529 16
36 2326 16
1317 2504 16
563 905 16
2235 3576 16
3040 4127 16
295 675 16
504 1587 16
1004 1499 16
513 2025 16
348 1580 16
2275 2704 16
1329 3247 16
1364 3825 16
36 1799 16
3296 3701 16
2940 3511 16
575 834 16
482 1052 16
3388 3565 16
38 63 16
1041 3274 16
305 3377 16
407 1726 16
1490 1672 16
38 226 16
1334 3986 16
2278 4887 16
493 967 16
3169 3997 16
622 1121 16
1315 1557 16
3414 3524 16
740 2136 16
143 3524 16
1121 2607 16
3943 4699 16
1124 1222 16
2029 3834 16
868 2829 16
102 1668 16
1804 4807 16
4174 4179 16
1637 1917 16
100 4427 16
148 2168 16
2074 4479 16
220 3476 16
3948 4205 16
986 2653 16
2818 3247 16
4166 4513 16
270 3323 16
3547 4983 16
1707 2285 16
3895 4244 16
4258 4760 16
662 4080 16
1198 4345 16
1197 4341 16
158 1226 16
840 2855 16
2797 3904 16
256 839 16
694 1228 16
2350 4518 16
691 1620 16
690 3878 16
689 1815 16
2017 2562 16
2885 4328 16
705 2437 16
1023 3187 16
706 2773 16
3635 4796 16
241 2283 16
1827 3293 16
2451 3161 16
801 1386 16
131 271 16
4728 4973 16
3988 4609 16
1887 2140 16
258 3563 16
4714 4727 16
3663 4379 16
7 4555 16
2442 3725 16
2617 4537 16
678 1326 16
1088 1238 16
262 1814 16
1175 3082 16
172 4003 16
814 3203 16
2402 3302 16
2915 3734 16
2783 3847 16
200 1226 16
2404 3743 16
2739 4072 16
92 154 16
772 4143 16
823 4445 16
2324 3032 16
3821 4310 16
825 1696 16
198 1561 16
90 252 16
2385 2825 16
2505 4776 16
997 2496 16
202 4741 16
2772 3494 16
802 886 16
1251 4215 16
1655 2076 16
1802 1901 16
2768 3317 17
2363 3950 17
531 4105 17
1684 4156 17
3008 3458 17
325 380 17
2638 2870 17
404 520 17
1219 4378 17
896 2119 17
3667 4794 17
1115 1246 17
548 2845 17
401 3693 17
2639 4736 17
2086 4355 17
4624 4789 17
129 673 17
2184 2195 17
317 2406 17
3658 4575 17
1292 2810 17
487 721 17
3385 3628 17
544 1767 17
126 219 17
1036 4971 17
995 3548 17
705 1233 17
3077 3419 17
2729 3533 17
1942 2081 17
1337 4135 17
322 2231 17
901 1124 17
20 805 17
1962 3138 17
791 2920 17
1986 1994 17
192 2824 17
1467 1491 17
75 341 17
1335 3016 17
767 1916 17
3906 4622 17
2415 4097 17
516 4676 17
384 888 17
154 2501 17
2042 3679 17
201 2053 17
1351 3642 17
3118 4516 17
1512 1689 17
2034 3238 17
2163 4570 17
830 1729 17
565 1488 17
1134 1915 17
2810 3079 17
1017 3954 17
850 1309 17
3115 4588 17
3037 3287 17
3345 4664 17
210 2092 17
1196 4280 17
2547 2670 17
1698 2141 17
2829 4200 17
230 1559 17
229 4712 17
1499 1903 17
329 658 17
2835 3127 17
1154 3944 17
531 1746 17
3328 4095 17
3100 3320 17
227 1071 17
1534 2352 17
2176 4660 17
2235 4916 17
554 1305 17
145 4145 17
783 2436 17
4680 4973 17
224 2046 17
224 1461 17
526 3165 17
1637 3656 17
350 920 17
1715 4997 17
3846 4387 17
3139 3322 17
681 1426 17
626 3962 17
2314 3017 17
92 136 17
260 273 17
1067 3798 17
1026 3247 17
278 1813 17
1280 3259 17
43 68 17
1067 4011 17
966 4085 17
969 3160 17
1753 2421 17
1808 3549 17
1570 4561 17
2622 3012 17
650 4951 17
1397 1757 17
266 1314 17
2903 3794 17
614 3754 17
3549 3823 17
269 808 17
99 2919 17
103 3332 17
1417 4326 17
22 4091 17
25 47 17
459 4118 17
1767 3056 17
2535 4856 17
300 3140 17
2483 2886 17
1563 4356 17
471 3401 17
2616 3628 17
86 728 17
2626 3296 17
647 1643 17
1946 4863 17
2300 2573 17
1053 4651 17
250 1152 17
910 3676 17
1460 3089 17
1928 2245 17
1427 2256 17
1884 3987 17
1610 4121 17
1426 2587 17
253 4717 17
2569 2731 17
1043 4379 17
458 1116 18
1706 2032 18
2112 3408 18
2742 3944 18
382 766 18
25 1587 18
662 4254 18
194 1691 18
2207 3194 18
2589 4540 18
283 3168 18
638 2735 18
2406 4649 18
66 513 18
95 4180 18
849 1520 18
3346 4203 18
52 4417 18
2803 2921 18
4561 4959 18
1580 2476 18
1201 2915 18
863 1911 18
862 3660 18
336 2127 18
4214 4328 18
46 3743 18
2269 3692 18
1868 2639 18
336 4742 18
3419 4463 18
1673 3683 18
384 1253 18
2191 2405 18
1522 3627 18
517 738 18
947 4256 18
2770 2891 18
1169 1245 18
2141 3771 18
4396 4452 18
3101 4834 18
2917 3820 18
2567 3798 18
3505 4905 18
976 1769 18
337 798 18
1185 3968 18
3525 4723 18
975 1389 18
169 2425 18
629 3719 18
963 4839 18
90 419 18
1662 3631 18
2389 2712 18
781 1486 18
371 3275 18
3060 4938 18
3252 4647 18
67 2684 18
2061 4101 18
2706 3032 18
522 1190 18
66 2609 18
1589 2460 18
283 2527 18
1687 4474 18
2402 4888 18
276 630 18
164 4903 18
1427 2410 18
2064 3075 18
275 3141 18
546 1778 18
3746 3921 18
191 4101 18
3075 4207 18
2708 3930 18
2202 2493 18
374 559 18
1149 1812 18
3090 3667 18
687 3602 18
1085 3196 18
1609 3815 18
142 2890 18
912 1716 18
1241 1686 18
4230 4890 18
3186 3665 18
142 4367 18
2975 4299 18
594 730 18
1384 2224 18
911 2108 18
48 1161 18
1740 4841 18
3146 4927 18
3205 4090 18
1097 3604 18
1915 4967 18
467 712 18
3956 4517 18
1383 1568 18
2960 3013 18
3154 4595 18
1632 1813 18
255 3083 18
2341 4531 18
1245 3789 18
879 3621 18
1294 3322 18
1293 1332 18
1911 3901 18
474 998 18
878 4880 18
400 2613 18
2837 4758 18
473 1779 18
1625 1928 18
1855 2314 18
1723 2476 18
2855 3371 18
3305 4765 18
235 4599 18
305 3336 18
3615 4759 18
1208 3702 18
319 881 18
1808 4186 18
3141 4272 18
488 3140 18
2996 3699 18
697 3019 18
311 819 18
426 4812 18
3212 3696 18
738 4209 18
1854 2915 18
1637 4610 18
604 1884 18
106 197 18
1741 3543 18
2671 2844 18
2995 3779 18
2829 4970 18
236 2341 18
690 881 18
2365 3817 18
265 1188 18
1606 1687 18
940 4450 18
408 2497 18
1125 3141 18
2523 3604 18
987 2799 18
2483 3866 19
438 3855 19
915 981 19
1343 1569 19
531 816 19
2493 2800 19
2408 2880 19
823 1891 19
1163 3215 19
1431 3372 19
1747 3919 19
1389 2627 19
983 1291 19
48 231 19
487 672 19
125 522 19
3175 4436 19
982 2145 19
803 1895 19
1994 4167 19
364 1326 19
535 4674 19
1159 3821 19
1385 4119 19
4011 4831 19
70 917 19
130 1488 19
3272 4360 19
816 1837 19
1009 4297 19
957 1195 19
1488 2862 19
2684 2889 19
3225 3927 19
955 3999 19
3344 3806 19
4386 4924 19
1813 3808 19
430 1990 19
1350 3644 19
1954 3686 19
2678 3812 19
1416 3804 19
1029 1164 19
456 3839 19
425 1767 19
3258 3533 19
947 2913 19
1484 4538 19
3335 4909 19
3213 4577 19
856 4067 19
124 364 19
2248 2964 19
1355 3125 19
1713 1795 19
8 3835 19
510 2174 19
879 1399 19
4129 4320 19
76 3957 19
1106 3184 19
476 3851 19
639 892 19
1493 1834 19
2548 2762 19
1065 4832 19
3982 4332 19
1983 4191 19
893 3452 19
2648 2889 19
501 1949 19
117 703 19
87 4566 19
1148 2592 19
876 4777 19
50 401 19
926 2774 19
113 4338 19
2574 2638 19
1083 1359 19
0 9 19
3149 3774 19
78 197 19
1069 1261 19
94 885 19
1439 2017 19
18 323 19
4319 4870 19
341 4051 19
213 458 19
2909 3182 19
2105 3708 19
2816 3748 19
1201 4075 19
3700 4575 19
59 483 19
739 1529 19
1951 3258 19
2138 4215 19
269 343 19
1638 1961 19
3485 3659 19
2339 3248 19
344 3319 19
1895 4302 19
3752 4086 19
1185 1981 19
2150 2994 19
276 3180 19
558 1014 19
1511 4175 19
625 3629 19
576 1135 19
3049 4454 19
1269 2543 19
2797 2802 19
1250 4718 19
273 4177 19
2556 3114 19
1647 2365 19
686 954 19
1627 3650 19
707 2888 19
1225 3472 19
1844 3020 19
2353 3069 19
682 2412 19
1974 2978 19
311 1974 19
2534 3594 19
2122 2696 19
2976 3067 19
1000 4122 19
2884 3142 19
3620 4872 19
21 424 19
3461 3751 19
2113 3951 19
591 3849 19
590 1994 19
1037 1867 19
186 3014 19
1558 4071 19
231 3070 19
1633 3065 19
3679 4128 19
3683 3730 19
330 3737 19
734 1203 19
331 3509 19
612 2615 19
267 1749 19
779 866 19
1503 2962 19
3067 3786 19
552 737 19
194 2858 19
358 2279 19
2923 3854 19
1176 3707 19
796 1012 19
2392 2811 19
3770 4764 19
292 4539 19
630 3314 19
4220 4418 19
1505 2875 19
286 1241 19
1871 2365 19
650 4629 19
547 3953 19
28 145 19
145 2527 20
932 1506 20
74 106 20
420 1874 20
872 4731 20
2082 3291 20
1473 4971 20
2155 4861 20
262 453 20
2892 4185 20
110 1167 20
3572 4731 20
472 2668 20
3250 3478 20
1297 2420 20
4117 4398 20
1108 2403 20
1581 2416 20
588 3860 20
923 2935 20
1557 3403 20
3265 3573 20
329 4912 20
2833 3506 20
3376 4514 20
1120 4305 20
1264 2819 20
2838 3881 20
731 2327 20
3815 3845 20
1016 1579 20
110 1879 20
2830 3905 20
718 3344 20
232 3520 20
880 4677 20
1306 3693 20
4713 4729 20
2233 4100 20
4062 4786 20
1001 2909 20
2340 3162 20
3284 3511 20
490 2152 20
2868 4222 20
1095 1939 20
1799 2335 20
2092 3228 20
119 4765 20
1910 2299 20
2872 4534 20
2094 2876 20
911 3994 20
637 4932 20
2634 3907 20
315 2170 20
3081 4292 20
1670 3028 20
2750 4529 20
689 4139 20
1744 2367 20
316 1263 20
482 1530 20
123 2615 20
412 1859 20
41 4454 20
920 2030 20
2997 4307 20
403 2964 20
2852 4454 20
2294 3791 20
1027 4099 20
1603 3319 20
1988 2078 20
3655 3844 20
49 101 20
636 704 20
85 1628 20
2390 4026 20
2971 3648 20
2618 4299 20
4538 4899 20
918 3529 20
3473 4059 20
4004 4202 20
2738 3228 20
491 2607 20
257 3174 20
32 503 20
2279 3472 20
1706 1858 20
1490 3549 20
1199 3300 20
1893 4175 20
3547 4114 20
1313 1339 20
1951 4599 20
949 1075 20
3895 4590 20
214 2862 20
654 1012 20
551 2692 20
1708 3455 20
2541 2561 20
1821 2183 20
1883 3151 20
1438 3776 20
460 2759 20
3529 3986 20
4409 4979 20
1700 2294 20
839 3267 20
760 2403 20
273 2304 20
1902 2175 20
3737 4241 20
1348 1403 20
208 2582 20
4359 4926 20
991 2542 20
2475 3393 20
2037 3485 20
1698 3051 20
2722 4126 20
375 3377 20
1017 3017 20
212 1238 20
3767 3914 20
566 1489 20
1156 2727 20
1568 1976 20
3337 4726 20
1510 1785 20
269 4384 20
824 2010 20
2388 3617 20
633 2239 20
1811 1944 20
277 775 20
1419 4618 20
1642 3765 20
3928 4503 20
670 1016 20
1206 4524 20
171 261 20
3095 3493 20
2161 2946 20
1256 2444 20
464 4222 20
2962 3120 20
2551 2840 20
57 1857 20
1710 4963 20
46 1809 20
2031 4036 20
771 835 20
666 1552 20
1259 4448 20
15 4235 20
4116 4547 20
87 3226 20
549 2660 20
1100 1578 21
0 1616 21
2115 4473 21
2306 4620 21
280 443 21
649 853 21
2205 2214 21
2100 3308 21
61 229 21
691 2323 21
286 668 21
2307 3497 21
2930 3361 21
2968 4593 21
270 3143 21
4090 4858 21
2119 2587 21
1947 2943 21
2592 4462 21
1974 2318 21
1246 2914 21
1766 3330 21
100 839 21
4077 4999 21
1886 4914 21
674 2841 21
1580 4763 21
4083 4171 21
1247 2170 21
1055 1364 21
4796 4961 21
1250 3793 21
3222 4888 21
3525 4057 21
1995 4541 21
2561 4284 21
2588 3497 21
1605 3018 21
2338 4155 21
5 11 21
115 2608 21
2014 2497 21
2462 3709 21
2614 3452 21
621 765 21
2104 3939 21
1087 2520 21
1950 3398 21
3933 4328 21
1876 3805 21
146 192 21
1208 4800 21
1001 3111 21
3063 4695 21
1635 4857 21
727 4636 21
821 1546 21
1496 3103 21
2412 4135 21
1496 3463 21
530 546 21
1877 3668 21
817 3004 21
1474 3522 21
1370 4516 21
1730 3841 21
1631 4444 21
3156 4260 21
551 2039 21
234 732 21
858 2275 21
2426 3479 21
2425 4007 21
1644 2602 21
750 4094 21
213 1815 21
382 4276 21
4549 4754 21
856 2874 21
327 1383 21
2786 3935 21
3127 4804 21
1310 2095 21
2707 3288 21
2708 3243 21
1638 3871 21
3405 3724 21
1205 4182 21
1185 4879 21
4227 4291 21
3929 4877 21
362 3669 21
3639 4479 21
490 4744 21
3633 4418 21
3171 4077 21
355 2215 21
127 331 21
126 4984 21
1163 2739 21
488 3606 21
1462 4149 21
2125 4035 21
1742 2564 21
1100 4493 21
1743 3499 21
486 3576 21
2981 3141 21
1289 3477 21
47 3968 21
2506 3225 21
1630 4629 21
1733 3964 21
2764 4160 21
2227 4669 21
192 3113 21
1735 3752 21
2643 4268 21
3159 4644 21
1736 4123 21
2644 4724 21
366 2751 21
560 3688 22
649 3373 22
837 936 22
1171 1795 22
2581 4669 22
2322 4365 22
2424 3421 22
1070 1568 22
623 2005 22
1168 3111 22
4404 4940 22
1062 4308 22
2324 3828 22
2920 4635 22
1328 4218 22
792 2362 22
808 2488 22
823 3306 22
3063 3631 22
806 2914 22
2706 4978 22
2384 2842 22
2714 4920 22
3243 3932 22
1886 4691 22
1157 2613 22
2257 4423 22
2282 4081 22
900 1101 22
937 4890 22
878 2196 22
717 1636 22
1112 1132 22
1085 4549 22
2612 2799 22
2464 4630 22
3157 3253 22
1107 2555 22
2850 4276 22
899 4453 22
876 1475 22
2857 3451 22
2866 3301 22
904 3003 22
2452 2782 22
2307 2637 22
2871 4309 22
906 2082 22
21 2447 22
1230 2436 22
907 2374 22
1233 1279 22
82 2183 22
909 1166 22
1071 2793 22
1138 2034 22
1071 3434 22
755 3548 22
1198 4163 22
853 4361 22
460 701 22
2818 3288 22
2675 4947 22
1203 3538 22
572 2459 22
2246 3534 22
574 3135 22
2547 2660 22
908 947 22
1417 1437 22
1 3 22
1361 3860 22
575 1494 22
2826 4340 22
1307 1965 22
2828 4299 22
1122 3808 22
2210 4158 22
3206 4483 22
1461 3769 22
2118 3833 22
3733 3961 22
3544 4428 22
1032 3241 22
1518 2221 22
1611 2208 22
2106 3914 22
3595 4096 22
304 2332 22
4159 4561 22
1611 3906 22
3966 4485 22
1588 3742 22
2127 3759 22
435 2449 22
1825 2736 22
1522 4536 22
301 4982 22
1467 3462 22
4337 4812 22
1979 4127 22
1457 2364 22
259 485 22
419 2951 22
354 4400 22
2177 3250 22
127 4366 22
52 3003 22
2519 2562 22
264 1628 22
114 4598 22
307 3074 22
1569 4370 22
415 1592 22
2184 2989 22
426 535 22
114 586 22
3677 4987 22
4038 4792 22
1559 3534 22
1528 4538 22
377 1832 22
1529 3780 22
1491 3347 22
1734 1844 22
3772 4181 22
1705 4948 22
1736 2397 22
1575 1928 22
396 2858 22
105 225 22
1990 2785 22
1765 4411 22
375 795 22
1621 2654 22
2060 2563 22
2130 4346 22
3982 4264 22
211 3085 22
112 767 22
373 1087 22
291 3366 22
2510 3781 23
647 2914 23
1572 2680 23
123 3970 23
360 4986 23
1489 1652 23
208 638 23
850 964 23
1645 4907 23
1704 2687 23
3553 4952 23
3550 4009 23
2494 4485 23
1091 1246 23
4662 4988 23
2438 3616 23
65 355 23
2114 2403 23
120 2423 23
978 1372 23
2504 3708 23
1505 3366 23
501 3288 23
298 1358 23
2532 4249 23
1998 2308 23
310 843 23
643 2234 23
1986 2932 23
1503 3852 23
2463 4840 23
1401 2738 23
1123 4742 23
2267 4387 23
608 775 23
308 3852 23
1869 1873 23
830 3255 23
1962 2716 23
1463 3552 23
862 1853 23
172 3917 23
126 1380 23
492 497 23
226 314 23
126 861 23
2324 2807 23
405 2912 23
2831 4803 23
1014 3169 23
496 1862 23
1382 3162 23
3701 4565 23
856 3568 23
2453 2807 23
3720 4016 23
735 4682 23
5 4054 23
1151 3802 23
1637 2134 23
628 1327 23
57 307 23
1993 2755 23
4758 4938 23
72 3124 23
148 937 23
413 3192 23
176 3292 23
2073 3932 23
665 2710 23
4033 4948 23
867 1439 23
2074 4707 23
758 1560 23
222 4296 23
617 923 23
2259 3349 23
1250 3947 23
519 3126 23
1059 1487 23
863 1773 23
863 911 23
188 809 23
3226 4708 23
340 2533 23
1056 2771 23
1042 2055 23
949 2525 23
341 3007 23
3458 4374 23
3411 4632 23
456 4287 23
1417 2641 23
885 887 23
1726 4110 23
799 1779 23
1784 1901 23
3051 3622 23
1451 1546 23
46 4378 23
513 1963 23
776 1654 23
2386 3319 23
1300 3297 23
2200 3102 23
3009 3542 23
1011 4981 23
2639 3608 23
2134 4888 23
1853 2936 23
2876 4476 23
450 766 23
14 19 23
1045 1085 23
2197 2535 23
1699 3995 23
1526 3119 23
1524 4809 23
324 1623 23
3779 4487 23
709 1157 23
2448 2811 23
2990 4949 23
3807 3961 23
683 4827 23
2634 4467 23
764 4685 23
1144 1890 23
1145 2095 23
1784 2858 23
1854 4154 23
1191 1850 23
1412 3870 23
405 828 24
825 1624 24
965 3495 24
1584 1825 24
2205 2448 24
293 2097 24
3441 4980 24
2677 4128 24
923 1993 24
472 3744 24
1209 3200 24
1564 2164 24
823 2432 24
1648 1814 24
1080 2269 24
3299 4950 24
1623 4346 24
1421 3244 24
1454 1553 24
2701 2822 24
890 2827 24
1678 4385 24
1039 3557 24
2859 3788 24
116 3447 24
389 3372 24
71 1910 24
1959 2357 24
60 3183 24
375 3518 24
1179 4163 24
447 1848 24
2081 3762 24
1219 4045 24
1299 3412 24
4273 4433 24
742 1720 24
4435 4466 24
1040 2389 24
1071 1395 24
379 3136 24
1760 2236 24
1475 2067 24
1564 1993 24
3303 4389 24
2956 4545 24
2095 3190 24
1133 1365 24
1345 4392 24
1258 3783 24
874 4050 24
2376 3911 24
524 4095 24
194 1132 24
185 1641 24
784 4612 24
3493 4925 24
2582 4082 24
1779 3492 24
1914 3301 24
1996 2865 24
748 4779 24
1050 3212 24
114 755 24
1126 3106 24
2049 4536 24
2098 4689 24
31 2052 24
2304 3898 24
3271 3713 24
1516 2668 24
2297 3381 24
3279 4494 24
1241 2360 24
3672 3874 24
687 693 24
1068 3263 24
644 3557 24
991 4251 24
1865 2540 24
1417 1430 24
1579 1991 24
2888 3297 24
2054 3230 24
539 1064 24
1659 3572 24
1948 4186 24
1929 3684 24
3339 3392 24
2045 4514 24
1971 3326 24
2941 4127 24
2569 4940 24
820 4989 24
965 2302 24
67 1146 24
3286 4786 24
1590 2591 24
4571 4729 24
1047 2999 24
466 1803 24
340 4902 24
533 3376 24
3959 4514 24
2006 3787 24
3132 4443 25
3340 4357 25
3481 4331 25
2417 4969 25
1766 4709 25
516 1616 25
3124 3913 25
1051 1957 25
634 4035 25
2704 4869 25
1149 1813 25
293 1506 25
520 2258 25
4596 4989 25
3474 3699 25
1333 4556 25
1677 3357 25
353 1491 25
2376 4316 25
4089 4559 25
2 84 25
2149 3177 25
3405 4830 25
1161 2253 25
190 3066 25
1520 3154 25
567 4156 25
3024 4127 25
3023 4255 25
574 1018 25
79 3333 25
3438 3471 25
327 3312 25
3011 3352 25
29 39 25
90 980 25
2313 3001 25
2555 4568 25
1687 4744 25
172 1635 25
210 4675 25
3098 3979 25
1154 3149 25
922 1998 25
1963 4839 25
3380 4718 25
1871 1985 25
612 1254 25
307 746 25
1536 1730 25
3383 4288 25
611 869 25
1751 4279 25
2309 2969 25
2917 4091 25
654 4048 25
1138 4976 25
3695 4178 25
241 1074 25
1367 1941 25
1218 1292 25
1222 3218 25
1476 2368 25
1628 4705 25
145 1282 25
476 3139 25
395 552 25
1216 3410 25
2639 4803 25
2432 3448 25
3614 4001 25
1260 3034 25
996 2451 25
1995 2082 25
499 4647 25
3251 3971 25
1914 2760 25
233 1637 25
501 2775 25
2323 3811 25
1761 3916 25
3602 3914 25
3601 3965 25
509 737 25
390 422 25
3632 4829 25
434 1911 25
251 2030 25
2649 3257 25
3146 4781 25
732 1230 25
659 961 25
2524 4395 25
2861 2914 25
864 2334 26
4398 4769 26
3989 4125 26
2375 2686 26
112 3386 26
1938 4289 26
2902 4564 26
2559 2578 26
47 1030 26
4254 4879 26
481 962 26
1758 4734 26
3670 4687 26
2960 4210 26
1394 4725 26
674 1211 26
2013 4926 26
2896 3794 26
3019 3797 26
2084 2520 26
3040 3052 26
4191 4298 26
2024 3350 26
2124 4955 26
1445 3637 26
1518 2193 26
2753 3568 26
112 3983 26
1418 1656 26
236 3178 26
4441 4751 26
1172 3814 26
2566 3803 26
53 121 26
2782 3909 26
1186 1541 26
455 2679 26
250 526 26
184 4128 26
1507 1672 26
1049 2246 26
1119 1403 26
3954 4811 26
1407 2040 26
684 1688 26
714 939 26
1324 2469 26
557 2394 26
254 3761 26
2099 2639 26
3253 4548 26
385 441 26
3844 4283 26
3503 3900 26
2262 4420 26
748 3156 26
1131 3269 26
631 1124 26
153 1182 26
1746 2859 26
995 4346 26
744 1020 26
2470 4227 26
1374 1833 26
703 4503 26
750 4704 26
2038 3288 26
2255 2526 26
1347 4408 26
2692 4967 26
1942 2766 26
2825 4269 26
518 624 26
3163 3412 26
1342 1407 26
1128 4111 26
3132 3671 26
2724 3411 26
4047 4076 26
1077 3942 26
3685 4223 26
1263 4348 26
4379 4957 26
1044 2231 26
944 1398 26
3169 4852 26
1575 4516 26
1112 4441 27
951 2960 27
46 3072 27
1668 2496 27
638 2598 27
791 835 27
2122 2922 27
1540 1852 27
351 1396 27
1553 2353 27
168 1794 27
1047 2809 27
556 1077 27
2139 3180 27
684 4747 27
1754 3097 27
2691 3845 27
2238 3194 27
3400 4088 27
1877 1891 27
3965 4039 27
1510 4455 27
4596 4728 27
3875 3920 27
644 975 27
1444 3148 27
3027 4434 27
1977 2458 27
1442 4115 27
2355 4693 27
2648 4236 27
162 1310 27
642 3337 27
641 4462 27
958 1178 27
2019 3043 27
4311 4775 27
1310 1463 27
4657 4687 27
295 3589 27
193 1454 27
2165 4501 27
2358 2903 27
1660 2407 27
1294 4189 27
288 1151 27
429 1042 27
133 4349 27
912 3885 27
1718 3289 27
1007 3716 27
1425 2625 27
2005 4586 27
33 2204 27
42 294 27
196 1755 27
225 1387 27
621 4044 27
1667 3429 27
144 4668 27
81 2947 27
534 1456 27
2013 2040 27
534 2066 27
995 4633 27
365 3140 27
2224 3427 27
2642 3129 27
1770 1892 27
1889 4823 27
1212 4438 27
2157 4681 27
2182 4584 27
406 2310 27
2860 3638 27
480 945 27
1885 3129 27
184 4220 27
2271 3651 27
4840 4949 27
4269 4456 27
258 4452 27
2036 4375 27
1192 1244 27
377 1423 27
1283 1787 27
2656 3428 27
3442 4859 27
2949 4284 27
937 4278 27
1304 3662 27
3422 3696 27
525 1508 27
911 2594 27
2341 2754 27
2361 3125 27
3269 4423 27
3562 3729 27
120 1653 27
951 3467 28
246 1007 28
2089 4077 28
2290 3416 28
1805 4700 28
1227 4430 28
2997 3519 28
3690 4935 28
1082 1460 28
3490 3563 28
4557 4565 28
209 3729 28
1254 3688 28
272 4071 28
2907 3335 28
1946 2202 28
665 3577 28
638 2856 28
1841 4782 28
637 1303 28
2373 3610 28
2472 3365 28
2103 4944 28
2072 4197 28
2322 2887 28
1640 4304 28
4475 4871 28
1639 4774 28
1877 4433 28
682 3229 28
932 2174 28
1835 4781 28
716 1454 28
317 687 28
1759 3172 28
3459 4213 28
770 1083 28
1822 2500 28
1275 3446 28
759 3913 28
1214 1847 28
2339 4397 28
1186 1513 28
2795 4240 28
60 2524 28
232 2881 28
2100 4434 28
2846 4310 28
2155 2366 28
1160 4141 28
1708 2919 28
404 512 28
3201 3904 28
154 2227 28
906 1344 28
471 729 28
187 1113 28
812 4755 28
1384 2848 28
1783 4946 28
2506 4306 28
1426 1972 28
1170 1331 28
149 4388 28
133 612 28
342 943 28
341 478 28
148 4969 28
3801 4149 28
2451 3307 28
385 1581 28
2167 3726 28
2424 3645 28
1417 1443 28
380 2075 28
3872 4942 28
1996 4582 28
2043 4862 28
3101 4498 28
128 4507 28
1097 2393 28
1044 1889 28
981 2590 28
989 2136 28
2728 3303 28
584 2377 28
47 1791 28
1718 4570 28
441 2254 28
1390 4868 28
3792 4291 28
1390 4198 28
448 1257 28
818 3831 29
2375 2717 29
362 2491 29
136 1660 29
955 2611 29
58 2600 29
627 2637 29
1031 4537 29
3826 4917 29
1807 3357 29
382 756 29
2651 2658 29
2369 4085 29
1206 2455 29
3310 4239 29
510 2159 29
250 725 29
3525 4853 29
1682 3502 29
2196 3071 29
3482 4761 29
3598 3893 29
3641 3930 29
106 4603 29
898 4361 29
327 1234 29
2570 4045 29
3112 3351 29
3437 3897 29
390 1046 29
1086 4778 29
162 1448 29
2241 2855 29
423 923 29
1971 2619 29
848 2685 29
369 472 29
210 244 29
1199 2810 29
846 3359 29
105 310 29
10 2237 29
1014 1504 29
1151 4662 29
1214 1338 29
1563 3225 29
1058 1730 29
600 4176 29
242 2871 29
1434 3355 29
3397 4322 29
1955 4270 29
144 578 29
2676 2755 29
446 1825 29
875 3422 29
2088 3755 29
2041 2227 29
318 4023 29
771 1881 29
2107 4010 29
2348 2840 29
2380 3848 29
4324 4791 29
344 897 29
407 3316 29
1433 3508 29
1021 4317 29
2440 3643 29
2445 4453 29
1699 2539 29
1052 4293 29
2796 3718 29
3343 4768 29
903 4945 29
1109 4860 29
1816 2981 29
2379 3401 29
3231 3708 29
1483 2688 29
808 3131 29
4229 4265 29
2617 4137 29
255 3452 30
164 834 30
84 2683 30
2887 3188 30
640 3594 30
2103 3975 30
2026 3331 30
1208 3700 30
2946 4684 30
2228 3568 30
1460 2754 30
3680 4382 30
1824 1950 30
3301 4015 30
726 751 30
2080 3031 30
260 607 30
664 3808 30
2832 2917 30
641 3619 30
2372 4556 30
2695 3034 30
3960 4508 30
1261 3948 30
1601 3694 30
3516 3955 30
502 2753 30
466 609 30
740 2007 30
2178 2428 30
1134 2982 30
3028 3410 30
2006 4263 30
528 4692 30
769 4537 30
1682 4724 30
2449 2750 30
325 706 30
445 3108 30
523 551 30
2955 3412 30
619 811 30
2198 4366 30
440 2138 30
2308 3790 30
1072 3551 30
1105 4022 30
2147 3889 30
514 4401 30
427 723 30
2974 3320 30
603 1094 30
1226 1435 30
4224 4907 30
2743 3747 30
197 4922 30
1 2509 30
1947 2481 30
320 3347 31
1661 3313 31
2295 2564 31
3458 4574 31
1660 3854 31
1188 1918 31
3294 4758 31
1083 3324 31
2055 2395 31
4216 4274 31
1455 1670 31
225 3244 31
476 3789 31
2897 3661 31
1529 4607 31
45 4524 31
2662 4464 31
1460 3673 31
2834 3610 31
3669 4231 31
895 2864 31
484 1843 31
2604 3030 31
2003 3122 31
1525 3912 31
1943 3838 31
2189 3745 31
472 3819 31
1981 2276 31
1689 2108 31
3718 3939 31
211 3836 31
50 3030 31
1139 4691 31
286 713 31
3088 3802 31
1010 2478 31
285 2157 31
3209 4644 31
747 1353 31
637 3018 31
2534 3444 31
4750 4935 31
829 4074 31
2190 4627 31
56 3506 31
497 677 31
1280 1862 31
437 2393 31
3389 3648 31
551 591 31
553 1356 31
352 3396 31
2001 3937 31
852 860 31
1076 4648 31
924 3335 31
3225 3566 32
255 548 32
1980 4091 32
462 2336 32
1448 1539 32
2641 4746 32
1112 3577 32
2022 4371 32
1233 2647 32
2442 3225 32
439 3886 32
1153 1669 32
3451 4902 32
169 4534 32
1486 3632 32
1338 4958 32
2706 4253 32
4482 4507 32
1355 1492 32
1926 4370 32
2140 4162 32
2815 3320 32
1655 2551 32
80 940 32
16 1752 32
999 4063 32
352 4040 32
2297 4342 32
1457 4022 32
2403 4165 32
1681 4475 32
3080 3934 32
759 3877 32
1648 1987 32
270 3264 32
3167 4973 32
2079 2515 32
194 1409 32
2291 3865 32
1389 2319 32
3281 3599 32
1389 3659 32
3544 3919 32
2908 2939 32
1211 3105 32
2468 3143 32
2059 3526 32
3430 4369 32
2364 4472 32
42 4835 32
2244 4740 32
790 1207 32
506 1555 32
4069 4148 32
2693 4422 32
1146 1759 32
159 2217 32
1482 3810 32
1943 3532 32
738 4157 32
777 1141 32
4569 4915 33
789 1004 33
2390 3905 33
1170 3593 33
119 188 33
770 4179 33
4190 4358 33
1712 4612 33
219 616 33
2687 2879 33
848 2752 33
1144 4161 33
4046 4850 33
70 4830 33
2411 2851 33
1982 4866 33
2801 4348 33
3820 4124 33
2024 4335 33
2734 3487 33
1093 1323 33
38 42 33
448 3378 33
2226 2792 33
2605 4331 33
3119 4996 33
420 4364 33
430 469 33
1595 3717 33
2473 4020 33
598 1560 33
432 2184 33
29 1383 33
274 1147 33
660 4864 33
293 2821 33
3325 3362 33
361 2446 33
1309 1433 33
2220 4623 33
585 4728 33
1234 3559 33
552 2939 33
2096 2131 33
1951 3903 33
2279 3528 33
1388 3581 33
1788 4820 33
2545 4892 33
687 1193 33
1497 3634 33
1296 3705 33
1459 3822 33
3001 4070 33
2371 4440 34
2251 3095 34
1912 3646 34
1032 2749 34
362 787 34
384 680 34
292 3951 34
1431 3985 34
642 941 34
2430 3534 34
1413 3075 34
2815 3047 34
123 217 34
4012 4826 34
794 1428 34
3444 4660 34
2759 4223 34
3792 4885 34
1376 2163 34
1073 4162 34
2763 4738 34
2566 2579 34
579 3937 34
573 1808 34
1669 4543 34
3408 3890 34
1814 1940 34
614 1666 34
1557 4017 34
2165 4171 34
471 3409 34
4022 4919 34
312 1321 34
1172 1220 34
2300 4495 34
55 2812 34
1402 1509 34
1162 3257 34
506 2640 34
153 959 34
2098 2890 34
1701 1740 34
1975 3627 34
113 4259 34
163 2701 34
4338 4638 34
3225 4553 34
259 4508 34
4232 4298 34
4643 4851 34
736 901 34
931 3926 34
495 3042 34
1615 2647 34
1702 2549 34
1908 1979 34
1706 2609 34
550 3341 34
1583 3640 34
976 4091 35
2871 3360 35
1405 4639 35
4344 4865 35
1458 2063 35
202 2030 35
1616 1781 35
1796 4619 35
565 4381 35
1334 4901 35
367 1357 35
3175 4430 35
1394 2398 35
4 563 35
766 2400 35
3595 4086 35
710 3368 35
2207 2408 35
1715 3050 35
3084 3732 35
1666 2596 35
449 2734 35
1141 3099 35
3791 3924 35
571 3869 35
897 4703 35
1845 1914 35
2519 3342 35
1661 4579 35
253 3541 35
2717 4825 35
2391 3390 35
1964 3025 35
2249 3257 35
1036 1713 35
91 3941 35
3509 3887 35
660 4021 35
2651 3311 35
213 2330 35
468 1840 35
1931 3334 35
2371 4937 35
1260 3738 35
166 960 35
2180 3410 35
2112 3838 35
1092 1733 35
4026 4569 35
2818 3362 35
3388 3729 35
2623 4000 35
2840 3426 35
3830 4103 35
1248 2156 35
3726 3756 35
44 942 35
267 2650 35
818 3368 35
271 4032 35
3216 4608 35
12 1912 35
2905 3497 35
4475 4671 35
149 3650 36
1466 2921 36
2733 2886 36
4372 4534 36
987 2344 36
568 4008 36
2265 2508 36
1321 4490 36
1818 4568 36
543 855 36
3295 4504 36
2144 2861 36
1157 2728 36
491 4169 36
2758 3082 36
1515 3238 36
1519 3899 36
1741 3012 36
2209 4998 36
684 4881 36
1452 2868 36
1639 2260 36
4157 4628 36
1202 2264 36
217 2697 36
422 1466 36
1569 1703 36
2315 2674 36
1418 4357 36
433 529 36
2904 2976 36
388 1180 36
511 770 36
2337 3133 36
113 753 36
731 3216 36
428 3489 36
3536 3625 36
4500 4778 36
2094 2699 36
1091 1829 36
198 3580 36
3370 4470 36
370 3581 36
4654 4685 36
4665 4974 36
783 890 36
1665 3545 36
2722 3280 36
822 1072 36
1651 3704 36
2121 3326 36
523 1898 36
599 754 36
3086 3104 37
845 4380 37
1472 2958 37
173 632 37
173 3990 37
2433 3240 37
4816 4982 37
1100 2317 37
2725 3922 37
1354 2690 37
2321 2357 37
423 3158 37
1449 2665 37
1721 4127 37
2970 4864 37
2374 4904 37
1054 4905 37
2467 3331 37
715 1358 37
2849 4319 37
3587 4042 37
1231 1875 37
438 4995 37
3217 3677 37
2329 3683 37
2913 3797 37
2836 3840 37
3572 4482 37
1245 3153 37
46 842 37
2769 4267 37
974 4542 37
334 1930 37
180 3266 37
2002 4414 37
569 585 37
35 46 37
2439 4850 37
184 3535 37
2674 4822 37
2993 4075 37
2484 3807 37
1969 2992 37
1184 1917 37
4102 4164 37
1303 2021 37
479 2745 37
4370 4554 37
2450 3007 38
152 2778 38
2184 4679 38
875 1905 38
1318 4527 38
4194 4444 38
439 768 38
3283 4113 38
2031 2234 38
765 1626 38
1664 3116 38
1663 3335 38
588 1464 38
97 2446 38
1543 2773 38
1653 2063 38
1431 3728 38
605 2740 38
1556 3603 38
1970 2022 38
3411 4209 38
916 1552 38
2518 4995 38
916 3506 38
1524 4574 38
118 268 38
690 3958 38
1914 3173 38
1228 2664 38
2863 3387 38
629 1302 38
1755 3210 38
2075 4667 38
2325 3484 38
1762 4659 38
3818 4615 38
1338 4640 38
823 4079 38
1693 3229 38
833 1365 38
3337 3536 38
2051 4991 38
1786 4697 38
224 4194 39
4546 4868 39
429 698 39
558 4144 39
959 3516 39
725 2199 39
1869 2347 39
1260 4722 39
3526 4502 39
1823 4930 39
925 2505 39
1326 2593 39
2040 4655 39
2570 4023 39
1702 2770 39
131 2137 39
353 1645 39
1633 2745 39
901 3649 39
457 722 39
3150 4435 39
593 909 39
3750 4150 39
1934 3432 39
55 1442 39
577 1394 39
1049 4290 39
3779 3896 39
1029 1240 39
55 3546 39
793 2697 39
1502 2928 39
2954 4701 39
3099 3766 39
2151 2244 39
527 4182 39
214 4046 39
4710 4820 39
3465 4914 39
1382 4110 39
983 3749 40
1066 3208 40
1077 1186 40
2483 4447 40
91 196 40
4014 4371 40
973 1195 40
330 3059 40
2063 2209 40
1528 1674 40
3016 4686 40
2507 3805 40
2291 4424 40
1950 2062 40
2529 4801 40
2737 3992 40
2057 2854 40
615 1099 40
3538 4836 40
1292 3809 40
3456 3574 40
2273 2441 40
1548 2751 40
1633 2628 40
719 1103 40
1402 4821 40
3329 4264 40
1370 1683 40
480 3847 40
3309 3449 40
1003 1694 40
2261 3544 40
2414 2798 40
3198 4341 40
2417 3197 40
1278 2526 41
3480 4296 41
1554 4665 41
623 1239 41
937 3799 41
997 3440 41
1438 2978 41
2950 4278 41
1842 4243 41
1303 4738 41
970 2885 41
3117 3280 41
2223 2633 41
2592 2933 41
1545 2762 41
2990 4602 41
1669 2187 41
1184 2790 41
2782 4409 41
66 3010 41
2460 4108 41
1088 3093 41
9 4563 41
6 903 41
2619 4160 41
156 4190 41
2423 3488 41
3586 4207 41
667 1761 41
3545 4763 41
243 3844 41
859 1003 42
4148 4937 42
3894 4194 42
3904 4785 42
2409 4331 42
1151 1404 42
2711 4873 42
990 2747 42
1374 1405 42
1265 3530 42
1938 2087 42
2645 3862 42
2191 2883 42
428 2794 42
135 311 42
1733 3486 42
4013 4580 42
1399 3420 42
2495 3677 42
1924 2034 42
1992 3458 42
1642 4295 42
326 372 42
209 949 42
1532 2349 42
2608 3556 42
2359 3035 42
4451 4859 42
1922 4332 42
219 589 42
322 2301 42
97 4041 42
1332 3561 42
2853 4422 42
2144 3179 42
3397 4055 42
250 3893 42
2946 3781 42
996 3073 43
311 2012 43
2120 3450 43
298 2000 43
1583 4132 43
520 1789 43
487 841 43
1428 4477 43
416 1404 43
3276 3508 43
3287 4650 43
142 215 43
1727 1919 43
214 1576 43
3803 4939 43
2050 3273 43
180 994 43
177 1378 43
3829 4142 43
2699 3068 43
1261 2538 43
787 3287 43
2389 3772 43
37 2268 43
2262 2761 43
2480 3802 43
626 3698 43
601 3176 43
1919 3109 44
1737 2965 44
1158 1777 44
2477 3403 44
1702 3039 44
2466 3533 44
2134 2370 44
2337 2494 44
1493 2286 44
1463 4461 44
1538 1870 44
1376 2077 44
2065 2846 44
2070 3616 44
1035 1658 44
1229 1719 44
1233 3343 44
4525 4661 44
651 1333 44
698 1846 44
969 1882 44
271 4013 44
3721 4377 44
85 1322 44
2674 2744 44
4391 4848 44
2603 4160 44
4460 4826 44
2827 3664 44
4035 4055 44
803 3239 44
3428 3702 44
3192 3973 44
370 2240 44
383 1816 44
807 4461 45
1763 1972 45
97 1880 45
1717 2443 45
359 1330 45
3950 4933 45
2756 2999 45
783 4060 45
1440 3399 45
541 4692 45
46 394 45
2431 4928 45
860 1726 45
2195 4183 45
1105 3449 45
1306 4138 45
645 3416 45
1666 4019 45
1558 3216 45
3592 4444 45
2293 2916 45
1295 3045 45
2986 3590 45
339 393 45
167 4732 45
721 1137 45
182 1952 45
1363 4552 45
1527 2495 45
177 3873 45
2489 3192 45
970 2901 45
1056 2171 45
892 2250 46
1380 4661 46
1874 2851 46
3454 4097 46
3005 4286 46
1828 2544 46
3390 4188 46
1788 1870 46
2689 4164 46
84 4266 46
597 2719 46
465 3564 46
1130 3853 46
478 2902 46
874 3199 46
1089 3612 46
606 2132 46
3104 4085 46
919 3570 46
1006 4230 46
2567 2655 46
1066 4201 46
1444 3351 46
2062 2336 46
3033 4264 47
2270 2478 47
1596 4314 47
953 4233 47
2700 4714 47
175 4353 47
2371 4985 47
778 3773 47
749 2003 47
770 3723 47
1548 3423 47
3618 4138 47
4672 4874 47
2743 3471 47
2322 4780 47
2918 4373 47
3321 4012 47
1960 3236 47
1445 2401 47
2661 4172 47
431 2307 47
592 818 48
2225 3080 48
1217 1989 48
1550 4751 48
2479 4960 48
787 3842 48
2854 4880 48
3078 4840 48
3137 3736 48
439 3607 48
1195 2894 48
3426 3976 48
839 4805 48
3230 3413 48
1508 1999 48
3280 4170 48
470 839 48
360 4294 48
2495 4324 48
1009 1518 48
1642 1906 48
2584 2806 48
97 2153 48
1606 3768 49
2331 3771 49
524 1136 49
1541 4180 49
1356 3055 49
1850 2809 49
1888 2059 49
1158 1360 49
696 2472 49
4064 4352 49
2559 4233 49
2442 2694 49
596 4560 49
1397 2015 49
646 3016 49
2677 3952 49
3207 3429 49
952 4266 49
2479 2976 49
203 4413 49
443 567 49
187 2203 50
2617 2646 50
4367 4550 50
1276 2107 50
107 4505 50
2093 2733 50
347 716 50
832 3453 50
1481 2488 50
1619 3155 50
340 2145 50
4396 4471 50
517 4906 50
915 4591 50
859 4610 50
2328 4554 50
2774 4877 50
137 4491 50
4848 4994 50
2557 2569 50
1974 3938 50
1014 4402 51
2482 4544 51
4024 4986 51
4065 4178 51
434 4351 51
326 1154 51
1917 4594 51
2621 2746 51
1089 3314 51
1463 2378 51
1580 1678 51
1462 3567 51
2474 3776 51
738 4813 51
3304 4826 51
3300 3624 51
3356 3401 52
2166 3366 52
2128 4354 52
307 3963 52
542 2909 52
3532 4261 52
1594 1742 52
464 2572 52
1526 2554 52
2630 3219 52
161 2435 52
1680 3852 52
976 3778 52
4481 4788 52
2659 3022 52
664 1099 52
1052 2732 52
1173 2656 52
2878 3733 53
4049 4703 53
1167 4098 53
3513 4884 53
339 1793 53
1574 4257 53
4005 4602 53
2694 4313 53
1362 3727 53
2178 3816 53
4257 4801 53
2100 4312 53
1286 3277 53
1262 4184 53
595 4393 53
3745 4783 53
1728 3636 54
2135 3052 54
1734 2672 54
417 2477 54
472 3739 54
2648 4188 54
2169 4135 54
814 2512 54
3264 3597 54
2065 4934 54
2188 2862 54
1128 2895 54
287 3517 54
2112 2713 54
738 3600 54
92 4173 55
4404 4484 55
1906 3892 55
2980 3402 55
3631 4956 55
1550 4237 55
1237 3555 55
3025 3529 55
581 3246 55
4604 4706 55
1114 3311 56
1617 3038 56
1312 2112 56
1977 2413 56
3653 4264 56
2311 3697 56
122 387 56
2657 3537 56
2354 4592 56
2979 3575 56
2426 3277 56
2256 3152 56
3624 4845 57
206 1242 57
4106 4883 57
2009 2173 57
15 1111 57
3763 4323 57
2109 4288 57
824 4804 57
1206 2461 57
889 3256 57
876 3626 57
861 1920 57
3048 3867 57
2869 2950 57
1453 2873 57
2516 3494 57
648 3998 58
1390 1875 58
3344 3585 58
1953 2610 58
4412 4786 58
938 1710 58
723 2333 58
2296 4247 59
262 4437 59
268 1096 59
1012 1925 59
3710 3940 59
3187 4281 59
338 1927 59
839 1764 59
4191 4893 59
962 1533 59
3943 4228 59
145 3436 59
3638 3739 60
237 1061 60
1215 3931 60
2838 4219 60
973 4006 60
1136 3107 60
3741 4691 60
1649 3459 60
3483 4346 60
1771 2265 61
1553 1786 61
84 398 61
3354 3883 61
3386 3571 61
2546 3285 61
779 813 61
3996 4737 62
100 847 62
2780 4806 62
4112 4217 62
463 965 62
978 3391 62
69 2220 63
1079 4810 63
2952 4266 63
3674 4638 64
1235 3632 64
1697 4520 64
3699 4140 65
1033 3574 65
3995 4666 65
1461 2779 65
1547 2541 65
1405 3348 65
218 4721 66
2303 4957 66
1357 2482 66
3369 3761 66
644 2498 66
2511 3755 66
1353 3861 66
1298 4005 67
1237 3431 67
2782 3523 67
805 4652 67
4271 4387 67
451 2277 67
2278 4886 68
2179 2492 68
376 4898 68
413 1932 68
870 2403 68
851 1888 68
3889 4795 69
178 1826 69
228 1923 69
8 2355 69
1165 4914 69
3791 4900 69
561 3517 70
3861 4756 70
158 2142 70
2789 4800 70
2081 3445 71
3583 4416 71
1775 2339 71
1456 2621 71
184 3057 72
1504 3682 72
1104 1157 72
595 4262 72
352 4350 72
439 902 73
1289 1679 73
413 655 73
610 1345 73
90 1521 73
475 1498 73
109 4457 73
3055 4027 75
181 1054 75
401 3318 76
205 1745 76
2069 3663 76
1065 1411 77
940 3504 77
2705 4103 77
130 378 78
1373 3697 78
1967 2690 79
1064 3722 79
186 913 79
1697 3514 80
2788 4972 80
1639 2023 81
2016 3984 81
199 3358 82
1414 2419 82
2636 2957 83
497 1913 83
1170 2011 84
3278 3513 84
1118 3957 84
528 2044 86
3946 3991 86
3367 3795 87
1986 4187 89
2984 3384 91
192 3145 91
4431 4518 96
856 1738 97
1004 1618 98
1536 1714 99
Total MST weight: 101899
Execution time: 3.72042 ms

Algorithm: Prim's MST
MST edges:
0 2151 11
2151 650 2
650 932 2
650 70 4
932 1810 6
650 1022 9
70 3627 10
70 1582 13
650 3689 14
932 4720 14
650 4951 17
4951 2271 13
3627 1522 18
1522 3290 11
3290 605 9
0 9 19
9 2051 8
9 1406 12
1406 2536 15
70 917 19
917 2932 14
2932 656 1
656 2642 8
2932 2015 10
2015 1301 8
2642 4425 14
4425 3419 15
3419 3077 17
3077 1726 13
1726 407 16
3419 4463 18
650 4629 19
4629 700 14
932 1506 20
1506 4088 1
0 1616 21
4629 1630 21
1630 248 2
1522 4536 22
70 311 23
311 714 3
714 1347 1
1347 4688 2
4688 3569 4
1347 3605 6
1347 2122 7
311 865 8
714 2699 8
2699 4093 8
865 3081 10
865 3204 12
3204 653 1
653 595 2
595 1012 1
595 1019 1
653 3298 7
595 1607 11
1607 2820 3
2820 1086 7
1607 3319 7
3319 1873 7
1607 2805 11
1607 4208 11
1607 1132 12
1132 485 12
3569 1700 14
1700 98 3
98 944 9
1873 2618 14
311 819 18
3319 344 19
1012 796 19
796 2005 5
2005 3672 2
796 3470 7
3470 2893 5
3470 514 13
514 2771 15
311 1974 19
2122 2696 19
1974 2978 19
1012 654 20
654 3841 1
3319 1603 20
1603 4844 5
1603 2577 8
2577 4468 14
4468 2078 1
4468 4913 3
4913 4218 7
4218 1416 6
4468 1489 9
4913 1455 11
1455 2068 3
2068 2503 3
1416 691 12
691 2813 12
2503 1841 13
1841 249 6
1841 3531 7
3531 3114 6
3114 685 2
685 660 2
660 1107 1
660 969 10
249 64 11
64 3611 9
3611 2288 4
2288 3599 10
64 7 12
7 1511 1
1511 553 2
553 82 7
1511 854 10
854 2296 11
2296 4745 7
660 883 12
1455 785 14
249 997 14
997 2074 2
2074 37 6
37 1430 3
2074 2351 8
2074 2421 12
2421 4604 7
4604 3477 6
3477 1415 8
1415 528 11
528 136 1
136 335 6
335 790 7
335 1597 9
37 576 13
576 3191 2
3191 599 2
576 839 10
839 4160 7
4160 2116 7
839 574 9
574 3408 4
574 3241 9
3191 4131 10
839 4136 12
4136 1348 2
4136 2476 8
1348 3709 11
3709 2003 4
2476 4617 11
2003 4104 12
3191 457 13
457 3254 3
457 846 6
846 1317 3
1317 3121 1
1317 4029 6
4029 4912 3
4912 3754 6
1317 878 8
3254 2013 9
37 966 13
966 892 4
599 67 14
67 170 13
969 1355 14
1355 3971 12
3971 3279 3
3971 2972 5
3279 3884 8
3754 3272 14
3272 315 5
315 2292 12
7 4043 14
4043 4728 3
4043 1598 15
1598 2322 2
2322 281 5
2322 1573 10
1573 3424 12
839 256 16
691 1620 16
997 2496 16
2496 375 1
1317 2504 16
3611 2984 16
315 3234 16
3234 782 10
2074 4479 16
7 4555 16
4728 4973 16
4973 4757 3
4757 292 4
136 92 17
92 77 1
77 3705 10
92 2575 11
2575 361 10
77 1856 15
1856 1244 1
1244 1325 3
2575 3515 15
1244 3956 15
92 154 16
154 183 7
183 2929 2
183 290 3
290 1551 3
1551 1367 2
154 321 8
321 4824 5
290 3100 9
3100 545 2
321 4965 9
4824 1537 10
1537 930 7
1367 405 11
4824 1369 13
1369 3821 13
3821 4310 16
4310 3395 9
4310 385 10
3395 2454 10
2454 1887 13
1887 2247 5
1887 2140 16
2140 3837 3
2140 1590 12
1590 4954 10
3754 614 17
614 2586 14
2421 1753 17
154 2501 17
2501 1227 7
2501 1864 11
1227 1164 13
969 3160 17
3100 3320 17
3320 2867 8
2867 106 14
106 420 2
420 688 15
688 2964 2
106 2409 15
966 4085 17
4085 697 3
4085 3382 6
697 2502 10
4973 4680 17
4680 2776 5
2776 3810 6
3810 1007 4
1007 2274 14
2776 3403 15
106 197 18
2476 1580 18
1580 348 16
348 2490 10
2476 1723 18
3408 2112 18
2112 2953 1
2112 1823 12
1823 169 6
169 2762 4
169 62 5
169 266 8
266 442 4
62 296 8
296 1638 1
266 1002 8
442 2711 8
266 1622 10
1622 2035 1
2711 2531 11
2112 4644 12
4644 2799 5
442 88 14
88 3224 13
2711 109 15
266 1314 17
1314 1827 8
1827 3293 16
3293 2589 9
2589 1410 1
1410 979 12
979 3260 10
3260 4522 6
4522 1377 8
1377 1606 7
1606 2616 7
3293 4446 12
4446 2537 6
2537 2727 1
3260 1486 13
1377 864 14
864 3900 1
3900 392 1
3293 1675 14
1675 2289 5
2289 4663 10
4663 4407 8
3900 554 15
554 2381 6
1606 4771 15
4771 2825 11
2825 2385 16
554 1305 17
2616 3628 17
3628 3385 17
3385 4682 4
4682 1269 2
1269 1602 2
3385 4196 5
4196 910 13
910 3676 17
1486 781 18
2799 987 18
1606 1687 18
169 2425 18
67 2684 18
697 3019 18
3019 748 7
748 806 3
748 2866 3
806 2004 6
2004 4288 7
2004 2730 9
1687 4474 18
4474 227 7
227 2967 11
227 1071 17
1071 4168 8
1071 515 11
515 299 5
3956 4517 18
4517 3877 7
4517 4694 8
3877 2060 10
2060 427 4
2589 4540 18
878 4880 18
4880 758 7
758 4296 5
4296 139 7
139 300 9
139 1015 9
300 3140 17
3140 488 18
488 2769 9
2769 3542 13
3542 3864 1
3542 675 12
675 295 16
295 1150 1
1150 1554 9
197 78 19
78 4905 2
78 761 4
761 2768 9
2768 1849 12
1849 2910 11
2910 3196 10
1849 4330 12
1849 3615 13
2768 3317 17
3196 1085 18
4905 3505 18
3505 4394 12
4394 1408 6
4394 3742 9
3742 3433 9
3615 4759 18
892 639 19
1164 1029 19
576 1135 19
1135 1250 4
3821 1159 19
1638 1961 19
2964 2248 19
1269 2543 19
2543 2255 6
2762 2548 19
3114 2556 19
2556 4802 4
4802 4792 4
2684 2889 19
2889 4148 2
2889 3109 11
2889 2648 19
1355 3125 19
1416 3804 19
3804 3636 5
3636 916 2
916 3130 14
3130 3058 8
3130 1556 14
3058 992 15
1511 4175 19
3272 4360 19
4360 3806 8
3806 4465 7
4465 3416 5
4465 4193 8
4193 3944 2
4360 1756 12
1756 1535 2
1535 4971 9
4971 1321 4
1321 2991 3
1535 3489 13
4971 1036 17
1036 912 1
1036 3252 5
912 4028 8
1036 2110 11
912 2553 15
2553 123 3
2553 1427 10
1427 3510 7
3510 3868 2
3868 2961 2
1427 4301 10
3944 1154 17
1427 2256 17
912 1716 18
1716 791 6
791 2920 17
2920 3274 15
3274 1549 14
1549 3969 15
3274 1041 16
1427 2410 18
2410 124 6
124 530 2
530 2392 1
2392 1385 13
1385 444 2
124 1732 15
1732 4918 8
1732 2631 10
530 2452 16
3944 2742 18
2742 1025 5
2742 4966 5
3252 4647 18
4647 3748 8
3748 4212 9
4212 4481 4
4481 948 9
948 3186 5
3186 187 4
187 3432 3
948 94 6
94 185 5
3432 4712 9
94 89 11
89 22 6
22 152 3
152 411 8
411 802 10
802 1774 3
802 4656 7
4656 3866 8
22 1790 10
4481 519 11
1774 3243 13
802 886 16
4712 229 17
22 4091 17
3186 3665 18
3665 4595 2
4595 3154 18
3154 1129 5
1129 36 5
1129 2179 5
3154 2678 6
1129 635 14
36 1799 16
1799 668 13
668 1345 9
668 3937 9
1345 3865 15
3865 3670 15
36 2326 16
2326 1715 11
1715 625 1
1715 938 9
1715 3962 13
3962 4272 13
1715 147 15
147 3857 3
4272 2300 16
2300 2996 7
2996 263 12
3962 626 17
626 525 14
525 1612 13
2300 2573 17
2573 1646 7
1646 3233 12
1646 251 14
1715 4997 17
4272 3141 18
3141 3302 5
3141 3907 13
3302 2402 16
3141 275 18
3141 1125 18
2996 3699 18
3699 4052 6
4052 4163 8
4163 4698 6
4163 103 11
103 3332 17
2402 4888 18
124 364 19
364 1695 4
364 2399 6
94 885 19
364 1326 19
1326 1830 5
1830 4209 10
4209 1131 3
4209 4419 5
4419 2131 1
1830 2212 14
2212 3856 5
2131 935 15
1326 678 16
678 866 11
678 3696 12
3696 4410 6
3696 4837 6
4837 4894 7
4837 1876 8
4894 1336 11
1336 4715 10
4894 4054 13
4054 1261 4
4054 3213 10
3213 601 8
3213 2299 11
1261 2818 13
2818 4097 5
4097 4981 11
4981 4607 8
4837 4611 13
4611 3094 8
1876 1346 16
1346 3936 5
3936 4216 2
1346 1800 6
1800 880 6
4216 3743 11
3743 2404 16
2818 3247 16
3247 2374 12
2374 2206 6
2206 3238 14
3247 1329 16
3247 1026 17
1026 1277 6
1026 649 11
649 2702 3
649 1224 5
1277 3757 16
3238 2034 17
2034 2368 10
2368 4225 12
4097 2415 17
3743 46 18
46 3460 3
46 882 12
882 1711 9
4209 738 18
738 3223 14
3223 2897 15
2897 3461 2
3461 3170 2
2897 1528 7
2897 1805 7
1805 3588 5
1805 962 11
1805 1555 11
1528 471 12
471 134 9
134 178 2
178 2189 9
3588 769 14
769 3875 11
471 368 16
368 2338 7
471 3401 17
738 517 18
517 4305 2
4305 1383 7
1383 1973 3
1973 157 15
1383 1568 18
1568 489 2
1568 1316 8
1316 4600 2
1568 2217 11
2217 2380 11
2380 4589 9
489 467 13
467 1034 8
1034 1780 3
1780 1475 15
467 712 18
712 131 9
712 928 12
928 4492 11
131 3735 12
3735 1945 9
1945 1257 10
131 271 16
3696 3212 18
3212 3479 6
3479 827 12
827 4251 2
827 1223 7
1223 2280 13
2280 583 2
583 2262 10
1223 2783 14
2783 1391 1
2783 1595 1
2783 1194 2
1194 4344 3
2783 3847 16
3847 550 1
3847 4321 3
4321 1944 9
1944 3323 12
550 1109 15
1109 2987 13
3323 270 16
3847 3087 16
2262 4794 16
4794 3667 17
3667 3090 18
866 779 19
779 1843 10
779 460 11
460 1817 8
1843 330 13
330 4053 9
1261 1069 19
1069 929 10
929 4859 10
4859 695 8
695 4917 9
4917 3166 14
3166 1124 14
4859 4558 14
4558 3695 2
3166 3935 15
3935 2229 15
1124 1222 16
1124 901 17
901 636 3
636 65 3
901 2083 6
2083 2192 6
901 3883 11
2083 4072 13
4072 3418 6
4072 3590 12
4072 2739 16
3866 2483 19
2483 2886 17
2392 2811 19
2811 4616 8
4616 3102 16
3102 399 11
399 3003 12
3748 2816 19
2816 940 3
940 2045 5
940 4450 18
4450 2960 5
2960 3013 18
3806 3344 19
625 3629 19
330 3737 19
3737 1995 7
1995 2219 7
2219 4478 3
4478 341 4
1995 727 8
341 3399 11
341 75 17
3461 3751 19
2678 3812 19
3812 1023 11
1023 2781 9
3812 3655 11
1023 224 12
224 4226 3
2781 1514 12
1514 4807 5
4226 4343 13
1023 1292 14
3655 491 15
1292 4458 15
4458 3764 2
3764 1084 5
1084 857 4
1084 3259 5
4458 3374 6
4458 1720 8
3764 4443 14
3374 4625 14
4625 4328 7
4625 4061 13
4328 522 14
3812 4570 15
4570 4121 9
4570 3029 15
4121 4089 15
4807 1804 16
1804 3430 4
4328 2885 16
1023 3187 16
3187 12 13
12 182 12
182 587 7
182 4166 7
12 1212 15
1212 1419 3
1212 145 5
1419 3800 5
3800 1642 5
1419 2499 16
4166 4513 16
4513 4621 8
3259 1280 17
1280 2652 9
2652 4286 4
4286 2072 8
2072 2266 7
4286 2670 12
2072 1228 14
1228 584 12
584 4943 12
1228 694 16
224 1461 17
1461 4496 1
4496 1332 6
1332 1379 8
1379 3473 9
1461 1203 12
1203 4854 9
1203 1886 14
4121 1610 17
1610 50 1
50 4234 14
4234 1690 14
1690 2177 3
2177 1221 11
2177 2048 14
2048 4614 13
4614 4493 9
224 2046 17
2046 3834 2
3834 2029 16
2029 2117 7
2029 2235 12
2235 1685 12
1685 4690 4
2117 3648 15
2235 3576 16
4570 2163 17
2670 2547 17
2547 571 9
1292 2810 17
2810 1754 15
2810 3079 17
145 4145 17
2235 4916 17
4916 710 1
4916 3036 1
3036 360 4
3036 4503 5
360 418 7
418 2026 1
360 4552 9
360 4449 10
4552 2882 12
4503 1262 14
1262 51 1
51 1371 5
51 914 9
914 2600 3
2600 2438 9
51 34 10
34 83 8
83 810 2
810 3946 3
810 1256 4
1256 2316 6
2316 3940 9
83 4122 9
4122 4842 1
4122 2938 4
2938 1182 1
2938 3925 1
4122 2908 7
2938 1519 9
2600 2985 11
1256 572 12
572 1016 2
1256 3498 14
4842 4081 14
4081 3015 12
1016 4774 14
51 452 15
452 1544 3
522 1190 18
1332 1293 18
1293 3876 16
4328 4214 18
145 28 19
28 17 13
17 2666 5
17 1451 9
1451 2802 3
2802 1500 5
2802 2242 10
1500 2447 12
2447 101 12
101 986 5
1500 242 13
242 931 3
931 4339 1
4339 24 3
24 15 1
931 1478 5
4339 4265 5
1478 1707 8
1707 603 3
24 803 11
803 4078 6
4078 3435 12
2666 3207 13
4078 3740 13
1500 3786 13
2447 4867 13
4867 2735 2
2735 2624 10
2624 2349 9
2349 4034 1
4034 2595 9
2595 4631 1
2595 4285 10
2624 2160 12
4285 3076 12
3076 1005 4
1005 13 11
13 2558 1
2558 648 5
648 2052 2
648 4147 6
4147 2107 9
1005 1093 11
1093 4502 4
3076 4532 11
2160 1237 14
931 2272 14
2349 3921 14
3921 2071 10
3921 3447 13
3435 4649 14
4078 4817 14
2242 4797 15
1707 2285 16
986 2653 16
2735 638 18
4649 2406 18
2406 317 17
317 564 2
564 1571 1
317 113 6
113 289 2
113 2195 8
113 4497 10
317 1318 13
2195 2184 17
3921 3746 18
3746 2293 9
2293 1290 15
522 125 19
125 176 7
125 239 7
239 611 1
239 830 1
830 1453 3
1453 4597 4
4597 719 4
719 3024 6
611 4940 8
125 142 11
142 794 5
3024 210 11
3024 2562 12
2562 4659 5
210 33 14
4940 2207 14
2207 1803 5
3024 3388 14
3388 808 8
808 1896 10
1896 1477 6
1896 2606 9
2606 339 3
339 788 4
788 762 5
4597 4590 14
210 1960 15
176 3270 15
3270 2671 1
611 3989 15
3989 3398 6
3398 684 11
684 1851 8
684 504 11
504 1587 16
1587 4249 2
4249 1797 12
4249 1776 14
1776 1281 5
2562 2017 16
2017 306 5
3388 3565 16
808 269 17
269 4515 5
269 297 12
297 534 14
830 1729 17
1729 1368 10
210 2092 17
2092 3339 1
1587 25 18
25 3539 8
25 47 17
47 1038 11
2671 2844 18
2844 1273 15
142 2890 18
2207 3194 18
3194 2460 11
2460 112 2
112 2146 4
2460 4646 12
4646 1491 2
1491 2567 5
1491 2706 7
2567 4506 10
1491 1467 17
2460 1589 18
1589 374 12
374 1990 3
374 223 5
1990 414 10
414 3200 2
3200 3888 2
3200 3617 5
374 415 13
415 950 11
950 2091 8
2091 1696 8
950 1098 14
1696 825 16
374 559 18
559 1907 9
1907 1155 2
1907 1196 6
1196 1311 1
1311 2823 12
2823 1271 9
1271 4542 10
2823 1853 11
1155 3002 12
1196 4280 17
2706 3032 18
3032 2324 16
2567 3798 18
3798 1067 17
1067 4011 17
4011 1078 3
4011 2808 7
1078 4587 14
4587 1364 3
1364 613 4
1364 2433 4
613 965 6
965 4480 1
965 4386 6
1364 1956 7
4480 3931 11
1956 4653 12
1364 3825 16
3825 4221 12
142 4367 18
269 343 19
343 1866 11
343 3214 13
50 401 19
401 3693 17
1990 430 19
1203 734 19
4122 1000 19
1000 358 9
2017 1439 19
1439 3490 1
3490 4920 7
4920 2050 4
2050 250 3
250 1308 13
250 2213 15
250 1152 17
803 1895 19
358 2279 19
2279 1993 1
2279 3387 2
1993 518 9
3387 4415 14
2802 2797 19
2797 3904 16
3904 600 15
3786 3067 19
3067 2976 19
2976 967 4
967 2965 3
967 4076 3
967 493 16
341 4051 19
1385 4119 19
4119 3271 5
1895 4302 19
113 4338 19
292 4539 19
4539 3829 8
3213 4577 19
4577 4889 2
1250 4718 19
4011 4831 19
4386 4924 19
101 49 20
49 41 7
41 59 1
49 657 8
59 483 19
483 786 2
106 74 20
74 1806 1
4912 329 20
329 658 17
2964 403 20
403 1712 6
1489 566 20
1016 670 20
670 683 3
670 3929 9
636 704 20
3344 718 20
4305 1120 20
2727 1156 20
3693 1306 20
1306 2027 3
2027 4152 11
1348 1403 20
4971 1473 20
1473 325 15
325 380 17
380 1577 12
3403 1557 20
1557 4953 1
1557 1315 16
1315 4753 8
1016 1579 20
46 1809 20
1944 1811 20
420 1874 20
4175 1893 20
1893 216 2
2299 1910 20
1568 1976 20
2078 1988 20
1988 1352 2
1271 2127 20
2127 4936 13
2127 3377 15
3377 305 16
305 3897 5
2127 336 18
336 1200 1
1200 2471 4
1200 1879 5
1879 780 4
305 3336 18
3336 4959 12
4959 1890 10
4959 4561 18
4561 1570 17
1570 1441 11
1441 2998 6
2998 3185 4
3185 122 7
122 129 12
129 1270 8
1570 927 12
927 814 8
814 556 11
556 2682 6
1270 3206 12
1441 2658 13
814 3203 16
3203 3596 15
129 673 17
336 4742 18
4742 747 4
4742 1313 9
1313 4314 7
4314 2162 2
1313 988 8
1879 110 20
110 3881 15
3881 4911 1
110 1167 20
1313 1339 20
1339 3910 13
315 2170 20
1700 2294 20
2294 984 3
1799 2335 20
2335 1168 13
3617 2388 20
1256 2444 20
2444 3305 13
3305 4765 18
4765 3755 9
3755 1479 5
4765 119 20
119 43 12
43 120 2
43 354 4
354 2161 1
43 4311 6
43 2396 8
2396 323 7
4311 4133 10
43 68 17
68 2943 3
68 2487 4
2487 3906 3
3906 4816 4
4816 1842 3
1842 620 8
620 837 1
620 211 5
211 151 2
151 20 8
20 1366 7
1366 1295 6
1295 3127 7
68 3322 8
20 619 10
619 3575 8
837 1420 10
68 4696 12
3322 1122 13
620 30 14
837 126 14
3575 1057 14
1057 1565 2
3906 4207 14
1122 1447 15
1366 1671 15
1366 1709 15
126 219 17
219 1785 7
1785 2924 15
20 805 17
3127 2835 17
2835 594 1
594 2167 5
2167 763 6
3322 3139 17
3906 4622 17
4622 390 10
4622 709 13
709 1177 14
1177 3784 10
594 730 18
730 699 7
699 2580 4
699 1375 8
699 692 15
692 2141 7
2141 726 7
2141 1698 17
3322 1294 18
1294 2911 10
4207 3075 18
3075 2428 4
3075 2522 5
2522 971 14
971 954 2
971 351 15
351 409 5
3075 2064 18
2141 3771 18
3771 1865 7
323 18 19
18 1143 2
1143 446 5
954 686 19
686 2463 1
2463 4962 3
2463 1867 6
1867 3164 10
3164 451 1
3164 934 8
451 773 13
1867 1037 19
1037 873 11
873 4287 5
1785 1510 20
145 2527 20
2527 4291 12
2527 283 18
283 3675 15
283 3168 18
3168 2155 5
2155 2191 2
2191 2403 7
2191 2405 18
2405 2772 5
2772 3494 16
2403 760 20
2403 1108 20
491 2607 20
2607 1121 16
1121 2043 3
1121 622 16
123 2615 20
2615 612 19
3907 2634 20
460 2759 20
3881 2838 20
2838 1608 13
1608 3990 4
3990 4248 1
4248 186 1
186 2359 5
186 4030 5
4248 1647 6
4248 3845 9
1608 3902 13
3902 277 14
277 1340 7
277 1559 11
1559 1777 13
1777 2233 12
277 3268 15
3902 3727 15
3727 1699 8
1699 4897 2
1559 1798 16
1559 230 17
1647 2365 19
2365 3053 13
2365 3817 18
3817 2973 1
2973 160 12
2365 1871 19
1871 397 15
186 3014 19
277 775 20
2161 2946 20
3648 2971 20
1698 3051 20
3051 406 6
2092 3228 20
3228 724 9
3228 4429 15
4429 3540 4
3540 2841 1
3228 2738 20
839 3267 20
2279 3472 20
3472 357 12
3472 1225 19
1225 3123 2
1225 1436 14
1436 3570 12
3570 3258 5
3258 1951 19
3258 3533 19
3533 2729 17
2729 464 7
464 435 13
435 2108 10
2108 911 18
911 2639 3
911 1021 7
1021 1673 6
1673 3760 14
3760 1148 5
1673 2966 15
2639 4736 17
2639 1868 18
1673 3683 18
3683 3908 11
1148 2592 19
2592 3363 15
3363 1232 1
1232 4593 4
3363 4107 7
3683 3730 19
1642 3765 20
2294 3791 20
3845 3815 20
3815 1609 18
1609 2485 11
2485 2047 13
3655 3844 20
4590 3895 20
3895 4244 16
4503 3928 20
3928 1884 13
3928 2031 14
2031 2636 9
2636 3048 10
1884 3987 17
3987 3151 5
3151 3657 7
3657 4964 5
3987 370 16
1884 604 18
604 812 2
604 2712 2
2712 195 5
195 3146 7
3146 2263 6
2263 4847 1
4847 4896 5
604 1651 11
3146 741 14
2712 2389 18
2389 4931 12
3146 4927 18
4927 536 14
536 4489 12
3151 1883 20
1883 495 8
911 3994 20
3994 832 14
832 667 1
832 105 6
832 1540 9
832 721 11
721 689 12
689 346 6
689 4246 8
346 349 10
689 3953 10
689 1815 16
721 487 17
3953 547 19
547 1488 3
547 4846 3
547 73 5
547 402 7
1488 565 17
565 2791 6
1488 130 19
130 367 14
487 672 19
1488 2862 19
2862 214 20
214 382 11
382 766 18
766 3644 12
3644 844 9
3644 1350 19
2031 4036 20
3473 4059 20
4059 963 2
963 4839 18
2233 4100 20
689 4139 20
464 4222 20
4222 2868 20
15 4235 20
4235 3736 4
3737 4241 20
4241 2076 11
2076 1655 16
3081 4292 20
4292 815 4
815 473 8
473 1779 18
2618 4299 20
4299 1309 5
1309 850 17
850 3721 6
3721 2934 6
2934 1048 10
4299 2975 18
2975 236 7
2975 1613 10
236 2341 18
2341 4439 14
2341 4531 18
4531 2156 5
4531 3061 5
269 4384 20
41 4454 20
4454 3049 19
4454 2852 20
1951 4599 20
4599 235 18
1419 4618 20
4618 3235 3
3235 1128 6
1128 3507 9
880 4677 20
4677 731 2
4677 2517 13
4677 3707 14
3707 1176 19
1176 1501 3
1501 4793 12
731 2327 20
2155 4861 20
4861 4941 1
4941 3181 2
229 61 21
61 53 21
53 4833 1
4833 2308 1
53 48 3
48 254 1
254 267 7
267 1767 3
53 745 15
745 201 1
201 93 1
201 774 1
201 674 12
53 4190 15
2308 2568 16
1767 544 17
544 4601 11
4601 158 12
158 3870 4
3870 1561 9
1561 198 16
198 540 15
158 1226 16
1226 200 16
200 337 3
337 1255 10
337 1174 13
201 2053 17
2053 498 12
1767 3056 17
3056 1897 4
1897 477 11
477 4828 1
477 2232 5
2232 708 5
4828 3491 6
477 3595 9
2232 2716 12
2232 618 13
3491 4790 15
337 798 18
48 1161 18
48 231 19
1767 425 19
267 1749 19
231 3070 19
3070 3365 4
3365 3706 6
3070 1900 12
839 100 21
100 3381 1
100 4427 16
1815 213 21
213 458 19
458 3762 6
458 1116 18
668 286 21
286 4347 5
286 1241 19
1241 2874 14
1241 1686 18
1383 327 21
327 2836 2
3576 486 21
486 366 5
530 546 21
546 1095 10
1095 4242 12
4242 2770 8
4242 4379 10
4379 204 9
2770 2008 14
4379 2020 14
2020 800 15
4379 3663 16
4379 1043 17
546 1778 18
2770 2891 18
1095 1939 20
649 853 21
853 3678 4
3678 4719 12
2874 856 21
856 4067 19
4067 2202 4
2202 1748 14
2202 2493 18
2493 1705 6
2493 2800 19
2800 1669 7
1364 1055 21
1055 538 5
538 2926 3
538 669 7
4493 1100 21
2739 1163 21
1163 3215 19
3215 260 5
3215 2602 14
260 273 17
273 4406 11
273 3006 15
273 4177 19
273 2304 20
2170 1247 21
1247 2434 12
3477 1289 21
1100 1578 21
1578 606 4
606 220 7
220 1142 9
220 150 15
150 3192 1
150 4195 11
1578 1731 15
220 3476 16
3476 2550 14
2550 671 11
671 4327 3
3476 4501 14
3192 4333 16
2602 1644 21
3841 1730 21
1730 4037 15
4037 4762 14
2943 1947 21
3398 1950 21
1974 2318 21
691 2323 21
3479 2426 21
3709 2462 21
3243 2708 21
2708 1063 2
2708 3930 18
3930 4488 11
366 2751 21
4160 2764 21
3935 2786 21
2786 4832 4
4832 1400 1
4832 1065 19
1065 2584 9
4593 2968 21
2968 1958 2
1958 377 11
377 3043 8
1958 4872 13
2968 629 14
629 4573 3
2968 1629 15
629 3719 18
3719 575 12
575 834 16
4872 3620 19
3620 1692 9
3141 2981 21
270 3143 21
4644 3159 21
4888 3222 21
488 3606 21
4479 3639 21
3639 4637 3
3639 1471 16
1250 3793 21
3793 958 3
1876 3805 21
1638 3871 21
4328 3933 21
47 3968 21
3968 1185 18
1185 1981 19
1981 1272 1
1272 2129 2
1272 2994 3
2994 2126 1
1272 4151 7
1981 3972 9
2994 2150 19
2425 4007 21
4007 3631 12
3631 1662 18
2338 4155 21
4291 4227 21
4227 500 6
500 1066 3
382 4276 21
2592 4462 21
4462 4366 5
1995 4541 21
4541 3782 8
727 4636 21
1580 4763 21
3127 4804 21
4804 1287 13
3929 4877 21
4877 520 7
520 1042 1
4877 4623 10
520 404 17
1185 4879 21
1886 4914 21
126 4984 21
2447 21 22
21 2587 7
2587 2681 14
2681 4200 1
2587 1426 17
1426 2259 9
2259 804 15
804 238 11
1426 681 17
4200 2829 17
2829 868 16
2829 4970 18
21 424 19
2587 2119 21
2119 896 17
896 4357 13
3003 52 22
52 955 10
52 4417 18
955 3999 19
4366 127 22
127 304 1
127 331 21
331 3509 19
3509 4025 8
105 225 22
225 3062 12
3062 1072 9
485 259 22
1036 303 22
303 2210 3
2210 141 6
303 1188 12
1188 265 18
265 1115 10
1115 3681 5
3681 2748 9
2748 4928 1
2748 1717 4
265 2626 11
265 3992 13
3992 3647 3
3647 148 1
148 1627 13
1627 3934 10
1627 4403 11
4403 168 2
168 322 1
322 475 1
475 3091 2
322 1989 6
4403 2384 9
1989 1955 10
1717 4504 13
4504 3174 9
3681 468 16
468 1392 2
468 2173 2
148 2168 16
1115 1246 17
1246 1267 13
1267 1937 2
1937 4511 10
322 2231 17
2626 3296 17
3296 3330 2
3296 1304 4
3296 3701 16
3701 3630 3
1627 3650 19
3650 4579 8
3174 257 20
257 2224 7
2224 1928 1
1928 4681 5
4681 3711 4
1928 2245 17
2245 4245 5
2245 2387 12
2224 1384 18
1928 1625 18
3330 1766 21
1246 2914 21
2005 623 22
623 2197 2
2197 1899 13
1899 1736 10
1736 3582 3
1736 104 9
104 179 8
1736 4123 21
4123 4773 8
4123 4383 14
460 701 22
112 767 22
767 1916 17
1916 1480 1
1480 1088 5
1088 990 6
1916 3919 8
1088 2534 9
3919 4238 10
1088 1238 16
1238 85 5
3919 1747 19
2534 3594 19
1238 212 20
212 3350 6
85 1628 20
1628 2541 5
2541 2561 20
2561 4284 21
1628 264 22
375 795 22
795 3371 12
3371 1839 2
1839 1013 13
3371 2855 18
2855 4264 6
2855 840 16
1475 876 22
876 4777 19
4777 4303 9
3003 904 22
904 3417 10
2374 907 22
907 3112 7
3112 2390 4
2390 4987 10
2390 4026 20
837 936 22
3241 1032 22
1568 1070 22
1070 3128 5
1070 3338 5
3338 342 2
1132 1112 22
2034 1138 22
4163 1198 22
1198 1202 2
1198 3813 7
1198 4345 16
4218 1328 22
575 1494 22
1928 1575 22
1575 3918 10
3918 1859 4
1859 4340 3
1859 1957 16
1957 2597 9
2597 3573 14
1859 412 20
412 137 4
137 421 5
412 3686 5
412 328 6
328 555 7
555 750 6
137 90 8
90 590 3
590 2665 2
590 3180 7
137 2457 12
3180 4810 15
90 252 16
252 2546 2
252 1126 13
1126 4770 8
1126 2722 13
90 419 18
419 4812 11
4812 426 18
3180 276 19
276 630 18
630 2320 10
2320 889 3
3686 1954 19
590 1994 19
1994 1986 17
1986 2305 3
1986 2364 5
630 3314 19
1994 4167 19
3573 3265 20
3265 4334 7
3265 3715 9
4334 3054 10
3054 2741 1
3054 282 3
4334 4376 10
4376 4892 6
4892 989 7
989 2898 7
989 4798 9
3715 2925 15
2925 2382 3
2925 340 4
2722 4126 20
750 4094 21
426 535 22
535 4674 19
4674 3697 10
3697 2372 10
2364 1457 22
1457 10 9
3742 1588 22
415 1592 22
3906 1611 22
377 1832 22
1832 4566 3
4566 87 19
87 3 15
3 2346 5
2346 2673 1
87 3226 20
3 1 22
1 524 11
82 2183 22
2183 2983 13
2183 1821 20
878 2196 22
2196 4509 5
1611 2208 22
4081 2282 22
304 2332 22
1736 2397 22
435 2449 22
2449 4058 12
2449 2394 14
572 2459 22
2459 2565 10
2565 2033 5
2033 2473 9
2473 3979 2
2473 4016 2
4016 4929 4
2473 3455 6
2473 196 12
196 4724 10
4929 3333 13
4724 1724 14
1724 3108 1
3108 3406 10
3455 2281 14
3455 1708 20
4724 2644 21
2644 1968 5
1968 1147 14
808 2488 22
2488 2265 9
2488 1938 10
2265 2620 16
2562 2519 22
1107 2555 22
2060 2563 22
2799 2612 22
2547 2660 22
2660 309 13
309 663 7
2660 2875 13
2875 1902 5
1902 4202 7
663 4787 14
4787 1966 1
2875 1505 19
2660 549 20
1902 2175 20
4202 4004 20
4004 2154 11
4920 2714 22
2452 2782 22
1990 2785 22
1071 2793 22
4340 2826 22
2826 702 7
4299 2828 22
2384 2842 22
4276 2850 22
2850 1634 15
419 2951 22
2184 2989 22
3631 3063 22
3063 4695 21
4695 1496 11
1496 3103 21
3103 3610 4
1496 3463 21
211 3085 22
1168 3111 22
3111 770 4
770 733 13
3111 4258 15
4258 4760 16
3111 1001 21
1001 245 13
245 3529 4
245 2084 15
3529 3412 16
3529 918 20
1001 2909 20
2909 3182 19
3182 3242 1
3529 3986 20
3986 1334 16
574 3135 22
2177 3250 22
3250 3478 20
3478 2928 8
2928 4435 15
4435 3700 13
3700 4575 19
4575 3658 17
2818 3288 22
3288 2707 21
2866 3301 22
1491 3347 22
3347 4843 9
4843 2638 7
2638 2847 2
2638 2870 17
2638 2574 19
2574 1172 2
2574 1394 12
649 3373 22
1071 3434 22
3434 3144 6
1467 3462 22
3462 2352 4
3462 2988 13
3462 3668 14
2352 1534 17
1534 3850 7
3668 1877 21
1877 4821 6
4821 2103 6
1559 3534 22
3534 2246 22
2246 3912 13
3912 1657 1
3912 1485 6
1485 3684 8
3912 3001 9
1203 3538 22
4987 3677 22
3677 1878 14
2127 3759 22
1461 3769 22
1122 3808 22
3808 4730 5
4730 993 7
993 2343 9
4730 2363 9
2363 3379 8
3379 2500 14
4730 3353 16
2363 3950 17
3808 1813 19
1813 278 17
278 1008 14
278 3687 14
1008 4972 14
1813 1632 18
1632 287 13
2324 3828 22
3243 3932 22
4264 3982 22
3982 4332 19
4792 4038 22
3595 4096 22
2210 4158 22
4158 174 1
4158 2427 5
174 4723 6
2427 4767 9
174 221 10
4723 3525 18
3525 4057 21
4057 4699 4
4699 3943 16
4561 4159 22
4812 4337 22
853 4361 22
2322 4365 22
4365 143 15
143 108 13
108 313 1
108 1863 10
143 3524 16
3524 3414 16
3414 676 12
354 4400 22
4940 4404 22
3206 4483 22
1528 4538 22
4538 3978 7
4538 1484 19
4538 4899 20
1085 4549 22
4549 4754 21
4754 1495 1
2920 4635 22
4635 2784 8
4635 3879 11
3879 1819 6
3879 461 7
461 4056 2
461 2787 7
2784 1351 13
1351 3733 5
2787 4087 14
4087 2931 15
2931 2367 8
461 2795 16
1351 3642 17
3642 2578 13
2367 1744 20
3733 3961 22
1886 4691 22
1705 4948 22
4948 1307 7
1307 3703 1
1307 1343 3
3703 4605 8
4948 2513 15
1343 1569 19
1569 817 1
817 3558 13
3558 4499 5
817 3004 21
1307 1965 22
1569 4370 22
2706 4978 22
4978 3337 3
3337 4726 20
4054 5 23
5 11 21
11 1760 2
1760 1230 3
11 163 8
1230 2436 22
2436 783 17
783 4814 6
638 208 23
208 2582 20
4296 222 23
65 355 23
355 2215 21
3192 413 23
413 2903 14
2903 3794 17
3794 1531 7
3794 4626 7
766 450 23
450 1024 3
4287 456 23
456 23 11
23 76 7
23 408 8
23 855 14
855 2927 1
2927 711 8
2927 4820 11
4820 4519 13
4519 1617 2
4519 4172 3
408 2497 18
2497 4186 5
2497 871 10
4186 1808 18
1808 3549 17
3549 3823 17
456 3839 19
3839 2056 5
76 3957 19
3957 4711 7
4711 2837 3
4711 690 8
690 3878 16
690 881 18
881 319 18
319 998 4
319 1807 8
998 3835 12
3835 4874 13
4874 582 11
4874 4545 14
998 474 18
474 3308 8
2837 4758 18
3835 8 19
8 3299 3
8 379 4
3299 1654 7
1654 3245 15
3245 4231 9
3549 1490 20
1490 4834 12
1490 1672 16
4834 3101 18
3101 3977 6
2497 2014 21
3308 2100 21
2100 1894 5
3288 501 23
501 1949 19
1949 4643 16
775 608 23
608 2194 9
2194 4470 3
2194 107 6
4470 3714 10
2914 647 23
647 1643 17
4682 735 23
735 1062 1
735 3770 5
735 4819 11
735 3119 14
3770 4764 19
4764 2892 15
2892 4185 20
4185 1820 8
1062 4308 22
1654 776 23
776 4512 4
4512 877 14
1779 799 23
126 861 23
1853 862 23
862 262 4
262 1814 16
862 3660 18
262 453 20
911 863 23
863 1911 18
1911 3901 18
1439 867 23
867 1381 4
1381 4735 4
867 384 12
384 888 17
888 2530 6
384 1253 18
1253 4993 5
4993 581 9
581 2061 6
1253 437 11
437 2601 10
437 4064 12
2061 4101 18
4101 191 18
885 887 23
887 4761 3
148 937 23
937 253 1
253 4717 17
4717 4068 5
4068 1300 5
937 4890 22
4890 4230 18
4230 2345 14
2345 1470 1
850 964 23
964 2216 5
964 3967 15
3967 978 13
2216 1414 16
1414 2158 4
1414 3974 9
4981 1011 23
1085 1045 23
2771 1056 23
1246 1091 23
4742 1123 23
1890 1144 23
709 1157 23
1157 4838 3
1157 2613 22
2613 400 18
978 1372 23
126 1380 23
2738 1401 23
1401 2418 2
3870 1412 23
3119 1526 23
1526 165 11
1451 1546 23
1546 1469 13
1546 821 21
821 3375 5
821 3511 12
3511 2940 16
2940 2111 9
2111 1201 1
1201 1860 15
1201 2915 18
2915 3734 16
2915 1854 18
1201 4075 19
4075 1834 15
1834 1493 19
3511 3284 20
758 1560 23
1489 1652 23
863 1773 23
1773 1472 9
1873 1869 23
1869 764 2
2716 1962 23
1962 3138 17
2308 1998 23
1998 2190 2
1042 2055 23
3932 2073 23
2073 1059 4
1059 4658 6
1059 1487 23
2403 2114 23
2114 2149 15
4888 2134 23
2134 1637 23
1637 1917 16
1637 3656 17
1637 4610 18
3102 2200 23
2200 1921 12
3319 2386 23
2386 1204 9
1204 1327 3
2386 3579 10
1204 961 13
1327 628 23
628 1081 3
1081 1422 2
1081 1446 3
1081 2201 10
2201 4146 1
120 2423 23
2811 2448 23
2448 4363 2
4249 2532 23
340 2533 23
2533 2376 14
2376 4448 1
4448 228 12
4448 1259 20
2197 2535 23
2535 4856 17
4856 4630 5
4630 2464 22
2464 977 8
1993 2755 23
2324 2807 23
2807 2453 23
405 2912 23
1853 2936 23
2936 3227 3
341 3007 23
3542 3009 23
311 3065 23
3065 4678 6
4678 2894 3
2894 2529 3
2529 3720 2
3065 1633 19
519 3126 23
830 3255 23
176 3292 23
1300 3297 23
2259 3349 23
3349 1503 10
1503 2962 19
2962 3120 20
1505 3366 23
3366 291 22
291 3468 2
291 1191 6
1191 345 11
345 682 3
682 2412 19
2412 438 8
438 3855 19
3855 1265 4
1265 3415 11
3415 1997 12
1997 3591 7
1997 3521 12
1265 4315 13
2412 4135 21
4135 1337 17
1337 2223 1
1337 3011 4
3011 2630 9
2630 4116 5
4116 4547 20
4547 4341 3
4341 1197 16
1197 2437 14
2437 2090 1
2437 2680 7
2680 3134 11
2437 705 16
705 4362 1
705 1233 17
1233 1279 22
1279 661 2
2680 1572 23
1572 2959 1
1572 4645 6
1191 1850 23
856 3568 23
2639 3608 23
3608 3499 5
3499 4887 14
4887 2278 16
2278 2185 1
2185 1782 8
3499 1743 21
2438 3616 23
3616 4613 2
3051 3622 23
3622 1017 1
1017 652 6
1017 3954 17
3954 2115 6
2115 4769 1
4769 1060 12
1060 627 4
627 284 14
1017 3017 20
3017 2314 17
2314 376 5
2314 1855 18
2115 4473 21
2504 3708 23
3708 2105 19
3961 3807 23
1503 3852 23
3852 308 23
1250 3947 23
123 3970 23
1699 3995 23
4948 4033 23
1726 4110 23
1854 4154 23
4154 4567 1
4567 4683 3
4567 4619 5
46 4378 23
4378 2058 4
4378 1219 17
1219 4373 13
4373 3554 5
2634 4467 23
3701 4565 23
764 4685 23
2074 4707 23
4707 4354 7
3226 4708 23
683 4827 23
2463 4840 23
4758 4938 23
4938 1591 6
4938 3060 18
360 4986 23
430 19 24
19 14 23
14 2420 4
14 3492 4
2420 1297 20
1297 3361 15
3361 2267 10
3361 2930 21
2930 1459 7
2930 3996 9
2267 4387 23
4387 3846 17
2052 31 24
31 3016 6
3016 1335 17
1910 71 24
71 829 6
71 1462 10
71 3327 11
1462 4149 21
1910 86 24
86 4732 10
86 166 13
86 728 17
728 1996 4
1996 240 1
240 1050 14
1996 2143 15
3447 116 24
1132 194 24
194 1180 4
1180 2942 3
1180 1319 4
194 4118 4
4118 459 17
194 1691 18
194 2858 19
2858 3457 9
3457 1349 1
1349 588 8
1349 720 10
2858 4204 15
588 3860 20
2858 396 22
3860 1361 22
1361 4279 6
4279 4571 8
2858 1784 23
1784 1901 23
1901 1802 16
1803 466 24
466 436 8
466 3202 13
3202 57 7
57 1857 20
1857 4485 9
4485 3966 22
57 307 23
307 4008 2
4008 2752 2
307 3074 22
4485 2494 23
1720 742 24
405 828 24
1993 923 24
923 2016 14
923 2935 20
923 617 23
4251 991 24
991 816 8
991 32 14
32 3690 4
32 2709 8
2709 1092 7
1092 717 4
2709 4733 7
717 508 9
717 1770 9
3690 4535 12
4535 2148 14
508 4967 14
4967 1915 18
1915 1134 17
816 531 19
531 1746 17
531 4105 17
816 1837 19
1837 96 12
32 503 20
991 2542 20
717 1636 22
2389 1040 24
1040 1393 4
1040 1739 6
67 1146 24
4163 1179 24
3200 1209 24
3412 1299 24
1071 1395 24
1430 1417 24
1417 4326 17
4326 4213 8
1417 1437 22
1437 2899 11
1417 2641 23
1993 1564 24
1564 3712 6
825 1624 24
1624 1640 8
1640 2182 1
2182 205 5
1640 915 7
915 1566 6
1566 1861 6
1861 4432 3
205 232 10
232 1734 4
232 2576 10
1624 521 15
1861 4090 16
4090 2777 6
4090 3205 18
915 981 19
232 3520 20
3520 2147 4
4090 4858 21
1734 1844 22
1844 3020 19
185 1641 24
1814 1648 24
1648 4598 12
4598 410 11
410 3824 7
410 3230 8
3824 4961 15
4961 4796 21
4796 3635 16
3635 3566 5
3635 4701 6
3635 831 10
4598 114 22
114 1567 10
114 586 22
586 4252 5
4252 2948 14
114 755 24
755 2269 14
2269 3692 18
755 3548 22
3548 4255 15
3548 995 17
2269 1080 24
3301 1914 24
3684 1929 24
1929 4702 3
4186 1948 24
1948 567 2
567 2798 2
2798 2725 10
1948 4562 12
4562 172 4
172 4003 16
172 3917 23
1579 1991 24
1991 3547 1
3547 4983 16
4983 921 5
921 2362 3
2362 16 13
3547 4114 20
2362 792 22
4536 2049 24
2049 1424 14
1424 4092 11
4092 4355 10
4355 4799 14
4355 2086 17
2086 2884 2
2884 3142 19
3142 2814 10
3230 2054 24
2054 1210 7
1210 4109 4
4109 3345 3
3345 4664 17
1475 2067 24
3762 2081 24
2081 1942 17
1564 2164 24
2164 3275 2
3275 371 18
2448 2205 24
2205 2214 21
1760 2236 24
3381 2297 24
2297 1064 9
1064 836 12
836 2906 9
1064 539 24
965 2302 24
1241 2360 24
1865 2540 24
2540 983 15
983 1291 19
4940 2569 24
2569 3858 10
2569 2731 17
2731 4192 3
2731 4050 5
4192 4510 9
4510 118 1
4510 218 7
118 1585 10
118 4066 15
4050 874 24
1590 2591 24
1996 2865 24
3297 2888 24
2888 1101 8
2888 707 19
707 2817 2
1101 900 22
900 4533 4
900 2963 15
2963 1463 4
1463 3552 23
4545 2956 24
1126 3106 24
379 3136 24
3339 3392 24
3392 743 1
743 1133 4
1133 3785 7
3785 2635 2
2635 1801 2
1801 288 3
3785 3464 10
1133 1365 24
965 3495 24
3495 3945 11
375 3518 24
3271 3713 24
3672 3874 24
3874 1969 11
1969 1284 12
1284 1189 4
2304 3898 24
2376 3911 24
3911 4551 9
460 4012 24
4012 4950 1
4950 4405 9
4405 4634 12
1219 4045 24
2582 4082 24
524 4095 24
4095 3328 17
1345 4392 24
4435 4466 24
3279 4494 24
4494 4945 1
2045 4514 24
4514 3376 20
3376 533 24
4514 3959 24
4571 4729 24
4729 4713 20
748 4779 24
340 4902 24
4902 1676 11
3333 79 25
79 4581 3
4581 1358 7
1358 1614 6
1358 1166 14
1166 909 22
1358 298 23
1637 233 25
1506 293 25
293 2298 6
2298 3775 13
293 2097 24
1491 353 25
390 422 25
1911 434 25
3139 476 25
476 3851 19
4647 499 25
1616 516 25
516 4676 17
961 659 25
1230 732 25
732 234 21
234 2560 15
307 746 25
746 4141 11
611 869 25
1998 922 25
922 3587 5
90 980 25
980 4399 7
980 3694 9
574 1018 25
1957 1051 25
1051 2521 10
1813 1149 25
1149 111 11
111 597 7
1149 1812 18
1292 1218 25
612 1254 25
145 1282 25
1282 3096 7
1282 4414 9
2368 1476 25
1476 4884 11
4884 1586 4
3154 1520 25
1520 1872 5
1872 4002 6
1520 1338 13
1520 849 18
1730 1536 25
172 1635 25
1635 4857 21
4857 4039 12
4039 2900 5
4039 2663 14
2663 893 14
4857 3980 14
893 3452 19
3452 2614 21
4279 1751 25
1751 797 10
1751 4909 14
797 3021 15
4909 3335 19
25 1838 25
1838 4891 7
1838 2941 10
1838 2632 13
2941 4127 24
4127 3040 16
3040 497 15
497 4716 6
4127 1979 22
497 492 23
492 1659 15
1659 3572 24
3572 4731 20
4731 3189 4
3189 3527 4
4731 872 20
1367 1941 25
4839 1963 25
1963 2718 9
1963 513 23
513 3512 12
513 2025 16
513 66 18
66 2609 18
1871 1985 25
1985 1053 13
1053 752 6
1053 4651 17
4651 2669 15
251 2030 25
2030 3044 9
2030 920 20
920 350 17
1995 2082 25
2082 3291 20
2082 906 22
1161 2253 25
2253 144 11
144 338 15
520 2258 25
2258 1722 15
3001 2313 25
2313 4910 13
4910 4211 6
4211 1583 4
1583 3466 8
1914 2760 25
501 2775 25
2775 2579 13
2579 1909 7
1909 4073 3
4073 4849 11
2914 2861 25
4091 2917 25
2917 4293 2
2917 3820 18
4255 3023 25
3979 3098 25
3098 3248 12
3248 2339 19
4443 3132 25
1154 3149 25
3149 3774 19
2149 3177 25
3177 884 3
1222 3218 25
3218 1130 5
3971 3251 25
3251 2222 15
327 3312 25
4357 3340 25
3340 4952 12
4952 3553 23
3011 3352 25
3352 1474 11
1474 3522 21
4718 3380 25
4288 3383 25
3383 3859 14
3699 3474 25
3474 1140 5
1140 4526 2
1140 4875 4
2323 3811 25
3811 4752 2
3811 4206 11
654 4048 25
567 4156 25
4156 1684 17
3695 4178 25
4178 1249 4
4178 3827 8
3827 3609 8
1249 2668 13
3609 3560 14
2668 472 20
2668 1516 24
472 3744 24
2376 4316 25
4089 4559 25
2555 4568 25
4568 237 3
237 1110 6
210 4675 25
4675 1621 2
1621 3355 12
1621 2654 22
1628 4705 25
1766 4709 25
1687 4744 25
4744 490 21
490 3026 6
490 1213 9
1213 933 8
933 2383 10
1213 2715 11
490 2152 20
3146 4781 25
2639 4803 25
4803 2831 23
1138 4976 25
53 121 26
1182 153 26
153 1243 13
385 441 26
962 481 26
481 3578 11
3578 4487 4
4487 60 6
4487 3779 23
3779 2995 18
60 3183 24
250 526 26
526 4999 2
526 3165 17
3165 3110 10
4999 4077 21
4077 3171 21
2394 557 26
518 624 26
624 45 8
45 2608 6
45 507 7
45 161 14
2608 115 21
115 4895 1
115 1904 14
1124 631 26
631 2309 8
2309 4673 11
631 54 13
54 838 14
838 1285 5
2309 2969 25
4503 703 26
703 117 19
714 939 26
939 279 11
279 1264 12
1264 637 11
939 2037 13
637 2610 15
1264 2819 20
2037 3485 20
3485 2801 6
3485 3659 19
637 4932 20
47 1030 26
2231 1044 26
2246 1049 26
1403 1119 26
674 1211 26
1211 3691 1
3691 2515 10
944 1398 26
1398 447 6
447 1848 24
1672 1507 26
684 1688 26
3350 2024 26
3288 2038 26
2038 4520 10
2639 2099 26
2099 1260 2
2099 1740 4
2099 3113 5
1740 4841 18
3113 192 21
192 2824 17
192 146 21
1260 3034 25
864 2334 26
2334 891 1
2334 1020 8
1020 744 26
4227 2470 26
2084 2520 26
2520 1087 21
1087 968 4
1087 373 22
2255 2526 26
2578 2559 26
2559 40 15
40 2312 1
2312 4277 7
4967 2692 26
2692 3843 10
2692 551 20
551 2039 21
3568 2753 26
1942 2766 26
1746 2859 26
2859 3788 24
3794 2896 26
3040 3052 26
3052 171 10
171 261 20
261 2125 13
2125 4035 21
4035 634 25
748 3156 26
3156 4260 21
3412 3163 26
236 3178 26
1131 3269 26
112 3386 26
3900 3503 26
3503 2657 13
2374 3671 26
3671 1664 8
254 3761 26
3761 352 8
352 570 2
570 4129 3
570 972 4
570 2243 9
972 1252 14
1252 81 1
1252 3862 4
3862 3022 1
3022 4250 9
1252 1425 14
1425 4018 11
4018 2465 10
2465 3439 11
972 4153 14
4129 4320 19
4320 2193 16
2193 1518 26
1518 2221 22
3019 3797 26
1172 3814 26
2782 3909 26
3909 757 10
3909 3613 14
112 3983 26
4076 4047 26
4047 2102 3
2102 801 10
801 1386 16
1128 4111 26
3989 4125 26
2960 4210 26
4879 4254 26
4254 662 18
662 4080 16
4080 772 11
772 4143 16
2825 4269 26
3844 4283 26
4283 1027 12
1027 4099 20
1938 4289 26
995 4346 26
4346 2130 22
4346 1623 24
1623 2124 1
1623 324 23
324 1831 8
324 894 12
4769 4398 26
4398 3364 3
4398 4117 20
4117 359 2
4117 2629 7
359 494 14
1347 4408 26
2262 4420 26
1575 4516 26
4516 1320 10
1320 3787 1
3787 4923 9
4516 3118 17
3118 3393 15
3393 2475 20
4516 1370 21
3787 2006 24
2006 2679 5
2679 455 26
455 4453 14
4453 899 22
3670 4687 26
750 4704 26
1394 4725 26
3954 4811 26
2013 4926 26
4926 4359 20
2124 4955 26
4955 716 8
716 2186 4
4379 4957 26
3140 365 27
1042 429 27
429 3283 3
4462 641 27
3337 642 27
642 207 9
791 835 27
835 4648 13
835 771 20
771 1390 5
1390 765 6
765 4583 5
765 621 21
621 1833 5
621 1599 6
1599 3046 15
1833 1374 26
2960 951 27
556 1077 27
1077 3942 26
335 1145 27
1145 2095 23
2095 1310 21
2095 3190 24
1310 162 27
162 4576 12
288 1151 27
1151 3718 3
1151 3802 23
958 1178 27
1178 44 1
1244 1192 27
225 1387 27
351 1396 27
1396 3261 4
377 1423 27
534 1456 27
1456 2703 5
525 1508 27
120 1653 27
2496 1668 27
1668 3082 14
1668 102 16
3082 1175 16
1175 1483 10
196 1755 27
168 1794 27
1540 1852 27
1877 1891 27
1891 823 19
823 1187 13
1187 1432 8
823 4445 16
823 3306 22
823 2432 24
2432 3448 25
1770 1892 27
3043 2019 27
2013 2040 27
2040 1407 26
1407 1342 26
534 2066 27
3180 2139 27
4681 2157 27
4501 2165 27
33 2204 27
3194 2238 27
406 2310 27
2310 4323 7
2903 2358 27
2358 3286 8
3286 4786 24
4786 1450 7
1450 3519 7
4786 4062 20
4062 2401 5
3125 2361 27
911 2594 27
638 2598 27
2598 2643 6
2643 4268 21
1425 2625 27
3845 2691 27
2341 2754 27
2754 946 11
2754 4749 15
4749 2211 15
2122 2922 27
81 2947 27
4284 2949 27
2949 3783 1
3783 203 9
3783 1258 24
46 3072 27
1754 3097 27
2642 3129 27
3129 1885 27
4896 3257 27
3257 3666 8
3257 3282 12
3282 778 5
3282 4329 6
3257 2649 25
2649 4751 5
2649 4548 15
4548 3253 26
3253 3643 3
3253 3157 22
3157 333 10
4751 4441 26
4088 3400 27
3696 3422 27
3422 2321 6
2224 3427 27
3427 3008 7
3008 3458 17
3458 4374 23
4859 3442 27
3442 3923 4
295 3589 27
2271 3651 27
1304 3662 27
1007 3716 27
912 3885 27
3885 679 11
3875 3920 27
4039 3965 27
3965 3601 25
3601 2544 11
621 4044 27
4044 529 11
1294 4189 27
2648 4236 27
937 4278 27
4278 2977 10
4278 3441 11
3441 4748 1
3441 532 12
532 1741 6
1741 3543 18
3441 4980 24
3269 4423 27
4423 2257 22
1212 4438 27
1510 4455 27
4269 4456 27
2182 4584 27
2005 4586 27
4728 4596 27
4596 4989 25
4989 820 24
820 2721 15
995 4633 27
4687 4657 27
144 4668 27
4668 2780 5
2780 2 13
2 84 25
684 4747 27
4311 4775 27
4840 4949 27
4949 4818 7
4949 2990 23
612 133 28
133 386 4
133 4349 27
1138 193 28
193 1454 27
1454 3443 1
1454 1553 24
1553 2353 27
2353 3069 19
1007 246 28
1257 448 28
341 478 28
404 512 28
317 687 28
687 1772 11
687 3602 18
687 693 24
3602 3914 25
3914 3767 20
3914 2106 22
471 729 28
342 943 28
943 596 12
596 2767 12
596 4789 16
4789 140 12
4789 4624 17
770 1083 28
1083 363 8
1083 1359 19
187 1113 28
1113 1275 12
1275 4106 13
4141 1160 28
1243 1242 28
1242 2373 11
637 1303 28
1303 2451 4
2451 3161 16
2451 996 25
996 1758 6
1758 4734 26
906 1344 28
1417 1443 28
385 1581 28
1581 2416 20
2416 4968 14
4774 1639 28
4570 1718 28
1718 3289 27
47 1791 28
1244 1822 28
4781 1835 28
1044 1889 28
1889 4823 27
4823 2717 3
2202 1946 28
1946 2877 8
1946 4863 17
4863 4772 3
4772 190 4
190 1170 10
4863 4977 10
190 4421 14
190 3066 25
1170 1331 28
1426 1972 28
380 2075 28
4077 2089 28
989 2136 28
2136 740 16
932 2174 28
2174 510 19
510 177 15
154 2227 28
2227 4669 21
4669 2581 22
441 2254 28
3416 2290 28
2290 2101 9
2155 2366 28
584 2377 28
2377 4670 1
4670 3680 5
3680 4990 6
4670 4878 10
4878 4486 10
3365 2472 28
60 2524 28
2524 4395 25
4395 3652 12
981 2590 28
4310 2846 28
1384 2848 28
638 2856 28
232 2881 28
2322 2887 28
3335 2907 28
1708 2919 28
2919 99 17
3519 2997 28
2997 4307 20
4307 3221 15
3904 3201 28
3201 3262 9
682 3229 28
2451 3307 28
1275 3446 28
4213 3459 28
951 3467 28
3490 3563 28
3563 258 16
258 4452 27
4452 4396 18
3460 3621 28
3621 2123 8
3621 879 18
879 3777 7
879 1399 19
1399 4433 7
1399 3623 12
3623 3155 8
1399 4975 15
4433 4273 24
1254 3688 28
3688 439 10
3688 2944 11
3688 560 22
2167 3726 28
4291 3792 28
4149 3801 28
2072 4197 28
1390 4198 28
4198 3315 4
4198 1933 7
2795 4240 28
4240 4182 8
4240 4808 10
4808 1183 3
4182 1205 21
1640 4304 28
4304 4459 9
4459 4743 3
4743 3263 11
3263 999 3
4304 2879 16
3263 1068 24
2339 4397 28
4397 1341 16
1227 4430 28
2100 4434 28
4434 3027 27
3027 2469 14
2469 1970 6
2469 1324 26
3101 4498 28
4565 4557 28
1996 4582 28
1805 4700 28
812 4755 28
1841 4782 28
2043 4862 28
1390 4868 28
3690 4935 28
2103 4944 28
148 4969 28
4969 2417 25
2417 1141 5
2600 58 29
210 244 29
105 310 29
310 843 23
472 369 29
923 423 29
144 578 29
250 725 29
382 756 29
3422 875 29
875 3882 6
344 897 29
4361 898 29
4945 903 29
903 2138 9
903 2226 15
2138 4215 19
4215 1251 16
390 1046 29
1046 2804 4
4293 1052 29
1052 3475 7
1052 482 16
482 1530 20
1730 1058 29
1058 1283 2
1283 1787 27
1787 2571 7
2810 1199 29
1199 3300 20
1338 1214 29
1214 1847 28
327 1234 29
1234 2757 6
3355 1434 29
162 1448 29
136 1660 29
1660 2407 27
2981 1816 29
446 1825 29
1825 4530 2
1825 2736 22
1825 1584 24
771 1881 29
2227 2041 29
3755 2088 29
510 2159 29
2159 38 2
38 2018 7
2159 4084 13
38 63 16
63 1523 13
1523 602 3
1523 3438 3
38 226 16
226 314 23
3438 3471 25
10 2237 29
2855 2241 29
4085 2369 29
2208 2375 29
2375 2686 26
3401 2379 29
3643 2440 29
4453 2445 29
2445 1984 11
1699 2539 29
1894 2570 29
955 2611 29
627 2637 29
2637 2307 22
2307 3574 12
2307 3497 21
3497 2588 21
2658 2651 29
2651 1274 1
2651 2080 9
2755 2676 29
1483 2688 29
3718 2796 29
242 2871 29
2871 4309 22
2196 3071 29
808 3131 29
3131 1268 9
1268 1497 6
3708 3231 29
407 3316 29
3112 3351 29
1807 3357 29
3357 1677 25
846 3359 29
3897 3437 29
4761 3482 29
3930 3641 29
4917 3826 29
2380 3848 29
2107 4010 29
600 4176 29
4265 4229 29
1955 4270 29
1021 4317 29
106 4603 29
4603 1102 12
1151 4662 29
4662 3064 8
3064 2287 12
4662 4988 23
1086 4778 29
3525 4853 29
1109 4860 29
834 164 30
164 4903 18
3452 255 30
255 3083 18
2138 440 30
440 1978 6
3108 445 30
445 27 8
27 2585 9
2753 502 30
551 523 30
523 3367 8
260 607 30
607 4239 11
4239 2342 4
2342 1465 1
2342 4318 2
4239 3310 29
466 609 30
3594 640 30
3808 664 30
325 706 30
706 558 3
706 2773 16
558 1014 19
1014 3169 23
3169 3997 16
3169 4852 26
1014 1504 29
427 723 30
726 751 30
619 811 30
603 1094 30
1094 2252 6
1094 3993 12
3993 155 11
155 4521 5
155 3425 11
2252 4739 12
155 4588 13
4588 3115 17
3700 1208 30
1208 302 12
1208 3702 18
1208 4800 21
1226 1435 30
2754 1460 30
1460 3089 17
1460 1082 28
3694 1601 30
4724 1682 30
1682 3502 29
1950 1824 30
740 2007 30
2428 2178 30
4366 2198 30
3568 2228 30
1947 2481 30
1 2509 30
84 2683 30
2683 4994 11
4994 2765 8
2765 563 7
563 905 16
3034 2695 30
2695 562 4
2449 2750 30
2750 4529 20
2917 2832 30
3412 2955 30
3320 2974 30
1134 2982 30
2080 3031 30
2887 3188 30
2026 3331 30
1072 3551 30
641 3619 30
2308 3790 30
2147 3889 30
1261 3948 30
3948 4205 16
2103 3975 30
3301 4015 30
2006 4263 30
3680 4382 30
514 4401 30
769 4537 30
4537 2617 16
2617 4641 4
4537 1031 29
2617 4137 29
2372 4556 30
4556 1333 25
1333 3195 10
2946 4684 30
528 4692 30
197 4922 30
2157 285 31
285 3818 5
3818 4572 2
285 381 8
3347 320 31
1843 484 31
551 591 31
591 4908 13
4908 505 2
591 3849 19
497 677 31
286 713 31
3335 924 31
924 3753 9
4648 1076 31
4691 1139 31
747 1353 31
553 1356 31
3912 1525 31
4607 1529 31
1529 739 19
1529 3780 22
1455 1670 31
1670 4578 3
4578 3891 8
1670 3028 20
3028 3410 30
3410 1216 25
2108 1689 31
1689 1512 17
1280 1862 31
1862 496 23
1188 1918 31
1918 3232 15
3937 2001 31
1981 2276 31
2276 4855 6
2276 3880 14
437 2393 31
2393 389 3
389 3372 24
3372 1431 19
2393 1097 28
1097 3604 18
3604 2523 18
2523 3421 12
3421 2424 22
2424 3645 28
2055 2395 31
3644 2422 31
2422 2042 7
2042 3679 17
3679 3244 10
3679 4128 19
3244 1421 24
4128 2677 24
4128 184 26
184 2356 15
184 4220 27
4220 4418 19
4418 3633 21
3610 2834 31
637 3018 31
3018 2514 3
3018 1605 21
50 3030 31
3030 2604 31
3802 3088 31
2003 3122 31
4644 3209 31
4758 3294 31
1083 3324 31
3648 3389 31
352 3396 31
2534 3444 31
2897 3661 31
3661 3000 6
4231 3669 31
3669 1783 7
3669 362 21
1783 4946 28
362 2491 29
1460 3673 31
2189 3745 31
476 3789 31
3789 1245 18
1245 1169 18
472 3819 31
211 3836 31
1660 3854 31
3854 2923 19
3718 3939 31
3939 2104 21
829 4074 31
4216 4274 31
45 4524 31
4524 1206 20
1206 2455 29
2455 4416 3
3458 4574 31
4574 2486 14
4574 3487 15
2190 4627 31
4935 4750 31
940 80 32
2217 159 32
159 985 4
983 356 32
356 4356 14
4356 1563 17
1563 4469 1
1563 3225 29
3225 3927 19
3225 2506 21
2506 4306 28
1555 506 32
506 2441 5
255 548 32
548 633 4
548 2845 17
633 2239 20
3877 759 32
759 3913 28
3913 4815 5
3913 3124 25
3124 72 23
1141 777 32
1669 1153 32
790 1207 32
3659 1389 32
1389 1936 4
1936 1681 6
1389 975 18
1389 2627 19
975 644 27
644 3557 24
3557 1039 24
194 1409 32
1409 4298 15
4298 4191 26
4191 1983 19
3810 1482 32
1482 3915 13
1355 1492 32
1448 1539 32
16 1752 32
1752 4031 1
1752 2623 9
2623 4464 8
4464 2662 31
2662 1288 3
2662 2693 5
1288 175 14
1146 1759 32
1759 3172 28
4370 1926 32
4091 1980 32
1648 1987 32
1987 2429 5
2515 2079 32
3865 2291 32
1389 2319 32
3225 2442 32
2442 3725 16
3725 3493 15
3493 3095 20
3493 4925 24
3143 2468 32
1655 2551 32
2551 2840 20
2840 2348 29
2348 2704 7
2704 2275 16
2275 858 21
858 391 13
391 334 3
334 2528 1
391 3346 12
391 1028 14
3346 4203 18
2704 4869 25
1233 2647 32
3320 2815 32
2908 2939 32
3934 3080 32
1211 3105 32
4973 3167 32
3167 2843 15
270 3264 32
3599 3281 32
4902 3451 32
3451 2857 22
3919 3544 32
3544 4428 22
1112 3577 32
3577 665 28
665 4325 11
665 2710 23
1486 3632 32
3632 4829 25
439 3886 32
1457 4022 32
4022 1105 30
1105 1010 13
1010 2478 31
352 4040 32
4040 1468 4
999 4063 32
4148 4069 32
738 4157 32
2140 4162 32
4162 1181 12
2403 4165 32
2706 4253 32
4253 3750 7
2297 4342 32
4342 3981 3
3981 4606 10
3430 4369 32
2693 4422 32
2364 4472 32
4472 332 7
1681 4475 32
4475 4871 28
169 4534 32
4534 2872 20
2641 4746 32
1338 4958 32
1383 29 33
29 39 25
38 42 33
42 294 27
42 4835 32
119 188 33
188 809 23
1147 274 33
2184 432 33
430 469 33
2939 552 33
552 737 19
552 395 25
737 509 25
509 2675 15
2675 3500 1
3500 2564 11
2564 2118 4
2118 1429 16
2564 1742 21
2118 3833 22
2675 4947 22
2564 2295 31
4728 585 33
1560 598 33
598 2172 1
219 616 33
2752 848 33
848 2685 29
687 1193 33
3705 1296 33
1093 1323 33
1309 1433 33
1433 3508 29
4820 1788 33
2131 2096 33
2096 3614 13
3614 4001 25
4623 2220 33
361 2446 33
4892 2545 33
2879 2687 33
2687 1704 23
1704 4727 2
4727 4714 16
3487 2734 33
2226 2792 33
293 2821 33
2821 1600 10
1514 2830 33
2830 3905 20
448 3378 33
3378 2028 11
2279 3528 33
3528 789 8
789 1004 33
1004 1499 16
1499 1903 17
1234 3559 33
1170 3593 33
1497 3634 33
1595 3717 33
1459 3822 33
1951 3903 33
2473 4020 33
4020 3584 13
3001 4070 33
1486 4124 33
1144 4161 33
770 4179 33
4179 4174 16
2024 4335 33
2801 4348 33
4348 4592 5
4592 4882 8
4348 1263 26
1263 316 20
316 4518 12
4518 2350 16
4190 4358 33
420 4364 33
1712 4612 33
4612 784 24
70 4830 33
4830 3405 25
3405 3724 21
660 4864 33
3119 4996 33
123 217 34
1321 312 34
1808 573 34
3937 579 34
384 680 34
901 736 34
362 787 34
787 2667 10
642 941 34
153 959 34
4162 1073 34
1073 845 11
3257 1162 34
1172 1220 34
1220 4336 9
2163 1376 34
1376 2583 11
1376 3092 16
3075 1413 34
794 1428 34
2647 1615 34
1615 1792 11
614 1666 34
1666 4921 9
1740 1701 34
2609 1706 34
1706 2032 18
1706 1858 20
1979 1908 34
1814 1940 34
3627 1975 34
2890 2098 34
2098 4689 24
3095 2251 34
3534 2430 34
2579 2566 34
2566 3803 26
506 2640 34
163 2701 34
2701 2822 24
1032 2749 34
495 3042 34
2815 3047 34
550 3341 34
471 3409 34
1583 3640 34
3640 1768 12
1768 1836 1
3408 3890 34
931 3926 34
292 3951 34
3951 2113 19
1431 3985 34
1557 4017 34
2165 4171 34
4171 4083 21
669 4223 34
4223 3685 26
4298 4232 34
113 4259 34
4259 1074 13
1074 241 25
241 2283 16
2300 4495 34
259 4508 34
4508 4609 3
4609 3988 16
4508 3960 30
1669 4543 34
3225 4553 34
4338 4638 34
3444 4660 34
4660 2176 17
4012 4826 34
4643 4851 34
4851 3193 15
3792 4885 34
4022 4919 34
4919 1935 4
563 4 35
2030 202 35
202 4741 16
2734 449 35
44 942 35
166 960 35
4091 976 35
976 1769 18
2156 1248 35
367 1357 35
4579 1661 35
1661 3654 4
1661 3313 31
1036 1713 35
1713 1795 19
1795 1171 22
1092 1733 35
1733 3964 21
3920 1735 35
1735 3752 21
3752 3266 7
3752 4086 19
4086 4426 7
4426 4368 3
4426 2839 7
4086 2315 15
1616 1781 35
4619 1796 35
1796 4112 3
468 1840 35
1914 1845 35
12 1912 35
1912 4992 2
4992 4523 4
1912 3646 34
3410 2180 35
3257 2249 35
213 2330 35
1394 2398 35
766 2400 35
2207 2408 35
2408 2880 19
1666 2596 35
267 2650 35
3497 2905 35
1715 3050 35
1141 3099 35
4430 3175 35
3175 4436 19
2651 3311 35
2519 3342 35
2871 3360 35
2818 3362 35
3362 3325 33
710 3368 35
3368 818 35
818 3831 29
3831 1604 5
2840 3426 35
253 3541 35
1871 3562 35
3562 3729 27
3729 209 28
1260 3738 35
3726 3756 35
3756 4164 1
3756 826 11
2112 3838 35
3838 1943 31
1943 3532 32
571 3869 35
3509 3887 35
3791 3924 35
2623 4000 35
660 4021 35
4021 1517 11
271 4032 35
565 4381 35
4026 4569 35
4569 2726 3
4569 4915 33
4475 4671 35
897 4703 35
2717 4825 35
4344 4865 35
1334 4901 35
3650 149 36
149 4115 10
4115 1442 27
149 4388 28
1180 388 36
388 4199 1
4199 1719 12
3489 428 36
529 433 36
770 511 36
855 543 36
4008 568 36
113 753 36
599 754 36
1072 822 36
783 890 36
890 2827 24
4357 1418 36
1418 3394 1
1418 4528 13
1418 1656 26
2868 1452 36
422 1466 36
3238 1515 36
1515 189 10
1569 1703 36
4568 1818 36
1091 1829 36
523 1898 36
2699 2094 36
2094 2876 20
2876 4476 23
4476 2458 9
2458 199 7
2458 1977 27
2861 2144 36
1639 2260 36
1202 2264 36
987 2344 36
2265 2508 36
2508 2230 4
2315 2674 36
217 2697 36
2697 3211 3
1157 2728 36
2728 3303 28
3303 4389 24
2886 2733 36
3082 2758 36
2758 2218 7
2218 4275 16
2976 2904 36
2904 1982 9
1982 4866 33
1466 2921 36
2921 2803 18
1741 3012 36
3012 2622 17
731 3216 36
3216 4608 35
2722 3280 36
4504 3295 36
4470 3370 36
198 3580 36
370 3581 36
3581 1388 33
1651 3704 36
1519 3899 36
491 4169 36
4534 4372 36
1321 4490 36
4778 4500 36
4157 4628 36
4685 4654 36
684 4881 36
46 35 37
3990 173 37
3266 180 37
180 4585 4
4585 4300 2
585 569 37
173 632 37
1358 715 37
46 842 37
4542 974 37
974 1931 12
1931 3334 35
3334 4870 14
4870 4319 19
4905 1054 37
1917 1184 37
2665 1449 37
1449 4375 2
4375 3758 3
4375 2036 27
2036 3220 6
4127 1721 37
1721 895 12
895 1035 11
1035 4282 14
895 2864 31
334 1930 37
1930 2181 8
4414 2002 37
1303 2021 37
1100 2317 37
3683 2329 37
2321 2357 37
2357 1959 24
3331 2467 37
3807 2484 37
4319 2849 37
3797 2913 37
2913 947 19
947 4256 18
947 908 22
1472 2958 37
4864 2970 37
1969 2992 37
4075 2993 37
1245 3153 37
423 3158 37
3677 3217 37
3217 3404 2
2433 3240 37
3240 4942 1
3240 138 13
4942 3872 28
184 3535 37
2836 3840 37
2725 3922 37
3587 4042 37
4164 4102 37
2769 4267 37
845 4380 37
3572 4482 37
4482 3084 2
4482 4507 32
4507 128 28
3084 3732 35
4370 4554 37
2674 4822 37
2374 4904 37
4816 4982 37
4982 301 22
438 4995 37
2446 97 38
118 268 38
439 768 38
1365 833 38
629 1302 38
1263 1458 38
1458 2063 35
588 1464 38
1464 3147 2
4574 1524 38
1524 4809 23
2773 1543 38
916 1552 38
1552 666 20
765 1626 38
3335 1663 38
3229 1693 38
4659 1762 38
875 1905 38
1970 2022 38
2022 4371 32
2031 2234 38
2234 643 23
3007 2450 38
4995 2518 38
2518 3249 10
1228 2664 38
605 2740 38
152 2778 38
284 2833 38
2833 3506 20
3506 56 31
3387 2863 38
1664 3116 38
1914 3173 38
1755 3210 38
4209 3411 38
3411 4632 23
3411 2724 26
2724 580 13
3337 3536 38
3536 3625 36
1556 3603 38
1431 3728 38
690 3958 38
823 4079 38
3283 4113 38
1318 4527 38
3818 4615 38
4615 2505 9
2505 4776 16
1338 4640 38
2075 4667 38
2184 4679 38
2051 4991 38
1442 55 39
55 4120 8
55 2812 34
4182 527 39
1394 577 39
909 593 39
429 698 39
457 722 39
2697 793 39
2505 925 39
925 4876 4
1029 1240 39
1240 4642 10
4110 1382 39
1382 3162 23
3162 2340 20
2928 1502 39
1502 3407 4
353 1645 39
1645 4907 23
4907 2325 10
4907 4224 30
2325 3484 38
2770 1702 39
1702 2549 34
3432 1934 39
131 2137 39
725 2199 39
2199 3949 3
2151 2244 39
2244 4740 32
1869 2347 39
1326 2593 39
1633 2745 39
2745 479 37
4701 2954 39
4435 3150 39
4914 3465 39
959 3516 39
3516 3955 30
4502 3526 39
3526 2059 32
55 3546 39
901 3649 39
3099 3766 39
3779 3896 39
2570 4023 39
4023 3041 16
4023 318 29
318 247 13
214 4046 39
4046 4620 5
4620 2306 21
4046 4850 33
4850 2439 37
558 4144 39
3750 4150 39
224 4194 39
4194 4444 38
4444 1562 3
4444 4442 4
1562 4134 13
4444 1631 21
1631 2980 7
1049 4290 39
4868 4546 39
2040 4655 39
4820 4710 39
1260 4722 39
1823 4930 39
196 91 40
91 3941 35
3847 480 40
480 537 4
480 945 27
719 1103 40
1103 1750 13
1077 1186 40
1186 1541 26
1541 2698 2
1186 1513 28
4821 1402 40
1402 1509 34
2751 1548 40
1528 1674 40
1370 1683 40
1950 2062 40
2063 2209 40
2209 4998 36
3544 2261 40
2441 2273 40
2798 2414 40
3805 2507 40
1633 2628 40
474 2737 40
330 3059 40
3059 1266 5
2417 3197 40
4341 3198 40
1066 3208 40
4264 3329 40
3574 3456 40
3456 1725 11
983 3749 40
1292 3809 40
4371 4014 40
2291 4424 40
2483 4447 40
3016 4686 40
2529 4801 40
3538 4836 40
903 6 41
6 26 4
4190 156 41
3844 243 41
2885 970 41
623 1239 41
2526 1278 41
1278 4130 14
4130 3863 7
2978 1438 41
1438 3776 20
2762 1545 41
667 1761 41
1761 3916 25
1669 2187 41
4160 2619 41
2619 1971 29
1971 3326 24
3326 2121 36
2223 2633 41
1184 2790 41
2790 1090 14
2592 2933 41
4278 2950 41
66 3010 41
1088 3093 41
3280 3117 41
997 3440 41
4296 3480 41
2423 3488 41
4763 3545 41
3545 1665 36
4207 3586 41
937 3799 41
2460 4108 41
4108 2552 14
1842 4243 41
2782 4409 41
4409 4979 20
9 4563 41
2990 4602 41
1554 4665 41
4665 4974 36
1303 4738 41
4738 2763 34
311 135 42
219 589 42
209 949 42
949 1075 20
949 2525 23
1151 1404 42
1374 1405 42
1405 4639 35
2349 1532 42
1532 2284 6
2284 3496 11
4332 1922 42
2034 1924 42
3458 1992 42
1938 2087 42
322 2301 42
3677 2495 42
3862 2645 42
990 2747 42
428 2794 42
4422 2853 42
2191 2883 42
2359 3035 42
2144 3179 42
1399 3420 42
3420 1354 4
3420 2599 13
1354 2690 37
1733 3486 42
1265 3530 42
2608 3556 42
1332 3561 42
2946 3781 42
3781 1106 2
1106 3184 19
3781 2510 23
250 3893 42
3893 3598 29
4194 3894 42
97 4041 42
1642 4295 42
2409 4331 42
4331 3481 25
4331 2605 33
4859 4451 42
3904 4785 42
2711 4873 42
4148 4937 42
4937 2371 35
2371 4440 34
142 215 43
1404 416 43
416 4784 2
487 841 43
180 994 43
177 1378 43
214 1576 43
520 1789 43
298 2000 43
311 2012 43
37 2268 43
3802 2480 43
1261 2538 43
2262 2761 43
2699 3068 43
996 3073 43
601 3176 43
2050 3273 43
3508 3276 43
787 3287 43
3287 3037 17
626 3698 43
2389 3772 43
3772 4181 22
1583 4132 43
3829 4142 43
1428 4477 43
3287 4650 43
3803 4939 43
1816 383 44
1333 651 44
1777 1158 44
1719 1229 44
85 1322 44
1035 1658 44
2965 1737 44
698 1846 44
969 1882 44
3109 1919 44
1919 1727 43
2846 2065 44
2065 3237 5
3616 2070 44
1376 2077 44
2077 1650 13
370 2240 44
1493 2286 44
2494 2337 44
2337 4766 1
2337 3133 36
2134 2370 44
3533 2466 44
2426 2477 44
719 2603 44
2674 2744 44
1702 3039 44
803 3239 44
1233 3343 44
3343 4768 29
3702 3428 44
3428 2656 27
2827 3664 44
3192 3973 44
271 4013 44
4013 4580 42
4035 4055 44
4055 3397 42
3397 4322 29
4322 132 13
3721 4377 44
4826 4460 44
1463 4461 44
4732 167 45
339 393 45
46 394 45
4692 541 45
3416 645 45
4461 807 45
1726 860 45
860 852 31
721 1137 45
359 1330 45
4552 1363 45
3399 1440 45
2495 1527 45
3216 1558 45
1558 4071 19
4071 2720 7
4071 272 28
1972 1763 45
97 1880 45
182 1952 45
1952 2723 10
1952 3469 11
1056 2171 45
4928 2431 45
1717 2443 45
3192 2489 45
970 2901 45
2293 2916 45
3590 2986 45
1295 3045 45
1105 3449 45
3449 3309 40
4444 3592 45
177 3873 45
1666 4019 45
783 4060 45
1306 4138 45
2195 4183 45
3950 4933 45
3570 919 46
4230 1006 46
3351 1444 46
1444 3148 27
2544 1828 46
1788 1870 46
1870 1538 44
606 2132 46
892 2250 46
2062 2336 46
2336 462 32
2567 2655 46
4164 2689 46
2689 454 15
597 2719 46
2719 2133 1
1874 2851 46
2851 2411 33
478 2902 46
2902 3796 9
2902 4564 26
4564 3564 14
3564 465 46
4286 3005 46
3005 2456 7
3005 2937 10
2937 1236 12
4085 3104 46
3104 3086 37
874 3199 46
4097 3454 46
3454 3830 14
3830 4103 35
1130 3853 46
3853 2085 14
1066 4201 46
84 4266 46
1380 4661 46
4661 4525 44
2307 431 47
2003 749 47
2401 1445 47
1445 3637 26
4314 1596 47
1596 2945 13
2478 2270 47
2270 1765 14
1765 4411 22
4172 2661 47
4714 2700 47
3471 2743 47
2743 3747 30
4373 2918 47
4264 3033 47
1960 3236 47
4012 3321 47
1548 3423 47
4138 3618 47
770 3723 47
778 3773 47
175 4353 47
4874 4672 47
2322 4780 47
1372 4985 47
839 470 48
818 592 48
1466 1009 48
1009 4297 19
2894 1195 48
1195 957 19
1195 973 40
1989 1217 48
4751 1550 48
1642 1906 48
1508 1999 48
97 2153 48
3080 2225 48
2584 2806 48
2806 1117 12
4880 2854 48
2854 2057 40
4840 3078 48
3736 3137 48
3230 3413 48
439 3607 48
787 3842 48
3426 3976 48
3280 4170 48
360 4294 48
4294 4009 13
4009 3550 23
2495 4324 48
4324 4791 29
839 4805 48
567 443 49
443 280 21
3016 646 49
2472 696 49
4266 952 49
524 1136 49
1158 1360 49
2015 1397 49
1397 1757 17
2059 1888 49
3771 2331 49
2976 2479 49
2479 4960 48
551 2694 49
1850 2809 49
2809 1047 27
1047 2999 24
2999 2756 45
1356 3055 49
3207 3429 49
3429 1667 27
1606 3768 49
2677 3952 49
1541 4180 49
4180 95 18
2559 4233 49
4233 953 47
4064 4352 49
203 4413 49
596 4560 49
716 347 50
4610 859 50
859 1003 42
1003 1694 40
2107 1276 50
2488 1481 50
3155 1619 50
2733 2093 50
340 2145 50
2145 982 19
187 2203 50
4554 2328 50
2569 2557 50
2617 2646 50
4877 2774 50
2774 926 19
832 3453 50
1974 3938 50
4396 4471 50
137 4491 50
107 4505 50
4367 4550 50
915 4591 50
4994 4848 50
4848 4391 44
517 4906 50
1154 326 51
326 372 42
3314 1089 51
1089 3612 46
3612 3832 5
1580 1678 51
1678 4385 24
1463 2378 51
3776 2474 51
2474 1127 8
1127 1593 2
4826 3304 51
1462 3567 51
3300 3624 51
4986 4024 51
4178 4065 51
434 4351 51
1014 4402 51
1917 4594 51
738 4813 51
2909 542 52
664 1099 52
1099 615 40
1497 1173 52
1742 1594 52
3852 1680 52
1680 1542 5
325 2120 52
2120 4390 4
2120 3450 43
3450 3963 12
4354 2128 52
3366 2166 52
161 2435 52
1526 2554 52
464 2572 52
3022 2659 52
1052 2732 52
2630 3219 52
3401 3356 52
976 3778 52
3532 4261 52
4481 4788 52
3727 1362 53
339 1793 53
986 2878 53
4884 3513 53
2178 3816 53
4602 4005 53
4703 4049 53
1167 4098 53
1262 4184 53
4801 4257 53
4257 1574 53
2100 4312 53
2694 4313 53
595 4393 53
3745 4783 53
2477 417 54
3636 1728 54
3052 2135 54
4135 2169 54
2862 2188 54
814 2512 54
1734 2672 54
2112 2713 54
1128 2895 54
287 3517 54
3264 3597 54
738 3600 54
472 3739 54
2648 4188 54
4188 3390 46
3390 2391 35
2065 4934 54
1006 1964 55
1964 3025 35
581 3246 55
2980 3402 55
1237 3555 55
1906 3892 55
92 4173 55
1550 4237 55
4404 4484 55
4604 4706 55
3631 4956 55
122 387 56
3311 1114 56
2112 1312 56
3697 2311 56
2311 3731 10
4592 2354 56
1977 2413 56
3575 2979 56
1617 3038 56
2256 3152 56
2426 3277 56
3277 1286 53
2657 3537 56
3537 956 3
4264 3653 56
1242 206 57
4804 824 57
824 2010 20
15 1111 57
861 1920 57
2173 2009 57
4288 2109 57
1206 2461 57
3494 2516 57
2950 2869 57
1453 2873 57
889 3256 57
876 3626 57
4323 3763 57
3048 3867 57
3624 4845 57
4106 4883 57
938 1710 58
1710 4963 20
1390 1875 58
1875 1231 37
2610 1953 58
723 2333 58
3344 3585 58
648 3998 58
4786 4412 58
268 1096 59
962 1533 59
839 1764 59
1012 1925 59
338 1927 59
145 3436 59
3436 3501 7
3940 3710 59
3943 4228 59
2296 4247 59
3187 4281 59
262 4437 59
4191 4893 59
237 1061 60
3931 1215 60
3459 1649 60
2247 2860 60
2860 3638 27
1136 3107 60
4346 3483 60
4691 3741 60
973 4006 60
2838 4219 60
84 398 61
779 813 61
2265 1771 61
1553 1786 61
1786 4697 38
2546 3285 61
3883 3354 61
3386 3571 61
965 463 62
100 847 62
978 3391 62
4112 4217 62
3996 4737 62
2780 4806 62
2220 69 63
4810 1079 63
4266 2952 63
3632 1235 64
4520 1697 64
4638 3674 64
3574 1033 65
2541 1547 65
1461 2779 65
1405 3348 65
3699 4140 65
3995 4666 65
4957 2303 66
1357 2482 66
2482 4544 51
644 2498 66
3755 2511 66
3761 3369 66
1353 3861 66
218 4721 66
4005 1298 67
451 2277 67
1237 3431 67
2782 3523 67
4387 4271 67
805 4652 67
1888 851 68
2403 870 68
413 1932 68
2179 2492 68
2278 4886 68
376 4898 68
4914 1165 69
178 1826 69
228 1923 69
8 2355 69
2355 4693 27
3889 4795 69
3791 4900 69
3517 561 70
158 2142 70
4800 2789 70
3861 4756 70
2339 1775 71
1456 2621 71
2621 2746 51
2081 3445 71
4416 3583 71
1157 1104 72
184 3057 72
1504 3682 72
595 4262 72
352 4350 72
1345 610 73
413 655 73
439 902 73
475 1498 73
90 1521 73
1289 1679 73
109 4457 73
1054 181 75
3055 4027 75
205 1745 76
3663 2069 76
401 3318 76
1065 1411 77
4103 2705 77
940 3504 77
130 378 78
3697 1373 78
186 913 79
2690 1967 79
1064 3722 79
4972 2788 80
1697 3514 80
1639 2023 81
2016 3984 81
1414 2419 82
199 3358 82
497 1913 83
2636 2957 83
3957 1118 84
1170 2011 84
3513 3278 84
528 2044 86
3946 3991 86
3367 3795 87
1986 4187 89
192 3145 91
2984 3384 91
3076 4431 96
856 1738 97
1004 1618 98
1536 1714 99
Total MST weight: 101899
Execution time: 27.9065 ms
