Algorithm: Kruskal's MST
MST edges:
4349 8003 1
3184 8155 1
7993 9240 1
1471 7131 1
1515 1703 1
1283 1599 1
4257 6191 1
2094 4281 1
554 8053 1
2501 5705 1
783 6439 1
147 199 1
2623 2887 1
5214 8241 1
6405 8866 1
3993 9912 1
2289 5188 1
711 3017 1
3704 9057 1
1127 8766 1
87 659 1
4630 5745 1
760 3331 1
5632 7595 1
626 1943 1
6228 8472 1
502 6962 1
7223 8254 1
1383 3985 1
5626 6927 1
7806 8471 1
2189 8475 1
2104 5817 1
438 2333 1
984 1307 1
1068 2841 1
2901 6883 1
1024 1746 1
2151 4694 1
3622 9541 1
1760 8533 1
1786 9649 1
2105 5062 1
1484 5194 1
3068 4485 1
384 6409 1
1395 3355 1
917 2630 1
3964 9894 1
3962 4748 1
894 1637 1
8054 9206 1
2165 3229 1
5587 7665 1
7811 9475 1
9042 9484 1
3542 6866 1
1793 2615 1
5819 7193 1
675 9554 1
8148 9472 1
1439 8828 1
783 1757 1
3547 4728 1
1593 9576 1
735 808 1
328 7790 1
1023 4387 1
496 1060 1
623 1337 1
1152 4313 1
1063 7648 1
6102 7064 1
49 394 1
108 3675 1
3663 3906 1
130 5038 1
187 250 1
6881 8693 1
5057 5379 1
371 554 1
4289 8329 1
4131 8682 1
4963 9620 1
2477 3016 1
2320 5688 1
1549 2350 1
368 9051 1
49 5593 1
1845 5157 1
1078 4311 1
2025 9825 1
2198 3684 1
1084 2600 1
3119 6699 1
901 8054 1
1079 5569 1
8776 9933 1
1087 7869 1
2144 7361 1
1977 5422 1
424 4920 1
3397 9319 1
6892 7784 1
8791 9463 1
3239 8577 1
5046 6988 1
4093 8426 1
4323 9829 1
2063 4371 1
7667 8892 1
5342 5986 1
7380 8706 1
1361 1721 1
3699 5154 1
4040 7078 1
79 1547 1
2344 6867 1
111 6696 1
1859 9870 1
5346 5550 1
4510 7183 1
2423 3984 1
2743 9535 1
1567 3929 1
1673 5468 1
2036 7596 1
1581 5928 1
1997 4559 1
4131 9881 1
4969 9204 1
3099 6593 1
418 2597 1
636 1483 1
1836 4847 1
651 6497 1
152 362 1
2531 7262 1
216 4921 1
194 5175 1
3195 5781 1
1376 2536 1
2115 4322 1
905 8149 1
66 6884 1
3792 5285 1
1612 2860 1
1201 9006 1
2208 7345 1
4739 8221 1
3612 9617 1
928 3861 1
3611 7112 1
4992 6732 1
141 3928 1
6594 7503 1
1425 8582 1
470 9491 1
9513 9862 1
1234 9699 1
1507 2351 1
1209 5407 1
1826 3484 1
116 261 1
264 4471 1
2213 7406 1
2364 9569 1
2876 7177 1
6568 7619 1
6964 8905 1
96 9231 1
293 1263 1
2809 4071 1
2368 4381 1
4217 4541 1
2793 4144 1
3283 4443 1
1428 5987 1
4733 6321 1
1198 1856 1
3005 4085 1
2526 3367 1
1243 7476 1
5153 9790 1
2584 2613 1
2170 9296 1
816 4752 1
4439 8130 1
2801 5469 1
7708 8061 1
482 7670 1
577 7521 1
2671 3068 1
1692 2637 1
2579 2668 1
1926 9577 1
2582 9399 1
4912 5910 1
1419 5677 1
1606 8116 1
614 9620 1
773 3302 1
401 8857 1
9628 9993 1
3315 4439 1
8276 9163 1
283 5233 1
2172 7252 1
5386 8564 1
1425 8220 1
1415 1710 1
6710 8017 1
4897 8852 1
809 5193 1
2675 9810 1
1035 3981 1
395 5731 1
115 6144 1
775 7794 1
1922 2450 1
176 7592 1
271 926 1
10 188 1
2277 6184 1
9243 9910 1
2694 5452 1
1055 1758 1
1181 4507 1
2872 9680 1
6211 6903 1
6536 8090 1
1946 7981 1
1903 6543 1
64 302 1
1764 7973 1
1495 2254 1
5122 9666 1
319 379 1
2252 3114 1
950 5043 1
7830 7954 1
3244 4001 1
6770 8093 1
2205 9601 1
2787 5587 1
457 1123 1
7520 7733 1
620 2172 1
386 2265 1
840 1114 1
6508 9048 1
682 7546 1
7471 7891 1
3776 7780 1
5382 5662 1
1704 3647 1
3780 9640 1
5478 7406 1
4936 5284 1
7325 7496 1
3893 6125 1
260 6534 1
6558 6998 1
1408 1536 1
3039 9491 1
5586 9104 1
190 378 1
6548 6837 1
1029 2631 1
4193 5385 1
4392 7234 1
4714 7695 1
5971 8673 1
2692 8127 1
7057 8028 1
3501 7888 1
3941 7499 1
3469 8604 2
1037 2270 2
901 4803 2
1452 2964 2
1025 3264 2
43 4124 2
2441 7064 2
2154 9275 2
5721 7849 2
5293 5954 2
4550 9209 2
2388 4036 2
192 317 2
787 5559 2
5748 8104 2
3107 5585 2
3593 6931 2
3580 7723 2
4221 7287 2
2116 5757 2
2208 4290 2
7154 8786 2
4268 7069 2
1815 2039 2
8486 9344 2
896 6797 2
751 4077 2
2484 7469 2
223 6442 2
894 8959 2
4842 5485 2
2822 8157 2
4242 5942 2
2821 7094 2
458 3068 2
464 8671 2
777 4330 2
4934 9252 2
5395 6407 2
5863 8292 2
3500 3986 2
8202 8950 2
458 7126 2
2898 2932 2
2899 5902 2
1661 3619 2
1541 2202 2
458 1492 2
954 2132 2
3510 6490 2
2548 3396 2
456 6494 2
199 295 2
4882 5676 2
4382 8710 2
961 8246 2
3521 8758 2
4421 4902 2
3254 5491 2
3472 5508 2
479 8189 2
2109 5770 2
2170 3819 2
2888 6689 2
68 222 2
4915 8506 2
938 9825 2
5920 8626 2
5884 8512 2
2184 5139 2
618 1737 2
1778 2863 2
1535 5851 2
924 7753 2
466 4193 2
4415 5645 2
945 8138 2
612 5776 2
1540 9572 2
2876 8276 2
4293 8870 2
1382 3327 2
783 6649 2
5355 6240 2
1379 2180 2
2923 5613 2
1547 2933 2
1547 4857 2
994 9995 2
6052 7364 2
2927 5670 2
4293 9059 2
626 725 2
2836 9933 2
2341 8671 2
2571 3397 2
1004 2038 2
2440 5026 2
2025 4458 2
3568 8264 2
1647 2724 2
5415 9944 2
2157 5615 2
6009 9684 2
4379 6773 2
5991 6214 2
495 5838 2
622 7538 2
913 3616 2
1391 1752 2
1390 9747 2
1788 8618 2
8159 9799 2
2353 7424 2
6096 7720 2
1388 5354 2
441 1590 2
5807 8824 2
2915 4854 2
980 1095 2
4506 6186 2
1756 2766 2
55 788 2
984 1052 2
7119 9229 2
134 1341 2
107 1794 2
1240 6966 2
3166 6046 2
1470 3337 2
1863 3844 2
5630 6812 2
2295 7915 2
8983 9331 2
3185 4615 2
4636 8026 2
1135 1284 2
1599 4631 2
4618 9082 2
6387 6535 2
6389 8193 2
2045 5136 2
2685 8352 2
1197 2036 2
339 5440 2
858 3674 2
6806 9047 2
17 92 2
7226 9591 2
7546 8797 2
3291 9237 2
5559 7134 2
6305 9250 2
7435 8164 2
2229 3047 2
8023 8925 2
5069 8000 2
870 5144 2
6308 8899 2
1969 8208 2
3193 5151 2
269 314 2
7563 8470 2
2624 6092 2
2089 5191 2
7900 8250 2
268 3163 2
6342 8953 2
1124 4395 2
1586 4169 2
5499 7659 2
2748 6954 2
3387 8800 2
8936 9730 2
2232 7741 2
1953 5125 2
1909 8351 2
2409 4276 2
1891 4088 2
2247 7376 2
3781 5929 2
2405 7978 2
1251 5482 2
7525 9384 2
3147 9801 2
3894 7065 2
3901 9660 2
1255 2305 2
1274 2920 2
1487 7605 2
7938 8378 2
2693 9023 2
5175 8121 2
3910 6906 2
5132 8384 2
1492 3246 2
1174 5302 2
1263 2358 2
7926 9982 2
2081 7500 2
5210 6296 2
3724 5770 2
292 5366 2
292 6172 2
293 2557 2
6447 6665 2
1883 5364 2
852 5646 2
4659 9486 2
181 6778 2
3728 5893 2
2688 3247 2
3179 4798 2
2053 6287 2
6788 7584 2
4722 5243 2
565 8520 2
3972 5223 2
2245 7718 2
2711 9888 2
2468 3777 2
5204 7550 2
322 4546 2
559 1923 2
5575 8223 2
1 241 2
3616 6365 2
1229 2161 2
1922 8378 2
3223 4990 2
5014 8308 2
604 6063 2
6925 7889 2
6924 7506 2
34 50 2
5015 8798 2
2589 6312 2
739 2589 2
1330 3034 2
4580 8533 2
6645 7598 2
8049 8153 2
1525 3145 2
1834 9358 2
139 1887 2
381 9348 2
3819 8641 2
6226 9778 2
654 1296 2
6206 6911 2
1820 9355 2
396 4607 2
2211 7337 2
1344 4795 2
2793 7162 2
5288 7874 2
1340 7186 2
8626 8680 2
3613 5867 2
1560 1963 2
4193 9387 2
2228 5624 2
2126 3370 2
6682 7775 2
3402 7011 2
6928 9447 2
1683 4497 2
2668 8621 2
884 1572 2
5688 8224 2
4571 4674 2
110 518 2
1670 7899 2
270 2855 2
3641 6331 2
4144 9293 2
2506 9828 2
1634 2269 2
2775 7307 2
108 6248 2
234 1598 2
876 7453 2
283 2763 2
1976 8928 2
1100 3153 2
28 8958 2
4596 4817 2
2965 5288 2
99 2763 2
2765 4221 2
5654 7529 2
7884 9076 2
3014 5651 2
826 9943 2
366 3656 2
3057 7179 2
4061 6599 2
4819 7526 2
7594 8527 2
655 6587 2
1682 1919 2
2503 4711 2
177 221 2
129 4594 2
6234 7153 2
2395 8042 2
880 1488 2
7783 8392 2
5264 6723 2
3060 3318 2
1839 3617 2
1567 7699 2
271 368 2
3320 9908 3
1770 2704 3
582 4043 3
5553 6444 3
5521 7015 3
3006 3356 3
3002 9908 3
1707 2941 3
487 4179 3
5524 9076 3
7883 9642 3
823 2399 3
577 1876 3
1425 2419 3
4775 5346 3
776 9066 3
932 1174 3
3023 3342 3
2045 2483 3
921 7561 3
5666 7194 3
2117 2250 3
792 8448 3
880 1950 3
3398 6331 3
5431 7236 3
79 401 3
5758 7145 3
878 1605 3
4857 7450 3
7139 9063 3
1750 5279 3
5652 8881 3
872 6565 3
872 6495 3
77 6515 3
1727 6800 3
4520 7717 3
2152 9650 3
886 3747 3
2032 7500 3
8059 8123 3
1736 9723 3
5709 6148 3
2947 7922 3
5715 7378 3
2947 3711 3
542 9177 3
4576 5912 3
83 619 3
4555 6637 3
5725 8352 3
4833 5725 3
5416 8458 3
516 7158 3
4786 6856 3
4493 6323 3
847 9020 3
2904 6537 3
2903 3178 3
2123 7160 3
3070 7591 3
1485 1922 3
3051 9274 3
4665 7079 3
4683 7735 3
4688 6772 3
3071 6585 3
2018 3478 3
841 7111 3
810 7235 3
4697 6163 3
7241 8653 3
2986 4988 3
869 2416 3
8130 9582 3
4863 9266 3
545 4796 3
2517 5160 3
4508 6851 3
860 7567 3
2979 8746 3
1677 4687 3
858 7435 3
3377 8707 3
609 2187 3
609 3688 3
594 4998 3
594 2905 3
806 8685 3
148 3898 3
1077 7725 3
1077 9924 3
4131 5801 3
1196 3885 3
1913 5011 3
4113 9517 3
6896 8941 3
3209 4170 3
5133 9956 3
3880 6661 3
4081 4441 3
1630 1886 3
3670 6725 3
1075 9051 3
3882 8458 3
3199 8479 3
4068 7852 3
2450 6962 3
3782 4662 3
3883 9243 3
3885 9584 3
2757 4883 3
6858 9539 3
1298 9235 3
718 7877 3
3695 4951 3
358 5539 3
4189 6591 3
3593 5644 3
645 8066 3
4232 6914 3
4222 8806 3
4221 7382 3
4219 4362 3
4202 8149 3
3801 5228 3
401 3530 3
4995 8174 3
5001 5051 3
2213 8231 3
3860 7244 3
3699 4323 3
740 3141 3
4182 9061 3
2683 8557 3
6217 7107 3
8653 9305 3
5139 8510 3
1612 3980 3
6921 8917 3
3625 6002 3
685 4449 3
1326 5028 3
2596 6340 3
264 8116 3
3731 6833 3
2077 7678 3
314 5764 3
6429 6954 3
6436 6628 3
1279 1808 3
1173 6612 3
6797 9469 3
1279 1673 3
709 1374 3
328 815 3
6466 7857 3
2453 6539 3
2712 8956 3
5092 9608 3
6773 9827 3
323 6211 3
3969 7803 3
9144 9478 3
2700 7415 3
1164 1945 3
5197 6153 3
136 1090 3
3943 8518 3
6505 9287 3
3175 8945 3
2706 3896 3
1892 5498 3
20 2241 3
299 8276 3
4046 5835 3
2745 4053 3
4032 6645 3
667 4877 3
699 2917 3
4031 6870 3
3134 4224 3
8959 9050 3
4030 9078 3
5078 7513 3
1863 2331 3
1186 2322 3
6967 9922 3
671 9160 3
346 4975 3
1137 3603 3
3171 4155 3
2736 7312 3
3151 9048 3
3138 5782 3
3715 8305 3
9011 9223 3
342 7505 3
703 2204 3
314 1035 3
2239 6792 3
4357 5865 3
1 3138 3
6003 7737 3
2880 4335 3
1605 6474 3
1393 1527 3
6004 6618 3
2864 7729 3
4369 8132 3
2185 2312 3
446 519 3
762 2929 3
1603 5619 3
2186 7349 3
965 1247 3
443 8006 3
6021 7250 3
6022 6984 3
625 8271 3
2187 8151 3
977 4257 3
2852 3957 3
2882 8191 3
2189 2312 3
3545 9200 3
476 4479 3
2849 7578 3
3502 4562 3
9900 9917 3
6691 9046 3
944 3318 3
1225 2267 3
7341 8794 3
7075 8487 3
4412 7782 3
8333 9626 3
2458 3052 3
4408 5223 3
7053 7932 3
1221 7964 3
3082 6687 3
2106 4842 3
4393 8152 3
209 1905 3
1401 9294 3
60 2788 3
2457 7367 3
957 6090 3
118 3357 3
8375 9083 3
4939 8137 3
620 4220 3
2869 9141 3
415 5985 3
2828 3552 3
5911 5977 3
1016 5747 3
2659 4428 3
4263 4355 3
4257 4374 3
1358 8817 3
6110 8036 3
4974 9273 3
4254 9715 3
3 11 3
4914 7366 3
1808 8566 3
412 6209 3
9536 9808 3
285 4397 3
223 2195 3
1603 2175 3
5905 8276 3
2576 4713 3
2084 9980 3
157 807 3
615 7471 3
1027 4325 3
2815 7818 3
122 6688 3
52 9767 3
758 1317 3
1229 7824 3
6042 9795 3
4322 7593 3
431 6173 3
4316 5943 3
1376 4872 3
2343 4097 3
1999 7413 3
1800 7634 3
2838 6470 3
3817 4773 3
6985 7453 3
1005 2288 3
1006 1386 3
2835 9173 3
2260 8464 3
6631 9826 3
1009 8525 3
4969 6292 3
47 7797 3
4275 5082 3
1361 9417 3
1615 9958 4
5508 6812 4
2084 4962 4
3317 5184 4
4779 8122 4
3154 9912 4
142 1959 4
3152 6264 4
3153 4810 4
1507 9551 4
3167 6732 4
7496 8428 4
3153 4103 4
5032 8445 4
2085 3121 4
607 2961 4
5282 8808 4
739 2098 4
5006 5766 4
792 1840 4
2482 9642 4
2065 4070 4
7628 9276 4
2422 4319 4
1555 2153 4
4981 8949 4
5304 7892 4
2485 6124 4
1642 6969 4
2499 6015 4
638 5905 4
3117 8416 4
609 1179 4
120 141 4
2114 9203 4
1666 3995 4
5374 6889 4
1533 7344 4
5398 6584 4
117 6046 4
4926 8155 4
5383 6618 4
3250 7557 4
5391 6538 4
5385 7034 4
3253 7032 4
614 7961 4
5229 8070 4
1617 4656 4
3302 9293 4
4786 5231 4
1618 2742 4
7465 7566 4
806 9553 4
5471 7337 4
2501 6497 4
5467 7199 4
5217 5393 4
7442 9304 4
804 9996 4
3138 3203 4
4808 6234 4
5220 9757 4
2124 9198 4
3291 9799 4
171 7137 4
3197 4144 4
3198 5476 4
170 9429 4
665 1054 4
3124 5274 4
660 5232 4
5264 6410 4
2110 2466 4
4826 8418 4
5031 7616 4
5276 9237 4
7603 9675 4
216 1526 4
1870 9040 4
2291 5403 4
4342 7360 4
2237 5626 4
6029 6921 4
1866 9414 4
987 1214 4
6032 9657 4
2738 6863 4
6035 7467 4
4013 8645 4
431 8239 4
52 931 4
2844 9292 4
972 7526 4
2844 8008 4
1000 9769 4
1803 2207 4
425 642 4
6370 6858 4
1805 1914 4
4028 8982 4
49 573 4
424 6377 4
1805 6871 4
2835 4038 4
6843 7243 4
6365 9053 4
1408 5216 4
934 5265 4
1418 5231 4
4446 4826 4
1417 8163 4
3473 7690 4
3724 4616 4
204 6656 4
3987 6002 4
2882 3666 4
943 7750 4
1779 6061 4
1878 3061 4
946 5419 4
2175 9053 4
2831 7193 4
8335 9424 4
462 1271 4
4408 8623 4
3505 7760 4
3506 7915 4
1404 8819 4
2362 6512 4
7041 7210 4
2357 7607 4
2869 3483 4
2622 7881 4
211 2713 4
2862 3043 4
31 225 4
3619 9684 4
3620 9860 4
1332 4157 4
6869 9036 4
3624 5665 4
6871 6950 4
237 3682 4
1064 1423 4
1833 9200 4
3627 4469 4
4073 8340 4
1108 3117 4
6264 6421 4
2219 3237 4
1334 4862 4
2220 4900 4
232 7266 4
4135 4672 4
378 1741 4
6899 8126 4
3640 6331 4
4114 7996 4
1317 3120 4
1842 5204 4
2602 9319 4
374 2721 4
6883 7305 4
3661 6413 4
2205 3167 4
6358 8328 4
8935 9739 4
1359 5077 4
4255 6709 4
44 110 4
1357 2529 4
6337 8975 4
4050 7662 4
3586 9718 4
6129 9374 4
1024 9074 4
1297 2958 4
410 8883 4
476 5351 4
1028 6121 4
407 3063 4
2331 3056 4
8903 9475 4
1034 6370 4
2803 5476 4
1820 4892 4
8622 9353 4
6192 7768 4
6931 8074 4
228 5709 4
2788 3826 4
239 1047 4
8023 8955 4
1210 1711 4
3373 4627 4
1474 2532 4
2977 3702 4
2679 8062 4
4638 7390 4
3867 7983 4
290 8440 4
291 4546 4
5642 5784 4
1914 7136 4
6735 7368 4
4614 9297 4
3388 7136 4
556 7822 4
871 3785 4
5 2177 4
6 630 4
85 146 4
538 1268 4
878 6598 4
3977 5863 4
1256 1558 4
3912 7811 4
9223 9373 4
6524 9243 4
1901 2250 4
2953 2976 4
1494 9633 4
4758 7463 4
3019 4985 4
176 9039 4
7258 9194 4
2507 7484 4
7885 9779 4
5564 5818 4
6692 9681 4
4730 5149 4
274 7177 4
1 2 4
279 1069 4
5580 8159 4
537 4384 4
2509 7690 4
2261 7281 4
7941 8619 4
2133 6105 4
4688 4835 4
1486 7757 4
280 4693 4
9700 9902 4
2268 3123 4
6617 8573 4
3852 7095 4
1476 7561 4
4656 8414 4
3951 8404 4
503 1172 4
7118 9103 4
2708 8104 4
2383 3234 4
4573 5813 4
2910 3970 4
8169 9449 4
492 1332 4
1764 5577 4
3947 7141 4
3448 3662 4
2710 5465 4
3448 3678 4
497 3775 4
5864 9614 4
921 3686 4
487 1799 4
3455 8031 4
3965 4406 4
3733 9586 4
8222 9927 4
5888 9210 4
2283 2424 4
2245 3801 4
3470 3819 4
1884 2714 4
505 524 4
897 9008 4
315 324 4
517 5957 4
515 9736 4
513 868 4
900 3968 4
1896 9162 4
3748 8828 4
1742 9146 4
1267 1338 4
2025 5162 4
3942 6092 4
5788 5927 4
1175 4824 4
8139 9419 4
4991 7762 5
1898 5230 5
6806 7070 5
1630 9128 5
325 972 5
330 9270 5
2613 9588 5
272 7197 5
583 4894 5
2683 8632 5
257 3510 5
2768 6963 5
2630 4296 5
2610 8913 5
6581 6716 5
6604 9270 5
1853 2013 5
6286 6998 5
7469 9134 5
1874 8431 5
3130 4085 5
2073 2468 5
5180 7199 5
6495 9343 5
249 4289 5
246 1295 5
2612 3915 5
298 604 5
299 8770 5
512 1060 5
601 7422 5
537 7306 5
5675 9395 5
2955 4098 5
5683 6787 5
1735 1959 5
5687 7751 5
528 7396 5
5703 9537 5
2500 2784 5
2946 9427 5
2499 9168 5
539 8523 5
5755 7434 5
510 1085 5
5414 8315 5
7131 9928 5
5820 8792 5
493 4296 5
490 2880 5
5400 8773 5
7101 8771 5
3073 3983 5
486 4527 5
2993 4081 5
3026 7631 5
7251 9674 5
7245 7800 5
1680 3201 5
592 8538 5
5579 6744 5
5581 5973 5
560 826 5
559 4318 5
2993 8209 5
2513 4226 5
5877 9282 5
556 1103 5
5620 6147 5
1674 6728 5
7211 8488 5
7293 7827 5
5624 8904 5
1724 9413 5
1674 2456 5
5453 6477 5
185 5314 5
5646 5826 5
1830 3926 5
5311 8089 5
1993 8081 5
416 8581 5
2575 2873 5
5305 5981 5
1642 6675 5
1641 4352 5
3110 3325 5
1637 9440 5
389 1408 5
3117 7658 5
6094 9145 5
2785 5653 5
1636 1696 5
1833 3347 5
5279 9265 5
6225 8664 5
1836 4610 5
5274 6385 5
2481 5596 5
2595 3908 5
6909 8488 5
7426 8591 5
2870 4821 5
5895 8745 5
614 3643 5
480 649 5
1770 3028 5
1771 6424 5
2889 3872 5
477 3640 5
5911 7127 5
205 1575 5
2011 6223 5
1781 5328 5
375 882 5
2867 5942 5
3080 6835 5
439 4638 5
2850 4190 5
435 821 5
630 2862 5
7005 8179 5
3096 3899 5
430 4400 5
7386 8312 5
218 2817 5
4709 7673 5
67 2956 5
29 710 5
4684 9512 5
3243 8610 5
1324 7399 5
4422 8639 5
3350 9587 5
3626 6472 5
3252 3928 5
4152 9627 5
4705 7832 5
4917 6149 5
1063 1337 5
1415 1705 5
3478 8778 5
832 6576 5
8650 9530 5
3481 9892 5
3616 5481 5
35 8458 5
66 3471 5
3260 4544 5
2369 3814 5
3260 6346 5
2327 5649 5
4888 5556 5
37 5993 5
1124 7391 5
3709 9709 5
3447 8990 5
1288 4248 5
4991 7292 5
3704 4405 5
859 8520 5
4642 9767 5
2378 5375 5
3236 8365 5
4969 9616 5
4034 9968 5
4476 5749 5
4038 6665 5
2409 4585 5
1549 5441 5
755 1875 5
4962 8891 5
1120 1514 5
4468 7330 5
1426 4553 5
2438 3143 5
3469 5188 5
1112 5303 5
4065 6762 5
3369 4534 5
2435 4996 5
936 5118 5
8426 8526 5
1517 3797 5
971 7029 5
8473 9054 5
4289 7454 5
4788 8486 5
3308 5391 5
4779 7020 5
4777 5087 5
1501 7719 5
2193 6590 5
3557 3748 5
7877 9129 5
8400 9461 5
7807 9447 5
4317 8120 5
2190 2727 5
2348 7161 5
817 9494 5
3550 5352 5
7864 9675 5
8415 9848 5
4759 4942 5
3539 5340 5
4334 7636 5
1382 6191 5
4343 8086 5
822 6670 5
795 1568 5
2211 6651 5
4872 7591 5
832 1194 5
784 5858 5
4414 9112 5
4718 9326 5
785 3401 5
786 6708 5
2115 7034 5
948 5718 5
1348 5623 5
1351 9927 5
1031 2148 5
4644 6573 5
2205 5013 5
2205 2951 5
4242 9287 5
1522 4941 5
2204 2564 5
4242 9755 5
4243 7824 5
4733 6944 5
799 866 5
4384 5438 5
1519 7131 5
1358 8257 5
4374 8662 5
5115 5199 5
7525 9010 5
3929 8546 5
892 3826 5
718 9393 5
3753 6185 5
3751 7829 5
3938 6638 5
3201 9445 5
3939 4704 5
131 534 5
1205 1787 5
1168 1594 5
2448 7387 5
3942 4969 5
4515 9809 5
1166 2248 5
3858 6220 5
1206 7928 5
5037 9064 5
3214 9615 5
3802 9472 5
1188 6336 5
7526 9660 5
136 247 5
3176 9688 5
1195 5080 5
1246 3255 5
6 741 5
1448 7799 5
710 2424 5
2256 2640 5
1449 2253 5
5040 8291 5
5 17 5
4530 6004 5
1447 3953 5
5087 5634 5
4527 5685 5
1178 8021 5
903 1973 5
4524 8343 5
3424 6092 5
3924 9929 5
3228 9741 5
2094 7630 5
866 4506 5
5138 8157 5
3840 5612 5
2384 7244 5
908 1804 5
4568 8865 5
1602 2030 5
694 1189 5
3983 9963 5
1212 3549 5
1147 7291 5
693 7030 5
2261 9366 5
3433 6488 5
2267 5417 5
1144 5695 5
917 1745 5
3159 5742 5
2442 3277 5
3714 3810 5
2390 9195 5
4615 4688 5
9615 9686 5
3978 8253 5
907 7853 5
1276 2989 5
5032 6218 5
7596 9757 5
2287 7896 5
4506 8434 5
1216 9095 5
2085 8584 5
3819 5707 5
4542 9663 6
81 5450 6
2854 6875 6
443 3473 6
1406 2443 6
525 9384 6
3404 7915 6
893 1428 6
3538 6057 6
3537 5834 6
518 8859 6
2868 4534 6
523 5178 6
2004 3701 6
7022 9732 6
520 1064 6
4561 7590 6
2857 6318 6
440 5848 6
2354 7529 6
972 995 6
1766 8593 6
2922 4972 6
7084 8596 6
8245 8681 6
4446 8308 6
1420 1558 6
5891 7188 6
1422 4883 6
1768 9528 6
3452 4054 6
76 9087 6
7092 8182 6
2159 3762 6
6178 8752 6
908 7277 6
5865 7711 6
500 656 6
4477 6904 6
7117 9581 6
8196 8336 6
492 2387 6
2900 3334 6
2378 9072 6
4483 9716 6
5775 6891 6
5742 9826 6
5967 7282 6
4404 6038 6
512 9105 6
2363 6070 6
8097 9466 6
947 7213 6
4530 7615 6
3493 6151 6
901 9611 6
4418 9453 6
4541 7483 6
2879 7119 6
194 289 6
4519 7035 6
507 557 6
77 5420 6
7130 8559 6
5928 6796 6
5783 6031 6
471 1850 6
5789 5876 6
4423 5372 6
1281 5963 6
1270 6378 6
12 7136 6
3742 6911 6
321 3744 6
253 3162 6
1156 7506 6
3730 7313 6
1153 2043 6
3727 6738 6
3979 7296 6
2719 4303 6
9061 9596 6
1150 1622 6
6804 9585 6
6427 7950 6
1896 3338 6
337 2135 6
337 4158 6
1282 4906 6
2617 7219 6
3716 3897 6
1132 4375 6
2234 6213 6
6367 9152 6
245 383 6
6844 8580 6
1127 1206 6
2612 7735 6
6356 8523 6
243 5856 6
3700 5904 6
294 2025 6
6694 7195 6
274 7886 6
1925 3642 6
280 771 6
2267 6244 6
6624 7524 6
6606 9255 6
2683 7035 6
9479 9773 6
9449 9758 6
1198 7872 6
3790 4913 6
2273 8271 6
3785 8818 6
294 1491 6
6340 8713 6
3889 5169 6
3890 8837 6
6548 9035 6
8 2743 6
3766 4069 6
2694 9762 6
1179 3702 6
1901 9611 6
312 6478 6
2642 3107 6
2696 7965 6
314 4014 6
6773 8234 6
1269 3872 6
2340 3720 6
37 6092 6
2799 4551 6
1226 6679 6
8607 8747 6
1988 2164 6
402 7643 6
6168 6270 6
1041 6282 6
6146 8815 6
4237 6161 6
1023 2313 6
415 6029 6
8528 9159 6
1015 7652 6
6105 8335 6
392 412 6
1994 2735 6
1362 3870 6
1010 1607 6
1806 2741 6
1805 5423 6
425 8663 6
1802 7711 6
3561 9258 6
6058 6208 6
3555 6253 6
6049 9569 6
7004 8576 6
6029 8280 6
7016 7564 6
1102 1269 6
1122 8844 6
6326 8193 6
1970 8461 6
4051 5044 6
4059 4545 6
4060 8737 6
2755 9381 6
1113 7026 6
2609 5344 6
1303 3567 6
6267 9280 6
1844 3945 6
4078 6543 6
4080 5386 6
4080 6387 6
1383 5997 6
1097 9755 6
30 4185 6
1075 7426 6
4140 9108 6
3628 6638 6
8731 9236 6
384 2330 6
1062 2900 6
1058 6168 6
6219 8464 6
4187 9162 6
388 4950 6
2326 9198 6
1340 4719 6
7677 9245 6
4745 8278 6
7523 9779 6
1664 6038 6
1696 2539 6
1501 2175 6
1696 2180 6
824 6406 6
554 2743 6
1543 8900 6
4892 8224 6
3143 9817 6
5617 6287 6
1718 4102 6
113 4385 6
3016 3532 6
2402 5965 6
5364 9921 6
3179 3752 6
7204 7525 6
3141 7374 6
2048 7952 6
2078 7045 6
5171 9452 6
7871 8741 6
1648 6853 6
2143 5496 6
7852 8898 6
757 5224 6
816 5988 6
2472 5692 6
5408 7880 6
3257 7344 6
7431 9076 6
4731 9877 6
163 7881 6
1662 5192 6
1538 2463 6
7466 7717 6
7331 7598 6
7247 9397 6
2090 8836 6
1703 4034 6
2467 4979 6
5577 9167 6
2998 3765 6
660 5807 6
2042 8146 6
5097 7647 6
1485 2026 6
5390 7757 6
1699 6502 6
5112 6865 6
827 2474 6
92 890 6
1479 7357 6
762 6268 6
3371 8972 6
1596 6418 6
720 8924 6
90 330 6
162 1685 6
144 8224 6
2523 3404 6
3394 4545 6
2099 9487 6
697 1321 6
2085 7590 6
5482 6001 6
4847 9973 6
5073 7723 6
1465 2834 6
1729 7520 6
82 5719 6
5282 6006 6
7279 8612 6
5303 6783 6
1675 6733 6
5226 5477 6
3398 4274 6
792 3204 6
156 7730 6
2033 7316 6
7627 7748 6
2148 3678 6
125 7942 6
83 5977 6
3388 4220 6
637 3411 6
4813 9878 6
173 180 6
544 6814 6
5019 8225 6
5641 8475 6
4991 9505 6
2077 5682 6
589 2190 6
7640 9390 6
1671 4168 6
134 1417 6
1509 2864 6
7647 9784 6
2055 6621 6
2456 7385 6
1180 1654 7
793 5734 7
6507 7819 7
1831 7648 7
2325 6489 7
9212 9610 7
6113 7548 7
2334 2735 7
4906 5307 7
1663 8408 7
6134 6808 7
6525 8270 7
43 4533 7
8640 9933 7
600 5695 7
1054 7943 7
3203 7241 7
230 655 7
2214 8410 7
4820 8614 7
3744 9076 7
770 8346 7
714 2264 7
4890 8618 7
2583 3312 7
37 8200 7
227 1029 7
1346 5064 7
783 3080 7
3270 7616 7
3931 5597 7
4876 8983 7
9206 9244 7
6242 8823 7
2700 5325 7
6937 9074 7
1949 2443 7
5238 8583 7
4857 7917 7
4191 5048 7
390 3917 7
3280 7316 7
4894 7043 7
1828 3511 7
2641 9893 7
2209 7058 7
132 742 7
2806 4428 7
1048 9551 7
3191 4677 7
8575 9849 7
1032 2373 7
228 2963 7
527 2776 7
1029 4529 7
1121 3240 7
1128 3993 7
16 157 7
1551 8977 7
749 6940 7
3237 8264 7
1642 7119 7
1967 3725 7
1643 6137 7
6853 7671 7
6453 8752 7
6343 6679 7
1646 9743 7
6365 9138 7
1859 3993 7
3975 6499 7
327 858 7
2753 7253 7
7411 8615 7
6315 9935 7
326 4974 7
1117 1966 7
326 3011 7
1545 9312 7
3095 5606 7
3719 6634 7
1878 4293 7
3723 4188 7
1558 9831 7
4995 5223 7
6421 8993 7
2725 5122 7
6414 7643 7
126 5763 7
1875 3141 7
9048 9989 7
5285 7013 7
7604 8578 7
1153 7427 7
3109 6817 7
6437 9011 7
343 5450 7
6800 7517 7
348 1080 7
20 879 7
7397 7607 7
246 627 7
6370 8138 7
7396 8057 7
1128 9432 7
6497 8180 7
6494 7085 7
6885 9027 7
374 1436 7
4095 4432 7
3659 7665 7
3656 5870 7
6894 9761 7
2084 5417 7
254 2031 7
4104 5448 7
763 1092 7
2777 4712 7
2314 2484 7
377 8078 7
3638 9466 7
6234 7156 7
3634 8696 7
2220 6246 7
2279 6930 7
7584 9969 7
4142 8562 7
5382 6117 7
1540 4046 7
3628 4734 7
3734 5126 7
732 5363 7
6865 9690 7
364 9233 7
365 4711 7
6484 8899 7
758 9749 7
5362 6457 7
6869 7539 7
6279 7217 7
6277 9523 7
3732 9967 7
367 6473 7
8706 9945 7
129 4790 7
1108 9792 7
1304 2229 7
4941 7609 7
2481 3556 7
1106 4354 7
1657 7948 7
6876 9262 7
6879 7252 7
1543 5695 7
6248 7490 7
2682 8698 7
3296 3932 7
4531 8256 7
5113 8962 7
2169 4792 7
3469 4208 7
1711 9592 7
2960 3816 7
5757 6325 7
3173 9886 7
8218 9925 7
939 5186 7
182 1135 7
4461 4849 7
486 9375 7
2681 8001 7
859 1519 7
5604 8370 7
552 3243 7
5613 9445 7
2984 6257 7
832 1620 7
7906 9229 7
2128 8317 7
2875 4952 7
5574 8704 7
63 4058 7
5193 8777 7
946 5868 7
7074 9780 7
3492 7914 7
2368 8885 7
2960 6832 7
4712 8592 7
1939 5336 7
942 7070 7
9443 9562 7
2956 4693 7
3351 7159 7
2136 4569 7
4427 8299 7
3361 5120 7
2022 6209 7
5814 8966 7
85 4532 7
1758 4764 7
5809 7758 7
7202 8354 7
499 9385 7
864 9142 7
4630 9624 7
8007 8011 7
1440 3044 7
1230 8901 7
5637 9493 7
2919 6617 7
699 8018 7
2533 7348 7
4610 6946 7
2968 9998 7
86 128 7
4607 6804 7
539 9082 7
4595 6474 7
4479 8033 7
920 6112 7
1234 9371 7
88 1170 7
7103 8159 7
877 6748 7
3850 8732 7
3396 4866 7
1214 4114 7
1228 6540 7
3445 5183 7
4599 5378 7
4490 6345 7
3440 6610 7
5830 9727 7
1436 6399 7
3433 7859 7
1752 3229 7
2531 6194 7
9297 9829 7
2195 9004 7
1591 6708 7
49 4832 7
3900 7359 7
6548 8613 7
4797 9288 7
693 4442 7
2391 5067 7
1228 2792 7
3557 5066 7
1003 7726 7
1378 5827 7
7846 8298 7
102 3569 7
8425 8985 7
989 2461 7
2126 2294 7
3037 3582 7
2690 6349 7
986 7839 7
821 9832 7
2834 3115 7
4564 8986 7
1361 2255 7
2075 5428 7
1225 5912 7
259 1800 7
1674 4717 7
1182 4232 7
595 4075 7
804 5650 7
1514 7529 7
3876 4918 7
3182 8145 7
1805 9893 7
2031 8524 7
886 4869 7
9867 9980 7
7809 8941 7
2197 4372 7
886 1396 7
8467 9975 7
3412 8974 7
6003 7771 7
8382 9881 7
451 5948 7
4375 7713 7
965 3074 7
3525 5540 7
2087 3733 7
5973 8357 7
4744 7379 7
6 16 7
1387 4701 7
209 4051 7
188 7302 7
1402 2615 7
955 8691 7
2361 3565 7
3509 8498 7
952 2612 7
4735 9336 7
2410 9069 7
4403 5251 7
191 2426 7
5548 8813 7
573 8691 7
3331 5193 7
6 424 7
1618 5489 7
3401 7766 7
3329 9023 7
823 6219 7
4555 7994 7
1195 1756 7
4370 8594 7
140 1135 7
5016 6870 8
694 4916 8
3867 6240 8
2789 3133 8
3839 6318 8
331 6152 8
3727 4782 8
1228 2974 8
1222 8569 8
5152 7039 8
3838 5596 8
1564 3030 8
334 8030 8
5019 7651 8
736 3970 8
690 6133 8
690 1733 8
313 6669 8
6577 7393 8
5241 9547 8
292 590 8
3789 4316 8
1171 6322 8
292 6550 8
1628 2283 8
1250 4825 8
2690 5895 8
5073 7515 8
301 4741 8
6579 7153 8
6549 7341 8
5213 9692 8
1591 8933 8
1906 5253 8
1588 8065 8
6545 8967 8
1176 8158 8
1903 8710 8
5084 7876 8
6536 8654 8
702 9690 8
6462 7787 8
733 4157 8
5122 8847 8
2716 5359 8
3844 9986 8
5267 9001 8
5264 8440 8
3810 4400 8
5172 7858 8
3807 5166 8
3822 9919 8
704 1603 8
3739 6098 8
6492 8341 8
1272 3440 8
6589 9605 8
1617 7043 8
705 7369 8
660 3296 8
3209 5789 8
3204 3532 8
5961 6122 8
1389 2183 8
1390 3990 8
826 1928 8
6006 6097 8
1392 4289 8
3530 4317 8
3522 8474 8
2870 9322 8
4391 5345 8
3513 6780 8
3538 4866 8
5951 6582 8
5949 9823 8
565 3450 8
1778 9861 8
5576 6523 8
4700 7729 8
942 5728 8
4682 5109 8
4436 7793 8
1680 4104 8
4282 7157 8
1008 9629 8
805 9270 8
4799 8940 8
1003 7433 8
1003 4263 8
4290 9781 8
1367 1948 8
3042 3200 8
3473 3974 8
3552 3626 8
813 9330 8
1381 2185 8
582 2772 8
818 9673 8
3323 5421 8
438 1891 8
5540 6126 8
1503 9881 8
3419 4994 8
3427 8348 8
3426 7416 8
5780 7648 8
3394 7301 8
1728 4181 8
4585 5609 8
4530 5615 8
511 7104 8
534 2896 8
4618 9501 8
3398 7271 8
5726 8757 8
881 2887 8
1452 3297 8
2947 4239 8
530 2125 8
524 2058 8
1455 8009 8
1737 6078 8
4642 4769 8
4448 7523 8
1711 2782 8
482 2743 8
482 9637 8
4456 4976 8
4648 8909 8
2989 9898 8
490 2775 8
4480 6891 8
3575 8085 8
2975 3489 8
3382 5121 8
4634 7818 8
1433 6482 8
916 1442 8
1761 3745 8
3445 5167 8
3432 5549 8
3432 4193 8
4067 5114 8
6317 7398 8
3240 5236 8
1854 2129 8
2754 8935 8
1116 1627 8
1851 8925 8
6303 9045 8
1115 2999 8
1114 9335 8
366 2718 8
4957 9367 8
1845 5934 8
1110 1298 8
4942 9672 8
1305 4123 8
762 4958 8
2773 8045 8
374 572 8
3651 8606 8
1315 3013 8
6384 7699 8
1145 2768 8
1145 1345 8
5299 9049 8
3996 5566 8
3720 8050 8
2733 4071 8
1227 7987 8
3107 9317 8
3710 5549 8
1840 8758 8
4011 7444 8
745 3979 8
4980 7741 8
4032 5942 8
642 2239 8
6344 7770 8
1294 1667 8
1547 8107 8
1295 9153 8
5437 5834 8
3608 9982 8
5409 9942 8
2802 6491 8
5422 5755 8
1037 7728 8
2808 8204 8
4838 6089 8
603 867 8
4825 6263 8
1823 6134 8
4825 5378 8
601 2771 8
6118 8150 8
5450 9693 8
3292 9331 8
1360 1566 8
6109 7222 8
3576 6136 8
1013 6299 8
6217 9765 8
1089 3352 8
3640 5682 8
1837 6282 8
3076 6750 8
764 3877 8
765 8761 8
768 4695 8
4147 4756 8
4174 8216 8
1638 6545 8
4904 6799 8
1049 1215 8
4895 6330 8
1048 5576 8
6199 9847 8
4196 5487 8
1044 4574 8
3264 6059 8
2797 3083 8
2211 7516 8
7705 8266 8
2095 2174 8
8 9829 8
201 1980 8
2394 5046 8
1992 2677 8
7454 7526 8
2094 7496 8
10 774 8
2497 5294 8
2531 5746 8
2158 6001 8
27 367 8
2211 3206 8
2521 6218 8
1972 7344 8
2053 9701 8
2642 8734 8
7298 8781 8
2217 2904 8
2544 7473 8
2053 3000 8
8116 9333 8
20 654 8
2291 7875 8
7207 7694 8
86 231 8
7936 9738 8
2543 3624 8
6839 6989 8
6835 9268 8
8402 9306 8
2482 4286 8
7091 8530 8
2403 4444 8
2486 5178 8
67 6372 8
261 1055 8
2133 8477 8
2136 7744 8
8746 9929 8
2002 5870 8
6971 8671 8
6856 9855 8
2486 9366 8
7092 7493 8
2196 8024 8
7684 9144 8
2527 6354 8
7369 9317 8
1986 9760 8
7183 7367 8
213 413 8
1946 6844 8
2610 9368 8
6999 7386 8
111 184 8
179 3244 8
219 1959 8
6925 8631 8
8847 9351 8
272 9251 8
2420 9112 8
2589 9582 8
1932 5333 8
23 1218 8
7548 7777 8
228 1811 8
8344 9689 8
2040 4238 8
8008 8163 8
2120 8852 8
7117 9917 8
73 5391 8
9527 9645 8
2257 4547 8
7117 8399 8
7230 9879 8
8092 8940 8
108 4764 8
7809 8396 8
1999 4105 8
6901 7589 8
5086 9653 9
1892 2859 9
8487 9623 9
1157 6062 9
5087 9191 9
3852 6173 9
500 3421 9
6825 7526 9
6401 7424 9
2374 3651 9
500 4941 9
3351 5658 9
2575 3043 9
2266 8706 9
2726 5474 9
5266 5761 9
255 456 9
1482 5680 9
3888 6689 9
530 3657 9
1291 2228 9
9314 9734 9
4402 7217 9
92 5243 9
7163 7981 9
5268 5551 9
1264 6186 9
410 6761 9
151 1667 9
5263 5967 9
2134 6819 9
3185 9300 9
2949 3778 9
1230 1691 9
3890 8604 9
1017 2663 9
342 2689 9
1738 3807 9
3127 3282 9
2024 5437 9
5202 9481 9
1806 2883 9
2296 2769 9
2531 5903 9
951 9564 9
1956 6075 9
1078 2677 9
1355 4493 9
2308 6704 9
1810 6486 9
3707 8075 9
3899 4746 9
3149 4306 9
4707 8561 9
3402 9878 9
8229 9664 9
7144 7923 9
2462 9134 9
2373 8769 9
911 1421 9
2932 4862 9
1993 5276 9
6978 9766 9
1622 9065 9
669 4419 9
1265 2000 9
1424 1707 9
5105 7557 9
671 1287 9
6981 7062 9
3901 6130 9
41 7568 9
2245 7889 9
4 6364 9
14 8425 9
500 5045 9
1439 8763 9
6115 6826 9
136 7236 9
3590 7878 9
3142 5152 9
1619 8749 9
7925 7934 9
2373 7642 9
3146 4851 9
7120 8125 9
7465 7728 9
2399 8339 9
3737 9654 9
5523 7301 9
1977 3575 9
57 7660 9
6188 7921 9
8196 8245 9
967 1987 9
1061 7218 9
2502 9608 9
2603 8234 9
175 3046 9
5499 5568 9
394 8787 9
3531 8744 9
591 811 9
2228 7514 9
966 2096 9
593 4828 9
173 8098 9
5469 9530 9
2327 9055 9
5447 6714 9
8390 9829 9
6182 6676 9
2764 2887 9
368 487 9
6870 8860 9
4601 5777 9
4648 6009 9
1667 5688 9
34 4344 9
4165 5609 9
5581 6997 9
2144 5073 9
2589 5906 9
6215 6972 9
4168 6962 9
4614 9899 9
87 162 9
2792 3268 9
3810 8692 9
1334 4184 9
2230 6313 9
1698 4800 9
570 3270 9
607 4771 9
2360 6516 9
382 5184 9
1982 3407 9
868 1686 9
573 5965 9
1334 5198 9
3016 6260 9
867 7219 9
1689 6692 9
1689 5698 9
2993 3613 9
2229 5607 9
2164 3023 9
1978 8897 9
878 2695 9
535 8775 9
1647 7133 9
5336 7739 9
6 7488 9
3100 9376 9
3692 5077 9
638 2912 9
638 5710 9
2550 3054 9
1479 7554 9
5332 6095 9
2744 6755 9
8583 9010 9
3101 6294 9
5673 8129 9
6356 9093 9
1644 7199 9
531 4436 9
848 5925 9
6361 8322 9
1112 6820 9
5307 8246 9
6844 7788 9
5307 6801 9
6366 7402 9
5306 6208 9
2483 9201 9
4224 6230 9
348 6030 9
5375 7111 9
1666 7216 9
5400 5852 9
5390 6430 9
85 3672 9
2968 9589 9
186 728 9
2058 2598 9
399 9678 9
7330 8603 9
1849 6875 9
163 7243 9
400 1764 9
1292 7995 9
2489 6995 9
927 2596 9
856 4424 9
3078 9485 9
2488 5955 9
3083 3287 9
359 6479 9
7357 9319 9
2487 8670 9
1199 3675 9
875 2116 9
3395 3759 9
7375 9111 9
187 7717 9
2233 2270 9
6165 8886 9
4541 9079 9
3909 5621 9
5937 7341 9
5027 8306 9
5916 9867 9
2348 9267 9
1932 7228 9
473 2022 9
6526 6942 9
4826 7674 9
3475 7216 9
2154 5388 9
6601 7963 9
67 77 9
1552 6752 9
77 181 9
4421 6177 9
5023 8980 9
2188 5907 9
4884 8658 9
3913 4692 9
55 3120 9
2539 6948 9
2555 6993 9
2291 2650 9
2848 9700 9
1445 7831 9
828 1818 9
492 5546 9
1780 9290 9
2198 6887 9
3211 9315 9
454 1053 9
6020 7237 9
2442 5795 9
3229 4375 9
442 956 9
3499 4053 9
3858 6943 9
1308 9186 9
457 3104 9
277 7565 9
2668 5543 9
1381 1572 9
3669 7929 9
9032 9199 9
1448 6473 9
770 3260 9
2012 2790 9
2841 4977 9
1905 3216 9
275 9436 9
7884 9614 9
2224 8023 9
1089 2405 9
115 6107 9
6719 8145 9
115 2671 9
1537 2145 9
2544 5995 9
4908 9751 9
7596 9837 9
4791 7660 9
286 3032 9
799 903 9
2004 6691 9
2439 3396 9
2650 4367 9
100 6066 9
1583 3632 9
8087 9700 9
3301 7545 9
2636 9278 9
3198 8373 9
1530 6158 9
803 2519 9
752 1393 9
5066 7769 9
296 3075 9
3312 9045 9
6559 7293 9
4527 7035 9
133 3245 9
294 2158 9
5080 5549 9
4 81 9
2874 5031 9
4323 4847 9
3950 8688 9
6001 8747 9
1254 2317 9
4001 8541 9
208 579 9
4728 7283 9
1896 7601 9
4409 9617 9
9074 9371 9
5830 9345 9
461 2647 9
2539 3357 9
297 4302 9
1227 1659 9
9508 9693 9
1447 5358 9
2289 9518 9
6558 7515 9
3240 4975 9
3947 5327 9
1266 9994 9
4810 5195 9
2865 8112 9
1153 4041 9
482 2781 9
2114 8540 9
120 8480 9
2282 2411 10
2814 9430 10
212 8873 10
2166 3226 10
4468 9506 10
982 2909 10
3748 9324 10
5903 7771 10
17 6182 10
4759 7282 10
640 7449 10
7090 9076 10
7782 8295 10
5547 7844 10
6949 7513 10
3369 7729 10
2382 6509 10
2888 4307 10
2158 7130 10
2330 2755 10
4098 7915 10
2034 5379 10
3941 7255 10
4763 6287 10
4181 5344 10
6739 7710 10
358 2356 10
6023 9362 10
2993 5254 10
438 4647 10
5919 9296 10
2 2858 10
1655 4452 10
117 7593 10
3088 4970 10
1291 5355 10
6857 7341 10
2487 8212 10
1710 8233 10
1655 2418 10
242 875 10
3244 8360 10
4063 6927 10
8084 8842 10
5458 9093 10
2973 3066 10
3044 3238 10
36 1962 10
464 988 10
1920 5329 10
1377 8260 10
4872 8662 10
2677 9262 10
2872 6773 10
3393 8073 10
2250 6530 10
8389 9502 10
4778 7223 10
5449 7000 10
1827 3809 10
8363 9872 10
7028 9615 10
2010 4600 10
3262 6891 10
4628 6346 10
5956 8142 10
2600 8827 10
227 8795 10
990 7286 10
5520 6241 10
3032 9417 10
581 3527 10
1688 2002 10
3026 8499 10
4199 6187 10
2415 8318 10
1921 8644 10
2182 2441 10
8421 8901 10
4868 8710 10
1446 6288 10
1923 7521 10
2398 8204 10
791 5862 10
2177 4654 10
5389 5541 10
2491 2547 10
2683 3695 10
4203 6880 10
5383 8232 10
6900 8831 10
5652 8559 10
205 549 10
7342 7926 10
165 1876 10
3370 4358 10
4181 9912 10
3370 3861 10
621 4868 10
7189 9656 10
3426 9187 10
3316 5111 10
3630 8026 10
240 8614 10
3376 4270 10
5941 5965 10
170 2652 10
2598 5703 10
74 1212 10
8336 8563 10
277 8379 10
914 9975 10
185 4565 10
9048 9693 10
2583 4234 10
227 1308 10
1777 6915 10
2520 7192 10
7320 8750 10
7078 7931 10
3070 5946 10
1174 9410 10
542 7709 10
5644 9627 10
1078 7209 10
6927 8848 10
1810 3310 10
729 3492 10
1438 8757 10
4454 7334 10
685 686 10
198 389 10
330 8614 10
2463 2572 10
1569 8933 10
730 2027 10
5588 5934 10
565 5717 10
7591 8784 10
7493 8360 10
5761 8303 10
1080 6619 10
1081 6229 10
1081 6520 10
3337 9376 10
7928 8877 10
2548 9514 10
1812 6642 10
674 7371 10
5316 7158 10
1810 9346 10
3716 8366 10
515 3521 10
7097 8050 10
5019 5404 10
4280 8142 10
384 7227 10
5039 5499 10
1188 6575 10
61 2906 10
5186 7149 10
1569 3653 10
3291 6915 10
334 3666 10
2464 3145 10
5026 8411 10
4279 8520 10
3473 4432 10
2509 5959 10
4007 9696 10
4123 8648 10
8401 9949 10
132 5883 10
197 5781 10
68 8839 10
2454 5608 10
5987 8303 10
3301 7965 10
2151 8460 10
1804 3397 10
7551 7868 10
2914 6264 10
1587 4248 10
1495 6832 10
4444 5349 10
500 1924 10
715 2077 10
5080 6703 10
8146 9291 10
3945 8118 10
1136 9658 10
2718 7009 10
1203 7764 10
3575 7622 10
1252 8235 10
1598 2105 10
5129 6543 10
2253 9036 10
2571 7921 10
1019 5436 10
1457 4612 10
5838 6976 10
3773 5152 10
886 4711 10
703 9237 10
3432 7866 10
2276 6643 10
136 8266 10
9458 9514 10
6 165 10
6144 9889 10
2404 8738 10
8460 9586 10
2664 4094 10
2526 9354 10
3697 4042 10
2 243 10
4981 9441 10
1927 8733 10
2949 9065 10
1698 3447 10
1816 2886 10
974 8176 10
7953 8312 10
3703 6856 10
4985 9337 10
3962 7432 10
343 2110 10
6035 6666 10
4233 6517 10
659 7703 10
531 1011 10
754 6480 10
3755 5456 10
1549 4841 10
980 7982 10
228 581 10
2155 4539 10
6841 9536 10
2688 4094 10
2613 5085 10
3353 4386 10
3436 5518 10
406 1055 10
124 7496 10
7091 8974 10
2740 5582 10
2066 9538 10
3435 4712 10
4141 5703 10
2872 3954 10
5009 9177 10
2728 4808 10
522 1026 10
5236 5304 10
5706 6870 10
1833 4496 10
3670 7950 10
4240 5415 10
147 2664 10
9606 9991 10
3132 8781 10
2540 8297 10
1059 5044 10
2567 6464 10
9158 9267 10
1170 6927 10
3 3412 10
7440 8695 10
5017 9862 10
674 4010 10
8970 9930 10
6697 7848 10
4345 4659 10
660 3838 10
1144 1301 10
300 765 10
1028 9039 10
1908 2204 10
1257 2562 10
1991 5330 10
190 4266 10
7432 9965 10
485 6926 10
1438 2055 10
1960 3703 10
5239 7382 10
432 513 10
387 6696 11
1983 9800 11
181 2991 11
2587 6400 11
8008 9438 11
1331 7021 11
3931 6723 11
79 427 11
2993 8517 11
5594 6865 11
458 4355 11
4163 7092 11
7346 7681 11
210 1666 11
4379 8297 11
11 516 11
7107 8818 11
5743 7970 11
81 178 11
2940 4693 11
2018 2608 11
965 7321 11
3398 8969 11
1742 4950 11
1810 7012 11
2561 9204 11
1767 8580 11
2560 9159 11
6141 7707 11
3753 6280 11
4101 8705 11
5703 8776 11
483 4121 11
2901 6966 11
2569 6343 11
3733 7050 11
4115 4703 11
2222 5130 11
3678 9515 11
2917 5387 11
2919 4759 11
5835 7641 11
504 4032 11
527 8510 11
81 6773 11
3680 9737 11
509 9181 11
510 2134 11
6109 6841 11
1234 5344 11
4499 5049 11
5752 6833 11
915 1359 11
4596 6803 11
2967 4875 11
1066 7041 11
1329 2981 11
8374 8581 11
4544 6828 11
1778 6946 11
5639 8677 11
2876 5917 11
1067 1852 11
5636 7768 11
1721 6113 11
8381 8854 11
549 8209 11
6185 7457 11
2794 6468 11
33 3488 11
7036 9565 11
479 1088 11
5694 8776 11
5692 9561 11
3516 8386 11
4142 6726 11
481 502 11
405 711 11
3395 8646 11
9502 9924 11
5605 8428 11
2161 8384 11
2014 6140 11
5910 6773 11
84 9408 11
5915 6574 11
2885 5821 11
5924 9040 11
1821 7777 11
1017 4843 11
3577 5367 11
4265 5944 11
3182 3276 11
2088 4300 11
7529 9084 11
4716 8859 11
61 5506 11
136 4510 11
715 1200 11
1017 5449 11
3579 9009 11
1596 5486 11
3709 7188 11
2714 8987 11
1596 8010 11
1956 4312 11
1013 2874 11
5024 8027 11
47 9778 11
938 1716 11
1010 2375 11
728 1375 11
3333 5514 11
828 7989 11
1578 8852 11
95 460 11
5062 7112 11
6513 7204 11
2634 7992 11
2701 4860 11
830 7608 11
3335 8778 11
3188 9094 11
1627 5017 11
3141 5031 11
1621 1710 11
2723 7627 11
1877 4425 11
3135 4993 11
1877 2280 11
4694 6094 11
666 5572 11
6423 6646 11
1629 3660 11
7948 8732 11
4687 9133 11
843 6481 11
657 799 11
1290 9019 11
2331 4497 11
3717 4961 11
5211 9070 11
335 8409 11
1617 8604 11
7471 8352 11
685 6398 11
1023 4207 11
1176 8352 11
3951 4246 11
2273 8929 11
7934 9212 11
3837 4665 11
2718 7788 11
834 7030 11
697 6135 11
252 5030 11
1535 1538 11
6709 8531 11
3496 6377 11
2344 8143 11
2288 7840 11
1532 6867 11
283 9669 11
1533 3051 11
2111 9027 11
1530 6195 11
1376 4783 11
1918 8977 11
1508 4586 11
9232 9748 11
3922 6358 11
2280 4710 11
770 4892 11
4914 8472 11
786 8904 11
3277 5562 11
4412 4885 11
1379 3965 11
2422 3531 11
3830 5582 11
4835 9613 11
2119 9972 11
2347 4118 11
794 4706 11
988 5138 11
3288 6085 11
3921 6442 11
985 2957 11
4799 9250 11
2443 7013 11
2342 4181 11
297 499 11
7629 8338 11
4987 9580 11
7628 8003 11
6749 8172 11
303 320 11
4999 6365 11
3240 3550 11
48 6061 11
825 6552 11
5012 9106 11
3225 4705 11
3720 6960 11
3567 9684 11
1565 3700 11
690 3794 11
1943 7056 11
67 3564 11
3992 4447 11
13 29 11
7670 8591 11
4295 7726 11
2370 4766 11
759 8009 11
3319 4218 11
6580 6787 11
267 9499 11
4931 7299 11
1505 8656 11
1167 5994 11
2431 5067 11
6245 9879 11
3039 9763 11
1350 3938 11
161 2028 11
972 1494 11
2502 2789 11
1051 5762 11
1476 7768 11
3093 8233 11
5346 6114 11
1428 7236 11
624 2737 11
5334 6596 11
2270 2469 11
5328 7569 11
1645 6819 11
1247 7676 11
850 1457 11
6850 7549 11
3618 8486 11
176 555 11
6235 7587 11
1848 7948 11
4477 6212 11
1669 8627 11
72 1238 11
6279 7531 11
8926 9586 11
5273 6152 11
8633 9382 11
2497 4459 11
612 6392 11
21 9526 11
563 7093 11
6292 7957 11
3698 8451 11
88 736 11
2756 9065 11
2609 7919 11
3614 7930 11
4207 6983 11
621 7408 11
2770 8941 11
162 218 11
87 425 11
156 294 11
35 119 11
379 7135 11
647 4112 11
3621 9251 11
572 3521 11
7260 9970 11
1215 1940 11
4180 9985 11
346 2843 11
3006 9238 11
5289 7733 11
378 1726 11
5551 7029 11
7252 9457 11
3958 9336 11
7253 8524 11
1057 5316 11
967 8583 11
34 628 12
178 584 12
821 4932 12
1784 2963 12
1384 5052 12
7873 8173 12
4828 8403 12
7211 9856 12
2016 2659 12
203 5897 12
5495 7685 12
5961 7547 12
3563 9034 12
820 830 12
8383 8475 12
2544 7437 12
171 5813 12
2052 7091 12
1518 2705 12
593 6752 12
4601 7829 12
48 6430 12
4289 7721 12
1768 9495 12
1333 3543 12
3050 6233 12
988 6613 12
3232 9733 12
8418 8532 12
1257 5348 12
4093 4259 12
3236 3581 12
2413 2495 12
1551 8028 12
863 1995 12
457 7916 12
4552 9253 12
4756 8845 12
865 5849 12
7269 7913 12
3788 9262 12
4921 7491 12
2399 6646 12
816 1703 12
175 8518 12
867 8454 12
181 9867 12
7221 7717 12
1372 7726 12
8430 8745 12
4872 9755 12
3030 4602 12
7266 9784 12
2314 6957 12
7748 9892 12
2183 4239 12
2011 8971 12
8020 9373 12
3931 6634 12
2426 8315 12
4536 8738 12
466 5814 12
5507 8372 12
11 531 12
789 9652 12
1545 2948 12
476 9499 12
758 6906 12
4779 8860 12
1056 2808 12
3625 5292 12
2886 7962 12
7683 8066 12
585 7612 12
4842 9471 12
811 1195 12
4303 5209 12
1774 9606 12
2885 4372 12
4762 8811 12
1542 7896 12
471 6558 12
7697 7841 12
4778 9296 12
766 9882 12
3893 7162 12
1199 7282 12
3886 4295 12
7448 7944 12
5732 5734 12
1620 8954 12
1351 3016 12
5734 9416 12
1643 2325 12
4576 9976 12
677 4317 12
1025 1701 12
3590 5015 12
5185 9464 12
2208 2934 12
530 7904 12
5178 6506 12
8055 9857 12
681 7593 12
682 1331 12
189 193 12
3151 3898 12
43 4720 12
5754 9343 12
94 4484 12
849 7910 12
1610 3334 12
965 1067 12
5152 9146 12
841 7414 12
4136 8156 12
1073 3975 12
1189 9977 12
5274 8245 12
5695 6361 12
658 1467 12
846 1159 12
4585 4722 12
660 9648 12
2394 7743 12
3126 4092 12
3127 7457 12
149 603 12
5148 7905 12
2067 3538 12
3592 7625 12
8757 9073 12
5719 7279 12
3592 5649 12
2952 9731 12
519 7030 12
9154 9934 12
973 8504 12
3592 3949 12
1026 1137 12
2074 4918 12
4242 9260 12
1065 2246 12
1361 6673 12
2489 5118 12
3195 4390 12
2089 5808 12
4203 8879 12
3783 4002 12
614 8177 12
1184 7236 12
493 1211 12
5033 7036 12
1239 5400 12
166 1117 12
1569 5143 12
2354 4940 12
1455 1728 12
5023 6040 12
7593 8566 12
2184 5413 12
3332 4872 12
604 6774 12
5862 9005 12
3218 4214 12
7093 7800 12
488 6244 12
5868 7573 12
1090 5747 12
4646 6472 12
2970 4021 12
5797 8973 12
3779 9283 12
1355 8053 12
139 9426 12
3588 3663 12
534 9851 12
194 9405 12
2062 2611 12
698 8729 12
3928 7711 12
5785 8412 12
2960 5231 12
537 1656 12
632 7473 12
486 5412 12
5121 9954 12
704 4518 12
5352 8991 12
5801 9722 12
4362 6408 12
1728 5789 12
5358 8548 12
8490 8933 12
5367 8207 12
946 6746 12
2060 7811 12
1159 7206 12
4269 8768 12
6671 8192 12
1985 5278 12
1799 3534 12
1288 2357 12
2674 9197 12
1947 8763 12
3697 4194 12
2637 7371 12
2371 2697 12
961 1063 12
400 6136 12
1823 1992 12
290 670 12
6379 8324 12
4460 6731 12
371 7925 12
3477 8987 12
931 8516 12
6481 6545 12
6055 7826 12
6751 7804 12
3848 4501 12
1106 8330 12
3423 7332 12
234 6885 12
2231 5538 12
2744 5095 12
20 26 12
1937 8061 12
6006 9728 12
275 410 12
6595 7904 12
1411 3384 12
6800 8240 12
1223 1246 12
1211 2804 12
3667 4288 12
1291 5068 12
4445 7833 12
6373 9962 12
16 59 12
1814 9039 12
1112 2281 12
6138 6946 12
2631 9660 12
2685 9320 12
6264 9724 12
237 1487 12
1151 6942 12
434 8871 12
2668 5226 12
1440 5976 12
1941 2258 12
6700 9488 12
1951 9879 12
255 2738 12
1820 3496 12
4497 9948 12
6579 9866 12
4449 7477 12
213 7324 12
413 8417 12
2311 7829 12
1441 8432 12
216 522 12
2669 2946 12
1904 9309 12
6979 8116 12
4484 6273 12
1417 3014 12
380 387 12
269 7243 12
3512 7366 12
1827 6739 12
1995 4592 12
6932 7222 12
6209 8643 12
1142 5631 12
2179 2335 12
6087 9557 12
423 9232 12
1137 2037 12
6309 8077 12
902 2118 12
6333 7774 12
308 9419 12
6312 7125 12
383 6552 12
8264 9164 12
2161 2163 12
2833 8211 12
448 3075 12
1430 8333 12
2722 8387 12
2832 4334 12
6234 8917 12
3840 7466 12
14 3448 12
625 1766 13
241 1798 13
2570 5416 13
3181 4863 13
3791 7397 13
1429 1954 13
6715 7747 13
4126 9951 13
4376 6215 13
2394 5572 13
4004 7327 13
1318 1865 13
2125 8817 13
7744 8979 13
7515 9603 13
2758 6413 13
7706 8999 13
67 240 13
1394 9405 13
2908 9190 13
2950 6269 13
2335 5003 13
4892 8927 13
3510 7950 13
4002 6646 13
3163 9710 13
5821 5861 13
2053 7180 13
4760 8381 13
4775 9110 13
170 3547 13
983 4046 13
2152 3887 13
1201 5085 13
602 8419 13
759 3654 13
4311 9677 13
1348 2557 13
1419 4598 13
8063 9692 13
6091 9648 13
5120 7245 13
4304 6959 13
4904 8957 13
22 52 13
1664 2679 13
768 6512 13
2 6359 13
1992 6954 13
5393 8695 13
8205 9367 13
221 2490 13
1280 4682 13
5789 9658 13
5135 5925 13
3684 8565 13
4570 5951 13
2052 3392 13
4766 9356 13
220 2150 13
5776 6722 13
5418 9872 13
934 8469 13
5105 6060 13
6473 8893 13
6104 9810 13
6283 9982 13
608 3953 13
6088 7433 13
1667 3858 13
7150 8356 13
2680 4666 13
9242 9982 13
2285 2308 13
6866 8385 13
5798 6872 13
1505 8300 13
2496 4019 13
3369 9079 13
1474 4809 13
5038 5564 13
1298 5762 13
1980 9565 13
870 2145 13
1060 1646 13
4740 8957 13
6762 7941 13
4160 6367 13
1433 7046 13
4481 8738 13
2989 3388 13
4624 5991 13
738 3469 13
1054 8296 13
1713 8152 13
2988 4803 13
6201 8342 13
5011 7915 13
176 5827 13
2144 3127 13
7266 7972 13
3024 8385 13
3850 7292 13
2412 9546 13
4736 8691 13
99 5964 13
2273 2284 13
4157 7568 13
1197 3919 13
8687 9128 13
2973 4890 13
3012 5219 13
868 8958 13
567 7944 13
19 1118 13
2379 5997 13
1154 1742 13
4052 5621 13
1569 5210 13
826 9047 13
6220 7089 13
3808 9742 13
6221 6714 13
8658 9672 13
2508 9508 13
1707 5215 13
6938 9328 13
1707 6943 13
734 3566 13
1569 6902 13
4428 7923 13
561 7585 13
1141 9567 13
5586 6227 13
177 4760 13
4348 5884 13
15 219 13
917 7536 13
5549 8587 13
381 1777 13
828 965 13
860 3908 13
753 4215 13
2959 7603 13
2089 4140 13
2634 3069 13
188 5858 13
831 3768 13
3381 4879 13
2704 7277 13
2413 7463 13
2727 5176 13
6563 7375 13
1895 8340 13
1816 7249 13
5457 8401 13
535 1537 13
597 1255 13
3720 8141 13
37 159 13
5452 9835 13
9133 9934 13
2707 8065 13
407 5646 13
1071 3535 13
1437 7670 13
2251 6561 13
5451 7230 13
2220 3114 13
408 2687 13
4407 9239 13
3880 4168 13
1143 6112 13
1724 4512 13
5514 8494 13
175 9700 13
2098 3759 13
227 3360 13
4147 6101 13
3616 7016 13
2341 3876 13
74 3772 13
314 4635 13
1823 2758 13
2449 7461 13
1554 4715 13
121 5511 13
4479 8624 13
2967 4568 13
539 1826 13
4352 7873 13
6256 9547 13
958 4401 13
2522 5293 13
2098 9269 13
5666 6149 13
1842 6314 13
7569 9508 13
5068 7837 13
2450 9903 13
2264 5880 13
1151 2730 13
689 6690 13
4867 8108 13
3273 9321 13
1867 5085 13
2268 6193 13
2349 6603 13
3462 5511 13
2872 9025 13
1785 7767 13
2556 3998 13
1766 9373 13
8103 8941 13
6661 8302 13
2462 6129 13
1872 5404 13
3146 8964 13
1483 2625 13
1448 9837 13
2375 5086 13
5339 7117 13
1513 4200 13
2374 5786 13
4246 5069 13
5151 8924 13
1801 4820 13
4661 7265 13
6853 9966 13
6853 7301 13
273 9730 13
112 194 13
1219 6188 13
2191 4041 13
797 2333 13
3510 5568 13
80 145 13
4822 7943 13
2295 9809 13
203 652 13
1616 3606 13
208 6182 13
2888 8317 13
2416 9258 13
105 592 13
5303 5557 13
4387 5474 13
2867 6573 13
4690 8303 13
649 1066 13
1259 2935 13
1426 5413 13
5248 7851 13
1957 9144 13
3347 8369 13
110 1769 13
1105 5988 13
1398 2198 13
9734 9862 13
104 8893 13
3301 5916 13
5244 8108 13
141 2508 13
4230 4798 13
9277 9381 13
9129 9457 13
847 1030 13
643 8724 13
4813 8695 13
3593 9325 13
4224 8061 13
3666 4774 13
3762 5670 13
3421 4448 13
6840 9258 13
685 1891 13
477 5253 13
4878 8073 13
4816 7814 13
358 8918 13
853 2606 13
5937 7685 13
76 3852 13
76 2587 13
961 1504 13
900 1989 13
4817 5136 13
7498 7767 13
3302 4215 13
6386 7827 13
2334 2931 13
4246 8060 13
1352 7341 13
5946 9903 13
5985 6847 13
495 1839 13
1763 2851 13
3645 3943 13
5342 9252 13
5955 8150 13
6385 8648 13
1869 8845 13
929 1142 13
6393 9264 13
1098 2559 13
1317 1674 13
3157 7771 13
77 6388 13
5982 6509 13
5842 7270 13
4535 7085 14
8211 8554 14
1012 1958 14
2953 8627 14
5682 6189 14
977 6572 14
4275 8261 14
5910 8537 14
658 5823 14
1296 1668 14
3535 7475 14
4356 8663 14
1733 2248 14
2585 8671 14
2120 3162 14
1308 9485 14
1160 9437 14
176 226 14
4587 5765 14
2645 4601 14
36 4420 14
5286 8141 14
989 2828 14
552 6082 14
3521 4775 14
3547 4575 14
2815 6599 14
3753 9054 14
4197 7487 14
1263 9115 14
5904 7450 14
1561 2502 14
3532 3909 14
528 9827 14
2876 3931 14
1772 4078 14
1410 6019 14
5527 7033 14
2804 8762 14
183 2449 14
8023 9433 14
249 5290 14
1616 1713 14
465 7050 14
2973 9137 14
4625 4862 14
1720 4127 14
1437 6420 14
1794 4012 14
318 391 14
663 2888 14
1231 6174 14
2719 7947 14
4984 6859 14
212 2803 14
4698 5737 14
5602 6755 14
5930 7652 14
6428 7715 14
1878 6910 14
1782 2173 14
2251 4567 14
5213 7967 14
796 2790 14
838 7968 14
3021 3476 14
4327 5906 14
2407 5855 14
2326 6494 14
3383 4680 14
1130 4084 14
299 9351 14
185 2343 14
6180 6439 14
4697 8205 14
2197 6475 14
1945 6522 14
1004 4473 14
2878 3893 14
1787 4925 14
2520 9000 14
4632 6877 14
1051 8370 14
6179 9549 14
2513 6679 14
1174 3383 14
2774 3110 14
8649 9340 14
1963 7570 14
297 1346 14
7906 8021 14
315 611 14
206 217 14
751 3827 14
1730 3438 14
4326 5764 14
7 106 14
1792 9422 14
311 9785 14
2306 2749 14
3765 8855 14
2386 5703 14
6260 7957 14
535 3850 14
2688 8711 14
655 946 14
1099 7090 14
5659 8227 14
2774 4559 14
186 3785 14
2397 5684 14
2145 6007 14
1958 6517 14
4350 7493 14
2013 4547 14
4752 7904 14
2162 7105 14
3220 6694 14
2802 8822 14
3974 5406 14
4825 6426 14
2455 3234 14
3131 6953 14
2059 2343 14
6821 8630 14
1661 8685 14
2786 2796 14
1960 3470 14
2270 5086 14
4473 7176 14
3971 4068 14
834 1235 14
6352 8195 14
6862 7806 14
3077 6448 14
3640 7447 14
1479 3049 14
1039 6440 14
3640 9675 14
2206 5366 14
2428 6679 14
6791 9908 14
1993 3941 14
166 252 14
128 2118 14
1999 5312 14
209 9899 14
8446 9584 14
5117 6350 14
2675 4873 14
2997 7533 14
58 7074 14
2369 8008 14
836 5880 14
2491 6064 14
2899 8844 14
666 1103 14
5388 5807 14
5859 5929 14
3315 8833 14
3173 8447 14
1387 2296 14
4109 8474 14
139 8823 14
1455 2603 14
1855 4100 14
4251 4274 14
3090 8157 14
2782 4897 14
4778 6117 14
2696 2700 14
7499 8855 14
1453 7772 14
4557 9370 14
21 4402 14
1141 6789 14
4172 8258 14
496 6895 14
87 192 14
5026 6230 14
4889 6504 14
454 2407 14
327 8125 14
3080 3611 14
6600 9522 14
2508 6444 14
1038 1330 14
813 1253 14
8855 9726 14
623 3679 14
2131 6347 14
2571 6684 14
6070 8051 14
2308 5595 14
5839 8025 14
5368 6137 14
853 3134 14
7727 9925 14
7509 7999 14
1508 4796 14
2185 9368 14
5983 6077 14
360 7694 14
945 2567 14
761 5846 14
6971 8468 14
1369 4720 14
3736 9492 14
5425 7569 14
761 9212 14
2792 3837 14
3562 7204 14
1156 4844 14
1270 8062 14
1186 4349 14
8577 9605 14
30 466 14
646 827 14
1209 7024 14
3379 8523 14
3446 4931 14
2530 2570 14
758 9559 14
5225 5971 14
2129 3805 14
5889 8492 14
5091 5590 14
3592 3935 14
6416 8574 14
20 8356 14
2763 5004 14
9 1988 14
1360 1385 14
1472 4075 14
5588 9013 14
1612 8331 14
817 9680 14
2017 2473 14
1000 4144 14
3341 7117 14
8582 9677 14
5416 9982 14
1489 9999 14
5736 8313 14
3511 9541 14
4620 4868 14
481 5584 14
2247 2517 14
3631 5151 14
1028 2143 14
222 1437 14
7471 9372 14
4038 8356 14
2626 6598 14
4203 6132 14
2 31 14
2433 2555 14
3944 6953 14
191 8156 14
3845 4579 14
70 107 14
3178 9612 14
329 5017 14
7690 9470 14
3365 8176 14
6490 6728 14
8788 9227 14
882 1372 14
8934 9662 14
58 3110 14
5312 9586 14
6264 7365 14
3133 9905 15
4022 5196 15
629 2725 15
569 837 15
1689 9060 15
6224 8787 15
1932 2924 15
1630 6276 15
129 2528 15
6223 9904 15
1876 8930 15
337 7852 15
571 1781 15
841 9061 15
2468 9479 15
666 4645 15
8346 9600 15
6228 8921 15
1334 3728 15
839 8134 15
1873 2707 15
6417 8409 15
3462 4741 15
4237 5863 15
4235 7098 15
3786 8540 15
257 7315 15
3939 5108 15
3608 5276 15
5388 9564 15
3449 5349 15
951 8606 15
5321 7274 15
69 3274 15
1861 6178 15
3075 6586 15
3156 3456 15
1643 8821 15
136 6467 15
2712 3174 15
5404 8478 15
2 476 15
5406 7270 15
2454 6087 15
1347 2442 15
2453 8108 15
6362 7241 15
2237 4193 15
1667 8815 15
7968 9308 15
88 7790 15
4041 6594 15
3358 5378 15
1862 9634 15
2202 2379 15
6318 9238 15
695 2040 15
6318 8239 15
5359 8549 15
7498 9362 15
2610 9620 15
2361 2860 15
359 4041 15
923 6946 15
3083 3463 15
5351 7602 15
1599 4659 15
2199 9911 15
3598 6549 15
3157 8456 15
8602 9229 15
1495 1555 15
4471 5121 15
3825 6347 15
6340 8281 15
1884 3032 15
976 9106 15
2756 7781 15
2609 6075 15
88 109 15
846 1699 15
590 671 15
6253 9955 15
1248 2850 15
1879 5123 15
2078 7460 15
3037 3703 15
46 4807 15
3201 5658 15
5507 7632 15
6424 9044 15
2090 6827 15
5066 8536 15
6385 6598 15
3786 8194 15
8007 8133 15
4048 8967 15
829 2748 15
3938 4490 15
1686 8735 15
580 3595 15
5046 5200 15
5527 5748 15
674 9806 15
97 8837 15
2053 5847 15
1359 5726 15
4243 8437 15
603 2369 15
645 4401 15
367 7125 15
6873 8390 15
2500 5549 15
601 1267 15
6267 9146 15
155 4806 15
3055 9473 15
927 3779 15
5263 5765 15
2052 8424 15
236 7467 15
593 8960 15
8255 9111 15
652 3855 15
255 5722 15
3812 5584 15
3614 4424 15
592 1847 15
3197 5633 15
2770 4610 15
1379 9250 15
7188 8799 15
1512 5499 15
3514 6360 15
6115 6499 15
3657 6888 15
5825 6155 15
1415 2706 15
809 3481 15
1298 9538 15
4839 5703 15
4978 5642 15
3653 5159 15
6172 8756 15
1452 5972 15
5671 9999 15
6996 7920 15
415 1922 15
26 124 15
5735 9872 15
4971 9993 15
1224 6116 15
2905 6115 15
2662 6951 15
495 2487 15
542 2948 15
1541 8126 15
1383 5986 15
1502 3018 15
2913 6438 15
4060 4464 15
7117 7894 15
2969 7197 15
4516 5672 15
3657 7826 15
7115 9954 15
946 1452 15
5649 6152 15
3686 3762 15
1944 9945 15
2544 3858 15
1773 7903 15
5649 7378 15
2850 8200 15
2683 7175 15
8737 9657 15
1258 2729 15
4755 5969 15
8886 9720 15
8759 9428 15
2125 2698 15
2018 7169 15
5694 7347 15
1740 9122 15
111 5685 15
1451 5773 15
8453 9321 15
1145 7554 15
526 2485 15
2384 9432 15
6996 8938 15
2437 9660 15
3564 6394 15
1802 5933 15
293 509 15
9486 9600 15
3830 9476 15
223 6290 15
6060 9380 15
3689 5761 15
6626 9644 15
4947 8328 15
1075 3790 15
1934 8515 15
759 1119 15
3982 5311 15
7015 7821 15
55 244 15
4142 8743 15
2397 3623 15
1326 5580 15
1173 9749 15
516 8156 15
485 7454 15
7642 8217 15
817 3884 15
7168 9960 15
532 4707 15
914 1175 15
7166 7682 15
4409 5290 15
3874 4123 15
6962 9575 15
7685 8798 15
4426 5201 15
517 7707 15
2440 2610 15
5872 9205 15
3798 6330 15
5843 7711 15
802 8337 15
127 6667 15
3921 5619 15
5774 6065 15
1828 2290 15
870 1845 15
1331 6065 15
8020 8889 15
1447 7031 15
82 528 15
1826 9518 15
1538 1969 15
7049 9647 15
1564 4088 15
5811 9373 15
7119 8039 15
1060 8808 15
1007 1424 15
2656 3798 15
19 121 15
1826 4217 15
1984 8891 15
2121 5543 15
1276 4884 15
2867 8787 15
6529 9062 15
2093 2918 15
4908 6986 15
1753 7935 15
6098 6483 15
210 1551 15
805 2577 15
3971 7111 15
3479 8046 15
1567 3585 15
5021 9128 15
3642 6432 15
4382 7843 15
3446 9327 15
2006 9661 15
6596 8153 15
1708 2177 15
2871 6078 15
5775 7726 15
6211 7320 15
4801 5914 15
453 4689 15
2510 4566 15
3761 8867 15
260 265 15
6082 6115 15
3662 5841 15
512 706 15
2025 9858 15
4388 7023 15
2121 2543 15
1078 5965 15
3227 7557 15
2227 4013 15
768 1951 15
4486 7532 15
444 9962 15
4376 8477 15
2914 7522 15
3558 7893 15
108 1113 15
2971 7792 15
5628 6532 15
1995 8227 15
1928 7380 15
217 9435 15
1417 2877 15
4096 5478 15
905 8937 15
824 4843 15
7142 7265 15
801 7724 15
1271 3219 15
1061 7091 15
1787 6591 15
6715 6972 16
9322 9703 16
2922 5472 16
631 3990 16
7515 9464 16
4125 8102 16
2024 2926 16
1127 4732 16
5786 8172 16
1291 6408 16
5363 5843 16
4558 5179 16
9152 9748 16
502 1526 16
138 9119 16
1292 6690 16
5337 9216 16
2427 3010 16
5804 6233 16
2128 3369 16
4361 5186 16
3524 5671 16
3932 8281 16
9154 9881 16
2625 3212 16
776 9935 16
5792 9102 16
494 9604 16
6329 9538 16
6459 9428 16
421 1609 16
500 8199 16
922 5766 16
2488 8847 16
1534 5301 16
421 3503 16
218 4852 16
3092 3390 16
963 2692 16
2425 7073 16
284 677 16
8294 8497 16
4212 4713 16
5840 9636 16
217 3134 16
69 930 16
7731 9277 16
1413 1697 16
4381 8370 16
274 3515 16
1447 7761 16
2251 8989 16
4524 7746 16
4330 7479 16
7068 9903 16
929 1999 16
249 8523 16
466 4341 16
3290 4364 16
2416 9824 16
1963 4277 16
1868 7119 16
7419 8558 16
1929 4760 16
4820 6749 16
4820 7085 16
8376 9139 16
4083 8210 16
5189 8796 16
3118 4409 16
153 3812 16
213 720 16
3748 9885 16
3974 9084 16
897 1065 16
2738 6185 16
3660 8990 16
6410 9071 16
338 9520 16
2417 3891 16
2868 8384 16
273 2297 16
1516 2706 16
804 6091 16
2279 4620 16
2270 6498 16
3135 7346 16
4382 4540 16
210 6712 16
5224 7306 16
213 7410 16
2388 5291 16
2406 5252 16
6417 6722 16
2872 8451 16
459 6656 16
3125 4613 16
671 7342 16
9289 9560 16
3508 3544 16
451 2918 16
986 2376 16
3760 7793 16
4103 7741 16
25 5743 16
2895 8391 16
111 3551 16
7477 7514 16
6 8840 16
4552 5204 16
2845 3455 16
5159 6723 16
6361 8825 16
2742 9181 16
486 6309 16
216 3316 16
2674 3271 16
6038 6271 16
1490 2805 16
6640 9338 16
1607 6493 16
9179 9280 16
200 829 16
5856 9485 16
1128 4483 16
4872 5257 16
2843 6300 16
2486 8994 16
428 7363 16
5847 9493 16
1527 6443 16
1864 5251 16
476 7356 16
2887 7380 16
1238 3277 16
682 5292 16
1410 3292 16
895 9100 16
435 1131 16
3343 8598 16
4844 6778 16
3522 5106 16
5892 7677 16
203 356 16
4704 4829 16
5171 7922 16
8 67 16
2390 6982 16
5888 7056 16
1641 9358 16
157 6088 16
1427 9927 16
142 177 16
1769 3796 16
2385 2669 16
2673 9715 16
1315 4230 16
1384 3673 16
3691 4261 16
58 2767 16
173 2248 16
715 8920 16
3226 4740 16
9536 9791 16
1561 2119 16
1047 6593 16
4371 5860 16
594 4817 16
4636 9530 16
4485 8693 16
2957 6404 16
295 910 16
861 4898 16
4591 6956 16
937 1015 16
404 1412 16
1193 8467 16
1465 3833 16
1912 2247 16
2796 5941 16
1677 9216 16
7660 8010 16
4198 5358 16
2515 3555 16
1900 4058 16
4497 7497 16
6146 7530 16
3871 6812 16
3612 6170 16
553 6502 16
2577 7937 16
713 4228 16
3835 8602 16
3197 3332 16
1223 3116 16
7555 8449 16
3998 8688 16
2258 4591 16
821 1381 16
5690 6484 16
596 9628 16
4481 7440 16
1894 4859 16
99 1632 16
5057 6383 16
4607 9410 16
395 4639 16
2647 6598 16
4605 8886 16
1185 6828 16
2639 9970 16
6182 8355 16
3998 7965 16
1367 1479 16
1063 3716 16
584 8702 16
4351 8606 16
397 9480 16
374 3410 16
2037 4649 16
8478 9730 16
9397 9957 16
2448 6256 16
3035 5491 16
2505 5339 16
1945 9034 16
2797 4738 16
32 4757 16
226 386 16
1062 3326 16
1575 2265 16
1339 1671 16
3045 4205 16
2304 7798 16
3387 6348 16
5483 8737 16
8926 9165 16
1839 7033 16
1327 6809 16
750 2920 16
3212 4457 16
1503 3058 16
919 9435 16
1552 3171 16
863 3865 16
6555 7119 16
5654 8292 16
4288 4875 16
2772 9134 16
5651 9145 16
373 2092 16
1670 9727 16
705 1256 16
365 6767 16
2056 7422 16
2493 7849 16
3253 7080 16
2998 3874 16
382 1158 16
4651 4987 16
8 202 16
4201 9522 16
4165 5698 16
3217 7981 16
4650 5877 16
3008 8170 16
6582 9777 16
1505 5029 16
764 4275 16
1456 1631 16
6922 8431 16
1889 8687 16
311 7692 16
3216 9725 16
3076 3756 16
6102 9216 16
289 4978 16
4921 8477 16
229 2514 16
1320 3078 16
19 6777 16
938 2078 16
6108 7807 16
192 7649 16
2026 9440 16
4165 6575 16
7521 8189 16
4569 7285 16
7518 8077 16
1041 9325 16
7329 8999 16
66 6967 16
1296 6266 16
117 1720 16
3606 5850 16
7851 8421 16
1569 9608 16
1593 6830 16
5725 9058 16
191 4028 16
1700 6711 16
7227 8509 16
3333 3418 16
1324 2792 16
3987 7669 16
415 1834 16
4944 6987 16
759 7664 16
2339 9292 16
4947 8717 16
1544 8235 16
3832 5283 16
7159 9776 16
6271 9991 16
2778 3393 16
2340 7224 16
61 5696 16
7229 7414 16
4346 9388 16
1193 5817 16
3961 9452 16
516 5052 16
817 2720 16
287 5012 16
1273 3675 16
2941 3285 16
1264 4947 16
762 4151 16
385 1999 16
5100 6465 16
678 824 17
145 2255 17
6529 9478 17
1878 7905 17
4800 7027 17
807 6509 17
6529 9158 17
4277 4590 17
1537 1665 17
258 6397 17
841 2323 17
5989 6791 17
5038 6420 17
4283 5297 17
3213 7834 17
3298 6443 17
2417 7532 17
6765 7213 17
8401 9836 17
3543 5976 17
15 3685 17
8348 9163 17
3743 8063 17
3218 3272 17
803 7449 17
2696 7508 17
2095 5445 17
4282 6768 17
6818 9808 17
4818 6368 17
4248 6166 17
2125 3025 17
6612 9344 17
3583 4914 17
4715 4921 17
4717 9803 17
1370 3780 17
6714 8504 17
1543 5321 17
251 6286 17
2684 6107 17
1915 7763 17
7531 9734 17
692 2849 17
3973 8341 17
6711 9817 17
1404 8105 17
3182 8557 17
1882 6037 17
6573 8669 17
2650 9301 17
702 5579 17
997 8499 17
5130 8981 17
7510 8019 17
2718 4385 17
4766 5906 17
1222 4187 17
325 5054 17
2428 3960 17
1164 8977 17
2455 3072 17
7827 8846 17
3256 5533 17
7729 8441 17
2713 7877 17
7732 9051 17
3558 3702 17
6727 8312 17
2712 7088 17
1181 1996 17
705 3608 17
1228 4458 17
9777 9882 17
9172 9761 17
4980 7959 17
6436 9619 17
2264 4749 17
4017 6902 17
1024 7955 17
7781 9995 17
2203 7566 17
1167 1660 17
4292 5164 17
9079 9984 17
125 749 17
1496 9222 17
1898 9476 17
3146 5555 17
795 7475 17
0 4 17
6518 7641 17
7794 9683 17
2704 9699 17
689 2962 17
1607 2007 17
3994 7160 17
4963 8490 17
4861 5903 17
254 9307 17
1588 5271 17
7650 8675 17
1609 3944 17
3287 4532 17
1530 4416 17
6563 6800 17
4272 6131 17
111 2438 17
1586 1689 17
50 1127 17
1897 8137 17
685 1121 17
6646 7149 17
7342 7400 17
1115 9386 17
3088 4544 17
4655 7760 17
4513 7758 17
4470 8226 17
2922 9591 17
3623 3874 17
1710 3903 17
7123 9099 17
2513 3108 17
5897 7436 17
2402 8792 17
7015 8007 17
7121 9863 17
5582 7810 17
5360 9775 17
4053 7396 17
2995 6367 17
619 2819 17
2059 5308 17
4203 8229 17
5891 6925 17
386 9480 17
7242 9408 17
5579 7869 17
4037 7583 17
433 9357 17
615 5029 17
1849 3145 17
2375 5533 17
1105 7807 17
2851 5335 17
85 2453 17
441 5488 17
159 3419 17
5763 6025 17
2932 3079 17
396 7097 17
1095 6117 17
7201 8647 17
884 9295 17
8698 9703 17
56 5407 17
6351 8582 17
2398 7762 17
7019 8202 17
636 6042 17
165 8753 17
395 546 17
4609 7390 17
1774 2361 17
552 858 17
1312 1792 17
160 9884 17
1272 4964 17
420 2191 17
552 9528 17
2987 7274 17
3655 7419 17
1231 3510 17
358 9096 17
1714 2190 17
3649 5704 17
2048 7988 17
2140 4212 17
6898 6992 17
5451 8975 17
1764 7282 17
581 3166 17
1088 3601 17
3798 4309 17
3033 8951 17
3674 6720 17
4048 8323 17
5467 7964 17
4641 5376 17
2319 3319 17
8640 9061 17
1215 6072 17
4195 9486 17
1682 3936 17
72 8802 17
36 6472 17
589 1221 17
2906 7553 17
7280 8790 17
7273 7794 17
3048 9664 17
1339 6229 17
8772 9775 17
1760 2776 17
426 3568 17
4635 5639 17
5419 6613 17
1119 5196 17
2057 9981 17
3783 5781 17
5569 5924 17
3005 3281 17
504 929 17
568 1356 17
5792 8078 17
868 4693 17
60 2369 17
168 5454 17
4124 5426 17
6867 9412 17
1695 9341 17
3785 4928 17
4466 4561 17
9346 9794 17
380 3730 17
1318 6692 17
3065 3736 17
3937 6613 17
6870 7721 17
5807 6141 17
867 2283 17
3619 6699 17
216 3882 17
1799 4017 17
3448 9383 17
2534 3019 17
866 6917 17
8755 8919 17
515 9454 17
411 1835 17
4144 8337 17
1393 9968 17
447 7647 17
516 1334 17
1217 3273 17
2010 6951 17
1784 2393 17
536 2154 17
154 2016 17
1075 4367 17
5678 6008 17
4571 6945 17
5294 5684 17
5747 6707 17
3685 7107 17
1075 8883 17
8045 9284 17
467 1669 17
1273 7230 17
5249 8451 17
5753 9911 17
4070 6967 17
3354 5180 17
151 5917 17
3119 7736 17
1635 2241 17
2004 9546 17
1241 2420 17
1072 7820 17
2815 6617 17
1243 2451 17
656 675 17
5262 5810 17
5986 8203 17
5743 7845 17
409 8673 17
2737 5733 17
3351 7543 17
524 3189 17
5744 5931 17
463 2653 17
3121 3278 17
1990 6578 17
2810 2844 17
2578 9869 17
5976 6738 17
3706 7191 17
2027 9712 17
1207 8338 17
902 3480 17
899 1897 17
1199 3331 17
1728 6513 17
2871 6018 17
3803 4835 17
1789 9800 17
1130 9388 17
71 643 17
29 2070 17
3808 7550 17
5975 7874 17
913 1460 17
2741 9257 17
5300 5574 17
643 5895 17
5652 6578 17
4090 9387 17
24 1800 17
5651 7294 17
5981 8569 17
663 8781 17
4315 6928 18
2227 4119 18
1087 1637 18
1369 4968 18
3854 7682 18
4893 5484 18
119 625 18
1805 7957 18
2785 6454 18
1177 1694 18
1757 5178 18
1696 1935 18
1942 5120 18
312 4344 18
8053 8222 18
4583 9309 18
312 1406 18
84 402 18
2941 3846 18
4891 6702 18
3989 4192 18
2538 5323 18
1053 8820 18
7832 8091 18
580 4523 18
6246 8846 18
374 6199 18
5048 6507 18
233 7351 18
373 9002 18
22 4953 18
4185 6832 18
30 5770 18
583 7334 18
2818 8430 18
2945 8151 18
8264 8566 18
2178 3945 18
2150 8816 18
6137 7561 18
2105 4661 18
5825 6171 18
6247 9940 18
726 985 18
2029 6647 18
3016 6019 18
5062 5568 18
5812 7767 18
2823 8421 18
5505 6662 18
1414 6411 18
2305 9254 18
1535 3505 18
1061 9117 18
2978 4753 18
289 5116 18
2215 5035 18
394 7184 18
3249 8028 18
4129 6078 18
4611 5678 18
1068 4074 18
1062 2523 18
2194 2798 18
1906 5444 18
4159 4408 18
2935 3876 18
403 5249 18
7611 8636 18
1729 9857 18
2372 8125 18
2643 5110 18
4975 7802 18
2307 6941 18
1728 3943 18
3514 4385 18
2323 7157 18
4569 7037 18
399 6585 18
3937 8712 18
745 5652 18
6940 9643 18
220 1224 18
3854 5362 18
1160 8492 18
1826 6043 18
194 341 18
2443 5874 18
1537 5421 18
126 2035 18
3875 9563 18
7615 7951 18
1808 6304 18
7134 9689 18
1538 6251 18
2045 2970 18
3244 8707 18
2033 7138 18
3909 5137 18
2952 8284 18
7245 7544 18
4166 6069 18
7885 8298 18
3234 5167 18
308 9423 18
178 9688 18
5581 6392 18
3868 6929 18
3215 9361 18
5741 7930 18
7835 7895 18
4137 7705 18
2950 7311 18
178 4281 18
231 931 18
310 1770 18
310 4729 18
3878 5006 18
2514 9971 18
1365 1823 18
3949 4236 18
979 9310 18
1373 4210 18
6955 9767 18
391 7308 18
4613 6100 18
4972 7388 18
1565 3301 18
570 2201 18
8663 9258 18
7716 9408 18
1911 8383 18
4970 5695 18
3500 5258 18
3438 9850 18
5019 6586 18
7149 7551 18
2954 3564 18
9232 9451 18
675 718 18
2061 2714 18
676 1579 18
90 2256 18
327 8634 18
328 562 18
1620 3921 18
1652 3021 18
3162 9616 18
2623 9399 18
8952 9626 18
8604 8937 18
2244 6956 18
3707 4204 18
54 9390 18
139 6763 18
2481 5446 18
4811 6748 18
693 897 18
335 2175 18
6337 7730 18
11 7955 18
1513 7740 18
2756 4623 18
2337 3072 18
4324 9551 18
104 6040 18
342 7123 18
5378 7943 18
4651 9839 18
2718 4138 18
3967 6057 18
8524 9818 18
5129 8279 18
857 1434 18
335 836 18
480 7241 18
1961 8088 18
6388 7070 18
658 6712 18
2124 2702 18
962 3728 18
1192 3927 18
1272 5402 18
3430 5467 18
1476 5551 18
4224 7423 18
1882 5400 18
447 7334 18
470 842 18
8541 9331 18
159 228 18
246 267 18
837 5411 18
6016 7989 18
1791 2147 18
799 6836 18
925 5994 18
2856 4378 18
466 8977 18
1778 3523 18
9272 9832 18
3466 4839 18
2261 9964 18
5294 8887 18
143 3230 18
5296 6192 18
838 7551 18
1442 9717 18
1879 5477 18
3471 4805 18
3354 6809 18
2670 6763 18
1967 4481 18
2350 6496 18
5325 8147 18
277 1975 18
7060 9416 18
153 204 18
1426 3449 18
5125 7165 18
4464 5823 18
849 6389 18
4545 8533 18
7082 8987 18
1635 8159 18
6359 9997 18
77 3709 18
641 9537 18
5928 6533 18
1287 5338 18
1877 2639 18
1293 8465 18
6396 6818 18
4720 5085 18
2451 6444 18
598 2791 18
3673 6622 18
369 2300 18
4318 8648 18
1472 1546 18
7553 8565 18
491 1264 18
5437 7237 18
4267 4478 18
1140 5561 18
4353 8200 18
6777 9534 18
3061 6872 18
4445 9755 18
671 8188 18
8623 8981 18
8975 9405 18
3047 6437 18
592 942 18
1678 7308 18
4046 4070 18
3482 5253 18
1761 4825 18
236 6626 18
8069 9260 18
1101 7159 18
2471 6098 18
712 948 18
341 1397 18
2730 3771 18
4045 5956 18
5467 9400 18
5840 7630 18
5841 9143 18
1763 3193 18
5845 6302 18
1411 3625 18
2365 4386 18
485 1016 18
7938 8501 18
1487 9045 18
135 8813 18
3307 5364 18
89 2861 18
5218 5807 18
4475 4837 18
609 2210 18
10 2571 18
253 1864 18
365 8195 18
89 8724 18
5881 9640 18
8491 9776 18
3430 7787 18
279 3077 18
4713 4839 18
3303 8903 18
1667 6239 18
4264 7580 18
1151 2535 18
3124 5537 18
3065 8639 18
3651 7502 18
2129 4905 18
4335 5647 18
1783 9103 18
3179 5515 18
2017 9179 18
5870 7255 18
805 6595 19
2875 4500 19
4094 7865 19
8055 8212 19
5734 9614 19
102 153 19
766 3868 19
2285 9868 19
2274 4147 19
7800 8128 19
1102 4727 19
4534 5871 19
3433 9302 19
2416 9834 19
7027 9688 19
817 2104 19
450 3378 19
2545 3077 19
517 2634 19
64 8356 19
14 126 19
29 5875 19
5728 8014 19
1543 5497 19
53 4540 19
2007 7438 19
5961 6713 19
2845 3957 19
489 2772 19
3855 4706 19
1083 8595 19
4122 6708 19
4311 8397 19
4102 4366 19
1767 7441 19
893 7706 19
1084 6853 19
7773 9963 19
7826 9285 19
3279 9074 19
3280 9547 19
4324 9923 19
2221 7792 19
9079 9951 19
51 1365 19
496 6546 19
426 4304 19
5836 6596 19
779 2580 19
8786 9152 19
2018 8146 19
779 820 19
4875 6172 19
6072 7064 19
7756 7877 19
2849 6738 19
1085 5201 19
1377 9692 19
2843 8287 19
3271 6671 19
1180 7078 19
4560 8196 19
3307 7843 19
1765 5047 19
3288 3871 19
4376 7985 19
4096 7073 19
808 2779 19
473 5074 19
2312 3872 19
1311 5219 19
9876 9897 19
3961 9786 19
8789 8902 19
4327 4927 19
4384 8222 19
1209 1891 19
3639 8900 19
4922 8592 19
1261 3340 19
7027 8790 19
3829 6971 19
117 136 19
4833 5248 19
219 6716 19
2558 6892 19
2259 5618 19
3480 8861 19
2849 8527 19
4767 5822 19
8764 9653 19
2158 7773 19
277 8069 19
221 6369 19
4098 5963 19
2887 3774 19
3285 4390 19
4788 7263 19
8418 9956 19
0 58 19
4912 8834 19
4547 8188 19
1847 4869 19
2500 4865 19
2079 4907 19
5430 8949 19
6778 8392 19
5097 5233 19
367 4153 19
10 7607 19
1635 4973 19
2710 9386 19
708 3199 19
921 5972 19
4649 9571 19
5112 5810 19
11 3518 19
5197 7659 19
166 2241 19
3952 5188 19
144 6695 19
2625 8722 19
2067 9531 19
1847 9151 19
6379 7494 19
2492 3604 19
3709 5930 19
2758 8814 19
2331 3095 19
3815 6933 19
596 1734 19
3575 9405 19
5217 8601 19
1496 7303 19
1015 1041 19
7564 9506 19
2238 3323 19
3381 6439 19
1844 3117 19
4353 8524 19
7559 8306 19
57 3907 19
1019 1370 19
2608 4113 19
72 7936 19
6391 7879 19
1673 6501 19
3503 4325 19
1673 2448 19
55 8664 19
7415 8763 19
2088 7995 19
3186 5873 19
8487 8623 19
1635 4830 19
845 1542 19
5157 8124 19
1032 2023 19
7386 7593 19
3149 5117 19
1128 1913 19
2300 3938 19
4219 6798 19
6838 8115 19
1191 3400 19
1639 9484 19
7479 9046 19
5154 9605 19
925 2243 19
4220 5824 19
682 8121 19
925 4436 19
3153 9232 19
1023 4002 19
5302 7922 19
6363 6372 19
6443 9928 19
348 8749 19
2624 8359 19
157 1395 19
7396 8438 19
4700 4905 19
155 8439 19
694 7407 19
1850 6955 19
620 3178 19
3113 5830 19
3581 8911 19
3951 9747 19
922 4580 19
6305 6951 19
622 2989 19
138 2884 19
1429 7978 19
2721 4333 19
1652 5262 19
2769 9150 19
3369 7201 19
924 1237 19
3162 8723 19
649 1653 19
2719 4689 19
682 1241 19
357 620 19
6457 9918 19
3356 6180 19
6336 9348 19
6453 9711 19
1648 3342 19
5147 5562 19
3477 8440 19
1629 5205 19
1068 7543 19
4756 7452 19
297 437 19
1299 4367 19
3351 5365 19
2961 3181 19
262 4033 19
261 9425 19
1327 6968 19
670 2327 19
1821 4437 19
18 234 19
1328 8113 19
2195 9486 19
1908 9085 19
1153 7220 19
397 3457 19
2324 8252 19
1188 8054 19
6751 9280 19
663 871 19
2970 8592 19
1582 2152 19
5252 9738 19
3905 4265 19
1991 3380 19
17 316 19
412 7513 19
3686 9822 19
3961 4883 19
761 6797 19
2943 9573 19
520 5191 19
667 1660 19
6732 9831 19
523 3783 19
4760 4939 19
147 4881 19
7673 9836 19
9160 9708 19
1073 4294 19
2816 6395 19
1462 2839 19
5235 8584 19
3689 8160 19
147 4498 19
84 748 19
2523 3632 19
147 7385 19
2953 4163 19
1734 3952 19
377 1319 19
7258 9217 19
1693 3786 19
3575 4834 19
312 4447 19
575 945 19
379 5337 19
7588 9804 19
378 3798 19
3619 3660 19
1497 5562 19
5527 8107 19
2599 5218 19
4152 5668 19
3972 5467 19
2075 2100 19
2736 6638 19
7586 7990 19
175 8142 19
4395 6101 19
1013 3177 19
7997 8539 19
3383 5526 19
3037 7511 19
3535 6833 19
7279 8499 19
5017 6171 19
7202 8986 19
5253 6147 19
1715 5864 19
4428 7610 19
3225 3988 19
7217 9920 19
916 2164 19
2373 9725 19
4611 8061 19
391 1746 19
390 403 19
2778 9299 19
4054 6531 19
2780 4578 19
1983 5185 19
6916 9699 19
3387 7295 19
1700 7332 19
1469 4200 19
2158 3554 20
2406 8382 20
71 446 20
4525 6175 20
8214 9025 20
1169 2101 20
930 2628 20
4454 8553 20
4413 7279 20
3755 8209 20
974 4273 20
8103 9289 20
2183 3296 20
2363 4356 20
830 5490 20
978 3335 20
8284 8772 20
4630 9735 20
2411 4059 20
3744 6885 20
865 5869 20
4767 7429 20
4486 6631 20
4502 8686 20
9190 9561 20
1271 1699 20
978 1139 20
4494 5160 20
1503 1858 20
4755 6447 20
102 1313 20
4757 4884 20
948 6948 20
8054 9948 20
4758 7502 20
1456 6502 20
879 2240 20
1407 8346 20
4408 6219 20
9198 9311 20
833 6478 20
847 9073 20
850 1208 20
8356 9530 20
7978 8375 20
1492 2465 20
8208 8577 20
1512 7056 20
1398 6515 20
976 8805 20
8403 9504 20
3453 8034 20
934 2198 20
3357 9257 20
8297 9420 20
3337 7569 20
4447 5318 20
971 8591 20
69 140 20
951 3967 20
8204 8620 20
3535 9497 20
4552 6701 20
3309 7773 20
860 2411 20
1293 7629 20
5725 6403 20
1684 4018 20
5512 9484 20
3104 6091 20
6762 9990 20
1337 8533 20
398 740 20
5057 6663 20
528 5229 20
7569 9646 20
1014 2485 20
3195 6435 20
6182 8880 20
133 4150 20
1076 7851 20
5690 8841 20
4059 6387 20
5077 8831 20
2321 2366 20
5318 5543 20
5680 6525 20
2764 9207 20
0 5347 20
1825 8091 20
5678 6519 20
3618 8689 20
5111 6939 20
6500 7084 20
2086 9360 20
2446 4076 20
744 6878 20
4991 8869 20
6134 8796 20
6558 9935 20
1050 2994 20
346 9782 20
298 6438 20
3221 3747 20
8760 9094 20
736 8526 20
2810 7890 20
2505 3168 20
6152 8181 20
1232 8075 20
192 1328 20
5335 9540 20
306 2505 20
6758 9522 20
29 5126 20
6760 9520 20
2228 4825 20
1228 4140 20
6169 8139 20
516 8093 20
7389 8933 20
2472 8964 20
4229 6951 20
2038 9556 20
3022 3301 20
341 8708 20
6447 9753 20
229 1392 20
6218 9489 20
2992 5201 20
2729 6884 20
3139 5552 20
670 1149 20
654 944 20
668 2619 20
4227 4435 20
1881 8582 20
2513 3471 20
6252 6484 20
9288 9482 20
338 6822 20
177 6907 20
6889 6960 20
2236 2604 20
1701 7253 20
4175 7368 20
1288 4107 20
1976 8699 20
8650 9958 20
1984 5885 20
5308 7655 20
1731 7139 20
31 7038 20
3022 9888 20
1067 1168 20
186 818 20
4183 5152 20
644 4453 20
3779 5308 20
139 8174 20
3157 8399 20
510 8397 20
1887 3780 20
39 5635 20
3156 9382 20
2608 9036 20
2765 3236 20
1212 3003 20
5621 7948 20
2203 4736 20
4044 6580 20
7216 8602 20
1857 5820 20
2874 9315 20
1530 5778 20
786 3001 20
2557 9973 20
3273 5884 20
3981 8693 20
1780 3560 20
466 2985 20
4316 6196 20
4883 9220 20
2879 9593 20
214 1543 20
2753 7534 20
777 7742 20
1934 3857 20
1777 3126 20
4897 9086 20
1674 2350 20
3603 9994 20
473 1896 20
6611 9920 20
6333 7058 20
5913 8312 20
1918 6800 20
6302 9402 20
5909 6591 20
2555 9070 20
3299 9358 20
6008 9537 20
2555 4222 20
5424 9562 20
3804 6262 20
2552 7145 20
169 5495 20
15 9378 20
606 7756 20
798 2763 20
7301 9881 20
4327 6313 20
2247 4580 20
607 2654 20
2822 2892 20
8812 8977 20
2854 4095 20
3881 4257 20
7051 8289 20
793 6076 20
459 1244 20
4834 9315 20
4093 6464 20
459 2429 20
6643 6669 20
2854 3714 20
3059 5422 20
2422 6014 20
6082 8250 20
353 443 20
2923 4986 20
36 60 20
173 9838 20
3243 4441 20
6076 7151 20
1847 3122 20
7106 8626 20
1810 3444 20
1861 4191 20
3677 8531 20
6091 8655 20
3090 9123 20
5799 7275 20
6973 7828 20
1274 6462 20
6357 9474 20
4960 9579 20
7114 8635 20
196 3122 20
4118 7352 20
5766 8430 20
193 7330 20
174 9313 20
1370 6510 20
3244 5131 20
7691 9512 20
428 7015 20
49 9136 20
365 370 20
2542 8664 20
1767 9998 20
2271 3717 20
627 4110 20
750 1022 20
6739 7085 20
5491 6243 21
6260 9896 21
859 1432 21
4624 5717 21
8964 9328 21
5502 8301 21
5491 7791 21
1972 8209 21
920 8611 21
594 8276 21
3535 4407 21
4639 4869 21
5457 7010 21
5454 7691 21
173 6356 21
1194 5638 21
1125 1593 21
5517 6464 21
4189 8760 21
1430 4567 21
6306 8083 21
88 6984 21
6277 8497 21
1193 7871 21
1049 2717 21
494 5839 21
4075 5561 21
3430 9682 21
3655 5317 21
4505 9726 21
3412 7368 21
486 1692 21
3412 3966 21
2903 5202 21
474 4951 21
3866 6657 21
1760 2996 21
2021 4217 21
75 650 21
4119 6897 21
6108 9437 21
503 2996 21
1752 6369 21
1811 7928 21
2002 7599 21
903 6311 21
2259 2978 21
1791 4195 21
453 5073 21
904 7984 21
1443 7235 21
2546 3941 21
4534 4538 21
2009 4028 21
2933 6455 21
3663 7092 21
8838 9898 21
3418 7489 21
4079 4113 21
2388 8130 21
1207 2711 21
4545 4848 21
474 667 21
5918 6043 21
3625 5029 21
6190 8928 21
4598 5941 21
542 1117 21
8723 9591 21
3626 5461 21
5634 7124 21
4484 4554 21
5612 9548 21
2589 9236 21
556 7521 21
557 4735 21
4162 4356 21
1709 3284 21
1059 1271 21
564 8536 21
179 4134 21
2778 3137 21
6180 6424 21
1112 4491 21
1078 1824 21
4577 8982 21
2800 7222 21
399 1444 21
522 1606 21
4135 6284 21
7157 8293 21
4372 5396 21
2797 4909 21
396 3406 21
4375 6037 21
1200 8770 21
84 2209 21
74 571 21
5679 6992 21
1463 8176 21
876 7725 21
392 5042 21
1182 6923 21
258 4028 21
1568 7303 21
826 6577 21
2690 2734 21
2197 8075 21
1910 6639 21
298 4402 21
3741 7218 21
7614 9746 21
1146 1875 21
4979 8151 21
8478 8630 21
2442 3275 21
3758 7727 21
1550 2397 21
2341 8720 21
3543 6877 21
4757 7200 21
3567 3614 21
3765 7381 21
9243 9888 21
1002 5012 21
1547 9727 21
17 1458 21
3190 6590 21
2629 3808 21
702 1006 21
6780 8603 21
1359 4088 21
3579 8050 21
5108 5234 21
707 1102 21
319 2100 21
3713 6871 21
5085 9393 21
317 1515 21
4758 8135 21
717 3624 21
2253 4489 21
7573 8133 21
4732 6339 21
1254 2871 21
723 5098 21
1575 2445 21
1573 7799 21
3769 6077 21
2277 4993 21
3214 4613 21
7781 9245 21
777 9214 21
3483 4780 21
3262 8678 21
7765 9047 21
4416 8158 21
52 423 21
3272 5040 21
6623 8062 21
1280 2859 21
282 2103 21
2243 2800 21
3489 8436 21
2422 2754 21
1508 6088 21
3830 4118 21
2364 8517 21
794 7318 21
808 2537 21
1512 9159 21
4792 5705 21
4328 9686 21
4807 5232 21
4806 5980 21
4798 5688 21
3828 7875 21
9162 9517 21
1001 1007 21
2103 2470 21
2103 4090 21
4760 6686 21
818 9199 21
760 6327 21
4944 6587 21
3243 5047 21
2242 8416 21
2653 5664 21
1012 8674 21
2105 5256 21
1542 5528 21
2682 8335 21
1258 1814 21
1917 6269 21
997 9185 21
2679 5294 21
4908 7637 21
3553 7180 21
775 3528 21
3831 7774 21
2344 3155 21
6401 9287 21
3885 4524 21
953 7498 21
2737 4398 21
3842 7805 21
1130 7959 21
4670 5803 21
2063 5868 21
248 1333 21
7404 9078 21
4678 6416 21
6375 7648 21
1635 7679 21
3118 9016 21
7955 7971 21
655 9525 21
6414 8589 21
5263 8895 21
1030 4531 21
5261 9577 21
3592 8111 21
3125 5631 21
625 2075 21
2054 6159 21
1264 7802 21
3700 9139 21
2754 4788 21
167 4396 21
3881 5897 21
923 4632 21
2749 7584 21
1658 8242 21
2735 5509 21
7351 8268 21
4658 6210 21
1389 7084 21
3456 7175 21
348 1753 21
4360 5516 21
3461 6083 21
5332 5827 21
5328 5978 21
6477 7632 21
7455 8856 21
7493 8153 21
4013 9833 21
2468 8748 21
4015 9706 21
42 2143 21
8539 9116 21
694 1861 21
672 9481 21
3140 7812 21
1601 5462 21
3152 4825 21
251 3222 21
2719 4112 21
669 5432 21
6487 8160 21
2849 8433 22
6507 8599 22
2612 4554 22
4145 5705 22
2678 4704 22
6607 9091 22
6873 7408 22
314 991 22
6030 8904 22
1795 6868 22
1128 9251 22
6184 7127 22
6369 9746 22
6034 8767 22
4028 7541 22
1135 9304 22
7026 8327 22
60 1806 22
3423 9952 22
8240 8952 22
1103 2377 22
3972 4989 22
6694 8755 22
227 8361 22
2671 6741 22
1409 2396 22
6860 7383 22
4412 6608 22
441 1550 22
2379 7054 22
6473 7396 22
4031 7479 22
6300 7248 22
2791 7234 22
1286 6276 22
6348 6436 22
941 7125 22
383 1443 22
3723 3737 22
2625 3003 22
4452 5314 22
257 9496 22
6155 8358 22
382 600 22
1907 7916 22
399 9525 22
6806 8552 22
264 1143 22
413 1984 22
6232 8439 22
2722 5829 22
6745 8068 22
1134 1831 22
2689 3232 22
6150 6168 22
6858 9474 22
1149 8972 22
1153 4051 22
346 5615 22
6764 8049 22
289 5915 22
1998 9121 22
4437 7923 22
345 8763 22
71 131 22
1224 5401 22
6449 8623 22
2309 4552 22
6731 7838 22
1868 4501 22
2651 5798 22
2799 9663 22
1141 4825 22
1435 3635 22
311 6205 22
910 6298 22
6393 9520 22
2627 5318 22
634 8576 22
3743 9903 22
101 6726 22
1350 4980 22
637 2953 22
4343 5479 22
851 7635 22
39 75 22
2439 9865 22
3366 6921 22
4665 4744 22
4221 9617 22
3238 5509 22
642 781 22
753 5133 22
3110 4742 22
4677 6404 22
3538 7127 22
7410 8936 22
5270 6939 22
5476 5680 22
4638 5783 22
8445 8712 22
1047 4653 22
2327 4874 22
2400 4880 22
3245 9346 22
1342 1984 22
7299 9035 22
3060 3348 22
5415 6953 22
608 5476 22
1634 3241 22
762 9715 22
2329 8731 22
4203 4326 22
620 812 22
5371 9915 22
623 3272 22
3085 3306 22
1036 8657 22
762 4024 22
1476 9916 22
1477 5900 22
3167 4837 22
138 1464 22
137 6175 22
8521 9864 22
126 7199 22
7614 8588 22
5016 9219 22
45 56 22
2337 8941 22
1594 4883 22
5087 8492 22
1589 5240 22
1589 4978 22
1561 2958 22
46 3894 22
1255 1302 22
46 7524 22
1576 3142 22
1009 1992 22
5043 5256 22
728 3770 22
7901 8696 22
1177 6142 22
827 1985 22
4348 5173 22
1177 6403 22
2463 8788 22
2480 3494 22
7630 8288 22
3130 8163 22
3137 7956 22
2249 2507 22
673 2505 22
3349 4704 22
3140 5054 22
673 6854 22
125 990 22
3591 5672 22
860 8041 22
3347 7159 22
7472 8583 22
2127 9345 22
2463 2751 22
5158 5345 22
1608 5118 22
7486 9636 22
5148 9863 22
1560 5454 22
3163 8212 22
696 1458 22
503 1335 22
4101 8800 22
7097 8340 22
3286 4158 22
2899 9950 22
3650 5024 22
1088 1842 22
2903 6380 22
4788 8504 22
4831 5521 22
500 979 22
1756 9264 22
3735 9274 22
5773 7308 22
4835 8527 22
1079 5762 22
2934 8191 22
2394 2454 22
2935 5313 22
4573 7732 22
4574 6180 22
3550 5749 22
2937 8674 22
3545 9912 22
6006 7389 22
2866 5108 22
1788 5871 22
5992 7466 22
3936 8864 22
456 6308 22
3942 8545 22
901 947 22
5937 6998 22
1447 8399 22
205 5654 22
898 7169 22
3946 5349 22
1775 7234 22
4099 7799 22
2892 3761 22
4177 4773 22
2520 7115 22
8029 9748 22
1330 3809 22
4154 7329 22
2326 4663 22
4771 9221 22
2990 6996 22
556 4725 22
4910 5899 22
3253 7263 22
1702 7546 22
178 5390 22
2045 6650 22
1723 8742 22
3012 7821 22
5547 7519 22
2506 5515 22
5538 9975 22
1469 6817 22
3026 3429 22
578 1950 22
57 7238 22
769 6950 22
3049 8128 22
4320 6206 22
1527 2592 22
110 4451 22
788 790 22
191 2305 22
2027 7110 22
1074 6923 22
8443 9748 22
1180 6317 22
5703 6748 22
781 8908 22
2966 7259 22
2192 8770 22
7170 9927 22
2396 4999 22
1199 4878 22
1463 9221 22
8465 9807 23
1932 5068 23
4305 4823 23
2349 5368 23
3998 7261 23
3991 6675 23
1363 9509 23
981 7846 23
1278 8298 23
2190 9005 23
2191 3136 23
4412 9216 23
3556 6630 23
8415 9264 23
8884 9329 23
8668 8826 23
1060 1548 23
4159 7061 23
23 2155 23
985 1163 23
4140 5921 23
1073 5322 23
1115 6941 23
1326 1898 23
3633 9734 23
8893 9101 23
957 8205 23
3635 5856 23
1337 5053 23
1113 6783 23
2320 5293 23
4126 8666 23
3526 8370 23
1084 9907 23
3523 7276 23
9148 9604 23
4381 8287 23
8841 8905 23
1310 7191 23
1097 8560 23
2224 5672 23
3661 8422 23
3597 8720 23
62 1017 23
4278 7983 23
1385 8665 23
4402 4588 23
2336 7197 23
4006 8897 23
3709 9176 23
4396 9141 23
41 948 23
1387 7469 23
8559 9707 23
3572 4422 23
1034 2141 23
972 5018 23
972 3439 23
1350 4773 23
1036 8653 23
2361 7299 23
4211 9428 23
4202 6654 23
1291 5743 23
8938 9571 23
3535 7817 23
1124 2719 23
9152 9920 23
2069 8093 23
97 6110 23
2907 5880 23
2019 2481 23
1499 3467 23
3757 5763 23
7875 8282 23
354 729 23
821 1941 23
7115 8218 23
9615 9741 23
659 7481 23
7418 8478 23
7111 9461 23
3109 6496 23
1854 2859 23
809 2942 23
7430 8843 23
1763 2611 23
1514 4399 23
805 6111 23
3128 7238 23
802 3284 23
1846 9285 23
200 9468 23
6276 7867 23
4818 9336 23
3368 3789 23
1748 2933 23
5748 9732 23
2712 7841 23
2272 3080 23
9335 9576 23
5766 6504 23
5774 5819 23
1478 9530 23
329 6560 23
1882 3267 23
5876 7621 23
6437 9407 23
5367 8765 23
2061 6466 23
2915 3535 23
5808 6851 23
641 4227 23
2730 9475 23
7395 8340 23
96 2799 23
9651 9689 23
6832 8928 23
222 2468 23
1819 3107 23
134 5574 23
4952 5172 23
3764 9279 23
1546 8310 23
2438 9178 23
2576 8347 23
1211 2513 23
2452 3455 23
1813 8685 23
5076 6762 23
404 3071 23
2861 4309 23
744 5425 23
3201 4386 23
6098 7780 23
437 1648 23
127 2507 23
6069 9286 23
1802 5502 23
429 5559 23
6032 6733 23
1567 2473 23
2846 4512 23
2447 3055 23
777 9463 23
5211 5676 23
796 7081 23
680 4552 23
2769 6996 23
371 2431 23
2466 8420 23
4845 5481 23
5166 6823 23
1610 2360 23
2777 8513 23
784 6565 23
3265 5819 23
1232 1967 23
6927 8968 23
137 5222 23
388 1539 23
5941 7744 23
6936 8531 23
704 5083 23
7704 8878 23
455 2317 23
1595 1965 23
2580 4278 23
541 4531 23
4448 4910 23
5650 8849 23
188 1462 23
3825 9120 23
3936 6363 23
5506 6491 23
3419 3507 23
1682 7820 23
567 3695 23
589 644 23
569 795 23
4550 5651 23
1702 8571 23
179 501 23
4438 7210 23
4434 6405 23
2272 3722 23
4558 7902 23
2521 6787 23
2506 5873 23
1941 9354 23
1194 6386 23
6581 9638 23
2962 6919 23
5550 7072 23
931 1602 23
1469 2298 23
6620 7012 23
3022 6966 23
2162 6351 23
5528 5701 23
3008 9181 23
5521 7407 23
4449 4633 23
5518 6970 23
540 9129 23
1944 7731 23
5721 8402 23
1922 7006 23
8300 8419 23
1933 3497 23
5622 7928 23
2708 4194 23
5598 6576 23
3392 6975 23
4578 7106 23
3400 4892 23
3397 3542 23
1462 3863 23
280 3117 23
8035 8721 23
1411 4714 23
1468 2446 23
4559 5326 23
4612 8427 23
2947 5528 23
4614 5992 23
5119 6742 24
7587 8906 24
2092 8203 24
3172 7620 24
3159 5512 24
3857 6216 24
5037 5915 24
5918 6316 24
1311 9756 24
3015 6157 24
1245 5138 24
5928 6209 24
1306 9010 24
129 7150 24
3174 7726 24
1208 2035 24
1796 7998 24
2217 3010 24
2452 9905 24
7560 8186 24
3000 9662 24
2034 2964 24
7040 9962 24
5989 9709 24
5078 7233 24
5990 6060 24
715 1434 24
5088 6076 24
3187 4346 24
4163 7559 24
3622 3918 24
547 2048 24
545 1309 24
5106 7368 24
2545 9496 24
3802 5377 24
2548 8252 24
8685 9552 24
3205 8284 24
5953 9505 24
1794 3884 24
3770 8978 24
5101 6674 24
3193 5730 24
1101 2173 24
5646 7702 24
641 9103 24
1350 4761 24
1083 1880 24
3099 7680 24
2319 5473 24
5325 6281 24
5712 9462 24
7283 9915 24
5812 6448 24
3089 8071 24
5310 6441 24
3786 4957 24
1074 8337 24
1074 4627 24
8629 9814 24
2911 3077 24
4199 6806 24
5751 9741 24
512 7338 24
7144 7722 24
510 7539 24
5724 6177 24
1671 2761 24
2910 5961 24
3600 9491 24
600 6084 24
3782 5194 24
190 7795 24
624 2458 24
598 7781 24
1027 3588 24
1625 3226 24
3137 3413 24
1623 1851 24
3143 6150 24
2014 8459 24
5664 9969 24
27 8742 24
2084 3232 24
9477 9567 24
3632 9120 24
5705 8406 24
35 7430 24
3116 9094 24
4111 8007 24
5285 8579 24
1240 1414 24
7409 9049 24
5699 8544 24
8637 9387 24
2219 8083 24
4233 9682 24
1051 8721 24
535 6010 24
1239 3776 24
5508 6683 24
5850 8930 24
1630 5920 24
7093 7856 24
2387 9423 24
7848 8047 24
7851 8363 24
4512 9374 24
960 3099 24
1216 6055 24
825 6919 24
2613 4332 24
6362 7155 24
2742 7870 24
3334 9900 24
6567 9286 24
1908 8236 24
978 3856 24
1864 6742 24
1496 7814 24
2131 3305 24
4708 5667 24
3823 4025 24
2617 4745 24
2760 6973 24
4464 7749 24
4393 8351 24
4821 4854 24
3288 7605 24
1169 6695 24
22 336 24
8364 9698 24
2645 7114 24
803 6941 24
916 4751 24
3722 7240 24
1383 3821 24
1971 2591 24
8406 9935 24
4492 6378 24
2686 8471 24
2415 8089 24
322 5617 24
1904 5542 24
15 23 24
4645 7618 24
859 3800 24
2401 3656 24
888 6015 24
1138 6278 24
87 5340 24
4627 8326 24
867 1285 24
255 4331 24
3533 7707 24
1457 4039 24
1469 4285 24
2150 8926 24
4601 9207 24
2250 7459 24
6409 9195 24
6040 7893 24
2406 3194 24
2693 7714 24
2723 6702 24
3415 6101 24
6810 7020 24
4023 6569 24
1906 5194 24
7805 8946 24
6753 6765 24
4664 6241 24
81 91 24
7969 9740 24
6443 8939 24
4558 4987 24
2184 6734 24
855 4620 24
2432 7760 24
1927 3577 24
1115 4583 24
1930 7558 24
1372 3303 24
395 1111 24
116 1360 24
6167 6304 24
7709 8804 24
945 3649 24
772 3405 24
9056 9905 24
389 666 24
2427 6544 24
3 133 24
2099 9253 24
4986 6685 24
1553 9332 24
2173 6481 24
748 8183 24
278 1223 24
4417 5070 24
2826 7637 24
4439 5140 24
7651 8444 24
407 3702 24
1545 9453 24
6963 7946 24
6996 8106 24
1936 9481 24
4855 6582 24
8239 9174 24
8235 9525 24
2604 5626 24
3283 3987 24
1109 6304 24
1916 3104 24
371 3390 24
4075 5828 24
6997 8615 24
3285 7370 24
6241 7770 24
1832 4355 24
2112 6373 24
8252 8403 24
3849 5192 24
741 2882 24
8299 9768 24
784 801 24
6684 9466 24
5713 9343 25
5708 8641 25
9028 9618 25
183 981 25
6492 9207 25
1900 6600 25
549 585 25
6513 7836 25
2528 3907 25
1227 9162 25
5658 9460 25
6584 9547 25
538 6351 25
2652 4771 25
6599 9625 25
6814 6946 25
2686 2838 25
2658 8334 25
6618 9135 25
1145 8175 25
1325 2380 25
1069 1926 25
1223 7595 25
2678 3277 25
1725 2977 25
282 1343 25
6550 9890 25
2272 5409 25
2950 8330 25
2661 7727 25
526 1243 25
5705 9433 25
1905 3223 25
2672 7377 25
22 1162 25
470 2474 25
3798 7600 25
472 958 25
382 1183 25
374 2635 25
478 2923 25
1121 9914 25
2304 5542 25
468 2049 25
481 7661 25
2541 6803 25
201 1320 25
1845 4148 25
2763 9797 25
2760 7462 25
3806 5250 25
433 884 25
2001 4524 25
2836 4008 25
2001 6461 25
6025 6322 25
1104 4904 25
2827 5812 25
4071 7115 25
3730 5769 25
442 7991 25
3686 9098 25
451 1053 25
2551 2620 25
1820 4548 25
6179 7230 25
2799 5045 25
391 7557 25
2011 6760 25
1212 1450 25
4125 4326 25
2921 8050 25
4020 8532 25
1 54 25
195 1563 25
5785 9321 25
329 4899 25
1222 1704 25
7139 7581 25
1319 1706 25
4011 4302 25
2936 3612 25
2711 9561 25
1748 2614 25
5728 7336 25
1742 9289 25
320 9137 25
2760 6246 25
362 5693 25
5861 9538 25
5854 9220 25
1855 2215 25
1088 1695 25
2301 5417 25
495 1787 25
2749 5175 25
5826 7975 25
2909 7670 25
1129 5605 25
498 2586 25
2619 6471 25
6402 7813 25
2535 6912 25
6412 7268 25
5806 9609 25
2473 2978 25
4239 9245 25
3137 3669 25
2403 2930 25
3368 3803 25
3148 6013 25
8396 9422 25
7493 9338 25
857 3208 25
3586 7594 25
3583 8530 25
139 1718 25
7503 7939 25
3581 7185 25
844 1996 25
3350 9715 25
1597 8954 25
1495 6590 25
3923 8110 25
966 8808 25
5355 5424 25
4564 9301 25
5349 9125 25
2151 7974 25
3097 3288 25
3098 9807 25
1035 2813 25
1647 3867 25
638 4066 25
641 780 25
3530 6303 25
5095 9492 25
3595 6947 25
863 2004 25
8575 8773 25
5287 5505 25
39 7532 25
4635 6127 25
658 7617 25
4641 9375 25
4234 8143 25
1390 3740 25
53 5222 25
7799 8325 25
3289 8422 25
1560 7232 25
1559 7815 25
3229 8918 25
3233 5965 25
4826 7872 25
1524 3455 25
1544 4192 25
119 7102 25
787 5119 25
4322 7962 25
2115 4422 25
1531 9003 25
4930 8716 25
3555 8878 25
4907 9013 25
3555 4519 25
101 4599 25
4734 9652 25
2412 3007 25
711 5040 25
100 1403 25
5080 6288 25
1582 7252 25
7579 8309 25
1272 4696 25
2092 5240 25
3214 8046 25
2448 4477 25
730 2670 25
731 9074 25
3322 3839 25
817 4903 25
813 1438 25
3217 8324 25
106 1487 25
2417 4619 25
3546 4131 25
737 6161 25
4283 5726 25
2156 8064 25
7272 9587 25
591 3509 25
3042 7841 25
4511 5805 25
904 9469 25
3517 7253 25
2273 8932 25
8119 9866 25
3420 6303 25
2051 8275 25
4423 6486 25
8339 8830 25
558 4436 25
9187 9561 25
1672 2670 25
6 263 25
5522 6181 25
1418 6080 25
3465 4074 25
3461 9093 25
3020 4617 25
5523 7542 25
2215 2950 25
1675 3036 25
5520 7671 25
918 9406 25
9174 9360 25
4433 8365 25
81 4321 25
179 533 25
5494 8271 25
2380 4125 25
7337 9957 25
610 7921 25
1662 2179 25
2056 4246 25
3784 9793 25
2992 5024 25
3599 9423 25
166 460 25
558 1874 25
2992 3121 25
2355 9564 25
963 5758 25
8609 9418 25
963 8957 25
4421 9569 25
3062 5987 25
614 772 25
3750 3830 25
5395 5880 25
1041 8740 25
4413 9821 25
4210 6960 25
239 5250 26
1418 3605 26
239 4423 26
229 6013 26
4040 9687 26
777 3524 26
1517 2857 26
363 566 26
1118 1275 26
2170 2174 26
4787 8252 26
361 3228 26
104 7172 26
3254 7476 26
2415 2939 26
6686 7825 26
2986 6195 26
2418 9431 26
1530 3009 26
788 9078 26
3283 4630 26
2664 3920 26
62 3602 26
7753 7850 26
234 323 26
2249 7175 26
944 2285 26
6641 7993 26
938 5829 26
6263 7510 26
7796 9093 26
3267 5050 26
7803 8460 26
270 9804 26
3933 9725 26
2400 3365 26
1449 7940 26
6794 6926 26
6465 7386 26
2137 2680 26
3755 3879 26
1885 8480 26
4549 8874 26
850 4019 26
3521 3820 26
1958 4583 26
1220 3769 26
8389 9133 26
967 2893 26
6526 8161 26
4003 5502 26
6496 7278 26
317 6601 26
2698 4430 26
2739 5435 26
914 8547 26
3333 3819 26
4747 7138 26
8206 9489 26
822 5566 26
958 1843 26
6852 7245 26
924 8352 26
2612 4096 26
3831 8362 26
3472 8216 26
241 7980 26
3335 5663 26
1490 5052 26
839 5130 26
94 1831 26
8148 9929 26
2648 2933 26
8125 8319 26
1910 4912 26
4678 4810 26
848 5343 26
7379 9752 26
2918 7284 26
5790 7149 26
1657 4546 26
7128 9521 26
1349 3692 26
7343 7383 26
639 5841 26
38 3899 26
7333 7511 26
5746 6644 26
167 5983 26
30 160 26
5727 7907 26
2211 7341 26
1739 8286 26
4197 7236 26
172 6112 26
2206 6890 26
484 3459 26
2894 3480 26
7439 9218 26
1374 9537 26
1625 5889 26
3126 3596 26
7097 9774 26
2478 6478 26
3053 9166 26
2332 4084 26
2068 6739 26
4108 4184 26
2481 4101 26
3644 9322 26
3115 5050 26
2909 9574 26
7398 9903 26
3105 7945 26
5554 7692 26
2047 5826 26
5570 7681 26
5571 6259 26
5643 7045 26
544 8412 26
5582 5714 26
1708 4114 26
4149 4813 26
5660 8005 26
5591 7326 26
557 2516 26
557 1647 26
3623 6864 26
5604 9128 26
5609 5628 26
2952 5405 26
5708 8018 26
4193 4467 26
174 2952 26
5487 6865 26
2030 5803 26
529 1904 26
2954 3199 26
3959 6218 26
576 7704 26
4146 4375 26
7256 7770 26
737 2476 26
422 3532 26
402 9702 26
5015 5362 26
6081 9310 26
2444 8225 26
7607 8567 26
6060 6096 26
420 2091 26
5204 5449 26
4075 8682 26
3670 6762 26
3570 4351 26
4076 7472 26
999 9565 26
5022 8658 26
1555 1732 26
2439 9503 26
7648 9021 26
4971 7335 26
1813 7644 26
2830 7003 26
419 4701 26
4287 6311 26
1603 3417 26
2797 5009 26
207 7985 26
3763 5032 26
5127 7397 26
5932 8326 26
2276 6055 26
3159 6198 26
5149 9313 26
3156 6335 26
5159 7464 26
6193 7269 26
478 4708 26
5172 6632 26
6030 7443 26
3208 5729 26
721 5503 26
442 970 26
2855 4012 26
5998 9178 26
4088 6660 26
4266 8452 26
134 5592 26
706 5199 26
5109 9750 26
4093 5315 26
1196 3341 27
5 4846 27
3789 7673 27
1216 4336 27
3839 8155 27
1220 1538 27
3900 5001 27
3866 7566 27
2281 7994 27
3933 7774 27
7314 9090 27
3031 6725 27
1684 8343 27
174 616 27
3052 6470 27
170 3091 27
3066 6855 27
609 8248 27
621 4677 27
3078 5277 27
624 8801 27
5359 5428 27
640 9379 27
3106 5830 27
546 9347 27
5693 7932 27
529 3242 27
1735 9286 27
188 4504 27
5661 9667 27
5653 9170 27
5634 8380 27
1639 8682 27
5624 7053 27
2977 5679 27
5605 8919 27
2040 4344 27
7238 9631 27
5581 5816 27
4984 5649 27
5112 9967 27
3191 9396 27
1579 8347 27
5060 8932 27
1571 4353 27
1563 5892 27
743 9446 27
3237 5535 27
7635 8758 27
754 5014 27
3243 4563 27
2433 8539 27
2433 8391 27
1541 9630 27
3148 4456 27
5298 6528 27
2067 6278 27
7410 8263 27
152 2752 27
664 2653 27
2079 7002 27
1613 6118 27
690 3738 27
1597 9114 27
5124 6650 27
1596 5739 27
363 6591 27
6428 8612 27
2722 7323 27
6422 6560 27
2618 6105 27
355 573 27
2750 3432 27
6319 6717 27
334 3729 27
6259 9932 27
2591 8994 27
1982 7743 27
2783 3306 27
6215 8803 27
304 1304 27
2665 6166 27
2672 5161 27
1920 5500 27
2678 7307 27
2655 8870 27
266 5668 27
1983 7646 27
2702 4369 27
330 6933 27
250 4205 27
506 8469 27
7081 9886 27
2888 8947 27
1764 4398 27
2904 3857 27
5928 9856 27
2925 5686 27
5772 5948 27
5760 8468 27
2939 6050 27
518 4807 27
436 3528 27
2818 5141 27
411 3822 27
6109 9170 27
6099 7687 27
425 9059 27
1786 2309 27
7068 7283 27
5931 7880 27
1317 9676 27
1431 5876 27
1092 1429 27
1089 1109 27
8233 8680 27
3659 7271 27
2221 3111 27
4129 7323 27
1077 6485 27
4566 5938 27
2392 8435 27
2390 7113 27
895 9143 27
3416 3419 27
3479 8836 27
8099 8301 27
3671 9372 27
1309 5716 27
2199 6266 27
4184 9771 27
8417 8503 27
4290 4691 27
1364 2134 27
47 6109 27
1335 1712 27
8535 9173 27
1351 8684 27
8602 9745 27
8606 9155 27
2352 8952 27
943 5340 27
8284 8914 27
1404 7126 27
3519 6287 27
8084 8222 27
1383 8806 27
3376 3910 27
800 982 27
854 5985 27
4803 5759 27
19 311 27
3351 5872 27
2407 7109 27
2402 3460 27
7909 8663 27
98 7313 27
9017 9892 27
1284 2080 27
827 1402 27
1284 9721 27
1500 2330 27
814 7127 27
7867 8493 27
8011 9534 27
8868 9320 27
4871 8304 27
4842 9818 27
3723 9257 27
3695 5384 27
88 6897 27
1149 5648 27
3729 6614 28
2794 8606 28
2322 9107 28
1932 2278 28
1338 8871 28
2667 2775 28
1989 6025 28
1937 2646 28
2614 6986 28
1963 4818 28
1961 8777 28
1868 8476 28
2303 9956 28
1870 7758 28
3824 8216 28
2726 4657 28
3677 4455 28
3680 8959 28
2721 6627 28
1910 9161 28
2292 9056 28
1830 4171 28
2639 7218 28
1981 2523 28
1911 7634 28
1893 4918 28
1953 4330 28
1841 3972 28
2315 6053 28
1292 4406 28
3102 4867 28
3336 9831 28
3348 8542 28
1485 6249 28
1480 5099 28
2480 9554 28
2482 3715 28
2482 8974 28
1469 5166 28
1251 9208 28
3101 9610 28
3071 4806 28
2056 3778 28
3402 6536 28
1668 2102 28
1576 3795 28
2426 4244 28
2442 3144 28
1558 8243 28
2278 3718 28
1521 8028 28
1518 2488 28
3192 4312 28
2127 2286 28
3175 5732 28
3331 7007 28
1735 4856 28
1414 8129 28
2032 2361 28
1242 3582 28
2359 8603 28
3540 4037 28
2537 5878 28
2018 6458 28
2883 8948 28
2847 8150 28
3436 8372 28
3412 9790 28
2389 3151 28
3787 6895 28
2997 8528 28
2995 4337 28
2383 2673 28
3440 7407 28
2986 4597 28
2038 9119 28
1722 4274 28
1425 1459 28
1424 3018 28
219 8561 28
5239 5948 28
216 6974 28
5158 9106 28
7075 8450 28
6970 8794 28
5113 5156 28
5102 9763 28
189 1192 28
3916 4455 28
712 8673 28
7250 9379 28
6968 9303 28
5250 7191 28
6944 9753 28
5260 7979 28
229 735 28
6909 9796 28
637 2044 28
6841 8043 28
633 8637 28
5343 8024 28
143 3479 28
4966 7106 28
766 5221 28
747 7981 28
771 1050 28
1190 2835 28
126 6693 28
4879 5408 28
5025 8749 28
729 7869 28
3904 5412 28
7269 8355 28
724 4669 28
5049 6381 28
389 7208 28
504 9302 28
372 8845 28
6262 7928 28
497 3643 28
5702 9668 28
5661 5863 28
350 7934 28
349 2658 28
349 951 28
5844 6613 28
490 6687 28
5908 6127 28
6135 6152 28
5938 6231 28
435 587 28
6051 7029 28
5530 6890 28
6776 7404 28
6697 8241 28
609 9411 28
1165 1693 28
6562 6997 28
6560 8162 28
5492 6607 28
5495 8943 28
6546 7096 28
317 9391 28
332 1350 28
554 7698 28
5635 7140 28
8192 9543 28
933 5891 28
930 9358 28
8429 9767 28
4481 5041 28
8371 9675 28
68 5513 28
4605 8765 28
8186 8612 28
4617 6964 28
4646 4784 28
88 5800 28
8812 9543 28
3828 4006 28
9356 9864 28
4305 7115 28
9186 9263 28
4306 8421 28
9134 9759 28
4312 4472 28
994 3441 28
4349 8806 28
8914 9215 28
972 1986 28
4364 8480 28
36 7574 28
949 2618 28
8556 8756 28
4812 5810 28
1048 1786 28
7882 9542 28
4814 6623 28
7626 9470 28
4186 5588 28
123 3001 28
3877 7701 28
7676 7999 28
112 8497 28
7754 8944 28
4789 5339 28
840 5338 28
835 1607 28
782 4357 28
5643 8058 29
1065 9979 29
2966 6156 29
538 1046 29
1736 6303 29
574 1124 29
5599 5660 29
432 1828 29
3577 9412 29
4073 4873 29
4797 5152 29
5615 6033 29
3525 4687 29
548 3253 29
4161 5029 29
1378 2137 29
5950 7771 29
5843 6020 29
2901 5298 29
4051 9698 29
469 7327 29
1294 4391 29
1529 3705 29
2890 2956 29
4255 5665 29
3241 3625 29
3243 4363 29
4354 4452 29
969 3147 29
5808 6786 29
3391 4282 29
3609 6428 29
3374 7266 29
4642 6697 29
3386 5167 29
3111 6044 29
5056 8936 29
4098 7528 29
4748 9085 29
727 2876 29
1461 8325 29
5145 8381 29
4681 6942 29
3640 4911 29
5114 5495 29
4661 5452 29
3172 4911 29
5128 5183 29
880 1000 29
5146 6850 29
5148 6527 29
1577 9815 29
5177 7171 29
5198 6718 29
5231 8168 29
4456 6850 29
5489 8863 29
1445 7144 29
4462 8938 29
1683 2586 29
3664 5636 29
3665 8876 29
738 1181 29
3669 8136 29
5002 6400 29
1458 8811 29
3085 8673 29
3317 3474 29
3658 4209 29
1656 4871 29
4580 7409 29
1410 4487 29
1664 1687 29
3314 7660 29
5430 9891 29
2625 3834 29
6792 9203 29
8031 8259 29
3870 6472 29
89 4310 29
238 1616 29
237 3587 29
257 3571 29
1265 5262 29
1988 7734 29
96 449 29
2126 3789 29
2003 5113 29
2675 3516 29
324 7384 29
1897 8064 29
6521 8880 29
2123 5105 29
2160 3139 29
1166 2310 29
6653 7677 29
2151 7888 29
6757 9008 29
7639 9298 29
1192 2366 29
2065 8703 29
7402 9176 29
2471 3076 29
2093 6874 29
7587 9138 29
7055 9329 29
2010 2345 29
1177 8832 29
1262 7202 29
2018 5329 29
111 6041 29
3858 4465 29
3914 8763 29
2110 9609 29
2510 3991 29
7261 9130 29
1248 2408 29
37 161 29
8616 9556 29
6289 7092 29
2293 7574 29
4005 7298 29
8728 9498 29
6327 7842 29
2333 9090 29
8534 8780 29
8959 9511 29
2233 8912 29
2318 5877 29
3999 8816 29
333 6680 29
6160 8937 29
6154 8338 29
3708 5921 29
415 6672 29
414 5231 29
3808 6945 29
326 6563 29
2971 5835 30
990 1110 30
4326 4608 30
112 5392 30
1370 5936 30
127 2982 30
4895 6556 30
3560 4736 30
4866 8774 30
998 9479 30
2282 4948 30
8995 9848 30
3551 6015 30
3558 5055 30
7736 8242 30
3550 7264 30
63 1321 30
2343 4016 30
8248 8267 30
2371 3695 30
2179 7270 30
4503 8471 30
912 8555 30
913 1161 30
4705 9865 30
2225 6514 30
824 1122 30
8757 9853 30
2410 9008 30
4723 9856 30
3337 5319 30
959 2504 30
2133 6831 30
4668 8933 30
2207 7490 30
2333 4320 30
546 9171 30
2986 5373 30
339 1172 30
550 898 30
341 3425 30
2735 8398 30
2739 2948 30
2703 8655 30
1693 4702 30
3015 4324 30
2762 3416 30
1699 2132 30
1815 3909 30
469 7665 30
2823 3843 30
6116 6328 30
445 3031 30
6073 9017 30
494 3233 30
2936 3712 30
514 1339 30
6201 7503 30
6181 9201 30
1821 4853 30
2804 8066 30
2890 5738 30
704 9713 30
2049 3635 30
3207 3469 30
180 701 30
1585 1597 30
182 766 30
724 4432 30
5113 9769 30
3146 9639 30
1541 6395 30
2462 4721 30
734 4138 30
3215 8662 30
160 9033 30
1570 1765 30
278 4050 30
6803 9459 30
3084 6337 30
257 8228 30
2669 3671 30
3063 5802 30
290 436 30
315 620 30
3028 4754 30
669 6285 30
5234 9744 30
2568 3470 30
2588 8566 30
643 4434 30
5310 8971 30
237 4271 30
242 1362 30
5340 9395 30
2616 3622 30
4098 6284 30
3998 9661 30
1038 8950 30
1130 3536 30
4176 8996 30
3870 9705 30
4209 8658 30
3655 8199 30
3855 5036 30
1095 4930 30
3884 7855 30
3767 6853 30
3812 7693 30
4211 5925 30
4253 8553 30
124 648 31
634 1291 31
4225 7695 31
1650 1853 31
7720 9462 31
1082 9444 31
1083 2334 31
5155 6066 31
687 1426 31
684 1910 31
7773 9909 31
1194 9211 31
2108 9149 31
7705 8554 31
3064 6997 31
1638 5464 31
4074 4785 31
7417 7464 31
5609 8572 31
3505 6024 31
9038 9602 31
2483 7328 31
2064 5786 31
2970 4604 31
7365 7586 31
535 8875 31
5674 8306 31
5681 7347 31
7339 7909 31
1744 9634 31
3668 5210 31
5377 5573 31
3076 4427 31
5423 8045 31
5470 7845 31
3493 4818 31
7475 8273 31
3020 6459 31
8420 9215 31
3335 7933 31
4751 5007 31
8396 9478 31
8744 9147 31
817 5380 31
4763 9860 31
4206 8529 31
3411 7949 31
1509 4558 31
2358 3520 31
2182 5330 31
4781 5917 31
4519 8771 31
8226 9069 31
2204 5309 31
2212 6042 31
4582 9914 31
2206 9883 31
3375 7569 31
4679 6137 31
4685 5845 31
8710 9931 31
2324 2566 31
722 8576 31
5059 5304 31
5068 9598 31
715 1249 31
728 751 31
3182 4365 31
3181 5107 31
5097 8253 31
3180 4004 31
5122 7268 31
1598 2235 31
3169 4298 31
4903 5101 31
8176 9119 31
8080 8631 31
755 3589 31
1603 4082 31
4966 8447 31
3598 6371 31
748 6452 31
85 6647 31
5016 8221 31
1817 6507 31
2547 2990 31
7048 8691 31
393 7596 31
5737 8890 31
408 4395 31
2565 5723 31
2853 9318 31
7141 8088 31
6032 6564 31
1797 6711 31
2533 6407 31
6045 7768 31
6257 9754 31
414 6028 31
4331 5020 31
414 4621 31
7088 7789 31
3709 6183 31
252 5702 31
2619 9137 31
293 1441 31
6599 9842 31
3948 5621 31
256 9189 31
1930 7529 31
2652 6203 31
6354 9446 31
1371 5265 31
6298 8892 31
1020 5107 31
360 6060 31
6353 7642 31
2551 7576 31
4297 5255 31
6381 6536 31
4289 6538 31
5899 7362 31
1784 8167 31
2249 5586 31
3700 7069 31
1124 1474 31
9136 9812 31
1774 3541 31
1354 5956 31
4241 8286 31
2046 5885 31
7291 9372 31
502 3607 31
2926 6782 31
5759 5896 31
7161 8597 31
7155 8154 31
975 3735 31
334 5397 32
3762 4765 32
3769 9978 32
3619 8644 32
6421 8780 32
5625 7251 32
1094 6942 32
6470 9558 32
6882 7538 32
5639 8767 32
3328 3721 32
1157 5495 32
3624 5287 32
2581 4004 32
3860 5008 32
778 1243 32
2378 7343 32
6395 6569 32
4053 4339 32
789 4245 32
4824 6849 32
6682 6992 32
8485 9400 32
852 9953 32
1112 3454 32
1653 6688 32
5707 6255 32
6671 7613 32
439 2936 32
8482 9064 32
521 2488 32
8590 9746 32
2328 5378 32
3396 9193 32
2486 8718 32
5822 6740 32
313 6908 32
52 767 32
4718 8517 32
5799 9165 32
3340 5640 32
8402 8510 32
1793 7480 32
170 7853 32
4678 5278 32
5392 8578 32
692 8410 32
103 4493 32
697 2082 32
5138 7257 32
2807 8300 32
586 3346 32
5399 6683 32
5103 8402 32
400 2916 32
4261 9913 32
577 2194 32
2520 2565 32
6210 8854 32
2128 5462 32
1667 4064 32
417 6669 32
4088 9665 32
686 7005 32
1092 6570 32
6066 6695 32
3925 9450 32
1703 7042 32
563 6892 32
6259 6936 32
8035 8283 32
3235 6707 32
2151 5000 32
5318 8289 32
1796 4780 32
364 8722 32
6298 7254 32
484 2647 32
7403 8427 32
361 1651 32
3797 9172 32
1665 4167 32
3251 8327 32
384 2083 32
3899 8360 32
5067 7861 32
721 2223 32
722 1148 32
570 9434 32
1836 7519 32
7961 8586 32
7966 8750 32
2445 4417 32
5018 8963 32
3456 7772 32
4357 4935 32
4275 4906 32
8792 9225 32
2259 4667 32
4511 7545 32
4446 8505 32
1433 1509 32
3529 6162 32
4460 4625 32
2305 5944 32
2230 8931 32
2229 8725 32
2271 7002 32
1217 4132 32
1 340 32
3467 7084 32
4526 7565 32
1032 6893 32
4378 5673 32
4272 8718 32
3442 8091 32
968 4605 32
984 4538 32
2240 3676 32
3843 4579 33
2710 4128 33
1988 2167 33
519 3964 33
8332 9214 33
4124 8193 33
5967 9926 33
1032 6143 33
3157 3913 33
3329 6844 33
7808 8932 33
2217 7741 33
1349 4557 33
688 5146 33
106 3578 33
150 9260 33
3414 4383 33
6374 6758 33
2228 6811 33
2580 4804 33
1550 8622 33
3314 4314 33
5601 9316 33
1800 9441 33
1506 3209 33
3537 5600 33
4269 8097 33
2160 2582 33
3261 8316 33
1534 1589 33
2072 6937 33
6460 8761 33
6023 9859 33
1876 8568 33
2966 9230 33
3842 7382 33
2538 8786 33
1881 4139 33
6412 6737 33
4071 8910 33
2070 5510 33
2527 9714 33
3959 5601 33
6942 7835 33
1905 4469 33
5618 7583 33
2984 3612 33
2406 8696 33
6927 9126 33
1692 7258 33
564 6106 33
4016 7986 33
1787 6769 33
6934 7434 33
3587 7979 33
3629 8605 33
476 964 33
1933 7934 33
2659 7501 33
7751 8476 33
8476 8894 33
276 5249 33
6737 8032 33
5432 9191 33
4432 5689 33
2041 9283 33
4629 8825 33
8470 9261 33
38 6816 33
1165 9007 33
7690 9645 33
1457 3495 33
5838 9850 33
2563 5688 33
1931 5376 33
3401 4832 33
853 6978 33
4676 6547 33
8476 9132 33
33 1312 33
4367 8555 33
45 691 33
2559 6447 33
2234 4890 33
2507 9772 33
657 6678 33
2655 8729 33
830 909 33
1348 1454 33
4037 4549 33
599 1752 33
2034 6456 33
3055 5128 33
831 9157 33
6603 9706 33
2573 9073 33
4703 6377 33
826 4997 33
601 2550 33
1674 6373 33
1393 3164 33
3559 7530 33
506 756 33
253 9901 33
37 235 33
8403 8988 33
4022 4033 34
3088 4164 34
3902 4909 34
4968 8850 34
1314 3910 34
940 986 34
9024 9395 34
2833 7212 34
6093 8652 34
2607 9288 34
3675 6557 34
3657 4057 34
1835 8698 34
2478 2820 34
9350 9958 34
125 8449 34
6222 6264 34
2102 4802 34
384 9873 34
3630 9516 34
88 5887 34
7018 8068 34
236 393 34
2225 2880 34
5341 9744 34
2601 9270 34
700 5983 34
6951 7018 34
4128 5822 34
3468 3684 34
1020 2122 34
6333 9031 34
7053 7340 34
2751 3319 34
4415 7156 34
136 721 34
6159 8970 34
8908 9532 34
1173 7991 34
4126 4509 34
352 3156 34
6977 8649 34
2807 3764 34
678 1498 34
8934 9570 34
7029 9418 34
1580 9693 34
653 1594 34
7689 9161 34
722 7304 34
4304 5883 34
6414 6633 34
3112 9718 34
416 6533 34
140 307 34
5100 8095 34
3129 5092 34
3070 4072 34
7912 9904 34
8850 9339 34
2794 5975 34
3870 9938 34
1399 9531 34
177 4213 34
4917 5985 34
1474 9180 34
5984 8306 34
258 1008 34
502 2824 34
538 8388 34
6022 9092 34
2691 8716 34
532 993 34
1159 8213 34
549 3259 34
801 831 34
969 7329 34
8198 9192 34
2903 5737 34
3765 9392 34
2344 6342 34
4660 4856 34
1748 3458 34
3504 8872 34
3315 7575 34
3316 9719 34
2892 5354 34
3694 4954 34
81 6293 34
1257 1670 34
911 4542 34
8377 9107 34
2706 7666 34
2897 4348 34
1524 1812 34
1968 5903 34
4499 9981 34
3313 9264 34
2054 9303 35
498 3343 35
3142 3295 35
2244 9568 35
7168 7379 35
6598 9097 35
23 65 35
4455 5203 35
5475 5527 35
1309 3930 35
3324 3568 35
7786 7878 35
1216 4083 35
5952 7666 35
6774 9472 35
5451 8265 35
362 9740 35
1096 2233 35
475 7106 35
6238 6970 35
5370 5933 35
2789 3573 35
388 2644 35
8552 9255 35
7634 8353 35
7236 7860 35
3093 9246 35
2300 2660 35
870 6681 35
3385 8503 35
1045 9102 35
4562 9694 35
5246 8692 35
7754 8949 35
2760 7619 35
7582 7621 35
5430 5442 35
2672 7223 35
1229 4247 35
1227 8984 35
884 5927 35
6686 7675 35
8455 9107 35
2000 7879 35
5838 5877 35
943 7577 35
3699 9583 35
1316 3935 35
228 862 35
1333 3793 35
2291 8856 35
4828 5787 35
94 164 35
3248 8626 35
3507 7446 35
233 5323 35
4393 8190 35
2849 4589 35
1577 1836 35
1323 8866 35
9019 9541 35
5575 9542 35
3004 3306 35
6913 7155 35
7989 8872 35
4340 5869 35
1064 2435 35
4945 9202 35
4032 7023 35
1553 6329 35
2714 8262 35
5501 8881 35
2621 8679 35
4940 9278 35
6806 8667 35
962 6162 35
6000 6152 35
3490 6883 35
3167 4495 35
6569 7322 35
3232 4180 35
1788 6848 35
5084 6531 35
7905 9524 35
2718 3500 35
6551 7593 35
581 1809 35
2071 6019 36
5567 6082 36
2064 3362 36
2889 4933 36
2975 8890 36
3081 9402 36
2536 7801 36
6730 9043 36
3501 4919 36
427 7512 36
551 1569 36
4250 7439 36
1740 7100 36
4009 6494 36
5776 8507 36
7182 7840 36
2953 3818 36
2060 2338 36
3034 4256 36
2060 5280 36
7298 7425 36
5759 9758 36
8 1663 36
2497 4342 36
5482 7911 36
3766 7582 36
1253 7173 36
2243 8543 36
1302 4893 36
5550 6128 36
7152 7445 36
2970 6236 36
175 9573 36
5627 7410 36
4000 5517 36
2089 4089 36
5529 6701 36
7089 8701 36
4416 6990 36
963 8140 36
184 8973 36
2414 5545 36
4870 9268 36
5005 5851 36
6829 7525 36
2574 4311 36
1613 6139 36
3231 5581 36
2417 3548 36
1559 6899 36
4299 8679 36
6547 6672 36
3452 5247 36
7987 8100 36
8327 8529 36
4133 7527 36
4812 9414 36
5091 5155 36
1053 8285 36
308 2436 36
6534 7978 36
1584 3318 36
2620 3367 36
1473 3004 36
3604 8131 36
8564 9189 36
5295 8699 36
6247 7085 36
3610 9485 36
4106 5078 36
941 2460 36
1939 2899 36
1649 2073 36
4593 5687 36
3879 4410 36
8110 8697 36
3554 6058 36
4919 5591 36
2775 7439 36
3808 9196 36
887 7407 36
7755 8015 36
3349 8628 36
840 1091 36
676 6469 36
2197 4133 36
3431 8083 36
1275 3911 36
4675 7831 36
6680 7962 36
1196 2527 36
6511 7532 37
1126 8724 37
2485 2983 37
6032 6793 37
4503 9188 37
955 9089 37
3683 9886 37
4827 5381 37
313 2316 37
1362 1556 37
1480 4475 37
6677 7115 37
5933 9566 37
1117 2005 37
6651 9521 37
1923 3895 37
4658 8178 37
5949 7182 37
3389 5013 37
2329 5353 37
873 9421 37
2512 9577 37
4583 8185 37
2509 2821 37
1042 1257 37
3392 8782 37
4195 9788 37
4262 7320 37
8556 9846 37
2662 3213 37
881 5750 37
6748 7903 37
1509 9936 37
3310 5974 37
1236 7193 37
2176 8020 37
4726 7910 37
894 1776 37
2346 3642 37
8415 9793 37
1748 8600 37
6597 9495 37
6958 8411 37
1021 3061 37
7823 8095 37
5181 7281 37
220 1520 37
3873 5766 37
2825 8711 37
6932 9182 37
227 5625 37
412 5182 37
2819 8697 37
2553 6696 37
127 8629 37
215 364 37
3925 4547 37
4226 6425 37
6214 8123 37
5361 6448 37
1358 2666 37
4452 6274 37
2423 9307 37
7566 8350 37
605 2356 37
1371 2015 37
393 7358 37
3891 8013 37
1712 5525 37
563 1608 37
983 3691 37
2479 5632 37
4405 5539 37
2837 3139 37
2466 4673 37
738 8286 37
719 9258 37
1798 2980 37
5046 6291 37
3012 8349 37
758 6710 37
3434 5475 37
1133 1681 37
4936 6426 37
2005 9852 38
4343 8876 38
2848 7993 38
1838 4500 38
6834 8513 38
381 2590 38
3968 6705 38
1955 6324 38
227 5610 38
1914 4959 38
6379 6460 38
2014 3149 38
2525 6507 38
2578 6064 38
6463 8440 38
309 5200 38
281 582 38
2746 3721 38
9665 9974 38
1024 9621 38
3163 7688 38
7563 7608 38
2376 3544 38
8902 9216 38
5450 5603 38
1540 4901 38
2155 4528 38
761 8002 38
1107 5510 38
4808 6625 38
4809 7297 38
2957 3851 38
1523 6487 38
1524 1595 38
906 1010 38
786 3266 38
4070 4343 38
7469 8484 38
945 5134 38
4463 5567 38
719 6275 38
582 5697 38
3873 8754 38
3491 7452 38
2152 4299 38
755 7897 38
2995 9403 38
1706 2217 38
7527 8131 38
8042 8291 38
3008 3183 38
5558 8700 38
5556 8805 38
2397 3263 38
739 5065 38
1697 3670 38
1649 6434 38
3340 4408 38
5765 6615 38
1093 9537 38
513 4377 38
495 1340 38
5259 5547 38
500 2681 38
5803 9271 38
1118 4643 38
2492 6237 38
1300 4186 38
2220 5084 38
672 6382 38
5700 8225 38
680 716 38
162 7412 38
8341 9041 38
5734 6433 38
816 4176 38
3977 6571 39
5094 9410 39
1368 5583 39
5173 9448 39
5227 9657 39
6312 8651 39
5207 9495 39
7779 9584 39
7847 8704 39
2107 9459 39
3170 8851 39
1493 1675 39
1501 4943 39
895 2130 39
1361 1938 39
294 2981 39
4519 5599 39
2262 4345 39
2212 6771 39
6729 9914 39
861 4712 39
4695 7008 39
746 3215 39
9590 9901 39
4133 8652 39
4468 9081 39
2696 6320 39
8857 9018 39
8144 9962 39
1895 6332 39
1970 9363 39
5393 6659 39
1826 8783 39
5686 7008 39
188 1750 39
4380 8568 39
2554 8761 39
5622 7421 39
1401 5187 39
5544 7692 39
1738 4301 39
3594 5219 39
3016 4840 39
3060 3485 39
575 3019 39
514 5061 39
9281 9411 39
1018 3780 39
4371 5356 39
197 3094 39
5308 6086 39
4402 6991 39
1797 3982 39
1759 3160 39
7292 7451 39
2556 8112 39
5922 6164 39
1790 8539 39
1444 3889 40
2482 3294 40
3254 3408 40
1157 9067 40
195 6074 40
2020 2833 40
3862 9590 40
4938 9005 40
4940 7537 40
240 8215 40
8223 9921 40
3963 7543 40
3679 9140 40
2286 9789 40
4198 4370 40
2638 7947 40
6639 8230 40
4373 8460 40
1767 6868 40
2048 4063 40
850 1202 40
6554 9983 40
8751 9611 40
293 1187 40
4233 7129 40
9038 9853 40
283 5768 40
1498 3258 40
3691 7456 40
2121 6053 40
5163 7739 40
3165 8983 40
992 5712 40
5177 8646 40
4117 7900 40
704 8040 40
2810 8508 40
3040 4395 40
1676 6953 40
4295 4801 40
9251 9455 40
3169 9634 40
1357 2981 40
662 4026 40
4437 8826 40
6258 9624 40
2774 8951 40
376 9700 40
645 7214 40
2097 6160 40
3984 8714 40
5455 9978 40
4427 8076 40
21 3161 40
3928 6089 40
6451 7145 40
1807 4975 40
2400 7116 40
200 6026 40
2076 5514 40
200 613 40
5032 5081 40
4482 9989 40
8996 9398 40
6918 9989 40
3864 7584 40
5563 8231 40
8034 9735 40
2398 3169 40
3451 8334 40
3668 9697 40
9248 9910 40
1583 2709 40
3452 7267 40
3036 3372 40
342 873 40
2508 5459 41
2457 4231 41
1291 5480 41
81 3746 41
8082 8314 41
223 883 41
2226 2631 41
2114 8810 41
2117 9906 41
8393 9488 41
2497 9342 41
191 5079 41
2524 2751 41
7049 8785 41
2112 8694 41
2311 4062 41
322 9946 41
5780 9656 41
4024 9249 41
2713 4291 41
4056 7349 41
4768 9691 41
1761 1894 41
6427 8495 41
4455 8923 41
930 5999 41
4951 9959 41
3642 7739 41
660 7839 41
2710 4795 41
5071 8044 41
451 561 41
3629 3725 41
1576 6700 41
891 7073 41
889 2651 41
490 4584 41
4581 5513 41
5437 8405 41
2825 5958 41
1001 6775 41
3041 3313 41
6668 8819 41
581 1871 41
6649 9874 41
991 9444 41
4917 9127 41
2811 7897 41
282 440 41
2972 6458 41
1132 4982 41
4936 8675 41
4420 6588 41
2960 4334 41
6181 8638 41
5970 8329 42
1126 4923 42
1561 3832 42
4893 9597 42
5962 6353 42
2536 8483 42
6056 9780 42
8082 9055 42
4952 7889 42
78 2563 42
1547 9359 42
2540 8165 42
418 943 42
1794 3726 42
2095 9401 42
632 4056 42
3688 7562 42
2456 7597 42
5541 6725 42
1106 5614 42
5253 9022 42
564 7167 42
3056 9545 42
1309 4924 42
3067 5173 42
2518 9063 42
468 5168 42
185 1611 42
5068 7098 42
1574 4493 42
2114 2902 42
5791 9879 42
5178 9323 42
5169 9156 42
1295 8096 42
5138 7645 42
838 6390 42
335 9694 42
8457 9950 42
3346 8450 42
912 3487 42
4368 5524 42
1493 3976 42
19 6658 42
1411 1626 42
2692 6233 42
20 5324 42
885 8701 42
2695 8785 42
1152 9911 42
2688 4172 42
6963 9028 42
4670 4860 42
4652 8308 42
6829 8649 42
2008 2865 42
1888 9830 42
5 9550 42
4841 5463 42
1814 4915 42
7077 9207 42
1223 8719 42
4836 5357 42
1360 6747 42
329 8442 42
2275 4890 42
1829 7899 42
3618 9875 42
380 8367 42
3454 7364 43
5267 6210 43
2434 6624 43
9228 9970 43
1356 1964 43
3053 4389 43
3027 5266 43
4267 4718 43
3579 6920 43
7656 7760 43
3413 6785 43
5319 7907 43
2288 3760 43
9063 9131 43
4371 9579 43
5395 6754 43
2188 6747 43
4146 5394 43
3328 6101 43
2146 9048 43
4772 9408 43
5012 9871 43
3261 7521 43
782 6648 43
2171 9001 43
3293 6072 43
805 1040 43
4936 5866 43
3310 9404 43
897 1873 43
5168 6250 43
5206 7082 43
1086 1310 43
5224 7198 43
4474 6463 43
8453 8625 43
5047 6204 43
47 6961 43
3202 7967 43
3364 4658 43
3367 5093 43
853 3900 43
5071 8588 43
1322 4521 43
3182 7668 43
5912 8500 43
7194 9352 43
464 1640 43
2842 7355 43
2842 4677 43
6071 7219 43
5720 9474 43
2901 8636 43
7237 8056 43
1955 5317 43
1865 7535 43
3975 5439 43
1882 3841 43
6084 6813 43
7064 8551 43
1822 6918 43
5545 7588 43
6215 9876 43
1703 7898 43
1719 2064 43
3013 3105 43
7029 8201 44
135 4828 44
4178 9336 44
402 9595 44
4357 5208 44
1995 8862 44
3005 6636 44
1528 2863 44
4765 9442 44
2657 9434 44
6237 7044 44
3489 6795 44
80 7300 44
303 4258 44
4416 6341 44
1057 9077 44
408 6431 44
3261 5966 44
3545 8570 44
9132 9783 44
6419 6585 44
3844 4724 44
4520 6265 44
1186 3330 44
1423 4156 44
8902 9015 44
2711 3057 44
879 5926 44
1972 3103 44
3732 7458 44
918 3056 44
1888 4383 44
1478 5532 44
4673 8700 44
6297 6603 44
6980 7558 44
3774 9632 44
4200 6261 44
1213 4870 44
1307 6861 44
1357 2840 44
3582 8736 44
5148 8683 44
95 1070 44
3150 6027 44
1717 4405 44
1195 1336 44
2106 4836 44
5688 6655 44
3574 7677 44
2967 7001 44
5350 5442 44
3694 9240 44
1755 9915 44
632 4027 44
9516 9594 44
1303 7589 44
4035 5849 44
7181 8472 44
1153 7047 45
7456 7854 45
1557 9176 45
508 8737 45
1400 6023 45
3848 8686 45
5838 7700 45
1255 3269 45
5433 7107 45
1317 6450 45
4929 7317 45
2910 7196 45
4025 8144 45
3841 4347 45
1194 6759 45
6693 9131 45
3934 9382 45
5279 6766 45
1155 2659 45
1434 3892 45
4523 5039 45
903 3836 45
144 1970 45
158 3636 45
3232 6319 45
4130 5924 45
6122 9030 45
2266 8676 45
2263 7536 45
3255 4488 45
3940 8336 45
3536 6067 45
3053 9903 45
1952 7001 45
2633 5145 45
1510 4449 45
7025 9235 45
4886 6593 45
2880 9509 45
351 7682 45
205 6254 45
3344 5978 45
201 1203 45
2032 4750 45
1763 3799 45
1496 4955 45
3038 9800 45
1211 7776 45
3951 6905 46
9727 9937 46
4407 9043 46
6752 7752 46
6706 6876 46
2664 4228 46
3740 3781 46
9135 9696 46
3590 9519 46
8004 9855 46
5968 7101 46
7832 9887 46
5174 9456 46
3701 8117 46
6114 7672 46
3048 4308 46
2997 4429 46
7529 8101 46
5560 6666 46
2948 4929 46
4556 7441 46
3850 5979 46
6969 7174 46
4698 8012 46
4505 4983 46
4464 9349 46
8181 8219 46
7083 7326 46
4869 9820 46
8237 8839 46
8269 9292 46
1860 7171 46
1975 7076 46
1964 2325 46
423 450 46
507 8992 46
2192 3087 46
939 9142 46
1133 1468 46
1960 6047 46
1600 1671 46
647 8661 46
1405 2455 46
1170 7353 46
775 3853 46
5175 5947 47
1349 8247 47
7745 9278 47
7148 7207 47
1727 7187 47
3517 9845 47
1937 5150 47
822 9071 47
5626 7507 47
3923 5275 47
150 511 47
1790 7485 47
3846 9992 47
2783 8793 47
2392 9196 47
5857 8766 47
1236 7014 47
2181 6343 47
7293 8858 47
3997 6617 47
2882 9529 47
7259 9563 47
7253 8115 47
7354 7675 47
2139 3790 47
1009 6781 47
6830 8976 47
1626 2891 47
3145 8709 47
5255 5536 47
5427 6308 47
2289 2511 47
744 8320 47
5443 6081 47
3081 9777 47
935 1790 47
570 1743 47
6782 8321 47
38 7653 47
2218 5343 47
6727 8277 47
59 5815 47
6756 7025 47
6698 9975 47
4418 5901 47
1040 2699 47
6996 9641 47
4163 6017 47
2517 4949 48
5840 6886 48
641 819 48
5369 5852 48
617 4790 48
1974 2217 48
1979 8022 48
7951 8851 48
1055 6476 48
2542 4284 48
5434 7859 48
5432 7063 48
7755 8372 48
40 1585 48
519 2966 48
6362 8965 48
3389 4537 48
6994 8496 48
3388 7178 48
220 6005 48
1362 5010 48
1362 5090 48
1393 5656 48
1727 2853 48
4776 9510 48
2986 6721 48
7099 8881 48
6602 7700 48
9583 9764 48
6821 7392 48
1618 8888 48
3107 5410 48
2259 4637 48
3159 5493 48
1576 4543 48
3160 5106 48
1604 1785 48
3345 6457 48
4982 5142 48
305 354 48
3636 9052 48
1766 5853 48
3611 9149 48
3283 5242 49
5796 6778 49
1654 8463 49
7479 7954 49
5940 7927 49
467 1531 49
967 9014 49
3126 7288 49
3636 4589 49
1083 5089 49
1403 1481 49
197 8238 49
1751 1896 49
5649 7663 49
1354 6176 49
2951 6307 49
1032 6542 49
8047 9655 49
1417 4260 49
571 2795 49
3017 8922 49
4510 7633 49
750 1033 49
4484 8998 49
813 2494 49
5272 6343 49
5107 7401 49
647 1277 49
5225 6784 49
900 1368 49
2615 5711 50
6011 9198 50
7977 8943 50
1082 3637 50
2646 5466 50
3690 8993 50
1352 6338 50
1749 8565 50
1059 8585 50
7207 8016 50
2944 7953 50
2533 5534 50
2901 5939 50
1762 5908 50
3648 4144 50
6145 9084 50
1330 9365 50
7238 7394 50
31 9729 50
2149 7920 50
114 1560 50
2673 7087 50
5736 5895 50
1936 2676 50
2830 6477 50
2376 6981 50
5924 8423 50
1496 3428 50
3349 5245 50
3084 5740 50
8496 9084 50
3437 5597 50
2513 8345 50
3010 9987 50
7017 7724 50
2509 5098 50
6733 8052 50
4878 9844 50
2058 7712 50
3530 6845 50
5691 7199 51
5669 7974 51
530 2715 51
2125 3196 51
7239 7785 51
2406 4743 51
7687 8174 51
285 7050 51
1888 9584 51
1545 3150 51
2642 7785 51
381 8368 51
3172 5869 51
897 1260 51
4547 6068 51
3224 6500 51
538 662 51
3210 7436 51
4120 5191 51
3204 3813 51
3802 5104 51
2381 6551 51
2216 4772 51
1425 9941 51
1700 9670 51
3936 9377 51
3939 7164 51
2981 6736 51
2464 4770 51
4323 8394 51
4488 8072 51
4173 6829 51
5489 8660 51
2594 3408 51
2186 8829 52
3603 7504 52
2352 7624 52
5281 9187 52
3486 7350 52
1915 4694 52
6350 9555 52
3440 4055 52
349 1322 52
2938 8551 52
1995 2200 52
7628 8079 52
588 2534 52
4640 4858 52
3843 5935 52
5926 6541 52
8881 9877 52
512 8307 52
6054 7110 52
7428 8229 52
7635 9298 52
5444 6839 52
4116 6869 52
3298 9256 52
3339 7860 52
4849 5440 52
5296 8807 52
1592 6441 52
5290 9169 52
6629 7982 52
6646 9947 52
2113 7953 52
3378 9798 52
1927 9394 52
5381 8934 52
6376 7376 52
6963 9175 52
4086 9396 52
921 6807 52
1690 1794 53
1401 3644 53
9578 9619 53
5267 9118 53
1186 5882 53
7580 9591 53
130 5940 53
1566 4252 53
1572 9029 53
4917 5923 53
5318 5565 53
1475 4251 53
3633 8407 53
2504 8396 53
3048 9685 53
1679 3395 53
3300 5174 53
1492 8916 53
4491 5269 53
8978 9369 53
285 288 53
7290 9966 53
1769 2050 53
3281 7495 53
3687 4105 53
4047 5403 53
4112 7147 53
5767 7817 53
5782 6846 53
579 7405 53
2110 7143 53
93 4405 53
4621 9456 53
7626 9334 53
5737 8715 53
7722 9622 53
3013 3089 54
9247 9366 54
1676 9671 54
1010 7976 54
1971 9037 54
4388 7146 54
3654 6036 54
5075 7831 54
2593 6136 54
6310 9801 54
2995 3443 54
6366 8730 54
4766 4896 54
752 5212 54
6605 7509 54
1538 2498 54
1169 8166 54
665 5996 54
6824 7500 54
5900 6120 54
5331 5429 54
3847 4496 54
5147 5616 54
3329 6295 54
8672 9567 54
4851 9787 54
949 9202 54
1511 2878 54
3302 6123 54
307 5519 54
1093 6355 54
1380 2406 55
13 4514 55
115 8171 55
2430 6453 55
5709 6272 55
1559 3956 55
1753 2051 55
6553 9083 55
1469 8961 55
2509 2732 55
6499 9241 55
2301 5531 55
561 6197 55
3266 9544 55
2519 9854 55
534 4517 55
4244 7122 55
3991 5190 55
6012 7305 55
2740 8522 55
1998 8017 55
4270 4450 55
3729 9607 55
5171 5516 55
2831 9841 55
8073 8853 55
5454 6566 55
8022 9369 55
8915 9941 56
5102 6952 56
6145 8726 56
5965 7571 56
6027 8244 56
3624 7071 56
1510 5058 56
3399 9561 56
187 679 56
937 7309 56
6160 7686 56
5301 5960 56
5794 8909 56
2677 5699 56
8737 9695 56
1624 8495 56
7409 9770 56
453 8114 57
6484 8198 57
1849 7108 57
2784 4091 57
7908 9513 57
4963 5578 57
3809 6802 57
585 8550 57
704 2759 57
7887 8867 57
5504 7404 57
2138 5081 57
988 5655 57
1279 6200 57
5198 6120 57
4341 4956 57
164 661 58
4887 8263 58
5415 9389 58
2200 2605 58
2429 8481 58
2182 3869 58
9044 9439 58
644 1899 58
693 6301 58
4006 4216 58
9651 9805 58
1205 4087 58
9145 9430 58
2271 5629 58
2747 7996 58
4527 5611 58
2118 3498 58
455 5945 58
1456 7478 58
2299 7249 58
8608 9821 58
969 9329 58
537 4815 58
991 1043 59
3345 8413 59
1147 4049 59
1048 2549 59
471 635 59
4457 4606 59
4767 9880 59
550 9983 59
5536 9571 59
4967 7458 59
4850 5089 59
3479 7623 59
683 9215 59
5458 8311 59
7066 9083 59
61 452 59
2426 7606 59
1901 5890 59
1633 3822 59
9122 9766 59
2197 7696 59
7014 9124 59
9659 9686 59
224 304 59
3166 6842 59
1975 9213 59
16 5589 60
7347 9012 60
1890 9580 60
3859 8036 60
879 9226 60
2079 7540 60
7108 7132 60
3359 3705 60
3363 8305 60
5157 9026 60
224 4338 60
4642 9465 60
6164 6415 60
7846 9816 60
1754 8667 60
4440 8029 60
257 874 60
7135 8048 60
1369 3646 60
1954 8290 60
570 1204 60
9813 9829 60
1175 2302 60
4686 8176 61
4584 5879 61
8804 9075 61
2757 5164 61
4628 5886 61
1039 5979 61
6406 6635 61
4750 9113 61
5726 6039 61
4133 8835 61
2168 7910 61
3988 8519 61
5310 9184 61
8541 9490 61
6601 6779 61
2615 7579 62
644 5460 62
2122 4946 62
942 3811 62
1931 5331 62
393 2649 62
2167 4394 62
1614 3416 62
4731 7052 62
1305 3615 62
5062 6334 62
1576 7372 62
757 1466 62
2249 8037 62
6448 9988 62
1532 8466 63
82 7960 63
3160 4622 63
9498 9538 63
6689 8690 63
6104 8489 63
7738 9113 63
4682 5793 63
7843 8395 63
1213 9533 63
4106 5898 63
4556 7572 63
2839 6592 63
6203 7289 63
6048 7264 63
3304 3739 63
28 5832 63
712 9080 63
2928 5800 64
4223 8054 64
2040 3403 64
1529 4528 64
6930 8997 64
499 3158 64
4776 9783 64
4768 8197 64
807 4793 64
2479 4121 64
4449 7924 64
2098 3311 64
4411 5179 64
7450 9819 64
3429 9234 64
3422 3586 64
7816 9164 64
3703 8274 65
2818 6935 65
5677 8907 65
486 7231 65
1303 5110 65
4011 9183 65
1203 3086 65
5614 6609 65
8896 9786 65
1447 2829 65
6724 9085 65
2475 6471 65
2142 7580 65
4703 8249 65
5301 8109 66
451 8882 66
460 4794 66
4567 5237 66
543 5237 66
2154 8511 66
1090 1353 66
7067 8578 66
8596 8617 66
5923 7059 66
4321 7215 66
7225 7719 66
3936 7654 66
9274 9802 66
286 1233 66
6046 8184 66
4359 6471 67
3725 9811 67
4171 8700 67
6213 7373 67
7310 9909 67
3656 3693 67
4105 7863 67
6415 8226 67
2812 3439 67
5564 7474 68
37 1289 68
5732 8094 68
3047 3584 68
7350 8209 68
7480 7657 68
1432 2731 68
3181 7246 68
377 3749 68
3590 9068 68
7981 9599 69
2633 4329 69
4229 6965 69
8514 9237 69
126 8942 69
3204 4864 69
6402 9666 69
7 6079 70
1685 9259 70
5170 6835 70
4534 7862 70
2179 4640 70
7152 8995 70
38 9483 70
5084 5837 70
2358 4572 70
2723 5034 71
2807 7552 71
6941 8197 71
2367 3997 71
1612 7190 71
2659 9939 71
283 9843 71
1873 6446 71
3696 8155 71
3611 4431 71
1506 8272 72
494 9895 72
5165 9514 72
3528 7482 72
3565 3681 72
1882 7470 72
8093 8187 72
4167 7319 72
1636 3754 72
793 9088 73
852 9109 73
6103 7751 73
6535 7420 73
1042 5779 73
5833 6178 73
6232 9635 73
1562 7710 73
3242 5492 74
4737 7411 74
477 3321 74
1416 2588 74
575 996 74
7492 8911 74
2581 4671 74
6503 9354 75
4892 8462 75
200 344 75
5264 5771 75
1063 9364 75
215 347 75
3409 4079 75
1215 6119 75
2881 6601 76
4231 9500 76
4268 5096 76
853 5831 76
220 6652 76
3428 5320 77
5049 5756 77
2379 6202 77
3404 3464 77
3382 6616 77
9224 9394 77
1811 6743 78
4756 7205 78
1629 5063 78
7256 8642 79
5353 8502 79
655 4603 79
1950 7638 79
3013 4029 80
4539 8727 80
1568 9415 80
6747 7918 81
4599 5072 81
5739 9409 81
4699 6833 81
3029 3477 81
6366 6445 82
3356 3652 82
5066 6805 82
5739 9467 82
1664 1747 82
7508 7759 82
3308 9507 82
6721 7958 83
957 6815 83
5894 6191 84
3027 9679 84
2231 9704 84
7557 9961 84
2970 8739 84
630 8809 85
2421 6817 85
4606 6207 87
506 1902 87
432 8251 88
7086 7680 88
2065 7556 89
246 6790 89
2216 4249 89
1359 4143 89
4626 5215 90
3955 9369 90
881 4937 91
1366 2141 91
3344 5657 92
1523 2632 92
563 8659 94
2247 4965 95
427 8038 95
1274 8779 96
4818 6583 97
5696 6664 98
3878 8067 98
7328 9840 98
661 7778 98
1981 2459 98
4592 7468 99
3430 4522 99
2193 7203 100
Total MST weight: 200867
Execution time: 15.4716 ms

Algorithm: Prim's MST
MST edges:
0 4 17
4 81 9
81 5450 6
5450 343 7
5450 9693 8
4 6364 9
9693 9508 9
343 2110 10
2110 2466 4
9693 9048 10
9048 6508 1
9048 3151 3
9048 9989 7
81 178 11
81 6773 11
6773 4379 2
6773 9827 3
6773 8234 6
8234 2603 9
6773 2872 10
2872 9680 1
2872 3954 10
6773 5910 11
5910 4912 1
4379 8297 11
8297 2540 10
178 584 12
3151 3898 12
3898 148 3
9508 2508 13
2508 141 13
141 3928 1
141 120 4
3928 3252 5
120 8480 9
3928 7711 12
7711 1802 6
7711 5865 6
5865 4357 3
9508 7569 13
7569 5328 11
5328 1781 5
2872 9025 13
9827 528 14
528 7396 5
7396 8057 7
9680 817 14
817 9494 5
2603 1455 14
1455 8009 8
8009 759 11
1455 1728 12
1728 4181 8
4181 5344 10
5344 2609 6
4181 9912 10
9912 3993 1
9912 3154 4
3993 1128 7
3993 1859 7
1859 9870 1
1128 9432 7
5344 1234 11
1234 9699 1
1234 9371 7
9371 9074 9
9074 1024 4
1024 1746 1
9074 6937 7
4181 2342 11
2609 7919 11
1728 5789 12
5789 5876 6
5789 3209 8
3209 4170 3
759 3654 13
5789 9658 13
9658 1136 10
7569 5425 14
2508 6444 14
6444 5553 3
5910 8537 14
528 82 15
82 5719 6
5719 7279 12
7279 8612 6
1781 571 15
759 1119 15
9432 2384 15
2384 7244 5
7244 3860 3
817 3884 15
7711 5843 15
1802 5933 15
2609 6075 15
6075 1956 9
1956 4312 11
817 2720 16
1128 4483 16
4483 9716 6
5843 5363 16
5363 732 7
759 7664 16
2872 8451 16
8451 3698 11
584 8702 16
9699 2704 17
2704 1770 3
1770 3028 5
2704 7277 13
7277 908 6
908 1804 5
1804 3397 10
3397 9319 1
3397 2571 2
9319 2602 4
9319 7357 9
7357 1479 6
1479 7554 9
2571 7921 10
7921 6188 9
6188 1219 13
1479 3049 14
2571 6684 14
7554 1145 15
1145 1345 8
1145 2768 8
2768 6963 5
1479 1367 16
1367 1948 8
7396 4053 17
4053 2745 3
4053 3499 9
1119 5196 17
5196 4022 15
8451 5249 17
1728 6513 17
6513 7204 11
7204 7525 6
7525 9384 2
7525 9010 5
9384 525 6
9010 8583 9
8583 5238 7
8583 967 11
967 1987 9
7204 3562 14
1024 7955 17
2571 10 18
10 188 1
188 7302 7
10 774 8
188 5858 13
5858 784 5
7955 11 18
11 3 3
3 3412 10
3412 8974 7
8974 7091 10
7091 8530 8
11 516 11
516 7158 3
7158 5316 10
5316 1057 11
11 531 12
531 4436 9
4436 7793 8
531 1011 10
7091 2052 12
2052 3392 13
7091 1061 15
1061 7218 9
516 8156 15
8156 4136 12
8156 191 14
191 2426 7
2426 8315 12
8315 5414 5
2052 8424 15
7793 3760 16
191 4028 16
4028 8982 4
516 5052 16
5052 1384 12
1384 3673 16
516 1334 17
1334 4862 4
4862 2932 9
2932 2898 2
1334 4184 9
1334 5198 9
4862 4625 14
1334 3728 15
3728 5893 2
2932 3079 17
1770 310 18
5249 403 18
3728 962 18
6444 2451 18
2451 1243 17
1243 7476 1
1728 3943 18
3943 8518 3
8518 175 12
175 3046 9
3943 3645 13
175 9700 13
9700 9902 4
9700 2848 9
9700 8087 9
178 4281 18
4281 2094 1
2094 7630 5
2094 7496 8
7496 7325 1
7496 8428 4
7496 124 10
8428 5605 11
124 26 15
26 20 12
20 2241 3
20 879 7
20 654 8
654 1296 2
1296 1668 14
20 8356 14
8356 7150 13
8356 4038 14
4038 2835 4
2835 9173 3
4038 6665 5
6665 6447 2
1296 6266 16
2241 1635 17
310 4729 18
7630 5840 18
5840 9636 16
3673 6622 18
1635 8159 18
8159 9799 2
9799 3291 4
3291 9237 2
9237 5276 4
8159 5580 4
8159 7103 7
5276 1993 9
1993 8081 5
9237 703 10
703 2204 3
2204 2564 5
2204 1908 10
3291 6915 10
6915 1777 10
1777 381 13
381 9348 2
1993 3941 14
3941 7499 1
3941 7255 10
7499 8855 14
8855 3765 14
3765 2998 6
8855 9726 14
5580 1326 15
1326 5028 3
5276 3608 15
3608 9982 8
9982 7926 2
7926 7342 10
9982 6283 13
9982 9242 13
9982 5416 14
5416 8458 3
8458 3882 3
8458 35 5
35 119 11
5416 2570 13
2570 2530 14
7342 671 16
671 9160 3
671 1287 9
671 590 15
590 292 8
292 5366 2
292 6172 2
292 6550 8
5366 2206 14
6172 8756 15
2998 3874 16
3874 4123 15
4123 1305 8
4123 8648 10
8648 6385 13
6385 5274 5
5274 3124 4
5274 8245 12
8245 8681 6
8245 8196 9
8196 8336 6
8336 8563 10
6385 6598 15
6598 878 4
878 1605 3
1605 6474 3
6474 4595 7
878 2695 9
6598 2626 14
6598 2647 16
2647 461 9
3882 216 17
216 4921 1
216 1526 4
216 522 12
522 1026 10
1026 1137 12
1137 3603 3
1137 2037 12
4921 7491 12
1526 502 16
502 6962 1
6962 2450 3
2450 1922 1
1922 8378 2
8378 7938 2
1922 1485 3
1485 2026 6
6962 4168 9
4168 1671 6
502 481 11
4168 3880 13
3880 6661 3
6661 8302 13
2450 9903 13
9903 5946 13
5946 3070 10
3070 7591 3
7591 4872 5
4872 1376 3
1376 2536 1
4872 8662 10
8662 4374 5
4374 4257 3
4257 6191 1
4257 977 3
6191 1382 5
1382 3327 2
7591 8784 10
1376 4783 11
4872 3332 12
4872 9755 12
9755 4242 5
4242 5942 2
5942 2867 5
4242 9287 5
9287 6505 3
9755 1097 6
5942 4032 8
4032 6645 3
6645 7598 2
7598 7331 6
4032 504 11
4242 9260 12
2867 6573 13
6573 4644 5
481 5584 14
977 6572 14
1922 415 15
415 5985 3
415 6029 6
6029 6921 4
6921 8917 3
6029 8280 6
8917 6234 12
6234 7153 2
6234 4808 4
6234 7156 7
7153 6579 8
4808 2728 10
6579 9866 12
5985 6847 13
5584 3812 15
2867 8787 15
8787 394 9
394 49 1
49 5593 1
49 573 4
49 4832 7
573 8691 7
8691 955 7
573 5965 9
5965 2402 6
5965 5941 10
8691 4736 13
5965 1078 15
1078 4311 1
1078 2677 9
2677 1992 8
1078 7209 10
2677 9262 10
9262 6876 7
1992 1823 12
1823 6134 8
6134 6808 7
9262 3788 12
1823 2758 13
2758 6413 13
6413 3661 4
1992 6954 13
6954 2748 2
6954 6429 3
4311 9677 13
9677 8582 14
8582 1425 1
1425 8220 1
1425 2419 3
2748 829 15
8787 6224 15
6962 9575 15
3812 153 16
829 200 16
1671 1339 16
415 1834 16
1834 9358 2
9358 1641 16
1641 4352 5
4352 7873 13
7873 8173 12
5941 2796 16
2796 2786 14
3332 3197 16
3197 4144 4
4144 2793 1
2793 7162 2
4144 9293 2
9293 3302 4
3302 773 1
7162 3893 12
3893 6125 1
3302 4215 13
4215 753 13
4144 1000 14
1000 9769 4
3893 2878 14
3197 5633 15
216 3316 16
3316 5111 10
2037 4649 16
4872 5257 16
9903 7068 16
4921 8477 16
8477 2133 8
2133 6105 4
6105 8335 6
8335 9424 4
8477 4376 15
4376 6215 13
6215 6972 9
6972 6715 16
6715 7747 13
2026 9440 16
9440 1637 5
1637 894 1
894 8959 2
8959 9050 3
3608 705 17
705 7369 8
7369 9317 8
9317 3107 8
3107 5585 2
3107 2642 6
2642 8734 8
705 1256 16
1256 1558 4
1558 1420 6
1558 9831 7
504 929 17
929 1142 13
1142 5631 12
929 1999 16
1999 7413 3
1999 4105 8
1999 5312 14
5312 9586 14
9586 3733 4
3733 2087 7
9586 8460 10
8460 2151 10
2151 4694 1
4694 6094 11
6094 9145 5
3733 7050 11
9586 8926 11
7050 465 14
1999 385 16
9145 5651 16
5651 3014 2
3014 1417 12
1417 8163 4
1417 134 6
134 1341 2
8163 8008 8
8008 2844 4
2844 9292 4
8008 9438 11
8008 2369 14
2369 3814 5
2369 603 15
603 867 8
867 7219 9
7219 2617 6
603 149 12
867 8454 12
1417 2877 15
9292 2339 16
8926 9165 16
2369 60 17
60 2788 3
2788 3826 4
3826 892 5
867 2283 17
2283 2424 4
2424 710 5
710 29 5
2283 1628 8
29 13 11
29 2070 17
2844 2810 17
3874 3623 17
3623 2397 15
2397 5684 14
4921 4715 17
4715 1554 13
5684 5294 17
5294 2497 8
2497 4459 11
1339 6229 17
6229 1081 10
1081 6520 10
8582 6351 17
5651 7294 17
7342 7400 17
4144 8337 17
8337 802 15
6573 8669 17
2402 8792 17
8792 5820 5
153 204 18
204 6656 4
6656 459 16
119 625 18
625 8271 3
8271 2273 6
2273 8929 11
625 1766 13
1766 8593 6
2273 2284 13
1766 9373 13
9373 9223 4
9223 9011 3
9011 6437 7
9373 8020 12
9373 5811 15
8020 8889 15
1637 1087 18
1087 7869 1
7869 5579 17
5579 6744 5
5579 702 17
702 9690 8
9690 6865 7
6865 5112 6
6865 5594 11
1823 1365 18
6437 3047 18
3047 2229 2
2229 1304 7
2229 5607 9
8648 4318 18
4318 559 5
559 1923 2
1923 7521 10
7521 577 1
577 1876 3
1876 165 10
165 6 10
6 630 4
6 741 5
630 2862 5
2862 3043 4
6 16 7
16 157 7
157 807 3
6 424 7
424 4920 1
424 6377 4
3043 2575 9
2575 2873 5
6 7488 9
6377 3496 11
16 59 12
3496 1820 12
1820 9355 2
1820 4892 4
4892 8224 6
8224 5688 2
5688 2320 1
8224 144 6
5688 1667 9
1667 1294 8
1667 151 9
4892 770 11
770 8346 7
770 3260 9
3260 4544 5
3260 6346 5
6346 4628 10
4544 6828 11
1667 3858 13
3858 6220 5
3858 6943 9
6943 1707 13
1707 2941 3
1707 1424 9
1707 5215 13
6220 7089 13
4892 8927 13
1424 1007 15
3858 2544 15
2544 7473 8
2544 5995 9
7473 632 12
2544 7437 12
1667 8815 15
8815 6146 6
1876 8930 15
8346 9600 15
9600 9486 15
9486 4659 2
4659 4345 10
4659 1599 15
1599 1283 1
1599 4631 2
6828 1185 16
2941 3285 16
157 6088 16
6088 7433 13
7433 1003 8
1003 7726 7
1003 4263 8
4263 4355 3
4355 458 11
458 1492 2
458 3068 2
3068 2671 1
3068 4485 1
1492 3246 2
458 7126 2
2671 115 9
115 6144 1
115 6107 9
6144 9889 10
7726 4295 11
7726 1372 12
4295 3886 12
1372 882 14
882 375 5
7726 5775 15
5775 6891 6
6891 4480 8
6891 3262 10
6146 7530 16
7521 8189 16
8189 479 2
479 1088 11
4485 8693 16
8693 6881 1
6 8840 16
6107 2684 17
4544 3088 17
3088 4970 10
1088 3601 17
9486 4195 17
151 5917 17
5917 2876 11
2876 7177 1
2876 8276 2
8276 9163 1
8276 299 3
8276 5905 3
7177 274 4
5905 638 4
299 8770 5
274 7886 6
638 2912 9
638 5710 9
2876 3931 14
3931 5597 7
3931 6723 11
6723 5264 2
5264 6410 4
5264 8440 8
8440 290 4
290 670 12
3931 6634 12
6634 3719 7
299 9351 14
9351 8847 8
8847 5122 8
5122 9666 1
5122 2725 7
2725 629 15
8847 2488 16
2488 5955 9
5955 8150 13
8150 6118 8
274 3515 16
6723 5159 16
5159 3653 15
3653 1569 10
1569 8933 10
8933 1591 8
1591 6708 7
6708 786 5
786 8904 11
8904 5624 5
5624 2228 2
2228 1291 9
2228 7514 9
1291 5355 10
5355 6240 2
6240 3867 8
3867 7983 4
1291 5068 12
1569 5143 12
8933 8490 12
1569 5210 13
5210 6296 2
1569 6902 13
5068 7837 13
1291 6408 16
6408 4362 12
4362 4219 3
7514 7477 16
7477 4449 12
4449 685 3
685 686 10
685 6398 11
685 1891 13
1891 4088 2
1891 438 8
438 2333 1
438 4647 10
2333 797 13
4088 1564 15
1564 3030 8
3030 4602 12
6410 9071 16
1569 9608 16
9608 5092 3
9608 2502 9
2502 2789 11
2789 3133 8
2502 1561 14
3133 9905 15
1561 2119 16
2119 9972 11
685 1121 17
1121 3240 7
3240 5236 8
3240 4975 9
4975 346 3
5236 5304 10
5304 7892 4
346 2843 11
3240 3550 11
3550 5352 5
5352 8991 12
2843 6300 16
6902 4017 17
4017 1799 17
1799 487 4
487 4179 3
487 368 9
368 9051 1
368 271 2
271 926 1
9051 1075 3
1075 7426 6
7426 8591 5
8591 7670 11
7670 482 1
482 2743 8
2743 9535 1
2743 8 6
2743 554 6
554 371 1
554 8053 1
482 9637 8
8 9829 8
9829 4323 1
4323 3699 3
3699 5154 1
9829 9297 7
9297 4614 4
482 2781 9
4323 4847 9
4847 1836 1
1836 4610 5
4847 9973 6
4610 6946 7
9829 8390 9
4614 9899 9
6946 1778 11
1778 2863 2
1778 9861 8
8053 1355 12
1355 4493 9
4493 6323 3
1799 3534 12
6946 6138 12
371 7925 12
7925 7934 9
7934 9212 11
9212 9610 7
7670 1437 13
9899 209 14
209 1905 3
209 4051 7
4051 5044 6
1905 3216 9
5044 1059 10
1437 222 14
222 68 2
68 8839 10
9212 761 14
761 5846 14
1437 6420 14
6946 923 15
4610 2770 15
2770 8941 11
8941 6896 3
8941 7809 7
7809 8396 8
8941 8103 13
1075 3790 15
3790 4913 6
8390 6873 15
8 67 16
67 2956 5
2956 4693 7
4693 280 4
280 771 6
67 6372 8
67 77 9
77 6515 3
77 5420 6
77 181 9
181 6778 2
4693 2940 11
181 2991 11
67 3564 11
181 9867 12
9867 9980 7
9980 2084 3
2084 4962 4
4962 8891 5
2084 5417 7
5417 2267 5
2267 1225 3
2267 6244 6
1225 5912 7
5912 4576 3
9867 5916 9
6244 488 12
4576 9976 12
67 240 13
240 8614 10
8614 4820 7
8614 330 10
330 9270 5
9270 6604 5
330 90 6
9270 805 8
4820 1801 13
5916 3301 13
3301 7545 9
3301 7965 10
7965 2696 6
77 6388 13
2696 2700 14
2700 7415 3
2700 5325 7
8891 1984 15
805 2577 15
3564 6394 15
8 202 16
7965 3998 16
3998 2556 13
6778 4844 16
4844 1156 14
1156 7506 6
7506 6924 2
4820 6749 16
6749 8172 11
8172 5786 16
5786 2374 13
2374 3651 9
3651 8606 8
8606 951 15
951 9564 9
9564 5388 15
5388 2154 9
2154 9275 2
5388 5807 14
5807 8824 2
5807 660 6
660 5232 4
660 3296 8
3296 3932 7
660 3838 10
3838 5596 8
5596 2481 5
2481 3556 7
660 9648 12
9648 6091 13
6091 804 16
804 9996 4
804 5650 7
8606 4351 16
4820 7085 16
7085 6494 7
6494 456 2
456 255 9
255 2738 12
2738 6863 4
6494 2326 14
2326 9198 6
9198 2124 4
7085 4535 14
255 5722 15
2738 6185 16
6185 3753 5
3753 6280 11
6185 7457 11
7457 3127 12
3127 3282 9
3127 2144 13
2144 7361 1
2144 5073 9
5073 7723 6
7723 3580 2
5073 7515 8
7515 6558 9
6558 6998 1
6998 6286 5
6558 471 12
471 1850 6
7515 9603 13
3753 9054 14
9054 8473 5
2577 7937 16
3932 8281 16
8281 6340 15
6340 2596 3
6340 8713 6
2596 927 9
927 3779 15
3779 9283 12
3998 8688 16
8688 3950 9
7515 9464 16
9464 5185 12
3216 9725 16
6286 251 17
2154 536 17
4693 868 17
868 513 4
868 1686 9
513 432 10
868 8958 13
8958 28 2
1686 8735 15
1075 4367 17
4367 2650 9
2650 2291 9
2291 5403 4
2291 7875 8
8490 4963 17
4963 9620 1
9620 614 1
614 7961 4
614 3643 5
614 8177 12
9620 2610 15
2610 8913 5
2610 9368 8
9368 2185 14
2185 2312 3
2312 2189 3
2189 8475 1
8475 5641 6
2185 1381 8
1381 1572 9
1572 884 2
8475 8383 12
2610 2440 15
2440 5026 2
5026 8411 10
5026 6230 14
6230 4224 9
4224 3134 3
4224 8061 13
8061 7708 1
8061 1937 12
3134 853 14
853 2606 13
3134 217 16
217 206 14
217 9435 15
1381 821 16
821 435 5
821 9832 7
821 4932 12
9435 919 16
435 1131 16
6420 5038 17
5038 130 1
5038 5564 13
5564 5818 4
5807 6141 17
6141 7707 11
7707 517 15
517 5957 4
807 6509 17
6509 2382 10
6509 5982 13
2696 7508 17
9051 7732 17
9163 8348 17
8348 3427 8
165 8753 17
1075 8883 17
8883 410 4
410 6761 9
410 275 12
275 9436 9
884 9295 17
2650 9301 17
144 401 18
401 8857 1
401 79 3
79 1547 1
1547 2933 2
1547 4857 2
401 3530 3
4857 7450 3
4857 7917 7
3530 4317 8
4317 8120 5
1547 8107 8
79 427 11
4317 677 12
7450 5904 14
5904 3700 6
3700 1565 11
677 284 16
8383 1911 18
90 2256 18
2256 2640 5
2124 2702 18
3564 2954 18
1778 3523 18
77 3709 18
3709 9709 5
3709 7188 11
7188 5891 6
7188 8799 15
5891 6925 17
6925 7889 2
6925 8631 8
7889 2245 9
2245 7718 2
2245 3801 4
3801 5228 3
2941 3846 18
9755 4445 18
4445 7833 12
5807 5218 18
1287 5338 18
2481 5446 18
3124 5537 18
4970 5695 18
5695 1144 5
5695 600 7
5695 1543 7
1543 8900 6
1144 1301 10
5695 6361 12
6361 8322 9
6361 8825 16
1543 5321 17
5321 7274 15
7274 2987 17
7255 5870 18
5870 3656 7
3656 366 2
5870 2002 8
366 2718 8
2002 1688 10
2718 7009 10
2718 7788 11
7788 6844 9
6844 8580 6
6844 1946 8
1946 7981 1
7981 7163 9
8580 1767 11
7981 3217 16
2718 4385 17
4385 113 6
4385 3514 18
3514 6360 15
2718 4138 18
1667 6239 18
6388 7070 18
7070 6806 5
6806 9047 2
7070 942 7
942 5728 8
9047 826 13
826 9943 2
826 560 5
826 1928 8
1928 7380 15
7380 8706 1
8706 9945 7
8706 2266 9
9945 1944 15
7380 2887 16
2887 2623 1
2887 881 8
2887 2764 9
942 592 18
592 8538 5
592 105 13
592 1847 15
394 7184 18
4224 7423 18
3651 7502 18
4975 7802 18
6708 7846 18
7846 8298 7
8298 7885 18
7885 9779 4
9779 7523 6
7523 4448 8
4448 3421 13
3421 500 9
500 656 6
500 4941 9
4941 1522 5
4941 7609 7
500 5045 9
500 1924 10
500 8199 16
656 675 17
675 9554 1
675 718 18
718 7877 3
7877 9129 5
718 9393 5
9129 9457 13
9457 7252 11
7252 2172 1
2172 620 1
620 4220 3
4220 3388 6
3388 7136 4
7136 1914 4
1914 1805 4
1805 6871 4
6871 6950 4
7136 12 6
1805 5423 6
7252 6879 7
1805 9893 7
9893 2641 7
3388 2989 13
2989 1276 5
2989 9898 8
1276 4884 15
4884 8658 9
8658 9672 13
9672 4942 8
4942 4759 5
4759 7282 10
7282 5967 6
5967 5263 9
4759 2919 11
2919 6617 7
6617 8573 4
7282 1199 12
1199 3675 9
3675 108 1
108 6248 2
6248 7490 7
108 4764 8
4764 1758 7
1758 1055 1
1055 261 8
261 116 1
1055 406 10
108 1113 15
1113 7026 6
5263 5765 15
5765 4587 14
3675 1273 16
7282 1764 17
1764 7973 1
1764 5577 4
5577 9167 6
1764 400 9
400 6136 12
6136 3576 8
7877 2713 17
2713 211 4
6617 2815 17
2815 7818 3
7818 4634 8
2815 6599 14
6599 4061 2
1199 3331 17
3331 760 1
3331 5193 7
5193 809 1
5193 8777 7
809 3481 15
3481 9892 5
9892 7748 12
7748 7627 6
7627 2723 11
1273 7230 17
7230 9879 8
9879 6245 11
9879 1951 12
7230 5451 13
1951 768 15
768 4695 8
768 6512 13
6512 2362 4
5451 8975 17
8975 6337 4
6337 7730 18
7730 156 6
156 294 11
294 1491 6
294 2025 6
2025 9825 1
9825 938 2
2025 4458 2
2025 5162 4
294 2158 9
2158 6001 8
6001 5482 6
5482 1251 2
6001 8747 9
8747 8607 6
2158 7130 10
7130 8559 6
8559 5652 10
5652 8881 3
938 1716 11
2025 9858 15
938 2078 16
2078 7045 6
2078 7460 15
4458 1228 17
1228 2792 7
1228 6540 7
1228 2974 8
2792 3268 9
2792 3837 14
3837 4665 11
4665 7079 3
2792 1324 16
1324 7399 5
5652 6578 17
6578 1990 17
5652 745 18
745 3979 8
3979 7296 6
1805 7957 18
7957 6292 11
6292 4969 3
4969 9204 1
4969 3942 5
3942 6092 4
6092 2624 2
6092 3424 5
4969 9616 5
6092 37 6
37 5993 5
37 8200 7
9204 2561 11
37 159 13
7957 6260 14
6260 3016 9
3016 2477 1
3016 3532 6
3532 3204 8
3204 792 6
792 8448 3
792 1840 4
1840 8758 8
8758 3521 2
3521 515 10
515 9736 4
3521 572 11
572 374 8
374 2721 4
374 1436 7
1436 6399 7
3016 1351 12
1351 9927 5
9927 8222 4
3532 3909 14
3909 5621 9
5621 4052 13
3521 4775 14
4775 5346 3
5346 5550 1
5346 6114 11
4775 9110 13
8200 2850 15
2850 4190 5
2850 1248 15
9927 1427 16
374 3410 16
159 3419 17
3419 4994 8
515 9454 17
159 228 18
228 5709 4
5709 6148 3
228 2963 7
228 1811 8
228 581 10
581 3527 10
2963 1784 12
1784 2393 17
581 3166 17
3166 6046 2
6046 117 4
117 7593 10
7593 4322 3
4322 2115 1
2115 7034 5
7034 5385 4
5385 4193 1
4193 466 2
4193 9387 2
4193 3432 8
3432 5549 8
5549 3710 8
5549 5080 9
5080 1195 5
1195 1756 7
1756 2766 2
5080 6703 10
3432 7866 10
7593 681 12
1195 811 12
811 591 9
466 5814 12
5814 8966 7
7593 8566 12
8566 1808 3
1808 1279 3
1279 1673 3
1673 5468 1
5549 8587 13
466 30 14
30 4185 6
4193 2237 15
2237 5626 4
5626 6927 1
6927 1170 10
1170 88 7
6927 4063 10
6927 8848 10
88 736 11
736 3970 8
3970 2910 4
88 109 15
5549 2500 15
2500 2784 5
88 7790 15
7790 328 1
328 815 3
117 1720 16
1720 4127 14
466 4341 16
9387 4090 17
328 562 18
9616 3162 18
3162 253 6
3162 2120 14
2120 8852 8
8852 4897 1
8852 1578 11
4897 2782 14
2782 1711 8
1711 1210 4
1711 9592 7
253 1864 18
1864 5251 16
5251 4403 7
8200 4353 18
3909 5137 18
30 5770 18
5770 2109 2
5770 3724 2
3724 4616 4
3016 6019 18
6019 1410 14
1410 3292 16
3292 9331 8
9331 8983 2
8983 4876 7
374 6199 18
6199 9847 8
1808 6304 18
4185 6832 18
6832 2960 7
2960 3816 7
6832 1495 10
1495 2254 1
2960 5231 12
5231 1418 4
5231 4786 4
4786 6856 3
6856 9855 8
6856 3703 10
3703 1960 10
1960 3470 14
3470 3819 4
3819 2170 2
2170 9296 1
3819 8641 2
3819 5707 5
9296 5919 10
9296 4778 12
4778 7223 10
7223 8254 1
4778 6117 14
6117 5382 7
5382 5662 1
1495 1555 15
1555 2153 4
3703 3037 15
3037 3582 7
6117 1095 17
1095 980 2
980 7982 10
9260 8069 18
5325 8147 18
671 8188 18
8566 8264 18
8264 3568 2
8264 3237 7
3237 2219 4
8264 9164 12
3568 426 17
7938 8501 18
9331 8541 18
8541 4001 9
4001 3244 1
3244 179 8
3244 8360 10
8360 7493 10
7493 7092 8
7092 8182 6
7092 4163 11
7493 4350 14
3244 8707 18
8707 3377 3
5294 8887 18
466 8977 18
8977 1551 7
8977 1918 11
1551 8028 12
8028 7057 1
1551 210 15
210 1666 11
1666 3995 4
1666 7216 9
7216 3475 9
210 6712 16
8977 1164 17
1164 1945 3
1945 6522 14
1945 9034 16
9034 3563 12
6712 658 18
658 1467 12
658 5823 14
8028 3249 18
5823 4464 18
4464 4060 15
4060 8737 6
8737 9657 15
9657 6032 4
8737 5483 16
1061 9117 18
9832 9272 18
2623 9399 18
9399 2582 1
8975 9405 18
9405 194 12
194 5175 1
5175 8121 2
194 289 6
194 112 13
9405 1394 13
289 4978 16
4978 5642 15
5642 5784 4
194 341 18
341 1397 18
289 5116 18
178 9688 18
9688 3176 5
1365 51 19
0 58 19
58 3110 14
3110 3325 5
3110 2774 14
2774 4559 14
4559 1997 1
58 7074 14
7074 9780 7
58 2767 16
8356 64 19
64 302 1
153 102 19
102 3569 7
117 136 19
136 1090 3
136 247 5
136 7236 9
7236 5431 3
136 8266 10
8266 7705 8
7236 1428 11
1428 5987 1
1428 893 6
5987 8303 10
8303 5761 10
5761 5266 9
136 4510 11
4510 7183 1
7183 7367 8
7367 2457 3
7236 1184 12
1090 5747 12
5747 1016 3
8303 4690 13
5761 3689 15
136 6467 15
5747 6707 17
1016 485 18
485 6926 10
485 7454 15
7454 4289 5
4289 8329 1
4289 249 5
4289 1392 8
7454 7526 8
7526 4819 2
7526 972 4
972 325 5
7526 9660 5
9660 3901 2
972 995 6
3901 6130 9
7526 6825 9
972 1494 11
1494 9633 4
9660 2631 12
2631 1029 1
1029 227 7
1029 4529 7
227 1308 10
1308 9186 9
227 8795 10
4289 7721 12
227 3360 13
249 5290 14
1308 9485 14
9485 3078 9
9660 2437 15
5290 4409 15
4409 9617 9
9617 3612 1
3078 1320 16
4409 3118 16
9485 5856 16
5856 243 6
243 2 10
2 1 4
1 241 2
1 3138 3
3138 5782 3
3138 3203 4
3203 7241 7
7241 8653 3
8653 9305 3
2 2858 10
241 1798 13
2 6359 13
2 31 14
31 225 4
2 476 15
476 4479 3
476 5351 4
4479 8033 7
476 9499 12
9499 267 11
4479 8624 13
7241 6362 15
5351 7602 15
3612 6170 16
476 7356 16
249 8523 16
8523 539 5
8523 6356 6
539 9082 7
9082 4618 2
4618 9501 8
6356 9093 9
9093 5458 10
539 1826 13
1826 3484 1
8523 3379 14
1826 4217 15
4217 4541 1
4541 7483 6
4541 9079 9
9079 3369 13
3369 4534 5
4534 2868 6
3369 7729 10
7729 2864 3
2864 1509 6
7729 4700 8
1826 9518 15
9518 2289 9
2289 5188 1
5188 3469 5
3469 8604 2
3469 4208 7
8604 3890 9
3890 8837 6
8604 1617 11
1617 4656 4
4656 8414 4
1617 7043 8
7043 4894 7
4894 583 5
3469 738 13
8837 97 15
3369 2128 16
2128 8317 7
8317 2888 13
2888 6689 2
6689 3888 9
2888 4307 10
2888 663 14
2868 8384 16
8384 5132 2
8384 2161 11
2161 1229 2
1229 7824 3
7824 4243 5
2161 2163 12
4243 8437 15
325 5054 17
7721 6870 17
6870 4031 3
6870 5016 8
6870 8860 9
6870 5706 10
8860 4779 12
4779 8122 4
4779 7020 5
7729 8441 17
663 8781 17
8781 7298 8
8781 3132 10
9079 9984 17
267 246 18
246 1295 5
246 627 7
1295 9153 8
7241 480 18
480 649 5
649 1066 13
1066 7041 11
7041 7210 4
7705 4137 18
1826 6043 18
583 7334 18
7334 4454 10
7334 447 18
447 7647 17
7647 5097 6
7647 9784 6
9784 7266 12
7266 232 4
7266 7972 13
8604 8937 18
8937 905 15
905 8149 1
8149 4202 3
6359 9997 18
2241 166 19
166 1117 12
1117 1966 7
166 252 14
252 5030 11
8069 277 19
277 7565 9
277 8379 10
277 1975 18
620 357 19
403 390 19
390 3917 7
1746 391 19
391 318 14
391 7308 18
7308 1678 18
2989 622 19
622 7538 2
8121 682 19
682 7546 1
7546 8797 2
682 1331 12
1331 7021 11
1331 6065 15
6065 5774 15
682 5292 16
5292 3625 12
3625 6002 3
6002 3987 4
3987 7669 16
3625 1411 18
1411 3384 12
663 871 19
871 3785 4
3785 8818 6
8818 7107 11
7107 6217 3
6217 9765 8
3785 186 14
186 728 9
728 1375 11
7107 3685 17
3685 15 17
15 219 13
219 1959 8
1959 142 4
1959 1735 5
142 177 16
177 221 2
221 2490 13
177 4760 13
4760 8381 13
8381 8854 11
4760 1929 16
3785 4928 17
4436 925 19
925 5994 18
5994 1167 11
1167 1660 17
1660 667 19
667 4877 3
2384 1015 19
1015 7652 6
7652 5930 14
1015 937 16
1015 1041 19
1041 6282 6
6282 1837 8
1041 9325 16
9325 3593 13
3593 6931 2
3593 5644 3
6931 8074 4
5644 9627 10
9627 4152 5
1891 1209 19
1209 5407 1
1209 7024 14
5407 56 17
682 1241 19
1241 2420 17
2420 9112 8
9112 4414 5
4367 1299 19
157 1395 19
1395 3355 1
649 1653 19
1128 1913 19
1913 5011 3
5011 7915 13
7915 2295 2
7915 3506 4
7915 3404 6
3404 2523 6
7915 4098 10
4098 2955 5
2295 9809 13
9809 4515 5
2523 1062 18
1062 2900 6
2900 3334 6
3334 1610 12
1062 3326 16
5185 1983 19
1983 9800 11
9800 1789 17
817 2104 19
2104 5817 1
5817 1193 16
1193 8467 16
8467 9975 7
9975 914 10
914 1175 15
1175 4824 4
9486 2195 19
2195 223 3
223 6442 2
2195 9004 7
6442 3921 11
3921 5619 15
5619 1603 3
1603 2175 3
2175 9053 4
9053 6365 4
6365 3616 2
3616 913 2
3616 5481 5
2175 1501 6
1501 7719 5
6365 9138 7
1603 704 8
6365 4999 11
704 4518 12
3616 7016 13
7016 7564 6
223 6290 15
913 1460 17
2175 335 18
335 8409 11
8409 6417 15
6417 6722 16
6722 5776 13
5776 612 2
612 6392 11
335 836 18
836 5880 14
5880 2264 13
2264 714 7
2264 4749 17
3921 1620 18
1620 832 7
832 1194 5
832 6576 5
1620 8954 12
6392 5581 18
5581 5973 5
5973 8357 7
5581 6997 9
925 2243 19
670 2327 19
2327 5649 5
2327 9055 9
5649 3592 12
3592 3949 12
3592 7625 12
3592 3935 14
5649 6152 15
6152 331 8
6152 5273 11
5649 7378 15
7378 5715 3
3949 4236 18
9725 2373 19
2373 1032 7
2373 7642 9
2373 8769 9
7642 8217 15
1032 2023 19
1673 2448 19
2448 7387 5
2448 6256 16
6256 9547 13
9547 5241 8
5218 2599 19
517 2634 19
2634 7992 11
2634 3069 13
4163 2953 19
2953 2976 4
2953 8627 14
8627 1669 11
1669 467 17
620 3178 19
3178 2903 3
3178 9612 14
9074 3279 19
9547 3280 19
3280 7316 7
7316 2033 6
2033 7138 18
8440 3477 19
3477 8987 12
8987 2714 11
2714 1884 4
1884 3032 15
3032 286 9
3032 9417 10
9417 1361 3
1361 1721 1
1361 2255 7
1721 6113 11
6113 7548 7
7548 7777 8
7777 1821 11
1361 6673 12
2255 145 17
145 80 13
2714 2061 18
8987 7082 18
11 3518 19
9405 3575 19
3575 8085 8
3575 1977 9
1977 5422 1
5422 5755 8
5755 7434 5
3575 7622 10
3575 3618 19
3618 8486 11
8486 9344 2
8486 4788 5
9344 6612 17
6612 1173 3
1173 9749 15
9749 758 7
758 1317 3
1317 3120 4
3120 55 9
55 788 2
758 6906 12
6906 3910 2
1317 1674 13
1674 2456 5
1674 6728 5
2456 7385 6
1674 4717 7
6728 6490 14
6490 3510 2
3510 257 5
3510 5568 13
5568 5499 9
5499 7659 2
5499 5039 10
3510 7950 13
7950 6427 6
7950 3670 10
3670 6725 3
758 9559 14
55 244 15
5499 1512 15
257 7315 15
3510 1231 17
1231 6174 14
4717 9803 17
5568 5062 18
5062 2105 1
2105 1598 10
1598 234 2
5062 7112 11
7112 3611 1
234 6885 12
6885 9027 7
9027 2111 11
3611 3080 14
3080 6835 5
3080 783 7
783 1757 1
783 6439 1
783 6649 2
6835 9268 8
6439 6180 14
2105 4661 18
4661 7265 13
7265 7142 15
1757 5178 18
5178 523 6
5178 2486 8
2486 9366 8
9366 2261 5
2261 7281 4
5178 6506 12
2486 8994 16
2261 9964 18
234 18 19
7385 147 19
147 199 1
199 295 2
147 2664 10
2664 4094 10
4094 2688 10
2688 3247 2
2688 8711 14
295 910 16
6180 3356 19
3356 3006 3
3006 9238 11
9238 6318 15
6318 2857 6
6318 3839 8
6318 8239 15
8239 431 4
431 6173 3
6173 3852 9
3852 7095 4
3852 76 13
76 9087 6
76 2587 13
2587 6400 11
6439 3381 19
3381 4879 13
2523 3632 19
3632 1583 9
8900 3639 19
2887 3774 19
523 3783 19
3783 4002 12
4002 6646 13
6646 6423 11
6646 2399 12
2399 823 3
823 6219 7
6219 8464 6
8464 2260 3
2399 8339 9
3783 5781 17
5781 3195 1
5781 197 10
3195 4390 12
6646 7149 17
7149 5186 10
5186 939 7
5186 4361 16
7149 7551 18
7551 7868 10
7551 838 18
838 7968 14
7968 9308 15
4002 1023 19
1023 4387 1
1023 2313 6
1023 4207 11
4207 6983 11
4387 5474 13
5474 2726 9
2312 3872 19
3872 2889 5
3872 1269 6
1269 1102 6
5188 3952 19
3952 1734 19
1734 596 19
596 9628 16
9628 9993 1
9993 4971 15
6708 4122 19
426 4304 19
4304 6959 13
2721 4333 19
8222 4384 19
4384 537 4
4384 5438 5
537 7306 5
537 1656 12
7306 5224 16
5224 757 6
1821 4437 19
147 4498 19
8188 4547 19
4547 2257 8
4547 2013 14
2013 1853 5
8196 4560 19
8061 4611 19
4611 5678 18
5678 6008 17
1102 4727 19
1635 4830 19
3575 4834 19
2500 4865 19
1847 4869 19
4869 886 7
886 3747 3
886 1396 7
886 4711 10
4711 2503 2
4711 365 7
365 6767 16
365 8195 18
8195 6352 14
6172 4875 19
4875 2967 11
2967 4568 13
4568 8865 5
4875 4288 16
4288 3667 12
147 4881 19
4700 4905 19
4905 2129 18
2129 1854 8
2129 3805 14
4760 4939 19
4939 8137 3
8137 1897 17
1897 899 17
1635 4973 19
7659 5197 19
5197 6153 3
5097 5233 19
5233 283 1
283 2763 2
2763 99 2
283 9669 11
99 5964 13
2763 5004 14
99 1632 16
1543 5497 19
8107 5527 19
5527 7033 14
5527 5748 15
5748 8104 2
8104 2708 4
7033 1839 16
1839 3617 2
1839 495 13
495 5838 2
5838 6976 10
495 2487 15
2487 8670 9
2487 8212 10
4152 5668 19
5112 5810 19
5810 5262 17
5262 1652 19
1652 3021 18
3021 3476 14
4220 5824 19
4534 5871 19
29 5875 19
4098 5963 19
5963 1281 6
9348 6336 19
6336 1188 5
1188 6575 10
6575 4165 16
4165 5609 9
5609 4585 8
4585 2409 5
2409 4276 2
4585 4722 12
4722 5243 2
5243 92 9
92 17 2
17 5 5
5 2177 4
92 890 6
2177 4654 10
17 6182 10
6182 6676 9
6182 208 13
208 579 9
2177 1708 15
4165 5698 16
5698 1689 9
1689 6692 9
6692 9681 4
1689 9060 15
6182 8355 16
6692 1318 17
1318 1865 13
1689 1586 17
1586 4169 2
17 316 19
6372 6363 19
221 6369 19
1673 6501 19
805 6595 19
6595 7904 12
7904 530 12
530 2125 8
530 3657 9
2125 8817 13
8817 1358 3
1358 8257 5
7904 4752 14
4752 816 1
816 5988 6
816 1703 12
1703 1515 1
1703 4034 6
4034 9968 5
5988 1105 13
2125 2698 15
3657 6888 15
3657 7826 15
7826 6055 12
9968 1393 17
1393 1527 3
1393 752 9
1527 6443 16
2125 3025 17
6443 3298 17
1105 7807 17
7807 9447 5
9447 6928 2
7807 6108 16
6928 4315 18
144 6695 19
219 6716 19
6716 6581 5
9831 6732 19
6732 4992 1
6732 3167 4
3167 2205 4
2205 9601 1
2205 2951 5
2205 5013 5
761 6797 19
6797 896 2
6797 9469 3
4219 6798 19
9699 6916 19
1850 6955 19
6955 9767 18
9767 52 3
52 931 4
9767 4642 5
4642 4769 8
931 8516 12
52 22 13
931 231 18
231 86 8
86 128 7
128 2118 14
2118 902 12
902 3480 17
22 4953 18
9688 7027 19
7027 4800 17
4800 1698 9
1698 3447 10
3447 8990 5
8990 3660 16
3660 1629 11
3660 3619 19
3619 1661 2
3619 9684 4
9684 6009 2
6009 4648 9
4648 8909 8
9684 3567 11
3567 1303 6
1661 8685 14
8685 806 3
806 9553 4
3619 6699 17
6699 3119 1
3119 7736 17
1629 5205 19
3369 7201 19
7201 8647 17
4788 7263 19
7593 7386 19
7386 8312 5
7386 6999 8
8312 7953 10
8312 6727 17
1767 7441 19
3037 7511 19
10 7607 19
7607 2357 4
7607 7397 7
2357 1288 12
1288 4248 5
4248 1587 10
7397 3791 13
4248 6166 17
893 7706 19
7706 8999 13
8999 7329 16
7877 7756 19
2158 7773 19
4094 7865 19
4376 7985 19
5728 8014 19
1188 8054 19
8054 901 1
8054 9206 1
901 4803 2
901 9611 6
9611 1901 6
1901 2250 4
2250 2117 3
9206 9244 7
2250 6530 10
4803 2988 13
8212 8055 19
8055 9857 12
9857 1729 18
1729 7520 6
7520 7733 1
7733 5289 11
175 8142 19
8142 4280 10
8142 5956 10
5956 4045 18
3689 8160 19
2843 8287 19
2624 8359 19
6778 8392 19
8392 7783 2
4311 8397 19
7396 8438 19
7279 8499 19
8499 3026 10
3026 7631 5
8499 997 17
4353 8524 19
8524 2031 7
2031 254 7
8524 7253 11
7253 2753 7
254 9307 17
8524 9818 18
55 8664 19
8664 6225 5
3162 8723 19
7415 8763 19
8763 1439 9
1439 8828 1
8828 3748 4
3748 3557 5
3557 5066 7
5066 7769 9
3748 9324 10
8763 1947 12
5066 8536 15
3748 9885 16
7027 8790 19
8790 7280 17
2758 8814 19
4912 8834 19
3480 8861 19
1908 9085 19
1847 9151 19
7826 9285 19
261 9425 19
7564 9506 19
9506 4468 10
4468 7330 5
7330 8603 9
4649 9571 19
5154 9605 19
9605 6589 8
9605 8577 14
8577 3239 1
9160 9708 19
6443 9928 19
9928 7131 5
7131 1471 1
7131 1519 5
1519 859 7
859 8520 5
8520 565 2
565 3450 8
8520 4279 10
565 5717 10
9079 9951 19
9951 4126 13
7773 9963 19
9963 3983 5
3983 3073 5
60 36 20
36 1962 10
36 4420 14
36 6472 17
6472 3626 5
3626 3552 8
3552 2828 3
6472 4646 12
2828 989 14
989 2461 7
7330 193 20
193 189 12
1543 214 20
1392 229 20
229 2514 16
2514 9971 18
365 370 20
8397 510 20
510 1085 5
510 2134 11
2134 6819 9
6819 1645 11
1085 5201 19
5201 4426 15
7756 606 20
2763 798 20
186 818 20
818 9673 8
391 921 20
921 7561 3
7561 1476 4
921 3686 4
1476 7768 11
7768 6192 4
7768 5636 11
3686 3762 15
3762 2159 6
3762 5670 13
5670 2927 2
6192 5296 18
1476 5551 18
5551 5268 9
5551 7029 11
7029 971 5
7561 6137 18
6137 1643 7
1643 2325 12
2325 6489 7
6137 5368 14
1643 8821 15
921 5972 19
5972 1452 15
1452 2964 2
1452 3297 8
1452 946 15
946 5419 4
946 5868 7
946 6746 12
5868 7573 12
946 655 14
655 6587 2
655 230 7
5419 6613 17
6613 988 12
988 464 10
464 8671 2
8671 2341 2
8671 6971 8
988 5138 11
5138 8157 5
8157 2822 2
2341 3876 13
3876 4918 7
4918 2074 12
8671 2585 14
8157 3090 14
6971 8468 14
6613 3937 17
3876 2935 18
2935 1259 13
3937 8712 18
6971 3829 19
3686 9822 19
654 944 20
944 3318 3
3318 3060 2
3837 1035 20
1035 3981 1
1035 314 3
314 269 2
314 5764 3
314 4014 6
269 7243 12
7243 6843 4
7243 163 9
163 7881 6
7881 2622 4
314 4635 13
5764 4326 14
4635 5639 17
5639 8677 11
670 1149 20
459 1244 20
102 1313 20
6515 1398 20
1398 2198 13
2198 3684 1
2198 6887 9
3684 8565 13
8565 7553 18
7553 2906 17
2906 61 10
61 5506 11
61 5696 16
2198 934 20
934 5265 4
934 8469 13
8346 1407 20
7253 1701 20
1701 1025 12
1025 3264 2
3264 6059 8
5820 1857 20
1175 1863 20
1863 3844 2
1863 2331 3
2331 3056 4
3844 9986 8
2331 4497 11
4497 1683 2
4497 9948 12
4497 7497 16
2331 3095 19
3095 5606 7
8582 1881 20
3296 2183 20
2183 1389 8
2183 4239 12
4239 2947 8
2947 3711 3
2947 7922 3
7922 5171 16
5171 9452 6
9452 3961 16
3961 4883 19
4883 2757 3
4883 1422 6
7922 5302 19
5302 1174 2
1174 932 3
1174 9410 10
1174 3383 14
3383 4680 14
9410 4607 16
4607 396 2
4607 6804 7
6804 9585 6
396 7097 17
7097 8050 10
8050 3720 8
3720 2340 6
3720 6960 11
3720 8141 13
8141 5286 14
2340 7224 16
3383 5526 19
3961 9786 19
4736 2203 20
2203 7566 17
7566 7465 4
7465 7728 9
7728 1037 8
1037 2270 2
2270 2233 9
2270 2469 11
2270 5086 14
5086 9653 9
5086 2375 13
2375 1010 11
1010 1607 6
1607 6493 16
2270 6498 16
1607 2007 17
2375 5533 17
5533 3256 17
2007 7438 19
9653 8764 19
879 2240 20
1674 2350 20
2350 1549 1
1549 5441 5
1549 4841 10
2350 6496 18
459 2429 20
1492 2465 20
8664 2542 20
9973 2557 20
2557 293 2
293 1263 1
1263 2358 2
2557 1348 13
1348 5623 5
1263 9115 14
293 509 15
509 9181 11
9181 2742 16
2742 1618 4
1618 5489 7
2822 2892 20
466 2985 20
5201 2992 20
786 3001 20
3301 3022 20
5422 3059 20
6091 3104 20
3104 457 9
457 1123 1
457 7916 12
1847 3122 20
3122 196 20
1777 3126 20
3126 4092 12
3747 3221 20
9358 3299 20
7773 3309 20
7569 3337 20
3337 1470 2
3337 9376 10
9376 3100 9
2158 3554 20
6885 3744 20
3744 321 6
3744 9076 7
9076 7884 2
9076 5524 3
9076 7431 6
7884 9614 9
9614 5864 4
9076 7090 10
7090 1099 14
5864 1715 19
9614 5734 19
5734 793 7
5734 5732 12
5734 9416 12
9416 7060 18
5734 1887 20
1887 139 2
139 9426 12
139 8823 14
8823 6242 7
139 6763 18
6763 2670 18
1887 3780 20
3780 9640 1
3780 1370 17
9640 5881 18
1370 1019 19
1019 5436 10
4257 3881 20
951 3967 20
3967 6057 18
6057 3538 6
3538 4866 8
4866 3396 7
3396 2548 2
3396 2439 9
2548 9514 10
9514 9458 10
3538 2067 12
2067 9531 19
1288 4107 20
627 4110 20
1228 4140 20
4140 9108 6
4140 2089 13
2089 5191 2
2089 5808 12
5191 520 19
520 1064 6
1064 1423 4
6219 4408 20
4408 5223 3
5223 3972 2
4408 8623 4
5223 4995 7
4995 8174 3
4408 4159 18
8623 8981 18
8981 5130 17
5130 2222 11
3972 5467 19
5467 7199 4
7199 5180 5
7199 1644 9
5180 3354 17
5467 7964 17
7964 1221 3
1221 589 17
589 2190 6
2190 2727 5
2727 5176 13
2190 1714 17
5467 3430 18
3354 6809 18
6809 1327 16
3430 7787 18
7787 6462 8
5467 9400 18
1327 6968 19
8623 8487 19
8487 7075 3
8487 9623 9
6462 1274 20
1274 2920 2
2920 750 16
750 1022 20
7279 4413 20
6447 4755 20
4755 5969 15
4884 4757 20
4757 32 16
7502 4758 20
4758 7463 4
7463 2413 13
2413 2495 12
2228 4825 20
4825 1250 8
4825 5378 8
5378 4599 7
4825 6263 8
4825 6426 14
5378 3358 15
4825 1761 18
1761 3745 8
5378 7943 18
7943 1054 7
1054 665 4
7943 4822 13
1054 8296 13
29 5126 20
5126 3734 7
3244 5131 20
528 5229 20
5229 8070 4
3779 5308 20
5308 2059 17
2059 2343 14
2343 4097 3
2343 185 14
185 5314 5
185 4565 10
0 5347 20
1984 5885 20
8312 5913 20
793 6076 20
3195 6435 20
1370 6510 20
5678 6519 20
7085 6739 20
6739 7710 10
6739 1827 12
1827 3809 10
1918 6800 20
6800 1727 3
6800 7517 7
6800 8240 12
6800 6563 17
6563 7375 13
7375 9111 9
9111 8255 15
6960 6889 20
6889 5374 4
177 6907 20
5111 6939 20
31 7038 20
1512 7056 20
7056 1943 11
1943 626 1
626 725 2
7056 5888 16
5888 9210 4
6076 7151 20
8933 7389 20
2753 7534 20
5308 7655 20
2810 7890 20
5621 7948 20
7948 1657 7
7948 1848 11
7948 8732 11
8732 3850 7
3850 7292 13
7292 4991 5
4991 7762 5
4991 9505 6
3850 535 14
535 8775 9
535 1537 13
1537 2145 9
2145 870 13
870 5144 2
2145 6007 14
870 1845 15
1845 5157 1
1845 5934 8
5934 5588 10
5588 9013 14
1537 1665 17
7762 2398 17
2398 8204 10
8204 2808 8
2808 1056 12
1537 5421 18
5421 3323 8
3323 2238 19
5157 8124 19
516 8093 20
8093 6770 1
6152 8181 20
8577 8208 20
8208 1969 2
1969 1538 15
1538 2463 6
2463 2572 10
1538 1535 11
1535 5851 2
1535 3505 18
3505 7760 4
7760 4655 17
1538 6251 18
9025 8214 20
736 8526 20
8526 8426 5
8426 4093 1
4093 4259 12
4093 6464 20
6464 2567 10
2567 945 14
945 8138 2
8138 6370 7
6370 1034 4
6370 6858 4
6858 9539 3
945 575 19
4454 8553 20
7216 8602 20
8602 9229 15
9229 7119 2
7119 2879 6
7119 1642 7
1642 6969 4
1642 6675 5
9229 7906 7
7906 8021 14
8021 1178 5
7119 8039 15
7119 1868 16
8602 3835 16
7119 6555 16
8204 8620 20
6091 8655 20
3618 8689 20
341 8708 20
6134 8796 20
8796 5189 16
8977 8812 20
4991 8869 20
6182 8880 20
4897 9086 20
3090 9123 20
49 9136 20
2764 9207 20
4883 9220 20
8103 9289 20
9289 9560 16
9198 9311 20
4834 9315 20
9315 3211 9
9315 2874 20
2874 5031 9
5031 7616 4
7616 3270 7
3270 570 9
2874 1013 11
1013 6299 8
5031 3141 11
3141 740 3
3141 7374 6
3141 1875 7
1875 755 5
570 2201 18
1013 3177 19
740 398 20
15 9378 20
8297 9420 20
8356 9530 20
9530 8650 5
9530 5469 9
5469 2801 1
9530 4636 16
4636 8026 2
8026 3630 10
6008 9537 20
9537 5703 5
5703 2598 10
2598 2058 9
2058 524 8
524 505 4
5703 4141 10
5703 8776 11
8776 9933 1
9933 2836 2
9933 8640 7
8776 5694 11
5703 2386 14
5703 4839 15
5694 7347 15
524 3189 17
8640 9061 17
9061 4182 3
9061 9596 6
9061 841 15
841 7111 3
7111 5375 9
5375 2378 5
2378 9072 6
841 7414 12
7111 3971 15
3971 4068 14
4068 7852 3
7852 8898 6
7852 337 15
337 2135 6
337 4158 6
7414 7229 16
841 2323 17
9537 641 18
4839 3466 18
4839 4713 18
4713 2576 3
4713 4212 16
4212 2140 17
2323 7157 18
7157 4282 8
4282 6768 17
2879 9593 20
7569 9646 20
6447 9753 20
346 9782 20
3022 9888 20
9888 2711 2
6558 9935 20
9935 6315 7
9935 776 16
776 9066 3
8650 9958 20
9958 1615 4
3603 9994 20
9994 1266 9
1767 9998 20
9998 2968 7
2968 9589 9
571 74 21
74 1212 10
1212 3549 5
74 3772 13
1212 3003 20
6356 173 21
173 180 6
173 8098 9
173 2248 16
2248 1166 5
2248 1733 14
1733 690 8
690 6133 8
690 3794 11
173 9838 20
4028 258 21
258 6397 17
1515 317 21
317 192 2
192 87 14
87 659 1
87 162 9
162 1685 6
659 7703 10
162 218 11
218 2817 5
87 425 11
425 642 4
425 8663 6
642 2239 8
2239 6792 3
8663 4356 14
218 4852 16
192 7649 16
8663 9258 18
9258 3561 6
9258 2416 13
2416 869 3
9258 6840 13
2416 9824 16
2416 9834 19
192 1328 20
1328 8113 19
4356 2363 20
2363 6070 6
6070 8051 14
52 423 21
423 9232 12
9232 9748 11
9748 9152 16
9152 6367 6
6367 4160 13
6367 2995 17
9232 9451 18
9232 3153 19
3153 1100 2
3153 4103 4
3153 4810 4
4810 5195 9
4103 7741 16
7741 2232 2
7741 4980 8
4980 7959 17
9152 8786 19
8786 7154 2
5073 453 21
453 4689 15
4689 2719 19
2719 4303 6
4303 5209 12
2719 7947 14
667 474 21
1117 542 21
542 9177 3
9177 5009 10
542 7709 10
542 2948 15
2948 1545 12
1545 9312 7
7521 556 21
556 7822 4
556 1103 5
1103 666 14
666 5572 11
5572 2394 13
2394 5046 8
5046 6988 1
2394 7743 12
666 4645 15
5046 5200 15
8536 564 21
8276 594 21
594 2905 3
594 4998 3
2905 6115 15
6115 6826 9
6115 6082 15
6082 552 14
552 3243 7
3243 8610 5
6115 6499 15
6499 3975 7
3975 1073 12
594 4817 16
4817 4596 2
4596 6803 11
4817 5136 13
5136 2045 2
2045 2483 3
2483 9201 9
552 858 17
858 3674 2
858 7435 3
7435 8164 2
858 327 7
327 8125 14
8125 7120 9
3674 6720 17
552 9528 17
9528 1768 6
1768 9495 12
8125 2372 18
2045 2970 18
2970 4021 12
327 8634 18
1073 4294 19
2970 8592 19
8592 4712 7
4712 2777 7
4712 3435 10
8592 4922 19
3243 4441 20
4441 4081 3
4081 2993 5
2993 8209 5
2993 3613 9
3613 5867 2
2993 5254 10
8209 549 11
549 205 10
205 1575 5
2993 8517 11
1575 2265 16
2265 386 1
386 226 16
226 176 14
176 7592 1
176 9039 4
9039 1028 10
1028 6121 4
176 555 11
9039 1814 12
176 5827 13
5827 1378 7
1028 2143 14
2143 5496 6
386 9480 17
9480 397 16
397 3457 19
8209 3755 20
3755 5456 10
6082 8250 20
8250 7900 2
2143 42 21
1102 707 21
1007 1001 21
702 1006 21
1006 1386 3
7959 1130 21
1130 4084 14
1130 9388 17
9388 4346 16
1875 1146 21
8770 1200 21
1200 715 11
715 2077 10
2077 7678 3
2077 5682 6
5682 3640 8
3640 6331 4
6331 3641 2
6331 3398 3
3640 477 5
3398 4274 6
3398 7271 8
3398 8969 11
477 5253 13
5253 1906 8
4274 4251 14
5682 6189 14
3640 7447 14
3640 9675 14
9675 7603 4
9675 7864 5
7603 2959 13
715 8920 16
5253 3482 18
1906 5444 18
5253 6147 19
6147 5620 5
2711 1207 21
1207 8338 17
8338 7629 11
7629 1293 20
1293 8465 18
1814 1258 21
1258 2729 15
2729 6884 20
6884 66 1
66 3471 5
66 6967 16
6967 9922 3
6967 4070 17
4070 2065 4
4070 4046 18
4046 5835 3
4046 1540 7
1540 9572 2
5835 7641 11
4046 983 13
7641 6518 17
3471 4805 18
3471 2513 20
2513 4226 5
2513 6679 14
6679 1226 6
6679 6343 7
6343 2569 11
6679 2428 14
2513 3108 17
2428 3960 17
7802 1264 21
1264 6186 9
6186 4506 2
4506 866 5
866 799 5
4506 8434 5
799 903 9
903 1973 5
799 657 11
1264 4947 16
4947 8328 15
8328 6358 4
6358 3922 11
4947 8717 16
866 6917 17
1264 491 18
799 6836 18
1059 1271 21
1271 462 4
1271 3219 15
1271 1699 20
1699 6502 6
1699 846 15
846 1159 12
1159 7206 12
6502 553 16
6502 1456 20
1456 1631 16
4088 1359 21
1359 5077 4
5077 3692 9
1359 915 11
1359 5726 15
5726 8757 8
8757 1438 10
1438 2055 10
2055 6621 6
8757 9073 12
9073 847 20
847 9020 3
847 1030 13
5077 8831 20
8831 6900 10
859 1432 21
17 1458 21
6088 1508 21
1508 4586 11
1508 4796 14
4796 545 3
2397 1550 21
522 1606 21
1606 8116 1
8116 264 3
264 4471 1
8116 9333 8
8116 6979 12
4471 5121 15
5121 3382 8
5121 9954 12
9954 7115 15
4689 1648 21
1648 6853 6
6853 7671 7
6853 7301 13
7301 3394 8
3394 4545 6
4545 4059 6
7301 5523 9
6853 9966 13
4545 8533 18
8533 1760 1
8533 4580 2
1760 2776 17
2776 527 7
527 8510 11
8510 5139 3
5139 2184 2
2184 5413 12
5413 1426 13
1426 4553 5
1426 3449 18
3449 5349 15
5349 4444 10
4444 2403 8
4580 922 19
922 5766 16
5766 5006 4
5006 3878 18
6853 1084 19
1084 2600 1
2600 8827 10
1648 3342 19
3342 3023 3
3023 2164 9
2164 1988 6
1988 9 14
2164 916 19
916 1442 8
1442 9717 18
8533 1337 20
1337 623 1
1337 1063 5
1063 7648 1
7648 1831 7
7648 5780 8
1063 961 12
961 8246 2
8246 5307 9
5307 4906 7
4906 1282 6
5307 6801 9
961 1504 13
623 3679 14
1063 3716 16
3716 3897 6
3716 8366 10
4580 2247 20
2247 7376 2
2247 2517 14
2517 5160 3
2247 1912 16
4059 2411 20
2411 2282 10
2411 860 20
860 7567 3
860 3908 13
3908 2595 5
5160 4494 20
4059 6387 20
6387 6535 2
6387 4080 6
4080 5386 6
5386 8564 1
5766 8430 20
8430 8745 12
8745 5895 5
5895 2690 8
2690 6349 7
5895 643 17
643 8724 13
643 71 17
8724 89 18
8430 2818 18
89 2861 18
71 446 20
446 519 3
519 7030 12
7030 693 5
693 4442 7
7030 834 11
834 1235 14
693 897 18
897 9008 4
897 1065 16
1065 2246 12
7301 9881 20
9881 4131 1
4131 8682 1
4131 5801 3
9881 8382 7
9881 1503 8
5801 9722 12
1503 3058 16
9881 9154 16
9154 9934 12
9934 9133 13
9133 4687 11
4687 1677 3
1677 9216 16
9216 5337 16
9216 6102 16
6102 7064 1
7064 2441 2
2441 2182 10
5337 379 19
379 319 1
379 7135 11
7064 6072 19
6072 1215 17
1215 1049 8
1215 1940 11
1503 1858 20
8382 2406 20
2406 5252 16
5252 9738 19
9738 7936 8
7936 72 19
72 1238 11
1238 3277 16
3277 2442 5
2442 5795 9
3277 5562 11
2442 1347 15
72 8802 17
5562 1497 19
5562 5147 19
6369 1752 21
1752 1391 2
1752 3229 7
3229 2165 1
3229 4375 9
4375 1132 6
4375 7713 7
4195 1791 21
1791 2147 18
1078 1824 21
8209 1972 21
1972 7344 8
7344 1533 4
7344 3257 6
1533 3051 11
3051 9274 3
4028 2009 21
4217 2021 21
5868 2063 21
2063 4371 1
4371 5860 16
625 2075 21
2075 5428 7
2075 2100 19
4090 2103 21
2103 282 21
8517 2364 21
2364 9569 1
9569 6049 6
1575 2445 21
2103 2470 21
3941 2546 21
5294 2679 21
2679 8062 4
2679 1664 13
1664 6038 6
6038 4404 6
8062 1270 14
1270 6378 6
6038 6271 16
6271 9991 16
9991 9606 10
9606 1774 12
1774 2361 17
2361 3565 7
2361 2860 15
2860 1612 1
1612 3980 3
1612 8331 14
8335 2682 21
2682 8698 7
8698 9703 17
9703 9322 16
9322 2870 8
2870 4821 5
1049 2717 21
2690 2734 21
4788 2754 21
2754 8935 8
8935 9739 4
2754 2422 21
2422 4319 4
2422 3531 11
3531 8744 9
2422 6014 20
2243 2800 21
1760 2996 21
2996 503 21
503 1172 4
5631 3125 21
3125 4613 16
4613 6100 18
4825 3152 21
3152 6264 4
6264 6421 4
6421 8993 7
6264 2914 10
6264 9724 12
6264 7365 14
2914 7522 15
4613 3214 21
3214 9615 5
9615 9686 5
9615 7028 10
251 3222 21
2442 3275 21
396 3406 21
8050 3579 21
3579 9009 11
3567 3614 21
3614 7930 11
3614 4424 15
4424 856 9
7930 5741 18
7092 3663 21
3663 3906 1
3663 3588 12
6871 3713 21
7218 3741 21
7875 3828 21
3412 3966 21
2719 4112 21
4112 647 11
179 4134 21
4356 4162 21
9686 4328 21
9726 4505 21
1030 4531 21
4531 8256 7
4534 4538 21
8982 4577 21
5941 4598 21
4598 1419 13
1419 5677 1
5717 4624 21
4624 5991 13
5991 6214 2
923 4632 21
4632 6877 14
6877 3543 21
3543 1333 12
3543 5976 17
5976 1440 12
1440 3044 7
3044 3238 10
5976 6738 17
6738 3727 6
3727 4782 8
6738 2849 19
2849 7578 3
2849 692 17
2849 8527 19
8527 7594 2
1333 248 21
4869 4639 21
4639 395 16
395 5731 1
395 546 17
5688 4798 21
4798 3179 2
3179 3752 6
4798 4230 13
4230 1315 16
1315 3013 8
3179 5515 18
5232 4807 21
4807 46 15
4545 4848 21
6587 4944 21
4944 6987 16
474 4951 21
4951 3695 3
3695 2683 10
2683 8557 3
2683 8632 5
2683 7035 6
7035 4519 6
7035 4527 9
4527 486 5
4527 5685 5
486 9375 7
486 5412 12
5685 111 15
111 6696 1
111 184 8
6696 387 11
387 380 12
2683 7175 15
111 3551 16
486 6309 16
6309 8077 12
8077 7518 16
111 2438 17
2438 3143 5
3143 9817 6
8557 3182 17
3182 8145 7
8145 6719 9
3182 3276 11
380 3730 17
3730 7313 6
9817 6711 17
6711 1700 16
1700 7332 19
7332 3423 12
486 1692 21
1692 2637 1
2637 7371 12
7371 674 10
674 4010 10
674 9806 15
7175 3456 21
3456 3156 15
3156 9382 20
9382 8633 11
3625 5029 21
5029 1505 16
1505 8656 11
1505 8300 13
5029 615 17
615 7471 3
7471 7891 1
7471 8352 11
8352 2685 2
8352 5725 3
5725 4833 3
8352 1176 11
1176 8158 8
2685 9320 12
7471 9372 14
5725 9058 16
4833 5248 19
5248 7851 13
7851 8421 16
8421 8901 10
8901 1230 7
1230 1691 9
8421 2823 18
7851 1076 20
5725 6403 20
8158 4416 21
4416 1530 17
1530 6158 9
1530 6195 11
1530 5778 20
3243 5047 21
5047 1765 19
9393 5085 21
5085 2613 10
2613 2584 1
2613 9588 5
5085 1201 13
1201 9006 1
5085 1867 13
5085 4720 18
4720 43 12
43 4124 2
43 4533 7
4720 1369 14
4124 5426 17
1369 4968 18
2903 5202 21
5202 9481 9
9481 672 21
2105 5256 21
5827 5332 21
5332 6095 9
3626 5461 21
6464 5517 21
1194 5638 21
3881 5897 21
5897 203 12
203 652 13
652 3855 15
203 356 16
5897 7436 17
3855 4706 19
4706 794 11
6043 5918 21
5328 5978 21
4375 6037 21
6037 1882 17
1882 5400 18
5400 8773 5
5400 5852 9
5400 1239 12
903 6311 21
760 6327 21
7561 6339 21
6339 4732 21
4732 1127 16
1127 8766 1
1127 1206 6
1206 7928 5
7928 8877 10
1127 50 17
50 34 2
34 4344 9
34 628 12
4344 312 18
312 6478 6
312 1406 18
1406 2443 6
2443 1949 7
2443 7013 11
7013 5285 7
5285 3792 1
2443 5874 18
312 4447 19
4447 3992 11
6478 833 20
4447 5318 20
5318 5543 20
5543 2668 9
2668 2579 1
2668 8621 2
2668 5226 12
5226 5477 6
5543 2121 15
2121 2543 15
2543 3624 8
3624 5665 4
5477 1879 18
1879 5123 15
3624 717 21
7648 6375 21
9287 6401 21
6401 7424 9
7424 2353 2
6180 6424 21
6424 1771 5
6424 9044 15
2933 6455 21
8160 6487 21
826 6577 21
6577 7393 8
8062 6623 21
4760 6686 21
8603 6780 21
6780 3513 8
88 6984 21
6984 6022 3
1389 7084 21
7084 8596 6
7084 6500 20
4757 7200 21
2800 7222 21
7222 6109 8
6109 6841 11
6841 9536 10
9536 9808 3
7222 6932 12
9536 9791 16
9808 6818 17
6818 6396 18
794 7318 21
3412 7368 21
7368 6735 4
7368 4175 20
3765 7381 21
2002 7599 21
1635 7679 21
9047 7765 21
1193 7871 21
7871 8741 6
7955 7971 21
3592 8111 21
7573 8133 21
8133 8007 15
8007 8011 7
8007 7015 17
7015 5521 3
7015 7821 15
7015 428 20
428 7363 16
4758 8135 21
7493 8153 21
8153 8049 2
8153 6596 15
6596 5334 11
6596 5836 19
7157 8293 21
3262 8678 21
2341 8720 21
9898 8838 21
5263 8895 21
3118 9016 21
3700 9139 21
9139 8376 16
1512 9159 21
9159 8528 6
9159 2560 11
997 9185 21
818 9199 21
9199 9032 9
9888 9243 21
9243 9910 1
9243 3883 3
9243 6524 4
6108 9437 21
9437 1160 14
1160 8492 18
8492 5889 14
655 9525 21
8723 9591 21
9591 7226 2
9591 2922 17
2922 4972 6
2922 5472 16
4972 7388 18
3430 9682 21
1547 9727 21
9727 5830 7
5830 9345 9
9727 1670 16
1670 7899 2
5830 3113 19
6260 9896 21
56 45 22
9315 118 22
118 3357 3
3357 2539 9
2539 1696 6
1696 1636 5
1696 2180 6
2180 1379 2
2539 6948 9
1379 3965 11
3965 4406 4
1379 9250 15
9250 6305 2
9250 4799 11
4799 8940 8
8940 8092 8
1696 1935 18
6305 6951 19
6951 2662 15
6951 2010 17
2010 4600 10
6948 948 20
948 5718 5
948 712 18
6951 4229 20
3357 9257 20
9257 2741 17
2741 1806 6
1806 2883 9
7199 126 22
126 5763 7
5763 6025 17
126 2035 18
126 14 19
14 8425 9
8425 8985 7
14 3448 12
3448 3662 4
3448 3678 4
3678 2148 6
2148 1031 5
3678 9515 11
3662 5841 15
3448 9383 17
5841 9143 18
71 131 22
131 534 5
534 2896 8
534 9851 12
8763 345 22
600 382 22
382 5184 9
5184 3317 4
382 1158 16
9525 399 22
399 9678 9
399 6585 18
6585 3071 3
399 1444 21
1984 413 22
413 213 8
213 7324 12
413 8417 12
213 720 16
720 8924 6
8924 5151 13
5151 3193 2
5151 3631 14
213 7410 16
3193 1763 18
1763 2851 13
2851 5335 17
5335 9540 20
1550 441 22
441 1590 2
441 5488 17
2953 637 22
637 3411 6
1458 696 22
6950 769 22
642 781 22
788 790 22
620 812 22
901 947 22
947 7213 6
7213 6765 17
500 979 22
979 9310 18
314 991 22
1992 1009 22
1009 8525 3
9976 1101 22
1101 7159 18
7159 3351 7
3351 5658 9
5658 3201 15
3201 1680 5
3201 9445 5
9445 5613 7
5613 2923 2
1680 4104 8
4104 5448 7
7159 9776 16
3351 7543 17
9776 8491 18
7543 1068 19
1068 2841 1
2841 4977 9
1068 4074 18
3351 5365 19
2923 4986 20
1831 1134 22
4825 1141 22
1141 9567 13
1141 6789 14
264 1143 22
1143 6112 13
6112 920 7
920 8611 21
4051 1153 22
1153 2043 6
1153 7427 7
1153 4041 9
4041 2191 13
4041 359 15
359 6479 9
4041 6594 15
6594 7503 1
2191 420 17
1153 7220 19
6403 1177 22
1177 1694 18
3809 1330 22
1330 3034 2
1330 1038 14
503 1335 22
1984 1342 22
4980 1350 22
1350 3938 11
3938 6638 5
6638 3628 6
3628 4734 7
3938 4490 15
4490 6345 7
3938 2300 19
2300 369 18
6638 2736 19
2736 7312 3
4978 1589 22
4883 1594 22
1594 1168 5
1168 1067 20
1067 1852 11
1067 965 12
965 1247 3
965 3074 7
965 7321 11
1247 7676 11
965 828 13
828 1818 9
828 7989 11
7989 6016 18
7546 1702 22
5871 1788 22
1788 8618 2
8618 4890 7
4890 2973 13
2973 3066 10
2973 9137 14
1088 1842 22
1842 5204 4
5204 7550 2
1842 6314 13
5204 4552 16
4552 9253 12
7550 3808 17
3808 9742 13
4552 6701 20
3808 2629 21
7916 1907 22
9345 2127 22
8770 2192 22
191 2305 22
2305 1255 2
1255 597 13
2305 9254 18
1255 1302 22
4552 2309 22
8941 2337 22
2337 3072 18
3072 2455 17
2455 3234 14
3234 2383 4
3234 5167 18
5167 3445 8
3445 5183 7
1103 2377 22
4999 2396 22
2396 1409 22
2394 2454 22
2454 5608 10
2454 6087 15
6087 9557 12
5515 2506 22
2506 9828 2
7115 2520 22
2520 7192 10
2520 9000 14
1527 2592 22
3003 2625 22
2625 1483 13
1483 636 1
2625 3212 16
3212 4457 16
636 6042 17
6042 9795 3
2625 8722 19
5318 2627 22
2463 2751 22
1561 2958 22
2958 1297 4
7821 3012 22
3012 5219 13
5219 1311 19
8163 3130 22
3130 4085 5
4085 3005 1
3005 3281 17
5054 3140 22
3140 7812 21
8212 3163 22
3163 268 2
3163 9710 13
7263 3253 22
3253 7032 4
3253 7080 16
623 3272 22
3272 3218 17
3218 4214 12
3272 5040 21
5040 8291 5
4158 3286 22
7159 3347 22
3347 1833 5
1833 9200 4
9200 3545 3
1833 4496 10
3347 8369 13
3060 3348 22
6921 3366 22
3026 3429 22
9274 3735 22
9903 3743 22
3743 8063 17
8063 9692 13
9692 5213 8
5213 7967 14
9692 1377 19
1377 8260 10
2892 3761 22
3761 8867 15
728 3770 22
46 3894 22
3894 7065 2
5349 3946 22
7329 4154 22
4326 4203 22
4203 6880 10
4203 8879 12
4203 6132 14
4203 8229 17
8229 9664 9
9664 3048 17
9617 4221 22
4221 2765 2
4221 7287 2
4221 7382 3
7382 5239 10
2765 3236 20
3236 8365 5
3236 3581 12
3581 8911 19
5314 4452 22
4452 1655 10
1655 2418 10
1868 4501 22
4501 3848 12
7732 4573 22
4573 5813 4
5813 171 12
171 7137 4
6180 4574 22
4574 1044 8
2326 4663 22
556 4725 22
3110 4742 22
4665 4744 22
4744 7379 7
5521 4831 22
8527 4835 22
4835 4688 4
4688 6772 3
4688 4615 5
4615 3185 2
3185 9300 9
4835 9613 11
4835 3803 17
3167 4837 22
4837 4475 18
2327 4874 22
1199 4878 22
4878 8073 13
8073 3393 10
3393 2778 16
2778 9299 19
2778 3137 21
3972 4989 22
5256 5043 22
5043 950 1
8492 5087 22
5087 4777 5
5087 5634 5
5087 9191 9
5634 7124 21
753 5133 22
5133 9956 3
9956 8418 19
8418 4826 4
4826 4446 4
4446 8308 6
8308 5014 2
4826 7674 9
8418 8532 12
1589 5240 22
6939 5270 22
2935 5313 22
3110 5383 22
5383 6618 4
6618 6004 3
6004 4530 5
4530 7615 6
4530 5615 8
5615 2157 2
5383 8232 10
7615 7951 18
178 5390 22
5390 7757 6
7757 1486 4
5390 6430 9
6430 48 12
48 6061 11
6061 1779 4
3238 5509 22
5509 2735 21
2735 1994 6
2735 2334 7
2334 2931 13
9975 5538 22
5538 2231 12
205 5654 22
5654 7529 2
7529 2354 6
7529 1514 7
1514 1120 5
7529 9084 11
2354 4940 12
9084 3974 16
3974 3473 8
3473 7690 4
7690 2509 4
3473 443 6
443 8006 3
3473 4432 10
4432 4095 7
2509 5959 10
3974 5406 14
7690 9470 14
5406 7270 15
7270 5842 13
5654 8292 16
8292 5863 2
5863 3977 4
5863 4237 15
4237 6161 6
443 353 20
4095 2854 20
2854 6875 6
6875 1849 9
1849 3145 17
3145 1525 2
3145 2464 10
2854 3714 20
3714 3810 5
3810 4400 8
4400 430 5
3810 8692 9
3550 5749 22
5749 4476 5
7308 5773 22
5773 1451 15
289 5915 22
5915 6574 11
6998 5937 22
5937 7341 9
7341 8794 3
7341 6549 8
7341 6857 10
7341 1352 13
5937 7685 13
7685 5495 12
6549 3598 15
7685 8798 15
8798 5015 2
5015 3590 12
3590 7878 9
5495 169 20
7389 6006 22
6006 5282 6
5282 8808 4
6006 6097 8
6006 9728 12
8808 1060 15
1060 496 1
1060 512 5
512 9105 6
1060 1646 13
1646 9743 7
496 6895 14
512 706 15
496 6546 19
8904 6030 22
6030 348 9
348 1080 7
1080 6619 10
348 8749 19
8749 1619 9
348 1753 21
1753 7935 15
1177 6142 22
910 6298 22
456 6308 22
6308 8899 2
8899 6484 7
6484 5690 16
6484 6252 20
5690 8841 20
2147 6313 22
6313 2230 9
6313 4327 20
4327 5906 14
5906 2589 9
2589 739 2
2589 6312 2
739 2098 4
2589 9582 8
9582 8130 3
8130 4439 1
4439 3315 1
6312 7125 12
2098 3759 13
3759 3395 9
3395 8646 11
2098 9269 13
3315 8833 14
7125 367 15
367 6473 7
367 27 8
6473 1448 9
1448 7799 5
6473 8893 13
8893 104 13
1448 9837 13
9837 7596 9
7596 2036 1
2036 1197 2
7596 9757 5
9757 5220 4
1197 3919 13
5906 4766 17
4766 2370 11
4766 9356 13
104 6040 18
6040 5023 12
5023 8980 9
367 4153 19
4327 4927 19
7799 1573 21
8130 2388 21
2388 4036 2
2388 5291 16
2589 9236 21
9236 8731 6
7125 941 22
8731 2329 22
7799 4099 22
2903 6380 22
8623 6449 22
1771 6561 22
6561 2251 13
2251 4567 14
2251 8989 16
4567 1430 21
1430 8333 12
8333 9626 3
9626 8952 18
2045 6650 22
2671 6741 22
5703 6748 22
6748 877 7
6748 4811 18
8049 6764 22
3538 7127 22
7127 5911 5
5911 5977 3
5977 83 6
83 619 3
619 2819 17
7127 6184 22
6184 2277 1
2277 4993 21
4993 3135 11
3135 7346 16
7346 7681 11
9927 7170 22
6300 7248 22
6873 7408 22
7408 621 11
621 4868 10
4868 8710 10
8710 4382 2
8710 1903 8
1903 6543 1
6543 4078 6
6543 5129 10
4078 1772 14
4868 4620 14
4382 7843 15
4620 2279 16
2279 6930 7
4382 4540 16
5129 8279 18
4540 53 19
7843 3307 19
3307 5364 18
5364 1883 2
5364 9921 6
8583 7472 22
4031 7479 22
7479 4330 16
4330 777 2
7479 9046 19
9046 6691 3
6691 2004 9
2004 3701 6
2004 9546 17
9546 2412 13
777 7742 20
777 9214 21
9636 7486 22
46 7524 22
7524 6624 6
4028 7541 22
4437 7923 22
7923 7144 9
7923 4428 13
4428 2659 3
4428 2806 7
2659 2016 12
2016 154 17
4428 7610 19
3137 7956 22
9748 8029 22
860 8041 22
3049 8128 22
8128 7800 19
7800 7245 5
7800 7093 12
7093 563 11
7245 5120 13
5120 3361 7
5120 1942 18
7245 7544 18
7630 8288 22
7026 8327 22
7097 8340 22
8340 4073 4
8340 1895 13
227 8361 22
2849 8433 22
9748 8443 22
8712 8445 22
8445 5032 4
5032 6218 5
6218 2521 8
6218 9489 20
4788 8504 22
8504 973 12
8504 6714 17
6714 5447 9
6714 6221 13
3942 8545 22
6806 8552 22
2463 8788 22
8788 9227 14
781 8908 22
7410 8936 22
8936 9730 2
9730 273 13
273 2297 16
9730 8478 16
8478 5404 15
5404 5019 10
5019 8225 6
5019 7651 8
5404 1872 13
5019 6586 18
6586 3075 15
3075 296 9
3075 448 12
8478 8630 21
8630 6821 14
1149 8972 22
8972 3371 6
5016 9219 22
1128 9251 22
9251 272 8
272 7197 5
9251 3621 11
7197 2969 15
1756 9264 22
9264 6393 13
6858 9474 22
9474 6357 20
257 9496 22
6393 9520 22
9520 338 16
9520 6760 20
338 6822 20
6369 9746 22
9746 7614 21
7614 8588 22
2439 9865 22
1476 9916 22
3423 9952 22
948 41 23
41 7568 9
7568 4157 13
4157 1332 4
1332 492 4
492 2387 6
4157 733 8
492 5546 9
3176 297 23
297 4302 9
297 499 11
499 9385 7
297 1346 14
1346 5064 7
297 437 19
3071 404 23
404 1412 16
179 501 23
9129 540 23
4531 541 23
3695 567 23
567 7944 13
7944 7448 12
589 644 23
644 4453 20
4552 680 23
5425 744 23
744 6878 20
7846 981 23
8653 1036 23
1036 8657 22
914 1116 23
1116 1627 8
1627 5017 11
5017 9862 10
9862 9513 1
9862 9734 13
9734 9314 9
5017 329 14
9734 7531 17
7531 6279 11
6279 7217 7
7217 4402 9
4402 21 14
21 9526 11
5017 6171 19
6171 5825 18
5825 6155 15
7217 9920 19
9920 6611 20
4402 298 21
298 604 5
604 6063 2
604 6774 12
298 6438 20
6438 2913 15
6155 8358 22
2719 1124 23
1124 4395 2
1124 7391 5
4395 6101 19
6101 4147 13
4147 4756 8
4756 8845 12
8845 1869 13
4147 2274 19
4756 7452 19
2513 1211 23
1211 493 12
493 4296 5
4296 2630 5
2630 917 1
917 1745 5
1211 2804 12
917 7536 13
2804 8762 14
8298 1278 23
188 1462 23
1462 2839 19
9530 1478 23
1060 1548 23
931 1602 23
1602 2030 5
2933 1748 23
8685 1813 23
3107 1819 23
9285 1846 23
1326 1898 23
1898 5230 5
1898 9476 17
9476 3830 15
3830 5582 11
5582 2740 10
5582 7810 17
3830 4118 21
4118 2347 11
4118 7352 20
5068 1932 23
1932 5333 8
1932 7228 9
1932 2924 15
821 1941 23
1941 2258 12
2258 4591 16
4591 6956 16
6956 2244 18
2481 2019 23
8093 2069 23
1034 2141 23
6351 2162 23
2162 7105 14
3080 2272 23
7197 2336 23
5368 2349 23
2349 6603 13
1610 2360 23
2360 6516 9
371 2431 23
2431 5067 11
5067 2391 7
222 2468 23
2468 3777 2
2468 2073 5
2468 9479 15
9479 9773 6
2468 8748 21
1763 2611 23
2611 2062 12
1854 2859 23
2859 1892 9
1892 5498 3
2859 1280 21
1280 4682 13
4682 5109 8
5880 2907 23
809 2942 23
9181 3008 23
3008 8170 16
6496 3109 23
3109 6817 7
6817 1469 22
1469 4200 19
4200 1513 13
1513 7740 18
1469 2298 23
280 3117 23
3117 1108 4
3117 8416 4
3117 7658 5
1108 9792 7
3117 1844 19
1844 3945 6
3945 8118 10
3945 2178 18
8416 2242 21
2191 3136 23
1882 3267 23
802 3284 23
3284 1709 21
4892 3400 23
3400 1191 19
972 3439 23
3419 3507 23
3397 3542 23
3542 6866 1
6866 8385 13
8385 3024 13
8720 3597 23
9734 3633 23
5856 3635 23
3635 1435 22
2272 3722 23
5763 3757 23
1462 3863 23
6363 3936 23
3936 1682 17
1682 1919 2
3936 8864 22
6675 3991 23
293 4043 23
4043 582 3
582 2772 8
2772 9134 16
9134 7469 5
7469 2484 2
2484 2314 7
9134 2462 9
2314 6957 12
2462 6129 13
6129 9374 4
2772 489 19
7469 1387 23
1387 4701 7
1387 2296 14
2296 2769 9
2769 9150 19
2708 4194 23
4194 3697 12
3697 4042 10
641 4227 23
4227 4435 20
7983 4278 23
4278 2580 23
2580 779 19
779 820 19
820 830 12
830 7608 11
830 5490 20
2861 4309 23
4309 3798 17
3798 2656 15
3798 6330 15
6330 4895 8
3798 378 19
378 190 1
378 1741 4
190 4266 10
378 1726 11
8287 4381 23
4381 2368 1
2368 8885 7
4381 8370 16
8370 5604 7
8370 1051 14
1051 5762 11
5762 1298 13
1298 9235 3
1298 1110 8
1298 9538 15
9538 2066 10
9538 6329 16
5762 1079 22
1079 5569 1
5569 5924 17
5924 9040 11
9040 1870 4
8370 3526 23
3201 4386 23
4386 3353 10
4386 2365 18
1514 4399 23
9216 4412 23
4412 7782 3
7782 8295 10
4412 4885 11
4412 6608 22
7210 4438 23
5651 4550 23
4550 9209 2
4402 4588 23
884 4633 23
1411 4714 23
4714 7695 1
1350 4773 23
4773 3817 3
4773 4177 22
5481 4845 23
4448 4910 23
4910 5899 22
972 5018 23
1337 5053 23
704 5083 23
2320 5293 23
5293 5954 2
5293 2522 13
1073 5322 23
4559 5326 23
1802 5502 23
5502 8301 21
2947 5528 23
5528 1542 21
1542 7896 12
7896 2287 5
1542 845 19
134 5574 23
5574 8704 7
5574 5300 17
6576 5598 23
7928 5622 23
5528 5701 23
1291 5743 23
5743 7970 11
5743 25 16
5743 7845 17
5774 5819 23
5819 7193 1
7193 2831 4
5819 3265 23
2506 5873 23
5873 3186 19
4140 5921 23
4614 5992 23
5992 7466 22
7466 7717 6
7717 4520 3
7717 187 9
187 250 1
7466 3840 12
3840 5612 5
7717 7221 12
5612 9548 21
97 6110 23
6110 8036 3
805 6111 23
1194 6386 23
6386 7827 13
7827 7293 5
7293 6559 9
7827 8846 17
8846 6246 18
6246 2220 7
2220 4900 4
2220 3114 13
3114 2252 1
2061 6466 23
6466 7857 3
5506 6491 23
6491 2802 8
2802 8822 14
5766 6504 23
6504 4889 14
329 6560 23
784 6565 23
6565 872 3
872 6495 3
6495 9343 5
9343 5754 12
3556 6630 23
4202 6654 23
6032 6733 23
6733 1675 6
1113 6783 23
6783 5303 6
5303 1112 5
1112 6820 9
1112 2281 12
5303 5557 13
1112 4491 21
2521 6787 23
6787 5683 5
6787 6580 11
6580 4044 20
5808 6851 23
6851 4508 3
3022 6966 23
6966 1240 2
6966 2901 11
2901 6883 1
6883 7305 4
3392 6975 23
2769 6996 23
6996 7920 15
6996 8938 15
6996 2990 22
1922 7006 23
4159 7061 23
5550 7072 23
3998 7261 23
3523 7276 23
2361 7299 23
7299 4931 11
4931 3446 14
3446 9327 15
7299 9035 22
9035 6548 6
6548 6837 1
6548 8613 7
8340 7395 23
5521 7407 23
7407 694 19
694 1189 5
694 4916 8
1189 9977 12
694 1861 21
1861 6178 15
6178 8752 6
8752 6453 7
6453 9711 19
1861 4191 20
4191 5048 7
5048 6507 18
6507 7819 7
6507 8599 22
8478 7418 23
659 7481 23
5876 7621 23
1944 7731 23
7731 9277 16
9277 9381 13
9381 2755 6
2755 2330 10
2330 384 6
384 6409 1
384 7227 10
7227 8509 16
5941 7744 23
7744 2136 8
2136 4569 7
7744 8979 13
4569 7285 16
4569 7037 18
1682 7820 23
7820 1072 17
7115 8218 23
8218 9925 7
9925 7727 14
7727 3758 21
7875 8282 23
2576 8347 23
9264 8415 23
8415 9848 5
8300 8419 23
8419 602 13
2466 8420 23
3661 8422 23
2777 8513 23
1097 8560 23
1702 8571 23
4126 8666 23
5650 8849 23
8841 8905 23
8905 6964 1
6832 8928 23
8928 1976 2
1976 8699 20
8928 6190 21
6927 8968 23
2190 9005 23
9005 5862 12
5862 791 10
8893 9101 23
3709 9176 23
2438 9178 23
1941 9354 23
9354 2526 10
2526 3367 1
6437 9407 23
7111 9461 23
9461 8400 5
777 9463 23
9463 8791 1
200 9468 23
6581 9638 23
8559 9707 23
5748 9732 23
9732 7022 6
9615 9741 23
9741 3228 5
8465 9807 23
1084 9907 23
15 23 24
23 1218 8
23 2155 23
2155 4539 10
81 91 24
7150 129 24
129 4594 2
129 4790 7
129 2528 15
3 133 24
133 3245 9
133 4150 20
3245 9346 22
9346 1810 10
1810 6486 9
1810 3310 10
1810 7012 11
9346 9794 17
1810 3444 20
7012 6620 23
9526 308 24
308 9419 12
9419 8139 4
308 9423 18
8139 6169 20
22 336 24
666 389 24
389 1408 5
1408 1536 1
1408 5216 4
389 198 10
784 801 24
801 7724 15
4620 855 24
1554 1027 24
1027 4325 3
4325 3503 19
3503 421 16
421 1609 16
1609 3944 17
3944 6953 14
6953 3131 14
6953 5415 22
5415 9944 2
5415 4240 10
8337 1074 24
1074 6923 22
6923 1182 21
1182 4232 7
4232 6914 3
6304 1109 24
395 1111 24
6695 1169 24
1169 2101 20
2035 1208 24
1208 850 20
850 1457 11
1457 4612 10
4612 8427 23
6055 1216 24
1216 9095 5
2517 1245 24
867 1285 24
9010 1306 24
545 1309 24
116 1360 24
1360 1566 8
1360 1385 14
1385 8665 23
1240 1414 24
1414 6411 18
715 1434 24
1434 857 18
3884 1794 24
1794 107 2
107 70 14
1794 4012 14
4355 1832 24
3104 1916 24
9481 1936 24
2964 2034 24
2034 5379 10
5379 5057 1
5057 6383 16
5057 6663 20
9253 2099 24
2099 9487 6
8926 2150 24
2150 220 13
220 1224 18
1224 6116 15
2150 8816 18
1224 5401 22
1101 2173 24
2173 1782 14
3656 2401 24
7760 2432 24
9905 2452 24
2452 3455 23
3455 8031 4
3455 2845 16
2845 3957 19
3957 2852 3
9496 2545 24
2545 3077 19
3077 6448 14
3077 279 18
279 1069 4
5626 2604 24
2604 2236 20
1671 2761 24
741 2882 24
2882 8191 3
2882 3666 4
3666 334 10
334 8030 8
3666 4774 13
8191 2934 22
2934 2208 12
2208 7345 1
2208 4290 2
4290 9781 8
3077 2911 24
7726 3174 24
3174 2712 15
2712 8956 3
2712 7088 17
2712 7841 23
7841 7697 12
4346 3187 24
2406 3194 24
2084 3232 24
3232 9733 12
3232 2689 22
2689 342 9
342 7505 3
342 7123 18
7123 9099 17
3987 3283 24
3283 4443 1
1372 3303 24
3303 8903 18
8903 9475 4
9475 7811 1
7811 3912 4
7811 2060 12
9475 2730 23
2730 1151 13
1151 6942 12
6942 6526 9
1151 2535 18
2730 3771 18
371 3390 24
3390 3092 16
3137 3413 24
6101 3415 24
7707 3533 24
945 3649 24
3649 5704 17
1239 3776 24
3776 7780 1
7780 6098 23
6098 3739 8
6098 6483 15
6098 2471 18
859 3800 24
1457 4039 24
8007 4111 24
6806 4199 24
4199 6187 10
9682 4233 24
4233 6517 10
6517 1958 14
1958 1012 14
1012 8674 21
8674 2937 22
1469 4285 24
255 4331 24
2613 4332 24
6378 4492 24
9374 4512 24
4512 1724 13
1724 9413 5
4512 2846 23
9207 4601 24
4601 5777 9
4601 7829 12
7829 3751 5
7829 2311 12
4601 2645 14
1074 4627 24
4627 3373 4
2617 4745 24
4745 8278 6
916 4751 24
1350 4761 24
4821 4854 24
4854 2915 2
2915 3535 23
3535 1071 13
3535 7475 14
7475 795 17
795 1568 5
3535 6833 19
6833 3731 3
6833 5752 11
3535 9497 20
3535 4407 21
4407 9239 13
1568 7303 21
7303 1496 19
1496 9222 17
795 569 23
569 837 15
837 5411 18
3535 7817 23
5915 5037 24
5037 9064 5
6076 5088 24
7368 5106 24
5106 3522 16
3522 8474 8
8474 4109 14
4439 5140 24
1906 5194 24
5194 1484 1
5194 3782 24
3782 4662 3
87 5340 24
5340 3539 5
3193 5730 24
9741 5751 24
6448 5812 24
5812 7767 18
7767 1785 13
7767 7498 13
7498 9362 15
9362 6023 10
7498 953 21
8930 5850 24
5850 3606 16
3606 1616 13
1616 1713 14
1713 8152 13
8152 4393 3
9505 5953 24
2910 5961 24
5961 6122 8
5961 7547 12
5961 6713 19
9709 5989 24
5989 6791 17
6791 9908 14
9908 3002 3
9908 3320 3
535 6010 24
600 6084 24
3143 6150 24
6150 6168 22
6168 1058 6
6168 6270 6
6304 6167 24
5325 6281 24
5918 6316 24
2173 6481 24
6481 843 11
6481 6545 12
6545 1638 8
6545 8967 8
8967 4048 15
4048 8323 17
4986 6685 24
2723 6702 24
6702 4891 18
2184 6734 24
1864 6742 24
6742 5119 24
6765 6753 24
7020 6810 24
2645 7114 24
7114 8635 20
6362 7155 24
3247 7169 24
7169 2018 15
2018 3478 3
3478 8778 5
2018 2608 11
8778 3335 11
2608 4113 19
4113 9517 3
2018 8146 19
8146 2042 6
8146 9291 10
3335 978 20
978 1139 20
2608 9036 20
9036 6869 4
6869 7539 7
9036 2253 10
2253 1449 5
4113 4079 21
2253 4489 21
9517 9162 21
9162 1896 4
1896 3338 6
9162 4187 6
1896 7601 9
4187 1222 17
1222 8569 8
8569 5981 17
5981 5305 5
1896 473 20
473 2022 9
2022 6209 7
6209 412 3
412 392 6
6209 8643 12
473 5074 19
412 7513 19
7513 5078 3
7513 6949 10
392 5042 21
7169 898 22
978 3856 24
6209 5928 24
5928 1581 1
5928 6796 6
5928 6533 18
5078 7233 24
3722 7240 24
512 7338 24
3285 7370 24
35 7430 24
7430 8843 23
2250 7459 24
4163 7559 24
7559 8306 19
8306 5027 9
4645 7618 24
7144 7722 24
4464 7749 24
190 7795 24
1496 7814 24
7814 4816 13
7093 7856 24
2742 7870 24
6040 7893 24
7893 3558 15
3558 3702 17
3702 2977 4
3702 1179 6
1179 609 4
609 2187 3
609 3688 3
2187 8151 3
609 2210 18
8151 2945 18
8151 4979 21
4979 2467 6
3702 407 24
407 3063 4
407 5646 13
5646 852 2
5646 5826 5
5646 7702 24
6963 7946 24
2219 8083 24
8083 6306 21
6996 8106 24
9525 8235 24
8235 1252 10
8235 1544 16
1908 8236 24
2548 8252 24
8252 2324 19
4627 8326 24
4393 8351 24
8351 1909 2
7851 8363 24
8363 9872 10
9872 5418 13
9872 5735 15
8252 8403 24
8403 4828 12
4828 593 9
593 6752 12
6752 1552 9
593 8960 15
1552 3171 16
3171 4155 3
8403 9504 20
9935 8406 24
8406 5705 24
5705 2501 1
2501 6497 4
6497 651 1
6497 8180 7
5705 4792 21
4792 2169 7
5705 4145 22
7651 8444 24
5285 8579 24
6997 8615 24
8615 7411 7
9387 8637 24
1051 8721 24
8721 8035 23
27 8742 24
8742 1723 22
7709 8804 24
6443 8939 24
3770 8978 24
9905 9056 24
641 9103 24
9103 7118 4
9103 1783 18
3632 9120 24
9120 3825 23
3825 6347 15
6347 2131 14
2131 3305 24
8239 9174 24
6409 9195 24
9195 2390 5
2390 6982 16
1545 9453 24
9453 4418 6
6684 9466 24
9466 8097 6
9466 3638 7
9567 9477 24
8685 9552 24
1311 9756 24
3334 9900 24
9900 9917 3
9917 7117 8
7117 9581 6
7117 8399 8
7117 5339 13
7117 3341 14
7117 7894 15
5339 2505 16
2505 306 20
8399 3157 20
3157 7771 13
7771 6003 7
6003 7737 3
7771 5903 10
5903 2531 9
2531 7262 1
2531 6194 7
2531 5746 8
3157 8456 15
5903 4861 17
2505 3168 20
2505 673 22
8399 1447 22
1447 3953 5
1447 5358 9
5358 8548 12
3953 608 13
1447 7031 15
5358 4198 16
1447 7761 16
608 5476 22
5476 2803 4
5476 3198 4
3198 8373 9
2803 212 14
212 8873 10
5476 5680 22
5680 1482 9
5680 6525 20
6525 8270 7
673 6854 22
1 54 25
54 9390 18
9390 7640 6
4599 101 25
101 6726 22
6726 4142 11
4142 8562 7
4142 8743 15
981 183 25
183 2449 14
2449 7461 13
1320 201 25
201 1980 8
1980 9565 13
9565 7036 11
7036 5033 12
6 263 25
9137 320 25
320 303 11
884 433 25
433 9357 17
166 460 25
460 95 11
2923 478 25
1243 526 25
526 2485 15
2485 6124 4
2485 1014 20
179 533 25
6351 538 25
538 1268 4
4436 558 25
549 585 25
585 7612 12
7921 610 25
5040 711 25
711 3017 1
711 405 11
2670 730 25
730 2027 10
2027 9712 17
2027 7110 22
9074 731 25
6161 737 25
614 772 25
772 3405 24
641 780 25
5119 787 25
787 5559 2
5559 7134 2
7134 9689 18
9689 8344 8
5559 429 23
9689 9651 23
1438 813 25
813 9330 8
813 1253 14
2004 863 25
863 1995 12
1995 4592 12
1995 8227 15
8227 5659 14
863 3865 16
9469 904 25
904 7984 21
973 966 25
966 2096 9
5605 1129 25
22 1162 25
382 1183 25
9162 1227 25
1227 7987 8
1227 1659 9
282 1343 25
1212 1450 25
3455 1524 25
7252 1582 25
1582 2152 19
2152 9650 3
2152 3887 13
8954 1597 25
3867 1647 25
1647 2724 2
1647 7133 9
2670 1672 25
1088 1695 25
1695 9341 17
1222 1704 25
1704 3647 1
139 1718 25
1718 4102 6
4102 4366 19
2977 1725 25
9289 1742 25
1742 9146 4
1742 4950 11
4950 388 6
9146 5152 12
5152 7039 8
5152 3142 9
5152 3773 10
1742 1154 13
9146 6267 15
6267 9280 6
9280 9179 16
9179 2017 18
2017 2473 14
9280 6751 19
6751 7804 12
5152 4183 20
3142 1576 22
388 1539 23
2473 1567 23
1567 3929 1
1567 7699 2
3929 8546 5
7699 6384 8
1567 3585 15
495 1787 25
1787 1205 5
1787 4925 14
1787 6591 15
6591 4189 3
6591 5909 20
4189 8760 21
8760 9094 20
9094 3188 11
9094 3116 24
3116 1223 16
1223 1246 12
1246 3255 5
1223 278 24
558 1874 25
1874 8431 5
8431 6922 16
1069 1926 25
1926 9577 1
9577 5261 21
6760 2011 25
2011 6223 5
2011 8971 12
6223 9904 15
5240 2092 25
2092 373 16
373 9002 18
2092 8203 24
8203 5986 17
5986 5342 1
5342 9252 13
9252 4934 2
5986 1383 15
1383 3985 1
1383 5997 6
5997 2379 13
2379 2202 15
2202 1541 2
1541 8126 15
8126 6899 4
2379 7054 22
1383 3821 24
5417 2301 25
9564 2355 25
6803 2541 25
1748 2614 25
374 2635 25
7727 2661 25
3277 2678 25
2678 4704 22
4704 3939 5
3939 5108 15
4704 4829 16
5108 5234 21
5108 2866 22
4704 3349 22
5175 2749 25
2749 2306 14
2749 7584 21
7584 6788 2
7584 9969 7
9969 5664 24
5664 2653 21
2653 463 17
6246 2760 25
2760 6973 24
6973 7828 20
5045 2799 25
2799 4551 6
2799 9663 22
9663 4542 6
2799 96 23
96 9231 1
1035 2813 25
5812 2827 25
7670 2909 25
2909 982 10
8050 2921 25
2403 2930 25
3612 2936 25
2473 2978 25
2978 4753 18
2978 2259 21
2259 5618 19
2412 3007 25
1675 3036 25
7841 3042 25
3042 3200 8
5987 3062 25
9807 3098 25
2992 3121 25
3121 2085 4
2085 8584 5
2085 7590 6
7590 4561 6
3121 3278 17
4561 4466 17
8584 5235 19
857 3208 25
1905 3223 25
3223 4990 2
5965 3233 25
8422 3289 25
3839 3322 25
3803 3368 25
3368 3789 23
3789 4316 8
4316 5943 3
4316 6196 20
9093 3461 25
3461 6083 21
4074 3465 25
591 3509 25
3509 8498 7
7253 3517 25
4131 3546 25
4519 3555 25
3555 6253 6
6253 9955 15
3555 2515 16
8530 3583 25
3583 4914 17
4914 7366 3
4914 8472 11
8472 6228 1
7366 3512 12
6228 8921 15
7594 3586 25
3586 9718 4
9423 3599 25
3137 3669 25
3669 7929 9
3830 3750 25
2528 3907 25
3907 57 19
57 7660 9
7660 4791 9
7660 8010 16
8010 1596 11
1596 6418 6
1596 5486 11
57 7238 22
7238 3128 23
3907 2224 25
2224 8023 9
8023 8925 2
8023 8955 4
8925 1851 8
8023 9433 14
2224 5672 23
5672 4516 15
5672 3591 22
1851 1623 24
2836 4008 25
4302 4011 25
4011 7444 8
8532 4020 25
638 4066 25
7115 4071 25
4071 2809 1
4071 2733 8
4326 4125 25
4125 8102 16
4125 2380 25
2380 1325 25
1845 4148 25
1544 4192 25
4192 3989 18
6960 4210 25
4210 1373 18
7987 4234 25
4234 2583 10
2583 3312 7
3312 9045 9
9045 6303 8
9045 1487 18
1487 7605 2
1487 237 12
237 3682 4
7605 3288 24
3288 6085 11
3288 3871 19
3871 6812 16
6812 5630 2
6812 5508 4
5508 3472 2
5508 6683 24
1487 106 25
106 7 14
3288 3097 25
6303 3420 25
5726 4283 25
4283 5297 17
81 4321 25
9569 4421 25
4421 4902 2
4421 6177 9
6177 5724 24
2115 4422 25
4422 8639 5
8639 3065 18
3065 3736 17
3736 9492 14
4422 3572 23
4627 4423 25
4423 5372 6
8365 4433 25
2448 4477 25
4477 6904 6
4477 6212 11
1820 4548 25
9301 4564 25
4564 8986 7
8986 7202 19
7202 8354 7
9375 4641 25
4641 5376 17
329 4899 25
817 4903 25
9013 4907 25
4907 2079 19
2992 5024 25
5024 8027 11
5024 3650 22
9492 5095 25
5095 2744 12
2744 6755 9
6755 5602 14
53 5222 25
5222 137 23
137 6175 22
6175 4525 20
5880 5395 25
5395 6407 2
5216 5398 25
5398 6584 4
2272 5409 25
5409 9942 8
5355 5424 25
5424 9562 20
9562 9443 7
8271 5494 25
7671 5520 25
5520 6241 10
6241 4664 24
6241 7770 24
7770 6344 8
8641 5708 25
9343 5713 25
3730 5769 25
9220 5854 25
9538 5861 25
5861 5821 13
5821 2885 11
2885 4372 12
4372 2197 7
2197 6475 14
4372 5396 21
2197 8075 21
8075 3707 9
3707 4204 18
8075 1232 20
1232 1967 23
1967 3725 7
1967 4481 18
4481 8738 13
8738 2404 10
8738 4536 12
4481 7440 16
7440 8695 10
8695 4813 13
4813 9878 6
9878 3402 9
3402 7011 2
8695 5393 13
5393 5217 4
5217 8601 19
1418 6080 25
4635 6127 25
7230 6179 25
6179 9549 14
5080 6288 25
6288 1446 10
6025 6322 25
6322 1171 8
9207 6492 25
6492 8341 8
8341 3973 17
1495 6590 25
6590 2193 5
6590 3190 21
6946 6814 25
6814 544 6
2535 6912 25
119 7102 25
3581 7185 25
5728 7336 25
2760 7462 25
5523 7542 25
391 7557 25
7557 3250 4
7557 5105 9
5105 6060 13
7557 3227 15
6060 9380 15
6060 5990 24
1223 7595 25
7595 5632 1
2767 7600 25
658 7617 25
481 7661 25
6513 7836 25
3599 7872 25
7872 1198 6
1198 1856 1
7503 7939 25
4322 7962 25
7962 2886 12
2886 1816 10
1816 7249 13
2151 7974 25
5826 7975 25
3214 8046 25
8046 3479 15
9866 8119 25
4234 8143 25
8143 2344 11
2344 6867 1
6867 1532 11
6867 9412 17
2344 3155 21
1145 8175 25
3217 8324 25
8324 6379 12
6379 7494 19
7799 8325 25
8773 8575 25
8575 9849 7
1041 8740 25
8339 8830 25
3555 8878 25
8878 7704 23
3229 8918 25
8918 358 13
358 5539 3
358 2356 10
358 9096 17
2273 8932 25
3686 9098 25
5349 9125 25
6618 9135 25
4239 9245 25
9245 7677 6
7677 5892 16
9245 7781 21
7781 2756 15
2756 9065 11
9065 1622 9
1622 1150 6
9065 2949 10
2949 3778 9
7781 9995 17
9995 994 2
2756 4623 18
7781 598 24
598 2791 18
2791 7234 22
7234 4392 1
7234 1775 22
7493 9338 25
9338 6640 16
9174 9360 25
9360 2086 20
8396 9422 25
9422 1792 14
1792 1312 17
5658 9460 25
2711 9561 25
9561 5692 11
5692 2472 6
2472 8964 20
8964 3146 13
3146 4851 9
3146 5555 17
9561 9190 20
9190 2908 13
8964 9328 21
9328 6938 13
9561 9187 25
9187 3426 10
3426 7416 8
6599 9625 25
4734 9652 25
9652 789 12
2763 9797 25
4413 9821 25
6550 9890 25
1121 9914 25
1831 94 26
94 4484 12
4484 6273 12
4484 4554 21
4554 2612 22
2612 3915 5
2612 7735 6
7735 4683 3
2612 952 7
30 160 26
160 9884 17
6112 172 26
7985 207 26
4423 239 26
239 1047 4
1047 6593 16
6593 3099 1
1047 4653 22
3099 960 24
3099 7680 24
234 323 26
323 6211 3
6211 6903 1
6211 7320 15
7320 8750 10
3228 361 26
4701 419 26
3532 422 26
1647 557 26
557 507 6
557 4735 21
4735 9336 7
9336 3958 11
9336 4818 23
4818 6368 17
7704 576 26
5841 639 26
5130 839 26
839 8134 15
8352 924 26
924 7753 2
924 1237 19
1677 999 26
3692 1349 26
9537 1374 26
1374 709 3
5052 1490 26
1490 2805 16
2857 1517 26
1517 3797 5
5889 1625 26
1625 3226 24
3226 2166 10
3226 4740 16
4740 8957 13
8957 4904 13
4904 6799 8
8957 963 25
963 2692 16
2692 8127 1
4904 1104 25
963 5758 25
5758 7145 3
7145 2552 20
1555 1732 26
8480 1885 26
4104 1904 26
1904 9309 12
9309 4583 18
4583 1115 24
1115 2999 8
1115 9386 17
9386 2710 19
2710 5465 4
1115 6941 23
6941 2307 18
6941 803 24
803 2519 9
803 7449 17
7449 640 10
1904 5542 24
5542 2304 25
2304 7798 16
1904 529 26
4912 1910 26
1910 6639 21
5826 2047 26
6739 2068 26
420 2091 26
2170 2174 26
2174 2095 8
2095 5445 17
7341 2211 26
2211 7337 2
7337 5471 4
2211 6651 5
2211 3206 8
2211 7516 8
7337 9957 25
9957 9397 16
9397 7247 6
7175 2249 26
2249 2507 22
2507 7484 4
2507 127 23
127 6667 15
6055 2276 26
2276 6643 10
6643 6669 20
6669 313 8
944 2285 26
2285 2308 13
2308 6704 9
2308 5595 14
2285 9868 19
4084 2332 26
8225 2444 26
737 2476 26
6478 2478 26
557 2516 26
2933 2648 26
5009 2797 26
2797 3083 8
3083 3287 9
3083 3463 15
2797 4738 16
3287 4532 17
4532 85 7
85 146 4
85 3672 9
85 2453 17
2453 6539 3
2453 8108 15
8108 4867 13
8108 5244 13
2797 4909 21
4012 2855 26
2855 270 2
967 2893 26
3480 2894 26
6195 2986 26
2986 4988 3
1530 3009 26
2954 3199 26
3199 8479 3
3199 708 19
7476 3254 26
3254 5491 2
5491 3035 16
5491 6243 21
5491 7791 21
3819 3333 26
3333 5514 11
5514 8494 13
3333 3418 16
3418 7489 21
1603 3417 26
777 3524 26
3524 5671 16
5671 9999 15
9999 1489 14
4351 3570 26
3126 3596 26
1418 3605 26
9322 3644 26
5032 3763 26
3521 3820 26
3755 3879 26
2664 3920 26
9725 3933 26
6218 3959 26
5502 4003 26
850 4019 26
4019 2496 13
8682 4075 26
4075 595 7
4075 1472 14
1472 1546 18
4075 5561 21
5561 1140 18
1546 8310 23
4075 5828 24
7472 4076 26
4076 2446 20
2446 1468 23
2612 4096 26
4096 5478 15
5478 7406 1
7406 2213 1
2213 8231 3
4096 7073 19
7073 2425 16
2481 4101 26
4101 8705 11
4101 8800 22
8800 3387 2
3387 6348 16
3387 7295 19
6348 6436 22
6436 6628 3
6436 9619 17
4184 4108 26
1708 4114 26
4114 7996 4
4114 1214 7
1214 987 4
4375 4146 26
4813 4149 26
7236 4197 26
4197 7487 14
6311 4287 26
2698 4430 26
4193 4467 26
1657 4546 26
4546 322 2
4546 291 4
322 5617 24
5617 6287 6
6287 2053 2
2053 3000 8
2053 9701 8
6287 4763 10
2053 7180 13
2053 5847 15
5847 9493 16
9493 5637 7
7180 3553 21
3000 9662 24
9662 8934 14
3283 4630 26
4630 5745 1
4630 9624 7
4630 9735 20
4810 4678 26
4678 6416 21
6416 8574 14
478 4708 26
4708 5667 24
7138 4747 26
8252 4787 26
8658 5022 26
3267 5050 26
5050 3115 26
3115 2834 7
2834 1465 6
1465 3833 16
7397 5127 26
706 5199 26
5199 5115 5
239 5250 26
5250 3806 25
4093 5315 26
5015 5362 26
5362 6457 7
5362 3854 18
3854 7682 18
7682 7166 15
6457 9918 19
5204 5449 26
5449 7000 10
5449 1017 11
1017 2663 9
1017 4843 11
4843 824 15
824 6406 6
824 678 17
1017 62 23
62 3602 26
6865 5487 26
5487 4196 8
7681 5570 26
134 5592 26
5609 5628 26
5628 6532 15
7045 5643 26
3335 5663 26
5582 5714 26
3208 5729 26
7149 5790 26
2030 5803 26
5803 4670 21
938 5829 26
5829 2722 22
2722 8387 12
8326 5932 26
9178 5998 26
229 6013 26
6013 3148 25
9310 6081 26
6060 6096 26
6096 7720 2
3156 6335 26
7386 6465 26
6465 5100 16
317 6601 26
6601 7963 9
5746 6644 26
4088 6660 26
3670 6762 26
6762 4065 5
6762 7941 13
7941 8619 4
6762 9990 20
6762 5076 23
6926 6794 26
7245 6852 26
3623 6864 26
2206 6890 26
104 7172 26
7770 7256 26
6496 7278 26
7511 7333 26
4971 7335 26
9903 7398 26
7398 6317 8
6317 1180 22
1180 1654 7
1180 7078 19
7078 4040 1
7078 7931 10
6030 7443 26
5159 7464 26
6263 7510 26
7510 8019 17
1813 7644 26
9093 7796 26
8460 7803 26
7803 3969 3
6686 7825 26
7753 7850 26
1449 7940 26
241 7980 26
5708 8018 26
8018 699 7
699 2917 3
2917 5387 11
6526 8161 26
9489 8206 26
3472 8216 26
8216 4174 8
8125 8319 26
9133 8389 26
8389 9502 10
9502 9924 11
9924 1077 3
1077 7725 3
7725 876 21
876 7453 2
7453 6985 3
544 8412 26
8412 5785 12
5785 9321 25
9321 3273 13
9321 8453 15
3273 1217 17
3273 5884 20
5884 8512 2
5884 4348 13
4348 5173 22
4266 8452 26
914 8547 26
7607 8567 26
7648 9021 26
788 9078 26
9078 4030 3
9078 7404 21
5604 9128 26
9128 1630 5
1630 1886 3
9128 8687 13
9128 5021 15
1630 6276 15
8687 1889 16
6276 1286 22
6276 7867 23
1630 5920 24
5920 8626 2
8626 8680 2
8626 7106 20
7106 4578 23
4578 2780 19
2418 9431 26
2439 9503 26
2909 9574 26
4040 9687 26
5109 9750 26
7379 9752 26
7097 9774 26
270 9804 26
9804 7588 19
6109 47 27
47 7797 3
47 9778 11
9778 6226 2
7313 98 27
7541 195 27
195 1563 25
5668 266 27
1304 304 27
573 355 27
538 362 27
362 152 1
362 5693 25
6591 363 27
363 566 26
8469 506 27
4807 518 27
518 110 2
110 44 4
518 8859 6
8859 4716 11
110 1769 13
1769 3796 16
110 4451 22
2653 664 27
5014 754 27
754 6480 10
982 800 27
7127 814 27
5985 854 27
9143 895 27
895 9100 16
5340 943 27
943 7750 4
1109 1089 27
1089 3352 8
1089 2405 9
2405 7978 2
7978 1429 19
1429 1954 13
7978 8375 20
8375 9083 3
1429 1092 27
1092 763 7
3341 1196 27
1196 3885 3
3885 9584 3
9584 8446 14
3885 4524 21
4524 8343 5
4524 7746 16
4524 2001 25
2001 6461 25
1538 1220 27
1220 3769 26
3769 6077 21
6077 5983 14
5983 167 26
167 4396 21
4396 9141 23
9141 2869 3
2869 3483 4
3483 4780 21
2134 1364 27
7126 1404 27
1404 8819 4
1404 8105 17
5876 1431 27
2330 1500 27
4353 1571 27
8347 1579 27
1579 676 18
6118 1613 27
8682 1639 27
1639 9484 19
9484 9042 1
9484 5512 20
5512 3159 24
3159 5742 5
5742 9826 6
9826 6631 3
6631 4486 20
4486 7532 15
7532 2417 17
2417 3891 16
7532 39 25
39 5635 20
39 75 22
75 650 21
2417 4619 25
3159 6198 26
8343 1684 27
1684 4018 20
1335 1712 27
2309 1786 27
1786 9649 1
7743 1982 27
1982 3407 9
4344 2040 27
2040 4238 8
2040 695 15
6266 2199 27
2199 9911 15
9911 5753 17
8952 2352 27
8994 2591 27
2591 1971 24
6105 2618 27
6166 2665 27
3432 2750 27
152 2752 27
6725 3031 27
5830 3106 27
529 3242 27
3910 3376 27
3376 4270 10
3419 3416 27
2402 3460 27
6287 3519 27
7271 3659 27
3659 7665 7
7665 5587 1
5587 2787 1
9372 3671 27
9257 3723 27
3723 4188 7
3723 3737 22
3737 9654 9
334 3729 27
690 3738 27
7566 3866 27
3866 6657 21
250 4205 27
4205 3045 16
1216 4336 27
2702 4369 27
4369 8132 3
1764 4398 27
4398 2737 21
2737 624 11
2737 5733 17
624 2458 24
2458 3052 3
3148 4456 27
4456 4976 8
188 4504 27
3243 4563 27
621 4677 27
4677 3191 7
4677 6404 22
6404 2957 16
2957 985 11
985 726 18
985 1163 23
4290 4691 27
9818 4842 27
4842 5485 2
4842 2106 3
4842 9471 12
5 4846 27
5649 4984 27
4984 6859 14
8932 5060 27
6650 5124 27
2818 5141 27
3078 5277 27
5428 5359 27
5359 2716 8
5359 8549 15
3695 5384 27
3237 5535 27
1149 5648 27
2977 5679 27
5679 6992 21
6992 6898 17
1309 5716 27
1596 5739 27
4803 5759 27
8468 5760 27
5581 5816 27
3351 5872 27
5872 9205 15
2067 6278 27
6278 1138 24
6560 6422 27
8612 6428 27
6428 7715 14
3052 6470 27
6470 2838 3
2838 2686 25
2686 8471 24
8471 7806 1
7806 6862 14
1077 6485 27
3066 6855 27
88 6897 27
6897 4119 21
4119 2227 18
2227 4013 15
4013 8645 4
4013 9833 21
330 6933 27
6933 3815 19
2079 7002 27
5624 7053 27
7053 7932 3
2390 7113 27
7068 7283 27
7283 4728 9
4728 3547 1
3547 170 13
170 9429 4
170 2652 10
3547 4575 14
7283 9915 24
9915 5371 22
2652 4771 25
4771 607 9
607 2961 4
2961 3181 19
3181 4863 13
4863 9266 3
607 2654 20
4771 9221 22
9221 1463 22
1463 8176 21
8176 974 10
8176 3365 14
974 4273 20
3365 2400 26
2400 4880 22
170 3091 27
2678 7307 27
7307 2775 2
2775 490 8
490 2880 5
2880 4335 3
4335 5647 18
2722 7323 27
7323 4129 27
4129 6078 18
6078 1737 8
1737 618 2
6078 2871 15
2871 6018 17
2871 1254 21
1254 2317 9
2317 455 23
8758 7635 27
7635 851 22
1983 7646 27
3789 7673 27
7673 4709 5
7673 9836 19
9836 8401 17
8401 9949 10
8401 5457 13
5457 7010 21
1526 7716 27
7716 9408 18
9408 84 11
9408 7242 17
84 402 18
402 7643 6
7643 6414 7
84 748 19
84 2209 21
2209 7058 7
7058 6333 20
6333 7774 12
7774 3831 21
6414 8589 21
748 8183 24
3831 8362 26
402 9702 26
8663 7909 27
2281 7994 27
7994 4555 7
4555 6637 3
8222 8084 27
8084 8842 10
8301 8099 27
3839 8155 27
8155 3184 1
8155 4926 4
8680 8233 27
8233 1710 10
1710 1415 1
1415 1705 5
1710 1621 11
8233 3093 11
1415 2706 15
2706 3896 3
2706 1516 16
1710 3903 17
609 8248 27
7410 8263 27
5634 8380 27
7867 8493 27
8417 8503 27
9173 8535 27
1351 8684 27
624 8801 27
6215 8803 27
1383 8806 27
8806 4222 3
4222 2555 20
2555 6993 9
2555 2433 14
2555 9070 20
9070 5211 11
5211 5676 23
5676 4882 2
2433 8391 27
8391 2895 16
2433 8539 27
8539 7997 19
8539 9116 21
3479 8836 27
8836 2090 6
2090 6827 15
9320 8868 27
5605 8919 27
8919 8755 17
8755 6694 22
6694 7195 6
6694 3220 14
2888 8947 27
9892 9017 27
425 9059 27
9059 4293 2
4293 8870 2
4293 1878 7
1878 3061 4
1878 6910 14
1878 7905 17
7905 5148 12
3061 6872 18
6872 5798 13
5798 2651 22
5148 9863 22
9863 7121 17
8870 2655 27
1597 9114 27
8606 9155 27
6109 9170 27
9170 5653 27
5653 2785 5
2785 6454 18
1735 9286 27
9286 6069 23
6069 4166 18
9286 6567 24
546 9347 27
640 9379 27
3191 9396 27
8011 9534 27
9534 6777 18
6777 19 16
19 1118 13
19 121 15
121 5511 13
5511 3462 13
3462 4741 15
4741 301 8
1118 1275 26
19 311 27
311 9785 14
311 7692 16
311 6205 22
7692 5554 26
1541 9630 27
7238 9631 27
1317 9676 27
8602 9745 27
4184 9771 27
5928 9856 27
9856 7211 12
7211 8488 5
8488 6909 5
5112 9967 27
9967 3732 7
3001 123 28
3479 143 28
143 3230 18
1350 332 28
951 349 28
7934 350 28
8845 372 28
3643 497 28
497 3775 4
435 587 28
8637 633 28
7869 729 28
729 3492 10
3492 7914 7
729 354 23
229 735 28
735 808 1
808 2779 19
808 2537 21
7981 747 28
4357 782 28
1607 835 28
5338 840 28
840 1114 1
1114 9335 8
9335 9576 23
9576 1593 1
1593 6830 16
1593 1125 21
9358 930 28
930 69 16
69 3274 15
69 140 20
140 1135 7
1135 1284 2
1135 182 7
930 2628 20
1135 9304 22
9304 7442 4
1284 2080 27
1284 9721 27
5891 933 28
2618 949 28
1786 1048 28
1048 9551 7
9551 1507 4
1507 2351 1
1048 5576 8
5576 6523 8
9551 4324 18
4324 9923 19
771 1050 28
1050 2994 20
2835 1190 28
189 1192 28
1192 3927 18
3582 1242 28
4406 1292 28
1292 7995 9
1292 6690 16
6690 689 13
689 2962 17
7995 2088 19
2088 4300 11
2962 6919 23
6919 825 24
825 6552 11
6552 383 12
383 245 6
383 1443 22
1443 7235 21
7235 810 3
30 1459 28
2488 1518 28
1518 2705 12
8028 1521 28
4274 1722 28
3972 1841 28
4918 1893 28
4330 1953 28
1953 5125 2
5125 7165 18
8777 1961 28
1961 8088 18
4818 1963 28
1963 1560 2
1963 7570 14
1963 4277 16
4277 4590 17
1560 5454 22
5454 168 17
5454 7691 21
7691 9512 20
9512 4684 5
1560 7232 25
2523 1981 28
972 1986 28
1986 9760 8
6025 1989 28
1989 900 13
900 3968 4
2361 2032 28
2032 7500 3
7500 2081 2
637 2044 28
3778 2056 28
2056 7422 16
7422 601 5
601 2771 8
601 1267 15
1267 1338 4
2056 4246 25
4246 3951 11
3951 8404 4
4246 5069 13
5069 8000 2
4246 8060 13
3951 9747 19
9747 1390 2
1390 3990 8
3990 631 16
1390 3740 25
1668 2102 28
1932 2278 28
2127 2286 28
9056 2292 28
9956 2303 28
8603 2359 28
3151 2389 28
9554 2480 28
2480 3494 22
8974 2482 28
2482 9642 4
9642 7883 3
2482 4286 8
7218 2639 28
2639 9970 16
9970 7260 11
2639 1877 18
1877 2280 11
1877 4425 11
2280 4710 11
1937 2646 28
349 2658 28
2658 8334 25
2775 2667 28
2383 2673 28
2673 9715 16
9715 4254 3
9715 762 22
762 2929 3
762 6268 6
762 4958 8
762 4151 16
762 4024 22
9715 3350 25
3350 9587 5
9587 7272 25
8606 2794 28
2794 6468 11
8150 2847 28
8528 2997 28
2997 7533 14
1424 3018 28
3018 1502 15
9610 3101 28
3101 6294 9
4867 3102 28
1015 3144 28
5732 3175 28
3175 8945 3
4312 3192 28
9831 3336 28
7407 3440 28
3440 6610 7
3440 1272 8
1272 4964 17
1272 5402 18
1272 4696 25
994 3441 28
8959 3680 28
3680 9737 11
2482 3715 28
3715 8305 3
2278 3718 28
6895 3787 28
1576 3795 28
8216 3824 28
5412 3904 28
3828 4006 28
4006 8897 23
8897 1978 9
5588 4186 28
2426 4244 28
7115 4305 28
4305 4823 23
8421 4306 28
4306 3149 9
3149 5117 19
5117 6350 14
2995 4337 28
8806 4349 28
4349 8003 1
8003 7628 11
7628 9276 4
4349 1186 14
1186 2322 3
8480 4364 28
4364 3290 16
4312 4472 28
2986 4597 28
6964 4617 28
4617 3020 25
2726 4657 28
4646 4784 28
5339 4789 28
3071 4806 28
4806 155 15
155 8439 19
4806 5980 21
8439 6232 22
5810 4812 28
6623 4814 28
1735 4856 28
7106 4966 28
8749 5025 28
4481 5041 28
7943 5153 28
5153 9790 1
1469 5166 28
5166 3807 8
3807 1738 9
5166 6823 23
4879 5408 28
5408 7880 6
7880 5931 27
5931 5744 17
68 5513 28
6890 5530 28
5863 5661 28
5661 9667 27
88 5800 28
6613 5844 28
2537 5878 28
6127 5908 28
5239 5948 28
5948 451 7
451 2918 16
2918 2093 15
451 1053 25
1053 454 9
454 2407 14
2407 5855 14
1053 8820 18
2918 7284 26
5948 5772 27
2407 7109 27
7029 6051 28
6152 6135 28
6135 697 11
697 1321 6
1485 6249 28
7928 6262 28
6262 3804 20
2018 6458 28
3402 6536 28
6536 8090 1
6536 8654 8
6997 6562 28
3729 6614 28
2721 6627 28
490 6687 28
6687 3082 3
126 6693 28
7404 6776 28
9753 6944 28
6944 4733 5
4733 6321 1
8794 6970 28
6970 5518 23
5518 3436 10
216 6974 28
2614 6986 28
6986 4908 15
4908 9751 9
4908 7637 21
7637 2826 24
3331 7007 28
6546 7096 28
5635 7140 28
5250 7191 28
7191 3706 17
7191 1310 23
389 7208 28
9379 7250 28
7250 6021 3
8153 7269 28
7269 7913 12
7269 6193 26
6193 2268 13
2268 3123 4
36 7574 28
9470 7626 28
1911 7634 28
7634 1800 3
1800 259 7
1800 24 17
554 7698 28
1870 7758 28
7758 5809 7
7758 4513 17
7676 7999 28
7999 7509 14
6841 8043 28
1414 8129 28
8129 5673 9
6560 8162 28
8612 8186 28
8186 7560 24
1558 8243 28
9675 8371 28
3436 8372 28
8372 5507 12
5507 7632 15
7632 6477 21
6477 5453 5
9767 8429 28
7075 8450 28
1868 8476 28
112 8497 28
8497 8294 16
8497 6277 21
6277 9523 7
3348 8542 28
8756 8556 28
219 8561 28
8561 4707 9
4707 532 15
712 8673 28
8673 5971 1
5971 5225 14
8673 409 17
1338 8871 28
8871 434 12
5495 8943 28
2883 8948 28
2322 9107 28
1910 9161 28
1251 9208 28
9186 9263 28
504 9302 28
9302 3433 19
3433 6488 5
3433 7859 7
6968 9303 28
317 9391 28
609 9411 28
8812 9543 28
9543 8192 28
8192 6671 12
6671 3271 19
3271 2674 16
2674 9197 12
9134 9759 28
6909 9796 28
9356 9864 28
9864 8521 22
37 161 29
161 2028 11
1616 238 29
6563 326 29
326 3011 7
326 4974 7
4974 9273 3
5231 414 29
96 449 29
3253 548 29
1124 574 29
2876 727 29
1000 880 29
880 1488 2
880 1950 3
1950 578 22
538 1046 29
738 1181 29
1181 4507 1
1181 1996 17
1996 844 25
1603 1262 29
5262 1265 29
1265 2000 9
7144 1445 29
1445 7831 9
8325 1461 29
1664 1687 29
6303 1736 29
1736 9723 3
432 1828 29
1828 3511 7
3511 9541 14
9541 3622 1
1828 2290 15
3622 3918 24
5241 2024 29
2024 5437 9
5437 5834 8
5834 3537 6
2024 2926 16
5437 7237 18
7237 6020 9
5105 2123 29
2123 7160 3
7160 3994 17
3789 2126 29
2126 3370 2
2126 2294 7
3370 3861 10
3861 928 1
3370 4358 10
1378 2137 29
2137 2680 26
2680 4666 13
6002 2156 29
2156 8064 25
7574 2293 29
1166 2310 29
2010 2345 29
1192 2366 29
2366 2321 20
1248 2408 29
3991 2510 29
2510 4566 15
4566 5938 27
5938 6231 28
1683 2586 29
2586 498 25
2956 2890 29
2471 3076 29
3076 6750 8
3076 3756 16
8673 3085 29
3085 3306 22
3306 2783 27
3625 3241 29
3241 1634 22
1634 2269 2
7660 3314 29
7266 3374 29
5167 3386 29
4282 3391 29
3317 3474 29
4687 3525 29
3525 5540 7
5540 6126 8
257 3571 29
9412 3577 29
3577 5367 11
5367 8207 12
5367 8765 23
3577 1927 24
1927 8733 10
8765 4605 28
4605 8886 16
8886 6165 9
8886 9720 15
237 3587 29
6428 3609 29
5636 3664 29
5921 3708 29
2625 3834 29
6472 3870 29
3870 1362 6
8763 3914 29
8816 3999 29
7298 4005 29
5029 4161 29
5665 4255 29
4255 6709 4
6709 8531 11
8531 3677 20
8531 6936 23
3677 4455 28
4455 3916 28
89 4310 29
4452 4354 29
4354 1106 7
1106 8330 12
8330 2950 25
2950 6269 13
2950 7311 18
6269 1917 21
2950 2215 25
2215 5035 18
2215 1855 25
1855 4100 14
3243 4363 29
1294 4391 29
4391 5345 8
5345 5158 22
5158 9106 28
9106 5012 11
9106 976 15
5012 287 16
976 8805 20
5012 1002 21
8938 4462 29
3858 4465 29
1410 4487 29
6942 4681 29
9085 4748 29
4748 3962 1
3962 7432 10
7432 9965 10
5152 4797 29
4797 9288 7
9288 9482 20
1656 4871 29
4871 8304 27
4073 4873 29
4873 2675 14
2675 9810 1
9810 6104 13
2675 3516 29
3516 8386 11
3640 4911 29
4911 3172 29
3172 7620 24
6400 5002 29
1275 5056 29
5495 5114 29
5114 4067 8
5183 5128 29
8381 5145 29
2901 5298 29
5298 6528 27
2018 5329 29
5329 1920 10
1920 5500 27
4661 5452 29
5452 2694 1
2694 9762 6
5452 9835 13
7771 5950 29
5615 6033 29
111 6041 29
8338 6154 29
8937 6160 29
7092 6289 29
8880 6521 29
5148 6527 29
7677 6653 29
415 6672 29
4642 6697 29
6697 7848 10
7848 8047 24
6697 8241 28
8241 5214 1
5198 6718 29
9008 6757 29
5808 6786 29
4456 6850 29
6850 7549 11
6850 5146 29
2093 6874 29
3808 6945 29
6945 4571 17
4571 4674 2
9176 7402 29
7402 6366 9
4580 7409 29
7409 9049 24
9049 5299 8
4098 7528 29
9138 7587 29
7587 6235 11
7587 8906 24
1988 7734 29
6327 7842 29
2151 7888 29
7888 3501 1
5643 8058 29
3669 8136 29
5231 8168 29
8031 8259 29
2065 8703 29
1458 8811 29
8811 4762 12
1177 8832 29
5489 8863 29
2233 8912 29
2333 9090 29
9090 7314 27
7261 9130 29
6792 9203 29
9203 2114 4
2114 8540 9
8540 3786 15
3786 8194 15
3786 1693 19
3786 4957 24
4957 9367 8
9367 8205 13
8205 4697 14
4697 6163 3
8205 957 23
957 6090 3
1693 1165 28
8959 9511 29
2110 9609 29
9609 5806 25
4051 9698 29
9698 8364 24
1065 9979 29
1321 63 30
63 4058 7
4058 1900 16
1900 6600 25
6600 9522 14
9522 4201 16
9522 6758 20
1362 242 30
242 875 10
875 2116 9
2116 5757 2
5757 6325 7
620 315 30
315 324 4
315 611 14
324 7384 29
1172 339 30
339 5440 2
290 436 30
436 3528 27
3528 775 21
775 7794 1
7794 7273 17
7794 9683 17
3031 445 30
6215 469 30
469 7327 29
7327 4004 13
3233 494 30
494 9604 16
494 5839 21
5839 8025 14
9604 9148 23
1339 514 30
898 550 30
180 701 30
4432 724 30
724 4669 28
4138 734 30
734 3566 13
182 766 30
766 9882 12
9882 9777 17
9777 6582 16
6582 5951 8
5951 4570 13
766 3868 19
3868 6929 18
6582 4855 24
766 5221 28
1110 990 30
990 7286 10
990 125 22
125 7942 6
125 749 17
749 6940 7
6940 9643 18
9479 998 30
824 1122 30
1122 8844 6
8844 2899 14
2899 5902 2
2899 9950 22
913 1161 30
1765 1570 30
1597 1585 30
3909 1815 30
1815 2039 2
3635 2049 30
2049 468 25
1699 2132 30
2132 954 2
7270 2179 30
2179 2335 12
2335 5003 13
2179 1662 25
1662 5192 6
5192 3849 24
7490 2207 30
2207 1803 4
3695 2371 30
2371 2697 12
9008 2410 30
2410 9069 7
3470 2568 30
8566 2588 30
3622 2616 30
3671 2669 30
2669 2946 12
2946 9427 5
2669 2385 16
8655 2703 30
2948 2739 30
2739 5435 26
3416 2762 30
5835 2971 30
2971 7792 15
7792 2221 19
2221 3111 27
3111 6044 29
127 2982 30
4324 3015 30
3015 6157 24
6337 3084 30
3469 3207 30
6707 3215 30
3215 9361 18
341 3425 30
1130 3536 30
4736 3560 30
3560 1780 20
1780 9290 9
8199 3655 30
3655 7419 17
7419 8558 16
3655 5317 21
2936 3712 30
6853 3767 30
2823 3843 30
2343 4016 30
278 4050 30
4050 7662 4
8658 4209 30
4209 3658 29
8553 4253 30
237 4271 30
2333 4320 30
4320 6206 22
6206 6911 2
6911 3742 6
643 4434 30
4434 6405 23
6405 8866 1
8471 4503 30
4326 4608 30
8933 4668 30
1693 4702 30
9865 4705 30
4705 7832 5
4705 3225 11
7832 8091 18
3225 3988 19
8091 1825 20
2462 4721 30
9856 4723 30
3028 4754 30
1821 4853 30
1095 4930 30
4930 8716 25
2282 4948 30
3855 5036 30
3558 5055 30
9769 5113 30
5113 8962 7
5113 5156 28
5113 2003 29
8971 5310 30
5310 6441 24
3337 5319 30
2986 5373 30
112 5392 30
2890 5738 30
3063 5802 30
1370 5936 30
3551 6015 30
6015 2499 4
2499 9168 5
6015 888 24
9017 6073 30
9201 6181 30
6181 5522 25
7503 6201 30
6201 8342 13
4098 6284 30
6284 4135 21
4135 4672 4
6116 6328 30
1541 6395 30
6395 2816 19
4895 6556 30
2133 6831 30
3550 7264 30
3812 7693 30
3884 7855 30
2804 8066 30
8066 645 3
8066 7683 12
645 4401 15
4401 958 13
958 472 25
958 1843 26
257 8228 30
7736 8242 30
8242 1658 21
8248 8267 30
2735 8398 30
4866 8774 30
1038 8950 30
8950 8202 2
8202 7019 17
9848 8995 30
160 9033 30
546 9171 30
5340 9395 30
9395 5675 5
6803 9459 30
3146 9639 30
3998 9661 30
9661 2006 15
3870 9705 30
704 9713 30
5234 9744 30
8757 9853 30
6060 360 31
360 7694 14
7694 7207 8
7596 393 31
4395 408 31
408 2687 13
1291 634 31
634 8576 22
8576 7004 6
124 648 31
1910 684 31
1426 687 31
8576 722 31
728 751 31
751 4077 2
751 3827 14
3735 975 31
2334 1083 31
1083 8595 19
1083 1880 24
715 1249 31
5956 1354 31
5265 1371 31
293 1441 31
1441 8432 12
1124 1474 31
1474 2532 4
1474 4809 13
1853 1650 31
6711 1797 31
6507 1817 31
7529 1930 31
1930 7558 24
5885 2046 31
5786 2064 31
6042 2212 31
1598 2235 31
6407 2533 31
2533 7348 7
2990 2547 31
2547 2491 10
2491 6064 14
2324 2566 31
9137 2619 31
2619 668 20
2619 6471 25
6997 3064 31
4004 3180 31
7569 3375 31
4818 3493 31
3493 6151 6
2358 3520 31
1774 3541 31
755 3589 31
502 3607 31
5210 3668 31
5621 3948 31
1603 4082 31
7695 4225 31
3182 4365 31
3076 4427 31
4427 8299 7
8299 9768 24
1509 4558 31
4558 5179 16
4558 7902 23
4558 4987 24
4987 9580 11
4987 4651 16
4651 9839 18
9914 4582 31
2970 4604 31
414 4621 31
6137 4679 31
5917 4781 31
916 4785 31
4751 5007 31
4331 5020 31
5304 5059 31
4903 5101 31
5101 6674 24
3181 5107 31
5107 1020 31
2204 5309 31
2182 5330 31
5330 1991 10
1991 3380 19
817 5380 31
1638 5464 31
7845 5470 31
2249 5586 31
5586 9104 1
5586 6227 13
8306 5674 31
7347 5681 31
252 5702 31
5702 9668 28
5759 5896 31
3505 6024 31
414 6028 31
7768 6045 31
3709 6183 31
2652 6203 31
7642 6353 31
2007 6371 31
6536 6381 31
6381 5049 28
5049 4499 11
748 6452 31
3020 6459 31
6459 9428 16
9428 8759 15
9428 4211 23
4211 5925 30
5925 848 9
5925 5135 13
848 5343 26
5343 8024 28
8024 2196 8
4289 6538 31
6538 5391 4
5391 3308 5
5391 73 8
6032 6564 31
85 6647 31
6647 2029 18
2926 6782 31
8691 7048 31
3700 7069 31
7069 4268 2
8088 7141 31
7141 3947 4
3947 5327 9
5122 7268 31
7268 6412 25
9372 7291 31
7291 1147 5
2483 7328 31
7909 7339 31
5899 7362 31
7464 7417 31
7365 7586 31
7586 7990 19
7088 7789 31
3335 7933 31
3411 7949 31
5423 8045 31
8045 2773 8
8045 9284 17
8631 8080 31
7155 8154 31
1784 8167 31
5016 8221 31
8221 4739 1
9069 8226 31
8226 4470 17
5097 8253 31
8253 3978 5
7475 8273 31
4966 8447 31
8447 3173 14
3173 9886 7
9886 7081 27
7081 796 23
796 2790 14
2790 2012 9
7705 8554 31
8554 8211 14
8211 2833 12
5609 8572 31
4519 8771 31
8771 7101 5
535 8875 31
6298 8892 31
8892 7667 1
8176 9119 31
9119 138 16
138 2884 19
138 1464 22
9119 2038 28
2038 1004 2
1004 4473 14
4473 7176 14
2038 9556 20
9556 8616 29
8744 9147 31
1194 9211 31
8420 9215 31
9215 8914 28
8914 8284 27
8284 2952 18
2952 9731 12
8284 8772 20
8772 9775 17
9775 5360 17
8284 3205 24
2952 174 26
174 9313 20
9313 5149 26
5149 4730 4
2952 5405 26
174 616 27
7720 9462 31
9462 5712 24
8396 9478 31
9478 9144 3
9144 7684 8
9144 1957 13
9478 6529 17
6529 9062 15
6529 9158 17
9158 9267 10
9267 2348 9
2348 7161 5
7161 8597 31
5068 9598 31
9136 9812 31
6599 9842 31
4763 9860 31
9860 3620 4
2206 9883 31
7773 9909 31
8710 9931 31
4493 103 32
1 340 32
8722 364 32
364 9233 7
6669 417 32
2936 439 32
439 4638 5
4638 7390 4
7390 4609 17
4638 5783 22
5783 6031 6
2647 484 32
484 3459 26
2488 521 32
52 767 32
1243 778 32
9343 907 32
907 7853 5
4605 968 32
4538 984 32
984 1307 1
984 1052 2
6942 1094 32
722 1148 32
5495 1157 32
1157 6062 9
1509 1433 32
1433 6482 8
1433 7046 13
361 1651 32
4780 1796 32
1796 7998 24
697 2082 32
384 2083 32
577 2194 32
2194 2798 18
7002 2271 32
2271 3717 20
3717 4961 11
5378 2328 32
2520 2565 32
2565 5723 31
4004 2581 32
8300 2807 32
400 2916 32
6707 3235 32
8327 3251 32
8091 3442 32
1112 3454 32
7084 3467 32
3467 1499 23
2240 3676 32
8360 3899 32
3899 3096 5
3899 4746 9
3899 38 26
1667 4064 32
1217 4132 32
1665 4167 32
789 4245 32
4906 4275 32
4275 5082 3
4275 8261 14
4275 764 16
764 3877 8
3877 7701 28
4053 4339 32
5673 4378 32
4378 2856 18
2445 4417 32
4417 5070 24
4625 4460 32
4460 6731 12
6731 7838 22
7545 4511 32
4511 5805 25
7565 4526 32
2259 4667 32
8517 4718 32
4718 9326 5
3762 4765 32
4357 4935 32
2151 5000 32
3860 5008 32
4678 5278 32
5278 1985 12
1985 827 22
827 2474 6
827 646 14
2474 470 25
470 9491 1
9491 3039 1
3039 9763 11
470 842 18
9491 3600 24
827 1402 27
1402 2615 7
2615 1793 1
9763 5102 28
3624 5287 32
5287 5505 25
5505 6662 18
334 5397 32
6683 5399 32
2128 5462 32
5462 1601 21
9165 5799 32
5799 7275 20
2305 5944 32
5944 4265 11
4265 3905 19
6695 6066 32
6066 100 9
100 1403 25
6066 5155 31
8854 6210 32
6210 4658 21
5707 6255 32
6936 6259 32
6259 5571 26
6259 9932 27
6395 6569 32
6569 4023 24
1092 6570 32
6992 6682 32
6682 7775 2
1653 6688 32
6688 122 3
4824 6849 32
7538 6882 32
563 6892 32
6892 7784 1
6892 2558 19
1032 6893 32
313 6908 32
686 7005 32
7005 8179 5
1703 7042 32
6298 7254 32
5138 7257 32
2378 7343 32
7343 7383 26
7383 6860 22
8427 7403 32
1793 7480 32
1836 7519 32
7519 5547 22
5547 7844 10
6671 7613 32
3456 7772 32
7772 1453 14
5067 7861 32
8750 7966 32
8035 8283 32
5318 8289 32
8289 7051 20
8510 8402 32
8402 9306 8
8402 5721 23
5721 7849 2
7849 2493 16
8402 5103 32
692 8410 32
8410 2214 7
9064 8482 32
9400 8485 32
4446 8505 32
5392 8578 32
8578 7604 7
7961 8586 32
9746 8590 32
3619 8644 32
8644 1921 10
2486 8718 32
8718 4272 32
4272 6131 17
2229 8725 32
5639 8767 32
8767 6034 22
6421 8780 32
8780 8534 29
2230 8931 32
5018 8963 32
3797 9172 32
9172 9761 17
9761 6894 7
3396 9193 32
8792 9225 32
570 9434 32
6470 9558 32
4088 9665 32
852 9953 32
3769 9978 32
1312 33 33
33 3488 11
9260 150 33
37 235 33
5249 276 33
1752 599 33
5146 688 33
45 691 33
506 756 33
830 909 33
476 964 33
1348 1454 33
3209 1506 33
1589 1534 33
1534 5301 16
5376 1931 33
7934 1933 33
1933 3497 23
9283 2041 33
6937 2072 33
2582 2160 33
2160 3139 29
3139 5552 20
1988 2167 33
7741 2217 33
2217 2904 8
2904 6537 3
2217 3010 24
3010 2427 16
2427 6544 24
2904 3857 27
3857 1934 20
1934 8515 15
3857 6216 24
4890 2234 33
2234 6213 6
8786 2538 33
2538 5323 18
601 2550 33
2550 3054 9
6447 2559 33
2559 1098 13
5688 2563 33
9073 2573 33
3612 2984 33
2984 6257 7
6257 9754 31
5128 3055 33
3055 9473 15
3055 2447 23
1393 3164 33
6844 3329 33
3329 9023 7
9023 2693 2
2693 7714 24
4832 3401 33
3401 785 5
3401 7766 7
1457 3495 33
7530 3559 33
106 3578 33
7382 3842 33
3842 7805 21
7805 8946 24
3157 3913 33
3913 4692 9
519 3964 33
3964 9894 1
2710 4128 33
1881 4139 33
8097 4269 33
4269 8768 12
3314 4314 33
1905 4469 33
4469 3627 4
1349 4557 33
4557 9370 14
3843 4579 33
4579 3845 14
8825 4629 33
6377 4703 33
4703 4115 11
2580 4804 33
826 4997 33
9191 5432 33
5432 669 21
669 4419 9
669 6285 30
2070 5510 33
3537 5600 33
3959 5601 33
4432 5689 33
564 6106 33
1032 6143 33
1674 6373 33
6373 9962 12
9962 444 15
6373 2112 24
9962 7040 24
6758 6374 33
2034 6456 33
657 6678 33
6412 6737 33
1787 6769 33
2228 6811 33
38 6816 33
7434 6934 33
853 6978 33
6978 9766 9
1692 7258 33
7258 9194 4
7258 9217 19
2659 7501 33
5618 7583 33
7583 4037 17
4037 3540 28
4037 4549 33
4549 8874 26
8476 7751 33
7751 5687 5
8932 7808 33
6942 7835 33
7835 7895 18
3587 7979 33
7979 5260 28
4016 7986 33
6737 8032 33
4124 8193 33
8193 6389 2
8193 6326 6
6389 849 18
849 7910 12
9214 8332 33
4367 8555 33
8555 912 30
1876 8568 33
1550 8622 33
8622 9353 4
2406 8696 33
8696 3634 7
8696 7901 22
2655 8729 33
8729 698 12
8476 8894 33
4071 8910 33
8403 8988 33
1165 9007 33
6927 9126 33
8476 9132 33
5601 9316 33
1800 9441 33
9441 4981 10
4981 8949 4
8949 5430 19
5430 9891 29
7690 9645 33
9645 9527 8
6603 9706 33
9706 4015 21
2507 9772 33
1377 9850 33
9850 3438 18
3438 1730 14
6023 9859 33
253 9901 33
5967 9926 33
393 236 34
236 7467 15
7467 6035 4
6035 6666 10
236 6626 18
6626 9644 15
140 307 34
3156 352 34
6533 416 34
416 8581 5
8581 8374 11
1594 653 34
5983 700 34
136 721 34
721 5503 26
721 2223 32
801 831 34
831 3768 13
831 9157 33
4542 911 34
911 1421 9
7329 969 34
969 3147 29
3147 9801 2
532 993 34
258 1008 34
1008 9629 8
1670 1257 34
1257 2562 10
1257 5348 12
3910 1314 34
9531 1399 34
678 1498 34
9693 1580 34
1524 1812 34
1812 6642 10
8698 1835 34
1835 411 17
411 3822 27
3822 9919 8
4787 1968 34
1020 2122 34
2880 2225 34
2225 6514 30
9270 2601 34
9288 2607 34
8716 2691 34
2478 2820 34
502 2824 34
4348 2897 34
9718 3112 34
5092 3129 34
549 3259 34
9264 3313 34
2751 3319 34
3319 4218 11
3319 2319 17
2319 5473 24
1748 3458 34
3684 3468 34
2807 3764 34
3764 9279 23
4909 3902 34
4022 4033 34
4033 262 19
3657 4057 34
3070 4072 34
3088 4164 34
177 4213 34
7156 4415 34
4415 5645 2
4126 4509 34
4856 4660 34
2102 4802 34
5985 4917 34
4917 6149 5
6149 5666 13
5666 7194 3
9744 5341 34
2892 5354 34
5354 1388 2
2903 5737 34
5737 4698 14
5737 8890 31
4128 5822 34
5822 4767 19
4767 7429 20
5822 6740 32
4304 5883 34
5883 132 10
132 742 7
88 5887 34
2794 5975 34
5975 7874 17
7874 5288 2
5288 2965 2
8306 5984 34
6264 6222 34
81 6293 34
2344 6342 34
6342 8953 2
3675 6557 34
6414 6633 34
6951 7018 34
2833 7212 34
722 7304 34
7053 7340 34
3315 7575 34
2706 7666 34
9161 7689 34
9904 7912 34
1173 7991 34
7991 442 25
442 956 9
442 970 26
7018 8068 34
8068 6745 22
5100 8095 34
1159 8213 34
9107 8377 34
538 8388 34
125 8449 34
8449 7555 16
4968 8850 34
9395 9024 34
6333 9031 34
6022 9092 34
1474 9180 34
8850 9339 34
9958 9350 34
3765 9392 34
7029 9418 34
9418 8609 25
3630 9516 34
8908 9532 34
8934 9570 34
3316 9719 34
384 9873 34
3870 9938 34
4499 9981 34
9981 2057 17
23 65 35
94 164 35
5323 233 35
233 7351 18
7351 8268 21
7106 475 35
228 862 35
2233 1096 35
3935 1316 35
8866 1323 35
6329 1553 35
1553 9332 24
1836 1577 35
1577 9815 29
581 1809 35
9303 2054 35
2054 6159 21
6159 8970 34
8970 9930 10
1064 2435 35
2435 4996 5
388 2644 35
2300 2660 35
7223 2672 35
2672 7377 25
2672 5161 27
3306 3004 35
8626 3248 35
3142 3295 35
3568 3324 35
498 3343 35
3343 8598 16
8503 3385 35
6883 3490 35
2718 3500 35
3500 3986 2
3500 5258 18
2789 3573 35
1333 3793 35
1309 3930 35
1216 4083 35
4083 8210 16
3232 4180 35
4180 9985 11
1229 4247 35
3167 4495 35
2849 4589 35
4455 5203 35
8692 5246 35
5933 5370 35
5430 5442 35
5527 5475 35
8881 5501 35
4828 5787 35
5838 5877 35
5877 9282 5
5877 4650 16
5877 2318 29
884 5927 35
5927 5788 4
7666 5952 35
6152 6000 35
962 6162 35
6162 3529 32
5713 6238 35
7593 6551 35
870 6681 35
1788 6848 35
7155 6913 35
4032 7023 35
7023 4388 15
7379 7168 35
7168 9960 15
6569 7322 35
3507 7446 35
943 7577 35
7621 7582 35
2760 7619 35
7619 6568 1
6686 7675 35
8949 7754 35
7754 8944 28
7878 7786 35
7236 7860 35
2000 7879 35
7879 6391 19
4393 8190 35
2714 8262 35
5451 8265 35
7634 8353 35
9107 8455 35
6806 8667 35
2291 8856 35
8856 7455 21
7989 8872 35
8872 3504 34
1227 8984 35
9541 9019 35
9019 1290 11
6598 9097 35
3093 9246 35
8552 9255 35
9255 6606 6
4940 9278 35
9278 2636 9
6774 9472 35
9472 8148 1
9472 3802 5
3802 5377 24
8148 9929 26
9929 3924 5
9929 8746 8
8746 2979 3
5377 5573 31
7905 9524 35
2244 9568 35
3699 9583 35
362 9740 35
9740 7969 24
1569 551 36
7407 887 36
840 1091 36
3004 1473 36
6899 1559 36
1559 7815 25
3318 1584 36
2073 1649 36
8 1663 36
1663 8408 7
2899 1939 36
1939 5336 7
5336 7739 9
6019 2071 36
2060 2338 36
308 2436 36
941 2460 36
1196 2527 36
2527 6354 8
6354 9446 31
9446 743 27
2527 9714 33
4311 2574 36
3367 2620 36
2620 2551 25
2551 7576 31
8890 2975 36
2975 3489 8
3489 8436 21
5581 3231 36
2064 3362 36
8083 3431 36
90 3548 36
9485 3610 36
7582 3766 36
3766 4069 6
2953 3818 36
1275 3911 36
5517 4000 36
6494 4009 36
2089 4089 36
5078 4106 36
2197 4133 36
3034 4256 36
2497 4342 36
4342 7360 4
3879 4410 36
5687 4593 36
7831 4675 36
9268 4870 36
1302 4893 36
4893 5484 18
3501 4919 36
2889 4933 36
5851 5005 36
5155 5091 36
5091 5590 14
2060 5280 36
8699 5295 36
6701 5529 36
6082 5567 36
4919 5591 36
5591 7326 26
7410 5627 36
3554 6058 36
6058 6208 6
6208 5306 9
5550 6128 36
1613 6139 36
2970 6236 36
7085 6247 36
6247 9940 18
676 6469 36
7978 6534 36
6534 260 1
260 265 15
6672 6547 36
6547 4676 33
7962 6680 36
6680 333 29
7525 6829 36
4416 6990 36
1253 7173 36
7298 7425 36
2775 7439 36
7439 9218 26
7439 4250 36
427 7512 36
4133 7527 36
2536 7801 36
5482 7911 36
7987 8100 36
963 8140 36
1053 8285 36
5776 8507 36
8327 8529 36
8529 4206 31
2243 8543 36
3349 8628 36
7089 8701 36
184 8973 36
8973 5797 12
8564 9189 36
9189 256 31
3808 9196 36
4812 9414 36
9414 1866 4
175 9573 36
9573 2943 19
5759 9758 36
9758 9449 6
9449 8169 4
364 215 37
2356 605 37
9258 719 37
3061 1021 37
1257 1042 37
8724 1126 37
7193 1236 37
4475 1480 37
1480 5099 28
220 1520 37
1362 1556 37
563 1608 37
1608 5118 22
5118 936 5
5118 2489 12
2489 6995 9
894 1776 37
1117 2005 37
1371 2015 37
8020 2176 37
313 2316 37
9307 2423 37
2423 3984 1
5632 2479 37
9577 2512 37
6696 2553 37
1358 2666 37
2509 2821 37
2821 7094 2
8711 2825 37
3139 2837 37
1798 2980 37
2485 2983 37
2662 3213 37
3213 7834 17
5013 3389 37
5475 3434 37
9886 3683 37
983 3691 37
3691 4261 16
4261 9913 32
5766 3873 37
1923 3895 37
4547 3925 37
3925 9450 32
7320 4262 37
5539 4405 37
4405 3704 5
3704 9057 1
2466 4673 37
7910 4726 37
6426 4936 37
4936 5284 1
7281 5181 37
412 5182 37
2329 5353 37
6448 5361 37
1712 5525 37
227 5625 37
5625 7251 32
7251 9674 5
881 5750 37
3310 5974 37
4452 6274 37
5046 6291 37
4226 6425 37
7532 6511 37
9495 6597 37
7115 6677 37
758 6710 37
6710 8017 1
6032 6793 37
8411 6958 37
393 7358 37
8095 7823 37
6748 7903 37
7903 1773 15
3891 8013 37
6214 8123 37
8123 8059 3
4658 8178 37
4583 8185 37
738 8286 37
8286 1739 26
8286 4241 31
3012 8349 37
7566 8350 37
1748 8600 37
127 8629 37
8629 9814 24
2819 8697 37
8697 8110 36
8110 3923 25
3392 8782 37
955 9089 37
6932 9182 37
4503 9188 37
6651 9521 37
9521 7128 26
5933 9566 37
4195 9788 37
8415 9793 37
9793 3784 25
8556 9846 37
1509 9936 37
582 281 38
5200 309 38
680 716 38
1010 906 38
9537 1093 38
5510 1107 38
4186 1300 38
495 1340 38
1340 7186 2
1340 4719 6
6487 1523 38
1524 1595 38
1595 1965 23
3670 1697 38
1697 1413 16
2217 1706 38
1706 1319 25
1319 377 19
377 8078 7
8078 5792 17
5792 9102 16
9102 1045 35
3149 2014 38
2014 6140 11
2014 8459 24
6507 2525 38
6064 2578 38
2578 9869 17
381 2590 38
500 2681 38
2681 8001 7
3008 3183 38
2397 3263 38
786 3266 38
4408 3340 38
3340 1261 19
3340 5640 32
7452 3491 38
2957 3851 38
816 4176 38
4176 8996 30
2152 4299 38
4299 8679 36
8679 2621 35
4070 4343 38
4343 8086 5
4343 5479 22
513 4377 38
5567 4463 38
2155 4528 38
1118 4643 38
1540 4901 38
1914 4959 38
739 5065 38
2220 5084 38
5084 7876 8
5084 6531 35
6531 4054 19
4054 3452 6
3452 5247 36
945 5134 38
5547 5259 38
8805 5556 38
5556 4888 5
5450 5603 38
227 5610 38
582 5697 38
8225 5700 38
719 6275 38
672 6382 38
5734 6433 38
1649 6434 38
6379 6460 38
6460 8761 33
8761 765 8
765 300 10
8440 6463 38
5765 6615 38
4808 6625 38
3968 6705 38
8513 6834 38
4809 7297 38
162 7412 38
7608 7563 38
7563 8470 2
8470 9261 33
3163 7688 38
755 7897 38
2848 7993 38
7993 9240 1
7993 6641 26
761 8002 38
8291 8042 38
8042 2395 2
7527 8131 38
8131 3604 36
3604 2492 19
2492 6237 38
7469 8484 38
3873 8754 38
4343 8876 38
8876 3665 29
9216 8902 38
8902 8789 19
8341 9041 38
5803 9271 38
2995 9403 38
1024 9621 38
2005 9852 38
9665 9974 38
3215 746 39
4712 861 39
861 4898 16
3780 1018 39
1675 1493 39
188 1750 39
1750 5279 3
5279 9265 5
8539 1790 39
1361 1938 39
9459 2107 39
895 2130 39
4345 2262 39
8761 2554 39
294 2981 39
2981 1329 11
575 3019 39
3019 4985 4
4985 9337 10
3019 2534 17
197 3094 39
3060 3485 39
5219 3594 39
1797 3982 39
3982 5311 15
5311 8089 5
8089 2415 24
2415 8318 10
2415 2939 26
2939 6050 27
1738 4301 39
8568 4380 39
3016 4840 39
1501 4943 39
514 5061 39
9410 5094 39
9495 5207 39
9657 5227 39
4371 5356 39
7692 5544 39
4519 5599 39
5599 5660 29
5660 8005 26
5308 6086 39
2696 6320 39
1895 6332 39
3977 6571 39
5393 6659 39
9914 6729 39
2212 6771 39
4402 6991 39
4695 7008 39
7008 5686 39
5686 2925 27
5622 7421 39
7292 7451 39
9584 7779 39
8704 7847 39
2556 8112 39
8112 2865 9
9162 8144 39
6312 8651 39
4133 8652 39
8652 6093 34
1826 8783 39
8857 9018 39
4468 9081 39
9411 9281 39
5173 9448 39
9901 9590 39
9700 376 40
200 613 40
342 873 40
873 9421 37
5712 992 40
293 1187 40
850 1202 40
2981 1357 40
1357 2529 4
6953 1676 40
4975 1807 40
2071 2020 40
4063 2048 40
2048 7952 6
2048 7988 17
2048 547 24
5514 2076 40
6160 2097 40
7947 2638 40
1583 2709 40
4395 3040 40
21 3161 40
8983 3165 40
2398 3169 40
3169 4298 31
1498 3258 40
2482 3294 40
3036 3372 40
3254 3408 40
8334 3451 40
9590 3862 40
7584 3864 40
1444 3889 40
3889 5169 6
7543 3963 40
7900 4117 40
4198 4370 40
4370 8594 7
8460 4373 40
9989 4482 40
4295 4801 40
4801 5914 15
9005 4938 40
5032 5081 40
7739 5163 40
8646 5177 40
5177 7171 29
9978 5455 40
8231 5563 40
4363 5575 40
5575 8223 2
5575 9542 35
9542 7882 28
283 5768 40
200 6026 40
2121 6053 40
6053 2315 28
195 6074 40
3928 6089 40
6089 4838 8
9624 6258 40
7145 6451 40
1767 6868 40
6868 1795 22
9989 6918 40
2400 7116 40
4233 7129 40
645 7214 40
3452 7267 40
3691 7456 40
4940 7537 40
9735 8034 40
8034 3453 20
704 8040 40
4427 8076 40
240 8215 40
6639 8230 40
2810 8508 40
3984 8714 40
9611 8751 40
4437 8826 40
8826 8668 23
2774 8951 40
8951 3033 17
9853 9038 40
9038 9602 31
1157 9067 40
3679 9140 40
9910 9248 40
8996 9398 40
585 9455 40
3169 9634 40
9634 1862 15
9634 1744 31
3668 9697 40
2286 9789 40
282 440 41
440 5848 6
451 561 41
561 7585 13
223 883 41
2651 889 41
7073 891 41
581 1871 41
1761 1894 41
1894 4859 16
2631 2226 41
2751 2524 41
7897 2811 41
6458 2972 41
3313 3041 41
3725 3629 41
3629 8605 33
7739 3642 41
3642 1925 6
3642 6432 15
3642 2346 37
81 3746 41
2311 4062 41
2457 4231 41
2713 4291 41
2960 4334 41
4334 7636 5
4334 2832 12
5513 4581 41
490 4584 41
2710 4795 41
4795 1344 2
1132 4982 41
191 5079 41
2508 5459 41
1291 5480 41
2825 5958 41
930 5999 41
4420 6588 41
8819 6668 41
1576 6700 41
6700 9488 12
1001 6775 41
660 7839 41
7839 986 7
986 2376 16
986 940 34
2376 3544 38
3544 3508 16
9488 8393 41
5437 8405 41
6427 8495 41
6181 8638 41
4936 8675 41
8675 7650 17
2112 8694 41
2114 8810 41
4455 8923 41
4917 9127 41
4024 9249 41
2497 9342 41
991 9444 41
9444 1082 31
5780 9656 41
9656 7189 10
6649 9874 41
2117 9906 41
322 9946 41
4951 9959 41
2563 78 42
355 418 42
418 2597 1
8701 885 42
9911 1152 42
1152 4313 1
4493 1574 42
185 1611 42
1411 1626 42
7899 1829 42
2865 2008 42
4890 2275 42
2114 2902 42
5173 3067 42
8450 3346 42
3346 586 32
912 3487 42
1794 3726 42
1561 3832 42
3832 5283 16
1493 3976 42
632 4056 42
4056 7349 41
7349 2186 3
2688 4172 42
4172 8258 14
5524 4368 42
8308 4652 42
4670 4860 42
4860 2701 11
1814 4915 42
4915 8506 2
1126 4923 42
1309 4924 42
7889 4952 42
4952 2875 7
2875 4500 19
4952 5172 23
5172 7858 8
5172 6632 26
4500 1838 38
468 5168 42
20 5324 42
4841 5463 42
6725 5541 42
5541 5389 10
1106 5614 42
9879 5791 42
6353 5962 42
8329 5970 42
9780 6056 42
2692 6233 42
6233 3050 12
6233 5804 16
838 6390 42
19 6658 42
1360 6747 42
9207 7077 42
5068 7098 42
7098 4235 15
564 7167 42
3688 7562 42
2456 7597 42
5138 7645 42
9055 8082 42
8082 8314 41
1295 8096 42
2540 8165 42
380 8367 42
329 8442 42
9950 8457 42
2536 8483 42
6829 8649 42
8649 9340 14
8649 6977 34
1223 8719 42
2695 8785 42
8785 7049 41
7049 9647 15
5253 9022 42
6963 9028 42
9028 9618 25
5169 9156 42
5178 9323 42
1547 9359 42
2095 9401 42
3056 9545 42
5 9550 42
4893 9597 42
335 9694 42
9694 4562 35
4562 3502 3
3618 9875 42
805 1040 43
1310 1086 43
464 1640 43
2064 1719 43
6918 1822 43
897 1873 43
1873 2707 15
2707 8065 13
8065 1588 8
1588 5271 17
5317 1955 43
1955 6324 38
9048 2146 43
6747 2188 43
2188 5907 9
3760 2288 43
2288 1005 3
2288 7840 11
7840 7182 36
7182 5949 37
5949 9823 8
6624 2434 43
4677 2842 43
5266 3027 43
3013 3105 43
3105 7945 26
7967 3202 43
7521 3261 43
3261 8316 33
6072 3293 43
2523 3328 43
3328 3721 32
3721 2746 38
4658 3364 43
1882 3841 43
853 3900 43
3900 7359 7
3900 5001 27
5001 5051 3
4718 4267 43
4267 4478 18
6463 4474 43
9408 4772 43
8588 5071 43
5071 8044 41
3367 5093 43
7082 5206 43
6210 5267 43
5267 9001 8
9001 2171 43
4146 5394 43
3975 5439 43
7588 5545 43
5545 2414 36
9474 5720 43
6163 5727 43
5727 7907 26
4936 5866 43
7219 6071 43
5047 6204 43
5168 6250 43
782 6648 43
5395 6754 43
3413 6785 43
6084 6813 43
3579 6920 43
47 6961 43
5224 7198 43
2842 7355 43
3454 7364 43
7364 6052 2
1865 7535 43
7760 7656 43
3182 7668 43
1703 7898 43
7237 8056 43
5912 8500 43
7064 8551 43
8453 8625 43
2901 8636 43
8636 7611 18
9970 9228 43
7194 9352 43
3310 9404 43
4371 9579 43
9579 4960 20
5012 9871 43
6215 9876 43
9876 9897 19
4828 135 44
135 8813 18
8813 5548 7
3056 918 44
918 9406 25
95 1070 44
4870 1213 44
1195 1336 44
2863 1528 44
4405 1717 44
9915 1755 44
9434 2657 44
1357 2840 44
2711 3057 44
3057 7179 2
1972 3103 44
1186 3330 44
7677 3574 44
9240 3694 44
3694 4954 34
632 4027 44
1423 4156 44
5724 4178 44
303 4258 44
3844 4724 44
2106 4836 44
4836 5357 42
4357 5208 44
5442 5350 44
1478 5532 44
879 5926 44
3261 5966 44
4200 6261 44
4520 6265 44
6603 6297 44
4416 6341 44
6585 6419 44
408 6431 44
3005 6636 44
5688 6655 44
3489 6795 44
1307 6861 44
7558 6980 44
2967 7001 44
6237 7044 44
8472 7181 44
80 7300 44
3732 7458 44
1303 7589 44
7589 6901 8
7029 8201 44
3545 8570 44
5148 8683 44
4673 8700 44
8700 5558 38
3582 8736 44
1995 8862 44
8902 9015 44
1057 9077 44
4765 9442 44
9516 9594 44
402 9595 44
3774 9632 44
9132 9783 44
7682 351 45
8737 508 45
2659 1155 45
201 1203 45
1203 7764 10
6023 1400 45
4449 1510 45
9176 1557 45
359 1952 45
144 1970 45
1970 8461 6
1970 9363 39
7536 2263 45
5145 2633 45
9800 3038 45
5033 3053 45
3053 9166 26
3053 4389 43
1255 3269 45
5978 3344 45
1763 3799 45
903 3836 45
1434 3892 45
9382 3934 45
8336 3940 45
8144 4025 45
4025 3823 24
5924 4130 45
3841 4347 45
3255 4488 45
5039 4523 45
4523 580 18
580 3595 15
3595 6947 25
2032 4750 45
6593 4886 45
1496 4955 45
7107 5433 45
3536 6067 45
205 6254 45
3232 6319 45
6319 6717 27
1317 6450 45
1194 6759 45
5279 6766 45
9235 7025 45
1153 7047 45
2910 7196 45
5838 7700 45
1211 7776 45
3929 7854 45
2266 8676 45
3848 8686 45
8686 4502 20
6122 9030 45
6693 9131 45
9131 9063 43
9063 7139 3
7139 1731 20
7139 7581 25
9063 2518 42
2880 9509 45
9509 1363 23
423 450 46
450 3378 19
1468 1133 46
1133 1681 37
2455 1405 46
1671 1600 46
7171 1860 46
2325 1964 46
1964 1356 43
1356 568 17
2192 3087 46
3740 3781 46
3781 5929 2
5929 5859 14
775 3853 46
2664 4228 46
4228 713 16
3048 4308 46
2997 4429 46
1728 4556 46
2948 4929 46
4929 7317 45
4505 4983 46
1631 5560 46
7101 5968 46
3850 5979 46
1960 6047 46
6876 6706 46
3951 6905 46
1975 7076 46
1408 7083 46
6969 7174 46
1170 7353 46
497 7672 46
6752 7752 46
9855 8004 46
4698 8012 46
7529 8101 46
3701 8117 46
8181 8219 46
8839 8237 46
9292 8269 46
647 8661 46
507 8992 46
4407 9043 46
9043 6730 36
939 9142 46
9142 864 7
4464 9349 46
3590 9519 46
9135 9696 46
9696 4007 10
4869 9820 46
7832 9887 46
9727 9937 46
150 511 47
511 7104 8
9071 822 47
822 6670 5
822 5566 26
5566 3996 8
1790 935 47
570 1743 47
3790 2139 47
6343 2181 47
5343 2218 47
9196 2392 47
2392 8435 27
2289 2511 47
1040 2699 47
1626 2891 47
9777 3081 47
3081 9402 36
9402 6302 20
6302 5845 18
5845 4685 31
6617 3997 47
1937 5150 47
3923 5275 47
6308 5427 47
6081 5443 47
59 5815 47
8766 5857 47
4418 5901 47
5175 5947 47
4163 6017 47
9975 6698 47
7025 6756 47
1009 6781 47
7391 6838 47
6838 8115 19
1236 7014 47
7207 7148 47
1727 7187 47
7675 7354 47
1790 7485 47
5626 7507 47
38 7653 47
9278 7745 47
1349 8247 47
6727 8277 47
744 8320 47
6782 8321 47
3145 8709 47
2783 8793 47
2621 8858 47
6830 8976 47
2882 9529 47
6996 9641 47
3517 9845 47
3846 9992 47
1585 40 48
354 305 48
4790 617 48
641 819 48
1785 1604 48
2217 1974 48
1727 2853 48
2853 9318 31
519 2966 48
2966 7259 22
2966 6156 29
2966 9230 33
7259 9563 47
9563 3875 18
5106 3160 48
3160 1759 39
6457 3345 48
2542 4284 48
3389 4537 48
1576 4543 48
2259 4637 48
2517 4949 48
1362 5010 48
1362 5090 48
4982 5142 48
5852 5369 48
3107 5410 48
7859 5434 48
3159 5493 48
1393 5656 48
1766 5853 48
220 6005 48
1055 6476 48
7700 6602 48
2986 6721 48
5840 6886 48
5432 7063 48
8881 7099 48
3388 7178 48
6821 7392 48
8372 7755 48
7755 8015 36
7951 8851 48
8851 3170 39
1618 8888 48
6362 8965 48
3611 9149 48
9149 2108 31
9583 9764 48
750 1033 49
647 1277 49
900 1368 49
1368 5583 39
1403 1481 49
467 1531 49
1531 9003 25
1896 1751 49
813 2494 49
571 2795 49
4589 3636 49
3636 158 45
3636 9052 48
1417 4260 49
1083 5089 49
3283 5242 49
6343 5272 49
6778 5796 49
1354 6176 49
2951 6307 49
1032 6542 49
5225 6784 49
3126 7288 49
5107 7401 49
4510 7633 49
5649 7663 49
7479 7954 49
7954 7830 1
197 8238 49
1654 8463 49
3017 8922 49
4484 8998 49
967 9014 49
8047 9655 49
1560 114 50
8565 1749 50
5908 1762 50
7920 2149 50
1936 2676 50
6477 2830 50
2830 7003 26
7953 2944 50
1496 3428 50
5597 3437 50
1082 3637 50
4144 3648 50
8993 3690 50
2509 5098 50
5098 723 21
3349 5245 50
2646 5466 50
2533 5534 50
2615 5711 50
5895 5736 50
5736 8313 14
3084 5740 50
2901 5939 50
9198 6011 50
9084 6145 50
1352 6338 50
3530 6845 50
2376 6981 50
6981 7062 9
7724 7017 50
2673 7087 50
689 7394 50
2058 7712 50
8943 7977 50
7207 8016 50
6733 8052 50
2513 8345 50
5924 8423 50
6674 8496 50
8496 6994 48
1059 8585 50
1330 9365 50
31 9729 50
4878 9844 50
3010 9987 50
7050 285 51
285 4397 3
538 662 51
662 4026 40
897 1260 51
9584 1888 51
1888 9830 42
1888 4383 44
4383 3414 33
4772 2216 51
6551 2381 51
3408 2594 51
530 2715 51
1545 3150 51
3150 6027 44
2125 3196 51
7436 3210 51
6500 3224 51
3204 3813 51
5191 4120 51
6829 4173 51
2406 4743 51
2464 4770 51
3802 5104 51
7974 5669 51
7199 5691 51
3172 5869 51
5869 865 20
865 5849 12
5869 4340 35
5849 4035 44
4547 6068 51
2981 6736 51
3939 7164 51
4485 7239 51
8174 7687 51
7687 6099 27
2642 7785 51
4488 8072 51
381 8368 51
4323 8394 51
5489 8660 51
3936 9377 51
1700 9670 51
1425 9941 51
2534 588 52
349 1322 52
1322 4521 43
6441 1592 52
4694 1915 52
1915 7763 17
7953 2113 52
1995 2200 52
8551 2938 52
7860 3339 52
3440 4055 52
9396 4086 52
6869 4116 52
5440 4849 52
4849 4461 7
9187 5281 52
8934 5381 52
5381 4827 37
3843 5935 52
7110 6054 52
7376 6376 52
5926 6541 52
7982 6629 52
921 6807 52
5444 6839 52
6839 6989 8
8229 7428 52
3603 7504 52
2352 7624 52
7628 8079 52
512 8307 52
3230 8807 52
2186 8829 52
5290 9169 52
6963 9175 52
3298 9256 52
7635 9298 52
9298 7639 29
1927 9394 52
6350 9555 52
3378 9798 52
8881 9877 52
9877 4731 6
6646 9947 52
4405 93 53
285 288 53
3644 1401 53
1401 9294 3
1401 5187 39
4251 1475 53
3395 1679 53
1794 1690 53
1769 2050 53
5213 2504 53
2504 959 30
1175 3687 53
5403 4047 53
1566 4252 53
4491 5269 53
5318 5565 53
7817 5767 53
1186 5882 53
4917 5923 53
130 5940 53
5940 7927 49
5782 6846 53
2110 7143 53
4112 7147 53
9966 7290 53
579 7405 53
3281 7495 53
9591 7580 53
7580 4264 18
3633 8407 53
5737 8715 53
1492 8916 53
1572 9029 53
5267 9118 53
7626 9334 53
8978 9369 53
4621 9456 53
9456 5174 46
5174 3300 53
4607 9578 53
7722 9622 53
3048 9685 53
2878 1511 54
1538 2498 54
6136 2593 54
3013 3089 54
3089 8071 24
2995 3443 54
4496 3847 54
4766 4896 54
7831 5075 54
752 5212 54
307 5519 54
5147 5616 54
665 5996 54
3654 6036 54
3302 6123 54
3329 6295 54
9801 6310 54
1093 6355 54
7509 6605 54
7500 6824 54
4388 7146 54
1010 7976 54
1169 8166 54
9567 8672 54
6366 8730 54
1971 9037 54
949 9202 54
9202 4945 35
9366 9247 54
1676 9671 54
4851 9787 54
2406 1380 55
8017 1998 55
1998 9121 22
1753 2051 55
2051 8275 25
6453 2430 55
2509 2732 55
1559 3956 55
4270 4450 55
13 4514 55
534 4517 55
3991 5190 55
5171 5516 55
5516 4360 21
2301 5531 55
7305 6012 55
561 6197 55
5709 6272 55
9083 6553 55
5454 6566 55
4244 7122 55
9369 8022 55
8022 1979 48
115 8171 55
2740 8522 55
8073 8853 55
128 8961 55
6499 9241 55
3266 9544 55
3729 9607 55
2831 9841 55
2519 9854 55
187 679 56
8495 1624 56
9561 3399 56
1510 5058 56
2677 5699 56
5699 8544 24
8909 5794 56
5301 5960 56
5102 6952 56
3624 7071 56
937 7309 56
5965 7571 56
6160 7686 56
6027 8244 56
6145 8726 56
9941 8915 56
8737 9695 56
7409 9770 56
5081 2138 57
704 2759 57
2784 4091 57
4341 4956 57
7404 5504 57
4963 5578 57
988 5655 57
5198 6120 57
6120 5900 54
5900 1477 22
1279 6200 57
3809 6802 57
1849 7108 57
8867 7887 57
9513 7908 57
453 8114 57
6484 8198 57
8198 9192 34
585 8550 57
164 661 58
644 1899 58
7249 2299 58
2200 2605 58
7996 2747 58
2118 3498 58
2182 3869 58
1205 4087 58
4006 4216 58
537 4815 58
8263 4887 58
4527 5611 58
2271 5629 58
455 5945 58
693 6301 58
1456 7478 58
2429 8481 58
9821 8608 58
969 9329 58
9329 8884 23
9329 7055 29
5415 9389 58
9145 9430 58
9430 2814 10
9044 9439 58
9651 9805 58
304 224 59
61 452 59
471 635 59
9215 683 59
991 1043 59
3822 1633 59
1048 2549 59
1147 4049 59
4457 4606 59
5089 4850 59
7458 4967 59
9571 5536 59
5536 5255 47
5255 4297 31
1901 5890 59
3166 6842 59
9083 7066 59
2426 7606 59
3479 7623 59
2197 7696 59
5458 8311 59
3345 8413 59
9766 9122 59
9122 1740 15
1740 7100 36
7014 9124 59
1975 9213 59
9686 9659 59
4767 9880 59
550 9983 59
9983 6554 40
257 874 60
570 1204 60
8667 1754 60
9580 1890 60
1175 2302 60
8305 3363 60
1369 3646 60
8036 3859 60
224 4338 60
8029 4440 60
16 5589 60
7108 7132 60
2079 7540 60
7135 8048 60
1954 8290 60
7347 9012 60
5157 9026 60
879 9226 60
4642 9465 60
9829 9813 60
7846 9816 60
5979 1039 61
1039 6440 14
7910 2168 61
8176 4686 61
2757 5164 61
5164 4292 17
4584 5879 61
4628 5886 61
5726 6039 61
6406 6635 61
6601 6779 61
3988 8519 61
4133 8835 61
8804 9075 61
4750 9113 61
5310 9184 61
8541 9490 61
757 1466 62
3416 1614 62
393 2649 62
1305 3615 62
942 3811 62
2167 4394 62
2122 4946 62
1931 5331 62
5331 5429 54
644 5460 62
5062 6334 62
4731 7052 62
1576 7372 62
2615 7579 62
7579 8309 25
2249 8037 62
6448 9988 62
3739 3304 63
3160 4622 63
4682 5793 63
28 5832 63
4106 5898 63
7264 6048 63
2839 6592 63
6203 7289 63
4556 7572 63
9113 7738 63
82 7960 63
7843 8395 63
1532 8466 63
6104 8489 63
6689 8690 63
712 9080 63
9538 9498 63
9498 8728 29
1213 9533 63
4528 1529 64
1529 3705 29
3705 3359 60
5800 2928 64
499 3158 64
2098 3311 64
2040 3403 64
3586 3422 64
2479 4121 64
4121 483 11
8054 4223 64
5179 4411 64
5904 4776 64
4776 9510 48
807 4793 64
9164 7816 64
4449 7924 64
6930 8997 64
3429 9234 64
7450 9819 64
7580 2142 65
6471 2475 65
1447 2829 65
1203 3086 65
1303 5110 65
5110 2643 18
5614 6609 65
9085 6724 65
2818 6935 65
486 7231 65
4703 8249 65
3703 8274 65
9786 8896 65
5677 8907 65
4011 9183 65
0 543 66
286 1233 66
1090 1353 66
460 4794 66
543 5237 66
5923 7059 66
8578 7067 66
4321 7215 66
7719 7225 66
3936 7654 66
5301 8109 66
6046 8184 66
2154 8511 66
8596 8617 66
451 8882 66
9274 9802 66
3439 2812 67
3656 3693 67
8700 4171 67
4171 1830 28
1830 3926 5
6471 4359 67
8226 6415 67
6415 6164 60
6164 5922 39
9909 7310 67
6213 7373 67
4105 7863 67
3725 9811 67
37 1289 68
1432 2731 68
3047 3584 68
377 3749 68
3181 7246 68
8209 7350 68
7350 3486 52
5564 7474 68
7480 7657 68
5732 8094 68
3590 9068 68
2633 4329 69
3204 4864 69
9666 6402 69
6402 7813 25
4229 6965 69
9237 8514 69
126 8942 69
7981 9599 69
2358 4572 70
2179 4640 70
4640 4858 52
6835 5170 70
5084 5837 70
7 6079 70
8995 7152 70
7152 7445 36
4534 7862 70
1685 9259 70
38 9483 70
3997 2367 71
8155 3696 71
3611 4431 71
2723 5034 71
1873 6446 71
1612 7190 71
2807 7552 71
6941 8197 71
8197 4768 64
4768 9691 41
283 9843 71
2659 9939 71
3565 3681 72
1636 3754 72
9514 5165 72
4167 7319 72
1882 7470 72
3528 7482 72
8093 8187 72
1506 8272 72
494 9895 72
7710 1562 73
1042 5779 73
6178 5833 73
7751 6103 73
6535 7420 73
793 9088 73
852 9109 73
6232 9635 73
575 996 74
2588 1416 74
477 3321 74
2581 4671 74
7411 4737 74
3242 5492 74
5492 6607 28
6607 9091 22
8911 7492 74
200 344 75
215 347 75
4079 3409 75
5264 5771 75
1215 6119 75
9354 6503 75
4892 8462 75
1063 9364 75
6601 2881 76
4268 5096 76
853 5831 76
220 6652 76
4231 9500 76
3404 3464 77
3428 5320 77
5049 5756 77
2379 6202 77
3382 6616 77
9394 9224 77
1629 5063 78
1811 6743 78
4756 7205 78
655 4603 79
1950 7638 79
5353 8502 79
7256 8642 79
3013 4029 80
4539 8727 80
1568 9415 80
3477 3029 81
6833 4699 81
4599 5072 81
6747 7918 81
5739 9409 81
1664 1747 82
3356 3652 82
6366 6445 82
5066 6805 82
7508 7759 82
5739 9467 82
3308 9507 82
957 6815 83
6721 7958 83
2692 5894 84
2970 8739 84
3027 9679 84
2231 9704 84
7557 9961 84
6817 2421 85
630 8809 85
506 1902 87
4606 6207 87
7680 7086 88
432 8251 88
1359 4143 89
2216 4249 89
246 6790 89
2065 7556 89
9369 3955 90
5215 4626 90
192 1366 91
881 4937 91
1523 2632 92
3344 5657 92
563 8659 94
2247 4965 95
427 8038 95
1274 8779 96
4818 6583 97
1981 2459 98
5696 6664 98
661 7778 98
3878 8067 98
7328 9840 98
3430 4522 99
4592 7468 99
2193 7203 100
Total MST weight: 200867
Execution time: 94.0834 ms
