
Algorithm: Bellman-Ford
Source: 0

Vertex Distance
0 0
1 3
2 6
3 14
4 19
5 24
6 26
7 34
8 43
9 53
10 56
11 66
12 76
13 84
14 87
15 90
16 92
17 100
18 106
19 108
20 116
21 101
22 108
23 109
24 118
25 121
26 121
27 85
28 86
29 87
30 91
31 77
32 80
33 90
34 93
35 103
36 83
37 85
38 87
39 91
40 98
41 103
42 108
43 110
44 116
45 100
46 105
47 111
48 121
49 118
50 44
51 46
52 48
53 56
54 57
55 61
56 71
57 76
58 86
59 95
60 101
61 107
62 101
63 110
64 120
65 128
66 109
67 112
68 99
69 93
70 94
71 101
72 106
73 103
74 105
75 110
76 113
77 113
78 121
79 90
80 95
81 101
82 108
83 115
84 124
85 105
86 115
87 103
88 104
89 106
90 112
91 76
92 84
93 92
94 93
95 96
96 105
97 104
98 108
99 93
100 100
101 94
102 101
103 106
104 100
105 95
106 103
107 108
108 111
109 102
110 110
111 113
112 114
113 94
114 99
115 100
116 102
117 105
118 108
119 116
120 119
121 122
122 106
123 114
124 81
125 82
126 64
127 65
128 67
129 74
130 84
131 93
132 95
133 104
134 102
135 108
136 116
137 123
138 129
139 127
140 134
141 97
142 104
143 110
144 115
145 120
146 62
147 72
148 77
149 87
150 90
151 75
152 81
153 90
154 92
155 98
156 104
157 107
158 85
159 90
160 96
161 103
162 110
163 112
164 108
165 110
166 90
167 92
168 93
169 101
170 108
171 96
172 106
173 107
174 116
175 91
176 100
177 101
178 107
179 83
180 85
181 88
182 94
183 96
184 90
185 94
186 100
187 103
188 88
189 92
190 96
191 103
192 85
193 86
194 95
195 87
196 77
197 85
198 90
199 100
200 106
201 107
202 115
203 120
204 124
205 126
206 94
207 98
208 103
209 104
210 113
211 119
212 123
213 129
214 133
215 99
216 100
217 109
218 99
219 106
220 69
221 73
222 74
223 82
224 92
225 98
226 101
227 92
228 84
229 86
230 90
231 97
232 99
233 100
234 101
235 84
236 91
237 95
238 100
239 64
240 73
241 79
242 88
243 92
244 100
245 107
246 108
247 110
248 113
249 115
250 118
251 113
252 115
253 107
254 111
255 100
256 110
257 113
258 91
259 99
260 107
261 108
262 113
263 87
264 87
265 92
266 100
267 103
268 109
269 110
270 104
271 109
272 112
273 114
274 107
275 108
276 116
277 117
278 86
279 90
280 88
281 90
282 91
283 98
284 106
285 108
286 93
287 99
288 98
289 106
290 107
291 108
292 118
293 120
294 122
295 109
296 112
297 115
298 105
299 99
300 109
301 60
302 62
303 66
304 70
305 74
306 80
307 81
308 82
309 87
310 97
311 101
312 111
313 118
314 107
315 89
316 92
317 98
318 100
319 101
320 104
321 108
322 114
323 122
324 130
325 104
326 111
327 113
328 117
329 123
330 131
331 138
332 50
333 58
334 68
335 75
336 82
337 84
338 86
339 95
340 98
341 97
342 100
343 108
344 117
345 125
346 107
347 112
348 115
349 90
350 93
351 89
352 91
353 83
354 78
355 83
356 92
357 75
358 80
359 90
360 93
361 94
362 104
363 80
364 82
365 88
366 96
367 101
368 96
369 101
370 106
371 114
372 121
373 126
374 62
375 64
376 66
377 69
378 75
379 83
380 82
381 90
382 94
383 101
384 111
385 104
386 110
387 104
388 105
389 114
390 109
391 119
392 122
393 126
394 132
395 127
396 109
397 113
398 112
399 116
400 126
401 85
402 93
403 98
404 75
405 78
406 85
407 87
408 91
409 92
410 95
411 98
412 95
413 97
414 100
415 110
416 114
417 95
418 98
419 103
420 113
421 120
422 96
423 104
424 107
425 116
426 122
427 99
428 108
429 92
430 96
431 100
432 90
433 100
434 103
435 108
436 109
437 102
438 110
439 110
440 94
441 100
442 108
443 84
444 85
445 88
446 95
447 102
448 104
449 109
450 117
451 125
452 133
453 143
454 152
455 116
456 122
457 130
458 106
459 99
460 106
461 107
462 111
463 93
464 95
465 98
466 105
467 112
468 120
469 122
470 69
471 78
472 88
473 93
474 98
475 104
476 97
477 105
478 115
479 119
480 127
481 98
482 104
483 87
484 94
485 104
486 110
487 114
488 109
489 117
490 122
491 121
492 127
493 134
494 144
495 107
496 117
497 102
498 106
499 114
500 115
501 109
502 105
503 106
504 112
505 120
506 127
507 117
508 124
509 132
510 136
511 116
512 119
513 123
514 133
515 106
516 109
517 94
518 101
519 109
520 112
521 98
522 98
523 85
524 89
525 91
526 95
527 102
528 107
529 96
530 96
531 106
532 93
533 95
534 102
535 96
536 100
537 107
538 110
539 95
540 97
541 100
542 106
543 103
544 93
545 99
546 106
547 115
548 105
549 115
550 104
551 109
552 101
553 107
554 112
555 96
556 92
557 84
558 89
559 92
560 95
561 104
562 107
563 107
564 88
565 97
566 105
567 89
568 90
569 100
570 101
571 102
572 108
573 115
574 124
575 127
576 109
577 103
578 105
579 96
580 104
581 112
582 110
583 112
584 105
585 107
586 114
587 102
588 107
589 112
590 108
591 113
592 91
593 100
594 90
595 97
596 105
597 107
598 112
599 122
600 114
601 116
602 112
603 113
604 120
605 104
606 107
607 113
608 115
609 117
610 101
611 96
612 105
613 108
614 112
615 112
616 110
617 111
618 118
619 108
620 111
621 120
622 118
623 110
624 114
625 85
626 94
627 98
628 108
629 116
630 106
631 67
632 72
633 75
634 84
635 93
636 101
637 109
638 116
639 110
640 96
641 99
642 104
643 107
644 115
645 91
646 92
647 94
648 98
649 105
650 110
651 111
652 119
653 123
654 126
655 125
656 111
657 107
658 108
659 116
660 97
661 102
662 109
663 113
664 115
665 118
666 125
667 92
668 95
669 98
670 93
671 98
672 102
673 99
674 100
675 91
676 98
677 91
678 92
679 101
680 110
681 114
682 115
683 122
684 104
685 107
686 96
687 100
688 109
689 97
690 105
691 111
692 114
693 93
694 95
695 96
696 105
697 109
698 112
699 99
700 96
701 102
702 103
703 112
704 94
705 98
706 100
707 103
708 111
709 111
710 118
711 124
712 97
713 106
714 116
715 125
716 23
717 27
718 36
719 42
720 47
721 50
722 57
723 59
724 65
725 72
726 75
727 82
728 43
729 48
730 52
731 62
732 69
733 75
734 79
735 80
736 81
737 84
738 94
739 101
740 105
741 107
742 110
743 118
744 103
745 104
746 89
747 82
748 86
749 87
750 97
751 95
752 105
753 115
754 124
755 91
756 101
757 108
758 117
759 119
760 94
761 97
762 106
763 109
764 110
765 120
766 127
767 130
768 138
769 131
770 101
771 102
772 110
773 114
774 101
775 106
776 96
777 104
778 105
779 111
780 116
781 119
782 115
783 98
784 99
785 108
786 118
787 105
788 114
789 84
790 93
791 103
792 86
793 95
794 96
795 103
796 104
797 106
798 115
799 62
800 68
801 72
802 75
803 81
804 82
805 90
806 91
807 93
808 96
809 103
810 111
811 115
812 77
813 80
814 90
815 100
816 89
817 90
818 94
819 65
820 69
821 71
822 76
823 79
824 87
825 90
826 71
827 75
828 85
829 86
830 93
831 100
832 102
833 108
834 114
835 117
836 73
837 81
838 84
839 89
840 96
841 96
842 101
843 111
844 118
845 126
846 126
847 133
848 87
849 92
850 101
851 105
852 109
853 95
854 101
855 108
856 114
857 118
858 115
859 120
860 124
861 93
862 97
863 107
864 108
865 117
866 122
867 132
868 137
869 139
870 144
871 96
872 105
873 108
874 112
875 115
876 91
877 92
878 94
879 95
880 101
881 102
882 108
883 110
884 105
885 112
886 120
887 126
888 116
889 104
890 110
891 119
892 120
893 126
894 135
895 72
896 78
897 86
898 95
899 92
900 93
901 96
902 97
903 84
904 87
905 90
906 84
907 86
908 91
909 101
910 98
911 103
912 83
913 92
914 95
915 103
916 107
917 112
918 66
919 69
920 71
921 75
922 79
923 84
924 79
925 87
926 92
927 101
928 105
929 114
930 86
931 96
932 101
933 109
934 88
935 98
936 99
937 107
938 113
939 105
940 90
941 93
942 101
943 104
944 77
945 85
946 82
947 83
948 84
949 90
950 94
951 99
952 80
953 89
954 91
955 93
956 95
957 100
958 101
959 104
960 111
961 121
962 83
963 86
964 92
965 100
966 110
967 81
968 88
969 96
970 106
971 109
972 109
973 111
974 82
975 88
976 72
977 77
978 86
979 89
980 98
981 107
982 80
983 84
984 88
985 91
986 97
987 104
988 67
989 71
990 79
991 83
992 86
993 96
994 98
995 102
996 112
997 114
998 98
999 100
1000 104
1001 106
1002 108
1003 110
1004 111
1005 118
1006 122
1007 130
1008 93
1009 95
1010 105
1011 115
1012 104
1013 87
1014 92
1015 87
1016 97
1017 99
1018 105
1019 106
1020 110
1021 110
1022 112
1023 119
1024 86
1025 94
1026 103
1027 111
1028 101
1029 106
1030 114
1031 124
1032 125
1033 135
1034 137
1035 141
1036 109
1037 119
1038 119
1039 128
1040 131
1041 139
1042 141
1043 104
1044 65
1045 70
1046 78
1047 80
1048 83
1049 86
1050 91
1051 94
1052 96
1053 99
1054 108
1055 112
1056 118
1057 119
1058 122
1059 95
1060 105
1061 114
1062 119
1063 106
1064 115
1065 101
1066 102
1067 110
1068 113
1069 117
1070 96
1071 106
1072 107
1073 81
1074 82
1075 83
1076 86
1077 94
1078 104
1079 69
1080 60
1081 62
1082 67
1083 71
1084 74
1085 79
1086 89
1087 98
1088 104
1089 114
1090 122
1091 61
1092 63
1093 70
1094 74
1095 79
1096 84
1097 80
1098 82
1099 92
1100 100
1101 103
1102 112
1103 115
1104 101
1105 78
1106 87
1107 92
1108 94
1109 75
1110 80
1111 84
1112 88
1113 94
1114 98
1115 103
1116 110
1117 114
1118 118
1119 120
1120 88
1121 94
1122 87
1123 92
1124 97
1125 98
1126 99
1127 92
1128 93
1129 96
1130 105
1131 107
1132 97
1133 105
1134 92
1135 99
1136 106
1137 99
1138 107
1139 104
1140 109
1141 111
1142 120
1143 128
1144 124
1145 129
1146 102
1147 96
1148 106
1149 74
1150 78
1151 82
1152 89
1153 91
1154 96
1155 101
1156 108
1157 113
1158 115
1159 114
1160 111
1161 115
1162 116
1163 84
1164 92
1165 97
1166 100
1167 95
1168 99
1169 107
1170 76
1171 78
1172 88
1173 92
1174 94
1175 96
1176 98
1177 90
1178 77
1179 85
1180 86
1181 87
1182 96
1183 99
1184 102
1185 108
1186 114
1187 86
1188 94
1189 89
1190 98
1191 106
1192 113
1193 116
1194 124
1195 134
1196 135
1197 125
1198 115
1199 116
1200 118
1201 127
1202 121
1203 126
1204 104
1205 112
1206 119
1207 92
1208 77
1209 82
1210 83
1211 85
1212 93
1213 94
1214 100
1215 101
1216 92
1217 95
1218 102
1219 109
1220 116
1221 104
1222 110
1223 111
1224 115
1225 119
1226 91
1227 94
1228 104
1229 72
1230 78
1231 84
1232 92
1233 100
1234 101
1235 110
1236 115
1237 125
1238 108
1239 69
1240 75
1241 77
1242 70
1243 75
1244 79
1245 87
1246 96
1247 76
1248 79
1249 89
1250 91
1251 96
1252 98
1253 103
1254 110
1255 114
1256 117
1257 122
1258 116
1259 104
1260 111
1261 92
1262 102
1263 94
1264 96
1265 103
1266 102
1267 107
1268 109
1269 115
1270 121
1271 127
1272 98
1273 100
1274 102
1275 107
1276 109
1277 115
1278 121
1279 125
1280 101
1281 104
1282 113
1283 123
1284 133
1285 136
1286 105
1287 108
1288 110
1289 120
1290 121
1291 124
1292 133
1293 93
1294 94
1295 103
1296 109
1297 110
1298 87
1299 95
1300 104
1301 99
1302 90
1303 97
1304 106
1305 108
1306 100
1307 104
1308 81
1309 90
1310 99
1311 100
1312 102
1313 109
1314 101
1315 109
1316 99
1317 108
1318 114
1319 105
1320 101
1321 107
1322 106
1323 108
1324 110
1325 115
1326 117
1327 121
1328 127
1329 135
1330 74
1331 80
1332 89
1333 91
1334 96
1335 75
1336 84
1337 94
1338 92
1339 98
1340 108
1341 115
1342 120
1343 130
1344 131
1345 89
1346 96
1347 97
1348 88
1349 91
1350 95
1351 62
1352 64
1353 73
1354 83
1355 84
1356 91
1357 99
1358 108
1359 110
1360 109
1361 119
1362 114
1363 115
1364 120
1365 124
1366 126
1367 129
1368 121
1369 127
1370 133
1371 143
1372 150
1373 99
1374 80
1375 85
1376 95
1377 105
1378 114
1379 117
1380 125
1381 129
1382 102
1383 50
1384 51
1385 59
1386 68
1387 78
1388 82
1389 88
1390 92
1391 93
1392 97
1393 106
1394 108
1395 113
1396 118
1397 110
1398 113
1399 117
1400 119
1401 124
1402 125
1403 75
1404 72
1405 76
1406 85
1407 87
1408 94
1409 95
1410 103
1411 105
1412 93
1413 89
1414 92
1415 98
1416 103
1417 105
1418 99
1419 101
1420 111
1421 112
1422 114
1423 67
1424 73
1425 75
1426 76
1427 77
1428 83
1429 89
1430 98
1431 102
1432 111
1433 105
1434 109
1435 111
1436 115
1437 92
1438 97
1439 98
1440 106
1441 107
1442 104
1443 106
1444 115
1445 118
1446 127
1447 129
1448 107
1449 102
1450 106
1451 107
1452 96
1453 103
1454 111
1455 121
1456 123
1457 132
1458 86
1459 95
1460 102
1461 103
1462 104
1463 106
1464 109
1465 89
1466 99
1467 104
1468 107
1469 116
1470 108
1471 112
1472 113
1473 120
1474 123
1475 127
1476 120
1477 123
1478 132
1479 89
1480 94
1481 100
1482 102
1483 108
1484 117
1485 121
1486 127
1487 103
1488 107
1489 114
1490 109
1491 110
1492 112
1493 121
1494 95
1495 102
1496 111
1497 115
1498 122
1499 112
1500 116
1501 100
1502 80
1503 89
1504 96
1505 99
1506 107
1507 114
1508 102
1509 111
1510 112
1511 113
1512 90
1513 98
1514 93
1515 103
1516 111
1517 119
1518 126
1519 89
1520 92
1521 100
1522 105
1523 112
1524 99
1525 87
1526 96
1527 84
1528 64
1529 73
1530 76
1531 85
1532 86
1533 94
1534 104
1535 103
1536 110
1537 114
1538 119
1539 123
1540 100
1541 98
1542 102
1543 90
1544 99
1545 101
1546 107
1547 114
1548 116
1549 117
1550 126
1551 133
1552 125
1553 126
1554 136
1555 112
1556 111
1557 79
1558 89
1559 96
1560 93
1561 98
1562 108
1563 110
1564 117
1565 121
1566 102
1567 105
1568 114
1569 122
1570 126
1571 95
1572 102
1573 110
1574 110
1575 52
1576 53
1577 62
1578 65
1579 75
1580 85
1581 95
1582 81
1583 85
1584 89
1585 96
1586 98
1587 88
1588 95
1589 100
1590 109
1591 104
1592 114
1593 118
1594 92
1595 95
1596 102
1597 105
1598 114
1599 116
1600 113
1601 107
1602 104
1603 110
1604 117
1605 97
1606 102
1607 104
1608 107
1609 101
1610 106
1611 112
1612 121
1613 99
1614 105
1615 99
1616 103
1617 101
1618 111
1619 119
1620 113
1621 114
1622 92
1623 85
1624 90
1625 91
1626 95
1627 97
1628 98
1629 105
1630 94
1631 103
1632 87
1633 93
1634 95
1635 97
1636 101
1637 106
1638 107
1639 112
1640 121
1641 122
1642 129
1643 116
1644 102
1645 112
1646 107
1647 87
1648 94
1649 96
1650 97
1651 67
1652 72
1653 81
1654 86
1655 90
1656 95
1657 103
1658 100
1659 103
1660 108
1661 109
1662 118
1663 123
1664 86
1665 92
1666 100
1667 98
1668 102
1669 106
1670 115
1671 108
1672 112
1673 106
1674 112
1675 113
1676 107
1677 108
1678 111
1679 121
1680 114
1681 93
1682 103
1683 112
1684 113
1685 117
1686 109
1687 104
1688 105
1689 115
1690 98
1691 79
1692 89
1693 94
1694 100
1695 105
1696 106
1697 110
1698 111
1699 121
1700 109
1701 116
1702 122
1703 66
1704 69
1705 76
1706 82
1707 83
1708 85
1709 91
1710 98
1711 105
1712 109
1713 118
1714 123
1715 91
1716 97
1717 104
1718 105
1719 104
1720 49
1721 58
1722 66
1723 69
1724 73
1725 73
1726 83
1727 93
1728 87
1729 96
1730 91
1731 93
1732 94
1733 96
1734 106
1735 108
1736 83
1737 85
1738 89
1739 97
1740 107
1741 112
1742 114
1743 124
1744 126
1745 100
1746 101
1747 108
1748 113
1749 116
1750 107
1751 115
1752 98
1753 108
1754 112
1755 113
1756 119
1757 125
1758 106
1759 112
1760 116
1761 100
1762 107
1763 108
1764 100
1765 78
1766 83
1767 85
1768 91
1769 97
1770 105
1771 63
1772 72
1773 80
1774 84
1775 85
1776 86
1777 89
1778 99
1779 104
1780 91
1781 96
1782 92
1783 92
1784 97
1785 98
1786 96
1787 101
1788 111
1789 103
1790 110
1791 112
1792 106
1793 111
1794 117
1795 124
1796 130
1797 134
1798 119
1799 126
1800 136
1801 139
1802 145
1803 133
1804 82
1805 87
1806 92
1807 102
1808 103
1809 87
1810 92
1811 94
1812 101
1813 106
1814 112
1815 117
1816 58
1817 61
1818 62
1819 72
1820 81
1821 83
1822 87
1823 96
1824 100
1825 110
1826 116
1827 119
1828 114
1829 116
1830 125
1831 128
1832 126
1833 130
1834 103
1835 110
1836 118
1837 110
1838 103
1839 100
1840 86
1841 88
1842 89
1843 92
1844 93
1845 96
1846 99
1847 107
1848 116
1849 126
1850 135
1851 141
1852 103
1853 76
1854 82
1855 87
1856 91
1857 101
1858 104
1859 106
1860 107
1861 109
1862 118
1863 121
1864 127
1865 98
1866 105
1867 88
1868 95
1869 99
1870 109
1871 113
1872 114
1873 110
1874 118
1875 119
1876 128
1877 134
1878 99
1879 105
1880 112
1881 115
1882 117
1883 68
1884 76
1885 80
1886 86
1887 89
1888 91
1889 93
1890 103
1891 91
1892 65
1893 69
1894 70
1895 75
1896 85
1897 87
1898 94
1899 103
1900 109
1901 113
1902 114
1903 105
1904 108
1905 92
1906 93
1907 94
1908 101
1909 103
1910 106
1911 114
1912 116
1913 91
1914 94
1915 101
1916 104
1917 113
1918 107
1919 110
1920 114
1921 91
1922 98
1923 104
1924 90
1925 95
1926 102
1927 101
1928 109
1929 111
1930 114
1931 121
1932 107
1933 59
1934 62
1935 67
1936 77
1937 79
1938 86
1939 92
1940 96
1941 97
1942 106
1943 108
1944 112
1945 101
1946 110
1947 112
1948 113
1949 99
1950 88
1951 78
1952 82
1953 87
1954 90
1955 93
1956 101
1957 111
1958 113
1959 91
1960 96
1961 102
1962 109
1963 106
1964 108
1965 108
1966 112
1967 113
1968 108
1969 109
1970 110
1971 119
1972 102
1973 104
1974 101
1975 106
1976 113
1977 116
1978 92
1979 100
1980 107
1981 113
1982 116
1983 108
1984 112
1985 117
1986 116
1987 66
1988 67
1989 76
1990 82
1991 89
1992 93
1993 98
1994 95
1995 100
1996 103
1997 106
1998 113
1999 118
2000 122
2001 94
2002 95
2003 103
2004 106
2005 114
2006 117
2007 46
2008 50
2009 53
2010 57
2011 65
2012 72
2013 80
2014 81
2015 84
2016 92
2017 100
2018 108
2019 101
2020 104
2021 109
2022 110
2023 112
2024 113
2025 115
2026 120
2027 129
2028 91
2029 101
2030 110
2031 116
2032 115
2033 117
2034 98
2035 104
2036 106
2037 110
2038 107
2039 108
2040 102
2041 106
2042 97
2043 98
2044 101
2045 104
2046 110
2047 112
2048 122
2049 104
2050 106
2051 88
2052 90
2053 97
2054 102
2055 106
2056 116
2057 119
2058 99
2059 100
2060 92
2061 96
2062 85
2063 86
2064 94
2065 95
2066 100
2067 107
2068 109
2069 85
2070 92
2071 96
2072 106
2073 108
2074 94
2075 100
2076 105
2077 106
2078 107
2079 100
2080 108
2081 117
2082 97
2083 107
2084 110
2085 100
2086 102
2087 105
2088 107
2089 90
2090 96
2091 104
2092 80
2093 81
2094 91
2095 98
2096 103
2097 94
2098 96
2099 102
2100 104
2101 110
2102 85
2103 88
2104 81
2105 88
2106 80
2107 90
2108 92
2109 101
2110 107
2111 100
2112 105
2113 111
2114 100
2115 102
2116 106
2117 99
2118 102
2119 108
2120 113
2121 120
2122 96
2123 102
2124 106
2125 113
2126 102
2127 108
2128 117
2129 115
2130 74
2131 83
2132 90
2133 92
2134 101
2135 108
2136 105
2137 112
2138 120
2139 126
2140 98
2141 100
2142 103
2143 69
2144 76
2145 77
2146 79
2147 85
2148 89
2149 93
2150 102
2151 107
2152 111
2153 112
2154 103
2155 107
2156 114
2157 115
2158 121
2159 129
2160 139
2161 140
2162 146
2163 92
2164 93
2165 103
2166 106
2167 110
2168 109
2169 113
2170 120
2171 118
2172 119
2173 115
2174 121
2175 115
2176 119
2177 124
2178 126
2179 110
2180 78
2181 81
2182 83
2183 88
2184 97
2185 100
2186 104
2187 105
2188 95
2189 100
2190 107
2191 114
2192 119
2193 122
2194 115
2195 117
2196 106
2197 98
2198 105
2199 115
2200 95
2201 104
2202 113
2203 115
2204 122
2205 123
2206 126
2207 75
2208 82
2209 88
2210 90
2211 92
2212 94
2213 97
2214 95
2215 102
2216 103
2217 104
2218 106
2219 108
2220 89
2221 94
2222 99
2223 94
2224 91
2225 90
2226 92
2227 99
2228 105
2229 111
2230 115
2231 116
2232 93
2233 98
2234 106
2235 88
2236 92
2237 95
2238 99
2239 104
2240 109
2241 110
2242 113
2243 89
2244 91
2245 94
2246 91
2247 100
2248 107
2249 67
2250 73
2251 76
2252 77
2253 87
2254 94
2255 96
2256 91
2257 65
2258 75
2259 83
2260 93
2261 95
2262 88
2263 93
2264 99
2265 106
2266 109
2267 97
2268 104
2269 110
2270 93
2271 94
2272 97
2273 100
2274 106
2275 112
2276 121
2277 103
2278 112
2279 115
2280 117
2281 123
2282 107
2283 99
2284 100
2285 97
2286 104
2287 83
2288 91
2289 94
2290 89
2291 99
2292 103
2293 105
2294 106
2295 107
2296 113
2297 118
2298 124
2299 113
2300 97
2301 101
2302 106
2303 110
2304 112
2305 105
2306 109
2307 113
2308 116
2309 120
2310 112
2311 113
2312 116
2313 122
2314 99
2315 102
2316 110
2317 92
2318 93
2319 92
2320 93
2321 94
2322 101
2323 107
2324 115
2325 117
2326 103
2327 111
2328 101
2329 108
2330 111
2331 119
2332 128
2333 115
2334 121
2335 122
2336 129
2337 137
2338 108
2339 112
2340 91
2341 75
2342 84
2343 86
2344 87
2345 93
2346 97
2347 102
2348 98
2349 105
2350 112
2351 119
2352 124
2353 99
2354 106
2355 108
2356 111
2357 109
2358 100
2359 109
2360 97
2361 102
2362 105
2363 90
2364 97
2365 96
2366 104
2367 114
2368 119
2369 122
2370 91
2371 94
2372 87
2373 92
2374 85
2375 93
2376 103
2377 113
2378 109
2379 113
2380 121
2381 124
2382 126
2383 127
2384 130
2385 133
2386 115
2387 114
2388 95
2389 98
2390 105
2391 110
2392 84
2393 88
2394 93
2395 94
2396 101
2397 83
2398 93
2399 98
2400 101
2401 111
2402 120
2403 78
2404 79
2405 85
2406 91
2407 98
2408 102
2409 84
2410 86
2411 87
2412 75
2413 83
2414 85
2415 86
2416 96
2417 103
2418 111
2419 112
2420 120
2421 121
2422 70
2423 74
2424 79
2425 86
2426 90
2427 96
2428 102
2429 107
2430 109
2431 98
2432 82
2433 86
2434 90
2435 93
2436 96
2437 98
2438 104
2439 106
2440 85
2441 88
2442 96
2443 105
2444 110
2445 110
2446 116
2447 125
2448 104
2449 108
2450 114
2451 114
2452 116
2453 119
2454 86
2455 95
2456 96
2457 100
2458 104
2459 72
2460 76
2461 80
2462 82
2463 27
2464 32
2465 33
2466 41
2467 47
2468 55
2469 58
2470 66
2471 75
2472 84
2473 88
2474 91
2475 99
2476 100
2477 105
2478 102
2479 109
2480 110
2481 114
2482 117
2483 125
2484 123
2485 113
2486 111
2487 112
2488 103
2489 109
2490 102
2491 109
2492 118
2493 115
2494 116
2495 105
2496 105
2497 115
2498 125
2499 135
2500 81
2501 78
2502 86
2503 95
2504 98
2505 101
2506 102
2507 105
2508 111
2509 114
2510 116
2511 117
2512 126
2513 102
2514 112
2515 104
2516 100
2517 107
2518 117
2519 127
2520 131
2521 134
2522 92
2523 92
2524 99
2525 101
2526 108
2527 114
2528 117
2529 120
2530 115
2531 83
2532 86
2533 91
2534 99
2535 98
2536 104
2537 106
2538 111
2539 102
2540 111
2541 110
2542 112
2543 103
2544 108
2545 109
2546 116
2547 121
2548 122
2549 75
2550 77
2551 80
2552 83
2553 84
2554 93
2555 95
2556 99
2557 100
2558 92
2559 99
2560 102
2561 109
2562 100
2563 104
2564 82
2565 90
2566 100
2567 104
2568 111
2569 115
2570 107
2571 83
2572 85
2573 89
2574 96
2575 100
2576 102
2577 107
2578 109
2579 96
2580 98
2581 76
2582 83
2583 90
2584 91
2585 96
2586 96
2587 98
2588 107
2589 109
2590 111
2591 115
2592 121
2593 126
2594 131
2595 134
2596 107
2597 111
2598 115
2599 119
2600 129
2601 107
2602 117
2603 112
2604 114
2605 114
2606 115
2607 90
2608 94
2609 101
2610 110
2611 108
2612 102
2613 103
2614 106
2615 115
2616 116
2617 121
2618 111
2619 114
2620 108
2621 102
2622 107
2623 102
2624 112
2625 79
2626 89
2627 91
2628 97
2629 103
2630 105
2631 106
2632 111
2633 115
2634 121
2635 92
2636 99
2637 101
2638 105
2639 105
2640 59
2641 66
2642 74
2643 79
2644 80
2645 86
2646 95
2647 98
2648 103
2649 111
2650 117
2651 124
2652 124
2653 87
2654 92
2655 98
2656 103
2657 95
2658 99
2659 106
2660 108
2661 117
2662 119
2663 88
2664 95
2665 105
2666 101
2667 105
2668 107
2669 47
2670 57
2671 67
2672 72
2673 82
2674 87
2675 97
2676 47
2677 49
2678 50
2679 51
2680 56
2681 58
2682 62
2683 70
2684 74
2685 80
2686 81
2687 83
2688 85
2689 89
2690 85
2691 92
2692 55
2693 56
2694 59
2695 64
2696 67
2697 69
2698 73
2699 76
2700 77
2701 81
2702 87
2703 89
2704 94
2705 98
2706 80
2707 86
2708 94
2709 104
2710 110
2711 115
2712 118
2713 112
2714 114
2715 124
2716 111
2717 111
2718 108
2719 109
2720 103
2721 101
2722 54
2723 58
2724 63
2725 67
2726 73
2727 83
2728 89
2729 98
2730 100
2731 90
2732 91
2733 101
2734 85
2735 91
2736 61
2737 65
2738 70
2739 73
2740 74
2741 80
2742 87
2743 96
2744 101
2745 100
2746 103
2747 102
2748 107
2749 82
2750 91
2751 99
2752 101
2753 109
2754 117
2755 120
2756 130
2757 127
2758 101
2759 108
2760 109
2761 96
2762 78
2763 84
2764 94
2765 104
2766 113
2767 117
2768 82
2769 92
2770 85
2771 86
2772 90
2773 91
2774 94
2775 98
2776 108
2777 92
2778 101
2779 102
2780 109
2781 114
2782 120
2783 80
2784 84
2785 69
2786 72
2787 76
2788 81
2789 90
2790 100
2791 104
2792 112
2793 117
2794 125
2795 131
2796 126
2797 112
2798 113
2799 104
2800 105
2801 108
2802 110
2803 111
2804 113
2805 108
2806 100
2807 110
2808 96
2809 85
2810 90
2811 72
2812 73
2813 74
2814 76
2815 83
2816 89
2817 90
2818 100
2819 103
2820 111
2821 70
2822 80
2823 87
2824 93
2825 96
2826 73
2827 80
2828 81
2829 82
2830 87
2831 94
2832 103
2833 107
2834 109
2835 109
2836 114
2837 118
2838 126
2839 128
2840 98
2841 100
2842 106
2843 112
2844 115
2845 113
2846 114
2847 122
2848 123
2849 130
2850 131
2851 124
2852 128
2853 101
2854 106
2855 109
2856 112
2857 109
2858 118
2859 120
2860 125
2861 81
2862 88
2863 94
2864 97
2865 102
2866 107
2867 108
2868 115
2869 103
2870 107
2871 114
2872 119
2873 124
2874 133
2875 75
2876 82
2877 89
2878 94
2879 98
2880 73
2881 81
2882 88
2883 92
2884 97
2885 100
2886 107
2887 110
2888 114
2889 97
2890 105
2891 112
2892 113
2893 89
2894 93
2895 99
2896 103
2897 104
2898 109
2899 101
2900 87
2901 91
2902 99
2903 100
2904 103
2905 110
2906 79
2907 84
2908 91
2909 101
2910 89
2911 94
2912 98
2913 97
2914 106
2915 111
2916 104
2917 106
2918 111
2919 105
2920 114
2921 95
2922 71
2923 78
2924 85
2925 91
2926 96
2927 97
2928 107
2929 90
2930 96
2931 101
2932 93
2933 99
2934 103
2935 109
2936 111
2937 116
2938 100
2939 93
2940 98
2941 107
2942 114
2943 116
2944 114
2945 117
2946 121
2947 125
2948 80
2949 90
2950 99
2951 109
2952 104
2953 90
2954 93
2955 94
2956 99
2957 108
2958 112
2959 110
2960 114
2961 110
2962 113
2963 108
2964 109
2965 103
2966 107
2967 106
2968 115
2969 118
2970 125
2971 130
2972 138
2973 142
2974 102
2975 93
2976 102
2977 105
2978 111
2979 112
2980 121
2981 129
2982 133
2983 123
2984 131
2985 86
2986 92
2987 100
2988 106
2989 110
2990 84
2991 90
2992 93
2993 94
2994 97
2995 102
2996 111
2997 79
2998 84
2999 94
3000 100
3001 103
3002 105
3003 110
3004 92
3005 98
3006 106
3007 79
3008 83
3009 85
3010 94
3011 103
3012 85
3013 95
3014 99
3015 108
3016 118
3017 125
3018 133
3019 136
3020 144
3021 146
3022 155
3023 86
3024 91
3025 65
3026 73
3027 76
3028 83
3029 92
3030 94
3031 98
3032 103
3033 92
3034 101
3035 106
3036 112
3037 103
3038 105
3039 90
3040 97
3041 99
3042 101
3043 106
3044 113
3045 114
3046 120
3047 128
3048 109
3049 119
3050 125
3051 126
3052 127
3053 135
3054 140
3055 147
3056 109
3057 116
3058 117
3059 103
3060 112
3061 117
3062 112
3063 116
3064 122
3065 101
3066 104
3067 109
3068 116
3069 81
3070 86
3071 81
3072 83
3073 87
3074 95
3075 103
3076 100
3077 99
3078 109
3079 99
3080 82
3081 92
3082 95
3083 105
3084 109
3085 117
3086 118
3087 109
3088 116
3089 122
3090 90
3091 91
3092 101
3093 105
3094 108
3095 110
3096 111
3097 119
3098 90
3099 95
3100 81
3101 83
3102 90
3103 98
3104 71
3105 76
3106 77
3107 83
3108 89
3109 92
3110 97
3111 107
3112 108
3113 110
3114 119
3115 107
3116 115
3117 121
3118 125
3119 133
3120 97
3121 107
3122 112
3123 122
3124 90
3125 100
3126 110
3127 88
3128 89
3129 91
3130 100
3131 102
3132 100
3133 84
3134 89
3135 94
3136 99
3137 102
3138 111
3139 113
3140 115
3141 84
3142 92
3143 95
3144 97
3145 102
3146 82
3147 87
3148 92
3149 102
3150 106
3151 114
3152 120
3153 115
3154 122
3155 116
3156 110
3157 112
3158 100
3159 101
3160 99
3161 108
3162 110
3163 120
3164 119
3165 101
3166 102
3167 105
3168 111
3169 97
3170 101
3171 110
3172 119
3173 91
3174 100
3175 78
3176 79
3177 80
3178 83
3179 86
3180 96
3181 106
3182 100
3183 100
3184 104
3185 110
3186 117
3187 127
3188 135
3189 127
3190 135
3191 91
3192 95
3193 94
3194 98
3195 107
3196 117
3197 120
3198 124
3199 80
3200 87
3201 96
3202 101
3203 109
3204 116
3205 123
3206 126
3207 119
3208 98
3209 108
3210 117
3211 102
3212 106
3213 98
3214 105
3215 113
3216 118
3217 119
3218 61
3219 65
3220 74
3221 79
3222 89
3223 90
3224 95
3225 101
3226 105
3227 106
3228 92
3229 93
3230 103
3231 103
3232 95
3233 103
3234 100
3235 90
3236 92
3237 102
3238 106
3239 115
3240 117
3241 85
3242 95
3243 102
3244 105
3245 115
3246 116
3247 123
3248 132
3249 134
3250 136
3251 140
3252 142
3253 150
3254 117
3255 119
3256 127
3257 59
3258 68
3259 73
3260 67
3261 76
3262 78
3263 84
3264 87
3265 88
3266 94
3267 97
3268 105
3269 112
3270 117
3271 121
3272 131
3273 132
3274 120
3275 93
3276 102
3277 54
3278 64
3279 67
3280 73
3281 75
3282 84
3283 91
3284 86
3285 93
3286 95
3287 97
3288 98
3289 103
3290 107
3291 113
3292 116
3293 122
3294 132
3295 126
3296 99
3297 93
3298 96
3299 104
3300 107
3301 107
3302 111
3303 120
3304 113
3305 107
3306 98
3307 106
3308 109
3309 119
3310 122
3311 100
3312 102
3313 103
3314 110
3315 96
3316 98
3317 100
3318 109
3319 112
3320 91
3321 101
3322 96
3323 98
3324 99
3325 79
3326 83
3327 87
3328 95
3329 96
3330 98
3331 106
3332 103
3333 111
3334 116
3335 114
3336 115
3337 125
3338 101
3339 88
3340 98
3341 99
3342 101
3343 96
3344 102
3345 103
3346 104
3347 110
3348 104
3349 106
3350 112
3351 121
3352 128
3353 130
3354 93
3355 99
3356 107
3357 80
3358 83
3359 86
3360 93
3361 95
3362 98
3363 99
3364 100
3365 102
3366 110
3367 119
3368 91
3369 93
3370 94
3371 99
3372 101
3373 103
3374 104
3375 113
3376 90
3377 97
3378 101
3379 103
3380 108
3381 111
3382 109
3383 117
3384 117
3385 112
3386 58
3387 63
3388 65
3389 74
3390 76
3391 77
3392 84
3393 92
3394 100
3395 83
3396 90
3397 91
3398 94
3399 96
3400 98
3401 102
3402 109
3403 115
3404 84
3405 89
3406 95
3407 99
3408 108
3409 95
3410 100
3411 106
3412 95
3413 97
3414 104
3415 107
3416 116
3417 100
3418 107
3419 116
3420 109
3421 114
3422 115
3423 104
3424 114
3425 106
3426 81
3427 85
3428 86
3429 91
3430 99
3431 105
3432 107
3433 104
3434 107
3435 102
3436 101
3437 111
3438 115
3439 104
3440 106
3441 110
3442 117
3443 118
3444 112
3445 108
3446 115
3447 85
3448 88
3449 96
3450 100
3451 110
3452 120
3453 96
3454 102
3455 108
3456 114
3457 117
3458 102
3459 105
3460 108
3461 116
3462 121
3463 104
3464 104
3465 100
3466 107
3467 108
3468 100
3469 104
3470 113
3471 104
3472 110
3473 87
3474 92
3475 99
3476 100
3477 94
3478 103
3479 112
3480 106
3481 114
3482 122
3483 107
3484 109
3485 110
3486 113
3487 114
3488 124
3489 119
3490 101
3491 110
3492 112
3493 101
3494 109
3495 111
3496 117
3497 125
3498 125
3499 134
3500 140
3501 146
3502 150
3503 99
3504 105
3505 102
3506 103
3507 112
3508 114
3509 115
3510 123
3511 133
3512 107
3513 104
3514 109
3515 111
3516 114
3517 67
3518 69
3519 79
3520 89
3521 92
3522 100
3523 108
3524 117
3525 126
3526 130
3527 136
3528 145
3529 148
3530 119
3531 105
3532 113
3533 123
3534 126
3535 94
3536 97
3537 103
3538 109
3539 111
3540 113
3541 116
3542 95
3543 73
3544 80
3545 89
3546 93
3547 97
3548 103
3549 97
3550 107
3551 114
3552 96
3553 97
3554 106
3555 107
3556 116
3557 96
3558 100
3559 104
3560 110
3561 118
3562 121
3563 123
3564 126
3565 100
3566 71
3567 80
3568 82
3569 82
3570 92
3571 99
3572 94
3573 100
3574 99
3575 101
3576 107
3577 93
3578 101
3579 102
3580 100
3581 109
3582 111
3583 94
3584 103
3585 96
3586 97
3587 99
3588 105
3589 109
3590 106
3591 108
3592 92
3593 93
3594 97
3595 102
3596 110
3597 100
3598 108
3599 112
3600 101
3601 110
3602 114
3603 113
3604 114
3605 103
3606 88
3607 94
3608 97
3609 98
3610 103
3611 109
3612 109
3613 119
3614 107
3615 105
3616 96
3617 101
3618 103
3619 106
3620 113
3621 123
3622 126
3623 133
3624 141
3625 150
3626 93
3627 94
3628 103
3629 101
3630 103
3631 90
3632 98
3633 107
3634 112
3635 81
3636 83
3637 91
3638 101
3639 110
3640 115
3641 110
3642 118
3643 89
3644 96
3645 87
3646 93
3647 94
3648 102
3649 64
3650 68
3651 76
3652 84
3653 89
3654 93
3655 98
3656 106
3657 95
3658 96
3659 98
3660 87
3661 93
3662 96
3663 98
3664 100
3665 101
3666 110
3667 120
3668 101
3669 109
3670 110
3671 117
3672 105
3673 109
3674 110
3675 116
3676 117
3677 111
3678 91
3679 95
3680 98
3681 104
3682 113
3683 113
3684 120
3685 88
3686 90
3687 99
3688 104
3689 110
3690 118
3691 86
3692 94
3693 101
3694 111
3695 116
3696 107
3697 108
3698 99
3699 104
3700 108
3701 110
3702 91
3703 95
3704 91
3705 89
3706 92
3707 94
3708 95
3709 100
3710 102
3711 104
3712 98
3713 99
3714 104
3715 112
3716 87
3717 88
3718 95
3719 98
3720 101
3721 78
3722 87
3723 89
3724 99
3725 102
3726 106
3727 108
3728 112
3729 74
3730 77
3731 79
3732 81
3733 85
3734 94
3735 96
3736 105
3737 95
3738 100
3739 108
3740 116
3741 119
3742 123
3743 124
3744 129
3745 136
3746 146
3747 108
3748 114
3749 124
3750 122
3751 99
3752 104
3753 60
3754 65
3755 67
3756 71
3757 80
3758 86
3759 93
3760 96
3761 100
3762 102
3763 104
3764 107
3765 109
3766 89
3767 96
3768 63
3769 66
3770 67
3771 72
3772 79
3773 88
3774 91
3775 100
3776 105
3777 107
3778 112
3779 117
3780 127
3781 112
3782 115
3783 122
3784 115
3785 119
3786 121
3787 110
3788 111
3789 113
3790 118
3791 122
3792 130
3793 73
3794 74
3795 76
3796 78
3797 83
3798 85
3799 91
3800 96
3801 90
3802 99
3803 107
3804 108
3805 110
3806 115
3807 110
3808 116
3809 93
3810 99
3811 105
3812 91
3813 93
3814 97
3815 101
3816 103
3817 109
3818 109
3819 107
3820 110
3821 102
3822 112
3823 114
3824 124
3825 113
3826 117
3827 121
3828 125
3829 93
3830 94
3831 100
3832 105
3833 114
3834 101
3835 83
3836 86
3837 89
3838 95
3839 105
3840 109
3841 116
3842 121
3843 119
3844 101
3845 75
3846 80
3847 86
3848 90
3849 99
3850 102
3851 107
3852 97
3853 99
3854 93
3855 99
3856 94
3857 91
3858 100
3859 106
3860 111
3861 113
3862 107
3863 115
3864 124
3865 98
3866 74
3867 81
3868 88
3869 90
3870 96
3871 98
3872 102
3873 103
3874 106
3875 110
3876 119
3877 92
3878 96
3879 95
3880 85
3881 86
3882 90
3883 98
3884 108
3885 111
3886 114
3887 119
3888 106
3889 98
3890 106
3891 110
3892 104
3893 106
3894 116
3895 121
3896 99
3897 109
3898 119
3899 99
3900 105
3901 98
3902 101
3903 85
3904 91
3905 94
3906 97
3907 107
3908 108
3909 105
3910 86
3911 89
3912 93
3913 78
3914 79
3915 81
3916 90
3917 100
3918 105
3919 114
3920 116
3921 101
3922 59
3923 65
3924 69
3925 78
3926 85
3927 90
3928 97
3929 94
3930 96
3931 103
3932 111
3933 120
3934 117
3935 93
3936 97
3937 99
3938 106
3939 112
3940 121
3941 129
3942 135
3943 139
3944 99
3945 105
3946 108
3947 113
3948 121
3949 128
3950 109
3951 109
3952 84
3953 90
3954 81
3955 82
3956 85
3957 84
3958 87
3959 90
3960 94
3961 96
3962 99
3963 100
3964 101
3965 93
3966 97
3967 100
3968 107
3969 117
3970 121
3971 95
3972 102
3973 110
3974 90
3975 91
3976 100
3977 108
3978 89
3979 95
3980 94
3981 97
3982 105
3983 107
3984 76
3985 78
3986 37
3987 43
3988 51
3989 59
3990 63
3991 65
3992 74
3993 84
3994 86
3995 95
3996 99
3997 109
3998 114
3999 115
4000 121
4001 83
4002 84
4003 89
4004 94
4005 96
4006 98
4007 100
4008 104
4009 109
4010 84
4011 87
4012 88
4013 89
4014 93
4015 94
4016 99
4017 109
4018 110
4019 113
4020 115
4021 89
4022 96
4023 89
4024 93
4025 103
4026 100
4027 101
4028 107
4029 109
4030 117
4031 111
4032 119
4033 58
4034 66
4035 70
4036 79
4037 85
4038 94
4039 98
4040 106
4041 113
4042 114
4043 115
4044 117
4045 103
4046 105
4047 114
4048 121
4049 107
4050 99
4051 106
4052 108
4053 112
4054 122
4055 127
4056 137
4057 147
4058 143
4059 115
4060 120
4061 86
4062 89
4063 94
4064 104
4065 95
4066 99
4067 109
4068 114
4069 110
4070 120
4071 125
4072 97
4073 101
4074 102
4075 111
4076 118
4077 125
4078 102
4079 87
4080 96
4081 97
4082 100
4083 107
4084 110
4085 108
4086 107
4087 114
4088 117
4089 127
4090 131
4091 141
4092 151
4093 96
4094 106
4095 110
4096 118
4097 114
4098 101
4099 107
4100 53
4101 57
4102 58
4103 62
4104 63
4105 64
4106 73
4107 74
4108 78
4109 88
4110 91
4111 91
4112 72
4113 76
4114 77
4115 78
4116 79
4117 83
4118 84
4119 94
4120 95
4121 97
4122 106
4123 107
4124 109
4125 86
4126 93
4127 103
4128 109
4129 112
4130 118
4131 128
4132 134
4133 117
4134 125
4135 101
4136 104
4137 109
4138 105
4139 107
4140 97
4141 102
4142 109
4143 118
4144 114
4145 121
4146 116
4147 116
4148 125
4149 96
4150 101
4151 86
4152 91
4153 95
4154 105
4155 106
4156 104
4157 110
4158 117
4159 106
4160 108
4161 118
4162 116
4163 79
4164 80
4165 84
4166 86
4167 94
4168 104
4169 108
4170 111
4171 71
4172 73
4173 83
4174 86
4175 96
4176 98
4177 104
4178 106
4179 107
4180 108
4181 95
4182 104
4183 109
4184 102
4185 107
4186 88
4187 98
4188 100
4189 101
4190 111
4191 119
4192 121
4193 94
4194 96
4195 100
4196 102
4197 105
4198 108
4199 83
4200 89
4201 92
4202 99
4203 82
4204 90
4205 92
4206 94
4207 100
4208 106
4209 112
4210 112
4211 113
4212 103
4213 106
4214 115
4215 103
4216 105
4217 89
4218 97
4219 101
4220 106
4221 115
4222 118
4223 117
4224 111
4225 115
4226 116
4227 105
4228 114
4229 87
4230 91
4231 96
4232 104
4233 110
4234 115
4235 99
4236 100
4237 101
4238 77
4239 82
4240 92
4241 95
4242 84
4243 91
4244 94
4245 101
4246 93
4247 96
4248 97
4249 107
4250 115
4251 122
4252 112
4253 85
4254 89
4255 93
4256 95
4257 97
4258 99
4259 68
4260 71
4261 75
4262 48
4263 58
4264 62
4265 67
4266 76
4267 85
4268 92
4269 94
4270 91
4271 101
4272 108
4273 115
4274 117
4275 119
4276 125
4277 123
4278 115
4279 120
4280 125
4281 98
4282 103
4283 102
4284 67
4285 75
4286 80
4287 68
4288 74
4289 77
4290 86
4291 90
4292 98
4293 95
4294 95
4295 104
4296 107
4297 115
4298 118
4299 97
4300 102
4301 100
4302 99
4303 107
4304 110
4305 97
4306 98
4307 108
4308 113
4309 116
4310 92
4311 99
4312 102
4313 111
4314 116
4315 117
4316 121
4317 103
4318 112
4319 101
4320 103
4321 111
4322 108
4323 117
4324 115
4325 124
4326 132
4327 109
4328 113
4329 111
4330 112
4331 117
4332 120
4333 122
4334 96
4335 79
4336 87
4337 88
4338 98
4339 107
4340 108
4341 118
4342 124
4343 130
4344 99
4345 105
4346 110
4347 118
4348 119
4349 93
4350 101
4351 65
4352 71
4353 81
4354 82
4355 92
4356 94
4357 97
4358 101
4359 108
4360 106
4361 79
4362 84
4363 93
4364 96
4365 101
4366 110
4367 88
4368 91
4369 101
4370 111
4371 68
4372 77
4373 80
4374 83
4375 85
4376 87
4377 92
4378 98
4379 105
4380 94
4381 97
4382 98
4383 104
4384 112
4385 113
4386 93
4387 64
4388 67
4389 77
4390 80
4391 88
4392 63
4393 67
4394 74
4395 76
4396 79
4397 82
4398 88
4399 98
4400 102
4401 89
4402 91
4403 94
4404 103
4405 86
4406 90
4407 93
4408 94
4409 100
4410 101
4411 105
4412 90
4413 95
4414 97
4415 100
4416 91
4417 92
4418 98
4419 107
4420 100
4421 110
4422 116
4423 85
4424 95
4425 100
4426 104
4427 114
4428 118
4429 121
4430 123
4431 108
4432 118
4433 98
4434 106
4435 108
4436 91
4437 89
4438 99
4439 102
4440 105
4441 109
4442 86
4443 84
4444 87
4445 93
4446 98
4447 108
4448 79
4449 88
4450 94
4451 100
4452 94
4453 99
4454 100
4455 106
4456 114
4457 120
4458 130
4459 106
4460 108
4461 111
4462 113
4463 116
4464 119
4465 125
4466 125
4467 126
4468 136
4469 142
4470 149
4471 91
4472 94
4473 100
4474 105
4475 112
4476 116
4477 104
4478 100
4479 103
4480 109
4481 99
4482 94
4483 100
4484 101
4485 105
4486 107
4487 116
4488 122
4489 130
4490 98
4491 102
4492 111
4493 112
4494 116
4495 105
4496 89
4497 96
4498 98
4499 99
4500 100
4501 105
4502 84
4503 90
4504 94
4505 73
4506 83
4507 90
4508 94
4509 96
4510 100
4511 33
4512 42
4513 46
4514 52
4515 53
4516 58
4517 65
4518 73
4519 83
4520 90
4521 94
4522 103
4523 111
4524 116
4525 119
4526 106
4527 109
4528 106
4529 104
4530 97
4531 99
4532 76
4533 84
4534 87
4535 91
4536 96
4537 101
4538 111
4539 116
4540 123
4541 111
4542 101
4543 104
4544 109
4545 111
4546 120
4547 121
4548 122
4549 128
4550 107
4551 109
4552 112
4553 120
4554 102
4555 109
4556 114
4557 124
4558 96
4559 105
4560 112
4561 113
4562 90
4563 94
4564 95
4565 100
4566 107
4567 97
4568 104
4569 106
4570 74
4571 75
4572 84
4573 86
4574 89
4575 91
4576 92
4577 93
4578 96
4579 98
4580 100
4581 106
4582 102
4583 111
4584 103
4585 111
4586 117
4587 124
4588 115
4589 85
4590 87
4591 91
4592 101
4593 103
4594 112
4595 95
4596 101
4597 74
4598 76
4599 85
4600 93
4601 94
4602 102
4603 105
4604 110
4605 115
4606 118
4607 103
4608 81
4609 88
4610 98
4611 102
4612 104
4613 96
4614 98
4615 103
4616 112
4617 120
4618 129
4619 137
4620 141
4621 145
4622 97
4623 106
4624 109
4625 115
4626 121
4627 126
4628 88
4629 95
4630 101
4631 103
4632 109
4633 106
4634 112
4635 105
4636 108
4637 113
4638 109
4639 103
4640 59
4641 60
4642 62
4643 66
4644 75
4645 82
4646 45
4647 55
4648 63
4649 73
4650 83
4651 89
4652 94
4653 100
4654 106
4655 108
4656 109
4657 111
4658 101
4659 110
4660 113
4661 101
4662 108
4663 93
4664 100
4665 105
4666 114
4667 122
4668 113
4669 116
4670 83
4671 89
4672 91
4673 101
4674 105
4675 107
4676 111
4677 121
4678 128
4679 129
4680 135
4681 101
4682 105
4683 95
4684 96
4685 102
4686 90
4687 99
4688 95
4689 97
4690 99
4691 100
4692 73
4693 74
4694 76
4695 82
4696 85
4697 94
4698 102
4699 108
4700 117
4701 118
4702 123
4703 111
4704 118
4705 117
4706 120
4707 125
4708 131
4709 100
4710 106
4711 107
4712 117
4713 122
4714 125
4715 134
4716 116
4717 117
4718 121
4719 125
4720 133
4721 137
4722 139
4723 147
4724 134
4725 126
4726 119
4727 86
4728 89
4729 94
4730 103
4731 99
4732 109
4733 115
4734 120
4735 126
4736 111
4737 102
4738 104
4739 106
4740 115
4741 123
4742 100
4743 110
4744 113
4745 114
4746 117
4747 111
4748 113
4749 114
4750 117
4751 123
4752 122
4753 112
4754 117
4755 83
4756 90
4757 96
4758 104
4759 113
4760 101
4761 102
4762 109
4763 92
4764 98
4765 100
4766 101
4767 111
4768 83
4769 84
4770 91
4771 92
4772 94
4773 100
4774 91
4775 94
4776 98
4777 103
4778 107
4779 111
4780 121
4781 131
4782 108
4783 104
4784 101
4785 103
4786 106
4787 114
4788 104
4789 81
4790 87
4791 93
4792 97
4793 103
4794 110
4795 107
4796 102
4797 107
4798 117
4799 121
4800 120
4801 127
4802 128
4803 107
4804 110
4805 111
4806 119
4807 92
4808 95
4809 99
4810 93
4811 88
4812 97
4813 104
4814 112
4815 99
4816 107
4817 111
4818 109
4819 113
4820 115
4821 120
4822 128
4823 129
4824 113
4825 117
4826 124
4827 121
4828 108
4829 116
4830 121
4831 122
4832 130
4833 110
4834 107
4835 111
4836 109
4837 115
4838 109
4839 110
4840 114
4841 118
4842 122
4843 85
4844 94
4845 99
4846 105
4847 109
4848 108
4849 114
4850 101
4851 108
4852 103
4853 105
4854 107
4855 116
4856 124
4857 81
4858 85
4859 90
4860 93
4861 94
4862 100
4863 105
4864 115
4865 105
4866 113
4867 122
4868 132
4869 134
4870 138
4871 121
4872 123
4873 126
4874 131
4875 107
4876 115
4877 114
4878 98
4879 106
4880 111
4881 114
4882 117
4883 124
4884 132
4885 140
4886 146
4887 101
4888 110
4889 115
4890 120
4891 128
4892 134
4893 122
4894 108
4895 109
4896 95
4897 105
4898 106
4899 115
4900 124
4901 112
4902 121
4903 79
4904 88
4905 89
4906 95
4907 104
4908 105
4909 85
4910 91
4911 100
4912 106
4913 104
4914 98
4915 101
4916 102
4917 109
4918 104
4919 113
4920 96
4921 105
4922 113
4923 115
4924 117
4925 95
4926 101
4927 102
4928 111
4929 116
4930 122
4931 124
4932 129
4933 102
4934 106
4935 103
4936 108
4937 118
4938 123
4939 105
4940 84
4941 86
4942 89
4943 93
4944 94
4945 100
4946 107
4947 101
4948 106
4949 101
4950 108
4951 114
4952 124
4953 105
4954 112
4955 113
4956 113
4957 117
4958 127
4959 133
4960 136
4961 111
4962 120
4963 113
4964 96
4965 97
4966 105
4967 81
4968 84
4969 84
4970 92
4971 98
4972 100
4973 88
4974 93
4975 95
4976 104
4977 101
4978 108
4979 114
4980 116
4981 119
4982 102
4983 46
4984 47
4985 51
4986 56
4987 63
4988 70
4989 79
4990 80
4991 87
4992 92
4993 93
4994 96
4995 105
4996 101
4997 110
4998 115
4999 122
5000 126
5001 113
5002 118
5003 125
5004 109
5005 117
5006 107
5007 116
5008 117
5009 123
5010 114
5011 116
5012 124
5013 129
5014 136
5015 111
5016 113
5017 117
5018 100
5019 110
5020 108
5021 86
5022 90
5023 92
5024 96
5025 99
5026 108
5027 87
5028 93
5029 96
5030 98
5031 107
5032 111
5033 121
5034 115
5035 102
5036 104
5037 111
5038 121
5039 93
5040 96
5041 103
5042 110
5043 113
5044 90
5045 99
5046 106
5047 115
5048 121
5049 106
5050 111
5051 100
5052 110
5053 99
5054 104
5055 105
5056 69
5057 77
5058 79
5059 84
5060 94
5061 103
5062 88
5063 91
5064 97
5065 105
5066 105
5067 107
5068 94
5069 95
5070 96
5071 100
5072 93
5073 97
5074 102
5075 104
5076 105
5077 113
5078 115
5079 93
5080 89
5081 93
5082 84
5083 87
5084 76
5085 86
5086 95
5087 91
5088 99
5089 83
5090 88
5091 93
5092 94
5093 98
5094 103
5095 107
5096 110
5097 96
5098 97
5099 98
5100 105
5101 110
5102 77
5103 84
5104 85
5105 86
5106 93
5107 95
5108 102
5109 105
5110 113
5111 122
5112 132
5113 136
5114 86
5115 95
5116 102
5117 94
5118 103
5119 95
5120 96
5121 97
5122 101
5123 104
5124 111
5125 88
5126 93
5127 101
5128 99
5129 100
5130 101
5131 101
5132 103
5133 106
5134 103
5135 112
5136 95
5137 98
5138 100
5139 105
5140 102
5141 103
5142 104
5143 92
5144 93
5145 103
5146 94
5147 81
5148 83
5149 90
5150 94
5151 104
5152 102
5153 111
5154 114
5155 82
5156 80
5157 90
5158 95
5159 99
5160 101
5161 107
5162 111
5163 104
5164 110
5165 87
5166 94
5167 96
5168 100
5169 96
5170 104
5171 107
5172 110
5173 120
5174 88
5175 89
5176 94
5177 64
5178 69
5179 70
5180 78
5181 79
5182 82
5183 89
5184 97
5185 102
5186 105
5187 113
5188 104
5189 109
5190 111
5191 72
5192 81
5193 89
5194 96
5195 102
5196 108
5197 105
5198 105
5199 115
5200 125
5201 120
5202 129
5203 76
5204 80
5205 86
5206 95
5207 99
5208 103
5209 110
5210 116
5211 126
5212 128
5213 104
5214 109
5215 115
5216 87
5217 94
5218 100
5219 101
5220 108
5221 90
5222 96
5223 88
5224 90
5225 98
5226 102
5227 105
5228 112
5229 108
5230 106
5231 95
5232 98
5233 108
5234 116
5235 117
5236 121
5237 97
5238 106
5239 111
5240 98
5241 105
5242 106
5243 113
5244 103
5245 113
5246 100
5247 105
5248 93
5249 99
5250 107
5251 113
5252 117
5253 119
5254 93
5255 97
5256 103
5257 113
5258 99
5259 103
5260 106
5261 100
5262 102
5263 103
5264 92
5265 94
5266 97
5267 106
5268 98
5269 101
5270 92
5271 90
5272 72
5273 75
5274 81
5275 89
5276 87
5277 89
5278 92
5279 98
5280 103
5281 111
5282 106
5283 82
5284 88
5285 96
5286 105
5287 114
5288 115
5289 117
5290 88
5291 92
5292 93
5293 101
5294 101
5295 108
5296 112
5297 91
5298 101
5299 105
5300 109
5301 110
5302 109
5303 102
5304 112
5305 120
5306 121
5307 124
5308 112
5309 119
5310 124
5311 134
5312 142
5313 146
5314 96
5315 103
5316 109
5317 80
5318 81
5319 81
5320 85
5321 88
5322 93
5323 96
5324 97
5325 100
5326 105
5327 115
5328 119
5329 120
5330 125
5331 132
5332 133
5333 119
5334 117
5335 119
5336 86
5337 90
5338 95
5339 98
5340 105
5341 92
5342 98
5343 107
5344 78
5345 87
5346 90
5347 83
5348 88
5349 90
5350 93
5351 95
5352 84
5353 83
5354 92
5355 101
5356 103
5357 107
5358 109
5359 112
5360 120
5361 97
5362 101
5363 109
5364 115
5365 85
5366 91
5367 94
5368 89
5369 93
5370 95
5371 103
5372 91
5373 99
5374 108
5375 112
5376 83
5377 71
5378 81
5379 87
5380 94
5381 96
5382 90
5383 85
5384 92
5385 102
5386 78
5387 82
5388 55
5389 65
5390 71
5391 78
5392 79
5393 87
5394 88
5395 90
5396 98
5397 102
5398 110
5399 119
5400 107
5401 112
5402 113
5403 119
5404 124
5405 108
5406 111
5407 113
5408 99
5409 102
5410 103
5411 106
5412 88
5413 96
5414 99
5415 103
5416 108
5417 100
5418 104
5419 110
5420 119
5421 121
5422 117
5423 122
5424 132
5425 139
5426 116
5427 123
5428 115
5429 117
5430 90
5431 92
5432 98
5433 108
5434 111
5435 118
5436 123
5437 89
5438 97
5439 101
5440 96
5441 101
5442 102
5443 102
5444 104
5445 109
5446 113
5447 107
5448 102
5449 99
5450 102
5451 107
5452 110
5453 120
5454 121
5455 93
5456 96
5457 105
5458 106
5459 109
5460 112
5461 114
5462 120
5463 103
5464 108
5465 111
5466 116
5467 120
5468 130
5469 93
5470 100
5471 107
5472 116
5473 108
5474 99
5475 104
5476 110
5477 113
5478 99
5479 107
5480 115
5481 124
5482 130
5483 125
5484 130
5485 122
5486 110
5487 111
5488 75
5489 77
5490 79
5491 89
5492 93
5493 103
5494 113
5495 69
5496 78
5497 81
5498 89
5499 96
5500 100
5501 110
5502 96
5503 101
5504 111
5505 115
5506 122
5507 106
5508 109
5509 111
5510 121
5511 91
5512 95
5513 102
5514 104
5515 92
5516 98
5517 99
5518 106
5519 110
5520 117
5521 124
5522 111
5523 117
5524 93
5525 101
5526 109
5527 114
5528 120
5529 127
5530 98
5531 104
5532 114
5533 114
5534 118
5535 119
5536 121
5537 130
5538 136
5539 91
5540 100
5541 80
5542 83
5543 93
5544 92
5545 95
5546 101
5547 111
5548 107
5549 111
5550 73
5551 82
5552 87
5553 91
5554 101
5555 82
5556 89
5557 90
5558 94
5559 100
5560 103
5561 73
5562 75
5563 77
5564 78
5565 81
5566 85
5567 92
5568 99
5569 105
5570 110
5571 115
5572 96
5573 84
5574 91
5575 100
5576 96
5577 103
5578 106
5579 102
5580 109
5581 115
5582 116
5583 121
5584 125
5585 135
5586 137
5587 90
5588 98
5589 100
5590 106
5591 111
5592 120
5593 87
5594 93
5595 97
5596 100
5597 103
5598 105
5599 108
5600 114
5601 123
5602 72
5603 73
5604 74
5605 83
5606 93
5607 76
5608 82
5609 84
5610 87
5611 97
5612 90
5613 94
5614 101
5615 105
5616 111
5617 117
5618 109
5619 118
5620 108
5621 115
5622 100
5623 97
5624 100
5625 108
5626 110
5627 108
5628 110
5629 112
5630 112
5631 113
5632 100
5633 109
5634 115
5635 109
5636 114
5637 107
5638 90
5639 94
5640 83
5641 84
5642 75
5643 78
5644 88
5645 94
5646 92
5647 99
5648 106
5649 116
5650 119
5651 81
5652 86
5653 91
5654 92
5655 96
5656 74
5657 80
5658 86
5659 89
5660 94
5661 100
5662 98
5663 103
5664 113
5665 107
5666 109
5667 111
5668 109
5669 114
5670 116
5671 120
5672 84
5673 87
5674 90
5675 91
5676 90
5677 67
5678 74
5679 83
5680 74
5681 84
5682 94
5683 95
5684 104
5685 100
5686 105
5687 111
5688 118
5689 124
5690 106
5691 116
5692 89
5693 97
5694 107
5695 109
5696 118
5697 128
5698 132
5699 140
5700 144
5701 97
5702 65
5703 73
5704 79
5705 83
5706 84
5707 86
5708 87
5709 96
5710 83
5711 84
5712 88
5713 91
5714 97
5715 102
5716 105
5717 109
5718 113
5719 123
5720 126
5721 112
5722 61
5723 68
5724 72
5725 73
5726 80
5727 88
5728 98
5729 101
5730 111
5731 102
5732 109
5733 99
5734 100
5735 105
5736 109
5737 107
5738 112
5739 116
5740 116
5741 120
5742 125
5743 97
5744 95
5745 105
5746 107
5747 81
5748 82
5749 88
5750 75
5751 82
5752 76
5753 80
5754 88
5755 97
5756 103
5757 91
5758 101
5759 91
5760 92
5761 95
5762 98
5763 103
5764 109
5765 102
5766 105
5767 114
5768 122
5769 126
5770 115
5771 125
5772 129
5773 136
5774 85
5775 92
5776 98
5777 103
5778 107
5779 110
5780 116
5781 100
5782 106
5783 83
5784 85
5785 89
5786 95
5787 100
5788 109
5789 116
5790 72
5791 78
5792 80
5793 82
5794 88
5795 97
5796 98
5797 103
5798 102
5799 104
5800 110
5801 120
5802 128
5803 129
5804 136
5805 114
5806 123
5807 104
5808 105
5809 109
5810 111
5811 114
5812 117
5813 99
5814 106
5815 114
5816 121
5817 128
5818 111
5819 113
5820 117
5821 107
5822 101
5823 95
5824 97
5825 104
5826 108
5827 84
5828 89
5829 93
5830 96
5831 101
5832 106
5833 108
5834 110
5835 114
5836 118
5837 117
5838 109
5839 117
5840 110
5841 116
5842 124
5843 125
5844 97
5845 105
5846 114
5847 124
5848 128
5849 138
5850 123
5851 106
5852 115
5853 122
5854 128
5855 119
5856 125
5857 106
5858 107
5859 115
5860 111
5861 103
5862 113
5863 121
5864 126
5865 91
5866 97
5867 102
5868 107
5869 115
5870 121
5871 117
5872 110
5873 110
5874 114
5875 123
5876 100
5877 76
5878 81
5879 88
5880 89
5881 92
5882 96
5883 105
5884 109
5885 118
5886 88
5887 90
5888 98
5889 82
5890 84
5891 94
5892 100
5893 109
5894 112
5895 114
5896 116
5897 114
5898 113
5899 115
5900 109
5901 110
5902 102
5903 106
5904 76
5905 78
5906 83
5907 89
5908 96
5909 100
5910 96
5911 102
5912 103
5913 96
5914 100
5915 110
5916 116
5917 122
5918 121
5919 112
5920 114
5921 99
5922 102
5923 97
5924 95
5925 105
5926 112
5927 100
5928 103
5929 109
5930 116
5931 112
5932 121
5933 128
5934 110
5935 118
5936 104
5937 107
5938 114
5939 115
5940 107
5941 114
5942 78
5943 81
5944 89
5945 93
5946 103
5947 78
5948 80
5949 88
5950 98
5951 108
5952 112
5953 121
5954 110
5955 112
5956 82
5957 86
5958 88
5959 96
5960 102
5961 82
5962 84
5963 94
5964 98
5965 107
5966 116
5967 121
5968 128
5969 136
5970 144
5971 90
5972 96
5973 105
5974 106
5975 109
5976 114
5977 99
5978 104
5979 105
5980 113
5981 81
5982 84
5983 86
5984 92
5985 93
5986 103
5987 107
5988 100
5989 105
5990 106
5991 104
5992 91
5993 93
5994 100
5995 105
5996 107
5997 107
5998 113
5999 120
6000 122
6001 126
6002 136
6003 114
6004 118
6005 103
6006 104
6007 112
6008 117
6009 112
6010 116
6011 117
6012 104
6013 113
6014 118
6015 83
6016 92
6017 96
6018 104
6019 45
6020 52
6021 58
6022 67
6023 73
6024 83
6025 89
6026 97
6027 99
6028 109
6029 119
6030 105
6031 74
6032 84
6033 85
6034 92
6035 96
6036 98
6037 107
6038 103
6039 107
6040 115
6041 109
6042 119
6043 65
6044 75
6045 79
6046 83
6047 87
6048 89
6049 96
6050 101
6051 102
6052 112
6053 116
6054 119
6055 125
6056 105
6057 115
6058 122
6059 113
6060 120
6061 123
6062 127
6063 94
6064 98
6065 101
6066 104
6067 91
6068 97
6069 96
6070 97
6071 102
6072 94
6073 101
6074 106
6075 97
6076 107
6077 114
6078 115
6079 123
6080 115
6081 88
6082 96
6083 91
6084 92
6085 102
6086 111
6087 100
6088 103
6089 100
6090 108
6091 109
6092 113
6093 94
6094 98
6095 104
6096 96
6097 99
6098 104
6099 105
6100 106
6101 110
6102 114
6103 124
6104 133
6105 139
6106 88
6107 96
6108 101
6109 103
6110 106
6111 110
6112 113
6113 91
6114 96
6115 97
6116 106
6117 111
6118 118
6119 104
6120 112
6121 118
6122 121
6123 125
6124 97
6125 107
6126 117
6127 118
6128 124
6129 130
6130 96
6131 103
6132 105
6133 110
6134 112
6135 121
6136 101
6137 102
6138 112
6139 110
6140 114
6141 119
6142 126
6143 128
6144 138
6145 140
6146 112
6147 118
6148 108
6149 109
6150 106
6151 108
6152 102
6153 106
6154 108
6155 110
6156 93
6157 101
6158 107
6159 111
6160 109
6161 99
6162 105
6163 107
6164 117
6165 125
6166 105
6167 88
6168 95
6169 100
6170 101
6171 76
6172 85
6173 91
6174 101
6175 105
6176 105
6177 107
6178 114
6179 117
6180 127
6181 128
6182 116
6183 95
6184 94
6185 98
6186 107
6187 102
6188 107
6189 110
6190 113
6191 94
6192 102
6193 109
6194 105
6195 113
6196 101
6197 108
6198 83
6199 90
6200 95
6201 100
6202 106
6203 97
6204 105
6205 105
6206 92
6207 98
6208 95
6209 104
6210 105
6211 115
6212 102
6213 108
6214 109
6215 112
6216 119
6217 110
6218 114
6219 102
6220 76
6221 84
6222 90
6223 97
6224 101
6225 106
6226 115
6227 111
6228 112
6229 117
6230 118
6231 108
6232 112
6233 108
6234 115
6235 102
6236 98
6237 108
6238 113
6239 90
6240 98
6241 100
6242 93
6243 98
6244 100
6245 104
6246 114
6247 121
6248 129
6249 107
6250 108
6251 118
6252 119
6253 119
6254 104
6255 106
6256 77
6257 83
6258 89
6259 93
6260 99
6261 103
6262 108
6263 109
6264 116
6265 118
6266 121
6267 106
6268 65
6269 67
6270 69
6271 76
6272 80
6273 83
6274 85
6275 90
6276 91
6277 96
6278 103
6279 109
6280 112
6281 116
6282 94
6283 102
6284 103
6285 112
6286 99
6287 105
6288 97
6289 103
6290 105
6291 112
6292 121
6293 112
6294 122
6295 120
6296 129
6297 137
6298 145
6299 155
6300 100
6301 102
6302 102
6303 105
6304 104
6305 102
6306 90
6307 99
6308 107
6309 111
6310 118
6311 102
6312 108
6313 110
6314 114
6315 119
6316 117
6317 100
6318 101
6319 103
6320 104
6321 111
6322 115
6323 117
6324 100
6325 104
6326 105
6327 110
6328 98
6329 99
6330 106
6331 115
6332 93
6333 54
6334 60
6335 70
6336 76
6337 79
6338 89
6339 98
6340 96
6341 97
6342 100
6343 101
6344 99
6345 99
6346 100
6347 106
6348 113
6349 108
6350 112
6351 120
6352 127
6353 137
6354 146
6355 110
6356 116
6357 120
6358 100
6359 92
6360 95
6361 96
6362 102
6363 103
6364 111
6365 105
6366 113
6367 117
6368 118
6369 104
6370 105
6371 106
6372 112
6373 102
6374 109
6375 114
6376 115
6377 125
6378 131
6379 123
6380 108
6381 118
6382 120
6383 127
6384 135
6385 137
6386 116
6387 118
6388 122
6389 86
6390 93
6391 96
6392 98
6393 101
6394 104
6395 107
6396 86
6397 91
6398 96
6399 102
6400 103
6401 113
6402 93
6403 101
6404 107
6405 115
6406 125
6407 130
6408 132
6409 138
6410 139
6411 103
6412 105
6413 103
6414 97
6415 105
6416 77
6417 79
6418 85
6419 95
6420 99
6421 103
6422 108
6423 108
6424 109
6425 114
6426 119
6427 111
6428 114
6429 116
6430 78
6431 88
6432 91
6433 92
6434 94
6435 102
6436 106
6437 110
6438 111
6439 107
6440 114
6441 116
6442 124
6443 101
6444 88
6445 90
6446 91
6447 97
6448 107
6449 112
6450 109
6451 110
6452 118
6453 114
6454 120
6455 79
6456 80
6457 89
6458 99
6459 108
6460 79
6461 89
6462 92
6463 93
6464 95
6465 99
6466 107
6467 112
6468 102
6469 95
6470 105
6471 109
6472 114
6473 97
6474 92
6475 95
6476 98
6477 97
6478 90
6479 98
6480 101
6481 106
6482 112
6483 114
6484 120
6485 122
6486 125
6487 133
6488 110
6489 120
6490 97
6491 93
6492 100
6493 82
6494 87
6495 91
6496 92
6497 96
6498 104
6499 72
6500 80
6501 90
6502 100
6503 105
6504 108
6505 104
6506 110
6507 105
6508 115
6509 106
6510 101
6511 106
6512 112
6513 115
6514 121
6515 126
6516 104
6517 111
6518 110
6519 22
6520 25
6521 31
6522 34
6523 40
6524 46
6525 53
6526 63
6527 67
6528 69
6529 74
6530 82
6531 83
6532 88
6533 98
6534 106
6535 78
6536 82
6537 92
6538 94
6539 99
6540 103
6541 94
6542 100
6543 107
6544 114
6545 116
6546 105
6547 107
6548 112
6549 116
6550 121
6551 126
6552 127
6553 91
6554 92
6555 101
6556 105
6557 114
6558 116
6559 101
6560 110
6561 111
6562 94
6563 95
6564 97
6565 99
6566 81
6567 89
6568 85
6569 90
6570 99
6571 103
6572 103
6573 109
6574 108
6575 117
6576 120
6577 127
6578 112
6579 103
6580 105
6581 113
6582 120
6583 124
6584 102
6585 103
6586 105
6587 108
6588 96
6589 97
6590 105
6591 106
6592 109
6593 114
6594 99
6595 107
6596 114
6597 122
6598 129
6599 127
6600 134
6601 93
6602 95
6603 97
6604 106
6605 115
6606 104
6607 109
6608 118
6609 114
6610 65
6611 75
6612 81
6613 87
6614 97
6615 106
6616 113
6617 121
6618 118
6619 115
6620 125
6621 97
6622 107
6623 80
6624 82
6625 90
6626 100
6627 108
6628 110
6629 114
6630 117
6631 119
6632 120
6633 115
6634 122
6635 87
6636 91
6637 99
6638 109
6639 105
6640 103
6641 112
6642 105
6643 110
6644 118
6645 106
6646 89
6647 90
6648 97
6649 104
6650 93
6651 100
6652 106
6653 110
6654 74
6655 77
6656 82
6657 90
6658 98
6659 97
6660 104
6661 113
6662 115
6663 120
6664 117
6665 119
6666 118
6667 126
6668 130
6669 132
6670 135
6671 103
6672 109
6673 92
6674 93
6675 100
6676 100
6677 94
6678 99
6679 97
6680 98
6681 105
6682 95
6683 103
6684 83
6685 92
6686 93
6687 98
6688 98
6689 103
6690 110
6691 91
6692 101
6693 102
6694 104
6695 107
6696 108
6697 114
6698 116
6699 125
6700 126
6701 136
6702 127
6703 117
6704 119
6705 119
6706 126
6707 86
6708 88
6709 91
6710 92
6711 96
6712 96
6713 100
6714 101
6715 111
6716 113
6717 93
6718 89
6719 92
6720 97
6721 99
6722 104
6723 107
6724 107
6725 110
6726 90
6727 93
6728 100
6729 103
6730 107
6731 111
6732 121
6733 118
6734 119
6735 121
6736 126
6737 91
6738 96
6739 105
6740 92
6741 102
6742 109
6743 114
6744 118
6745 115
6746 95
6747 96
6748 97
6749 88
6750 91
6751 101
6752 105
6753 110
6754 99
6755 72
6756 77
6757 79
6758 84
6759 92
6760 98
6761 99
6762 102
6763 103
6764 105
6765 108
6766 61
6767 64
6768 70
6769 73
6770 80
6771 85
6772 86
6773 96
6774 104
6775 82
6776 83
6777 88
6778 93
6779 102
6780 96
6781 101
6782 102
6783 108
6784 110
6785 96
6786 99
6787 100
6788 103
6789 105
6790 113
6791 120
6792 122
6793 91
6794 100
6795 102
6796 103
6797 103
6798 107
6799 109
6800 96
6801 99
6802 104
6803 113
6804 114
6805 93
6806 103
6807 106
6808 115
6809 116
6810 125
6811 135
6812 94
6813 103
6814 112
6815 115
6816 80
6817 89
6818 95
6819 103
6820 109
6821 65
6822 73
6823 77
6824 85
6825 92
6826 97
6827 89
6828 97
6829 100
6830 102
6831 106
6832 95
6833 101
6834 107
6835 96
6836 100
6837 106
6838 111
6839 117
6840 82
6841 84
6842 90
6843 98
6844 102
6845 97
6846 105
6847 112
6848 103
6849 106
6850 107
6851 111
6852 118
6853 123
6854 121
6855 128
6856 112
6857 108
6858 100
6859 105
6860 108
6861 91
6862 97
6863 107
6864 109
6865 117
6866 95
6867 97
6868 105
6869 108
6870 114
6871 110
6872 55
6873 60
6874 66
6875 72
6876 78
6877 83
6878 87
6879 97
6880 101
6881 103
6882 112
6883 111
6884 98
6885 103
6886 113
6887 108
6888 117
6889 89
6890 99
6891 107
6892 117
6893 113
6894 117
6895 126
6896 55
6897 57
6898 67
6899 69
6900 78
6901 84
6902 92
6903 88
6904 89
6905 76
6906 78
6907 80
6908 87
6909 97
6910 105
6911 110
6912 113
6913 109
6914 114
6915 124
6916 126
6917 135
6918 137
6919 147
6920 152
6921 93
6922 102
6923 105
6924 107
6925 109
6926 103
6927 106
6928 116
6929 118
6930 121
6931 97
6932 100
6933 99
6934 102
6935 104
6936 89
6937 97
6938 84
6939 89
6940 98
6941 104
6942 107
6943 95
6944 97
6945 95
6946 105
6947 111
6948 116
6949 93
6950 100
6951 106
6952 116
6953 122
6954 94
6955 94
6956 94
6957 98
6958 93
6959 96
6960 103
6961 104
6962 106
6963 114
6964 116
6965 121
6966 99
6967 105
6968 114
6969 118
6970 103
6971 100
6972 86
6973 89
6974 97
6975 101
6976 107
6977 110
6978 80
6979 87
6980 94
6981 104
6982 109
6983 101
6984 74
6985 83
6986 86
6987 92
6988 86
6989 88
6990 90
6991 99
6992 107
6993 115
6994 123
6995 118
6996 116
6997 108
6998 110
6999 113
7000 118
7001 97
7002 101
7003 98
7004 89
7005 92
7006 102
7007 112
7008 113
7009 120
7010 109
7011 102
7012 110
7013 116
7014 111
7015 118
7016 122
7017 100
7018 109
7019 118
7020 114
7021 117
7022 104
7023 112
7024 105
7025 109
7026 115
7027 105
7028 80
7029 83
7030 84
7031 91
7032 98
7033 103
7034 74
7035 75
7036 76
7037 77
7038 80
7039 88
7040 95
7041 99
7042 106
7043 99
7044 105
7045 104
7046 111
7047 114
7048 85
7049 90
7050 97
7051 99
7052 107
7053 108
7054 115
7055 121
7056 99
7057 98
7058 103
7059 106
7060 105
7061 111
7062 106
7063 109
7064 113
7065 121
7066 113
7067 94
7068 100
7069 106
7070 112
7071 95
7072 96
7073 103
7074 106
7075 113
7076 117
7077 122
7078 104
7079 89
7080 98
7081 104
7082 110
7083 98
7084 103
7085 107
7086 111
7087 110
7088 103
7089 104
7090 107
7091 111
7092 117
7093 83
7094 90
7095 93
7096 102
7097 110
7098 111
7099 118
7100 97
7101 103
7102 109
7103 110
7104 111
7105 119
7106 120
7107 121
7108 80
7109 82
7110 87
7111 90
7112 92
7113 78
7114 80
7115 84
7116 92
7117 102
7118 97
7119 107
7120 116
7121 122
7122 128
7123 137
7124 121
7125 100
7126 107
7127 112
7128 80
7129 75
7130 80
7131 82
7132 83
7133 88
7134 95
7135 103
7136 106
7137 107
7138 113
7139 100
7140 107
7141 108
7142 101
7143 108
7144 118
7145 122
7146 106
7147 103
7148 106
7149 114
7150 122
7151 92
7152 101
7153 107
7154 111
7155 118
7156 122
7157 124
7158 130
7159 138
7160 144
7161 153
7162 158
7163 91
7164 95
7165 76
7166 82
7167 87
7168 95
7169 100
7170 110
7171 118
7172 122
7173 132
7174 135
7175 130
7176 136
7177 124
7178 119
7179 125
7180 97
7181 99
7182 106
7183 115
7184 110
7185 116
7186 85
7187 94
7188 100
7189 101
7190 102
7191 85
7192 90
7193 92
7194 99
7195 90
7196 89
7197 93
7198 72
7199 75
7200 76
7201 83
7202 84
7203 90
7204 98
7205 107
7206 72
7207 76
7208 86
7209 96
7210 99
7211 106
7212 111
7213 102
7214 110
7215 115
7216 113
7217 109
7218 78
7219 81
7220 87
7221 91
7222 94
7223 99
7224 102
7225 110
7226 118
7227 121
7228 119
7229 117
7230 87
7231 89
7232 94
7233 102
7234 85
7235 89
7236 93
7237 103
7238 104
7239 110
7240 119
7241 92
7242 99
7243 103
7244 108
7245 109
7246 112
7247 114
7248 122
7249 127
7250 128
7251 83
7252 85
7253 87
7254 95
7255 100
7256 103
7257 105
7258 114
7259 116
7260 119
7261 51
7262 59
7263 62
7264 72
7265 74
7266 79
7267 81
7268 88
7269 96
7270 104
7271 107
7272 101
7273 107
7274 107
7275 115
7276 105
7277 106
7278 89
7279 94
7280 96
7281 104
7282 110
7283 116
7284 118
7285 123
7286 131
7287 139
7288 117
7289 113
7290 116
7291 117
7292 122
7293 130
7294 132
7295 133
7296 119
7297 105
7298 95
7299 97
7300 98
7301 105
7302 109
7303 117
7304 125
7305 105
7306 106
7307 104
7308 102
7309 110
7310 115
7311 99
7312 103
7313 108
7314 110
7315 112
7316 104
7317 110
7318 120
7319 114
7320 91
7321 86
7322 94
7323 95
7324 78
7325 79
7326 85
7327 92
7328 94
7329 101
7330 109
7331 111
7332 114
7333 109
7334 110
7335 113
7336 117
7337 120
7338 113
7339 67
7340 73
7341 74
7342 77
7343 86
7344 96
7345 101
7346 105
7347 95
7348 99
7349 105
7350 96
7351 99
7352 75
7353 80
7354 79
7355 82
7356 89
7357 98
7358 99
7359 100
7360 95
7361 99
7362 103
7363 108
7364 115
7365 96
7366 99
7367 104
7368 114
7369 107
7370 109
7371 100
7372 107
7373 88
7374 90
7375 96
7376 103
7377 100
7378 80
7379 85
7380 95
7381 98
7382 102
7383 108
7384 115
7385 122
7386 105
7387 115
7388 110
7389 104
7390 106
7391 107
7392 106
7393 114
7394 116
7395 125
7396 128
7397 82
7398 88
7399 95
7400 96
7401 101
7402 103
7403 109
7404 110
7405 108
7406 115
7407 122
7408 119
7409 124
7410 107
7411 99
7412 101
7413 105
7414 113
7415 123
7416 132
7417 133
7418 140
7419 101
7420 107
7421 110
7422 116
7423 105
7424 63
7425 65
7426 73
7427 76
7428 81
7429 83
7430 89
7431 93
7432 101
7433 106
7434 111
7435 115
7436 116
7437 100
7438 103
7439 105
7440 113
7441 108
7442 118
7443 120
7444 90
7445 93
7446 103
7447 104
7448 103
7449 106
7450 107
7451 108
7452 111
7453 104
7454 106
7455 103
7456 111
7457 119
7458 83
7459 84
7460 91
7461 98
7462 107
7463 115
7464 121
7465 128
7466 124
7467 118
7468 123
7469 115
7470 89
7471 91
7472 97
7473 99
7474 102
7475 103
7476 107
7477 112
7478 116
7479 118
7480 100
7481 85
7482 82
7483 84
7484 90
7485 94
7486 101
7487 84
7488 87
7489 95
7490 99
7491 104
7492 106
7493 111
7494 121
7495 128
7496 137
7497 102
7498 105
7499 114
7500 119
7501 111
7502 107
7503 108
7504 90
7505 92
7506 97
7507 100
7508 102
7509 97
7510 102
7511 99
7512 109
7513 117
7514 124
7515 130
7516 134
7517 118
7518 114
7519 116
7520 81
7521 84
7522 89
7523 93
7524 96
7525 106
7526 115
7527 93
7528 103
7529 111
7530 91
7531 93
7532 103
7533 113
7534 115
7535 119
7536 99
7537 86
7538 96
7539 102
7540 103
7541 111
7542 114
7543 95
7544 104
7545 112
7546 106
7547 84
7548 90
7549 95
7550 101
7551 111
7552 120
7553 103
7554 113
7555 122
7556 131
7557 132
7558 141
7559 113
7560 117
7561 84
7562 89
7563 97
7564 105
7565 111
7566 121
7567 81
7568 86
7569 89
7570 98
7571 104
7572 107
7573 111
7574 113
7575 112
7576 113
7577 115
7578 120
7579 89
7580 94
7581 93
7582 55
7583 64
7584 74
7585 76
7586 83
7587 88
7588 96
7589 91
7590 99
7591 104
7592 105
7593 107
7594 112
7595 104
7596 107
7597 111
7598 114
7599 108
7600 91
7601 100
7602 108
7603 108
7604 116
7605 109
7606 112
7607 111
7608 112
7609 113
7610 123
7611 126
7612 136
7613 102
7614 110
7615 119
7616 92
7617 98
7618 99
7619 109
7620 114
7621 92
7622 97
7623 84
7624 92
7625 72
7626 80
7627 83
7628 91
7629 98
7630 105
7631 112
7632 114
7633 110
7634 112
7635 113
7636 109
7637 112
7638 121
7639 131
7640 106
7641 100
7642 92
7643 99
7644 109
7645 107
7646 96
7647 97
7648 106
7649 99
7650 100
7651 108
7652 104
7653 112
7654 117
7655 119
7656 89
7657 91
7658 94
7659 96
7660 97
7661 103
7662 111
7663 119
7664 123
7665 102
7666 111
7667 117
7668 122
7669 94
7670 98
7671 106
7672 111
7673 114
7674 103
7675 107
7676 98
7677 104
7678 103
7679 98
7680 107
7681 110
7682 113
7683 83
7684 89
7685 93
7686 96
7687 105
7688 115
7689 119
7690 124
7691 101
7692 102
7693 112
7694 117
7695 105
7696 106
7697 107
7698 113
7699 119
7700 122
7701 130
7702 126
7703 95
7704 105
7705 89
7706 99
7707 104
7708 96
7709 98
7710 100
7711 91
7712 99
7713 82
7714 90
7715 87
7716 95
7717 97
7718 107
7719 110
7720 111
7721 121
7722 128
7723 130
7724 90
7725 99
7726 107
7727 113
7728 99
7729 95
7730 102
7731 104
7732 105
7733 114
7734 117
7735 120
7736 108
7737 102
7738 81
7739 86
7740 89
7741 92
7742 102
7743 105
7744 111
7745 113
7746 104
7747 109
7748 98
7749 91
7750 94
7751 90
7752 93
7753 99
7754 103
7755 110
7756 120
7757 125
7758 128
7759 103
7760 88
7761 94
7762 84
7763 88
7764 91
7765 94
7766 103
7767 105
7768 106
7769 96
7770 106
7771 94
7772 97
7773 98
7774 99
7775 109
7776 89
7777 92
7778 102
7779 105
7780 115
7781 117
7782 119
7783 119
7784 128
7785 85
7786 92
7787 100
7788 88
7789 94
7790 96
7791 105
7792 112
7793 100
7794 104
7795 110
7796 97
7797 101
7798 110
7799 111
7800 108
7801 112
7802 117
7803 122
7804 124
7805 127
7806 134
7807 90
7808 98
7809 101
7810 100
7811 103
7812 112
7813 116
7814 118
7815 123
7816 124
7817 102
7818 95
7819 105
7820 111
7821 111
7822 121
7823 129
7824 110
7825 103
7826 108
7827 112
7828 117
7829 125
7830 107
7831 109
7832 116
7833 120
7834 130
7835 119
7836 122
7837 100
7838 109
7839 117
7840 125
7841 127
7842 136
7843 93
7844 95
7845 90
7846 92
7847 102
7848 105
7849 108
7850 112
7851 76
7852 85
7853 87
7854 97
7855 106
7856 115
7857 122
7858 124
7859 106
7860 113
7861 119
7862 106
7863 108
7864 74
7865 83
7866 86
7867 88
7868 80
7869 81
7870 82
7871 92
7872 94
7873 102
7874 110
7875 112
7876 120
7877 118
7878 89
7879 98
7880 80
7881 83
7882 88
7883 93
7884 99
7885 101
7886 102
7887 101
7888 104
7889 64
7890 72
7891 78
7892 86
7893 88
7894 92
7895 102
7896 107
7897 109
7898 110
7899 117
7900 104
7901 113
7902 116
7903 97
7904 100
7905 106
7906 108
7907 93
7908 94
7909 65
7910 71
7911 80
7912 89
7913 97
7914 103
7915 112
7916 96
7917 103
7918 112
7919 121
7920 107
7921 110
7922 84
7923 90
7924 92
7925 101
7926 110
7927 112
7928 116
7929 124
7930 133
7931 140
7932 98
7933 101
7934 102
7935 107
7936 112
7937 113
7938 106
7939 105
7940 88
7941 91
7942 92
7943 96
7944 104
7945 101
7946 93
7947 99
7948 100
7949 104
7950 79
7951 80
7952 83
7953 93
7954 98
7955 71
7956 79
7957 89
7958 94
7959 92
7960 97
7961 102
7962 108
7963 112
7964 115
7965 122
7966 100
7967 102
7968 104
7969 108
7970 109
7971 83
7972 77
7973 75
7974 81
7975 83
7976 91
7977 70
7978 79
7979 83
7980 93
7981 97
7982 100
7983 103
7984 104
7985 111
7986 121
7987 127
7988 128
7989 130
7990 78
7991 87
7992 94
7993 96
7994 98
7995 99
7996 108
7997 95
7998 62
7999 71
8000 72
8001 78
8002 85
8003 93
8004 102
8005 108
8006 101
8007 102
8008 108
8009 113
8010 115
8011 118
8012 77
8013 87
8014 95
8015 101
8016 96
8017 101
8018 109
8019 99
8020 108
8021 112
8022 114
8023 105
8024 105
8025 108
8026 115
8027 121
8028 80
8029 88
8030 90
8031 96
8032 106
8033 110
8034 111
8035 121
8036 109
8037 90
8038 97
8039 102
8040 103
8041 94
8042 104
8043 111
8044 108
8045 90
8046 94
8047 102
8048 108
8049 118
8050 106
8051 109
8052 112
8053 114
8054 124
8055 134
8056 141
8057 97
8058 96
8059 93
8060 101
8061 62
8062 68
8063 72
8064 77
8065 79
8066 87
8067 92
8068 95
8069 104
8070 111
8071 114
8072 116
8073 118
8074 98
8075 106
8076 113
8077 116
8078 117
8079 97
8080 103
8081 97
8082 105
8083 109
8084 116
8085 111
8086 121
8087 130
8088 136
8089 142
8090 152
8091 106
8092 92
8093 93
8094 101
8095 103
8096 93
8097 96
8098 104
8099 105
8100 102
8101 112
8102 95
8103 104
8104 112
8105 115
8106 116
8107 90
8108 100
8109 101
8110 103
8111 87
8112 94
8113 96
8114 97
8115 98
8116 100
8117 103
8118 104
8119 108
8120 80
8121 89
8122 92
8123 93
8124 97
8125 107
8126 112
8127 75
8128 77
8129 86
8130 87
8131 93
8132 96
8133 98
8134 101
8135 107
8136 117
8137 114
8138 97
8139 106
8140 108
8141 111
8142 114
8143 118
8144 120
8145 123
8146 88
8147 96
8148 88
8149 95
8150 92
8151 102
8152 106
8153 112
8154 120
8155 124
8156 129
8157 81
8158 88
8159 90
8160 91
8161 98
8162 99
8163 109
8164 115
8165 88
8166 92
8167 97
8168 97
8169 103
8170 104
8171 86
8172 91
8173 100
8174 101
8175 109
8176 117
8177 120
8178 82
8179 56
8180 66
8181 67
8182 70
8183 77
8184 87
8185 92
8186 100
8187 103
8188 104
8189 113
8190 116
8191 120
8192 112
8193 109
8194 111
8195 117
8196 106
8197 100
8198 110
8199 113
8200 93
8201 94
8202 97
8203 102
8204 107
8205 116
8206 80
8207 84
8208 94
8209 98
8210 76
8211 84
8212 89
8213 98
8214 99
8215 103
8216 104
8217 112
8218 97
8219 98
8220 102
8221 108
8222 101
8223 110
8224 99
8225 100
8226 110
8227 98
8228 99
8229 103
8230 106
8231 101
8232 106
8233 110
8234 114
8235 107
8236 114
8237 97
8238 78
8239 79
8240 89
8241 92
8242 98
8243 103
8244 111
8245 99
8246 100
8247 108
8248 112
8249 121
8250 110
8251 106
8252 114
8253 123
8254 125
8255 127
8256 130
8257 115
8258 114
8259 118
8260 83
8261 88
8262 94
8263 95
8264 97
8265 88
8266 94
8267 72
8268 77
8269 63
8270 69
8271 70
8272 69
8273 76
8274 85
8275 90
8276 95
8277 105
8278 109
8279 119
8280 99
8281 104
8282 114
8283 119
8284 104
8285 107
8286 94
8287 101
8288 102
8289 104
8290 105
8291 115
8292 116
8293 124
8294 105
8295 115
8296 117
8297 122
8298 116
8299 120
8300 118
8301 119
8302 126
8303 135
8304 113
8305 119
8306 90
8307 97
8308 101
8309 108
8310 113
8311 105
8312 107
8313 112
8314 96
8315 106
8316 83
8317 89
8318 90
8319 95
8320 99
8321 100
8322 108
8323 108
8324 117
8325 126
8326 114
8327 122
8328 87
8329 93
8330 97
8331 101
8332 104
8333 106
8334 110
8335 93
8336 92
8337 96
8338 101
8339 102
8340 109
8341 110
8342 116
8343 126
8344 129
8345 73
8346 79
8347 87
8348 90
8349 92
8350 93
8351 99
8352 108
8353 110
8354 98
8355 100
8356 107
8357 98
8358 100
8359 106
8360 110
8361 111
8362 101
8363 103
8364 106
8365 110
8366 116
8367 108
8368 95
8369 98
8370 102
8371 105
8372 106
8373 107
8374 114
8375 124
8376 126
8377 135
8378 99
8379 108
8380 116
8381 125
8382 105
8383 113
8384 117
8385 120
8386 91
8387 86
8388 96
8389 104
8390 111
8391 115
8392 119
8393 127
8394 102
8395 107
8396 108
8397 118
8398 120
8399 125
8400 98
8401 100
8402 109
8403 99
8404 106
8405 114
8406 119
8407 128
8408 136
8409 111
8410 113
8411 92
8412 97
8413 95
8414 101
8415 110
8416 115
8417 108
8418 105
8419 113
8420 119
8421 106
8422 113
8423 120
8424 129
8425 49
8426 55
8427 58
8428 60
8429 63
8430 67
8431 76
8432 83
8433 90
8434 95
8435 99
8436 100
8437 109
8438 98
8439 102
8440 110
8441 116
8442 94
8443 96
8444 102
8445 109
8446 110
8447 113
8448 103
8449 110
8450 112
8451 122
8452 109
8453 114
8454 109
8455 117
8456 106
8457 112
8458 120
8459 112
8460 94
8461 96
8462 77
8463 87
8464 91
8465 99
8466 107
8467 99
8468 87
8469 85
8470 89
8471 92
8472 93
8473 98
8474 103
8475 113
8476 119
8477 122
8478 123
8479 127
8480 129
8481 92
8482 94
8483 75
8484 81
8485 84
8486 85
8487 95
8488 98
8489 99
8490 106
8491 110
8492 119
8493 126
8494 128
8495 126
8496 89
8497 93
8498 95
8499 97
8500 99
8501 103
8502 107
8503 111
8504 116
8505 65
8506 73
8507 81
8508 85
8509 92
8510 102
8511 108
8512 109
8513 93
8514 91
8515 94
8516 99
8517 107
8518 113
8519 87
8520 97
8521 98
8522 99
8523 103
8524 95
8525 100
8526 110
8527 116
8528 105
8529 99
8530 109
8531 89
8532 91
8533 96
8534 100
8535 107
8536 94
8537 100
8538 80
8539 83
8540 86
8541 96
8542 72
8543 80
8544 90
8545 97
8546 86
8547 88
8548 78
8549 84
8550 89
8551 99
8552 105
8553 106
8554 111
8555 116
8556 103
8557 104
8558 107
8559 115
8560 124
8561 134
8562 107
8563 114
8564 103
8565 104
8566 103
8567 109
8568 114
8569 120
8570 124
8571 118
8572 121
8573 126
8574 136
8575 91
8576 99
8577 88
8578 98
8579 105
8580 106
8581 109
8582 83
8583 85
8584 88
8585 96
8586 104
8587 108
8588 83
8589 93
8590 100
8591 104
8592 112
8593 121
8594 125
8595 97
8596 101
8597 92
8598 88
8599 98
8600 99
8601 108
8602 98
8603 107
8604 104
8605 93
8606 103
8607 106
8608 115
8609 102
8610 75
8611 80
8612 90
8613 92
8614 102
8615 111
8616 104
8617 77
8618 83
8619 84
8620 88
8621 83
8622 91
8623 95
8624 100
8625 95
8626 102
8627 110
8628 111
8629 112
8630 116
8631 119
8632 90
8633 98
8634 100
8635 110
8636 111
8637 89
8638 95
8639 97
8640 98
8641 101
8642 101
8643 102
8644 76
8645 78
8646 79
8647 81
8648 82
8649 89
8650 92
8651 78
8652 85
8653 94
8654 98
8655 102
8656 93
8657 99
8658 100
8659 92
8660 102
8661 107
8662 111
8663 114
8664 82
8665 88
8666 93
8667 100
8668 103
8669 109
8670 117
8671 118
8672 127
8673 129
8674 116
8675 119
8676 88
8677 57
8678 58
8679 62
8680 69
8681 71
8682 76
8683 82
8684 90
8685 96
8686 103
8687 73
8688 75
8689 81
8690 86
8691 96
8692 74
8693 75
8694 85
8695 86
8696 96
8697 102
8698 98
8699 106
8700 103
8701 105
8702 111
8703 103
8704 106
8705 95
8706 104
8707 113
8708 119
8709 102
8710 104
8711 106
8712 108
8713 88
8714 58
8715 68
8716 72
8717 82
8718 85
8719 67
8720 75
8721 80
8722 87
8723 85
8724 92
8725 96
8726 100
8727 105
8728 114
8729 91
8730 92
8731 93
8732 99
8733 108
8734 117
8735 103
8736 105
8737 106
8738 104
8739 111
8740 118
8741 109
8742 110
8743 116
8744 105
8745 115
8746 116
8747 90
8748 97
8749 100
8750 109
8751 111
8752 112
8753 81
8754 90
8755 94
8756 100
8757 80
8758 84
8759 88
8760 95
8761 96
8762 101
8763 111
8764 118
8765 119
8766 96
8767 102
8768 104
8769 109
8770 117
8771 127
8772 137
8773 146
8774 103
8775 103
8776 105
8777 104
8778 88
8779 96
8780 98
8781 102
8782 104
8783 107
8784 114
8785 117
8786 77
8787 82
8788 88
8789 96
8790 101
8791 110
8792 116
8793 123
8794 131
8795 111
8796 115
8797 113
8798 100
8799 104
8800 110
8801 106
8802 101
8803 110
8804 115
8805 124
8806 76
8807 69
8808 79
8809 83
8810 85
8811 93
8812 97
8813 103
8814 113
8815 116
8816 100
8817 101
8818 105
8819 114
8820 124
8821 83
8822 89
8823 91
8824 91
8825 86
8826 91
8827 100
8828 73
8829 77
8830 82
8831 90
8832 92
8833 99
8834 96
8835 103
8836 105
8837 106
8838 115
8839 120
8840 72
8841 70
8842 75
8843 80
8844 85
8845 89
8846 58
8847 60
8848 65
8849 75
8850 76
8851 83
8852 92
8853 102
8854 110
8855 111
8856 91
8857 97
8858 100
8859 110
8860 116
8861 126
8862 94
8863 101
8864 108
8865 112
8866 114
8867 108
8868 112
8869 98
8870 107
8871 117
8872 112
8873 116
8874 115
8875 117
8876 120
8877 128
8878 132
8879 106
8880 107
8881 59
8882 69
8883 76
8884 80
8885 89
8886 90
8887 84
8888 85
8889 89
8890 98
8891 104
8892 110
8893 104
8894 105
8895 109
8896 112
8897 113
8898 121
8899 124
8900 104
8901 109
8902 74
8903 84
8904 89
8905 99
8906 106
8907 108
8908 113
8909 115
8910 111
8911 117
8912 118
8913 91
8914 97
8915 102
8916 106
8917 110
8918 114
8919 109
8920 102
8921 110
8922 111
8923 117
8924 118
8925 83
8926 79
8927 82
8928 89
8929 91
8930 95
8931 101
8932 106
8933 109
8934 105
8935 109
8936 112
8937 115
8938 121
8939 111
8940 116
8941 118
8942 92
8943 93
8944 102
8945 106
8946 111
8947 110
8948 117
8949 120
8950 106
8951 111
8952 113
8953 88
8954 96
8955 102
8956 103
8957 108
8958 118
8959 101
8960 106
8961 107
8962 109
8963 118
8964 112
8965 114
8966 117
8967 112
8968 100
8969 109
8970 117
8971 123
8972 131
8973 80
8974 89
8975 83
8976 85
8977 87
8978 94
8979 101
8980 102
8981 106
8982 110
8983 103
8984 94
8985 101
8986 105
8987 110
8988 112
8989 114
8990 115
8991 124
8992 129
8993 113
8994 114
8995 115
8996 116
8997 118
8998 121
8999 130
9000 138
9001 148
9002 154
9003 92
9004 100
9005 108
9006 113
9007 116
9008 114
9009 117
9010 123
9011 85
9012 94
9013 103
9014 108
9015 111
9016 65
9017 68
9018 70
9019 73
9020 74
9021 78
9022 80
9023 87
9024 97
9025 105
9026 114
9027 119
9028 128
9029 101
9030 104
9031 95
9032 104
9033 100
9034 106
9035 115
9036 108
9037 117
9038 122
9039 99
9040 100
9041 104
9042 80
9043 88
9044 97
9045 107
9046 113
9047 105
9048 93
9049 97
9050 101
9051 102
9052 103
9053 105
9054 85
9055 95
9056 96
9057 100
9058 101
9059 111
9060 112
9061 114
9062 106
9063 114
9064 96
9065 100
9066 109
9067 117
9068 93
9069 98
9070 101
9071 86
9072 87
9073 88
9074 97
9075 104
9076 111
9077 121
9078 96
9079 98
9080 96
9081 94
9082 104
9083 113
9084 71
9085 75
9086 84
9087 84
9088 92
9089 102
9090 104
9091 107
9092 113
9093 121
9094 97
9095 98
9096 104
9097 113
9098 118
9099 107
9100 115
9101 111
9102 104
9103 92
9104 94
9105 97
9106 106
9107 95
9108 101
9109 106
9110 109
9111 114
9112 123
9113 127
9114 95
9115 100
9116 105
9117 115
9118 94
9119 96
9120 101
9121 103
9122 102
9123 82
9124 90
9125 98
9126 103
9127 104
9128 105
9129 108
9130 109
9131 105
9132 94
9133 101
9134 109
9135 112
9136 117
9137 119
9138 100
9139 91
9140 95
9141 104
9142 75
9143 82
9144 88
9145 98
9146 81
9147 91
9148 92
9149 93
9150 100
9151 110
9152 120
9153 109
9154 111
9155 101
9156 105
9157 113
9158 115
9159 104
9160 114
9161 121
9162 109
9163 112
9164 111
9165 85
9166 86
9167 93
9168 95
9169 100
9170 104
9171 109
9172 119
9173 129
9174 130
9175 135
9176 143
9177 151
9178 156
9179 157
9180 122
9181 100
9182 110
9183 101
9184 109
9185 110
9186 77
9187 83
9188 81
9189 84
9190 86
9191 96
9192 98
9193 103
9194 105
9195 107
9196 109
9197 119
9198 95
9199 96
9200 104
9201 114
9202 93
9203 96
9204 91
9205 94
9206 96
9207 104
9208 96
9209 93
9210 96
9211 98
9212 108
9213 115
9214 122
9215 103
9216 95
9217 97
9218 104
9219 110
9220 118
9221 120
9222 101
9223 104
9224 108
9225 111
9226 114
9227 118
9228 120
9229 126
9230 128
9231 110
9232 115
9233 117
9234 102
9235 103
9236 113
9237 118
9238 97
9239 102
9240 103
9241 104
9242 101
9243 109
9244 111
9245 117
9246 121
9247 125
9248 123
9249 133
9250 106
9251 102
9252 102
9253 103
9254 107
9255 110
9256 112
9257 105
9258 114
9259 116
9260 121
9261 96
9262 99
9263 104
9264 105
9265 110
9266 114
9267 115
9268 120
9269 114
9270 113
9271 86
9272 92
9273 100
9274 106
9275 108
9276 109
9277 113
9278 117
9279 114
9280 119
9281 122
9282 129
9283 90
9284 97
9285 102
9286 88
9287 90
9288 92
9289 99
9290 88
9291 98
9292 107
9293 96
9294 99
9295 104
9296 102
9297 64
9298 72
9299 73
9300 80
9301 89
9302 90
9303 90
9304 94
9305 95
9306 102
9307 109
9308 90
9309 99
9310 101
9311 105
9312 109
9313 112
9314 99
9315 109
9316 86
9317 94
9318 95
9319 97
9320 103
9321 102
9322 97
9323 90
9324 94
9325 102
9326 105
9327 109
9328 111
9329 116
9330 118
9331 104
9332 97
9333 101
9334 106
9335 116
9336 119
9337 121
9338 129
9339 82
9340 91
9341 97
9342 103
9343 108
9344 111
9345 110
9346 117
9347 116
9348 124
9349 73
9350 76
9351 84
9352 90
9353 91
9354 101
9355 48
9356 56
9357 66
9358 71
9359 74
9360 76
9361 86
9362 95
9363 96
9364 86
9365 96
9366 97
9367 103
9368 105
9369 105
9370 95
9371 104
9372 112
9373 115
9374 100
9375 94
9376 96
9377 104
9378 102
9379 111
9380 118
9381 112
9382 121
9383 123
9384 92
9385 97
9386 101
9387 108
9388 115
9389 119
9390 120
9391 126
9392 106
9393 116
9394 98
9395 103
9396 107
9397 90
9398 97
9399 98
9400 104
9401 110
9402 115
9403 102
9404 94
9405 100
9406 90
9407 81
9408 89
9409 89
9410 87
9411 94
9412 95
9413 97
9414 101
9415 93
9416 94
9417 98
9418 104
9419 111
9420 90
9421 83
9422 86
9423 92
9424 95
9425 104
9426 108
9427 114
9428 116
9429 120
9430 108
9431 110
9432 120
9433 130
9434 133
9435 104
9436 113
9437 122
9438 101
9439 106
9440 108
9441 110
9442 103
9443 108
9444 109
9445 111
9446 98
9447 102
9448 112
9449 120
9450 104
9451 91
9452 95
9453 96
9454 95
9455 99
9456 102
9457 105
9458 104
9459 111
9460 106
9461 109
9462 114
9463 123
9464 128
9465 127
9466 133
9467 110
9468 120
9469 125
9470 129
9471 132
9472 121
9473 127
9474 111
9475 117
9476 123
9477 84
9478 89
9479 95
9480 103
9481 94
9482 101
9483 104
9484 107
9485 113
9486 113
9487 114
9488 109
9489 91
9490 95
9491 100
9492 107
9493 107
9494 116
9495 114
9496 122
9497 128
9498 134
9499 136
9500 91
9501 99
9502 104
9503 108
9504 117
9505 118
9506 121
9507 125
9508 118
9509 123
9510 84
9511 89
9512 98
9513 103
9514 94
9515 99
9516 84
9517 92
9518 102
9519 107
9520 108
9521 94
9522 90
9523 98
9524 106
9525 108
9526 95
9527 105
9528 105
9529 101
9530 108
9531 111
9532 115
9533 102
9534 111
9535 119
9536 95
9537 99
9538 100
9539 106
9540 83
9541 87
9542 97
9543 103
9544 105
9545 109
9546 116
9547 111
9548 115
9549 87
9550 91
9551 94
9552 99
9553 103
9554 109
9555 118
9556 124
9557 118
9558 119
9559 97
9560 99
9561 109
9562 111
9563 116
9564 104
9565 110
9566 120
9567 127
9568 85
9569 92
9570 102
9571 105
9572 95
9573 97
9574 99
9575 101
9576 106
9577 111
9578 104
9579 113
9580 112
9581 92
9582 102
9583 104
9584 106
9585 95
9586 104
9587 113
9588 88
9589 89
9590 95
9591 90
9592 93
9593 90
9594 92
9595 99
9596 109
9597 110
9598 108
9599 109
9600 113
9601 116
9602 110
9603 85
9604 93
9605 102
9606 103
9607 92
9608 100
9609 96
9610 99
9611 104
9612 111
9613 115
9614 93
9615 103
9616 111
9617 117
9618 94
9619 103
9620 113
9621 101
9622 102
9623 103
9624 113
9625 95
9626 102
9627 103
9628 106
9629 89
9630 97
9631 70
9632 76
9633 86
9634 94
9635 98
9636 80
9637 90
9638 100
9639 108
9640 116
9641 106
9642 98
9643 103
9644 108
9645 109
9646 112
9647 108
9648 103
9649 113
9650 111
9651 113
9652 101
9653 109
9654 116
9655 119
9656 128
9657 138
9658 121
9659 95
9660 97
9661 101
9662 108
9663 96
9664 103
9665 104
9666 106
9667 111
9668 90
9669 94
9670 97
9671 103
9672 98
9673 102
9674 112
9675 119
9676 119
9677 124
9678 120
9679 128
9680 132
9681 98
9682 85
9683 90
9684 89
9685 90
9686 84
9687 89
9688 91
9689 101
9690 68
9691 69
9692 71
9693 80
9694 76
9695 79
9696 89
9697 97
9698 106
9699 111
9700 99
9701 70
9702 72
9703 80
9704 90
9705 94
9706 96
9707 106
9708 106
9709 88
9710 98
9711 100
9712 110
9713 113
9714 119
9715 120
9716 104
9717 109
9718 94
9719 101
9720 88
9721 96
9722 99
9723 86
9724 91
9725 92
9726 99
9727 103
9728 113
9729 107
9730 110
9731 69
9732 74
9733 83
9734 85
9735 89
9736 92
9737 94
9738 95
9739 98
9740 97
9741 96
9742 99
9743 101
9744 110
9745 119
9746 97
9747 98
9748 107
9749 109
9750 113
9751 116
9752 122
9753 126
9754 102
9755 104
9756 114
9757 120
9758 91
9759 94
9760 100
9761 106
9762 105
9763 112
9764 96
9765 98
9766 93
9767 96
9768 101
9769 111
9770 108
9771 110
9772 106
9773 100
9774 109
9775 117
9776 88
9777 89
9778 90
9779 92
9780 93
9781 95
9782 102
9783 81
9784 82
9785 86
9786 89
9787 94
9788 103
9789 113
9790 104
9791 108
9792 117
9793 125
9794 94
9795 97
9796 98
9797 99
9798 86
9799 92
9800 100
9801 108
9802 113
9803 121
9804 122
9805 107
9806 112
9807 103
9808 112
9809 122
9810 130
9811 116
9812 118
9813 119
9814 129
9815 135
9816 103
9817 113
9818 118
9819 127
9820 137
9821 142
9822 119
9823 87
9824 89
9825 98
9826 105
9827 107
9828 111
9829 117
9830 118
9831 99
9832 102
9833 103
9834 112
9835 118
9836 99
9837 93
9838 103
9839 104
9840 77
9841 86
9842 89
9843 90
9844 100
9845 103
9846 111
9847 107
9848 104
9849 113
9850 90
9851 92
9852 86
9853 90
9854 93
9855 94
9856 100
9857 109
9858 115
9859 117
9860 80
9861 90
9862 98
9863 96
9864 103
9865 109
9866 119
9867 105
9868 93
9869 102
9870 110
9871 111
9872 113
9873 114
9874 104
9875 113
9876 85
9877 92
9878 66
9879 74
9880 76
9881 77
9882 83
9883 88
9884 90
9885 95
9886 103
9887 104
9888 110
9889 80
9890 85
9891 90
9892 90
9893 94
9894 103
9895 86
9896 91
9897 100
9898 102
9899 105
9900 108
9901 118
9902 107
9903 115
9904 114
9905 94
9906 102
9907 109
9908 108
9909 82
9910 89
9911 91
9912 95
9913 96
9914 104
9915 114
9916 118
9917 112
9918 116
9919 108
9920 98
9921 100
9922 105
9923 111
9924 109
9925 113
9926 121
9927 85
9928 95
9929 100
9930 109
9931 93
9932 94
9933 97
9934 105
9935 104
9936 112
9937 83
9938 93
9939 100
9940 104
9941 112
9942 116
9943 119
9944 124
9945 131
9946 97
9947 102
9948 111
9949 113
9950 108
9951 110
9952 120
9953 119
9954 120
9955 93
9956 103
9957 93
9958 92
9959 95
9960 98
9961 103
9962 106
9963 107
9964 80
9965 89
9966 92
9967 102
9968 111
9969 112
9970 60
9971 61
9972 67
9973 68
9974 69
9975 77
9976 82
9977 83
9978 86
9979 95
9980 104
9981 111
9982 120
9983 100
9984 110
9985 120
9986 104
9987 108
9988 99
9989 103
9990 110
9991 97
9992 106
9993 108
9994 99
9995 97
9996 105
9997 108
9998 116
9999 118
10000 117
10001 109
10002 77
10003 83
10004 93
10005 102
10006 83
10007 89
10008 90
10009 100
10010 55
10011 63
10012 64
10013 65
10014 73
10015 76
10016 77
10017 87
10018 91
10019 99
10020 103
10021 104
10022 114
10023 114
10024 116
10025 112
10026 113
10027 111
10028 117
10029 104
10030 112
10031 111
10032 78
10033 82
10034 90
10035 95
10036 98
10037 99
10038 108
10039 90
10040 97
10041 98
10042 99
10043 100
10044 108
10045 95
10046 96
10047 104
10048 105
10049 113
10050 78
10051 79
10052 87
10053 97
10054 100
10055 108
10056 109
10057 114
10058 115
10059 94
10060 98
10061 101
10062 102
10063 111
10064 120
10065 106
10066 107
10067 116
10068 117
10069 126
10070 121
10071 125
10072 135
10073 136
10074 109
10075 116
10076 101
10077 92
10078 101
10079 104
10080 114
10081 117
10082 126
10083 91
10084 95
10085 105
10086 96
10087 94
10088 98
10089 105
10090 110
10091 112
10092 120
10093 130
10094 132
10095 103
10096 105
10097 111
10098 105
10099 108
10100 92
10101 80
10102 82
10103 85
10104 86
10105 95
10106 103
10107 109
10108 114
10109 114
10110 124
10111 130
10112 117
10113 101
10114 102
10115 101
10116 105
10117 112
10118 113
10119 109
10120 100
10121 99
10122 101
10123 109
10124 112
10125 118
10126 102
10127 110
10128 114
10129 119
10130 129
10131 134
10132 102
10133 109
10134 68
10135 72
10136 82
10137 84
10138 87
10139 92
10140 85
10141 92
10142 99
10143 104
10144 111
10145 107
10146 108
10147 78
10148 79
10149 85
10150 87
10151 87
10152 88
10153 98
10154 100
10155 106
10156 108
10157 68
10158 72
10159 80
10160 89
10161 81
10162 89
10163 95
10164 97
10165 102
10166 111
10167 113
10168 73
10169 67
10170 77
10171 79
10172 82
10173 92
10174 96
10175 106
10176 103
10177 111
10178 121
10179 122
10180 111
10181 120
10182 128
10183 129
10184 64
10185 71
10186 76
10187 86
10188 89
10189 70
10190 73
10191 78
10192 86
10193 95
10194 103
10195 108
10196 112
10197 114
10198 99
10199 77
10200 86
10201 89
10202 93
10203 94
10204 102
10205 111
10206 119
10207 107
10208 115
10209 115
10210 107
10211 108
10212 116
10213 124
10214 99
10215 97
10216 100
10217 105
10218 109
10219 112
10220 118
10221 73
10222 83
10223 85
10224 92
10225 93
10226 96
10227 99
10228 100
10229 110
10230 105
10231 114
10232 124
10233 122
10234 118
10235 127
10236 131
10237 115
10238 110
10239 103
10240 110
10241 113
10242 87
10243 90
10244 96
10245 103
10246 104
10247 106
10248 113
10249 110
10250 106
10251 112
10252 105
10253 113
10254 118
10255 116
10256 94
10257 94
10258 103
10259 112
10260 121
10261 102
10262 111
10263 103
10264 109
10265 117
10266 101
10267 107
10268 110
10269 113
10270 112
10271 119
10272 125
10273 101
10274 106
10275 110
10276 102
10277 106
10278 108
10279 110
10280 120
10281 121
10282 111
10283 89
10284 93
10285 102
10286 107
10287 108
10288 116
10289 122
10290 92
10291 94
10292 98
10293 104
10294 110
10295 114
10296 116
10297 122
10298 123
10299 131
10300 98
10301 107
10302 112
10303 119
10304 127
10305 118
10306 122
10307 123
10308 109
10309 112
10310 121
10311 131
10312 121
10313 110
10314 103
10315 103
10316 113
10317 109
10318 99
10319 101
10320 70
10321 80
10322 83
10323 86
10324 90
10325 96
10326 77
10327 84
10328 88
10329 96
10330 106
10331 110
10332 112
10333 115
10334 118
10335 116
10336 118
10337 115
10338 118
10339 119
10340 127
10341 127
10342 129
10343 125
10344 93
10345 101
10346 104
10347 104
10348 106
10349 110
10350 85
10351 90
10352 92
10353 36
10354 37
10355 40
10356 47
10357 54
10358 64
10359 74
10360 76
10361 83
10362 85
10363 93
10364 96
10365 101
10366 111
10367 117
10368 79
10369 88
10370 94
10371 100
10372 83
10373 90
10374 97
10375 105
10376 99
10377 100
10378 103
10379 105
10380 109
10381 94
10382 100
10383 109
10384 81
10385 87
10386 97
10387 105
10388 106
10389 92
10390 98
10391 105
10392 115
10393 124
10394 112
10395 103
10396 103
10397 107
10398 105
10399 108
10400 104
10401 92
10402 99
10403 100
10404 104
10405 114
10406 92
10407 101
10408 107
10409 103
10410 113
10411 115
10412 117
10413 121
10414 110
10415 116
10416 106
10417 108
10418 78
10419 85
10420 89
10421 91
10422 94
10423 99
10424 104
10425 110
10426 119
10427 123
10428 128
10429 101
10430 103
10431 94
10432 92
10433 94
10434 102
10435 108
10436 110
10437 116
10438 125
10439 130
10440 140
10441 68
10442 70
10443 79
10444 84
10445 92
10446 93
10447 100
10448 106
10449 112
10450 120
10451 120
10452 122
10453 129
10454 94
10455 103
10456 109
10457 103
10458 112
10459 109
10460 112
10461 115
10462 117
10463 113
10464 98
10465 105
10466 114
10467 120
10468 95
10469 96
10470 101
10471 102
10472 105
10473 107
10474 87
10475 93
10476 94
10477 96
10478 101
10479 104
10480 111
10481 118
10482 119
10483 113
10484 122
10485 109
10486 114
10487 92
10488 102
10489 111
10490 115
10491 118
10492 86
10493 94
10494 98
10495 106
10496 116
10497 90
10498 92
10499 100
10500 102
10501 107
10502 117
10503 103
10504 111
10505 116
10506 117
10507 123
10508 105
10509 106
10510 113
10511 118
10512 102
10513 110
10514 105
10515 114
10516 116
10517 122
10518 99
10519 101
10520 102
10521 103
10522 95
10523 105
10524 95
10525 104
10526 113
10527 122
10528 124
10529 130
10530 123
10531 127
10532 111
10533 117
10534 120
10535 99
10536 100
10537 105
10538 114
10539 124
10540 100
10541 103
10542 105
10543 111
10544 120
10545 106
10546 108
10547 102
10548 107
10549 117
10550 124
10551 125
10552 105
10553 105
10554 95
10555 105
10556 97
10557 103
10558 112
10559 113
10560 103
10561 107
10562 94
10563 103
10564 95
10565 99
10566 102
10567 103
10568 112
10569 120
10570 121
10571 116
10572 108
10573 118
10574 88
10575 95
10576 97
10577 98
10578 96
10579 86
10580 90
10581 95
10582 95
10583 100
10584 79
10585 85
10586 94
10587 100
10588 104
10589 111
10590 114
10591 115
10592 125
10593 126
10594 99
10595 102
10596 89
10597 94
10598 101
10599 106
10600 91
10601 96
10602 98
10603 99
10604 103
10605 104
10606 80
10607 83
10608 60
10609 68
10610 73
10611 78
10612 83
10613 84
10614 87
10615 97
10616 104
10617 110
10618 113
10619 117
10620 119
10621 94
10622 90
10623 94
10624 103
10625 106
10626 104
10627 107
10628 110
10629 114
10630 121
10631 129
10632 134
10633 123
10634 126
10635 99
10636 105
10637 108
10638 82
10639 90
10640 98
10641 101
10642 105
10643 108
10644 116
10645 101
10646 105
10647 112
10648 113
10649 113
10650 86
10651 89
10652 91
10653 82
10654 88
10655 92
10656 95
10657 96
10658 103
10659 92
10660 98
10661 106
10662 116
10663 97
10664 99
10665 107
10666 101
10667 110
10668 100
10669 101
10670 94
10671 95
10672 97
10673 105
10674 90
10675 97
10676 100
10677 104
10678 110
10679 114
10680 121
10681 108
10682 115
10683 122
10684 132
10685 134
10686 111
10687 114
10688 95
10689 90
10690 91
10691 101
10692 100
10693 101
10694 108
10695 114
10696 98
10697 105
10698 110
10699 111
10700 115
10701 125
10702 134
10703 92
10704 99
10705 105
10706 112
10707 98
10708 99
10709 108
10710 117
10711 104
10712 107
10713 110
10714 107
10715 115
10716 92
10717 96
10718 102
10719 103
10720 112
10721 108
10722 118
10723 124
10724 133
10725 116
10726 115
10727 117
10728 118
10729 122
10730 119
10731 126
10732 89
10733 98
10734 102
10735 104
10736 113
10737 115
10738 118
10739 121
10740 105
10741 110
10742 112
10743 114
10744 119
10745 124
10746 125
10747 134
10748 105
10749 107
10750 96
10751 99
10752 101
10753 109
10754 119
10755 122
10756 125
10757 134
10758 135
10759 83
10760 84
10761 86
10762 92
10763 91
10764 98
10765 96
10766 97
10767 103
10768 108
10769 97
10770 101
10771 105
10772 100
10773 64
10774 68
10775 76
10776 85
10777 94
10778 96
10779 101
10780 87
10781 86
10782 87
10783 95
10784 102
10785 108
10786 110
10787 84
10788 92
10789 93
10790 95
10791 98
10792 104
10793 112
10794 104
10795 83
10796 87
10797 95
10798 101
10799 102
10800 104
10801 114
10802 108
10803 107
10804 111
10805 119
10806 108
10807 114
10808 117
10809 122
10810 115
10811 87
10812 78
10813 79
10814 81
10815 83
10816 92
10817 100
10818 110
10819 115
10820 98
10821 101
10822 103
10823 105
10824 113
10825 104
10826 107
10827 97
10828 103
10829 110
10830 106
10831 107
10832 113
10833 101
10834 107
10835 108
10836 113
10837 114
10838 106
10839 107
10840 109
10841 113
10842 96
10843 99
10844 109
10845 112
10846 88
10847 93
10848 98
10849 107
10850 68
10851 78
10852 84
10853 88
10854 89
10855 92
10856 101
10857 74
10858 76
10859 85
10860 93
10861 98
10862 84
10863 91
10864 99
10865 55
10866 59
10867 64
10868 71
10869 80
10870 82
10871 84
10872 94
10873 95
10874 103
10875 110
10876 89
10877 96
10878 104
10879 111
10880 117
10881 92
10882 97
10883 101
10884 109
10885 109
10886 113
10887 120
10888 127
10889 136
10890 139
10891 61
10892 66
10893 73
10894 81
10895 86
10896 94
10897 98
10898 108
10899 111
10900 115
10901 112
10902 116
10903 119
10904 120
10905 129
10906 139
10907 147
10908 157
10909 97
10910 100
10911 103
10912 104
10913 74
10914 76
10915 78
10916 88
10917 90
10918 91
10919 100
10920 105
10921 110
10922 91
10923 97
10924 106
10925 116
10926 124
10927 111
10928 113
10929 85
10930 94
10931 91
10932 93
10933 96
10934 99
10935 104
10936 110
10937 115
10938 94
10939 104
10940 109
10941 111
10942 106
10943 109
10944 111
10945 96
10946 104
10947 107
10948 113
10949 121
10950 80
10951 77
10952 83
10953 91
10954 100
10955 104
10956 101
10957 103
10958 89
10959 95
10960 101
10961 103
10962 107
10963 108
10964 117
10965 110
10966 106
10967 104
10968 94
10969 96
10970 89
10971 94
10972 101
10973 106
10974 110
10975 110
10976 114
10977 115
10978 120
10979 125
10980 129
10981 124
10982 125
10983 108
10984 115
10985 119
10986 103
10987 73
10988 76
10989 77
10990 82
10991 91
10992 92
10993 99
10994 102
10995 98
10996 106
10997 114
10998 122
10999 126
11000 110
11001 117
11002 120
11003 124
11004 103
11005 105
11006 106
11007 114
11008 115
11009 116
11010 123
11011 95
11012 96
11013 103
11014 109
11015 96
11016 104
11017 89
11018 99
11019 106
11020 106
11021 110
11022 113
11023 120
11024 112
11025 119
11026 128
11027 82
11028 86
11029 95
11030 102
11031 77
11032 81
11033 87
11034 94
11035 102
11036 112
11037 119
11038 125
11039 129
11040 114
11041 89
11042 98
11043 101
11044 102
11045 103
11046 110
11047 103
11048 106
11049 113
11050 118
11051 120
11052 128
11053 100
11054 105
11055 107
11056 93
11057 101
11058 102
11059 108
11060 110
11061 104
11062 74
11063 77
11064 83
11065 92
11066 94
11067 104
11068 105
11069 112
11070 86
11071 93
11072 100
11073 69
11074 73
11075 76
11076 86
11077 87
11078 90
11079 100
11080 102
11081 108
11082 116
11083 123
11084 106
11085 109
11086 97
11087 96
11088 105
11089 106
11090 98
11091 103
11092 113
11093 120
11094 60
11095 68
11096 76
11097 80
11098 83
11099 84
11100 89
11101 92
11102 99
11103 105
11104 107
11105 98
11106 103
11107 113
11108 123
11109 115
11110 104
11111 111
11112 118
11113 120
11114 121
11115 81
11116 82
11117 88
11118 95
11119 85
11120 88
11121 91
11122 93
11123 90
11124 95
11125 96
11126 102
11127 104
11128 105
11129 106
11130 107
11131 111
11132 118
11133 121
11134 131
11135 115
11136 119
11137 98
11138 104
11139 113
11140 119
11141 105
11142 113
11143 118
11144 98
11145 106
11146 109
11147 114
11148 119
11149 125
11150 123
11151 129
11152 130
11153 99
11154 109
11155 100
11156 85
11157 94
11158 102
11159 106
11160 90
11161 91
11162 99
11163 104
11164 114
11165 100
11166 108
11167 118
11168 120
11169 122
11170 121
11171 126
11172 123
11173 105
11174 114
11175 120
11176 98
11177 101
11178 108
11179 108
11180 113
11181 88
11182 93
11183 102
11184 111
11185 112
11186 61
11187 67
11188 75
11189 75
11190 78
11191 80
11192 81
11193 85
11194 93
11195 100
11196 103
11197 108
11198 109
11199 116
11200 126
11201 132
11202 108
11203 113
11204 108
11205 66
11206 69
11207 79
11208 83
11209 91
11210 95
11211 101
11212 111
11213 97
11214 103
11215 86
11216 94
11217 84
11218 74
11219 80
11220 89
11221 95
11222 98
11223 87
11224 88
11225 93
11226 95
11227 98
11228 108
11229 94
11230 102
11231 101
11232 105
11233 109
11234 109
11235 93
11236 95
11237 97
11238 99
11239 102
11240 85
11241 90
11242 98
11243 107
11244 108
11245 111
11246 116
11247 122
11248 118
11249 94
11250 97
11251 102
11252 104
11253 105
11254 107
11255 107
11256 113
11257 123
11258 130
11259 116
11260 123
11261 124
11262 127
11263 102
11264 112
11265 118
11266 122
11267 130
11268 102
11269 88
11270 94
11271 71
11272 78
11273 87
11274 91
11275 96
11276 103
11277 112
11278 117
11279 126
11280 130
11281 130
11282 140
11283 119
11284 126
11285 130
11286 111
11287 112
11288 118
11289 116
11290 122
11291 125
11292 129
11293 134
11294 137
11295 103
11296 110
11297 116
11298 124
11299 91
11300 94
11301 101
11302 105
11303 109
11304 114
11305 120
11306 121
11307 130
11308 139
11309 140
11310 149
11311 64
11312 65
11313 69
11314 78
11315 84
11316 89
11317 93
11318 99
11319 105
11320 113
11321 118
11322 110
11323 86
11324 89
11325 99
11326 108
11327 115
11328 78
11329 82
11330 89
11331 93
11332 94
11333 102
11334 102
11335 103
11336 112
11337 115
11338 95
11339 102
11340 111
11341 116
11342 125
11343 126
11344 128
11345 135
11346 136
11347 144
11348 120
11349 124
11350 88
11351 92
11352 81
11353 84
11354 86
11355 91
11356 91
11357 88
11358 92
11359 98
11360 100
11361 95
11362 101
11363 106
11364 103
11365 102
11366 103
11367 112
11368 120
11369 60
11370 70
11371 72
11372 74
11373 77
11374 81
11375 83
11376 85
11377 94
11378 99
11379 107
11380 114
11381 98
11382 98
11383 99
11384 106
11385 67
11386 68
11387 77
11388 87
11389 93
11390 98
11391 102
11392 109
11393 114
11394 113
11395 112
11396 97
11397 100
11398 109
11399 104
11400 101
11401 104
11402 113
11403 116
11404 118
11405 119
11406 88
11407 90
11408 94
11409 99
11410 109
11411 119
11412 116
11413 103
11414 107
11415 113
11416 117
11417 124
11418 93
11419 100
11420 110
11421 100
11422 105
11423 109
11424 115
11425 117
11426 119
11427 129
11428 116
11429 123
11430 120
11431 108
11432 73
11433 81
11434 87
11435 96
11436 104
11437 107
11438 109
11439 54
11440 58
11441 67
11442 68
11443 78
11444 65
11445 70
11446 80
11447 72
11448 82
11449 87
11450 88
11451 93
11452 98
11453 93
11454 96
11455 105
11456 104
11457 107
11458 109
11459 112
11460 118
11461 100
11462 104
11463 109
11464 111
11465 119
11466 79
11467 80
11468 88
11469 91
11470 86
11471 86
11472 92
11473 95
11474 96
11475 102
11476 111
11477 105
11478 72
11479 73
11480 78
11481 88
11482 97
11483 101
11484 107
11485 114
11486 106
11487 110
11488 112
11489 84
11490 85
11491 87
11492 89
11493 96
11494 97
11495 106
11496 80
11497 85
11498 95
11499 102
11500 105
11501 113
11502 97
11503 106
11504 112
11505 120
11506 128
11507 137
11508 87
11509 97
11510 100
11511 104
11512 108
11513 116
11514 99
11515 103
11516 106
11517 102
11518 96
11519 102
11520 106
11521 115
11522 111
11523 119
11524 86
11525 95
11526 105
11527 110
11528 111
11529 112
11530 116
11531 125
11532 85
11533 93
11534 99
11535 108
11536 115
11537 105
11538 107
11539 84
11540 92
11541 98
11542 106
11543 104
11544 110
11545 114
11546 117
11547 94
11548 96
11549 102
11550 103
11551 111
11552 118
11553 107
11554 109
11555 82
11556 89
11557 90
11558 98
11559 103
11560 102
11561 80
11562 82
11563 87
11564 92
11565 85
11566 88
11567 91
11568 69
11569 72
11570 75
11571 77
11572 82
11573 91
11574 99
11575 101
11576 102
11577 109
11578 111
11579 121
11580 127
11581 119
11582 76
11583 83
11584 84
11585 89
11586 94
11587 104
11588 92
11589 97
11590 99
11591 100
11592 108
11593 118
11594 93
11595 91
11596 82
11597 89
11598 91
11599 99
11600 107
11601 111
11602 106
11603 102
11604 104
11605 105
11606 106
11607 112
11608 110
11609 112
11610 117
11611 122
11612 106
11613 111
11614 112
11615 95
11616 99
11617 109
11618 77
11619 87
11620 88
11621 92
11622 100
11623 89
11624 90
11625 94
11626 94
11627 96
11628 98
11629 107
11630 111
11631 112
11632 122
11633 123
11634 117
11635 124
11636 128
11637 133
11638 138
11639 104
11640 111
11641 119
11642 124
11643 106
11644 110
11645 80
11646 90
11647 96
11648 97
11649 104
11650 112
11651 120
11652 98
11653 98
11654 102
11655 61
11656 71
11657 72
11658 74
11659 84
11660 92
11661 97
11662 100
11663 107
11664 109
11665 97
11666 102
11667 111
11668 114
11669 118
11670 121
11671 85
11672 72
11673 82
11674 92
11675 99
11676 107
11677 108
11678 110
11679 107
11680 114
11681 117
11682 97
11683 100
11684 102
11685 105
11686 107
11687 114
11688 120
11689 126
11690 107
11691 115
11692 102
11693 93
11694 97
11695 105
11696 97
11697 69
11698 72
11699 73
11700 79
11701 73
11702 77
11703 86
11704 89
11705 96
11706 103
11707 107
11708 116
11709 118
11710 110
11711 93
11712 99
11713 101
11714 105
11715 106
11716 111
11717 119
11718 110
11719 114
11720 115
11721 113
11722 119
11723 124
11724 132
11725 103
11726 75
11727 83
11728 89
11729 96
11730 102
11731 108
11732 111
11733 112
11734 101
11735 84
11736 90
11737 91
11738 97
11739 101
11740 105
11741 113
11742 114
11743 97
11744 102
11745 45
11746 53
11747 56
11748 59
11749 67
11750 70
11751 76
11752 77
11753 80
11754 81
11755 83
11756 91
11757 97
11758 105
11759 104
11760 106
11761 112
11762 115
11763 89
11764 94
11765 95
11766 100
11767 103
11768 85
11769 92
11770 95
11771 101
11772 84
11773 89
11774 83
11775 66
11776 72
11777 78
11778 83
11779 90
11780 94
11781 77
11782 81
11783 85
11784 86
11785 93
11786 95
11787 104
11788 112
11789 116
11790 122
11791 73
11792 78
11793 85
11794 91
11795 94
11796 100
11797 89
11798 92
11799 100
11800 103
11801 80
11802 83
11803 89
11804 94
11805 71
11806 80
11807 86
11808 92
11809 100
11810 106
11811 111
11812 92
11813 100
11814 104
11815 110
11816 119
11817 93
11818 101
11819 104
11820 106
11821 115
11822 125
11823 127
11824 89
11825 99
11826 102
11827 74
11828 84
11829 86
11830 91
11831 101
11832 103
11833 107
11834 113
11835 119
11836 128
11837 112
11838 113
11839 111
11840 112
11841 119
11842 122
11843 119
11844 97
11845 99
11846 109
11847 104
11848 108
11849 92
11850 97
11851 107
11852 101
11853 110
11854 113
11855 115
11856 123
11857 132
11858 121
11859 128
11860 109
11861 117
11862 126
11863 108
11864 110
11865 112
11866 114
11867 116
11868 118
11869 128
11870 87
11871 97
11872 103
11873 112
11874 116
11875 119
11876 99
11877 105
11878 113
11879 112
11880 114
11881 99
11882 104
11883 114
11884 99
11885 100
11886 104
11887 103
11888 107
11889 114
11890 117
11891 110
11892 95
11893 97
11894 95
11895 97
11896 95
11897 98
11898 104
11899 107
11900 106
11901 112
11902 103
11903 107
11904 115
11905 118
11906 120
11907 128
11908 105
11909 92
11910 102
11911 108
11912 103
11913 104
11914 108
11915 118
11916 123
11917 126
11918 131
11919 76
11920 78
11921 88
11922 83
11923 86
11924 92
11925 94
11926 95
11927 104
11928 105
11929 83
11930 81
11931 86
11932 88
11933 96
11934 105
11935 105
11936 18
11937 26
11938 28
11939 34
11940 43
11941 44
11942 48
11943 54
11944 56
11945 57
11946 58
11947 59
11948 69
11949 76
11950 81
11951 87
11952 93
11953 100
11954 109
11955 110
11956 111
11957 95
11958 98
11959 100
11960 107
11961 108
11962 109
11963 92
11964 93
11965 103
11966 105
11967 115
11968 121
11969 123
11970 90
11971 91
11972 96
11973 103
11974 106
11975 105
11976 110
11977 115
11978 118
11979 124
11980 93
11981 95
11982 103
11983 104
11984 79
11985 85
11986 88
11987 93
11988 99
11989 104
11990 112
11991 115
11992 122
11993 116
11994 122
11995 124
11996 108
11997 113
11998 87
11999 94
12000 101
12001 100
12002 102
12003 105
12004 92
12005 93
12006 95
12007 100
12008 107
12009 111
12010 118
12011 121
12012 116
12013 104
12014 111
12015 114
12016 118
12017 110
12018 116
12019 107
12020 109
12021 111
12022 120
12023 128
12024 131
12025 132
12026 109
12027 116
12028 96
12029 100
12030 104
12031 106
12032 112
12033 119
12034 105
12035 111
12036 120
12037 103
12038 111
12039 113
12040 107
12041 113
12042 74
12043 84
12044 90
12045 100
12046 99
12047 103
12048 107
12049 108
12050 102
12051 100
12052 101
12053 104
12054 107
12055 111
12056 113
12057 109
12058 79
12059 86
12060 96
12061 100
12062 101
12063 97
12064 98
12065 105
12066 105
12067 39
12068 42
12069 52
12070 58
12071 64
12072 65
12073 66
12074 72
12075 76
12076 83
12077 66
12078 67
12079 74
12080 75
12081 84
12082 86
12083 90
12084 91
12085 96
12086 102
12087 84
12088 89
12089 96
12090 97
12091 105
12092 106
12093 100
12094 109
12095 115
12096 124
12097 72
12098 75
12099 84
12100 90
12101 95
12102 102
12103 111
12104 85
12105 92
12106 99
12107 105
12108 67
12109 68
12110 71
12111 78
12112 87
12113 95
12114 101
12115 105
12116 113
12117 116
12118 118
12119 117
12120 120
12121 122
12122 82
12123 84
12124 93
12125 100
12126 91
12127 93
12128 96
12129 100
12130 106
12131 109
12132 105
12133 111
12134 112
12135 105
12136 111
12137 114
12138 117
12139 120
12140 110
12141 111
12142 117
12143 119
12144 126
12145 102
12146 103
12147 108
12148 110
12149 114
12150 117
12151 113
12152 117
12153 118
12154 123
12155 97
12156 105
12157 110
12158 113
12159 107
12160 112
12161 115
12162 108
12163 116
12164 112
12165 93
12166 94
12167 96
12168 102
12169 108
12170 109
12171 112
12172 113
12173 118
12174 110
12175 117
12176 122
12177 124
12178 129
12179 134
12180 101
12181 106
12182 109
12183 111
12184 115
12185 117
12186 98
12187 105
12188 106
12189 108
12190 95
12191 86
12192 87
12193 96
12194 106
12195 105
12196 113
12197 96
12198 98
12199 99
12200 101
12201 107
12202 96
12203 100
12204 108
12205 116
12206 110
12207 117
12208 100
12209 91
12210 97
12211 102
12212 107
12213 111
12214 113
12215 110
12216 87
12217 93
12218 99
12219 101
12220 110
12221 111
12222 103
12223 111
12224 110
12225 118
12226 88
12227 95
12228 101
12229 102
12230 111
12231 118
12232 105
12233 86
12234 92
12235 100
12236 104
12237 113
12238 115
12239 121
12240 115
12241 104
12242 114
12243 119
12244 118
12245 124
12246 115
12247 108
12248 91
12249 96
12250 100
12251 103
12252 108
12253 94
12254 101
12255 105
12256 112
12257 114
12258 103
12259 96
12260 100
12261 84
12262 86
12263 90
12264 96
12265 97
12266 107
12267 109
12268 117
12269 127
12270 127
12271 137
12272 141
12273 97
12274 103
12275 113
12276 115
12277 118
12278 122
12279 129
12280 69
12281 76
12282 84
12283 87
12284 88
12285 94
12286 101
12287 105
12288 108
12289 112
12290 111
12291 104
12292 109
12293 118
12294 121
12295 123
12296 119
12297 90
12298 94
12299 104
12300 107
12301 114
12302 116
12303 121
12304 101
12305 76
12306 78
12307 63
12308 69
12309 72
12310 73
12311 79
12312 81
12313 83
12314 90
12315 91
12316 95
12317 103
12318 113
12319 110
12320 106
12321 111
12322 118
12323 127
12324 82
12325 92
12326 102
12327 96
12328 103
12329 113
12330 101
12331 106
12332 108
12333 89
12334 97
12335 99
12336 103
12337 104
12338 108
12339 110
12340 117
12341 106
12342 93
12343 94
12344 101
12345 105
12346 107
12347 111
12348 89
12349 96
12350 87
12351 92
12352 93
12353 103
12354 107
12355 117
12356 84
12357 86
12358 51
12359 59
12360 63
12361 66
12362 71
12363 75
12364 82
12365 84
12366 88
12367 90
12368 92
12369 60
12370 62
12371 68
12372 77
12373 81
12374 84
12375 89
12376 94
12377 96
12378 103
12379 112
12380 114
12381 104
12382 112
12383 114
12384 96
12385 101
12386 107
12387 108
12388 106
12389 114
12390 118
12391 127
12392 137
12393 116
12394 126
12395 133
12396 104
12397 112
12398 120
12399 119
12400 108
12401 115
12402 119
12403 111
12404 117
12405 87
12406 88
12407 93
12408 97
12409 70
12410 73
12411 75
12412 79
12413 89
12414 98
12415 104
12416 107
12417 109
12418 114
12419 110
12420 97
12421 107
12422 110
12423 116
12424 90
12425 74
12426 75
12427 85
12428 88
12429 92
12430 93
12431 97
12432 100
12433 106
12434 110
12435 116
12436 125
12437 128
12438 102
12439 103
12440 111
12441 120
12442 111
12443 113
12444 115
12445 120
12446 106
12447 110
12448 112
12449 82
12450 92
12451 93
12452 102
12453 104
12454 105
12455 106
12456 111
12457 119
12458 129
12459 85
12460 94
12461 103
12462 111
12463 114
12464 118
12465 128
12466 134
12467 144
12468 91
12469 90
12470 97
12471 100
12472 107
12473 91
12474 92
12475 101
12476 102
12477 89
12478 96
12479 92
12480 97
12481 101
12482 102
12483 108
12484 90
12485 99
12486 103
12487 91
12488 100
12489 91
12490 101
12491 108
12492 114
12493 115
12494 116
12495 117
12496 108
12497 88
12498 91
12499 100
12500 96
12501 99
12502 104
12503 78
12504 83
12505 88
12506 76
12507 78
12508 81
12509 89
12510 96
12511 103
12512 107
12513 97
12514 95
12515 103
12516 111
12517 120
12518 130
12519 140
12520 81
12521 90
12522 92
12523 95
12524 96
12525 102
12526 75
12527 79
12528 80
12529 90
12530 91
12531 96
12532 105
12533 111
12534 120
12535 101
12536 106
12537 115
12538 124
12539 128
12540 117
12541 122
12542 131
12543 134
12544 106
12545 115
12546 118
12547 80
12548 89
12549 94
12550 99
12551 103
12552 104
12553 111
12554 86
12555 88
12556 97
12557 100
12558 110
12559 111
12560 117
12561 107
12562 109
12563 110
12564 116
12565 85
12566 87
12567 88
12568 94
12569 51
12570 52
12571 56
12572 60
12573 62
12574 71
12575 77
12576 86
12577 89
12578 71
12579 81
12580 87
12581 95
12582 99
12583 108
12584 111
12585 108
12586 109
12587 64
12588 72
12589 80
12590 86
12591 94
12592 95
12593 96
12594 105
12595 84
12596 85
12597 91
12598 92
12599 98
12600 99
12601 99
12602 108
12603 112
12604 118
12605 125
12606 62
12607 64
12608 65
12609 73
12610 79
12611 88
12612 90
12613 91
12614 101
12615 106
12616 108
12617 115
12618 86
12619 92
12620 98
12621 95
12622 102
12623 109
12624 119
12625 128
12626 129
12627 87
12628 97
12629 103
12630 103
12631 98
12632 104
12633 105
12634 92
12635 95
12636 99
12637 109
12638 119
12639 126
12640 110
12641 116
12642 100
12643 101
12644 102
12645 111
12646 116
12647 114
12648 116
12649 119
12650 121
12651 122
12652 124
12653 91
12654 96
12655 82
12656 84
12657 91
12658 96
12659 89
12660 93
12661 98
12662 102
12663 104
12664 93
12665 102
12666 88
12667 95
12668 96
12669 81
12670 88
12671 94
12672 102
12673 104
12674 103
12675 105
12676 114
12677 120
12678 107
12679 107
12680 111
12681 116
12682 107
12683 116
12684 112
12685 94
12686 102
12687 111
12688 121
12689 122
12690 95
12691 94
12692 99
12693 100
12694 109
12695 105
12696 113
12697 113
12698 96
12699 82
12700 83
12701 90
12702 92
12703 93
12704 98
12705 101
12706 99
12707 100
12708 110
12709 120
12710 129
12711 138
12712 144
12713 116
12714 92
12715 94
12716 100
12717 106
12718 111
12719 94
12720 96
12721 98
12722 108
12723 117
12724 118
12725 115
12726 118
12727 122
12728 105
12729 110
12730 107
12731 109
12732 119
12733 120
12734 118
12735 83
12736 92
12737 98
12738 105
12739 114
12740 49
12741 57
12742 63
12743 67
12744 75
12745 77
12746 71
12747 75
12748 84
12749 87
12750 78
12751 87
12752 95
12753 103
12754 106
12755 116
12756 97
12757 102
12758 108
12759 105
12760 108
12761 115
12762 112
12763 119
12764 126
12765 128
12766 138
12767 131
12768 133
12769 118
12770 97
12771 100
12772 102
12773 93
12774 98
12775 101
12776 104
12777 105
12778 106
12779 93
12780 102
12781 107
12782 105
12783 109
12784 112
12785 115
12786 124
12787 127
12788 104
12789 93
12790 98
12791 103
12792 75
12793 77
12794 86
12795 89
12796 97
12797 99
12798 101
12799 94
12800 97
12801 99
12802 104
12803 95
12804 97
12805 98
12806 104
12807 105
12808 94
12809 98
12810 108
12811 115
12812 116
12813 107
12814 108
12815 113
12816 118
12817 83
12818 84
12819 91
12820 97
12821 101
12822 107
12823 112
12824 116
12825 109
12826 103
12827 113
12828 94
12829 101
12830 104
12831 93
12832 94
12833 99
12834 64
12835 66
12836 76
12837 81
12838 90
12839 96
12840 99
12841 103
12842 90
12843 96
12844 102
12845 89
12846 92
12847 100
12848 109
12849 112
12850 108
12851 118
12852 128
12853 138
12854 142
12855 100
12856 101
12857 110
12858 98
12859 102
12860 110
12861 87
12862 89
12863 95
12864 101
12865 109
12866 111
12867 102
12868 105
12869 111
12870 120
12871 105
12872 108
12873 115
12874 118
12875 78
12876 88
12877 92
12878 102
12879 87
12880 91
12881 99
12882 106
12883 113
12884 116
12885 107
12886 117
12887 114
12888 119
12889 110
12890 111
12891 81
12892 91
12893 99
12894 99
12895 106
12896 115
12897 121
12898 125
12899 117
12900 97
12901 107
12902 97
12903 94
12904 87
12905 95
12906 96
12907 104
12908 113
12909 117
12910 82
12911 89
12912 91
12913 93
12914 103
12915 106
12916 82
12917 86
12918 88
12919 89
12920 90
12921 99
12922 85
12923 92
12924 96
12925 103
12926 72
12927 78
12928 80
12929 87
12930 91
12931 96
12932 69
12933 70
12934 76
12935 86
12936 94
12937 102
12938 107
12939 110
12940 109
12941 113
12942 115
12943 121
12944 122
12945 128
12946 81
12947 89
12948 93
12949 96
12950 104
12951 112
12952 117
12953 122
12954 116
12955 106
12956 83
12957 90
12958 95
12959 96
12960 101
12961 104
12962 111
12963 100
12964 106
12965 109
12966 109
12967 113
12968 97
12969 97
12970 105
12971 110
12972 113
12973 115
12974 93
12975 98
12976 101
12977 108
12978 105
12979 102
12980 112
12981 111
12982 117
12983 101
12984 107
12985 115
12986 105
12987 107
12988 82
12989 85
12990 93
12991 94
12992 85
12993 91
12994 95
12995 101
12996 102
12997 111
12998 117
12999 117
13000 119
13001 111
13002 116
13003 120
13004 125
13005 134
13006 140
13007 144
13008 134
13009 104
13010 111
13011 105
13012 110
13013 118
13014 105
13015 113
13016 106
13017 108
13018 98
13019 105
13020 109
13021 110
13022 115
13023 123
13024 122
13025 117
13026 126
13027 98
13028 92
13029 91
13030 75
13031 78
13032 83
13033 93
13034 96
13035 103
13036 103
13037 95
13038 97
13039 106
13040 108
13041 117
13042 120
13043 124
13044 102
13045 106
13046 90
13047 94
13048 102
13049 110
13050 118
13051 127
13052 116
13053 87
13054 97
13055 107
13056 108
13057 97
13058 101
13059 104
13060 91
13061 94
13062 98
13063 99
13064 104
13065 104
13066 112
13067 94
13068 99
13069 100
13070 92
13071 94
13072 88
13073 91
13074 94
13075 102
13076 111
13077 113
13078 114
13079 108
13080 78
13081 84
13082 87
13083 94
13084 95
13085 101
13086 103
13087 111
13088 109
13089 110
13090 113
13091 115
13092 121
13093 124
13094 118
13095 120
13096 123
13097 97
13098 102
13099 103
13100 108
13101 111
13102 117
13103 123
13104 68
13105 69
13106 71
13107 75
13108 82
13109 90
13110 92
13111 96
13112 67
13113 68
13114 75
13115 78
13116 80
13117 86
13118 93
13119 96
13120 97
13121 101
13122 103
13123 95
13124 101
13125 108
13126 97
13127 104
13128 108
13129 109
13130 110
13131 111
13132 115
13133 89
13134 91
13135 96
13136 101
13137 104
13138 110
13139 112
13140 116
13141 104
13142 97
13143 97
13144 106
13145 113
13146 119
13147 128
13148 81
13149 84
13150 89
13151 95
13152 82
13153 91
13154 97
13155 105
13156 112
13157 102
13158 105
13159 111
13160 116
13161 124
13162 113
13163 115
13164 111
13165 119
13166 120
13167 101
13168 78
13169 84
13170 94
13171 102
13172 110
13173 114
13174 83
13175 87
13176 89
13177 92
13178 102
13179 110
13180 112
13181 114
13182 120
13183 127
13184 98
13185 100
13186 102
13187 109
13188 79
13189 86
13190 88
13191 63
13192 69
13193 76
13194 85
13195 91
13196 94
13197 97
13198 103
13199 113
13200 118
13201 110
13202 113
13203 95
13204 99
13205 102
13206 109
13207 90
13208 96
13209 100
13210 109
13211 119
13212 98
13213 101
13214 104
13215 93
13216 96
13217 101
13218 88
13219 94
13220 104
13221 85
13222 90
13223 99
13224 105
13225 114
13226 117
13227 120
13228 102
13229 112
13230 115
13231 118
13232 90
13233 91
13234 95
13235 97
13236 103
13237 110
13238 113
13239 114
13240 101
13241 80
13242 84
13243 89
13244 94
13245 80
13246 87
13247 92
13248 56
13249 65
13250 51
13251 55
13252 57
13253 63
13254 73
13255 78
13256 81
13257 89
13258 96
13259 99
13260 103
13261 104
13262 107
13263 113
13264 120
13265 101
13266 104
13267 109
13268 112
13269 94
13270 95
13271 99
13272 100
13273 78
13274 84
13275 94
13276 97
13277 106
13278 90
13279 91
13280 95
13281 103
13282 113
13283 112
13284 118
13285 115
13286 121
13287 55
13288 57
13289 67
13290 68
13291 75
13292 76
13293 82
13294 86
13295 92
13296 94
13297 101
13298 107
13299 111
13300 108
13301 113
13302 121
13303 131
13304 119
13305 127
13306 108
13307 107
13308 110
13309 103
13310 76
13311 77
13312 87
13313 92
13314 93
13315 103
13316 109
13317 118
13318 97
13319 105
13320 113
13321 96
13322 98
13323 102
13324 105
13325 109
13326 114
13327 118
13328 126
13329 132
13330 142
13331 110
13332 103
13333 109
13334 91
13335 90
13336 95
13337 98
13338 102
13339 104
13340 108
13341 115
13342 120
13343 111
13344 81
13345 85
13346 90
13347 95
13348 96
13349 106
13350 103
13351 105
13352 114
13353 98
13354 91
13355 97
13356 101
13357 106
13358 110
13359 119
13360 127
13361 131
13362 114
13363 119
13364 124
13365 131
13366 105
13367 113
13368 114
13369 106
13370 108
13371 113
13372 115
13373 124
13374 83
13375 86
13376 95
13377 101
13378 103
13379 101
13380 86
13381 84
13382 90
13383 92
13384 95
13385 104
13386 98
13387 106
13388 102
13389 104
13390 112
13391 115
13392 122
13393 123
13394 96
13395 105
13396 111
13397 99
13398 108
13399 94
13400 102
13401 109
13402 118
13403 96
13404 98
13405 101
13406 107
13407 110
13408 117
13409 111
13410 118
13411 110
13412 119
13413 110
13414 107
13415 109
13416 116
13417 120
13418 126
13419 118
13420 96
13421 102
13422 109
13423 114
13424 91
13425 94
13426 101
13427 102
13428 108
13429 109
13430 113
13431 96
13432 94
13433 97
13434 104
13435 112
13436 114
13437 116
13438 112
13439 117
13440 123
13441 118
13442 82
13443 91
13444 92
13445 102
13446 103
13447 113
13448 118
13449 125
13450 120
13451 125
13452 110
13453 106
13454 112
13455 117
13456 116
13457 121
13458 122
13459 111
13460 97
13461 104
13462 109
13463 108
13464 112
13465 121
13466 119
13467 115
13468 122
13469 109
13470 111
13471 121
13472 109
13473 110
13474 109
13475 111
13476 118
13477 105
13478 92
13479 83
13480 89
13481 99
13482 105
13483 114
13484 123
13485 124
13486 134
13487 90
13488 92
13489 97
13490 107
13491 113
13492 123
13493 90
13494 97
13495 107
13496 105
13497 115
13498 116
13499 85
13500 93
13501 96
13502 105
13503 107
13504 98
13505 102
13506 103
13507 110
13508 117
13509 121
13510 105
13511 111
13512 121
13513 99
13514 107
13515 112
13516 113
13517 123
13518 131
13519 108
13520 96
13521 99
13522 102
13523 106
13524 112
13525 121
13526 122
13527 100
13528 99
13529 103
13530 89
13531 97
13532 102
13533 97
13534 99
13535 101
13536 96
13537 106
13538 105
13539 114
13540 113
13541 117
13542 123
13543 126
13544 112
13545 115
13546 72
13547 73
13548 76
13549 79
13550 84
13551 85
13552 91
13553 87
13554 95
13555 104
13556 89
13557 92
13558 101
13559 107
13560 111
13561 115
13562 121
13563 127
13564 97
13565 107
13566 115
13567 93
13568 97
13569 105
13570 113
13571 100
13572 110
13573 120
13574 106
13575 109
13576 109
13577 87
13578 94
13579 99
13580 83
13581 88
13582 96
13583 91
13584 92
13585 96
13586 95
13587 99
13588 103
13589 111
13590 100
13591 101
13592 103
13593 107
13594 94
13595 95
13596 102
13597 106
13598 96
13599 98
13600 105
13601 110
13602 75
13603 85
13604 91
13605 96
13606 70
13607 79
13608 86
13609 92
13610 100
13611 99
13612 95
13613 103
13614 105
13615 101
13616 107
13617 109
13618 116
13619 108
13620 118
13621 126
13622 116
13623 123
13624 109
13625 102
13626 108
13627 116
13628 120
13629 122
13630 126
13631 123
13632 114
13633 123
13634 114
13635 116
13636 81
13637 87
13638 93
13639 98
13640 105
13641 99
13642 101
13643 107
13644 98
13645 87
13646 85
13647 86
13648 90
13649 100
13650 106
13651 71
13652 77
13653 83
13654 86
13655 89
13656 94
13657 100
13658 105
13659 111
13660 106
13661 108
13662 118
13663 126
13664 107
13665 91
13666 82
13667 83
13668 90
13669 97
13670 102
13671 106
13672 111
13673 112
13674 113
13675 107
13676 94
13677 100
13678 109
13679 23
13680 29
13681 34
13682 40
13683 48
13684 50
13685 58
13686 62
13687 70
13688 78
13689 85
13690 92
13691 102
13692 109
13693 118
13694 124
13695 102
13696 103
13697 107
13698 94
13699 79
13700 86
13701 88
13702 93
13703 97
13704 100
13705 104
13706 106
13707 110
13708 115
13709 116
13710 118
13711 127
13712 85
13713 94
13714 99
13715 101
13716 110
13717 118
13718 119
13719 101
13720 111
13721 117
13722 115
13723 111
13724 116
13725 119
13726 94
13727 89
13728 96
13729 104
13730 108
13731 112
13732 104
13733 106
13734 108
13735 81
13736 91
13737 97
13738 107
13739 105
13740 109
13741 101
13742 91
13743 94
13744 97
13745 99
13746 100
13747 85
13748 91
13749 99
13750 104
13751 109
13752 118
13753 121
13754 130
13755 110
13756 96
13757 103
13758 113
13759 102
13760 96
13761 105
13762 107
13763 112
13764 115
13765 97
13766 100
13767 104
13768 110
13769 87
13770 96
13771 99
13772 102
13773 95
13774 98
13775 106
13776 95
13777 93
13778 102
13779 105
13780 113
13781 123
13782 129
13783 117
13784 109
13785 119
13786 124
13787 129
13788 112
13789 117
13790 125
13791 107
13792 116
13793 96
13794 101
13795 102
13796 109
13797 110
13798 109
13799 111
13800 114
13801 116
13802 122
13803 75
13804 83
13805 86
13806 95
13807 100
13808 102
13809 92
13810 64
13811 74
13812 75
13813 79
13814 87
13815 66
13816 71
13817 79
13818 88
13819 89
13820 93
13821 95
13822 100
13823 103
13824 106
13825 107
13826 105
13827 114
13828 123
13829 102
13830 110
13831 81
13832 85
13833 94
13834 97
13835 95
13836 94
13837 96
13838 104
13839 92
13840 95
13841 105
13842 112
13843 105
13844 112
13845 119
13846 126
13847 108
13848 113
13849 92
13850 99
13851 80
13852 87
13853 95
13854 99
13855 106
13856 96
13857 98
13858 101
13859 106
13860 75
13861 85
13862 87
13863 91
13864 94
13865 97
13866 103
13867 107
13868 103
13869 104
13870 108
13871 118
13872 91
13873 79
13874 80
13875 81
13876 87
13877 95
13878 99
13879 97
13880 99
13881 90
13882 96
13883 105
13884 108
13885 114
13886 116
13887 113
13888 123
13889 88
13890 91
13891 94
13892 102
13893 88
13894 94
13895 103
13896 83
13897 84
13898 82
13899 91
13900 68
13901 76
13902 84
13903 91
13904 94
13905 90
13906 94
13907 95
13908 98
13909 99
13910 103
13911 109
13912 115
13913 125
13914 119
13915 122
13916 115
13917 104
13918 113
13919 105
13920 88
13921 94
13922 100
13923 110
13924 115
13925 97
13926 89
13927 94
13928 100
13929 108
13930 114
13931 115
13932 124
13933 126
13934 127
13935 131
13936 135
13937 96
13938 80
13939 89
13940 99
13941 98
13942 105
13943 111
13944 103
13945 104
13946 105
13947 92
13948 102
13949 104
13950 108
13951 71
13952 81
13953 82
13954 83
13955 92
13956 83
13957 92
13958 95
13959 97
13960 103
13961 113
13962 121
13963 111
13964 115
13965 120
13966 126
13967 98
13968 101
13969 88
13970 98
13971 102
13972 105
13973 115
13974 98
13975 98
13976 100
13977 103
13978 111
13979 116
13980 119
13981 122
13982 95
13983 99
13984 103
13985 106
13986 109
13987 111
13988 103
13989 112
13990 119
13991 129
13992 86
13993 88
13994 92
13995 102
13996 86
13997 91
13998 100
13999 108
14000 80
14001 85
14002 92
14003 93
14004 95
14005 103
14006 110
14007 91
14008 97
14009 105
14010 107
14011 115
14012 113
14013 119
14014 115
14015 115
14016 118
14017 93
14018 95
14019 105
14020 109
14021 112
14022 79
14023 87
14024 90
14025 97
14026 103
14027 77
14028 80
14029 81
14030 87
14031 90
14032 99
14033 109
14034 99
14035 109
14036 94
14037 100
14038 103
14039 105
14040 92
14041 94
14042 92
14043 99
14044 103
14045 112
14046 117
14047 126
14048 112
14049 115
14050 121
14051 80
14052 88
14053 94
14054 97
14055 85
14056 94
14057 100
14058 106
14059 108
14060 82
14061 85
14062 88
14063 89
14064 93
14065 102
14066 102
14067 103
14068 104
14069 111
14070 118
14071 122
14072 108
14073 110
14074 92
14075 93
14076 98
14077 97
14078 102
14079 105
14080 110
14081 117
14082 81
14083 88
14084 92
14085 93
14086 98
14087 102
14088 112
14089 120
14090 104
14091 110
14092 103
14093 112
14094 116
14095 121
14096 127
14097 131
14098 139
14099 106
14100 105
14101 98
14102 97
14103 100
14104 106
14105 107
14106 107
14107 115
14108 119
14109 84
14110 92
14111 95
14112 100
14113 109
14114 119
14115 123
14116 89
14117 96
14118 104
14119 86
14120 96
14121 97
14122 84
14123 89
14124 96
14125 106
14126 111
14127 83
14128 88
14129 91
14130 101
14131 110
14132 117
14133 122
14134 128
14135 137
14136 139
14137 146
14138 121
14139 111
14140 121
14141 93
14142 96
14143 88
14144 76
14145 80
14146 87
14147 88
14148 98
14149 105
14150 107
14151 112
14152 119
14153 128
14154 117
14155 118
14156 124
14157 129
14158 113
14159 99
14160 94
14161 101
14162 92
14163 88
14164 91
14165 100
14166 103
14167 111
14168 98
14169 101
14170 108
14171 114
14172 117
14173 118
14174 123
14175 125
14176 129
14177 98
14178 104
14179 87
14180 91
14181 97
14182 107
14183 92
14184 95
14185 97
14186 105
14187 111
14188 113
14189 109
14190 118
14191 127
14192 122
14193 128
14194 137
14195 112
14196 113
14197 82
14198 91
14199 97
14200 102
14201 103
14202 53
14203 62
14204 69
14205 76
14206 85
14207 89
14208 98
14209 102
14210 105
14211 100
14212 109
14213 118
14214 122
14215 97
14216 104
14217 93
14218 101
14219 105
14220 110
14221 113
14222 114
14223 119
14224 114
14225 93
14226 103
14227 109
14228 98
14229 104
14230 101
14231 105
14232 105
14233 103
14234 95
14235 101
14236 102
14237 108
14238 118
14239 119
14240 124
14241 128
14242 126
14243 130
14244 106
14245 107
14246 113
14247 115
14248 118
14249 104
14250 106
14251 108
14252 112
14253 120
14254 129
14255 123
14256 119
14257 100
14258 106
14259 87
14260 92
14261 94
14262 96
14263 97
14264 100
14265 104
14266 87
14267 97
14268 107
14269 112
14270 72
14271 77
14272 81
14273 82
14274 88
14275 94
14276 99
14277 86
14278 93
14279 96
14280 101
14281 110
14282 84
14283 87
14284 82
14285 92
14286 95
14287 102
14288 104
14289 112
14290 119
14291 120
14292 122
14293 128
14294 98
14295 107
14296 95
14297 103
14298 107
14299 108
14300 117
14301 109
14302 112
14303 115
14304 116
14305 119
14306 129
14307 134
14308 76
14309 81
14310 68
14311 74
14312 79
14313 83
14314 89
14315 96
14316 79
14317 85
14318 89
14319 96
14320 103
14321 87
14322 88
14323 94
14324 101
14325 106
14326 109
14327 91
14328 89
14329 92
14330 93
14331 94
14332 75
14333 66
14334 68
14335 78
14336 83
14337 90
14338 95
14339 97
14340 103
14341 102
14342 103
14343 111
14344 98
14345 101
14346 110
14347 93
14348 80
14349 83
14350 86
14351 92
14352 96
14353 100
14354 101
14355 102
14356 105
14357 106
14358 100
14359 99
14360 109
14361 119
14362 114
14363 116
14364 108
14365 109
14366 113
14367 115
14368 122
14369 129
14370 103
14371 83
14372 84
14373 86
14374 87
14375 93
14376 95
14377 96
14378 101
14379 105
14380 108
14381 106
14382 100
14383 106
14384 112
14385 97
14386 107
14387 109
14388 107
14389 116
14390 122
14391 105
14392 111
14393 105
14394 110
14395 118
14396 108
14397 101
14398 107
14399 110
14400 99
14401 87
14402 92
14403 97
14404 99
14405 103
14406 110
14407 95
14408 97
14409 105
14410 93
14411 98
14412 105
14413 48
14414 52
14415 57
14416 65
14417 75
14418 85
14419 94
14420 98
14421 99
14422 92
14423 94
14424 89
14425 92
14426 89
14427 98
14428 108
14429 116
14430 101
14431 72
14432 76
14433 80
14434 84
14435 85
14436 87
14437 88
14438 96
14439 100
14440 105
14441 113
14442 121
14443 113
14444 110
14445 113
14446 94
14447 97
14448 100
14449 110
14450 87
14451 91
14452 99
14453 98
14454 107
14455 115
14456 118
14457 103
14458 111
14459 116
14460 111
14461 118
14462 126
14463 102
14464 111
14465 115
14466 120
14467 115
14468 125
14469 118
14470 119
14471 122
14472 124
14473 131
14474 133
14475 87
14476 91
14477 83
14478 85
14479 93
14480 93
14481 94
14482 104
14483 114
14484 117
14485 116
14486 117
14487 83
14488 84
14489 89
14490 95
14491 99
14492 109
14493 118
14494 126
14495 133
14496 118
14497 91
14498 96
14499 97
14500 98
14501 106
14502 113
14503 113
14504 116
14505 123
14506 87
14507 87
14508 93
14509 103
14510 104
14511 109
14512 119
14513 114
14514 101
14515 111
14516 108
14517 100
14518 108
14519 116
14520 102
14521 95
14522 97
14523 102
14524 106
14525 111
14526 115
14527 95
14528 98
14529 104
14530 112
14531 114
14532 118
14533 120
14534 91
14535 94
14536 99
14537 94
14538 104
14539 93
14540 100
14541 88
14542 93
14543 94
14544 99
14545 107
14546 98
14547 99
14548 106
14549 110
14550 113
14551 117
14552 127
14553 113
14554 120
14555 84
14556 92
14557 96
14558 98
14559 92
14560 95
14561 102
14562 93
14563 94
14564 104
14565 106
14566 67
14567 72
14568 82
14569 89
14570 96
14571 95
14572 96
14573 99
14574 84
14575 91
14576 92
14577 100
14578 102
14579 103
14580 109
14581 113
14582 122
14583 116
14584 45
14585 48
14586 55
14587 58
14588 61
14589 70
14590 77
14591 85
14592 93
14593 102
14594 109
14595 94
14596 103
14597 97
14598 101
14599 102
14600 109
14601 112
14602 110
14603 94
14604 98
14605 103
14606 101
14607 109
14608 110
14609 108
14610 94
14611 100
14612 110
14613 115
14614 123
14615 127
14616 129
14617 82
14618 85
14619 87
14620 97
14621 98
14622 104
14623 102
14624 91
14625 96
14626 106
14627 114
14628 117
14629 111
14630 112
14631 120
14632 122
14633 132
14634 138
14635 145
14636 110
14637 114
14638 123
14639 121
14640 123
14641 128
14642 133
14643 135
14644 57
14645 63
14646 65
14647 68
14648 75
14649 84
14650 87
14651 89
14652 90
14653 87
14654 94
14655 104
14656 112
14657 80
14658 89
14659 90
14660 93
14661 99
14662 103
14663 108
14664 110
14665 100
14666 104
14667 105
14668 115
14669 100
14670 97
14671 100
14672 106
14673 109
14674 113
14675 103
14676 90
14677 97
14678 107
14679 110
14680 118
14681 103
14682 108
14683 78
14684 87
14685 90
14686 100
14687 102
14688 111
14689 98
14690 100
14691 109
14692 111
14693 93
14694 95
14695 103
14696 110
14697 99
14698 108
14699 110
14700 111
14701 113
14702 113
14703 92
14704 101
14705 111
14706 65
14707 67
14708 72
14709 73
14710 77
14711 81
14712 90
14713 90
14714 98
14715 102
14716 104
14717 111
14718 84
14719 91
14720 95
14721 104
14722 105
14723 97
14724 105
14725 106
14726 108
14727 107
14728 109
14729 119
14730 124
14731 130
14732 96
14733 99
14734 109
14735 92
14736 102
14737 110
14738 112
14739 106
14740 114
14741 122
14742 129
14743 106
14744 108
14745 111
14746 113
14747 117
14748 114
14749 121
14750 116
14751 73
14752 83
14753 89
14754 90
14755 93
14756 89
14757 91
14758 98
14759 102
14760 105
14761 106
14762 113
14763 88
14764 98
14765 100
14766 103
14767 85
14768 87
14769 89
14770 93
14771 75
14772 79
14773 89
14774 98
14775 104
14776 91
14777 100
14778 103
14779 92
14780 99
14781 101
14782 96
14783 103
14784 109
14785 111
14786 120
14787 102
14788 112
14789 122
14790 123
14791 120
14792 122
14793 131
14794 136
14795 146
14796 153
14797 82
14798 89
14799 98
14800 103
14801 109
14802 111
14803 112
14804 113
14805 115
14806 120
14807 130
14808 132
14809 113
14810 119
14811 107
14812 98
14813 103
14814 111
14815 117
14816 123
14817 128
14818 130
14819 115
14820 117
14821 126
14822 115
14823 120
14824 95
14825 92
14826 102
14827 100
14828 101
14829 104
14830 105
14831 108
14832 116
14833 98
14834 108
14835 115
14836 122
14837 125
14838 96
14839 94
14840 96
14841 102
14842 108
14843 82
14844 86
14845 93
14846 103
14847 106
14848 107
14849 83
14850 90
14851 99
14852 106
14853 89
14854 93
14855 94
14856 97
14857 100
14858 96
14859 104
14860 98
14861 105
14862 107
14863 116
14864 117
14865 126
14866 135
14867 124
14868 130
14869 118
14870 89
14871 91
14872 94
14873 99
14874 107
14875 111
14876 115
14877 121
14878 118
14879 119
14880 99
14881 107
14882 112
14883 117
14884 124
14885 113
14886 117
14887 118
14888 122
14889 124
14890 122
14891 131
14892 101
14893 107
14894 111
14895 112
14896 121
14897 131
14898 78
14899 80
14900 87
14901 88
14902 93
14903 102
14904 109
14905 110
14906 105
14907 89
14908 92
14909 101
14910 102
14911 103
14912 108
14913 109
14914 114
14915 123
14916 105
14917 110
14918 110
14919 83
14920 86
14921 96
14922 102
14923 107
14924 112
14925 94
14926 104
14927 106
14928 108
14929 112
14930 120
14931 125
14932 131
14933 114
14934 89
14935 98
14936 106
14937 108
14938 110
14939 115
14940 121
14941 129
14942 86
14943 90
14944 96
14945 98
14946 100
14947 106
14948 111
14949 120
14950 126
14951 134
14952 137
14953 143
14954 109
14955 114
14956 80
14957 81
14958 88
14959 94
14960 96
14961 63
14962 70
14963 77
14964 85
14965 86
14966 87
14967 92
14968 100
14969 108
14970 111
14971 115
14972 97
14973 98
14974 99
14975 101
14976 80
14977 83
14978 88
14979 91
14980 99
14981 106
14982 112
14983 121
14984 129
14985 133
14986 110
14987 116
14988 124
14989 109
14990 112
14991 114
14992 119
14993 123
14994 125
14995 133
14996 84
14997 90
14998 95
14999 61
15000 68
15001 75
15002 76
15003 86
15004 88
15005 88
15006 95
15007 104
15008 106
15009 100
15010 109
15011 103
15012 105
15013 115
15014 123
15015 106
15016 110
15017 112
15018 115
15019 96
15020 102
15021 107
15022 108
15023 97
15024 99
15025 103
15026 106
15027 112
15028 85
15029 94
15030 96
15031 97
15032 100
15033 103
15034 109
15035 97
15036 106
15037 90
15038 75
15039 80
15040 83
15041 48
15042 52
15043 59
15044 68
15045 78
15046 86
15047 89
15048 90
15049 95
15050 102
15051 108
15052 109
15053 112
15054 108
15055 110
15056 117
15057 118
15058 121
15059 101
15060 104
15061 112
15062 115
15063 118
15064 106
15065 107
15066 116
15067 126
15068 96
15069 87
15070 91
15071 93
15072 101
15073 108
15074 110
15075 93
15076 97
15077 100
15078 101
15079 97
15080 101
15081 106
15082 111
15083 113
15084 117
15085 124
15086 132
15087 137
15088 110
15089 113
15090 118
15091 127
15092 104
15093 109
15094 114
15095 122
15096 111
15097 116
15098 126
15099 109
15100 102
15101 108
15102 82
15103 80
15104 85
15105 87
15106 97
15107 105
15108 112
15109 119
15110 126
15111 94
15112 104
15113 106
15114 97
15115 104
15116 109
15117 107
15118 108
15119 103
15120 77
15121 85
15122 88
15123 97
15124 88
15125 89
15126 93
15127 101
15128 102
15129 111
15130 78
15131 88
15132 97
15133 99
15134 105
15135 114
15136 123
15137 121
15138 124
15139 132
15140 107
15141 112
15142 105
15143 111
15144 119
15145 119
15146 111
15147 117
15148 125
15149 126
15150 104
15151 106
15152 96
15153 98
15154 97
15155 105
15156 95
15157 96
15158 104
15159 114
15160 119
15161 83
15162 82
15163 88
15164 89
15165 93
15166 98
15167 101
15168 105
15169 115
15170 119
15171 128
15172 118
15173 111
15174 113
15175 88
15176 92
15177 97
15178 101
15179 65
15180 72
15181 79
15182 81
15183 83
15184 88
15185 89
15186 93
15187 96
15188 99
15189 102
15190 104
15191 105
15192 112
15193 82
15194 88
15195 93
15196 99
15197 108
15198 110
15199 112
15200 114
15201 115
15202 124
15203 110
15204 109
15205 113
15206 106
15207 115
15208 114
15209 105
15210 87
15211 96
15212 98
15213 105
15214 108
15215 110
15216 102
15217 108
15218 112
15219 52
15220 60
15221 69
15222 77
15223 79
15224 86
15225 95
15226 102
15227 108
15228 117
15229 122
15230 93
15231 103
15232 104
15233 112
15234 116
15235 117
15236 125
15237 132
15238 117
15239 122
15240 108
15241 112
15242 117
15243 126
15244 127
15245 132
15246 131
15247 102
15248 110
15249 116
15250 105
15251 109
15252 110
15253 107
15254 64
15255 67
15256 70
15257 77
15258 82
15259 90
15260 52
15261 59
15262 69
15263 76
15264 82
15265 83
15266 70
15267 48
15268 53
15269 60
15270 68
15271 74
15272 52
15273 55
15274 61
15275 68
15276 73
15277 78
15278 86
15279 93
15280 96
15281 101
15282 111
15283 120
15284 113
15285 78
15286 87
15287 90
15288 96
15289 106
15290 100
15291 110
15292 113
15293 117
15294 110
15295 111
15296 113
15297 122
15298 113
15299 117
15300 119
15301 107
15302 105
15303 90
15304 94
15305 103
15306 85
15307 79
15308 86
15309 81
15310 78
15311 83
15312 91
15313 92
15314 94
15315 99
15316 108
15317 113
15318 120
15319 122
15320 112
15321 105
15322 115
15323 125
15324 120
15325 74
15326 77
15327 81
15328 88
15329 93
15330 103
15331 106
15332 106
15333 108
15334 111
15335 112
15336 113
15337 100
15338 101
15339 111
15340 120
15341 121
15342 124
15343 125
15344 116
15345 117
15346 95
15347 100
15348 101
15349 106
15350 102
15351 102
15352 96
15353 105
15354 115
15355 112
15356 103
15357 110
15358 81
15359 86
15360 94
15361 100
15362 102
15363 109
15364 111
15365 45
15366 47
15367 49
15368 58
15369 59
15370 61
15371 71
15372 73
15373 82
15374 86
15375 87
15376 88
15377 94
15378 95
15379 96
15380 80
15381 87
15382 96
15383 100
15384 90
15385 96
15386 97
15387 102
15388 105
15389 102
15390 99
15391 93
15392 99
15393 100
15394 107
15395 82
15396 91
15397 100
15398 101
15399 110
15400 109
15401 106
15402 116
15403 121
15404 123
15405 103
15406 94
15407 95
15408 96
15409 94
15410 98
15411 104
15412 105
15413 111
15414 121
15415 108
15416 114
15417 113
15418 116
15419 109
15420 111
15421 120
15422 125
15423 97
15424 98
15425 107
15426 99
15427 100
15428 103
15429 104
15430 105
15431 106
15432 109
15433 106
15434 110
15435 103
15436 112
15437 117
15438 117
15439 85
15440 87
15441 97
15442 103
15443 100
15444 108
15445 114
15446 115
15447 103
15448 110
15449 105
15450 110
15451 118
15452 119
15453 104
15454 105
15455 85
15456 87
15457 91
15458 94
15459 97
15460 98
15461 98
15462 106
15463 110
15464 111
15465 112
15466 105
15467 114
15468 122
15469 109
15470 119
15471 127
15472 133
15473 113
15474 118
15475 93
15476 93
15477 95
15478 101
15479 106
15480 113
15481 116
15482 117
15483 84
15484 94
15485 96
15486 101
15487 104
15488 109
15489 104
15490 91
15491 73
15492 76
15493 78
15494 86
15495 88
15496 90
15497 96
15498 86
15499 95
15500 104
15501 106
15502 112
15503 118
15504 100
15505 87
15506 90
15507 93
15508 101
15509 102
15510 94
15511 75
15512 78
15513 80
15514 83
15515 90
15516 96
15517 99
15518 105
15519 110
15520 119
15521 93
15522 97
15523 102
15524 103
15525 111
15526 105
15527 108
15528 110
15529 112
15530 118
15531 126
15532 100
15533 101
15534 103
15535 96
15536 105
15537 109
15538 85
15539 87
15540 90
15541 91
15542 95
15543 103
15544 112
15545 109
15546 110
15547 119
15548 129
15549 107
15550 82
15551 76
15552 67
15553 72
15554 77
15555 80
15556 87
15557 93
15558 102
15559 108
15560 99
15561 100
15562 109
15563 118
15564 126
15565 108
15566 114
15567 96
15568 104
15569 111
15570 119
15571 94
15572 102
15573 104
15574 106
15575 113
15576 116
15577 82
15578 84
15579 90
15580 97
15581 106
15582 96
15583 98
15584 100
15585 102
15586 105
15587 107
15588 107
15589 108
15590 110
15591 97
15592 98
15593 103
15594 112
15595 113
15596 100
15597 101
15598 111
15599 103
15600 110
15601 116
15602 105
15603 99
15604 105
15605 92
15606 93
15607 103
15608 105
15609 110
15610 112
15611 114
15612 79
15613 85
15614 88
15615 89
15616 93
15617 102
15618 83
15619 93
15620 100
15621 101
15622 105
15623 107
15624 113
15625 116
15626 126
15627 129
15628 100
15629 107
15630 109
15631 79
15632 81
15633 91
15634 90
15635 91
15636 100
15637 106
15638 111
15639 106
15640 107
15641 102
15642 108
15643 114
15644 110
15645 57
15646 59
15647 64
15648 68
15649 76
15650 84
15651 90
15652 92
15653 101
15654 102
15655 106
15656 108
15657 116
15658 119
15659 70
15660 79
15661 81
15662 83
15663 87
15664 88
15665 89
15666 98
15667 87
15668 90
15669 92
15670 100
15671 104
15672 111
15673 102
15674 110
15675 98
15676 108
15677 113
15678 114
15679 104
15680 107
15681 110
15682 113
15683 67
15684 76
15685 80
15686 83
15687 86
15688 95
15689 100
15690 105
15691 114
15692 79
15693 83
15694 79
15695 81
15696 85
15697 88
15698 95
15699 105
15700 111
15701 118
15702 84
15703 85
15704 93
15705 84
15706 76
15707 79
15708 85
15709 86
15710 91
15711 97
15712 105
15713 114
15714 119
15715 121
15716 94
15717 100
15718 108
15719 111
15720 107
15721 106
15722 109
15723 114
15724 115
15725 104
15726 38
15727 45
15728 50
15729 54
15730 59
15731 62
15732 71
15733 77
15734 87
15735 89
15736 90
15737 94
15738 104
15739 105
15740 111
15741 114
15742 119
15743 126
15744 100
15745 106
15746 111
15747 103
15748 105
15749 111
15750 102
15751 107
15752 99
15753 105
15754 108
15755 115
15756 111
15757 113
15758 121
15759 129
15760 82
15761 84
15762 89
15763 94
15764 102
15765 107
15766 112
15767 109
15768 111
15769 107
15770 114
15771 104
15772 102
15773 90
15774 100
15775 24
15776 33
15777 42
15778 51
15779 58
15780 60
15781 66
15782 71
15783 74
15784 79
15785 80
15786 87
15787 96
15788 99
15789 106
15790 110
15791 111
15792 112
15793 117
15794 104
15795 105
15796 110
15797 120
15798 87
15799 90
15800 82
15801 89
15802 99
15803 109
15804 111
15805 113
15806 98
15807 104
15808 106
15809 114
15810 112
15811 120
15812 96
15813 102
15814 103
15815 107
15816 103
15817 110
15818 111
15819 117
15820 119
15821 128
15822 116
15823 117
15824 124
15825 125
15826 123
15827 79
15828 85
15829 94
15830 93
15831 100
15832 106
15833 116
15834 107
15835 115
15836 119
15837 94
15838 99
15839 109
15840 113
15841 83
15842 84
15843 89
15844 91
15845 93
15846 98
15847 102
15848 90
15849 93
15850 81
15851 83
15852 85
15853 95
15854 99
15855 108
15856 111
15857 77
15858 87
15859 92
15860 102
15861 110
15862 113
15863 99
15864 107
15865 111
15866 118
15867 119
15868 120
15869 129
15870 130
15871 103
15872 106
15873 104
15874 105
15875 113
15876 86
15877 96
15878 98
15879 99
15880 108
15881 103
15882 91
15883 101
15884 105
15885 110
15886 116
15887 113
15888 78
15889 82
15890 91
15891 95
15892 99
15893 101
15894 110
15895 119
15896 126
15897 102
15898 80
15899 88
15900 98
15901 99
15902 101
15903 111
15904 106
15905 112
15906 108
15907 110
15908 117
15909 125
15910 129
15911 135
15912 100
15913 85
15914 86
15915 91
15916 95
15917 97
15918 106
15919 105
15920 108
15921 117
15922 110
15923 117
15924 118
15925 116
15926 125
15927 82
15928 85
15929 87
15930 97
15931 101
15932 105
15933 107
15934 109
15935 113
15936 115
15937 118
15938 123
15939 121
15940 123
15941 129
15942 130
15943 121
15944 86
15945 87
15946 94
15947 96
15948 102
15949 112
15950 117
15951 106
15952 115
15953 118
15954 123
15955 131
15956 84
15957 92
15958 94
15959 101
15960 108
15961 116
15962 94
15963 102
15964 104
15965 113
15966 70
15967 76
15968 83
15969 92
15970 94
15971 100
15972 104
15973 106
15974 99
15975 104
15976 112
15977 121
15978 99
15979 102
15980 102
15981 110
15982 104
15983 112
15984 106
15985 108
15986 118
15987 121
15988 128
15989 127
15990 133
15991 113
15992 102
15993 92
15994 101
15995 103
15996 94
15997 101
15998 111
15999 118
16000 116
16001 87
16002 88
16003 90
16004 100
16005 101
16006 102
16007 105
16008 112
16009 112
16010 116
16011 102
16012 105
16013 112
16014 112
16015 96
16016 100
16017 90
16018 93
16019 95
16020 97
16021 102
16022 111
16023 107
16024 75
16025 80
16026 85
16027 88
16028 95
16029 100
16030 101
16031 102
16032 108
16033 118
16034 126
16035 117
16036 124
16037 107
16038 112
16039 115
16040 106
16041 109
16042 110
16043 95
16044 103
16045 112
16046 117
16047 106
16048 111
16049 90
16050 92
16051 101
16052 108
16053 100
16054 109
16055 117
16056 116
16057 84
16058 94
16059 95
16060 97
16061 102
16062 104
16063 113
16064 97
16065 73
16066 77
16067 80
16068 86
16069 93
16070 100
16071 105
16072 109
16073 104
16074 106
16075 112
16076 120
16077 98
16078 108
16079 111
16080 111
16081 110
16082 116
16083 117
16084 117
16085 112
16086 119
16087 127
16088 74
16089 75
16090 85
16091 86
16092 95
16093 100
16094 110
16095 112
16096 118
16097 126
16098 132
16099 117
16100 123
16101 90
16102 80
16103 71
16104 74
16105 82
16106 90
16107 97
16108 98
16109 102
16110 109
16111 116
16112 124
16113 125
16114 134
16115 129
16116 69
16117 74
16118 76
16119 77
16120 80
16121 81
16122 87
16123 97
16124 99
16125 105
16126 112
16127 95
16128 97
16129 87
16130 96
16131 98
16132 105
16133 103
16134 110
16135 86
16136 89
16137 95
16138 97
16139 62
16140 66
16141 70
16142 71
16143 76
16144 86
16145 87
16146 95
16147 99
16148 100
16149 83
16150 93
16151 100
16152 110
16153 113
16154 122
16155 85
16156 90
16157 100
16158 106
16159 114
16160 113
16161 117
16162 104
16163 114
16164 119
16165 106
16166 111
16167 119
16168 113
16169 100
16170 101
16171 104
16172 105
16173 112
16174 113
16175 104
16176 105
16177 87
16178 88
16179 90
16180 91
16181 98
16182 108
16183 94
16184 85
16185 87
16186 89
16187 90
16188 96
16189 106
16190 86
16191 87
16192 97
16193 66
16194 76
16195 80
16196 84
16197 92
16198 97
16199 102
16200 101
16201 78
16202 80
16203 78
16204 81
16205 87
16206 96
16207 91
16208 98
16209 105
16210 106
16211 111
16212 118
16213 128
16214 84
16215 94
16216 95
16217 105
16218 109
16219 101
16220 108
16221 112
16222 119
16223 98
16224 101
16225 110
16226 111
16227 107
16228 112
16229 103
16230 107
16231 110
16232 113
16233 117
16234 124
16235 112
16236 100
16237 89
16238 75
16239 77
16240 83
16241 92
16242 95
16243 101
16244 103
16245 103
16246 111
16247 105
16248 98
16249 100
16250 103
16251 104
16252 99
16253 109
16254 89
16255 98
16256 105
16257 106
16258 116
16259 88
16260 94
16261 70
16262 77
16263 78
16264 82
16265 91
16266 99
16267 100
16268 104
16269 101
16270 108
16271 116
16272 117
16273 123
16274 87
16275 89
16276 97
16277 91
16278 99
16279 103
16280 109
16281 117
16282 109
16283 118
16284 124
16285 132
16286 137
16287 143
16288 115
16289 124
16290 76
16291 78
16292 83
16293 84
16294 88
16295 92
16296 94
16297 97
16298 103
16299 110
16300 79
16301 82
16302 89
16303 86
16304 92
16305 99
16306 101
16307 99
16308 101
16309 102
16310 107
16311 117
16312 127
16313 113
16314 121
16315 70
16316 71
16317 75
16318 79
16319 89
16320 99
16321 105
16322 115
16323 94
16324 84
16325 88
16326 97
16327 104
16328 112
16329 97
16330 100
16331 107
16332 107
16333 114
16334 109
16335 100
16336 106
16337 81
16338 82
16339 87
16340 88
16341 92
16342 75
16343 76
16344 85
16345 90
16346 94
16347 96
16348 99
16349 103
16350 94
16351 104
16352 74
16353 77
16354 83
16355 88
16356 95
16357 100
16358 103
16359 109
16360 110
16361 75
16362 78
16363 86
16364 94
16365 95
16366 104
16367 105
16368 111
16369 111
16370 120
16371 108
16372 65
16373 75
16374 82
16375 89
16376 93
16377 98
16378 80
16379 89
16380 95
16381 91
16382 92
16383 97
16384 101
16385 103
16386 99
16387 106
16388 108
16389 112
16390 119
16391 106
16392 102
16393 108
16394 116
16395 104
16396 105
16397 106
16398 114
16399 120
16400 111
16401 115
16402 99
16403 102
16404 109
16405 97
16406 95
16407 105
16408 113
16409 99
16410 92
16411 101
16412 108
16413 110
16414 106
16415 88
16416 97
16417 104
16418 98
16419 100
16420 108
16421 115
16422 107
16423 116
16424 120
16425 77
16426 79
16427 85
16428 86
16429 91
16430 97
16431 100
16432 106
16433 111
16434 96
16435 103
16436 97
16437 101
16438 110
16439 120
16440 125
16441 116
16442 53
16443 63
16444 66
16445 73
16446 75
16447 79
16448 85
16449 90
16450 94
16451 103
16452 107
16453 109
16454 116
16455 122
16456 100
16457 105
16458 108
16459 114
16460 103
16461 80
16462 86
16463 90
16464 96
16465 98
16466 103
16467 104
16468 101
16469 105
16470 113
16471 100
16472 104
16473 113
16474 103
16475 111
16476 113
16477 117
16478 109
16479 94
16480 99
16481 107
16482 116
16483 122
16484 102
16485 80
16486 86
16487 89
16488 96
16489 102
16490 105
16491 114
16492 87
16493 95
16494 97
16495 101
16496 92
16497 99
16498 102
16499 110
16500 111
16501 97
16502 104
16503 114
16504 120
16505 126
16506 98
16507 100
16508 82
16509 75
16510 82
16511 91
16512 101
16513 107
16514 115
16515 125
16516 86
16517 91
16518 97
16519 107
16520 116
16521 108
16522 114
16523 119
16524 121
16525 114
16526 102
16527 107
16528 113
16529 119
16530 123
16531 106
16532 108
16533 80
16534 89
16535 76
16536 84
16537 85
16538 93
16539 94
16540 85
16541 74
16542 83
16543 84
16544 90
16545 94
16546 96
16547 105
16548 96
16549 105
16550 107
16551 105
16552 79
16553 89
16554 90
16555 97
16556 100
16557 107
16558 95
16559 99
16560 109
16561 97
16562 105
16563 110
16564 111
16565 112
16566 116
16567 107
16568 65
16569 66
16570 72
16571 78
16572 84
16573 92
16574 93
16575 95
16576 99
16577 106
16578 113
16579 114
16580 118
16581 112
16582 113
16583 76
16584 83
16585 71
16586 77
16587 79
16588 89
16589 91
16590 94
16591 99
16592 107
16593 109
16594 114
16595 117
16596 123
16597 128
16598 104
16599 108
16600 113
16601 114
16602 118
16603 98
16604 98
16605 100
16606 101
16607 107
16608 100
16609 110
16610 117
16611 121
16612 103
16613 104
16614 106
16615 81
16616 90
16617 96
16618 102
16619 96
16620 98
16621 104
16622 94
16623 101
16624 109
16625 109
16626 112
16627 119
16628 103
16629 112
16630 115
16631 99
16632 100
16633 101
16634 84
16635 85
16636 86
16637 88
16638 93
16639 96
16640 100
16641 96
16642 91
16643 97
16644 102
16645 102
16646 107
16647 109
16648 117
16649 39
16650 43
16651 49
16652 58
16653 64
16654 67
16655 70
16656 72
16657 73
16658 78
16659 86
16660 73
16661 69
16662 76
16663 79
16664 88
16665 97
16666 103
16667 100
16668 95
16669 103
16670 112
16671 113
16672 113
16673 121
16674 131
16675 94
16676 95
16677 96
16678 100
16679 104
16680 93
16681 103
16682 98
16683 106
16684 114
16685 119
16686 120
16687 70
16688 72
16689 78
16690 84
16691 85
16692 93
16693 99
16694 107
16695 108
16696 87
16697 96
16698 103
16699 110
16700 99
16701 103
16702 113
16703 92
16704 93
16705 99
16706 104
16707 102
16708 105
16709 106
16710 113
16711 79
16712 89
16713 97
16714 100
16715 101
16716 99
16717 109
16718 99
16719 107
16720 115
16721 123
16722 128
16723 132
16724 142
16725 144
16726 104
16727 96
16728 104
16729 110
16730 116
16731 117
16732 122
16733 130
16734 112
16735 115
16736 118
16737 102
16738 109
16739 115
16740 114
16741 116
16742 114
16743 124
16744 127
16745 134
16746 142
16747 121
16748 123
16749 108
16750 115
16751 93
16752 95
16753 100
16754 106
16755 78
16756 82
16757 89
16758 93
16759 102
16760 107
16761 111
16762 103
16763 108
16764 117
16765 123
16766 100
16767 105
16768 108
16769 97
16770 100
16771 103
16772 111
16773 67
16774 77
16775 80
16776 82
16777 89
16778 91
16779 92
16780 92
16781 96
16782 97
16783 101
16784 107
16785 92
16786 94
16787 100
16788 101
16789 103
16790 99
16791 102
16792 97
16793 98
16794 101
16795 103
16796 113
16797 123
16798 94
16799 99
16800 104
16801 114
16802 96
16803 103
16804 111
16805 88
16806 95
16807 88
16808 90
16809 91
16810 94
16811 95
16812 102
16813 108
16814 114
16815 95
16816 99
16817 100
16818 104
16819 85
16820 94
16821 96
16822 106
16823 107
16824 110
16825 81
16826 85
16827 38
16828 41
16829 44
16830 46
16831 50
16832 53
16833 60
16834 66
16835 73
16836 74
16837 83
16838 90
16839 97
16840 99
16841 108
16842 105
16843 110
16844 120
16845 99
16846 98
16847 75
16848 80
16849 81
16850 84
16851 87
16852 94
16853 102
16854 111
16855 89
16856 90
16857 95
16858 103
16859 108
16860 114
16861 119
16862 101
16863 103
16864 99
16865 106
16866 112
16867 114
16868 119
16869 110
16870 119
16871 122
16872 131
16873 134
16874 102
16875 111
16876 99
16877 102
16878 105
16879 111
16880 118
16881 125
16882 128
16883 87
16884 88
16885 97
16886 68
16887 75
16888 81
16889 86
16890 96
16891 69
16892 73
16893 75
16894 82
16895 87
16896 92
16897 96
16898 98
16899 103
16900 106
16901 109
16902 114
16903 115
16904 124
16905 131
16906 105
16907 106
16908 112
16909 115
16910 106
16911 89
16912 91
16913 94
16914 103
16915 105
16916 111
16917 112
16918 102
16919 87
16920 89
16921 94
16922 104
16923 108
16924 111
16925 116
16926 98
16927 104
16928 110
16929 115
16930 122
16931 114
16932 80
16933 90
16934 92
16935 99
16936 105
16937 107
16938 97
16939 105
16940 108
16941 99
16942 105
16943 107
16944 113
16945 116
16946 98
16947 107
16948 111
16949 117
16950 124
16951 105
16952 110
16953 117
16954 113
16955 117
16956 119
16957 122
16958 91
16959 90
16960 97
16961 102
16962 110
16963 119
16964 126
16965 115
16966 124
16967 83
16968 85
16969 93
16970 96
16971 97
16972 98
16973 105
16974 114
16975 92
16976 97
16977 58
16978 65
16979 71
16980 80
16981 86
16982 93
16983 103
16984 111
16985 119
16986 124
16987 129
16988 138
16989 144
16990 150
16991 105
16992 115
16993 123
16994 115
16995 93
16996 96
16997 105
16998 106
16999 99
17000 102
17001 106
17002 112
17003 117
17004 66
17005 69
17006 79
17007 78
17008 80
17009 81
17010 87
17011 96
17012 98
17013 101
17014 102
17015 108
17016 118
17017 125
17018 112
17019 117
17020 101
17021 93
17022 101
17023 105
17024 114
17025 87
17026 94
17027 104
17028 107
17029 110
17030 113
17031 119
17032 127
17033 102
17034 110
17035 113
17036 76
17037 82
17038 84
17039 89
17040 98
17041 65
17042 68
17043 70
17044 78
17045 81
17046 84
17047 68
17048 72
17049 77
17050 82
17051 88
17052 93
17053 94
17054 98
17055 107
17056 84
17057 91
17058 93
17059 99
17060 101
17061 103
17062 105
17063 113
17064 90
17065 99
17066 95
17067 100
17068 109
17069 97
17070 98
17071 106
17072 98
17073 105
17074 108
17075 109
17076 114
17077 121
17078 97
17079 101
17080 105
17081 107
17082 112
17083 115
17084 121
17085 130
17086 132
17087 136
17088 82
17089 89
17090 96
17091 100
17092 101
17093 103
17094 88
17095 98
17096 104
17097 99
17098 77
17099 79
17100 82
17101 84
17102 89
17103 88
17104 97
17105 102
17106 105
17107 106
17108 89
17109 96
17110 105
17111 114
17112 114
17113 115
17114 123
17115 105
17116 111
17117 85
17118 91
17119 100
17120 106
17121 113
17122 113
17123 99
17124 109
17125 118
17126 107
17127 103
17128 105
17129 109
17130 91
17131 97
17132 101
17133 111
17134 119
17135 97
17136 101
17137 106
17138 113
17139 112
17140 111
17141 121
17142 122
17143 116
17144 79
17145 83
17146 91
17147 94
17148 96
17149 97
17150 99
17151 101
17152 107
17153 113
17154 109
17155 115
17156 111
17157 113
17158 121
17159 115
17160 122
17161 119
17162 120
17163 114
17164 122
17165 131
17166 130
17167 117
17168 110
17169 104
17170 108
17171 112
17172 100
17173 110
17174 115
17175 120
17176 70
17177 80
17178 90
17179 92
17180 100
17181 108
17182 111
17183 116
17184 125
17185 108
17186 111
17187 103
17188 87
17189 95
17190 98
17191 99
17192 104
17193 109
17194 100
17195 101
17196 111
17197 117
17198 127
17199 128
17200 102
17201 109
17202 110
17203 94
17204 98
17205 105
17206 100
17207 102
17208 108
17209 104
17210 107
17211 116
17212 74
17213 83
17214 93
17215 102
17216 103
17217 109
17218 112
17219 121
17220 128
17221 130
17222 112
17223 104
17224 105
17225 108
17226 110
17227 117
17228 125
17229 124
17230 131
17231 131
17232 133
17233 100
17234 106
17235 106
17236 92
17237 94
17238 99
17239 103
17240 107
17241 97
17242 99
17243 101
17244 107
17245 110
17246 110
17247 112
17248 105
17249 84
17250 87
17251 95
17252 100
17253 85
17254 90
17255 94
17256 100
17257 108
17258 115
17259 77
17260 85
17261 92
17262 88
17263 97
17264 103
17265 112
17266 117
17267 108
17268 115
17269 119
17270 80
17271 89
17272 94
17273 97
17274 103
17275 104
17276 109
17277 96
17278 106
17279 105
17280 86
17281 87
17282 92
17283 100
17284 106
17285 92
17286 97
17287 104
17288 100
17289 106
17290 99
17291 99
17292 107
17293 111
17294 78
17295 86
17296 92
17297 93
17298 100
17299 106
17300 106
17301 114
17302 115
17303 106
17304 113
17305 118
17306 121
17307 99
17308 101
17309 105
17310 113
17311 118
17312 121
17313 125
17314 97
17315 98
17316 105
17317 101
17318 107
17319 111
17320 91
17321 101
17322 104
17323 108
17324 115
17325 80
17326 90
17327 99
17328 108
17329 86
17330 88
17331 91
17332 100
17333 107
17334 111
17335 118
17336 126
17337 120
17338 121
17339 125
17340 133
17341 118
17342 84
17343 90
17344 95
17345 98
17346 100
17347 108
17348 111
17349 112
17350 117
17351 98
17352 106
17353 97
17354 104
17355 106
17356 103
17357 103
17358 105
17359 69
17360 73
17361 83
17362 84
17363 94
17364 95
17365 102
17366 75
17367 85
17368 88
17369 95
17370 100
17371 105
17372 81
17373 84
17374 94
17375 102
17376 111
17377 120
17378 130
17379 94
17380 97
17381 98
17382 101
17383 108
17384 109
17385 114
17386 106
17387 109
17388 110
17389 110
17390 113
17391 122
17392 103
17393 104
17394 107
17395 110
17396 113
17397 120
17398 99
17399 93
17400 99
17401 98
17402 102
17403 106
17404 105
17405 111
17406 112
17407 79
17408 85
17409 94
17410 99
17411 102
17412 107
17413 111
17414 112
17415 116
17416 72
17417 79
17418 89
17419 98
17420 99
17421 104
17422 112
17423 114
17424 117
17425 114
17426 124
17427 127
17428 137
17429 76
17430 78
17431 88
17432 95
17433 95
17434 102
17435 112
17436 113
17437 119
17438 121
17439 124
17440 110
17441 91
17442 93
17443 98
17444 100
17445 96
17446 102
17447 109
17448 110
17449 95
17450 99
17451 103
17452 105
17453 90
17454 77
17455 87
17456 88
17457 91
17458 73
17459 78
17460 84
17461 88
17462 91
17463 100
17464 105
17465 110
17466 117
17467 127
17468 87
17469 95
17470 102
17471 103
17472 67
17473 77
17474 81
17475 85
17476 87
17477 93
17478 102
17479 103
17480 94
17481 95
17482 100
17483 104
17484 107
17485 114
17486 121
17487 121
17488 117
17489 119
17490 112
17491 66
17492 75
17493 76
17494 82
17495 87
17496 90
17497 94
17498 102
17499 106
17500 111
17501 106
17502 92
17503 94
17504 101
17505 102
17506 104
17507 111
17508 79
17509 85
17510 86
17511 93
17512 88
17513 90
17514 98
17515 106
17516 114
17517 116
17518 117
17519 120
17520 128
17521 113
17522 115
17523 116
17524 118
17525 111
17526 119
17527 121
17528 102
17529 104
17530 107
17531 112
17532 119
17533 129
17534 135
17535 138
17536 130
17537 102
17538 112
17539 116
17540 112
17541 93
17542 101
17543 103
17544 100
17545 105
17546 109
17547 111
17548 85
17549 92
17550 90
17551 97
17552 107
17553 117
17554 108
17555 108
17556 107
17557 113
17558 111
17559 95
17560 97
17561 107
17562 114
17563 117
17564 127
17565 125
17566 118
17567 126
17568 133
17569 97
17570 106
17571 109
17572 112
17573 117
17574 100
17575 104
17576 112
17577 98
17578 101
17579 105
17580 114
17581 96
17582 105
17583 114
17584 120
17585 113
17586 79
17587 83
17588 85
17589 87
17590 41
17591 46
17592 47
17593 55
17594 62
17595 66
17596 74
17597 76
17598 81
17599 83
17600 90
17601 95
17602 85
17603 89
17604 94
17605 102
17606 104
17607 94
17608 95
17609 97
17610 102
17611 107
17612 83
17613 91
17614 99
17615 106
17616 65
17617 71
17618 76
17619 78
17620 79
17621 83
17622 87
17623 49
17624 53
17625 59
17626 69
17627 70
17628 79
17629 80
17630 90
17631 86
17632 89
17633 90
17634 97
17635 99
17636 100
17637 104
17638 106
17639 67
17640 69
17641 70
17642 73
17643 83
17644 87
17645 95
17646 96
17647 101
17648 107
17649 110
17650 119
17651 104
17652 77
17653 83
17654 62
17655 71
17656 75
17657 77
17658 83
17659 84
17660 85
17661 94
17662 102
17663 101
17664 108
17665 98
17666 74
17667 81
17668 86
17669 91
17670 101
17671 106
17672 110
17673 116
17674 119
17675 124
17676 128
17677 137
17678 97
17679 103
17680 94
17681 103
17682 105
17683 115
17684 106
17685 76
17686 76
17687 86
17688 91
17689 85
17690 90
17691 91
17692 100
17693 109
17694 111
17695 117
17696 126
17697 134
17698 122
17699 128
17700 129
17701 135
17702 106
17703 97
17704 94
17705 101
17706 101
17707 103
17708 107
17709 99
17710 85
17711 29
17712 34
17713 42
17714 51
17715 61
17716 65
17717 73
17718 79
17719 81
17720 83
17721 84
17722 94
17723 99
17724 78
17725 79
17726 83
17727 90
17728 95
17729 98
17730 101
17731 107
17732 110
17733 56
17734 60
17735 66
17736 67
17737 70
17738 79
17739 85
17740 91
17741 99
17742 100
17743 109
17744 116
17745 117
17746 124
17747 104
17748 114
17749 119
17750 124
17751 46
17752 52
17753 54
17754 56
17755 66
17756 75
17757 77
17758 83
17759 88
17760 93
17761 99
17762 100
17763 102
17764 101
17765 111
17766 116
17767 88
17768 94
17769 101
17770 111
17771 106
17772 74
17773 79
17774 84
17775 87
17776 96
17777 106
17778 72
17779 73
17780 83
17781 87
17782 95
17783 100
17784 107
17785 108
17786 115
17787 118
17788 107
17789 117
17790 119
17791 120
17792 128
17793 82
17794 86
17795 88
17796 93
17797 103
17798 79
17799 87
17800 91
17801 99
17802 106
17803 113
17804 117
17805 105
17806 71
17807 73
17808 74
17809 75
17810 77
17811 80
17812 89
17813 99
17814 85
17815 93
17816 103
17817 107
17818 104
17819 109
17820 114
17821 117
17822 113
17823 105
17824 106
17825 92
17826 98
17827 102
17828 111
17829 96
17830 101
17831 106
17832 112
17833 115
17834 118
17835 124
17836 132
17837 104
17838 109
17839 119
17840 125
17841 101
17842 109
17843 112
17844 115
17845 114
17846 108
17847 84
17848 89
17849 98
17850 108
17851 115
17852 116
17853 92
17854 102
17855 107
17856 110
17857 112
17858 111
17859 98
17860 99
17861 102
17862 94
17863 101
17864 88
17865 94
17866 99
17867 102
17868 104
17869 113
17870 105
17871 103
17872 105
17873 109
17874 113
17875 106
17876 109
17877 117
17878 90
17879 92
17880 98
17881 103
17882 96
17883 104
17884 106
17885 115
17886 105
17887 89
17888 92
17889 95
17890 87
17891 95
17892 98
17893 104
17894 111
17895 61
17896 65
17897 72
17898 75
17899 77
17900 87
17901 96
17902 91
17903 93
17904 101
17905 107
17906 93
17907 100
17908 105
17909 94
17910 102
17911 106
17912 113
17913 89
17914 91
17915 99
17916 105
17917 106
17918 107
17919 114
17920 102
17921 107
17922 116
17923 117
17924 110
17925 115
17926 108
17927 116
17928 113
17929 120
17930 96
17931 103
17932 98
17933 99
17934 102
17935 104
17936 105
17937 107
17938 110
17939 120
17940 121
17941 111
17942 118
17943 123
17944 111
17945 116
17946 96
17947 106
17948 112
17949 115
17950 122
17951 111
17952 106
17953 94
17954 93
17955 93
17956 98
17957 108
17958 116
17959 125
17960 134
17961 120
17962 125
17963 88
17964 89
17965 93
17966 98
17967 100
17968 104
17969 105
17970 110
17971 115
17972 113
17973 109
17974 105
17975 115
17976 98
17977 99
17978 105
17979 103
17980 106
17981 112
17982 102
17983 92
17984 97
17985 103
17986 106
17987 115
17988 120
17989 77
17990 87
17991 92
17992 93
17993 101
17994 109
17995 92
17996 100
17997 97
17998 68
17999 74
18000 76
18001 80
18002 90
18003 95
18004 103
18005 88
18006 89
18007 94
18008 98
18009 102
18010 109
18011 110
18012 112
18013 121
18014 99
18015 107
18016 114
18017 116
18018 121
18019 130
18020 139
18021 86
18022 87
18023 89
18024 91
18025 93
18026 96
18027 100
18028 101
18029 103
18030 108
18031 101
18032 94
18033 99
18034 108
18035 106
18036 97
18037 106
18038 112
18039 120
18040 129
18041 136
18042 134
18043 140
18044 119
18045 121
18046 124
18047 81
18048 90
18049 93
18050 95
18051 94
18052 96
18053 97
18054 106
18055 96
18056 77
18057 82
18058 88
18059 98
18060 99
18061 100
18062 105
18063 114
18064 90
18065 96
18066 103
18067 95
18068 89
18069 97
18070 104
18071 114
18072 123
18073 95
18074 103
18075 112
18076 73
18077 77
18078 78
18079 81
18080 85
18081 91
18082 89
18083 95
18084 96
18085 100
18086 103
18087 104
18088 108
18089 110
18090 118
18091 102
18092 109
18093 104
18094 108
18095 110
18096 110
18097 105
18098 97
18099 104
18100 114
18101 117
18102 100
18103 96
18104 97
18105 102
18106 105
18107 94
18108 86
18109 93
18110 103
18111 110
18112 117
18113 120
18114 123
18115 103
18116 105
18117 108
18118 115
18119 82
18120 85
18121 91
18122 99
18123 103
18124 99
18125 103
18126 104
18127 93
18128 98
18129 107
18130 111
18131 114
18132 104
18133 108
18134 109
18135 115
18136 93
18137 101
18138 102
18139 109
18140 109
18141 101
18142 106
18143 111
18144 116
18145 123
18146 123
18147 124
18148 108
18149 110
18150 86
18151 88
18152 96
18153 106
18154 93
18155 99
18156 105
18157 111
18158 121
18159 131
18160 123
18161 124
18162 122
18163 95
18164 104
18165 108
18166 109
18167 119
18168 114
18169 121
18170 126
18171 98
18172 108
18173 98
18174 103
18175 106
18176 113
18177 95
18178 99
18179 107
18180 114
18181 117
18182 126
18183 135
18184 110
18185 118
18186 106
18187 71
18188 72
18189 73
18190 76
18191 86
18192 87
18193 97
18194 105
18195 107
18196 115
18197 98
18198 99
18199 109
18200 117
18201 122
18202 94
18203 96
18204 96
18205 100
18206 108
18207 117
18208 118
18209 123
18210 98
18211 108
18212 118
18213 103
18214 111
18215 115
18216 83
18217 88
18218 89
18219 94
18220 95
18221 94
18222 101
18223 107
18224 102
18225 95
18226 97
18227 97
18228 65
18229 68
18230 73
18231 81
18232 91
18233 94
18234 100
18235 100
18236 104
18237 106
18238 104
18239 110
18240 100
18241 103
18242 105
18243 115
18244 117
18245 121
18246 122
18247 129
18248 86
18249 90
18250 95
18251 101
18252 107
18253 76
18254 86
18255 92
18256 102
18257 104
18258 104
18259 105
18260 109
18261 117
18262 116
18263 126
18264 131
18265 125
18266 117
18267 118
18268 107
18269 109
18270 114
18271 120
18272 103
18273 113
18274 92
18275 91
18276 93
18277 90
18278 95
18279 100
18280 106
18281 107
18282 109
18283 97
18284 98
18285 101
18286 107
18287 117
18288 126
18289 136
18290 139
18291 146
18292 112
18293 110
18294 84
18295 89
18296 95
18297 100
18298 92
18299 99
18300 109
18301 116
18302 65
18303 75
18304 82
18305 85
18306 86
18307 91
18308 98
18309 103
18310 100
18311 94
18312 96
18313 98
18314 106
18315 111
18316 113
18317 114
18318 71
18319 81
18320 90
18321 92
18322 101
18323 109
18324 90
18325 95
18326 97
18327 98
18328 108
18329 105
18330 70
18331 72
18332 80
18333 82
18334 92
18335 93
18336 89
18337 90
18338 67
18339 77
18340 86
18341 87
18342 90
18343 97
18344 102
18345 105
18346 115
18347 121
18348 97
18349 106
18350 105
18351 115
18352 119
18353 129
18354 133
18355 107
18356 109
18357 114
18358 118
18359 96
18360 98
18361 103
18362 112
18363 90
18364 96
18365 106
18366 114
18367 118
18368 119
18369 111
18370 114
18371 121
18372 125
18373 132
18374 141
18375 125
18376 129
18377 110
18378 118
18379 127
18380 131
18381 140
18382 144
18383 116
18384 95
18385 103
18386 112
18387 118
18388 120
18389 107
18390 91
18391 97
18392 88
18393 98
18394 106
18395 99
18396 100
18397 103
18398 64
18399 71
18400 80
18401 89
18402 91
18403 90
18404 94
18405 96
18406 100
18407 102
18408 111
18409 117
18410 120
18411 109
18412 83
18413 84
18414 87
18415 89
18416 95
18417 97
18418 104
18419 109
18420 114
18421 99
18422 93
18423 98
18424 106
18425 115
18426 118
18427 128
18428 100
18429 110
18430 115
18431 116
18432 118
18433 111
18434 119
18435 124
18436 128
18437 117
18438 112
18439 120
18440 129
18441 133
18442 98
18443 106
18444 112
18445 119
18446 123
18447 98
18448 102
18449 106
18450 116
18451 126
18452 120
18453 104
18454 110
18455 100
18456 102
18457 108
18458 111
18459 101
18460 101
18461 108
18462 111
18463 120
18464 123
18465 104
18466 87
18467 75
18468 83
18469 84
18470 85
18471 87
18472 90
18473 96
18474 102
18475 112
18476 119
18477 121
18478 127
18479 94
18480 95
18481 98
18482 108
18483 106
18484 109
18485 81
18486 37
18487 45
18488 53
18489 60
18490 62
18491 69
18492 78
18493 79
18494 82
18495 90
18496 94
18497 95
18498 100
18499 102
18500 86
18501 94
18502 96
18503 103
18504 110
18505 116
18506 126
18507 96
18508 104
18509 94
18510 102
18511 107
18512 98
18513 108
18514 93
18515 95
18516 100
18517 102
18518 94
18519 98
18520 103
18521 107
18522 108
18523 115
18524 119
18525 100
18526 103
18527 84
18528 93
18529 99
18530 106
18531 105
18532 99
18533 108
18534 71
18535 81
18536 89
18537 98
18538 100
18539 110
18540 115
18541 121
18542 128
18543 118
18544 124
18545 113
18546 112
18547 117
18548 125
18549 103
18550 104
18551 110
18552 107
18553 110
18554 100
18555 106
18556 116
18557 121
18558 101
18559 102
18560 109
18561 117
18562 120
18563 111
18564 105
18565 110
18566 115
18567 125
18568 130
18569 115
18570 120
18571 126
18572 114
18573 123
18574 127
18575 131
18576 95
18577 105
18578 91
18579 63
18580 68
18581 74
18582 77
18583 79
18584 84
18585 90
18586 99
18587 92
18588 95
18589 100
18590 107
18591 108
18592 113
18593 120
18594 127
18595 137
18596 142
18597 149
18598 105
18599 73
18600 76
18601 81
18602 85
18603 89
18604 94
18605 103
18606 109
18607 102
18608 108
18609 90
18610 98
18611 101
18612 106
18613 109
18614 113
18615 120
18616 127
18617 108
18618 113
18619 117
18620 127
18621 132
18622 92
18623 95
18624 99
18625 106
18626 111
18627 88
18628 97
18629 103
18630 100
18631 84
18632 91
18633 100
18634 110
18635 101
18636 106
18637 101
18638 73
18639 75
18640 85
18641 90
18642 94
18643 103
18644 102
18645 106
18646 100
18647 108
18648 101
18649 102
18650 109
18651 76
18652 77
18653 80
18654 83
18655 89
18656 92
18657 94
18658 100
18659 103
18660 69
18661 79
18662 83
18663 85
18664 89
18665 94
18666 96
18667 75
18668 82
18669 90
18670 97
18671 107
18672 113
18673 107
18674 110
18675 114
18676 116
18677 119
18678 122
18679 112
18680 95
18681 102
18682 105
18683 99
18684 107
18685 116
18686 85
18687 92
18688 89
18689 93
18690 103
18691 113
18692 97
18693 99
18694 80
18695 84
18696 92
18697 101
18698 105
18699 103
18700 100
18701 105
18702 106
18703 115
18704 104
18705 102
18706 110
18707 117
18708 121
18709 118
18710 114
18711 124
18712 134
18713 100
18714 97
18715 105
18716 92
18717 100
18718 103
18719 104
18720 113
18721 117
18722 104
18723 74
18724 79
18725 89
18726 96
18727 104
18728 114
18729 111
18730 112
18731 111
18732 117
18733 121
18734 127
18735 134
18736 124
18737 129
18738 114
18739 119
18740 123
18741 127
18742 128
18743 130
18744 135
18745 141
18746 129
18747 115
18748 123
18749 96
18750 106
18751 110
18752 116
18753 125
18754 130
18755 132
18756 80
18757 82
18758 80
18759 87
18760 92
18761 98
18762 92
18763 99
18764 104
18765 110
18766 113
18767 104
18768 114
18769 92
18770 102
18771 107
18772 108
18773 113
18774 115
18775 116
18776 119
18777 115
18778 110
18779 115
18780 120
18781 122
18782 126
18783 131
18784 97
18785 96
18786 100
18787 86
18788 89
18789 96
18790 97
18791 103
18792 111
18793 119
18794 102
18795 106
18796 112
18797 116
18798 119
18799 129
18800 91
18801 96
18802 98
18803 102
18804 107
18805 115
18806 100
18807 101
18808 105
18809 105
18810 112
18811 113
18812 106
18813 108
18814 71
18815 74
18816 78
18817 81
18818 83
18819 84
18820 85
18821 91
18822 92
18823 101
18824 105
18825 108
18826 104
18827 109
18828 117
18829 121
18830 127
18831 136
18832 85
18833 94
18834 100
18835 101
18836 106
18837 116
18838 106
18839 116
18840 96
18841 102
18842 104
18843 105
18844 113
18845 117
18846 97
18847 98
18848 69
18849 74
18850 79
18851 86
18852 87
18853 92
18854 96
18855 105
18856 113
18857 117
18858 124
18859 134
18860 51
18861 53
18862 58
18863 65
18864 67
18865 72
18866 74
18867 80
18868 90
18869 94
18870 101
18871 104
18872 114
18873 116
18874 101
18875 107
18876 113
18877 120
18878 97
18879 99
18880 109
18881 110
18882 113
18883 94
18884 101
18885 111
18886 97
18887 104
18888 109
18889 95
18890 97
18891 103
18892 107
18893 111
18894 116
18895 101
18896 107
18897 110
18898 116
18899 120
18900 99
18901 102
18902 100
18903 101
18904 106
18905 116
18906 108
18907 98
18908 107
18909 107
18910 115
18911 103
18912 88
18913 98
18914 108
18915 113
18916 118
18917 99
18918 101
18919 101
18920 107
18921 112
18922 95
18923 64
18924 72
18925 81
18926 87
18927 97
18928 102
18929 89
18930 96
18931 97
18932 103
18933 100
18934 106
18935 108
18936 81
18937 85
18938 94
18939 97
18940 105
18941 106
18942 115
18943 120
18944 97
18945 107
18946 104
18947 105
18948 109
18949 117
18950 126
18951 132
18952 96
18953 99
18954 103
18955 96
18956 99
18957 102
18958 104
18959 107
18960 113
18961 100
18962 106
18963 80
18964 86
18965 93
18966 97
18967 87
18968 90
18969 94
18970 98
18971 99
18972 107
18973 110
18974 120
18975 127
18976 95
18977 97
18978 74
18979 76
18980 77
18981 87
18982 88
18983 85
18984 94
18985 96
18986 97
18987 94
18988 97
18989 99
18990 65
18991 72
18992 73
18993 80
18994 90
18995 95
18996 99
18997 108
18998 105
18999 81
19000 91
19001 97
19002 105
19003 109
19004 113
19005 82
19006 85
19007 90
19008 99
19009 103
19010 78
19011 86
19012 90
19013 98
19014 106
19015 110
19016 109
19017 113
19018 100
19019 100
19020 103
19021 111
19022 119
19023 127
19024 90
19025 79
19026 86
19027 89
19028 88
19029 96
19030 105
19031 108
19032 100
19033 107
19034 108
19035 116
19036 119
19037 121
19038 86
19039 93
19040 96
19041 100
19042 105
19043 104
19044 108
19045 112
19046 114
19047 57
19048 66
19049 69
19050 78
19051 71
19052 77
19053 79
19054 82
19055 90
19056 80
19057 90
19058 93
19059 84
19060 92
19061 99
19062 102
19063 99
19064 107
19065 117
19066 101
19067 110
19068 116
19069 79
19070 88
19071 91
19072 101
19073 99
19074 101
19075 110
19076 115
19077 103
19078 105
19079 109
19080 116
19081 122
19082 132
19083 137
19084 140
19085 144
19086 132
19087 108
19088 104
19089 99
19090 103
19091 110
19092 114
19093 117
19094 114
19095 95
19096 100
19097 85
19098 90
19099 98
19100 102
19101 86
19102 87
19103 90
19104 95
19105 69
19106 76
19107 84
19108 75
19109 81
19110 88
19111 91
19112 94
19113 97
19114 98
19115 101
19116 105
19117 114
19118 122
19119 125
19120 106
19121 115
19122 124
19123 122
19124 130
19125 126
19126 103
19127 108
19128 113
19129 92
19130 94
19131 95
19132 99
19133 105
19134 108
19135 118
19136 104
19137 111
19138 109
19139 96
19140 104
19141 99
19142 105
19143 83
19144 90
19145 97
19146 104
19147 113
19148 119
19149 97
19150 101
19151 103
19152 93
19153 97
19154 85
19155 93
19156 101
19157 105
19158 107
19159 110
19160 111
19161 116
19162 101
19163 69
19164 73
19165 77
19166 84
19167 89
19168 96
19169 100
19170 108
19171 117
19172 92
19173 100
19174 107
19175 97
19176 104
19177 107
19178 114
19179 122
19180 124
19181 123
19182 96
19183 103
19184 111
19185 110
19186 106
19187 107
19188 102
19189 108
19190 114
19191 118
19192 124
19193 105
19194 94
19195 97
19196 103
19197 86
19198 87
19199 78
19200 87
19201 91
19202 87
19203 91
19204 101
19205 101
19206 109
19207 107
19208 97
19209 103
19210 109
19211 114
19212 119
19213 128
19214 122
19215 124
19216 128
19217 96
19218 98
19219 99
19220 89
19221 96
19222 102
19223 103
19224 105
19225 115
19226 72
19227 73
19228 76
19229 83
19230 86
19231 88
19232 97
19233 100
19234 104
19235 113
19236 115
19237 116
19238 119
19239 101
19240 98
19241 106
19242 99
19243 106
19244 103
19245 105
19246 108
19247 109
19248 115
19249 121
19250 122
19251 92
19252 98
19253 100
19254 81
19255 88
19256 93
19257 96
19258 106
19259 105
19260 112
19261 84
19262 90
19263 92
19264 100
19265 106
19266 112
19267 102
19268 106
19269 109
19270 115
19271 111
19272 105
19273 113
19274 119
19275 108
19276 113
19277 121
19278 130
19279 138
19280 110
19281 119
19282 81
19283 84
19284 93
19285 98
19286 100
19287 110
19288 100
19289 104
19290 105
19291 107
19292 114
19293 104
19294 111
19295 119
19296 127
19297 99
19298 109
19299 83
19300 92
19301 89
19302 84
19303 85
19304 86
19305 82
19306 87
19307 90
19308 94
19309 100
19310 94
19311 95
19312 101
19313 110
19314 117
19315 123
19316 89
19317 97
19318 98
19319 99
19320 95
19321 103
19322 112
19323 114
19324 79
19325 81
19326 85
19327 89
19328 94
19329 100
19330 100
19331 101
19332 109
19333 117
19334 110
19335 114
19336 110
19337 118
19338 125
19339 106
19340 110
19341 113
19342 82
19343 84
19344 85
19345 94
19346 101
19347 106
19348 111
19349 92
19350 102
19351 96
19352 99
19353 103
19354 78
19355 88
19356 97
19357 102
19358 63
19359 73
19360 81
19361 84
19362 86
19363 73
19364 77
19365 80
19366 81
19367 82
19368 86
19369 93
19370 96
19371 106
19372 107
19373 114
19374 118
19375 125
19376 129
19377 119
19378 127
19379 110
19380 118
19381 124
19382 109
19383 115
19384 103
19385 95
19386 102
19387 106
19388 116
19389 105
19390 98
19391 101
19392 110
19393 118
19394 119
19395 126
19396 86
19397 94
19398 100
19399 106
19400 110
19401 101
19402 102
19403 112
19404 113
19405 116
19406 117
19407 124
19408 114
19409 113
19410 119
19411 121
19412 89
19413 92
19414 96
19415 105
19416 109
19417 98
19418 108
19419 109
19420 116
19421 122
19422 117
19423 87
19424 89
19425 99
19426 103
19427 112
19428 122
19429 125
19430 126
19431 135
19432 118
19433 128
19434 101
19435 106
19436 109
19437 105
19438 104
19439 112
19440 120
19441 118
19442 121
19443 114
19444 121
19445 125
19446 128
19447 125
19448 133
19449 98
19450 89
19451 69
19452 71
19453 72
19454 74
19455 79
19456 83
19457 93
19458 97
19459 98
19460 104
19461 112
19462 114
19463 116
19464 122
19465 98
19466 100
19467 85
19468 92
19469 95
19470 85
19471 95
19472 105
19473 113
19474 120
19475 125
19476 93
19477 93
19478 96
19479 100
19480 104
19481 108
19482 113
19483 115
19484 111
19485 111
19486 98
19487 107
19488 102
19489 104
19490 106
19491 116
19492 125
19493 105
19494 110
19495 116
19496 118
19497 100
19498 106
19499 108
19500 116
19501 125
19502 99
19503 106
19504 105
19505 111
19506 120
19507 63
19508 70
19509 77
19510 83
19511 89
19512 99
19513 89
19514 91
19515 97
19516 106
19517 108
19518 118
19519 127
19520 97
19521 102
19522 105
19523 107
19524 106
19525 107
19526 111
19527 89
19528 97
19529 99
19530 109
19531 92
19532 102
19533 104
19534 111
19535 68
19536 76
19537 85
19538 89
19539 97
19540 94
19541 104
19542 114
19543 105
19544 108
19545 99
19546 104
19547 105
19548 115
19549 79
19550 81
19551 86
19552 87
19553 91
19554 98
19555 106
19556 115
19557 119
19558 121
19559 122
19560 80
19561 81
19562 83
19563 93
19564 95
19565 104
19566 105
19567 83
19568 92
19569 95
19570 61
19571 68
19572 76
19573 84
19574 87
19575 92
19576 98
19577 104
19578 105
19579 76
19580 79
19581 81
19582 85
19583 95
19584 98
19585 101
19586 108
19587 109
19588 113
19589 95
19590 102
19591 109
19592 95
19593 105
19594 110
19595 108
19596 110
19597 111
19598 118
19599 120
19600 127
19601 134
19602 137
19603 138
19604 146
19605 155
19606 132
19607 106
19608 104
19609 112
19610 91
19611 94
19612 103
19613 94
19614 100
19615 105
19616 103
19617 105
19618 80
19619 81
19620 89
19621 92
19622 102
19623 105
19624 106
19625 97
19626 100
19627 104
19628 89
19629 94
19630 99
19631 104
19632 102
19633 104
19634 105
19635 98
19636 100
19637 104
19638 110
19639 114
19640 103
19641 107
19642 109
19643 119
19644 112
19645 101
19646 72
19647 75
19648 83
19649 85
19650 93
19651 87
19652 97
19653 107
19654 107
19655 112
19656 115
19657 121
19658 110
19659 98
19660 107
19661 114
19662 117
19663 118
19664 105
19665 115
19666 120
19667 121
19668 123
19669 117
19670 118
19671 104
19672 114
19673 107
19674 110
19675 113
19676 116
19677 104
19678 93
19679 100
19680 108
19681 98
19682 103
19683 91
19684 101
19685 106
19686 93
19687 101
19688 104
19689 111
19690 113
19691 97
19692 99
19693 107
19694 115
19695 122
19696 116
19697 82
19698 84
19699 85
19700 90
19701 92
19702 94
19703 96
19704 96
19705 104
19706 86
19707 96
19708 103
19709 104
19710 105
19711 107
19712 111
19713 91
19714 100
19715 107
19716 102
19717 104
19718 101
19719 98
19720 108
19721 115
19722 125
19723 134
19724 109
19725 113
19726 106
19727 95
19728 97
19729 99
19730 100
19731 103
19732 102
19733 106
19734 108
19735 113
19736 114
19737 109
19738 110
19739 115
19740 121
19741 123
19742 110
19743 119
19744 91
19745 83
19746 87
19747 78
19748 87
19749 92
19750 95
19751 100
19752 101
19753 106
19754 112
19755 113
19756 85
19757 93
19758 98
19759 105
19760 111
19761 102
19762 105
19763 109
19764 100
19765 104
19766 108
19767 103
19768 105
19769 106
19770 93
19771 79
19772 83
19773 90
19774 82
19775 88
19776 89
19777 99
19778 100
19779 108
19780 112
19781 121
19782 110
19783 106
19784 105
19785 111
19786 73
19787 79
19788 86
19789 96
19790 98
19791 104
19792 98
19793 101
19794 94
19795 94
19796 103
19797 101
19798 96
19799 92
19800 101
19801 105
19802 106
19803 111
19804 85
19805 88
19806 78
19807 81
19808 86
19809 91
19810 88
19811 94
19812 101
19813 107
19814 113
19815 122
19816 123
19817 102
19818 108
19819 97
19820 101
19821 89
19822 98
19823 102
19824 75
19825 80
19826 89
19827 95
19828 97
19829 101
19830 106
19831 107
19832 106
19833 110
19834 113
19835 117
19836 122
19837 131
19838 141
19839 125
19840 125
19841 127
19842 132
19843 98
19844 107
19845 87
19846 87
19847 96
19848 104
19849 98
19850 105
19851 88
19852 97
19853 101
19854 82
19855 85
19856 91
19857 97
19858 105
19859 107
19860 75
19861 78
19862 87
19863 96
19864 101
19865 104
19866 110
19867 112
19868 103
19869 106
19870 108
19871 115
19872 98
19873 107
19874 115
19875 84
19876 85
19877 94
19878 103
19879 109
19880 119
19881 126
19882 91
19883 90
19884 99
19885 109
19886 107
19887 112
19888 108
19889 103
19890 111
19891 119
19892 128
19893 129
19894 135
19895 119
19896 97
19897 104
19898 106
19899 108
19900 110
19901 113
19902 99
19903 106
19904 110
19905 113
19906 120
19907 124
19908 125
19909 109
19910 111
19911 112
19912 119
19913 124
19914 125
19915 133
19916 138
19917 95
19918 98
19919 97
19920 104
19921 111
19922 117
19923 120
19924 128
19925 129
19926 106
19927 116
19928 117
19929 91
19930 95
19931 103
19932 104
19933 112
19934 60
19935 66
19936 72
19937 74
19938 80
19939 86
19940 96
19941 45
19942 52
19943 58
19944 67
19945 68
19946 76
19947 83
19948 87
19949 93
19950 97
19951 104
19952 109
19953 110
19954 86
19955 50
19956 57
19957 65
19958 66
19959 72
19960 81
19961 91
19962 101
19963 106
19964 112
19965 119
19966 120
19967 120
19968 116
19969 106
19970 111
19971 112
19972 115
19973 105
19974 112
19975 122
19976 95
19977 102
19978 73
19979 78
19980 86
19981 83
19982 84
19983 89
19984 92
19985 93
19986 96
19987 81
19988 89
19989 91
19990 92
19991 95
19992 99
19993 109
19994 110
19995 115
19996 104
19997 111
19998 117
19999 118
20000 119
20001 68
20002 76
20003 76
20004 81
20005 88
20006 92
20007 96
20008 101
20009 66
20010 70
20011 79
20012 87
20013 94
20014 102
20015 91
20016 87
20017 93
20018 98
20019 101
20020 103
20021 106
20022 109
20023 110
20024 113
20025 118
20026 124
20027 119
20028 121
20029 126
20030 125
20031 127
20032 133
20033 117
20034 123
20035 124
20036 131
20037 109
20038 116
20039 101
20040 109
20041 116
20042 117
20043 127
20044 87
20045 90
20046 95
20047 102
20048 107
20049 108
20050 116
20051 118
20052 100
20053 107
20054 117
20055 120
20056 83
20057 88
20058 89
20059 97
20060 93
20061 85
20062 89
20063 97
20064 100
20065 107
20066 109
20067 115
20068 125
20069 117
20070 104
20071 112
20072 108
20073 92
20074 99
20075 105
20076 112
20077 120
20078 102
20079 94
20080 95
20081 97
20082 92
20083 96
20084 102
20085 105
20086 114
20087 123
20088 124
20089 125
20090 65
20091 67
20092 72
20093 74
20094 77
20095 87
20096 92
20097 99
20098 103
20099 108
20100 118
20101 125
20102 105
20103 113
20104 123
20105 124
20106 112
20107 121
20108 124
20109 126
20110 128
20111 93
20112 94
20113 84
20114 88
20115 98
20116 101
20117 104
20118 114
20119 119
20120 129
20121 114
20122 117
20123 121
20124 92
20125 93
20126 96
20127 99
20128 109
20129 111
20130 119
20131 120
20132 123
20133 132
20134 135
20135 91
20136 97
20137 104
20138 111
20139 71
20140 72
20141 74
20142 75
20143 83
20144 84
20145 88
20146 90
20147 96
20148 104
20149 110
20150 111
20151 96
20152 106
20153 112
20154 115
20155 109
20156 102
20157 112
20158 122
20159 121
20160 122
20161 131
20162 133
20163 75
20164 82
20165 86
20166 91
20167 99
20168 97
20169 84
20170 94
20171 103
20172 104
20173 106
20174 113
20175 119
20176 124
20177 104
20178 82
20179 84
20180 88
20181 96
20182 60
20183 64
20184 71
20185 78
20186 83
20187 85
20188 92
20189 100
20190 107
20191 109
20192 114
20193 120
20194 117
20195 123
20196 91
20197 101
20198 89
20199 95
20200 99
20201 102
20202 77
20203 82
20204 85
20205 88
20206 75
20207 77
20208 79
20209 87
20210 90
20211 92
20212 94
20213 101
20214 102
20215 98
20216 104
20217 105
20218 108
20219 92
20220 93
20221 89
20222 92
20223 102
20224 104
20225 111
20226 103
20227 106
20228 102
20229 108
20230 117
20231 119
20232 108
20233 105
20234 107
20235 101
20236 110
20237 112
20238 99
20239 103
20240 105
20241 108
20242 102
20243 103
20244 89
20245 91
20246 92
20247 95
20248 79
20249 88
20250 97
20251 93
20252 99
20253 103
20254 88
20255 89
20256 94
20257 101
20258 95
20259 96
20260 99
20261 109
20262 112
20263 112
20264 114
20265 116
20266 121
20267 101
20268 104
20269 108
20270 115
20271 118
20272 115
20273 117
20274 119
20275 128
20276 122
20277 112
20278 104
20279 95
20280 104
20281 96
20282 100
20283 106
20284 102
20285 95
20286 105
20287 108
20288 113
20289 115
20290 90
20291 96
20292 93
20293 95
20294 93
20295 95
20296 96
20297 97
20298 105
20299 108
20300 115
20301 90
20302 96
20303 99
20304 102
20305 95
20306 101
20307 105
20308 107
20309 108
20310 110
20311 113
20312 92
20313 96
20314 104
20315 83
20316 84
20317 85
20318 87
20319 90
20320 93
20321 94
20322 97
20323 98
20324 101
20325 111
20326 116
20327 80
20328 89
20329 90
20330 77
20331 82
20332 86
20333 89
20334 94
20335 102
20336 91
20337 97
20338 101
20339 83
20340 89
20341 99
20342 103
20343 107
20344 110
20345 116
20346 101
20347 108
20348 110
20349 108
20350 108
20351 117
20352 57
20353 65
20354 69
20355 73
20356 75
20357 85
20358 94
20359 99
20360 108
20361 113
20362 89
20363 95
20364 98
20365 88
20366 89
20367 98
20368 105
20369 106
20370 101
20371 108
20372 79
20373 86
20374 92
20375 99
20376 90
20377 100
20378 101
20379 102
20380 109
20381 114
20382 78
20383 88
20384 91
20385 93
20386 98
20387 105
20388 109
20389 115
20390 119
20391 125
20392 96
20393 104
20394 105
20395 111
20396 87
20397 93
20398 98
20399 101
20400 102
20401 105
20402 108
20403 115
20404 116
20405 100
20406 98
20407 90
20408 92
20409 97
20410 107
20411 117
20412 112
20413 115
20414 119
20415 116
20416 111
20417 119
20418 126
20419 112
20420 113
20421 118
20422 125
20423 129
20424 89
20425 93
20426 95
20427 100
20428 102
20429 104
20430 110
20431 93
20432 102
20433 104
20434 110
20435 117
20436 80
20437 84
20438 93
20439 95
20440 100
20441 101
20442 105
20443 113
20444 92
20445 92
20446 102
20447 110
20448 108
20449 110
20450 117
20451 113
20452 83
20453 88
20454 91
20455 95
20456 94
20457 99
20458 101
20459 107
20460 114
20461 116
20462 124
20463 108
20464 106
20465 111
20466 121
20467 116
20468 120
20469 110
20470 94
20471 102
20472 100
20473 105
20474 85
20475 93
20476 99
20477 105
20478 113
20479 112
20480 115
20481 122
20482 126
20483 107
20484 110
20485 113
20486 116
20487 126
20488 82
20489 85
20490 55
20491 59
20492 68
20493 72
20494 77
20495 86
20496 92
20497 95
20498 100
20499 109
20500 113
20501 105
20502 113
20503 113
20504 122
20505 107
20506 117
20507 111
20508 120
20509 106
20510 107
20511 114
20512 123
20513 131
20514 135
20515 108
20516 98
20517 103
20518 106
20519 111
20520 118
20521 112
20522 121
20523 121
20524 130
20525 136
20526 139
20527 131
20528 103
20529 106
20530 94
20531 102
20532 106
20533 107
20534 113
20535 96
20536 99
20537 103
20538 112
20539 113
20540 119
20541 114
20542 83
20543 85
20544 93
20545 94
20546 95
20547 98
20548 107
20549 84
20550 94
20551 99
20552 106
20553 115
20554 118
20555 122
20556 124
20557 94
20558 103
20559 113
20560 105
20561 98
20562 105
20563 110
20564 105
20565 93
20566 102
20567 105
20568 114
20569 104
20570 105
20571 112
20572 96
20573 105
20574 114
20575 113
20576 116
20577 125
20578 101
20579 87
20580 79
20581 81
20582 85
20583 90
20584 94
20585 97
20586 101
20587 105
20588 113
20589 120
20590 90
20591 86
20592 88
20593 97
20594 98
20595 104
20596 99
20597 106
20598 108
20599 112
20600 87
20601 88
20602 96
20603 106
20604 110
20605 120
20606 100
20607 102
20608 103
20609 87
20610 91
20611 100
20612 103
20613 102
20614 96
20615 98
20616 103
20617 111
20618 115
20619 120
20620 105
20621 99
20622 102
20623 90
20624 100
20625 100
20626 107
20627 108
20628 111
20629 111
20630 101
20631 103
20632 60
20633 62
20634 66
20635 72
20636 79
20637 82
20638 87
20639 93
20640 102
20641 102
20642 106
20643 110
20644 112
20645 116
20646 110
20647 98
20648 108
20649 113
20650 117
20651 113
20652 119
20653 123
20654 106
20655 115
20656 122
20657 93
20658 98
20659 104
20660 92
20661 93
20662 94
20663 96
20664 102
20665 93
20666 103
20667 113
20668 110
20669 102
20670 107
20671 111
20672 109
20673 111
20674 113
20675 117
20676 127
20677 130
20678 114
20679 119
20680 129
20681 93
20682 99
20683 90
20684 95
20685 104
20686 106
20687 115
20688 106
20689 110
20690 111
20691 120
20692 121
20693 130
20694 131
20695 104
20696 111
20697 121
20698 127
20699 97
20700 105
20701 112
20702 96
20703 102
20704 112
20705 118
20706 123
20707 91
20708 96
20709 100
20710 101
20711 96
20712 105
20713 84
20714 90
20715 87
20716 96
20717 105
20718 106
20719 116
20720 126
20721 85
20722 86
20723 95
20724 102
20725 104
20726 105
20727 111
20728 120
20729 118
20730 84
20731 94
20732 104
20733 110
20734 113
20735 115
20736 99
20737 103
20738 113
20739 118
20740 124
20741 122
20742 126
20743 128
20744 129
20745 115
20746 118
20747 127
20748 132
20749 135
20750 131
20751 137
20752 127
20753 72
20754 78
20755 83
20756 89
20757 91
20758 93
20759 96
20760 97
20761 106
20762 108
20763 116
20764 105
20765 63
20766 68
20767 73
20768 82
20769 89
20770 95
20771 95
20772 86
20773 87
20774 93
20775 101
20776 104
20777 108
20778 115
20779 120
20780 128
20781 132
20782 102
20783 105
20784 108
20785 116
20786 123
20787 130
20788 139
20789 136
20790 106
20791 108
20792 110
20793 113
20794 112
20795 122
20796 86
20797 87
20798 95
20799 97
20800 100
20801 101
20802 108
20803 112
20804 111
20805 112
20806 102
20807 105
20808 111
20809 50
20810 51
20811 59
20812 65
20813 67
20814 76
20815 85
20816 90
20817 79
20818 87
20819 96
20820 104
20821 100
20822 101
20823 84
20824 91
20825 92
20826 99
20827 101
20828 91
20829 99
20830 104
20831 109
20832 114
20833 116
20834 125
20835 88
20836 91
20837 100
20838 90
20839 93
20840 95
20841 89
20842 97
20843 105
20844 80
20845 81
20846 90
20847 98
20848 108
20849 115
20850 125
20851 98
20852 102
20853 111
20854 119
20855 92
20856 100
20857 103
20858 108
20859 117
20860 93
20861 101
20862 108
20863 110
20864 105
20865 82
20866 92
20867 93
20868 102
20869 110
20870 87
20871 87
20872 92
20873 84
20874 85
20875 86
20876 82
20877 87
20878 88
20879 95
20880 98
20881 104
20882 114
20883 121
20884 123
20885 109
20886 103
20887 108
20888 118
20889 89
20890 96
20891 98
20892 99
20893 105
20894 107
20895 115
20896 107
20897 98
20898 106
20899 113
20900 114
20901 122
20902 100
20903 91
20904 97
20905 102
20906 106
20907 112
20908 95
20909 100
20910 109
20911 108
20912 116
20913 116
20914 118
20915 121
20916 128
20917 118
20918 128
20919 107
20920 117
20921 125
20922 104
20923 114
20924 72
20925 82
20926 87
20927 90
20928 92
20929 94
20930 99
20931 106
20932 110
20933 112
20934 82
20935 89
20936 97
20937 106
20938 78
20939 82
20940 79
20941 86
20942 90
20943 72
20944 74
20945 76
20946 77
20947 79
20948 87
20949 97
20950 79
20951 89
20952 97
20953 100
20954 80
20955 85
20956 95
20957 99
20958 99
20959 103
20960 108
20961 116
20962 108
20963 101
20964 96
20965 105
20966 77
20967 81
20968 86
20969 90
20970 93
20971 94
20972 95
20973 98
20974 100
20975 88
20976 94
20977 102
20978 67
20979 68
20980 75
20981 81
20982 88
20983 89
20984 91
20985 92
20986 95
20987 102
20988 85
20989 94
20990 98
20991 97
20992 102
20993 109
20994 96
20995 102
20996 110
20997 116
20998 120
20999 122
21000 127
21001 89
21002 98
21003 102
21004 103
21005 109
21006 113
21007 122
21008 118
21009 112
21010 99
21011 93
21012 70
21013 72
21014 78
21015 80
21016 84
21017 92
21018 92
21019 79
21020 88
21021 96
21022 102
21023 112
21024 116
21025 119
21026 87
21027 93
21028 94
21029 94
21030 96
21031 105
21032 107
21033 115
21034 124
21035 105
21036 71
21037 78
21038 86
21039 89
21040 96
21041 91
21042 99
21043 100
21044 110
21045 117
21046 121
21047 104
21048 101
21049 107
21050 110
21051 111
21052 65
21053 70
21054 80
21055 81
21056 85
21057 50
21058 56
21059 65
21060 67
21061 76
21062 82
21063 83
21064 87
21065 94
21066 92
21067 101
21068 79
21069 59
21070 60
21071 63
21072 67
21073 74
21074 75
21075 81
21076 88
21077 94
21078 104
21079 108
21080 110
21081 115
21082 117
21083 124
21084 126
21085 101
21086 100
21087 103
21088 100
21089 107
21090 111
21091 117
21092 118
21093 113
21094 98
21095 103
21096 109
21097 118
21098 105
21099 106
21100 113
21101 100
21102 91
21103 98
21104 99
21105 107
21106 52
21107 62
21108 65
21109 67
21110 74
21111 79
21112 82
21113 92
21114 101
21115 104
21116 112
21117 115
21118 109
21119 92
21120 94
21121 102
21122 109
21123 114
21124 116
21125 122
21126 126
21127 82
21128 92
21129 101
21130 109
21131 88
21132 95
21133 105
21134 113
21135 121
21136 128
21137 134
21138 117
21139 88
21140 82
21141 91
21142 96
21143 103
21144 109
21145 111
21146 111
21147 119
21148 97
21149 103
21150 112
21151 118
21152 97
21153 107
21154 99
21155 101
21156 111
21157 98
21158 104
21159 93
21160 98
21161 105
21162 111
21163 121
21164 125
21165 113
21166 92
21167 96
21168 103
21169 111
21170 117
21171 87
21172 94
21173 96
21174 104
21175 81
21176 91
21177 101
21178 109
21179 115
21180 118
21181 122
21182 125
21183 133
21184 112
21185 91
21186 89
21187 97
21188 104
21189 113
21190 114
21191 115
21192 116
21193 112
21194 113
21195 117
21196 118
21197 122
21198 122
21199 119
21200 121
21201 122
21202 89
21203 95
21204 98
21205 107
21206 103
21207 91
21208 95
21209 103
21210 113
21211 98
21212 95
21213 99
21214 106
21215 89
21216 96
21217 103
21218 111
21219 97
21220 101
21221 109
21222 112
21223 113
21224 107
21225 109
21226 114
21227 74
21228 79
21229 89
21230 99
21231 106
21232 112
21233 120
21234 127
21235 136
21236 143
21237 87
21238 89
21239 96
21240 103
21241 109
21242 119
21243 94
21244 97
21245 102
21246 104
21247 105
21248 113
21249 120
21250 111
21251 81
21252 87
21253 96
21254 76
21255 84
21256 93
21257 94
21258 95
21259 98
21260 104
21261 83
21262 93
21263 99
21264 104
21265 85
21266 94
21267 98
21268 107
21269 107
21270 113
21271 118
21272 121
21273 124
21274 118
21275 120
21276 121
21277 129
21278 109
21279 114
21280 120
21281 121
21282 97
21283 106
21284 115
21285 96
21286 99
21287 102
21288 104
21289 90
21290 91
21291 96
21292 100
21293 101
21294 106
21295 115
21296 118
21297 90
21298 71
21299 78
21300 82
21301 86
21302 95
21303 100
21304 108
21305 115
21306 116
21307 121
21308 129
21309 130
21310 94
21311 72
21312 74
21313 75
21314 72
21315 81
21316 86
21317 84
21318 94
21319 95
21320 105
21321 112
21322 114
21323 120
21324 123
21325 129
21326 119
21327 120
21328 126
21329 91
21330 98
21331 99
21332 90
21333 93
21334 96
21335 105
21336 112
21337 106
21338 113
21339 117
21340 118
21341 123
21342 95
21343 99
21344 103
21345 111
21346 121
21347 108
21348 110
21349 116
21350 109
21351 118
21352 122
21353 126
21354 70
21355 69
21356 72
21357 76
21358 82
21359 87
21360 93
21361 98
21362 102
21363 95
21364 97
21365 102
21366 97
21367 99
21368 103
21369 104
21370 113
21371 115
21372 122
21373 76
21374 82
21375 89
21376 92
21377 101
21378 104
21379 98
21380 106
21381 109
21382 87
21383 94
21384 97
21385 103
21386 104
21387 109
21388 119
21389 126
21390 121
21391 126
21392 134
21393 138
21394 98
21395 93
21396 96
21397 98
21398 102
21399 112
21400 112
21401 100
21402 101
21403 105
21404 91
21405 97
21406 98
21407 107
21408 115
21409 109
21410 113
21411 113
21412 121
21413 61
21414 65
21415 72
21416 82
21417 85
21418 92
21419 100
21420 91
21421 93
21422 98
21423 100
21424 105
21425 86
21426 92
21427 94
21428 104
21429 110
21430 118
21431 95
21432 103
21433 107
21434 109
21435 119
21436 123
21437 120
21438 117
21439 87
21440 89
21441 96
21442 106
21443 95
21444 96
21445 105
21446 109
21447 113
21448 115
21449 120
21450 111
21451 98
21452 103
21453 112
21454 113
21455 117
21456 111
21457 117
21458 118
21459 106
21460 107
21461 110
21462 120
21463 85
21464 89
21465 93
21466 95
21467 98
21468 102
21469 102
21470 112
21471 116
21472 87
21473 88
21474 93
21475 97
21476 103
21477 105
21478 109
21479 90
21480 92
21481 94
21482 97
21483 98
21484 103
21485 89
21486 99
21487 107
21488 112
21489 114
21490 122
21491 98
21492 101
21493 91
21494 93
21495 99
21496 92
21497 95
21498 97
21499 105
21500 112
21501 115
21502 118
21503 105
21504 115
21505 111
21506 106
21507 107
21508 105
21509 109
21510 119
21511 112
21512 107
21513 109
21514 106
21515 110
21516 81
21517 57
21518 67
21519 70
21520 78
21521 85
21522 86
21523 87
21524 95
21525 99
21526 104
21527 107
21528 106
21529 108
21530 111
21531 110
21532 113
21533 117
21534 125
21535 124
21536 127
21537 132
21538 136
21539 117
21540 91
21541 92
21542 100
21543 107
21544 79
21545 89
21546 95
21547 97
21548 99
21549 100
21550 106
21551 91
21552 98
21553 95
21554 66
21555 67
21556 72
21557 81
21558 84
21559 90
21560 96
21561 104
21562 109
21563 110
21564 112
21565 121
21566 101
21567 108
21568 117
21569 122
21570 118
21571 97
21572 104
21573 111
21574 28
21575 34
21576 44
21577 52
21578 54
21579 57
21580 61
21581 67
21582 77
21583 65
21584 74
21585 82
21586 91
21587 101
21588 99
21589 88
21590 97
21591 101
21592 86
21593 87
21594 91
21595 101
21596 108
21597 112
21598 120
21599 121
21600 101
21601 108
21602 118
21603 121
21604 85
21605 93
21606 103
21607 110
21608 107
21609 113
21610 118
21611 114
21612 118
21613 99
21614 101
21615 107
21616 108
21617 115
21618 120
21619 128
21620 133
21621 101
21622 82
21623 89
21624 92
21625 100
21626 103
21627 109
21628 104
21629 104
21630 112
21631 121
21632 119
21633 107
21634 112
21635 99
21636 105
21637 110
21638 111
21639 116
21640 124
21641 131
21642 133
21643 115
21644 119
21645 123
21646 126
21647 121
21648 98
21649 108
21650 100
21651 101
21652 103
21653 107
21654 79
21655 82
21656 85
21657 89
21658 99
21659 102
21660 112
21661 104
21662 112
21663 105
21664 111
21665 121
21666 100
21667 107
21668 114
21669 94
21670 104
21671 113
21672 114
21673 87
21674 93
21675 102
21676 111
21677 115
21678 119
21679 121
21680 101
21681 103
21682 108
21683 116
21684 120
21685 87
21686 91
21687 99
21688 100
21689 107
21690 98
21691 99
21692 102
21693 102
21694 78
21695 87
21696 93
21697 102
21698 110
21699 118
21700 113
21701 96
21702 97
21703 99
21704 106
21705 113
21706 117
21707 124
21708 113
21709 121
21710 103
21711 93
21712 100
21713 80
21714 88
21715 91
21716 97
21717 86
21718 91
21719 95
21720 102
21721 109
21722 116
21723 104
21724 95
21725 104
21726 81
21727 88
21728 98
21729 107
21730 110
21731 120
21732 120
21733 124
21734 110
21735 114
21736 119
21737 109
21738 77
21739 86
21740 88
21741 97
21742 103
21743 111
21744 118
21745 89
21746 98
21747 99
21748 107
21749 111
21750 71
21751 72
21752 69
21753 71
21754 78
21755 83
21756 93
21757 86
21758 89
21759 81
21760 87
21761 97
21762 99
21763 74
21764 78
21765 84
21766 46
21767 49
21768 54
21769 58
21770 60
21771 70
21772 78
21773 88
21774 91
21775 56
21776 58
21777 68
21778 69
21779 78
21780 84
21781 89
21782 90
21783 91
21784 90
21785 98
21786 82
21787 91
21788 96
21789 101
21790 111
21791 92
21792 97
21793 102
21794 109
21795 96
21796 97
21797 101
21798 103
21799 104
21800 109
21801 107
21802 112
21803 122
21804 115
21805 123
21806 121
21807 123
21808 132
21809 139
21810 146
21811 155
21812 112
21813 122
21814 110
21815 116
21816 108
21817 60
21818 70
21819 74
21820 84
21821 86
21822 89
21823 92
21824 102
21825 106
21826 107
21827 114
21828 104
21829 106
21830 110
21831 113
21832 110
21833 78
21834 88
21835 92
21836 97
21837 99
21838 107
21839 112
21840 120
21841 122
21842 123
21843 129
21844 91
21845 98
21846 87
21847 96
21848 101
21849 102
21850 85
21851 94
21852 98
21853 104
21854 114
21855 110
21856 102
21857 108
21858 112
21859 118
21860 105
21861 111
21862 114
21863 95
21864 99
21865 103
21866 107
21867 104
21868 105
21869 112
21870 99
21871 102
21872 108
21873 109
21874 108
21875 109
21876 113
21877 122
21878 65
21879 69
21880 72
21881 82
21882 84
21883 94
21884 99
21885 98
21886 104
21887 92
21888 100
21889 107
21890 112
21891 113
21892 119
21893 113
21894 115
21895 104
21896 107
21897 86
21898 89
21899 99
21900 107
21901 103
21902 107
21903 66
21904 68
21905 75
21906 84
21907 82
21908 90
21909 87
21910 95
21911 97
21912 106
21913 90
21914 100
21915 105
21916 110
21917 108
21918 110
21919 113
21920 116
21921 125
21922 129
21923 135
21924 113
21925 118
21926 122
21927 82
21928 83
21929 92
21930 100
21931 108
21932 110
21933 104
21934 113
21935 60
21936 64
21937 65
21938 74
21939 80
21940 81
21941 83
21942 88
21943 91
21944 92
21945 101
21946 84
21947 86
21948 93
21949 101
21950 105
21951 90
21952 97
21953 98
21954 99
21955 93
21956 99
21957 106
21958 116
21959 104
21960 110
21961 120
21962 124
21963 93
21964 97
21965 104
21966 105
21967 115
21968 108
21969 113
21970 118
21971 87
21972 96
21973 106
21974 106
21975 108
21976 113
21977 111
21978 91
21979 101
21980 111
21981 109
21982 108
21983 95
21984 98
21985 91
21986 81
21987 89
21988 91
21989 97
21990 89
21991 96
21992 104
21993 88
21994 93
21995 92
21996 98
21997 92
21998 93
21999 94
22000 100
22001 106
22002 116
22003 124
22004 133
22005 97
22006 104
22007 108
22008 117
22009 97
22010 107
22011 108
22012 117
22013 127
22014 131
22015 108
22016 90
22017 99
22018 105
22019 106
22020 49
22021 55
22022 60
22023 64
22024 68
22025 77
22026 69
22027 76
22028 77
22029 79
22030 82
22031 88
22032 97
22033 103
22034 105
22035 104
22036 112
22037 116
22038 125
22039 108
22040 82
22041 89
22042 95
22043 98
22044 105
22045 115
22046 119
22047 114
22048 106
22049 111
22050 115
22051 120
22052 115
22053 118
22054 113
22055 114
22056 113
22057 115
22058 118
22059 122
22060 128
22061 83
22062 89
22063 99
22064 108
22065 114
22066 119
22067 112
22068 107
22069 112
22070 115
22071 93
22072 100
22073 106
22074 111
22075 118
22076 81
22077 85
22078 87
22079 95
22080 100
22081 106
22082 95
22083 105
22084 110
22085 116
22086 118
22087 124
22088 126
22089 127
22090 83
22091 88
22092 96
22093 105
22094 101
22095 105
22096 112
22097 99
22098 105
22099 107
22100 109
22101 119
22102 106
22103 113
22104 99
22105 102
22106 105
22107 110
22108 111
22109 110
22110 111
22111 118
22112 119
22113 106
22114 114
22115 123
22116 93
22117 95
22118 100
22119 103
22120 110
22121 120
22122 127
22123 130
22124 97
22125 100
22126 107
22127 100
22128 107
22129 100
22130 105
22131 107
22132 109
22133 116
22134 117
22135 111
22136 116
22137 124
22138 78
22139 87
22140 96
22141 102
22142 106
22143 115
22144 117
22145 118
22146 128
22147 136
22148 92
22149 96
22150 97
22151 107
22152 109
22153 112
22154 115
22155 122
22156 106
22157 114
22158 109
22159 110
22160 116
22161 103
22162 106
22163 52
22164 60
22165 61
22166 66
22167 67
22168 77
22169 84
22170 87
22171 94
22172 99
22173 101
22174 101
22175 103
22176 112
22177 118
22178 97
22179 101
22180 104
22181 113
22182 108
22183 115
22184 123
22185 97
22186 104
22187 106
22188 97
22189 107
22190 113
22191 122
22192 109
22193 107
22194 108
22195 118
22196 91
22197 101
22198 106
22199 112
22200 108
22201 118
22202 125
22203 116
22204 120
22205 124
22206 79
22207 89
22208 90
22209 92
22210 93
22211 98
22212 77
22213 78
22214 85
22215 93
22216 103
22217 111
22218 117
22219 106
22220 106
22221 116
22222 109
22223 110
22224 85
22225 95
22226 100
22227 102
22228 105
22229 102
22230 111
22231 98
22232 103
22233 78
22234 84
22235 73
22236 83
22237 84
22238 93
22239 94
22240 98
22241 102
22242 110
22243 117
22244 104
22245 105
22246 102
22247 106
22248 74
22249 77
22250 83
22251 91
22252 98
22253 96
22254 98
22255 102
22256 109
22257 115
22258 117
22259 120
22260 112
22261 116
22262 126
22263 104
22264 106
22265 114
22266 124
22267 128
22268 100
22269 101
22270 110
22271 86
22272 81
22273 91
22274 95
22275 105
22276 111
22277 120
22278 127
22279 103
22280 111
22281 103
22282 111
22283 120
22284 86
22285 95
22286 102
22287 110
22288 115
22289 111
22290 115
22291 70
22292 80
22293 87
22294 92
22295 100
22296 94
22297 97
22298 93
22299 95
22300 96
22301 98
22302 105
22303 115
22304 118
22305 124
22306 127
22307 133
22308 134
22309 139
22310 119
22311 109
22312 118
22313 87
22314 95
22315 102
22316 111
22317 105
22318 97
22319 102
22320 112
22321 116
22322 125
22323 105
22324 107
22325 112
22326 119
22327 78
22328 79
22329 82
22330 84
22331 90
22332 97
22333 104
22334 89
22335 92
22336 99
22337 93
22338 99
22339 109
22340 79
22341 82
22342 87
22343 92
22344 94
22345 98
22346 100
22347 107
22348 113
22349 108
22350 89
22351 98
22352 95
22353 103
22354 105
22355 99
22356 108
22357 118
22358 80
22359 86
22360 91
22361 93
22362 94
22363 100
22364 103
22365 111
22366 106
22367 88
22368 93
22369 98
22370 101
22371 109
22372 114
22373 116
22374 94
22375 99
22376 104
22377 107
22378 109
22379 76
22380 81
22381 82
22382 85
22383 89
22384 91
22385 93
22386 101
22387 105
22388 106
22389 88
22390 90
22391 100
22392 103
22393 111
22394 101
22395 102
22396 109
22397 112
22398 101
22399 104
22400 93
22401 101
22402 107
22403 98
22404 105
22405 111
22406 112
22407 120
22408 107
22409 108
22410 103
22411 95
22412 102
22413 111
22414 117
22415 122
22416 123
22417 101
22418 102
22419 105
22420 74
22421 80
22422 85
22423 88
22424 95
22425 97
22426 100
22427 107
22428 114
22429 93
22430 98
22431 101
22432 107
22433 96
22434 103
22435 106
22436 113
22437 116
22438 118
22439 100
22440 103
22441 110
22442 91
22443 101
22444 91
22445 92
22446 93
22447 89
22448 93
22449 97
22450 100
22451 110
22452 115
22453 121
22454 87
22455 94
22456 101
22457 105
22458 98
22459 106
22460 55
22461 61
22462 62
22463 72
22464 77
22465 84
22466 85
22467 94
22468 95
22469 105
22470 107
22471 114
22472 102
22473 104
22474 105
22475 108
22476 110
22477 116
22478 98
22479 99
22480 109
22481 104
22482 111
22483 116
22484 122
22485 128
22486 92
22487 96
22488 104
22489 109
22490 113
22491 110
22492 110
22493 107
22494 109
22495 113
22496 119
22497 129
22498 134
22499 119
22500 128
22501 120
22502 128
22503 133
22504 107
22505 103
22506 110
22507 95
22508 104
22509 105
22510 103
22511 90
22512 98
22513 105
22514 106
22515 113
22516 115
22517 121
22518 99
22519 100
22520 93
22521 103
22522 90
22523 93
22524 103
22525 98
22526 103
22527 105
22528 111
22529 109
22530 110
22531 118
22532 111
22533 113
22534 118
22535 126
22536 115
22537 125
22538 133
22539 138
22540 118
22541 121
22542 98
22543 100
22544 103
22545 105
22546 106
22547 107
22548 116
22549 120
22550 122
22551 130
22552 103
22553 101
22554 73
22555 77
22556 78
22557 79
22558 83
22559 92
22560 94
22561 104
22562 109
22563 114
22564 119
22565 126
22566 101
22567 106
22568 112
22569 93
22570 97
22571 91
22572 93
22573 87
22574 96
22575 100
22576 95
22577 97
22578 100
22579 79
22580 81
22581 84
22582 90
22583 91
22584 91
22585 92
22586 96
22587 105
22588 64
22589 68
22590 78
22591 85
22592 86
22593 94
22594 104
22595 109
22596 104
22597 107
22598 108
22599 109
22600 77
22601 80
22602 85
22603 95
22604 96
22605 105
22606 111
22607 121
22608 109
22609 118
22610 114
22611 123
22612 86
22613 89
22614 86
22615 92
22616 100
22617 108
22618 111
22619 118
22620 109
22621 112
22622 101
22623 106
22624 115
22625 118
22626 120
22627 122
22628 119
22629 126
22630 95
22631 97
22632 102
22633 110
22634 105
22635 103
22636 110
22637 83
22638 86
22639 92
22640 96
22641 97
22642 91
22643 97
22644 100
22645 105
22646 110
22647 89
22648 99
22649 108
22650 96
22651 102
22652 106
22653 51
22654 58
22655 66
22656 70
22657 59
22658 64
22659 72
22660 75
22661 81
22662 82
22663 88
22664 88
22665 93
22666 96
22667 103
22668 113
22669 116
22670 117
22671 85
22672 87
22673 90
22674 96
22675 105
22676 106
22677 92
22678 93
22679 103
22680 113
22681 120
22682 124
22683 116
22684 123
22685 95
22686 104
22687 95
22688 98
22689 100
22690 110
22691 119
22692 116
22693 126
22694 132
22695 141
22696 143
22697 152
22698 117
22699 88
22700 93
22701 97
22702 100
22703 94
22704 99
22705 98
22706 105
22707 98
22708 104
22709 105
22710 83
22711 88
22712 93
22713 100
22714 100
22715 94
22716 97
22717 107
22718 99
22719 104
22720 78
22721 82
22722 91
22723 99
22724 102
22725 112
22726 105
22727 107
22728 97
22729 101
22730 109
22731 111
22732 101
22733 105
22734 115
22735 118
22736 122
22737 124
22738 104
22739 108
22740 109
22741 115
22742 116
22743 115
22744 91
22745 98
22746 104
22747 105
22748 109
22749 116
22750 72
22751 79
22752 82
22753 85
22754 90
22755 94
22756 102
22757 103
22758 92
22759 95
22760 101
22761 104
22762 82
22763 92
22764 94
22765 104
22766 111
22767 90
22768 96
22769 106
22770 107
22771 115
22772 116
22773 118
22774 119
22775 110
22776 116
22777 106
22778 108
22779 112
22780 114
22781 113
22782 94
22783 91
22784 92
22785 101
22786 103
22787 107
22788 115
22789 93
22790 100
22791 99
22792 109
22793 101
22794 104
22795 108
22796 105
22797 106
22798 93
22799 83
22800 91
22801 97
22802 105
22803 111
22804 119
22805 126
22806 93
22807 94
22808 104
22809 111
22810 120
22811 111
22812 111
22813 114
22814 115
22815 120
22816 126
22817 74
22818 79
22819 82
22820 91
22821 74
22822 77
22823 80
22824 81
22825 86
22826 95
22827 104
22828 102
22829 110
22830 120
22831 99
22832 105
22833 109
22834 111
22835 110
22836 87
22837 88
22838 84
22839 90
22840 95
22841 101
22842 106
22843 104
22844 107
22845 108
22846 110
22847 113
22848 117
22849 95
22850 102
22851 112
22852 118
22853 96
22854 99
22855 101
22856 88
22857 90
22858 96
22859 99
22860 104
22861 88
22862 91
22863 100
22864 90
22865 92
22866 96
22867 100
22868 85
22869 92
22870 36
22871 37
22872 42
22873 47
22874 57
22875 59
22876 62
22877 69
22878 76
22879 80
22880 89
22881 92
22882 94
22883 81
22884 82
22885 88
22886 95
22887 97
22888 103
22889 108
22890 115
22891 121
22892 126
22893 113
22894 95
22895 76
22896 84
22897 88
22898 89
22899 92
22900 84
22901 86
22902 92
22903 99
22904 100
22905 105
22906 106
22907 103
22908 112
22909 122
22910 99
22911 106
22912 109
22913 114
22914 100
22915 107
22916 114
22917 118
22918 112
22919 118
22920 113
22921 120
22922 81
22923 85
22924 82
22925 86
22926 87
22927 90
22928 99
22929 100
22930 104
22931 104
22932 110
22933 119
22934 89
22935 93
22936 100
22937 101
22938 104
22939 108
22940 94
22941 90
22942 91
22943 92
22944 97
22945 89
22946 83
22947 86
22948 88
22949 97
22950 98
22951 104
22952 103
22953 110
22954 112
22955 103
22956 113
22957 114
22958 111
22959 120
22960 127
22961 93
22962 97
22963 66
22964 67
22965 70
22966 77
22967 87
22968 93
22969 103
22970 97
22971 105
22972 101
22973 111
22974 116
22975 90
22976 79
22977 62
22978 71
22979 81
22980 88
22981 93
22982 97
22983 104
22984 114
22985 124
22986 66
22987 68
22988 70
22989 72
22990 74
22991 83
22992 89
22993 96
22994 100
22995 103
22996 111
22997 112
22998 90
22999 95
23000 104
23001 106
23002 102
23003 95
23004 98
23005 108
23006 118
23007 93
23008 94
23009 101
23010 109
23011 112
23012 87
23013 91
23014 95
23015 102
23016 108
23017 111
23018 116
23019 121
23020 111
23021 114
23022 105
23023 112
23024 117
23025 122
23026 102
23027 95
23028 97
23029 99
23030 97
23031 99
23032 103
23033 108
23034 109
23035 98
23036 107
23037 101
23038 103
23039 109
23040 118
23041 116
23042 121
23043 121
23044 111
23045 93
23046 100
23047 101
23048 87
23049 96
23050 105
23051 111
23052 120
23053 103
23054 110
23055 98
23056 102
23057 104
23058 109
23059 111
23060 89
23061 90
23062 91
23063 95
23064 100
23065 107
23066 116
23067 125
23068 133
23069 114
23070 121
23071 103
23072 109
23073 97
23074 98
23075 91
23076 96
23077 100
23078 102
23079 108
23080 109
23081 117
23082 127
23083 131
23084 134
23085 121
23086 101
23087 110
23088 103
23089 104
23090 106
23091 111
23092 121
23093 128
23094 110
23095 120
23096 127
23097 114
23098 124
23099 97
23100 100
23101 105
23102 94
23103 97
23104 105
23105 106
23106 108
23107 116
23108 81
23109 86
23110 96
23111 106
23112 93
23113 98
23114 99
23115 96
23116 99
23117 100
23118 103
23119 111
23120 85
23121 89
23122 99
23123 107
23124 112
23125 113
23126 121
23127 129
23128 72
23129 74
23130 78
23131 84
23132 91
23133 101
23134 110
23135 120
23136 129
23137 139
23138 120
23139 128
23140 135
23141 136
23142 86
23143 88
23144 91
23145 95
23146 84
23147 93
23148 101
23149 109
23150 116
23151 115
23152 99
23153 106
23154 109
23155 103
23156 100
23157 106
23158 101
23159 95
23160 100
23161 107
23162 112
23163 92
23164 96
23165 97
23166 99
23167 101
23168 108
23169 117
23170 119
23171 123
23172 118
23173 109
23174 110
23175 115
23176 117
23177 120
23178 121
23179 98
23180 104
23181 110
23182 112
23183 67
23184 69
23185 76
23186 84
23187 91
23188 95
23189 105
23190 110
23191 67
23192 72
23193 77
23194 78
23195 84
23196 73
23197 75
23198 84
23199 93
23200 98
23201 67
23202 73
23203 82
23204 88
23205 92
23206 96
23207 98
23208 95
23209 96
23210 100
23211 95
23212 99
23213 108
23214 114
23215 120
23216 125
23217 134
23218 114
23219 115
23220 118
23221 121
23222 98
23223 102
23224 103
23225 107
23226 114
23227 123
23228 131
23229 93
23230 70
23231 78
23232 86
23233 85
23234 95
23235 102
23236 108
23237 110
23238 111
23239 120
23240 124
23241 112
23242 103
23243 108
23244 98
23245 102
23246 84
23247 94
23248 67
23249 69
23250 74
23251 82
23252 91
23253 100
23254 101
23255 104
23256 109
23257 118
23258 107
23259 103
23260 104
23261 111
23262 113
23263 115
23264 119
23265 111
23266 120
23267 68
23268 77
23269 83
23270 88
23271 97
23272 104
23273 113
23274 58
23275 64
23276 67
23277 71
23278 75
23279 76
23280 77
23281 82
23282 89
23283 92
23284 96
23285 97
23286 98
23287 92
23288 97
23289 80
23290 90
23291 98
23292 58
23293 60
23294 65
23295 69
23296 71
23297 80
23298 89
23299 73
23300 79
23301 89
23302 99
23303 91
23304 87
23305 91
23306 92
23307 98
23308 108
23309 111
23310 93
23311 95
23312 99
23313 81
23314 90
23315 95
23316 82
23317 89
23318 95
23319 98
23320 98
23321 105
23322 109
23323 113
23324 115
23325 123
23326 100
23327 105
23328 109
23329 118
23330 105
23331 111
23332 119
23333 121
23334 127
23335 125
23336 107
23337 110
23338 116
23339 124
23340 125
23341 95
23342 96
23343 104
23344 68
23345 75
23346 77
23347 79
23348 80
23349 86
23350 88
23351 97
23352 98
23353 108
23354 110
23355 111
23356 113
23357 115
23358 91
23359 97
23360 101
23361 107
23362 109
23363 112
23364 114
23365 116
23366 123
23367 128
23368 137
23369 99
23370 93
23371 96
23372 104
23373 114
23374 93
23375 96
23376 99
23377 106
23378 112
23379 102
23380 111
23381 117
23382 106
23383 110
23384 117
23385 127
23386 109
23387 100
23388 108
23389 118
23390 124
23391 100
23392 102
23393 87
23394 96
23395 99
23396 107
23397 110
23398 114
23399 119
23400 107
23401 111
23402 113
23403 121
23404 128
23405 137
23406 145
23407 106
23408 108
23409 103
23410 108
23411 115
23412 120
23413 127
23414 133
23415 141
23416 108
23417 115
23418 97
23419 103
23420 106
23421 106
23422 107
23423 111
23424 93
23425 94
23426 99
23427 109
23428 115
23429 117
23430 124
23431 93
23432 98
23433 88
23434 96
23435 98
23436 79
23437 82
23438 83
23439 85
23440 86
23441 87
23442 89
23443 98
23444 107
23445 111
23446 61
23447 71
23448 78
23449 86
23450 94
23451 103
23452 100
23453 109
23454 114
23455 118
23456 119
23457 113
23458 102
23459 107
23460 103
23461 113
23462 108
23463 115
23464 116
23465 101
23466 106
23467 108
23468 74
23469 77
23470 68
23471 72
23472 82
23473 89
23474 91
23475 95
23476 105
23477 113
23478 91
23479 98
23480 106
23481 107
23482 85
23483 89
23484 94
23485 102
23486 95
23487 103
23488 105
23489 115
23490 120
23491 122
23492 126
23493 88
23494 96
23495 97
23496 101
23497 102
23498 107
23499 72
23500 82
23501 87
23502 94
23503 101
23504 107
23505 115
23506 117
23507 124
23508 131
23509 140
23510 148
23511 120
23512 127
23513 131
23514 129
23515 132
23516 101
23517 82
23518 89
23519 96
23520 101
23521 103
23522 107
23523 113
23524 115
23525 120
23526 101
23527 104
23528 106
23529 111
23530 92
23531 102
23532 104
23533 114
23534 116
23535 101
23536 106
23537 116
23538 94
23539 97
23540 100
23541 102
23542 110
23543 73
23544 79
23545 86
23546 96
23547 98
23548 100
23549 109
23550 113
23551 96
23552 86
23553 96
23554 106
23555 103
23556 97
23557 98
23558 100
23559 97
23560 99
23561 106
23562 73
23563 80
23564 89
23565 92
23566 102
23567 103
23568 106
23569 112
23570 84
23571 87
23572 75
23573 85
23574 92
23575 100
23576 104
23577 107
23578 99
23579 109
23580 110
23581 94
23582 98
23583 101
23584 107
23585 106
23586 114
23587 120
23588 125
23589 105
23590 114
23591 109
23592 116
23593 120
23594 128
23595 132
23596 117
23597 106
23598 107
23599 106
23600 115
23601 84
23602 94
23603 95
23604 87
23605 96
23606 101
23607 102
23608 112
23609 121
23610 97
23611 107
23612 112
23613 112
23614 116
23615 118
23616 104
23617 90
23618 100
23619 109
23620 114
23621 116
23622 81
23623 84
23624 88
23625 96
23626 101
23627 106
23628 97
23629 105
23630 111
23631 116
23632 115
23633 122
23634 124
23635 102
23636 104
23637 111
23638 118
23639 126
23640 117
23641 90
23642 100
23643 102
23644 94
23645 97
23646 104
23647 112
23648 93
23649 99
23650 108
23651 113
23652 108
23653 109
23654 113
23655 115
23656 116
23657 123
23658 132
23659 136
23660 121
23661 124
23662 107
23663 79
23664 88
23665 93
23666 103
23667 104
23668 94
23669 101
23670 102
23671 103
23672 106
23673 106
23674 108
23675 113
23676 118
23677 113
23678 110
23679 120
23680 123
23681 118
23682 127
23683 130
23684 114
23685 117
23686 127
23687 111
23688 114
23689 119
23690 119
23691 122
23692 127
23693 100
23694 101
23695 89
23696 99
23697 103
23698 96
23699 105
23700 106
23701 109
23702 110
23703 111
23704 112
23705 114
23706 118
23707 124
23708 134
23709 136
23710 138
23711 115
23712 108
23713 110
23714 91
23715 93
23716 96
23717 99
23718 108
23719 54
23720 59
23721 65
23722 68
23723 72
23724 80
23725 90
23726 98
23727 105
23728 107
23729 109
23730 104
23731 97
23732 103
23733 108
23734 114
23735 116
23736 103
23737 91
23738 97
23739 100
23740 108
23741 81
23742 89
23743 97
23744 98
23745 105
23746 112
23747 96
23748 96
23749 102
23750 108
23751 108
23752 110
23753 112
23754 116
23755 102
23756 96
23757 101
23758 106
23759 109
23760 111
23761 105
23762 112
23763 110
23764 110
23765 115
23766 123
23767 119
23768 120
23769 112
23770 120
23771 79
23772 85
23773 88
23774 90
23775 97
23776 105
23777 103
23778 79
23779 80
23780 87
23781 95
23782 98
23783 106
23784 110
23785 113
23786 80
23787 85
23788 86
23789 90
23790 99
23791 102
23792 102
23793 106
23794 116
23795 112
23796 119
23797 127
23798 111
23799 121
23800 124
23801 100
23802 107
23803 103
23804 112
23805 119
23806 121
23807 106
23808 113
23809 118
23810 103
23811 111
23812 115
23813 116
23814 125
23815 135
23816 100
23817 103
23818 112
23819 121
23820 128
23821 133
23822 106
23823 108
23824 109
23825 117
23826 117
23827 93
23828 100
23829 92
23830 97
23831 105
23832 111
23833 115
23834 117
23835 86
23836 93
23837 94
23838 97
23839 103
23840 106
23841 113
23842 117
23843 119
23844 129
23845 107
23846 111
23847 77
23848 83
23849 86
23850 88
23851 91
23852 81
23853 88
23854 94
23855 104
23856 109
23857 92
23858 102
23859 106
23860 93
23861 99
23862 103
23863 104
23864 80
23865 89
23866 94
23867 83
23868 87
23869 88
23870 91
23871 89
23872 95
23873 98
23874 73
23875 83
23876 84
23877 81
23878 91
23879 94
23880 99
23881 103
23882 109
23883 116
23884 119
23885 120
23886 119
23887 120
23888 82
23889 92
23890 48
23891 53
23892 57
23893 63
23894 68
23895 76
23896 77
23897 87
23898 91
23899 97
23900 105
23901 103
23902 106
23903 109
23904 106
23905 94
23906 104
23907 109
23908 101
23909 111
23910 117
23911 122
23912 125
23913 132
23914 133
23915 90
23916 97
23917 91
23918 96
23919 101
23920 94
23921 96
23922 99
23923 104
23924 106
23925 110
23926 88
23927 96
23928 102
23929 109
23930 119
23931 124
23932 126
23933 125
23934 130
23935 117
23936 121
23937 125
23938 134
23939 114
23940 111
23941 80
23942 89
23943 99
23944 106
23945 116
23946 118
23947 127
23948 132
23949 134
23950 123
23951 107
23952 111
23953 115
23954 110
23955 100
23956 103
23957 105
23958 90
23959 96
23960 102
23961 108
23962 95
23963 96
23964 104
23965 93
23966 99
23967 104
23968 106
23969 95
23970 99
23971 77
23972 81
23973 88
23974 96
23975 106
23976 93
23977 102
23978 105
23979 108
23980 109
23981 100
23982 103
23983 106
23984 90
23985 94
23986 103
23987 81
23988 84
23989 86
23990 89
23991 97
23992 104
23993 89
23994 98
23995 94
23996 103
23997 112
23998 113
23999 109
24000 111
24001 115
24002 81
24003 85
24004 95
24005 105
24006 113
24007 101
24008 105
24009 112
24010 113
24011 120
24012 130
24013 132
24014 100
24015 100
24016 102
24017 105
24018 113
24019 116
24020 123
24021 131
24022 105
24023 108
24024 102
24025 93
24026 101
24027 102
24028 101
24029 108
24030 111
24031 85
24032 94
24033 97
24034 98
24035 80
24036 81
24037 88
24038 94
24039 100
24040 107
24041 111
24042 115
24043 123
24044 85
24045 90
24046 86
24047 93
24048 94
24049 99
24050 100
24051 103
24052 105
24053 106
24054 110
24055 112
24056 121
24057 116
24058 123
24059 102
24060 109
24061 105
24062 106
24063 111
24064 118
24065 107
24066 90
24067 97
24068 106
24069 109
24070 117
24071 83
24072 86
24073 88
24074 93
24075 97
24076 99
24077 109
24078 111
24079 118
24080 119
24081 123
24082 90
24083 95
24084 90
24085 92
24086 101
24087 109
24088 98
24089 100
24090 110
24091 119
24092 112
24093 115
24094 97
24095 107
24096 116
24097 111
24098 115
24099 120
24100 130
24101 104
24102 105
24103 68
24104 69
24105 79
24106 87
24107 95
24108 99
24109 106
24110 113
24111 118
24112 121
24113 123
24114 112
24115 114
24116 123
24117 133
24118 111
24119 101
24120 103
24121 108
24122 91
24123 101
24124 104
24125 109
24126 117
24127 91
24128 97
24129 104
24130 107
24131 114
24132 116
24133 119
24134 44
24135 47
24136 54
24137 59
24138 64
24139 71
24140 49
24141 59
24142 65
24143 69
24144 77
24145 87
24146 95
24147 96
24148 97
24149 102
24150 108
24151 112
24152 90
24153 95
24154 99
24155 102
24156 112
24157 117
24158 126
24159 92
24160 101
24161 110
24162 114
24163 103
24164 85
24165 87
24166 93
24167 81
24168 84
24169 87
24170 90
24171 100
24172 101
24173 102
24174 107
24175 109
24176 83
24177 88
24178 91
24179 93
24180 103
24181 110
24182 111
24183 108
24184 109
24185 110
24186 96
24187 102
24188 76
24189 85
24190 91
24191 94
24192 102
24193 110
24194 113
24195 93
24196 94
24197 104
24198 111
24199 101
24200 89
24201 92
24202 94
24203 102
24204 99
24205 107
24206 110
24207 97
24208 100
24209 106
24210 94
24211 99
24212 99
24213 109
24214 107
24215 110
24216 119
24217 100
24218 96
24219 104
24220 107
24221 113
24222 119
24223 120
24224 120
24225 121
24226 85
24227 94
24228 104
24229 90
24230 91
24231 95
24232 90
24233 99
24234 102
24235 109
24236 113
24237 63
24238 72
24239 80
24240 82
24241 85
24242 93
24243 101
24244 107
24245 106
24246 110
24247 113
24248 115
24249 119
24250 127
24251 62
24252 67
24253 68
24254 70
24255 75
24256 76
24257 83
24258 88
24259 93
24260 72
24261 79
24262 84
24263 77
24264 86
24265 94
24266 98
24267 104
24268 92
24269 101
24270 105
24271 109
24272 98
24273 104
24274 112
24275 117
24276 110
24277 111
24278 116
24279 123
24280 130
24281 132
24282 142
24283 118
24284 99
24285 92
24286 86
24287 89
24288 78
24289 84
24290 88
24291 95
24292 97
24293 96
24294 97
24295 101
24296 107
24297 114
24298 118
24299 79
24300 88
24301 95
24302 98
24303 89
24304 92
24305 98
24306 108
24307 113
24308 119
24309 129
24310 139
24311 78
24312 81
24313 86
24314 87
24315 96
24316 100
24317 105
24318 98
24319 99
24320 101
24321 108
24322 113
24323 112
24324 122
24325 129
24326 90
24327 99
24328 100
24329 101
24330 102
24331 87
24332 90
24333 92
24334 93
24335 100
24336 107
24337 112
24338 122
24339 121
24340 126
24341 134
24342 114
24343 98
24344 102
24345 103
24346 104
24347 107
24348 108
24349 110
24350 104
24351 106
24352 96
24353 102
24354 103
24355 105
24356 108
24357 115
24358 122
24359 110
24360 119
24361 126
24362 109
24363 111
24364 101
24365 105
24366 79
24367 86
24368 94
24369 96
24370 99
24371 107
24372 112
24373 99
24374 104
24375 106
24376 75
24377 77
24378 78
24379 88
24380 98
24381 106
24382 101
24383 105
24384 109
24385 118
24386 105
24387 107
24388 113
24389 93
24390 97
24391 100
24392 108
24393 114
24394 117
24395 120
24396 109
24397 59
24398 62
24399 71
24400 81
24401 89
24402 90
24403 94
24404 97
24405 100
24406 108
24407 116
24408 110
24409 78
24410 81
24411 82
24412 92
24413 99
24414 87
24415 89
24416 93
24417 90
24418 76
24419 77
24420 81
24421 87
24422 94
24423 103
24424 103
24425 107
24426 114
24427 124
24428 117
24429 107
24430 115
24431 101
24432 94
24433 101
24434 71
24435 78
24436 88
24437 90
24438 95
24439 104
24440 112
24441 113
24442 115
24443 117
24444 118
24445 92
24446 99
24447 103
24448 108
24449 102
24450 107
24451 100
24452 84
24453 86
24454 94
24455 93
24456 95
24457 97
24458 100
24459 105
24460 109
24461 108
24462 86
24463 94
24464 95
24465 94
24466 95
24467 105
24468 107
24469 111
24470 103
24471 92
24472 100
24473 99
24474 102
24475 108
24476 113
24477 120
24478 122
24479 130
24480 135
24481 140
24482 66
24483 70
24484 75
24485 85
24486 91
24487 76
24488 80
24489 66
24490 76
24491 80
24492 89
24493 97
24494 105
24495 106
24496 114
24497 121
24498 124
24499 101
24500 105
24501 107
24502 109
24503 112
24504 110
24505 111
24506 117
24507 99
24508 103
24509 109
24510 113
24511 121
24512 121
24513 116
24514 121
24515 130
24516 108
24517 117
24518 113
24519 115
24520 104
24521 105
24522 114
24523 86
24524 89
24525 95
24526 103
24527 112
24528 89
24529 93
24530 95
24531 96
24532 97
24533 103
24534 109
24535 110
24536 111
24537 109
24538 112
24539 121
24540 127
24541 111
24542 111
24543 106
24544 107
24545 92
24546 101
24547 102
24548 110
24549 111
24550 53
24551 61
24552 64
24553 72
24554 78
24555 85
24556 92
24557 100
24558 103
24559 101
24560 107
24561 105
24562 87
24563 88
24564 92
24565 96
24566 97
24567 100
24568 75
24569 80
24570 81
24571 91
24572 95
24573 101
24574 109
24575 118
24576 127
24577 128
24578 129
24579 97
24580 101
24581 81
24582 87
24583 97
24584 100
24585 97
24586 103
24587 113
24588 113
24589 36
24590 43
24591 49
24592 54
24593 55
24594 65
24595 74
24596 83
24597 85
24598 95
24599 105
24600 115
24601 123
24602 129
24603 134
24604 91
24605 100
24606 90
24607 99
24608 104
24609 112
24610 112
24611 101
24612 107
24613 110
24614 97
24615 105
24616 69
24617 79
24618 87
24619 96
24620 104
24621 75
24622 80
24623 81
24624 87
24625 90
24626 97
24627 100
24628 100
24629 101
24630 104
24631 95
24632 92
24633 101
24634 107
24635 104
24636 111
24637 102
24638 108
24639 113
24640 108
24641 85
24642 89
24643 81
24644 90
24645 94
24646 104
24647 109
24648 95
24649 99
24650 105
24651 109
24652 109
24653 116
24654 122
24655 100
24656 101
24657 108
24658 112
24659 113
24660 52
24661 59
24662 69
24663 70
24664 75
24665 79
24666 83
24667 87
24668 94
24669 97
24670 88
24671 90
24672 93
24673 95
24674 51
24675 54
24676 55
24677 57
24678 65
24679 67
24680 77
24681 84
24682 92
24683 69
24684 77
24685 82
24686 75
24687 83
24688 92
24689 102
24690 109
24691 70
24692 75
24693 80
24694 84
24695 92
24696 90
24697 98
24698 101
24699 103
24700 106
24701 95
24702 103
24703 79
24704 81
24705 83
24706 90
24707 78
24708 85
24709 87
24710 90
24711 99
24712 106
24713 110
24714 115
24715 116
24716 92
24717 99
24718 103
24719 106
24720 115
24721 110
24722 114
24723 122
24724 116
24725 104
24726 106
24727 107
24728 117
24729 119
24730 92
24731 80
24732 81
24733 91
24734 93
24735 102
24736 92
24737 101
24738 102
24739 108
24740 88
24741 93
24742 98
24743 103
24744 110
24745 91
24746 97
24747 103
24748 113
24749 113
24750 118
24751 126
24752 120
24753 108
24754 110
24755 116
24756 122
24757 113
24758 118
24759 126
24760 50
24761 55
24762 63
24763 73
24764 74
24765 77
24766 79
24767 85
24768 82
24769 91
24770 97
24771 102
24772 109
24773 90
24774 92
24775 98
24776 104
24777 109
24778 87
24779 93
24780 102
24781 100
24782 104
24783 106
24784 106
24785 98
24786 100
24787 103
24788 110
24789 92
24790 97
24791 105
24792 109
24793 111
24794 119
24795 126
24796 131
24797 100
24798 82
24799 85
24800 86
24801 90
24802 98
24803 100
24804 105
24805 110
24806 106
24807 109
24808 110
24809 113
24810 90
24811 98
24812 102
24813 112
24814 119
24815 120
24816 124
24817 128
24818 131
24819 112
24820 110
24821 119
24822 104
24823 103
24824 105
24825 105
24826 112
24827 115
24828 73
24829 79
24830 85
24831 89
24832 91
24833 93
24834 103
24835 104
24836 100
24837 101
24838 75
24839 73
24840 78
24841 86
24842 92
24843 96
24844 105
24845 106
24846 92
24847 93
24848 96
24849 98
24850 104
24851 109
24852 111
24853 116
24854 106
24855 108
24856 114
24857 122
24858 89
24859 99
24860 100
24861 95
24862 103
24863 107
24864 117
24865 112
24866 122
24867 131
24868 98
24869 96
24870 100
24871 107
24872 117
24873 121
24874 104
24875 88
24876 90
24877 98
24878 101
24879 103
24880 108
24881 109
24882 119
24883 124
24884 120
24885 115
24886 119
24887 121
24888 89
24889 99
24890 107
24891 108
24892 116
24893 122
24894 112
24895 120
24896 120
24897 122
24898 108
24899 104
24900 110
24901 114
24902 106
24903 115
24904 121
24905 78
24906 84
24907 93
24908 71
24909 80
24910 84
24911 92
24912 100
24913 90
24914 97
24915 100
24916 102
24917 106
24918 96
24919 103
24920 106
24921 98
24922 99
24923 95
24924 97
24925 92
24926 93
24927 101
24928 101
24929 102
24930 106
24931 109
24932 96
24933 101
24934 60
24935 68
24936 73
24937 83
24938 93
24939 103
24940 76
24941 84
24942 91
24943 94
24944 102
24945 106
24946 113
24947 116
24948 108
24949 105
24950 115
24951 118
24952 121
24953 113
24954 117
24955 124
24956 112
24957 66
24958 70
24959 71
24960 76
24961 84
24962 92
24963 93
24964 95
24965 97
24966 100
24967 102
24968 108
24969 78
24970 87
24971 91
24972 96
24973 97
24974 106
24975 109
24976 117
24977 119
24978 54
24979 57
24980 60
24981 63
24982 70
24983 76
24984 85
24985 83
24986 84
24987 89
24988 93
24989 99
24990 103
24991 99
24992 103
24993 106
24994 109
24995 114
24996 109
24997 119
24998 125
24999 115
25000 118
25001 119
25002 129
25003 135
25004 102
25005 108
25006 109
25007 91
25008 99
25009 100
25010 108
25011 106
25012 116
25013 126
25014 97
25015 106
25016 98
25017 102
25018 108
25019 111
25020 113
25021 107
25022 112
25023 107
25024 115
25025 92
25026 93
25027 94
25028 103
25029 113
25030 122
25031 88
25032 93
25033 100
25034 109
25035 110
25036 113
25037 120
25038 99
25039 103
25040 109
25041 103
25042 103
25043 90
25044 97
25045 103
25046 107
25047 112
25048 111
25049 116
25050 97
25051 106
25052 108
25053 109
25054 66
25055 71
25056 70
25057 79
25058 86
25059 89
25060 98
25061 106
25062 107
25063 105
25064 110
25065 112
25066 114
25067 117
25068 78
25069 82
25070 92
25071 98
25072 97
25073 94
25074 98
25075 104
25076 83
25077 90
25078 91
25079 100
25080 99
25081 98
25082 106
25083 101
25084 108
25085 112
25086 119
25087 122
25088 48
25089 53
25090 55
25091 58
25092 58
25093 63
25094 70
25095 74
25096 78
25097 79
25098 82
25099 91
25100 96
25101 106
25102 112
25103 119
25104 126
25105 131
25106 112
25107 116
25108 119
25109 99
25110 100
25111 61
25112 63
25113 67
25114 70
25115 75
25116 80
25117 81
25118 91
25119 98
25120 101
25121 110
25122 114
25123 119
25124 120
25125 113
25126 119
25127 120
25128 85
25129 89
25130 93
25131 95
25132 96
25133 97
25134 84
25135 86
25136 92
25137 97
25138 86
25139 95
25140 104
25141 106
25142 115
25143 120
25144 88
25145 90
25146 95
25147 104
25148 112
25149 113
25150 121
25151 106
25152 116
25153 119
25154 105
25155 107
25156 112
25157 120
25158 91
25159 97
25160 107
25161 114
25162 123
25163 114
25164 123
25165 133
25166 119
25167 101
25168 103
25169 108
25170 99
25171 104
25172 106
25173 114
25174 118
25175 121
25176 122
25177 94
25178 96
25179 99
25180 101
25181 104
25182 110
25183 116
25184 107
25185 110
25186 96
25187 100
25188 108
25189 116
25190 90
25191 96
25192 106
25193 111
25194 114
25195 93
25196 99
25197 100
25198 92
25199 102
25200 106
25201 104
25202 81
25203 85
25204 90
25205 100
25206 101
25207 107
25208 114
25209 123
25210 92
25211 101
25212 97
25213 74
25214 78
25215 79
25216 82
25217 84
25218 91
25219 95
25220 100
25221 103
25222 96
25223 98
25224 105
25225 110
25226 98
25227 103
25228 103
25229 111
25230 112
25231 119
25232 115
25233 102
25234 92
25235 101
25236 108
25237 73
25238 80
25239 48
25240 57
25241 66
25242 73
25243 82
25244 84
25245 91
25246 93
25247 100
25248 104
25249 110
25250 84
25251 85
25252 91
25253 95
25254 102
25255 111
25256 90
25257 93
25258 99
25259 103
25260 76
25261 83
25262 85
25263 92
25264 100
25265 102
25266 101
25267 100
25268 106
25269 109
25270 92
25271 94
25272 95
25273 96
25274 105
25275 110
25276 117
25277 99
25278 104
25279 96
25280 102
25281 108
25282 116
25283 113
25284 108
25285 104
25286 91
25287 95
25288 96
25289 103
25290 104
25291 110
25292 107
25293 108
25294 102
25295 103
25296 109
25297 103
25298 113
25299 108
25300 110
25301 113
25302 114
25303 109
25304 112
25305 104
25306 109
25307 119
25308 121
25309 119
25310 128
25311 92
25312 94
25313 96
25314 101
25315 99
25316 100
25317 104
25318 107
25319 111
25320 118
25321 127
25322 96
25323 101
25324 108
25325 94
25326 102
25327 109
25328 107
25329 110
25330 113
25331 86
25332 90
25333 92
25334 84
25335 89
25336 96
25337 101
25338 100
25339 105
25340 82
25341 86
25342 89
25343 90
25344 94
25345 95
25346 98
25347 90
25348 95
25349 101
25350 111
25351 117
25352 123
25353 131
25354 135
25355 144
25356 107
25357 102
25358 111
25359 105
25360 108
25361 113
25362 103
25363 111
25364 115
25365 107
25366 117
25367 118
25368 109
25369 100
25370 107
25371 115
25372 101
25373 108
25374 111
25375 112
25376 117
25377 122
25378 120
25379 106
25380 110
25381 109
25382 116
25383 83
25384 84
25385 87
25386 91
25387 101
25388 105
25389 112
25390 119
25391 121
25392 110
25393 119
25394 121
25395 89
25396 95
25397 105
25398 107
25399 114
25400 105
25401 66
25402 69
25403 74
25404 80
25405 86
25406 88
25407 95
25408 99
25409 105
25410 111
25411 70
25412 74
25413 76
25414 77
25415 85
25416 93
25417 97
25418 103
25419 109
25420 75
25421 80
25422 90
25423 93
25424 101
25425 103
25426 97
25427 100
25428 103
25429 98
25430 101
25431 108
25432 95
25433 96
25434 105
25435 111
25436 108
25437 112
25438 114
25439 109
25440 113
25441 102
25442 108
25443 64
25444 66
25445 72
25446 80
25447 83
25448 87
25449 90
25450 95
25451 96
25452 98
25453 99
25454 108
25455 80
25456 84
25457 87
25458 92
25459 100
25460 106
25461 102
25462 109
25463 98
25464 101
25465 97
25466 98
25467 107
25468 116
25469 108
25470 115
25471 117
25472 84
25473 91
25474 95
25475 99
25476 109
25477 110
25478 113
25479 116
25480 121
25481 122
25482 99
25483 101
25484 110
25485 99
25486 106
25487 110
25488 84
25489 92
25490 94
25491 101
25492 63
25493 73
25494 76
25495 86
25496 93
25497 85
25498 95
25499 97
25500 98
25501 91
25502 89
25503 96
25504 104
25505 112
25506 113
25507 118
25508 119
25509 96
25510 94
25511 99
25512 109
25513 117
25514 102
25515 105
25516 108
25517 118
25518 125
25519 109
25520 113
25521 115
25522 124
25523 128
25524 114
25525 118
25526 116
25527 120
25528 121
25529 92
25530 95
25531 70
25532 77
25533 84
25534 87
25535 90
25536 94
25537 85
25538 88
25539 96
25540 96
25541 104
25542 110
25543 103
25544 101
25545 104
25546 110
25547 112
25548 105
25549 104
25550 111
25551 112
25552 118
25553 118
25554 124
25555 96
25556 105
25557 115
25558 111
25559 75
25560 76
25561 85
25562 95
25563 104
25564 73
25565 83
25566 90
25567 63
25568 71
25569 80
25570 85
25571 86
25572 95
25573 100
25574 98
25575 101
25576 103
25577 89
25578 97
25579 98
25580 104
25581 99
25582 106
25583 114
25584 106
25585 89
25586 98
25587 104
25588 109
25589 116
25590 109
25591 83
25592 93
25593 79
25594 80
25595 89
25596 95
25597 83
25598 90
25599 88
25600 89
25601 90
25602 97
25603 107
25604 85
25605 94
25606 100
25607 109
25608 95
25609 105
25610 98
25611 99
25612 104
25613 106
25614 110
25615 113
25616 118
25617 99
25618 104
25619 113
25620 123
25621 98
25622 101
25623 102
25624 106
25625 107
25626 116
25627 119
25628 126
25629 110
25630 112
25631 112
25632 121
25633 111
25634 39
25635 49
25636 56
25637 61
25638 65
25639 72
25640 82
25641 87
25642 91
25643 99
25644 105
25645 108
25646 116
25647 119
25648 129
25649 134
25650 96
25651 103
25652 104
25653 112
25654 119
25655 90
25656 96
25657 99
25658 106
25659 107
25660 96
25661 106
25662 96
25663 102
25664 93
25665 94
25666 90
25667 79
25668 88
25669 95
25670 96
25671 96
25672 103
25673 104
25674 106
25675 116
25676 117
25677 119
25678 121
25679 127
25680 137
25681 131
25682 140
25683 122
25684 92
25685 95
25686 98
25687 85
25688 92
25689 93
25690 98
25691 104
25692 108
25693 110
25694 108
25695 118
25696 128
25697 106
25698 114
25699 116
25700 126
25701 104
25702 106
25703 112
25704 116
25705 120
25706 124
25707 129
25708 104
25709 108
25710 104
25711 110
25712 112
25713 122
25714 118
25715 119
25716 109
25717 111
25718 121
25719 129
25720 132
25721 98
25722 107
25723 106
25724 112
25725 113
25726 120
25727 88
25728 94
25729 104
25730 99
25731 80
25732 86
25733 87
25734 95
25735 101
25736 100
25737 107
25738 99
25739 102
25740 103
25741 108
25742 109
25743 87
25744 94
25745 104
25746 114
25747 103
25748 111
25749 64
25750 70
25751 80
25752 84
25753 88
25754 96
25755 99
25756 106
25757 108
25758 114
25759 104
25760 97
25761 98
25762 104
25763 112
25764 117
25765 123
25766 114
25767 96
25768 93
25769 100
25770 101
25771 107
25772 113
25773 87
25774 95
25775 97
25776 99
25777 87
25778 97
25779 105
25780 107
25781 111
25782 91
25783 97
25784 107
25785 108
25786 106
25787 91
25788 93
25789 87
25790 88
25791 93
25792 67
25793 71
25794 72
25795 81
25796 88
25797 92
25798 94
25799 96
25800 99
25801 104
25802 105
25803 103
25804 112
25805 114
25806 97
25807 101
25808 107
25809 114
25810 116
25811 114
25812 107
25813 108
25814 111
25815 120
25816 98
25817 100
25818 110
25819 96
25820 99
25821 83
25822 89
25823 98
25824 102
25825 104
25826 107
25827 117
25828 120
25829 123
25830 118
25831 120
25832 104
25833 111
25834 120
25835 112
25836 114
25837 114
25838 99
25839 109
25840 113
25841 81
25842 86
25843 95
25844 100
25845 106
25846 99
25847 101
25848 104
25849 108
25850 79
25851 80
25852 86
25853 87
25854 91
25855 98
25856 91
25857 101
25858 101
25859 110
25860 80
25861 86
25862 95
25863 100
25864 87
25865 89
25866 94
25867 95
25868 95
25869 96
25870 103
25871 111
25872 111
25873 90
25874 93
25875 95
25876 99
25877 100
25878 105
25879 109
25880 110
25881 118
25882 71
25883 77
25884 80
25885 84
25886 87
25887 93
25888 95
25889 91
25890 93
25891 101
25892 105
25893 114
25894 121
25895 127
25896 131
25897 103
25898 105
25899 101
25900 107
25901 117
25902 78
25903 88
25904 95
25905 97
25906 107
25907 103
25908 105
25909 110
25910 99
25911 109
25912 91
25913 101
25914 107
25915 88
25916 90
25917 95
25918 98
25919 103
25920 87
25921 88
25922 91
25923 88
25924 89
25925 93
25926 94
25927 97
25928 97
25929 98
25930 103
25931 109
25932 115
25933 118
25934 93
25935 99
25936 100
25937 109
25938 77
25939 83
25940 87
25941 97
25942 98
25943 97
25944 103
25945 108
25946 102
25947 103
25948 105
25949 106
25950 109
25951 118
25952 123
25953 130
25954 116
25955 113
25956 116
25957 122
25958 112
25959 117
25960 81
25961 91
25962 97
25963 101
25964 104
25965 113
25966 42
25967 45
25968 49
25969 52
25970 62
25971 63
25972 66
25973 68
25974 77
25975 85
25976 90
25977 100
25978 106
25979 87
25980 88
25981 96
25982 102
25983 107
25984 114
25985 89
25986 97
25987 101
25988 103
25989 104
25990 107
25991 117
25992 126
25993 98
25994 101
25995 104
25996 113
25997 86
25998 96
25999 97
26000 99
26001 101
26002 103
26003 109
26004 84
26005 91
26006 93
26007 81
26008 91
26009 75
26010 82
26011 91
26012 97
26013 96
26014 100
26015 107
26016 96
26017 103
26018 108
26019 110
26020 100
26021 107
26022 108
26023 101
26024 106
26025 108
26026 104
26027 40
26028 49
26029 51
26030 56
26031 61
26032 67
26033 76
26034 83
26035 86
26036 93
26037 94
26038 104
26039 109
26040 114
26041 106
26042 111
26043 114
26044 94
26045 75
26046 82
26047 92
26048 97
26049 98
26050 106
26051 113
26052 94
26053 73
26054 82
26055 83
26056 88
26057 70
26058 71
26059 74
26060 84
26061 90
26062 61
26063 65
26064 74
26065 84
26066 88
26067 97
26068 101
26069 105
26070 108
26071 114
26072 108
26073 118
26074 121
26075 125
26076 133
26077 92
26078 95
26079 103
26080 98
26081 103
26082 89
26083 92
26084 97
26085 102
26086 105
26087 105
26088 113
26089 121
26090 119
26091 125
26092 104
26093 109
26094 100
26095 103
26096 110
26097 112
26098 115
26099 119
26100 106
26101 107
26102 81
26103 85
26104 90
26105 92
26106 94
26107 102
26108 109
26109 111
26110 109
26111 117
26112 119
26113 115
26114 119
26115 124
26116 128
26117 96
26118 103
26119 105
26120 115
26121 119
26122 126
26123 96
26124 104
26125 106
26126 103
26127 110
26128 118
26129 98
26130 85
26131 86
26132 96
26133 97
26134 107
26135 113
26136 118
26137 116
26138 120
26139 121
26140 99
26141 101
26142 105
26143 110
26144 110
26145 105
26146 110
26147 112
26148 118
26149 127
26150 112
26151 115
26152 119
26153 126
26154 84
26155 92
26156 94
26157 91
26158 95
26159 98
26160 100
26161 105
26162 107
26163 109
26164 119
26165 121
26166 125
26167 116
26168 123
26169 127
26170 16
26171 20
26172 26
26173 35
26174 36
26175 42
26176 48
26177 53
26178 59
26179 62
26180 63
26181 64
26182 70
26183 76
26184 86
26185 87
26186 97
26187 107
26188 87
26189 89
26190 93
26191 100
26192 109
26193 110
26194 120
26195 109
26196 104
26197 112
26198 115
26199 123
26200 114
26201 119
26202 121
26203 122
26204 106
26205 111
26206 80
26207 87
26208 88
26209 86
26210 87
26211 88
26212 90
26213 95
26214 99
26215 109
26216 103
26217 105
26218 111
26219 92
26220 102
26221 107
26222 95
26223 83
26224 92
26225 96
26226 105
26227 110
26228 109
26229 99
26230 105
26231 112
26232 109
26233 110
26234 98
26235 94
26236 92
26237 98
26238 100
26239 103
26240 109
26241 118
26242 120
26243 122
26244 127
26245 102
26246 105
26247 100
26248 107
26249 96
26250 103
26251 94
26252 103
26253 105
26254 112
26255 113
26256 115
26257 119
26258 124
26259 70
26260 74
26261 75
26262 77
26263 84
26264 76
26265 84
26266 88
26267 93
26268 81
26269 87
26270 93
26271 94
26272 88
26273 93
26274 95
26275 96
26276 86
26277 96
26278 106
26279 111
26280 118
26281 112
26282 117
26283 124
26284 128
26285 133
26286 93
26287 102
26288 107
26289 113
26290 118
26291 126
26292 103
26293 108
26294 99
26295 78
26296 81
26297 83
26298 88
26299 94
26300 97
26301 81
26302 87
26303 88
26304 91
26305 92
26306 99
26307 100
26308 108
26309 105
26310 115
26311 112
26312 117
26313 118
26314 128
26315 106
26316 96
26317 106
26318 111
26319 118
26320 97
26321 107
26322 116
26323 126
26324 89
26325 93
26326 97
26327 106
26328 108
26329 94
26330 104
26331 60
26332 62
26333 69
26334 77
26335 76
26336 63
26337 67
26338 69
26339 75
26340 77
26341 81
26342 87
26343 92
26344 87
26345 88
26346 97
26347 99
26348 104
26349 102
26350 102
26351 109
26352 106
26353 116
26354 119
26355 90
26356 96
26357 97
26358 98
26359 99
26360 105
26361 110
26362 104
26363 105
26364 109
26365 110
26366 108
26367 97
26368 105
26369 114
26370 120
26371 125
26372 133
26373 142
26374 54
26375 58
26376 67
26377 74
26378 78
26379 79
26380 88
26381 90
26382 93
26383 94
26384 103
26385 100
26386 103
26387 104
26388 108
26389 87
26390 97
26391 105
26392 107
26393 105
26394 115
26395 112
26396 121
26397 126
26398 133
26399 108
26400 117
26401 104
26402 83
26403 85
26404 88
26405 96
26406 98
26407 106
26408 112
26409 113
26410 118
26411 93
26412 98
26413 101
26414 111
26415 112
26416 99
26417 95
26418 103
26419 107
26420 108
26421 107
26422 112
26423 118
26424 119
26425 99
26426 104
26427 91
26428 101
26429 104
26430 109
26431 95
26432 83
26433 85
26434 91
26435 92
26436 93
26437 96
26438 105
26439 113
26440 94
26441 92
26442 100
26443 105
26444 115
26445 118
26446 119
26447 93
26448 97
26449 104
26450 108
26451 113
26452 103
26453 111
26454 119
26455 108
26456 99
26457 108
26458 109
26459 117
26460 123
26461 118
26462 105
26463 113
26464 98
26465 102
26466 103
26467 108
26468 117
26469 127
26470 133
26471 105
26472 115
26473 116
26474 110
26475 111
26476 117
26477 119
26478 129
26479 134
26480 102
26481 97
26482 94
26483 99
26484 107
26485 111
26486 91
26487 99
26488 103
26489 106
26490 116
26491 93
26492 103
26493 75
26494 78
26495 86
26496 87
26497 89
26498 95
26499 99
26500 107
26501 112
26502 115
26503 101
26504 105
26505 103
26506 91
26507 94
26508 98
26509 102
26510 106
26511 100
26512 109
26513 115
26514 110
26515 111
26516 117
26517 116
26518 103
26519 103
26520 93
26521 103
26522 110
26523 85
26524 87
26525 96
26526 98
26527 103
26528 113
26529 108
26530 111
26531 109
26532 104
26533 106
26534 68
26535 72
26536 75
26537 81
26538 84
26539 93
26540 91
26541 97
26542 107
26543 117
26544 98
26545 104
26546 105
26547 112
26548 100
26549 102
26550 112
26551 115
26552 121
26553 122
26554 124
26555 98
26556 105
26557 90
26558 92
26559 79
26560 84
26561 94
26562 99
26563 100
26564 108
26565 117
26566 104
26567 110
26568 115
26569 121
26570 83
26571 91
26572 101
26573 104
26574 97
26575 98
26576 108
26577 108
26578 117
26579 119
26580 88
26581 98
26582 99
26583 104
26584 106
26585 96
26586 99
26587 100
26588 103
26589 104
26590 105
26591 108
26592 102
26593 110
26594 115
26595 103
26596 107
26597 109
26598 101
26599 79
26600 82
26601 88
26602 98
26603 102
26604 105
26605 109
26606 115
26607 120
26608 112
26609 117
26610 105
26611 107
26612 109
26613 101
26614 106
26615 114
26616 112
26617 105
26618 93
26619 102
26620 90
26621 94
26622 94
26623 96
26624 99
26625 101
26626 106
26627 115
26628 116
26629 89
26630 90
26631 94
26632 103
26633 106
26634 115
26635 106
26636 107
26637 114
26638 101
26639 110
26640 109
26641 110
26642 119
26643 117
26644 124
26645 128
26646 107
26647 117
26648 124
26649 113
26650 107
26651 115
26652 105
26653 109
26654 110
26655 111
26656 106
26657 112
26658 114
26659 115
26660 123
26661 97
26662 101
26663 103
26664 113
26665 116
26666 116
26667 111
26668 105
26669 112
26670 116
26671 95
26672 100
26673 103
26674 92
26675 101
26676 104
26677 58
26678 65
26679 69
26680 72
26681 78
26682 80
26683 88
26684 94
26685 100
26686 101
26687 105
26688 112
26689 117
26690 109
26691 115
26692 125
26693 127
26694 135
26695 112
26696 117
26697 99
26698 108
26699 109
26700 94
26701 99
26702 108
26703 88
26704 89
26705 97
26706 98
26707 101
26708 102
26709 102
26710 106
26711 81
26712 67
26713 73
26714 75
26715 83
26716 79
26717 72
26718 82
26719 89
26720 97
26721 96
26722 105
26723 108
26724 114
26725 118
26726 82
26727 88
26728 91
26729 95
26730 103
26731 113
26732 118
26733 126
26734 121
26735 127
26736 108
26737 118
26738 124
26739 126
26740 92
26741 99
26742 107
26743 111
26744 112
26745 116
26746 118
26747 68
26748 69
26749 73
26750 80
26751 88
26752 94
26753 94
26754 99
26755 103
26756 99
26757 104
26758 109
26759 103
26760 105
26761 102
26762 94
26763 95
26764 94
26765 99
26766 103
26767 99
26768 109
26769 119
26770 129
26771 122
26772 132
26773 113
26774 106
26775 106
26776 64
26777 72
26778 79
26779 81
26780 83
26781 84
26782 86
26783 92
26784 96
26785 98
26786 102
26787 105
26788 114
26789 117
26790 124
26791 97
26792 92
26793 102
26794 103
26795 110
26796 120
26797 122
26798 128
26799 111
26800 85
26801 95
26802 89
26803 91
26804 101
26805 104
26806 114
26807 117
26808 118
26809 80
26810 82
26811 83
26812 91
26813 92
26814 102
26815 106
26816 116
26817 120
26818 118
26819 125
26820 128
26821 117
26822 89
26823 95
26824 99
26825 104
26826 104
26827 114
26828 107
26829 114
26830 120
26831 98
26832 105
26833 97
26834 104
26835 99
26836 104
26837 110
26838 116
26839 116
26840 83
26841 92
26842 101
26843 104
26844 102
26845 104
26846 109
26847 110
26848 111
26849 112
26850 114
26851 101
26852 103
26853 91
26854 98
26855 99
26856 103
26857 111
26858 121
26859 94
26860 104
26861 105
26862 114
26863 119
26864 99
26865 103
26866 107
26867 105
26868 109
26869 108
26870 109
26871 101
26872 82
26873 84
26874 89
26875 99
26876 101
26877 107
26878 112
26879 113
26880 123
26881 117
26882 119
26883 121
26884 127
26885 135
26886 137
26887 100
26888 102
26889 110
26890 113
26891 117
26892 124
26893 116
26894 114
26895 100
26896 97
26897 105
26898 115
26899 123
26900 125
26901 109
26902 112
26903 107
26904 114
26905 123
26906 79
26907 83
26908 92
26909 97
26910 104
26911 113
26912 123
26913 74
26914 81
26915 86
26916 95
26917 103
26918 91
26919 95
26920 101
26921 105
26922 113
26923 99
26924 103
26925 106
26926 111
26927 121
26928 126
26929 129
26930 83
26931 87
26932 88
26933 91
26934 79
26935 80
26936 90
26937 93
26938 98
26939 103
26940 101
26941 107
26942 78
26943 79
26944 87
26945 88
26946 91
26947 98
26948 96
26949 75
26950 80
26951 81
26952 88
26953 93
26954 96
26955 100
26956 110
26957 117
26958 121
26959 111
26960 116
26961 117
26962 110
26963 116
26964 124
26965 95
26966 96
26967 100
26968 104
26969 83
26970 91
26971 92
26972 98
26973 102
26974 87
26975 95
26976 99
26977 109
26978 110
26979 88
26980 98
26981 99
26982 102
26983 108
26984 99
26985 101
26986 108
26987 115
26988 104
26989 96
26990 100
26991 105
26992 112
26993 108
26994 101
26995 105
26996 95
26997 96
26998 73
26999 74
27000 83
27001 93
27002 97
27003 106
27004 94
27005 98
27006 104
27007 112
27008 118
27009 95
27010 96
27011 97
27012 102
27013 104
27014 80
27015 88
27016 90
27017 94
27018 96
27019 102
27020 105
27021 103
27022 110
27023 117
27024 103
27025 113
27026 86
27027 94
27028 98
27029 104
27030 111
27031 120
27032 123
27033 113
27034 81
27035 87
27036 89
27037 87
27038 97
27039 98
27040 100
27041 104
27042 109
27043 98
27044 99
27045 104
27046 105
27047 108
27048 98
27049 93
27050 90
27051 94
27052 99
27053 107
27054 114
27055 121
27056 129
27057 118
27058 127
27059 131
27060 98
27061 101
27062 102
27063 69
27064 79
27065 81
27066 84
27067 86
27068 88
27069 95
27070 100
27071 108
27072 112
27073 118
27074 73
27075 76
27076 77
27077 80
27078 86
27079 92
27080 99
27081 100
27082 102
27083 106
27084 107
27085 93
27086 100
27087 107
27088 116
27089 94
27090 103
27091 108
27092 105
27093 113
27094 123
27095 126
27096 133
27097 108
27098 113
27099 113
27100 123
27101 128
27102 111
27103 96
27104 91
27105 94
27106 96
27107 104
27108 108
27109 112
27110 121
27111 118
27112 122
27113 94
27114 96
27115 105
27116 74
27117 78
27118 83
27119 91
27120 95
27121 104
27122 101
27123 105
27124 113
27125 96
27126 104
27127 110
27128 99
27129 102
27130 90
27131 91
27132 74
27133 83
27134 93
27135 102
27136 102
27137 111
27138 121
27139 123
27140 62
27141 71
27142 80
27143 77
27144 85
27145 89
27146 96
27147 106
27148 84
27149 91
27150 98
27151 87
27152 97
27153 104
27154 112
27155 100
27156 107
27157 110
27158 112
27159 88
27160 92
27161 98
27162 99
27163 107
27164 110
27165 119
27166 74
27167 83
27168 87
27169 91
27170 95
27171 97
27172 88
27173 91
27174 88
27175 96
27176 98
27177 108
27178 109
27179 96
27180 92
27181 97
27182 102
27183 83
27184 85
27185 94
27186 94
27187 102
27188 112
27189 120
27190 124
27191 98
27192 107
27193 98
27194 108
27195 99
27196 107
27197 109
27198 115
27199 116
27200 124
27201 126
27202 123
27203 99
27204 108
27205 114
27206 120
27207 120
27208 111
27209 114
27210 117
27211 125
27212 129
27213 105
27214 109
27215 111
27216 105
27217 114
27218 110
27219 118
27220 107
27221 114
27222 87
27223 91
27224 96
27225 104
27226 114
27227 115
27228 101
27229 103
27230 106
27231 103
27232 107
27233 76
27234 77
27235 79
27236 87
27237 94
27238 104
27239 97
27240 104
27241 111
27242 102
27243 109
27244 115
27245 123
27246 110
27247 111
27248 114
27249 72
27250 81
27251 82
27252 85
27253 95
27254 102
27255 104
27256 98
27257 103
27258 108
27259 106
27260 112
27261 111
27262 103
27263 109
27264 112
27265 114
27266 101
27267 99
27268 82
27269 83
27270 84
27271 86
27272 87
27273 93
27274 103
27275 98
27276 106
27277 89
27278 93
27279 101
27280 103
27281 110
27282 98
27283 99
27284 103
27285 107
27286 117
27287 125
27288 134
27289 116
27290 105
27291 112
27292 112
27293 118
27294 120
27295 112
27296 86
27297 94
27298 97
27299 102
27300 89
27301 96
27302 100
27303 108
27304 111
27305 111
27306 120
27307 89
27308 95
27309 87
27310 92
27311 76
27312 77
27313 80
27314 82
27315 91
27316 93
27317 96
27318 91
27319 94
27320 101
27321 104
27322 114
27323 119
27324 124
27325 127
27326 99
27327 101
27328 108
27329 111
27330 118
27331 128
27332 123
27333 91
27334 97
27335 84
27336 84
27337 87
27338 97
27339 105
27340 109
27341 119
27342 124
27343 110
27344 112
27345 122
27346 106
27347 101
27348 107
27349 111
27350 94
27351 100
27352 108
27353 90
27354 91
27355 93
27356 98
27357 104
27358 105
27359 109
27360 108
27361 108
27362 98
27363 105
27364 115
27365 124
27366 109
27367 111
27368 114
27369 118
27370 116
27371 121
27372 68
27373 78
27374 85
27375 91
27376 80
27377 86
27378 88
27379 91
27380 95
27381 97
27382 104
27383 110
27384 116
27385 126
27386 113
27387 120
27388 103
27389 102
27390 111
27391 116
27392 123
27393 126
27394 112
27395 117
27396 127
27397 106
27398 116
27399 123
27400 130
27401 113
27402 88
27403 94
27404 95
27405 101
27406 102
27407 108
27408 98
27409 103
27410 106
27411 107
27412 108
27413 111
27414 88
27415 95
27416 104
27417 112
27418 122
27419 127
27420 135
27421 115
27422 122
27423 110
27424 114
27425 118
27426 124
27427 104
27428 105
27429 110
27430 113
27431 105
27432 115
27433 93
27434 97
27435 98
27436 104
27437 108
27438 104
27439 93
27440 98
27441 63
27442 65
27443 70
27444 80
27445 83
27446 89
27447 97
27448 105
27449 111
27450 91
27451 100
27452 107
27453 111
27454 107
27455 95
27456 98
27457 106
27458 113
27459 115
27460 124
27461 93
27462 96
27463 100
27464 102
27465 69
27466 78
27467 83
27468 92
27469 94
27470 100
27471 91
27472 99
27473 101
27474 111
27475 103
27476 104
27477 94
27478 103
27479 98
27480 96
27481 94
27482 103
27483 104
27484 108
27485 88
27486 97
27487 103
27488 107
27489 92
27490 102
27491 108
27492 87
27493 85
27494 87
27495 68
27496 71
27497 72
27498 82
27499 87
27500 88
27501 85
27502 82
27503 85
27504 92
27505 94
27506 100
27507 106
27508 86
27509 78
27510 87
27511 89
27512 95
27513 103
27514 113
27515 117
27516 124
27517 72
27518 75
27519 82
27520 87
27521 94
27522 97
27523 102
27524 105
27525 105
27526 107
27527 110
27528 119
27529 104
27530 105
27531 86
27532 77
27533 84
27534 93
27535 98
27536 101
27537 102
27538 100
27539 109
27540 119
27541 125
27542 109
27543 112
27544 115
27545 119
27546 99
27547 100
27548 109
27549 115
27550 118
27551 128
27552 130
27553 107
27554 88
27555 91
27556 97
27557 99
27558 98
27559 99
27560 100
27561 104
27562 103
27563 105
27564 115
27565 117
27566 124
27567 132
27568 89
27569 93
27570 98
27571 104
27572 107
27573 89
27574 95
27575 70
27576 72
27577 74
27578 83
27579 89
27580 93
27581 52
27582 59
27583 66
27584 75
27585 77
27586 78
27587 82
27588 92
27589 92
27590 98
27591 95
27592 92
27593 94
27594 102
27595 110
27596 117
27597 121
27598 125
27599 131
27600 114
27601 121
27602 96
27603 102
27604 112
27605 117
27606 90
27607 97
27608 106
27609 107
27610 111
27611 116
27612 121
27613 129
27614 130
27615 136
27616 74
27617 77
27618 86
27619 92
27620 98
27621 99
27622 102
27623 104
27624 113
27625 84
27626 87
27627 92
27628 95
27629 96
27630 87
27631 94
27632 99
27633 101
27634 102
27635 106
27636 110
27637 111
27638 112
27639 121
27640 112
27641 116
27642 118
27643 127
27644 111
27645 109
27646 119
27647 129
27648 95
27649 100
27650 95
27651 101
27652 111
27653 116
27654 115
27655 119
27656 93
27657 97
27658 101
27659 107
27660 95
27661 98
27662 106
27663 94
27664 100
27665 106
27666 95
27667 100
27668 103
27669 110
27670 111
27671 112
27672 122
27673 102
27674 109
27675 117
27676 99
27677 106
27678 108
27679 115
27680 84
27681 92
27682 100
27683 108
27684 118
27685 112
27686 91
27687 96
27688 104
27689 105
27690 96
27691 98
27692 103
27693 111
27694 119
27695 125
27696 129
27697 116
27698 120
27699 130
27700 104
27701 106
27702 111
27703 59
27704 69
27705 72
27706 77
27707 86
27708 87
27709 83
27710 90
27711 97
27712 98
27713 93
27714 98
27715 107
27716 114
27717 115
27718 122
27719 101
27720 111
27721 121
27722 116
27723 124
27724 104
27725 109
27726 113
27727 121
27728 124
27729 129
27730 130
27731 136
27732 140
27733 141
27734 150
27735 160
27736 110
27737 113
27738 121
27739 129
27740 137
27741 115
27742 93
27743 100
27744 103
27745 108
27746 118
27747 124
27748 98
27749 107
27750 94
27751 96
27752 101
27753 107
27754 117
27755 93
27756 95
27757 98
27758 100
27759 104
27760 109
27761 90
27762 95
27763 96
27764 98
27765 82
27766 91
27767 100
27768 103
27769 107
27770 113
27771 123
27772 107
27773 86
27774 87
27775 94
27776 96
27777 106
27778 114
27779 109
27780 110
27781 99
27782 106
27783 99
27784 107
27785 97
27786 84
27787 90
27788 96
27789 90
27790 96
27791 99
27792 102
27793 77
27794 85
27795 93
27796 98
27797 99
27798 102
27799 107
27800 106
27801 110
27802 111
27803 113
27804 61
27805 67
27806 77
27807 84
27808 89
27809 79
27810 89
27811 94
27812 101
27813 111
27814 113
27815 121
27816 123
27817 125
27818 134
27819 142
27820 106
27821 111
27822 113
27823 119
27824 120
27825 98
27826 106
27827 114
27828 118
27829 85
27830 86
27831 87
27832 88
27833 97
27834 95
27835 102
27836 111
27837 107
27838 112
27839 119
27840 82
27841 88
27842 89
27843 91
27844 92
27845 96
27846 102
27847 97
27848 99
27849 108
27850 111
27851 119
27852 125
27853 126
27854 78
27855 85
27856 79
27857 86
27858 89
27859 95
27860 103
27861 111
27862 118
27863 120
27864 124
27865 131
27866 101
27867 105
27868 95
27869 96
27870 105
27871 108
27872 110
27873 111
27874 105
27875 113
27876 118
27877 124
27878 125
27879 118
27880 100
27881 105
27882 109
27883 113
27884 107
27885 111
27886 116
27887 119
27888 121
27889 126
27890 108
27891 61
27892 63
27893 71
27894 80
27895 88
27896 90
27897 94
27898 102
27899 108
27900 112
27901 106
27902 115
27903 122
27904 132
27905 138
27906 111
27907 104
27908 108
27909 112
27910 99
27911 102
27912 104
27913 106
27914 110
27915 120
27916 112
27917 118
27918 110
27919 112
27920 117
27921 112
27922 118
27923 123
27924 133
27925 121
27926 96
27927 104
27928 114
27929 119
27930 80
27931 85
27932 87
27933 94
27934 97
27935 100
27936 105
27937 101
27938 74
27939 83
27940 93
27941 95
27942 101
27943 102
27944 103
27945 103
27946 106
27947 108
27948 116
27949 117
27950 127
27951 100
27952 86
27953 91
27954 98
27955 108
27956 113
27957 118
27958 127
27959 132
27960 134
27961 93
27962 101
27963 110
27964 81
27965 89
27966 90
27967 85
27968 92
27969 99
27970 102
27971 77
27972 85
27973 89
27974 96
27975 96
27976 100
27977 104
27978 114
27979 117
27980 99
27981 80
27982 90
27983 91
27984 98
27985 100
27986 108
27987 94
27988 96
27989 99
27990 105
27991 95
27992 100
27993 78
27994 79
27995 85
27996 86
27997 91
27998 101
27999 104
28000 109
28001 114
28002 113
28003 120
28004 111
28005 121
28006 79
28007 84
28008 93
28009 93
28010 101
28011 108
28012 116
28013 124
28014 127
28015 107
28016 114
28017 121
28018 117
28019 127
28020 137
28021 125
28022 107
28023 114
28024 100
28025 109
28026 105
28027 109
28028 119
28029 125
28030 100
28031 101
28032 102
28033 107
28034 114
28035 104
28036 86
28037 96
28038 92
28039 100
28040 110
28041 118
28042 92
28043 99
28044 107
28045 115
28046 106
28047 109
28048 72
28049 75
28050 84
28051 90
28052 96
28053 79
28054 80
28055 85
28056 87
28057 89
28058 95
28059 103
28060 110
28061 106
28062 114
28063 123
28064 117
28065 126
28066 127
28067 133
28068 82
28069 91
28070 100
28071 108
28072 112
28073 113
28074 107
28075 111
28076 117
28077 119
28078 110
28079 111
28080 111
28081 113
28082 86
28083 94
28084 99
28085 101
28086 103
28087 109
28088 111
28089 77
28090 84
28091 86
28092 91
28093 100
28094 104
28095 107
28096 101
28097 107
28098 113
28099 121
28100 82
28101 88
28102 96
28103 100
28104 101
28105 102
28106 109
28107 110
28108 115
28109 111
28110 120
28111 120
28112 123
28113 104
28114 99
28115 101
28116 111
28117 96
28118 104
28119 91
28120 99
28121 102
28122 109
28123 106
28124 108
28125 99
28126 103
28127 111
28128 120
28129 125
28130 135
28131 88
28132 93
28133 98
28134 99
28135 105
28136 100
28137 105
28138 113
28139 123
28140 131
28141 67
28142 72
28143 82
28144 67
28145 71
28146 74
28147 75
28148 79
28149 80
28150 86
28151 89
28152 99
28153 105
28154 112
28155 110
28156 106
28157 115
28158 108
28159 111
28160 104
28161 113
28162 120
28163 130
28164 138
28165 93
28166 96
28167 102
28168 109
28169 117
28170 110
28171 59
28172 61
28173 66
28174 73
28175 78
28176 85
28177 94
28178 103
28179 105
28180 106
28181 105
28182 109
28183 112
28184 119
28185 126
28186 131
28187 101
28188 104
28189 109
28190 98
28191 104
28192 96
28193 99
28194 100
28195 101
28196 105
28197 109
28198 112
28199 115
28200 58
28201 68
28202 77
28203 79
28204 81
28205 86
28206 89
28207 99
28208 101
28209 90
28210 87
28211 94
28212 98
28213 102
28214 106
28215 104
28216 113
28217 123
28218 80
28219 81
28220 91
28221 92
28222 93
28223 99
28224 107
28225 95
28226 93
28227 96
28228 101
28229 107
28230 107
28231 98
28232 99
28233 74
28234 75
28235 78
28236 88
28237 96
28238 102
28239 111
28240 114
28241 106
28242 111
28243 113
28244 115
28245 121
28246 126
28247 109
28248 117
28249 123
28250 105
28251 111
28252 112
28253 118
28254 126
28255 97
28256 107
28257 80
28258 86
28259 94
28260 91
28261 96
28262 102
28263 105
28264 107
28265 100
28266 110
28267 116
28268 125
28269 125
28270 92
28271 97
28272 98
28273 106
28274 109
28275 110
28276 113
28277 119
28278 103
28279 107
28280 114
28281 92
28282 93
28283 92
28284 99
28285 108
28286 99
28287 108
28288 116
28289 120
28290 73
28291 77
28292 81
28293 89
28294 91
28295 94
28296 96
28297 105
28298 106
28299 112
28300 111
28301 76
28302 77
28303 87
28304 97
28305 99
28306 105
28307 114
28308 115
28309 98
28310 101
28311 82
28312 88
28313 92
28314 96
28315 103
28316 106
28317 110
28318 112
28319 117
28320 84
28321 91
28322 92
28323 100
28324 104
28325 105
28326 108
28327 91
28328 100
28329 107
28330 110
28331 102
28332 110
28333 118
28334 123
28335 125
28336 129
28337 137
28338 140
28339 145
28340 106
28341 62
28342 64
28343 65
28344 74
28345 79
28346 83
28347 93
28348 93
28349 94
28350 103
28351 105
28352 103
28353 106
28354 107
28355 114
28356 112
28357 119
28358 121
28359 101
28360 102
28361 109
28362 104
28363 98
28364 100
28365 105
28366 114
28367 123
28368 133
28369 137
28370 146
28371 103
28372 109
28373 107
28374 113
28375 81
28376 86
28377 88
28378 97
28379 104
28380 114
28381 91
28382 96
28383 101
28384 103
28385 109
28386 110
28387 118
28388 109
28389 89
28390 97
28391 103
28392 104
28393 112
28394 100
28395 105
28396 55
28397 56
28398 64
28399 70
28400 73
28401 77
28402 85
28403 91
28404 90
28405 94
28406 97
28407 100
28408 88
28409 90
28410 100
28411 104
28412 95
28413 63
28414 72
28415 78
28416 79
28417 82
28418 89
28419 90
28420 92
28421 93
28422 101
28423 90
28424 100
28425 99
28426 101
28427 103
28428 112
28429 93
28430 91
28431 95
28432 104
28433 111
28434 119
28435 109
28436 112
28437 120
28438 88
28439 98
28440 85
28441 93
28442 99
28443 106
28444 114
28445 116
28446 89
28447 93
28448 102
28449 103
28450 113
28451 123
28452 130
28453 137
28454 144
28455 110
28456 112
28457 92
28458 94
28459 103
28460 112
28461 117
28462 118
28463 85
28464 94
28465 96
28466 104
28467 105
28468 111
28469 88
28470 96
28471 102
28472 104
28473 102
28474 97
28475 99
28476 107
28477 107
28478 117
28479 101
28480 104
28481 100
28482 110
28483 118
28484 120
28485 121
28486 107
28487 102
28488 103
28489 109
28490 99
28491 67
28492 68
28493 76
28494 79
28495 81
28496 84
28497 91
28498 92
28499 101
28500 102
28501 97
28502 100
28503 105
28504 108
28505 111
28506 115
28507 44
28508 52
28509 62
28510 72
28511 80
28512 83
28513 85
28514 91
28515 92
28516 100
28517 103
28518 110
28519 120
28520 121
28521 98
28522 80
28523 87
28524 89
28525 97
28526 98
28527 99
28528 106
28529 111
28530 105
28531 108
28532 82
28533 90
28534 96
28535 102
28536 91
28537 95
28538 98
28539 85
28540 89
28541 90
28542 98
28543 99
28544 102
28545 107
28546 115
28547 108
28548 112
28549 116
28550 75
28551 79
28552 79
28553 83
28554 92
28555 99
28556 103
28557 113
28558 98
28559 81
28560 91
28561 95
28562 95
28563 97
28564 104
28565 104
28566 111
28567 115
28568 108
28569 110
28570 111
28571 117
28572 118
28573 97
28574 107
28575 108
28576 113
28577 119
28578 93
28579 94
28580 97
28581 103
28582 103
28583 106
28584 98
28585 102
28586 105
28587 115
28588 124
28589 110
28590 108
28591 87
28592 97
28593 98
28594 99
28595 106
28596 100
28597 105
28598 57
28599 66
28600 68
28601 77
28602 85
28603 92
28604 95
28605 104
28606 91
28607 99
28608 100
28609 95
28610 105
28611 107
28612 107
28613 113
28614 119
28615 124
28616 108
28617 88
28618 88
28619 87
28620 90
28621 94
28622 100
28623 104
28624 105
28625 95
28626 105
28627 105
28628 114
28629 119
28630 124
28631 134
28632 106
28633 107
28634 65
28635 74
28636 76
28637 80
28638 82
28639 88
28640 94
28641 101
28642 103
28643 111
28644 116
28645 120
28646 120
28647 114
28648 85
28649 90
28650 97
28651 105
28652 109
28653 104
28654 111
28655 117
28656 114
28657 121
28658 92
28659 97
28660 103
28661 107
28662 114
28663 117
28664 127
28665 103
28666 105
28667 106
28668 114
28669 120
28670 124
28671 118
28672 106
28673 103
28674 101
28675 110
28676 104
28677 107
28678 83
28679 88
28680 92
28681 100
28682 105
28683 87
28684 97
28685 96
28686 105
28687 86
28688 88
28689 92
28690 97
28691 100
28692 104
28693 112
28694 105
28695 106
28696 116
28697 122
28698 124
28699 129
28700 138
28701 148
28702 99
28703 100
28704 108
28705 105
28706 104
28707 105
28708 112
28709 114
28710 120
28711 126
28712 109
28713 114
28714 121
28715 110
28716 115
28717 103
28718 104
28719 103
28720 104
28721 114
28722 116
28723 125
28724 130
28725 118
28726 119
28727 97
28728 48
28729 51
28730 55
28731 63
28732 65
28733 70
28734 71
28735 74
28736 77
28737 82
28738 89
28739 92
28740 100
28741 103
28742 113
28743 120
28744 126
28745 133
28746 134
28747 117
28748 122
28749 129
28750 133
28751 102
28752 106
28753 107
28754 93
28755 97
28756 82
28757 88
28758 96
28759 97
28760 106
28761 116
28762 118
28763 114
28764 102
28765 112
28766 97
28767 104
28768 109
28769 96
28770 99
28771 103
28772 108
28773 94
28774 95
28775 85
28776 85
28777 89
28778 97
28779 98
28780 99
28781 85
28782 89
28783 95
28784 101
28785 103
28786 88
28787 92
28788 100
28789 108
28790 80
28791 90
28792 93
28793 97
28794 104
28795 114
28796 115
28797 120
28798 126
28799 134
28800 138
28801 146
28802 153
28803 114
28804 121
28805 101
28806 103
28807 109
28808 87
28809 90
28810 92
28811 95
28812 97
28813 101
28814 106
28815 107
28816 112
28817 114
28818 80
28819 81
28820 90
28821 92
28822 93
28823 100
28824 108
28825 94
28826 96
28827 65
28828 67
28829 72
28830 81
28831 90
28832 90
28833 95
28834 97
28835 98
28836 104
28837 113
28838 85
28839 93
28840 99
28841 101
28842 108
28843 109
28844 116
28845 124
28846 86
28847 94
28848 85
28849 94
28850 102
28851 93
28852 100
28853 110
28854 88
28855 92
28856 94
28857 100
28858 107
28859 67
28860 77
28861 79
28862 86
28863 96
28864 83
28865 87
28866 92
28867 99
28868 105
28869 114
28870 98
28871 100
28872 101
28873 104
28874 72
28875 74
28876 76
28877 85
28878 92
28879 95
28880 101
28881 104
28882 112
28883 117
28884 120
28885 104
28886 107
28887 101
28888 102
28889 105
28890 112
28891 104
28892 93
28893 99
28894 100
28895 79
28896 80
28897 84
28898 88
28899 94
28900 103
28901 109
28902 82
28903 85
28904 90
28905 92
28906 80
28907 85
28908 88
28909 94
28910 100
28911 103
28912 108
28913 112
28914 113
28915 123
28916 114
28917 121
28918 103
28919 101
28920 95
28921 97
28922 106
28923 112
28924 117
28925 115
28926 115
28927 77
28928 87
28929 94
28930 100
28931 106
28932 109
28933 109
28934 112
28935 110
28936 115
28937 118
28938 101
28939 102
28940 109
28941 113
28942 116
28943 99
28944 96
28945 101
28946 106
28947 96
28948 98
28949 73
28950 78
28951 80
28952 88
28953 61
28954 62
28955 70
28956 80
28957 85
28958 93
28959 96
28960 99
28961 97
28962 98
28963 105
28964 113
28965 121
28966 128
28967 114
28968 97
28969 101
28970 103
28971 110
28972 113
28973 109
28974 110
28975 115
28976 98
28977 102
28978 103
28979 108
28980 117
28981 90
28982 92
28983 100
28984 105
28985 108
28986 109
28987 111
28988 114
28989 85
28990 88
28991 92
28992 93
28993 100
28994 109
28995 93
28996 100
28997 89
28998 99
28999 100
29000 109
29001 114
29002 118
29003 96
29004 98
29005 96
29006 103
29007 110
29008 114
29009 123
29010 73
29011 74
29012 83
29013 87
29014 90
29015 92
29016 84
29017 85
29018 93
29019 102
29020 105
29021 104
29022 108
29023 90
29024 100
29025 108
29026 115
29027 71
29028 77
29029 86
29030 95
29031 104
29032 114
29033 103
29034 106
29035 115
29036 116
29037 119
29038 129
29039 137
29040 125
29041 104
29042 104
29043 85
29044 87
29045 90
29046 96
29047 99
29048 106
29049 110
29050 114
29051 115
29052 112
29053 102
29054 111
29055 95
29056 101
29057 106
29058 116
29059 124
29060 108
29061 91
29062 95
29063 104
29064 112
29065 102
29066 110
29067 96
29068 105
29069 69
29070 71
29071 73
29072 77
29073 83
29074 91
29075 97
29076 105
29077 95
29078 84
29079 85
29080 87
29081 96
29082 105
29083 107
29084 110
29085 116
29086 122
29087 124
29088 109
29089 119
29090 109
29091 106
29092 110
29093 91
29094 87
29095 94
29096 98
29097 97
29098 103
29099 108
29100 94
29101 103
29102 109
29103 98
29104 96
29105 97
29106 99
29107 107
29108 110
29109 116
29110 100
29111 105
29112 115
29113 122
29114 70
29115 78
29116 86
29117 96
29118 98
29119 99
29120 97
29121 102
29122 106
29123 115
29124 101
29125 106
29126 110
29127 112
29128 116
29129 71
29130 72
29131 74
29132 75
29133 80
29134 81
29135 82
29136 91
29137 99
29138 105
29139 110
29140 108
29141 116
29142 61
29143 68
29144 70
29145 76
29146 77
29147 69
29148 78
29149 67
29150 71
29151 76
29152 86
29153 95
29154 97
29155 102
29156 111
29157 118
29158 117
29159 95
29160 104
29161 112
29162 114
29163 114
29164 123
29165 62
29166 71
29167 76
29168 83
29169 91
29170 99
29171 87
29172 89
29173 98
29174 90
29175 100
29176 103
29177 109
29178 113
29179 117
29180 123
29181 124
29182 78
29183 84
29184 87
29185 89
29186 92
29187 91
29188 101
29189 108
29190 114
29191 110
29192 101
29193 102
29194 108
29195 112
29196 118
29197 93
29198 97
29199 107
29200 91
29201 94
29202 97
29203 105
29204 112
29205 117
29206 120
29207 101
29208 106
29209 112
29210 122
29211 124
29212 86
29213 92
29214 95
29215 87
29216 94
29217 101
29218 84
29219 88
29220 95
29221 87
29222 89
29223 94
29224 102
29225 108
29226 118
29227 126
29228 104
29229 110
29230 72
29231 80
29232 87
29233 87
29234 94
29235 101
29236 105
29237 103
29238 95
29239 96
29240 97
29241 102
29242 107
29243 109
29244 113
29245 103
29246 106
29247 109
29248 75
29249 79
29250 85
29251 94
29252 102
29253 109
29254 115
29255 121
29256 113
29257 115
29258 119
29259 117
29260 126
29261 115
29262 120
29263 106
29264 116
29265 120
29266 124
29267 133
29268 123
29269 128
29270 115
29271 121
29272 122
29273 96
29274 106
29275 107
29276 112
29277 118
29278 124
29279 89
29280 96
29281 103
29282 109
29283 118
29284 117
29285 84
29286 92
29287 93
29288 97
29289 87
29290 89
29291 83
29292 57
29293 61
29294 68
29295 76
29296 81
29297 85
29298 94
29299 97
29300 106
29301 108
29302 113
29303 117
29304 95
29305 101
29306 71
29307 72
29308 74
29309 79
29310 82
29311 91
29312 96
29313 87
29314 89
29315 97
29316 99
29317 103
29318 110
29319 83
29320 89
29321 92
29322 102
29323 68
29324 75
29325 82
29326 89
29327 95
29328 71
29329 78
29330 86
29331 93
29332 88
29333 92
29334 100
29335 101
29336 79
29337 89
29338 99
29339 107
29340 90
29341 98
29342 100
29343 103
29344 113
29345 117
29346 90
29347 87
29348 93
29349 97
29350 105
29351 87
29352 96
29353 91
29354 93
29355 99
29356 108
29357 111
29358 117
29359 123
29360 112
29361 118
29362 122
29363 90
29364 98
29365 101
29366 76
29367 80
29368 81
29369 88
29370 97
29371 65
29372 71
29373 72
29374 76
29375 85
29376 91
29377 95
29378 99
29379 103
29380 87
29381 96
29382 83
29383 87
29384 89
29385 92
29386 93
29387 96
29388 97
29389 100
29390 102
29391 112
29392 117
29393 106
29394 110
29395 117
29396 109
29397 111
29398 121
29399 124
29400 116
29401 121
29402 126
29403 117
29404 72
29405 82
29406 84
29407 87
29408 96
29409 97
29410 107
29411 112
29412 113
29413 117
29414 115
29415 116
29416 103
29417 108
29418 97
29419 107
29420 109
29421 111
29422 114
29423 118
29424 95
29425 105
29426 110
29427 115
29428 117
29429 125
29430 117
29431 83
29432 87
29433 92
29434 94
29435 97
29436 94
29437 103
29438 110
29439 115
29440 117
29441 123
29442 90
29443 100
29444 109
29445 114
29446 118
29447 125
29448 124
29449 105
29450 85
29451 88
29452 89
29453 92
29454 95
29455 105
29456 112
29457 114
29458 103
29459 108
29460 91
29461 94
29462 97
29463 99
29464 102
29465 110
29466 108
29467 108
29468 110
29469 89
29470 90
29471 94
29472 97
29473 99
29474 92
29475 102
29476 109
29477 117
29478 118
29479 121
29480 130
29481 130
29482 132
29483 138
29484 112
29485 95
29486 97
29487 102
29488 112
29489 117
29490 121
29491 131
29492 104
29493 85
29494 91
29495 98
29496 104
29497 98
29498 102
29499 90
29500 95
29501 100
29502 104
29503 112
29504 108
29505 111
29506 117
29507 124
29508 128
29509 137
29510 141
29511 147
29512 98
29513 96
29514 100
29515 109
29516 113
29517 116
29518 103
29519 105
29520 111
29521 112
29522 114
29523 96
29524 101
29525 51
29526 55
29527 62
29528 71
29529 72
29530 76
29531 82
29532 87
29533 93
29534 97
29535 101
29536 99
29537 109
29538 111
29539 118
29540 107
29541 89
29542 94
29543 99
29544 105
29545 106
29546 116
29547 120
29548 130
29549 114
29550 84
29551 85
29552 91
29553 100
29554 93
29555 95
29556 100
29557 101
29558 105
29559 107
29560 100
29561 102
29562 110
29563 111
29564 113
29565 121
29566 127
29567 98
29568 101
29569 109
29570 119
29571 84
29572 54
29573 57
29574 62
29575 64
29576 66
29577 76
29578 85
29579 90
29580 95
29581 101
29582 71
29583 77
29584 87
29585 88
29586 96
29587 105
29588 93
29589 100
29590 105
29591 112
29592 117
29593 100
29594 107
29595 114
29596 118
29597 81
29598 88
29599 94
29600 101
29601 105
29602 114
29603 117
29604 120
29605 125
29606 122
29607 97
29608 107
29609 102
29610 109
29611 82
29612 88
29613 90
29614 93
29615 99
29616 105
29617 110
29618 78
29619 85
29620 94
29621 83
29622 91
29623 83
29624 93
29625 93
29626 99
29627 109
29628 115
29629 82
29630 84
29631 88
29632 90
29633 98
29634 103
29635 90
29636 96
29637 102
29638 105
29639 40
29640 49
29641 58
29642 64
29643 71
29644 73
29645 76
29646 84
29647 85
29648 91
29649 100
29650 107
29651 90
29652 94
29653 101
29654 105
29655 110
29656 109
29657 117
29658 106
29659 103
29660 105
29661 110
29662 118
29663 93
29664 102
29665 107
29666 112
29667 115
29668 114
29669 122
29670 127
29671 116
29672 111
29673 114
29674 115
29675 118
29676 97
29677 102
29678 104
29679 103
29680 81
29681 82
29682 84
29683 91
29684 97
29685 92
29686 96
29687 105
29688 115
29689 101
29690 110
29691 114
29692 101
29693 104
29694 113
29695 122
29696 98
29697 104
29698 110
29699 116
29700 112
29701 115
29702 123
29703 133
29704 135
29705 96
29706 101
29707 110
29708 116
29709 125
29710 133
29711 90
29712 90
29713 88
29714 91
29715 96
29716 85
29717 94
29718 101
29719 105
29720 112
29721 109
29722 94
29723 99
29724 106
29725 108
29726 115
29727 74
29728 79
29729 87
29730 76
29731 80
29732 85
29733 87
29734 88
29735 91
29736 99
29737 107
29738 117
29739 123
29740 129
29741 91
29742 97
29743 92
29744 99
29745 103
29746 109
29747 78
29748 86
29749 89
29750 83
29751 87
29752 96
29753 100
29754 103
29755 108
29756 110
29757 114
29758 100
29759 106
29760 108
29761 109
29762 118
29763 120
29764 129
29765 121
29766 90
29767 98
29768 103
29769 99
29770 109
29771 101
29772 110
29773 106
29774 78
29775 83
29776 86
29777 87
29778 85
29779 89
29780 94
29781 95
29782 92
29783 94
29784 101
29785 103
29786 108
29787 113
29788 115
29789 116
29790 111
29791 116
29792 102
29793 105
29794 111
29795 113
29796 94
29797 80
29798 84
29799 90
29800 97
29801 107
29802 111
29803 114
29804 113
29805 114
29806 116
29807 125
29808 98
29809 105
29810 111
29811 120
29812 86
29813 93
29814 101
29815 108
29816 111
29817 93
29818 103
29819 89
29820 98
29821 107
29822 116
29823 126
29824 130
29825 112
29826 105
29827 110
29828 115
29829 123
29830 92
29831 98
29832 51
29833 58
29834 63
29835 69
29836 70
29837 75
29838 81
29839 87
29840 88
29841 93
29842 100
29843 105
29844 112
29845 120
29846 124
29847 116
29848 93
29849 101
29850 102
29851 99
29852 104
29853 114
29854 102
29855 106
29856 116
29857 121
29858 114
29859 112
29860 88
29861 94
29862 98
29863 106
29864 90
29865 93
29866 88
29867 98
29868 105
29869 111
29870 112
29871 118
29872 92
29873 98
29874 108
29875 114
29876 120
29877 100
29878 107
29879 113
29880 115
29881 120
29882 130
29883 137
29884 143
29885 127
29886 128
29887 71
29888 74
29889 77
29890 81
29891 87
29892 97
29893 107
29894 112
29895 121
29896 64
29897 67
29898 69
29899 73
29900 77
29901 80
29902 90
29903 98
29904 107
29905 97
29906 101
29907 106
29908 111
29909 100
29910 83
29911 87
29912 97
29913 106
29914 110
29915 116
29916 118
29917 77
29918 79
29919 85
29920 92
29921 102
29922 104
29923 107
29924 103
29925 111
29926 114
29927 97
29928 98
29929 101
29930 106
29931 106
29932 90
29933 92
29934 94
29935 89
29936 82
29937 90
29938 98
29939 79
29940 81
29941 82
29942 84
29943 87
29944 97
29945 101
29946 109
29947 113
29948 115
29949 119
29950 100
29951 107
29952 109
29953 117
29954 124
29955 125
29956 127
29957 130
29958 88
29959 93
29960 83
29961 91
29962 93
29963 100
29964 88
29965 89
29966 91
29967 92
29968 97
29969 91
29970 99
29971 56
29972 62
29973 67
29974 74
29975 78
29976 79
29977 81
29978 82
29979 90
29980 94
29981 86
29982 88
29983 81
29984 85
29985 95
29986 100
29987 101
29988 103
29989 108
29990 107
29991 104
29992 114
29993 121
29994 131
29995 133
29996 136
29997 103
29998 108
29999 111
30000 113
30001 120
30002 88
30003 92
30004 96
30005 104
30006 107
30007 112
30008 100
30009 105
30010 111
30011 117
30012 110
30013 113
30014 107
30015 92
30016 95
30017 96
30018 100
30019 105
30020 109
30021 117
30022 124
30023 114
30024 118
30025 113
30026 99
30027 107
30028 109
30029 114
30030 111
30031 121
30032 131
30033 114
30034 104
30035 111
30036 121
30037 126
30038 79
30039 83
30040 91
30041 96
30042 104
30043 107
30044 117
30045 74
30046 78
30047 83
30048 92
30049 94
30050 96
30051 92
30052 100
30053 103
30054 107
30055 115
30056 120
30057 125
30058 100
30059 102
30060 110
30061 74
30062 84
30063 86
30064 87
30065 97
30066 100
30067 101
30068 103
30069 99
30070 104
30071 112
30072 106
30073 109
30074 110
30075 114
30076 115
30077 110
30078 111
30079 112
30080 120
30081 129
30082 134
30083 136
30084 119
30085 123
30086 128
30087 101
30088 103
30089 111
30090 117
30091 127
30092 118
30093 122
30094 127
30095 114
30096 95
30097 80
30098 87
30099 90
30100 95
30101 103
30102 91
30103 98
30104 107
30105 94
30106 95
30107 98
30108 95
30109 96
30110 97
30111 101
30112 102
30113 110
30114 96
30115 99
30116 91
30117 94
30118 102
30119 110
30120 115
30121 87
30122 95
30123 98
30124 102
30125 109
30126 115
30127 83
30128 76
30129 84
30130 94
30131 96
30132 105
30133 107
30134 82
30135 86
30136 90
30137 96
30138 102
30139 105
30140 107
30141 111
30142 103
30143 105
30144 107
30145 112
30146 92
30147 97
30148 99
30149 105
30150 113
30151 123
30152 114
30153 117
30154 99
30155 109
30156 83
30157 85
30158 88
30159 75
30160 85
30161 95
30162 88
30163 95
30164 100
30165 109
30166 105
30167 106
30168 98
30169 94
30170 98
30171 102
30172 105
30173 107
30174 108
30175 112
30176 119
30177 84
30178 94
30179 104
30180 110
30181 95
30182 97
30183 105
30184 112
30185 117
30186 125
30187 94
30188 101
30189 102
30190 89
30191 98
30192 100
30193 106
30194 113
30195 115
30196 122
30197 123
30198 117
30199 100
30200 106
30201 93
30202 99
30203 109
30204 119
30205 126
30206 127
30207 130
30208 139
30209 125
30210 135
30211 120
30212 126
30213 131
30214 113
30215 111
30216 112
30217 73
30218 82
30219 83
30220 84
30221 88
30222 92
30223 98
30224 106
30225 100
30226 105
30227 113
30228 117
30229 124
30230 89
30231 97
30232 99
30233 100
30234 106
30235 116
30236 126
30237 134
30238 135
30239 132
30240 141
30241 147
30242 105
30243 108
30244 76
30245 85
30246 41
30247 48
30248 53
30249 58
30250 60
30251 68
30252 77
30253 87
30254 93
30255 101
30256 92
30257 101
30258 97
30259 107
30260 114
30261 96
30262 100
30263 83
30264 89
30265 93
30266 99
30267 109
30268 113
30269 119
30270 128
30271 131
30272 137
30273 144
30274 102
30275 109
30276 111
30277 112
30278 116
30279 123
30280 101
30281 103
30282 106
30283 108
30284 88
30285 89
30286 96
30287 98
30288 108
30289 116
30290 113
30291 109
30292 110
30293 100
30294 108
30295 88
30296 95
30297 97
30298 86
30299 92
30300 94
30301 99
30302 101
30303 75
30304 78
30305 79
30306 83
30307 89
30308 97
30309 102
30310 105
30311 112
30312 115
30313 107
30314 111
30315 112
30316 117
30317 107
30318 109
30319 115
30320 119
30321 111
30322 77
30323 86
30324 91
30325 92
30326 97
30327 99
30328 107
30329 111
30330 89
30331 94
30332 97
30333 104
30334 113
30335 65
30336 72
30337 80
30338 82
30339 83
30340 92
30341 98
30342 106
30343 111
30344 113
30345 116
30346 122
30347 92
30348 94
30349 92
30350 100
30351 106
30352 90
30353 92
30354 93
30355 99
30356 100
30357 108
30358 114
30359 117
30360 127
30361 121
30362 123
30363 133
30364 142
30365 100
30366 107
30367 108
30368 114
30369 119
30370 123
30371 112
30372 122
30373 113
30374 93
30375 101
30376 71
30377 73
30378 82
30379 85
30380 90
30381 98
30382 96
30383 102
30384 104
30385 108
30386 116
30387 101
30388 109
30389 101
30390 100
30391 102
30392 92
30393 95
30394 104
30395 108
30396 111
30397 80
30398 80
30399 83
30400 85
30401 94
30402 98
30403 104
30404 110
30405 120
30406 107
30407 113
30408 120
30409 124
30410 132
30411 135
30412 141
30413 121
30414 101
30415 109
30416 98
30417 100
30418 67
30419 76
30420 84
30421 91
30422 99
30423 102
30424 104
30425 106
30426 109
30427 116
30428 118
30429 90
30430 99
30431 96
30432 95
30433 97
30434 103
30435 109
30436 108
30437 109
30438 116
30439 109
30440 94
30441 96
30442 97
30443 103
30444 104
30445 111
30446 108
30447 112
30448 121
30449 123
30450 100
30451 91
30452 97
30453 98
30454 107
30455 112
30456 94
30457 98
30458 99
30459 83
30460 93
30461 98
30462 90
30463 92
30464 99
30465 107
30466 110
30467 83
30468 84
30469 88
30470 98
30471 98
30472 104
30473 109
30474 92
30475 100
30476 106
30477 116
30478 116
30479 104
30480 108
30481 118
30482 127
30483 95
30484 103
30485 88
30486 90
30487 95
30488 99
30489 83
30490 90
30491 92
30492 92
30493 99
30494 107
30495 109
30496 113
30497 114
30498 119
30499 77
30500 85
30501 94
30502 103
30503 104
30504 114
30505 105
30506 106
30507 114
30508 115
30509 123
30510 123
30511 116
30512 124
30513 98
30514 100
30515 107
30516 116
30517 123
30518 78
30519 80
30520 84
30521 87
30522 92
30523 91
30524 100
30525 105
30526 112
30527 113
30528 120
30529 109
30530 89
30531 91
30532 100
30533 109
30534 116
30535 102
30536 96
30537 99
30538 104
30539 99
30540 102
30541 109
30542 111
30543 118
30544 127
30545 113
30546 119
30547 121
30548 124
30549 128
30550 92
30551 93
30552 95
30553 104
30554 100
30555 104
30556 113
30557 118
30558 90
30559 81
30560 87
30561 89
30562 97
30563 103
30564 111
30565 113
30566 97
30567 98
30568 100
30569 101
30570 105
30571 93
30572 99
30573 100
30574 101
30575 85
30576 84
30577 90
30578 99
30579 102
30580 104
30581 90
30582 74
30583 77
30584 82
30585 84
30586 89
30587 93
30588 103
30589 111
30590 116
30591 119
30592 129
30593 109
30594 85
30595 91
30596 100
30597 105
30598 89
30599 99
30600 107
30601 107
30602 101
30603 111
30604 112
30605 122
30606 131
30607 107
30608 114
30609 105
30610 62
30611 65
30612 68
30613 75
30614 80
30615 81
30616 87
30617 95
30618 96
30619 97
30620 107
30621 91
30622 94
30623 104
30624 114
30625 110
30626 120
30627 127
30628 86
30629 94
30630 104
30631 111
30632 120
30633 109
30634 91
30635 97
30636 95
30637 96
30638 97
30639 105
30640 90
30641 93
30642 101
30643 109
30644 110
30645 107
30646 117
30647 121
30648 99
30649 107
30650 115
30651 117
30652 63
30653 65
30654 66
30655 74
30656 80
30657 86
30658 92
30659 93
30660 50
30661 51
30662 56
30663 57
30664 60
30665 69
30666 77
30667 79
30668 85
30669 87
30670 95
30671 92
30672 95
30673 101
30674 110
30675 110
30676 116
30677 93
30678 98
30679 101
30680 102
30681 104
30682 110
30683 108
30684 89
30685 96
30686 104
30687 112
30688 122
30689 99
30690 102
30691 104
30692 79
30693 82
30694 90
30695 92
30696 101
30697 96
30698 103
30699 100
30700 108
30701 107
30702 108
30703 116
30704 117
30705 119
30706 69
30707 74
30708 77
30709 78
30710 81
30711 85
30712 89
30713 96
30714 101
30715 109
30716 117
30717 110
30718 94
30719 98
30720 103
30721 105
30722 89
30723 90
30724 95
30725 104
30726 114
30727 117
30728 123
30729 109
30730 111
30731 118
30732 81
30733 91
30734 100
30735 107
30736 94
30737 95
30738 103
30739 112
30740 95
30741 96
30742 106
30743 112
30744 106
30745 114
30746 116
30747 94
30748 99
30749 101
30750 102
30751 99
30752 103
30753 108
30754 109
30755 110
30756 108
30757 111
30758 85
30759 87
30760 90
30761 94
30762 104
30763 106
30764 110
30765 94
30766 98
30767 105
30768 66
30769 67
30770 70
30771 73
30772 83
30773 84
30774 94
30775 96
30776 103
30777 109
30778 118
30779 126
30780 133
30781 102
30782 80
30783 89
30784 88
30785 92
30786 101
30787 105
30788 106
30789 111
30790 114
30791 116
30792 96
30793 105
30794 115
30795 123
30796 114
30797 84
30798 94
30799 95
30800 97
30801 85
30802 86
30803 93
30804 103
30805 112
30806 114
30807 115
30808 85
30809 89
30810 92
30811 95
30812 83
30813 92
30814 99
30815 98
30816 106
30817 111
30818 121
30819 79
30820 84
30821 91
30822 99
30823 107
30824 110
30825 111
30826 116
30827 96
30828 99
30829 102
30830 103
30831 109
30832 103
30833 84
30834 89
30835 92
30836 100
30837 103
30838 104
30839 110
30840 105
30841 89
30842 95
30843 103
30844 105
30845 73
30846 78
30847 85
30848 92
30849 98
30850 104
30851 108
30852 116
30853 120
30854 124
30855 97
30856 104
30857 110
30858 118
30859 127
30860 108
30861 115
30862 119
30863 120
30864 108
30865 109
30866 113
30867 108
30868 117
30869 88
30870 89
30871 79
30872 88
30873 95
30874 85
30875 90
30876 95
30877 103
30878 104
30879 112
30880 118
30881 105
30882 108
30883 110
30884 120
30885 127
30886 104
30887 90
30888 95
30889 100
30890 102
30891 106
30892 111
30893 112
30894 118
30895 102
30896 102
30897 97
30898 104
30899 111
30900 117
30901 124
30902 92
30903 92
30904 100
30905 104
30906 108
30907 94
30908 96
30909 102
30910 109
30911 111
30912 110
30913 116
30914 126
30915 135
30916 143
30917 42
30918 44
30919 49
30920 50
30921 60
30922 64
30923 66
30924 74
30925 84
30926 93
30927 94
30928 93
30929 101
30930 111
30931 114
30932 119
30933 120
30934 93
30935 79
30936 84
30937 93
30938 93
30939 100
30940 108
30941 110
30942 103
30943 110
30944 119
30945 118
30946 119
30947 126
30948 88
30949 95
30950 100
30951 103
30952 110
30953 86
30954 89
30955 97
30956 104
30957 99
30958 106
30959 98
30960 100
30961 98
30962 105
30963 67
30964 76
30965 85
30966 89
30967 91
30968 97
30969 101
30970 103
30971 104
30972 78
30973 81
30974 85
30975 86
30976 90
30977 100
30978 102
30979 84
30980 86
30981 89
30982 92
30983 102
30984 112
30985 120
30986 98
30987 100
30988 108
30989 114
30990 113
30991 123
30992 93
30993 97
30994 95
30995 68
30996 63
30997 64
30998 66
30999 71
31000 74
31001 80
31002 89
31003 98
31004 102
31005 104
31006 111
31007 116
31008 96
31009 102
31010 66
31011 70
31012 80
31013 89
31014 93
31015 102
31016 109
31017 114
31018 105
31019 106
31020 114
31021 120
31022 107
31023 113
31024 115
31025 99
31026 103
31027 107
31028 111
31029 113
31030 120
31031 122
31032 131
31033 111
31034 109
31035 96
31036 102
31037 106
31038 107
31039 75
31040 81
31041 91
31042 96
31043 104
31044 104
31045 108
31046 112
31047 88
31048 92
31049 83
31050 91
31051 91
31052 97
31053 99
31054 66
31055 71
31056 78
31057 81
31058 89
31059 92
31060 78
31061 82
31062 86
31063 87
31064 95
31065 100
31066 99
31067 76
31068 80
31069 89
31070 91
31071 92
31072 96
31073 98
31074 103
31075 106
31076 116
31077 117
31078 123
31079 96
31080 93
31081 97
31082 100
31083 102
31084 104
31085 108
31086 110
31087 116
31088 89
31089 96
31090 105
31091 108
31092 115
31093 105
31094 101
31095 103
31096 106
31097 111
31098 106
31099 110
31100 91
31101 76
31102 78
31103 80
31104 81
31105 84
31106 93
31107 100
31108 108
31109 97
31110 104
31111 108
31112 116
31113 122
31114 128
31115 107
31116 110
31117 79
31118 84
31119 91
31120 94
31121 99
31122 104
31123 98
31124 107
31125 113
31126 90
31127 91
31128 95
31129 97
31130 99
31131 100
31132 107
31133 111
31134 92
31135 93
31136 103
31137 77
31138 86
31139 92
31140 96
31141 98
31142 94
31143 99
31144 100
31145 101
31146 104
31147 99
31148 104
31149 102
31150 97
31151 105
31152 111
31153 116
31154 116
31155 126
31156 83
31157 85
31158 71
31159 78
31160 70
31161 70
31162 79
31163 75
31164 77
31165 80
31166 89
31167 94
31168 92
31169 95
31170 102
31171 104
31172 84
31173 86
31174 87
31175 93
31176 95
31177 98
31178 104
31179 110
31180 115
31181 125
31182 127
31183 110
31184 119
31185 116
31186 118
31187 90
31188 85
31189 91
31190 93
31191 99
31192 106
31193 115
31194 123
31195 116
31196 106
31197 83
31198 92
31199 99
31200 86
31201 93
31202 102
31203 110
31204 118
31205 95
31206 99
31207 58
31208 62
31209 65
31210 72
31211 76
31212 83
31213 27
31214 30
31215 36
31216 42
31217 46
31218 53
31219 57
31220 67
31221 77
31222 84
31223 85
31224 91
31225 95
31226 100
31227 106
31228 101
31229 103
31230 105
31231 110
31232 114
31233 117
31234 125
31235 126
31236 66
31237 67
31238 70
31239 72
31240 75
31241 82
31242 92
31243 99
31244 106
31245 107
31246 89
31247 91
31248 92
31249 97
31250 100
31251 92
31252 99
31253 82
31254 85
31255 60
31256 66
31257 74
31258 83
31259 84
31260 87
31261 97
31262 99
31263 108
31264 117
31265 125
31266 134
31267 120
31268 103
31269 106
31270 111
31271 106
31272 84
31273 90
31274 100
31275 108
31276 114
31277 95
31278 97
31279 99
31280 108
31281 117
31282 112
31283 95
31284 103
31285 105
31286 87
31287 92
31288 99
31289 108
31290 118
31291 84
31292 86
31293 94
31294 104
31295 106
31296 106
31297 99
31298 105
31299 111
31300 121
31301 120
31302 127
31303 135
31304 138
31305 140
31306 110
31307 114
31308 97
31309 100
31310 109
31311 114
31312 77
31313 81
31314 84
31315 88
31316 89
31317 95
31318 98
31319 91
31320 93
31321 89
31322 91
31323 94
31324 93
31325 43
31326 49
31327 54
31328 56
31329 57
31330 66
31331 67
31332 68
31333 73
31334 79
31335 84
31336 93
31337 103
31338 93
31339 102
31340 99
31341 100
31342 104
31343 102
31344 104
31345 114
31346 117
31347 119
31348 124
31349 99
31350 94
31351 104
31352 106
31353 109
31354 93
31355 100
31356 103
31357 104
31358 112
31359 116
31360 90
31361 99
31362 105
31363 114
31364 90
31365 98
31366 103
31367 111
31368 113
31369 121
31370 128
31371 124
31372 64
31373 69
31374 79
31375 84
31376 94
31377 102
31378 106
31379 115
31380 117
31381 118
31382 120
31383 92
31384 98
31385 108
31386 88
31387 95
31388 93
31389 97
31390 103
31391 108
31392 116
31393 126
31394 132
31395 115
31396 98
31397 62
31398 64
31399 72
31400 74
31401 75
31402 82
31403 87
31404 90
31405 93
31406 95
31407 96
31408 98
31409 108
31410 61
31411 71
31412 69
31413 77
31414 84
31415 79
31416 87
31417 91
31418 100
31419 101
31420 76
31421 79
31422 86
31423 92
31424 102
31425 100
31426 96
31427 104
31428 106
31429 113
31430 106
31431 114
31432 92
31433 95
31434 102
31435 106
31436 111
31437 98
31438 74
31439 79
31440 80
31441 84
31442 94
31443 102
31444 111
31445 117
31446 82
31447 82
31448 91
31449 97
31450 101
31451 109
31452 110
31453 115
31454 117
31455 120
31456 127
31457 107
31458 116
31459 118
31460 121
31461 126
31462 106
31463 116
31464 88
31465 91
31466 99
31467 100
31468 104
31469 108
31470 110
31471 107
31472 108
31473 85
31474 95
31475 97
31476 99
31477 85
31478 87
31479 94
31480 104
31481 108
31482 113
31483 120
31484 127
31485 113
31486 93
31487 97
31488 103
31489 108
31490 109
31491 87
31492 89
31493 93
31494 96
31495 99
31496 107
31497 117
31498 114
31499 109
31500 109
31501 69
31502 75
31503 83
31504 85
31505 86
31506 89
31507 96
31508 104
31509 109
31510 104
31511 114
31512 123
31513 133
31514 139
31515 124
31516 133
31517 131
31518 118
31519 98
31520 108
31521 112
31522 121
31523 130
31524 110
31525 118
31526 121
31527 123
31528 117
31529 123
31530 130
31531 94
31532 99
31533 108
31534 81
31535 88
31536 93
31537 101
31538 108
31539 109
31540 99
31541 104
31542 108
31543 109
31544 110
31545 104
31546 114
31547 116
31548 121
31549 130
31550 110
31551 115
31552 108
31553 118
31554 122
31555 111
31556 112
31557 94
31558 102
31559 96
31560 97
31561 101
31562 105
31563 107
31564 113
31565 119
31566 125
31567 114
31568 116
31569 91
31570 98
31571 102
31572 104
31573 106
31574 110
31575 111
31576 113
31577 98
31578 107
31579 115
31580 99
31581 106
31582 108
31583 100
31584 92
31585 99
31586 108
31587 117
31588 121
31589 127
31590 126
31591 136
31592 99
31593 96
31594 74
31595 76
31596 80
31597 88
31598 89
31599 96
31600 102
31601 105
31602 111
31603 114
31604 119
31605 125
31606 130
31607 124
31608 108
31609 107
31610 95
31611 99
31612 104
31613 110
31614 114
31615 121
31616 93
31617 99
31618 109
31619 86
31620 95
31621 102
31622 103
31623 100
31624 109
31625 102
31626 106
31627 110
31628 111
31629 83
31630 89
31631 94
31632 104
31633 104
31634 111
31635 111
31636 121
31637 116
31638 98
31639 100
31640 103
31641 111
31642 113
31643 122
31644 130
31645 136
31646 120
31647 123
31648 133
31649 91
31650 94
31651 102
31652 112
31653 111
31654 114
31655 113
31656 120
31657 124
31658 133
31659 93
31660 99
31661 107
31662 108
31663 114
31664 90
31665 94
31666 87
31667 94
31668 98
31669 99
31670 105
31671 112
31672 76
31673 83
31674 86
31675 93
31676 103
31677 113
31678 116
31679 125
31680 126
31681 99
31682 104
31683 105
31684 86
31685 92
31686 97
31687 104
31688 107
31689 115
31690 122
31691 127
31692 126
31693 133
31694 135
31695 132
31696 117
31697 100
31698 110
31699 115
31700 114
31701 95
31702 102
31703 105
31704 113
31705 115
31706 124
31707 99
31708 100
31709 103
31710 104
31711 105
31712 107
31713 112
31714 120
31715 121
31716 126
31717 132
31718 129
31719 132
31720 101
31721 98
31722 105
31723 113
31724 114
31725 117
31726 124
31727 125
31728 72
31729 78
31730 83
31731 89
31732 94
31733 104
31734 106
31735 111
31736 103
31737 76
31738 77
31739 82
31740 83
31741 85
31742 87
31743 84
31744 92
31745 86
31746 96
31747 97
31748 107
31749 113
31750 101
31751 105
31752 97
31753 104
31754 104
31755 96
31756 105
31757 109
31758 102
31759 107
31760 111
31761 117
31762 123
31763 111
31764 116
31765 106
31766 115
31767 106
31768 109
31769 113
31770 122
31771 120
31772 122
31773 122
31774 125
31775 116
31776 122
31777 111
31778 112
31779 117
31780 123
31781 121
31782 112
31783 99
31784 103
31785 101
31786 106
31787 113
31788 122
31789 97
31790 102
31791 112
31792 115
31793 94
31794 97
31795 105
31796 111
31797 112
31798 99
31799 89
31800 97
31801 105
31802 106
31803 102
31804 105
31805 110
31806 115
31807 114
31808 123
31809 82
31810 91
31811 100
31812 101
31813 92
31814 102
31815 88
31816 89
31817 98
31818 103
31819 105
31820 113
31821 118
31822 87
31823 92
31824 102
31825 107
31826 91
31827 97
31828 89
31829 91
31830 92
31831 95
31832 97
31833 104
31834 105
31835 65
31836 69
31837 78
31838 86
31839 91
31840 98
31841 101
31842 106
31843 111
31844 117
31845 125
31846 134
31847 106
31848 115
31849 119
31850 101
31851 99
31852 103
31853 104
31854 98
31855 92
31856 101
31857 111
31858 116
31859 104
31860 110
31861 115
31862 100
31863 96
31864 95
31865 96
31866 97
31867 98
31868 101
31869 108
31870 109
31871 99
31872 54
31873 64
31874 70
31875 75
31876 80
31877 84
31878 85
31879 88
31880 97
31881 98
31882 100
31883 88
31884 96
31885 106
31886 110
31887 117
31888 123
31889 126
31890 122
31891 105
31892 107
31893 108
31894 111
31895 118
31896 93
31897 103
31898 110
31899 90
31900 92
31901 101
31902 103
31903 105
31904 106
31905 114
31906 121
31907 113
31908 121
31909 111
31910 108
31911 95
31912 103
31913 109
31914 112
31915 78
31916 81
31917 90
31918 99
31919 107
31920 117
31921 121
31922 109
31923 93
31924 94
31925 97
31926 105
31927 94
31928 97
31929 102
31930 85
31931 91
31932 92
31933 94
31934 95
31935 104
31936 86
31937 90
31938 95
31939 102
31940 103
31941 109
31942 97
31943 102
31944 105
31945 113
31946 75
31947 79
31948 83
31949 89
31950 74
31951 83
31952 89
31953 96
31954 99
31955 102
31956 105
31957 106
31958 106
31959 91
31960 98
31961 103
31962 105
31963 58
31964 67
31965 70
31966 78
31967 85
31968 94
31969 103
31970 110
31971 119
31972 120
31973 124
31974 128
31975 129
31976 131
31977 138
31978 146
31979 107
31980 102
31981 106
31982 108
31983 113
31984 117
31985 124
31986 129
31987 131
31988 113
31989 121
31990 121
31991 106
31992 112
31993 115
31994 125
31995 104
31996 105
31997 108
31998 81
31999 82
32000 87
32001 94
32002 97
32003 106
32004 115
32005 118
32006 103
32007 104
32008 112
32009 122
32010 129
32011 81
32012 85
32013 94
32014 102
32015 105
32016 115
32017 122
32018 106
32019 107
32020 83
32021 86
32022 94
32023 103
32024 113
32025 117
32026 119
32027 122
32028 131
32029 124
32030 88
32031 95
32032 90
32033 93
32034 96
32035 97
32036 101
32037 108
32038 74
32039 79
32040 81
32041 83
32042 84
32043 92
32044 97
32045 103
32046 104
32047 102
32048 107
32049 96
32050 105
32051 104
32052 107
32053 117
32054 120
32055 130
32056 94
32057 96
32058 99
32059 109
32060 110
32061 116
32062 101
32063 105
32064 110
32065 111
32066 115
32067 125
32068 113
32069 123
32070 123
32071 37
32072 43
32073 47
32074 50
32075 56
32076 60
32077 62
32078 68
32079 71
32080 77
32081 78
32082 80
32083 89
32084 93
32085 91
32086 93
32087 98
32088 90
32089 95
32090 82
32091 92
32092 99
32093 109
32094 112
32095 111
32096 117
32097 72
32098 76
32099 77
32100 83
32101 87
32102 92
32103 95
32104 105
32105 87
32106 88
32107 92
32108 102
32109 111
32110 108
32111 110
32112 114
32113 107
32114 108
32115 112
32116 113
32117 117
32118 77
32119 78
32120 85
32121 86
32122 89
32123 93
32124 97
32125 105
32126 112
32127 122
32128 124
32129 111
32130 87
32131 94
32132 102
32133 110
32134 74
32135 80
32136 76
32137 79
32138 86
32139 91
32140 79
32141 80
32142 83
32143 92
32144 102
32145 76
32146 79
32147 81
32148 84
32149 85
32150 89
32151 96
32152 98
32153 103
32154 110
32155 114
32156 116
32157 109
32158 112
32159 121
32160 118
32161 119
32162 111
32163 106
32164 109
32165 106
32166 113
32167 116
32168 126
32169 112
32170 117
32171 122
32172 109
32173 104
32174 90
32175 94
32176 102
32177 108
32178 118
32179 125
32180 126
32181 114
32182 95
32183 102
32184 106
32185 112
32186 121
32187 86
32188 95
32189 96
32190 97
32191 98
32192 106
32193 108
32194 112
32195 114
32196 102
32197 102
32198 112
32199 104
32200 108
32201 118
32202 117
32203 106
32204 109
32205 119
32206 122
32207 112
32208 118
32209 117
32210 94
32211 101
32212 105
32213 62
32214 66
32215 73
32216 81
32217 85
32218 91
32219 100
32220 63
32221 67
32222 68
32223 72
32224 74
32225 81
32226 89
32227 98
32228 108
32229 86
32230 93
32231 99
32232 86
32233 89
32234 94
32235 95
32236 104
32237 105
32238 111
32239 114
32240 118
32241 112
32242 108
32243 116
32244 89
32245 93
32246 68
32247 69
32248 74
32249 75
32250 76
32251 77
32252 87
32253 86
32254 89
32255 90
32256 94
32257 100
32258 107
32259 104
32260 98
32261 103
32262 104
32263 99
32264 102
32265 111
32266 113
32267 121
32268 129
32269 139
32270 113
32271 93
32272 103
32273 104
32274 112
32275 113
32276 117
32277 118
32278 118
32279 114
32280 110
32281 102
32282 107
32283 109
32284 118
32285 120
32286 122
32287 109
32288 116
32289 121
32290 131
32291 116
32292 100
32293 101
32294 104
32295 109
32296 113
32297 119
32298 102
32299 111
32300 110
32301 114
32302 119
32303 124
32304 120
32305 127
32306 119
32307 128
32308 130
32309 137
32310 104
32311 107
32312 91
32313 97
32314 105
32315 110
32316 111
32317 120
32318 100
32319 107
32320 117
32321 119
32322 122
32323 123
32324 129
32325 134
32326 138
32327 143
32328 106
32329 105
32330 109
32331 113
32332 92
32333 95
32334 98
32335 99
32336 98
32337 99
32338 109
32339 111
32340 110
32341 119
32342 127
32343 133
32344 135
32345 142
32346 108
32347 113
32348 113
32349 84
32350 86
32351 87
32352 71
32353 79
32354 85
32355 90
32356 99
32357 106
32358 88
32359 96
32360 97
32361 104
32362 108
32363 118
32364 124
32365 102
32366 102
32367 83
32368 88
32369 97
32370 103
32371 93
32372 103
32373 109
32374 95
32375 100
32376 110
32377 113
32378 109
32379 102
32380 106
32381 110
32382 111
32383 99
32384 106
32385 111
32386 119
32387 113
32388 107
32389 111
32390 78
32391 87
32392 93
32393 97
32394 104
32395 106
32396 109
32397 119
32398 85
32399 93
32400 97
32401 98
32402 106
32403 83
32404 93
32405 99
32406 94
32407 97
32408 98
32409 105
32410 110
32411 115
32412 122
32413 123
32414 128
32415 132
32416 114
32417 117
32418 123
32419 114
32420 106
32421 111
32422 114
32423 109
32424 77
32425 82
32426 88
32427 90
32428 98
32429 103
32430 104
32431 105
32432 107
32433 113
32434 114
32435 124
32436 126
32437 129
32438 130
32439 126
32440 93
32441 97
32442 94
32443 89
32444 99
32445 108
32446 109
32447 115
32448 88
32449 93
32450 97
32451 98
32452 106
32453 114
32454 119
32455 99
32456 64
32457 74
32458 77
32459 79
32460 80
32461 84
32462 93
32463 98
32464 107
32465 112
32466 121
32467 90
32468 88
32469 95
32470 98
32471 102
32472 110
32473 112
32474 102
32475 106
32476 56
32477 60
32478 69
32479 75
32480 81
32481 85
32482 86
32483 94
32484 95
32485 102
32486 108
32487 100
32488 110
32489 114
32490 78
32491 86
32492 95
32493 103
32494 108
32495 84
32496 88
32497 92
32498 102
32499 105
32500 94
32501 102
32502 103
32503 100
32504 75
32505 85
32506 95
32507 101
32508 105
32509 92
32510 101
32511 101
32512 103
32513 106
32514 113
32515 123
32516 98
32517 103
32518 112
32519 90
32520 85
32521 86
32522 96
32523 102
32524 81
32525 85
32526 86
32527 95
32528 101
32529 110
32530 110
32531 119
32532 112
32533 110
32534 116
32535 124
32536 133
32537 140
32538 114
32539 118
32540 122
32541 127
32542 130
32543 121
32544 124
32545 133
32546 118
32547 127
32548 137
32549 141
32550 113
32551 119
32552 124
32553 120
32554 126
32555 130
32556 97
32557 100
32558 103
32559 108
32560 69
32561 76
32562 82
32563 82
32564 85
32565 87
32566 92
32567 97
32568 94
32569 104
32570 105
32571 113
32572 121
32573 124
32574 81
32575 82
32576 83
32577 92
32578 101
32579 107
32580 78
32581 84
32582 89
32583 96
32584 97
32585 106
32586 115
32587 116
32588 116
32589 106
32590 94
32591 95
32592 105
32593 114
32594 115
32595 103
32596 105
32597 107
32598 111
32599 113
32600 122
32601 113
32602 109
32603 96
32604 98
32605 105
32606 109
32607 101
32608 106
32609 111
32610 119
32611 121
32612 103
32613 104
32614 112
32615 96
32616 99
32617 89
32618 99
32619 102
32620 103
32621 105
32622 110
32623 111
32624 115
32625 125
32626 134
32627 138
32628 139
32629 149
32630 152
32631 76
32632 86
32633 87
32634 91
32635 97
32636 99
32637 100
32638 106
32639 114
32640 115
32641 101
32642 102
32643 110
32644 116
32645 125
32646 117
32647 125
32648 110
32649 99
32650 101
32651 108
32652 116
32653 108
32654 110
32655 116
32656 124
32657 117
32658 115
32659 125
32660 128
32661 131
32662 140
32663 85
32664 87
32665 89
32666 95
32667 98
32668 101
32669 108
32670 109
32671 113
32672 115
32673 123
32674 86
32675 89
32676 93
32677 98
32678 104
32679 109
32680 66
32681 72
32682 80
32683 90
32684 98
32685 89
32686 95
32687 99
32688 100
32689 108
32690 109
32691 116
32692 111
32693 101
32694 104
32695 108
32696 118
32697 94
32698 100
32699 87
32700 90
32701 95
32702 102
32703 110
32704 90
32705 99
32706 101
32707 110
32708 115
32709 108
32710 108
32711 114
32712 109
32713 109
32714 114
32715 118
32716 122
32717 127
32718 134
32719 129
32720 130
32721 85
32722 88
32723 75
32724 76
32725 78
32726 82
32727 87
32728 89
32729 96
32730 106
32731 114
32732 114
32733 116
32734 91
32735 96
32736 100
32737 109
32738 117
32739 121
32740 95
32741 100
32742 110
32743 116
32744 125
32745 126
32746 112
32747 114
32748 119
32749 108
32750 112
32751 102
32752 108
32753 98
32754 101
32755 98
32756 108
32757 110
32758 118
32759 76
32760 77
32761 87
32762 94
32763 93
32764 89
32765 95
32766 102
32767 102
32768 104
32769 112
32770 115
32771 123
32772 103
32773 109
32774 119
32775 101
32776 104
32777 91
32778 96
32779 104
32780 105
32781 107
32782 109
32783 111
32784 114
32785 122
32786 129
32787 139
32788 142
32789 147
32790 154
32791 112
32792 121
32793 91
32794 100
32795 110
32796 118
32797 110
32798 111
32799 120
32800 89
32801 98
32802 105
32803 111
32804 113
32805 88
32806 95
32807 97
32808 102
32809 111
32810 112
32811 116
32812 121
32813 96
32814 35
32815 40
32816 45
32817 53
32818 56
32819 57
32820 67
32821 68
32822 78
32823 88
32824 97
32825 98
32826 91
32827 96
32828 98
32829 104
32830 112
32831 121
32832 97
32833 99
32834 101
32835 108
32836 101
32837 109
32838 111
32839 114
32840 115
32841 122
32842 130
32843 104
32844 107
32845 103
32846 105
32847 113
32848 107
32849 104
32850 113
32851 121
32852 124
32853 94
32854 96
32855 100
32856 101
32857 106
32858 85
32859 90
32860 89
32861 98
32862 102
32863 86
32864 95
32865 101
32866 90
32867 94
32868 102
32869 110
32870 118
32871 112
32872 108
32873 109
32874 102
32875 104
32876 108
32877 107
32878 88
32879 56
32880 66
32881 72
32882 76
32883 81
32884 90
32885 96
32886 101
32887 104
32888 114
32889 112
32890 119
32891 123
32892 129
32893 132
32894 109
32895 111
32896 100
32897 101
32898 89
32899 90
32900 99
32901 102
32902 107
32903 112
32904 114
32905 124
32906 126
32907 127
32908 132
32909 138
32910 145
32911 118
32912 97
32913 100
32914 105
32915 96
32916 105
32917 113
32918 121
32919 124
32920 128
32921 121
32922 125
32923 102
32924 94
32925 104
32926 110
32927 104
32928 110
32929 109
32930 114
32931 115
32932 112
32933 107
32934 116
32935 112
32936 106
32937 109
32938 111
32939 55
32940 58
32941 59
32942 63
32943 67
32944 74
32945 76
32946 85
32947 88
32948 94
32949 97
32950 102
32951 109
32952 105
32953 110
32954 120
32955 98
32956 101
32957 103
32958 108
32959 115
32960 117
32961 127
32962 88
32963 90
32964 94
32965 103
32966 113
32967 118
32968 117
32969 112
32970 78
32971 82
32972 86
32973 90
32974 91
32975 95
32976 99
32977 101
32978 104
32979 89
32980 93
32981 99
32982 82
32983 91
32984 92
32985 95
32986 97
32987 93
32988 103
32989 111
32990 120
32991 102
32992 109
32993 100
32994 109
32995 119
32996 122
32997 110
32998 119
32999 122
33000 100
33001 108
33002 108
33003 109
33004 103
33005 105
33006 109
33007 113
33008 116
33009 117
33010 121
33011 130
33012 138
33013 106
33014 111
33015 86
33016 88
33017 91
33018 97
33019 99
33020 106
33021 97
33022 99
33023 100
33024 103
33025 100
33026 105
33027 92
33028 100
33029 102
33030 112
33031 104
33032 113
33033 78
33034 82
33035 85
33036 74
33037 75
33038 83
33039 86
33040 94
33041 101
33042 110
33043 118
33044 101
33045 103
33046 100
33047 102
33048 105
33049 111
33050 96
33051 101
33052 110
33053 119
33054 117
33055 100
33056 101
33057 103
33058 86
33059 89
33060 95
33061 99
33062 98
33063 108
33064 116
33065 118
33066 107
33067 108
33068 111
33069 108
33070 106
33071 112
33072 115
33073 80
33074 87
33075 95
33076 97
33077 107
33078 116
33079 104
33080 106
33081 107
33082 115
33083 116
33084 118
33085 120
33086 124
33087 132
33088 97
33089 107
33090 117
33091 120
33092 98
33093 99
33094 99
33095 102
33096 108
33097 116
33098 98
33099 108
33100 96
33101 97
33102 97
33103 102
33104 70
33105 72
33106 82
33107 85
33108 95
33109 100
33110 106
33111 108
33112 106
33113 113
33114 91
33115 75
33116 79
33117 80
33118 85
33119 86
33120 89
33121 95
33122 100
33123 107
33124 115
33125 101
33126 105
33127 104
33128 113
33129 102
33130 108
33131 101
33132 109
33133 85
33134 93
33135 94
33136 101
33137 105
33138 104
33139 104
33140 114
33141 121
33142 129
33143 75
33144 77
33145 78
33146 80
33147 89
33148 67
33149 72
33150 76
33151 82
33152 87
33153 95
33154 101
33155 105
33156 107
33157 115
33158 108
33159 110
33160 113
33161 118
33162 114
33163 120
33164 102
33165 103
33166 107
33167 112
33168 118
33169 102
33170 98
33171 102
33172 105
33173 107
33174 78
33175 79
33176 81
33177 83
33178 91
33179 98
33180 104
33181 105
33182 107
33183 113
33184 77
33185 79
33186 85
33187 93
33188 103
33189 108
33190 116
33191 89
33192 92
33193 97
33194 101
33195 104
33196 85
33197 93
33198 95
33199 105
33200 111
33201 91
33202 74
33203 76
33204 82
33205 92
33206 93
33207 103
33208 87
33209 89
33210 95
33211 103
33212 109
33213 113
33214 114
33215 124
33216 92
33217 101
33218 105
33219 103
33220 109
33221 105
33222 113
33223 101
33224 103
33225 104
33226 103
33227 107
33228 109
33229 116
33230 99
33231 102
33232 108
33233 78
33234 83
33235 90
33236 98
33237 94
33238 100
33239 109
33240 115
33241 101
33242 103
33243 111
33244 117
33245 123
33246 102
33247 105
33248 107
33249 116
33250 99
33251 100
33252 108
33253 101
33254 103
33255 105
33256 96
33257 101
33258 109
33259 83
33260 86
33261 87
33262 89
33263 98
33264 92
33265 95
33266 103
33267 111
33268 111
33269 118
33270 112
33271 87
33272 89
33273 98
33274 99
33275 105
33276 110
33277 118
33278 89
33279 94
33280 100
33281 103
33282 108
33283 118
33284 94
33285 104
33286 91
33287 95
33288 105
33289 115
33290 125
33291 135
33292 105
33293 108
33294 110
33295 115
33296 114
33297 98
33298 100
33299 109
33300 105
33301 112
33302 122
33303 115
33304 119
33305 120
33306 125
33307 132
33308 103
33309 108
33310 109
33311 84
33312 93
33313 102
33314 112
33315 99
33316 109
33317 111
33318 108
33319 110
33320 114
33321 113
33322 115
33323 119
33324 121
33325 117
33326 118
33327 127
33328 98
33329 99
33330 101
33331 109
33332 108
33333 109
33334 98
33335 91
33336 100
33337 108
33338 110
33339 98
33340 106
33341 100
33342 106
33343 111
33344 105
33345 110
33346 95
33347 99
33348 102
33349 105
33350 111
33351 116
33352 114
33353 106
33354 115
33355 119
33356 125
33357 129
33358 138
33359 147
33360 131
33361 133
33362 108
33363 109
33364 119
33365 127
33366 131
33367 103
33368 111
33369 95
33370 96
33371 91
33372 101
33373 103
33374 104
33375 108
33376 101
33377 103
33378 108
33379 113
33380 119
33381 123
33382 118
33383 123
33384 78
33385 81
33386 83
33387 91
33388 93
33389 102
33390 104
33391 101
33392 86
33393 90
33394 92
33395 98
33396 101
33397 104
33398 109
33399 118
33400 99
33401 89
33402 96
33403 106
33404 103
33405 92
33406 98
33407 100
33408 107
33409 84
33410 91
33411 92
33412 95
33413 100
33414 102
33415 107
33416 93
33417 102
33418 108
33419 118
33420 115
33421 81
33422 89
33423 96
33424 105
33425 115
33426 119
33427 99
33428 95
33429 99
33430 102
33431 110
33432 120
33433 127
33434 129
33435 138
33436 114
33437 85
33438 93
33439 98
33440 93
33441 98
33442 106
33443 112
33444 97
33445 99
33446 104
33447 112
33448 113
33449 110
33450 58
33451 62
33452 69
33453 75
33454 79
33455 83
33456 84
33457 87
33458 88
33459 93
33460 103
33461 101
33462 108
33463 101
33464 109
33465 89
33466 92
33467 96
33468 97
33469 100
33470 107
33471 112
33472 93
33473 80
33474 86
33475 87
33476 96
33477 97
33478 100
33479 106
33480 106
33481 110
33482 101
33483 111
33484 104
33485 114
33486 118
33487 83
33488 92
33489 92
33490 100
33491 103
33492 95
33493 97
33494 98
33495 98
33496 107
33497 116
33498 126
33499 110
33500 114
33501 122
33502 108
33503 112
33504 122
33505 83
33506 87
33507 94
33508 99
33509 109
33510 113
33511 116
33512 114
33513 122
33514 126
33515 134
33516 143
33517 122
33518 101
33519 83
33520 88
33521 94
33522 96
33523 101
33524 107
33525 117
33526 107
33527 91
33528 96
33529 101
33530 110
33531 104
33532 111
33533 120
33534 124
33535 133
33536 130
33537 95
33538 96
33539 98
33540 106
33541 111
33542 115
33543 83
33544 88
33545 95
33546 96
33547 99
33548 102
33549 107
33550 109
33551 110
33552 120
33553 122
33554 128
33555 137
33556 112
33557 107
33558 114
33559 121
33560 115
33561 108
33562 110
33563 98
33564 101
33565 111
33566 113
33567 122
33568 125
33569 86
33570 90
33571 90
33572 93
33573 98
33574 103
33575 106
33576 97
33577 104
33578 102
33579 110
33580 107
33581 116
33582 120
33583 107
33584 103
33585 113
33586 87
33587 87
33588 97
33589 102
33590 104
33591 106
33592 108
33593 116
33594 94
33595 101
33596 108
33597 115
33598 76
33599 78
33600 83
33601 85
33602 74
33603 75
33604 51
33605 59
33606 61
33607 62
33608 63
33609 68
33610 76
33611 77
33612 78
33613 88
33614 89
33615 98
33616 100
33617 104
33618 110
33619 112
33620 109
33621 112
33622 119
33623 127
33624 130
33625 131
33626 137
33627 101
33628 105
33629 112
33630 99
33631 100
33632 97
33633 85
33634 87
33635 94
33636 98
33637 107
33638 95
33639 99
33640 100
33641 94
33642 100
33643 103
33644 92
33645 99
33646 108
33647 115
33648 122
33649 131
33650 135
33651 73
33652 83
33653 93
33654 94
33655 98
33656 65
33657 72
33658 78
33659 79
33660 81
33661 90
33662 94
33663 104
33664 113
33665 102
33666 103
33667 69
33668 79
33669 85
33670 86
33671 91
33672 100
33673 108
33674 88
33675 96
33676 101
33677 87
33678 95
33679 98
33680 99
33681 90
33682 100
33683 97
33684 102
33685 105
33686 78
33687 86
33688 94
33689 103
33690 106
33691 100
33692 102
33693 112
33694 92
33695 93
33696 100
33697 103
33698 105
33699 115
33700 118
33701 125
33702 133
33703 105
33704 115
33705 122
33706 124
33707 116
33708 103
33709 79
33710 83
33711 92
33712 94
33713 96
33714 98
33715 101
33716 104
33717 99
33718 106
33719 114
33720 86
33721 94
33722 97
33723 106
33724 116
33725 89
33726 94
33727 104
33728 106
33729 94
33730 104
33731 105
33732 106
33733 112
33734 118
33735 121
33736 128
33737 110
33738 91
33739 93
33740 82
33741 84
33742 90
33743 94
33744 97
33745 102
33746 105
33747 81
33748 83
33749 93
33750 96
33751 80
33752 89
33753 90
33754 93
33755 97
33756 98
33757 102
33758 104
33759 109
33760 113
33761 116
33762 86
33763 96
33764 106
33765 108
33766 98
33767 95
33768 101
33769 110
33770 118
33771 64
33772 68
33773 70
33774 71
33775 76
33776 86
33777 88
33778 97
33779 101
33780 104
33781 105
33782 105
33783 97
33784 49
33785 56
33786 63
33787 73
33788 82
33789 92
33790 100
33791 101
33792 99
33793 103
33794 106
33795 107
33796 113
33797 122
33798 126
33799 128
33800 132
33801 137
33802 140
33803 94
33804 97
33805 105
33806 104
33807 92
33808 97
33809 106
33810 93
33811 101
33812 103
33813 109
33814 73
33815 80
33816 84
33817 86
33818 90
33819 79
33820 85
33821 88
33822 87
33823 92
33824 97
33825 97
33826 89
33827 90
33828 99
33829 104
33830 94
33831 98
33832 99
33833 109
33834 97
33835 106
33836 110
33837 112
33838 91
33839 99
33840 108
33841 102
33842 112
33843 91
33844 99
33845 100
33846 110
33847 118
33848 117
33849 100
33850 104
33851 105
33852 108
33853 115
33854 117
33855 121
33856 123
33857 92
33858 72
33859 78
33860 84
33861 88
33862 94
33863 94
33864 86
33865 93
33866 99
33867 100
33868 102
33869 108
33870 116
33871 120
33872 75
33873 78
33874 85
33875 93
33876 99
33877 102
33878 69
33879 71
33880 75
33881 83
33882 84
33883 86
33884 93
33885 103
33886 107
33887 109
33888 97
33889 99
33890 107
33891 110
33892 97
33893 98
33894 103
33895 112
33896 99
33897 105
33898 107
33899 109
33900 110
33901 117
33902 112
33903 122
33904 87
33905 88
33906 90
33907 94
33908 98
33909 104
33910 106
33911 100
33912 94
33913 100
33914 89
33915 91
33916 97
33917 101
33918 100
33919 107
33920 105
33921 108
33922 114
33923 119
33924 124
33925 134
33926 88
33927 93
33928 100
33929 101
33930 105
33931 112
33932 96
33933 100
33934 105
33935 109
33936 110
33937 103
33938 62
33939 69
33940 77
33941 82
33942 89
33943 99
33944 106
33945 116
33946 126
33947 130
33948 104
33949 85
33950 89
33951 96
33952 102
33953 103
33954 109
33955 110
33956 115
33957 74
33958 79
33959 85
33960 87
33961 89
33962 94
33963 99
33964 104
33965 98
33966 107
33967 114
33968 117
33969 122
33970 94
33971 102
33972 103
33973 104
33974 98
33975 99
33976 105
33977 102
33978 104
33979 108
33980 113
33981 97
33982 105
33983 112
33984 120
33985 110
33986 115
33987 119
33988 111
33989 106
33990 116
33991 80
33992 81
33993 82
33994 87
33995 88
33996 92
33997 96
33998 104
33999 98
34000 107
34001 110
34002 96
34003 100
34004 103
34005 103
34006 110
34007 111
34008 112
34009 116
34010 117
34011 125
34012 135
34013 94
34014 96
34015 101
34016 102
34017 77
34018 80
34019 90
34020 90
34021 98
34022 100
34023 90
34024 61
34025 69
34026 78
34027 85
34028 91
34029 96
34030 104
34031 100
34032 78
34033 87
34034 96
34035 99
34036 106
34037 109
34038 107
34039 114
34040 116
34041 124
34042 115
34043 112
34044 90
34045 99
34046 105
34047 112
34048 107
34049 109
34050 111
34051 113
34052 114
34053 90
34054 93
34055 95
34056 100
34057 102
34058 110
34059 120
34060 126
34061 125
34062 130
34063 120
34064 109
34065 119
34066 124
34067 129
34068 106
34069 92
34070 81
34071 88
34072 95
34073 101
34074 96
34075 102
34076 108
34077 111
34078 113
34079 121
34080 116
34081 99
34082 104
34083 108
34084 102
34085 106
34086 114
34087 111
34088 70
34089 74
34090 76
34091 84
34092 88
34093 91
34094 83
34095 86
34096 92
34097 93
34098 103
34099 106
34100 107
34101 99
34102 105
34103 110
34104 117
34105 127
34106 129
34107 126
34108 133
34109 138
34110 112
34111 118
34112 88
34113 91
34114 96
34115 71
34116 81
34117 88
34118 78
34119 88
34120 95
34121 99
34122 101
34123 108
34124 117
34125 121
34126 123
34127 87
34128 89
34129 91
34130 98
34131 103
34132 113
34133 123
34134 111
34135 120
34136 124
34137 95
34138 101
34139 105
34140 97
34141 101
34142 103
34143 104
34144 113
34145 116
34146 107
34147 113
34148 115
34149 122
34150 130
34151 133
34152 118
34153 125
34154 126
34155 136
34156 100
34157 103
34158 100
34159 102
34160 109
34161 95
34162 101
34163 102
34164 109
34165 116
34166 124
34167 125
34168 89
34169 98
34170 104
34171 110
34172 79
34173 83
34174 89
34175 95
34176 103
34177 112
34178 117
34179 107
34180 112
34181 106
34182 98
34183 90
34184 100
34185 105
34186 111
34187 100
34188 105
34189 112
34190 104
34191 105
34192 109
34193 112
34194 122
34195 129
34196 121
34197 104
34198 92
34199 100
34200 108
34201 107
34202 110
34203 117
34204 120
34205 126
34206 127
34207 134
34208 136
34209 127
34210 120
34211 125
34212 114
34213 115
34214 116
34215 117
34216 121
34217 125
34218 130
34219 83
34220 92
34221 98
34222 96
34223 104
34224 89
34225 93
34226 100
34227 105
34228 109
34229 83
34230 88
34231 89
34232 91
34233 92
34234 94
34235 93
34236 87
34237 93
34238 100
34239 104
34240 96
34241 86
34242 93
34243 99
34244 93
34245 100
34246 103
34247 106
34248 107
34249 94
34250 100
34251 107
34252 117
34253 78
34254 80
34255 83
34256 89
34257 93
34258 94
34259 95
34260 103
34261 110
34262 118
34263 113
34264 121
34265 126
34266 131
34267 72
34268 73
34269 78
34270 80
34271 88
34272 92
34273 94
34274 96
34275 98
34276 101
34277 90
34278 94
34279 94
34280 100
34281 107
34282 117
34283 121
34284 114
34285 123
34286 100
34287 109
34288 110
34289 102
34290 104
34291 95
34292 98
34293 108
34294 112
34295 85
34296 86
34297 95
34298 100
34299 101
34300 107
34301 111
34302 110
34303 103
34304 113
34305 110
34306 95
34307 105
34308 115
34309 94
34310 95
34311 99
34312 101
34313 104
34314 112
34315 122
34316 120
34317 129
34318 100
34319 106
34320 108
34321 112
34322 117
34323 101
34324 102
34325 103
34326 87
34327 94
34328 91
34329 101
34330 103
34331 108
34332 110
34333 118
34334 124
34335 125
34336 104
34337 113
34338 97
34339 99
34340 107
34341 112
34342 108
34343 108
34344 96
34345 103
34346 113
34347 115
34348 103
34349 107
34350 100
34351 110
34352 100
34353 105
34354 110
34355 98
34356 100
34357 105
34358 115
34359 102
34360 109
34361 115
34362 121
34363 130
34364 100
34365 103
34366 109
34367 115
34368 76
34369 82
34370 92
34371 101
34372 103
34373 103
34374 110
34375 117
34376 119
34377 91
34378 100
34379 102
34380 107
34381 110
34382 117
34383 121
34384 95
34385 97
34386 101
34387 108
34388 101
34389 105
34390 106
34391 114
34392 116
34393 119
34394 121
34395 128
34396 138
34397 122
34398 128
34399 124
34400 131
34401 138
34402 80
34403 82
34404 85
34405 90
34406 93
34407 97
34408 99
34409 81
34410 85
34411 93
34412 94
34413 96
34414 102
34415 112
34416 113
34417 117
34418 106
34419 108
34420 115
34421 103
34422 104
34423 102
34424 106
34425 113
34426 123
34427 102
34428 110
34429 112
34430 85
34431 94
34432 92
34433 95
34434 83
34435 90
34436 97
34437 98
34438 101
34439 105
34440 92
34441 98
34442 104
34443 108
34444 85
34445 93
34446 94
34447 100
34448 107
34449 108
34450 109
34451 111
34452 99
34453 106
34454 110
34455 91
34456 84
34457 87
34458 92
34459 98
34460 102
34461 82
34462 84
34463 91
34464 99
34465 76
34466 86
34467 87
34468 90
34469 98
34470 108
34471 109
34472 110
34473 111
34474 108
34475 117
34476 87
34477 89
34478 93
34479 102
34480 104
34481 101
34482 111
34483 115
34484 121
34485 126
34486 61
34487 69
34488 71
34489 72
34490 81
34491 89
34492 91
34493 99
34494 102
34495 109
34496 114
34497 95
34498 98
34499 104
34500 91
34501 80
34502 82
34503 76
34504 79
34505 80
34506 81
34507 89
34508 98
34509 105
34510 90
34511 94
34512 97
34513 103
34514 98
34515 107
34516 111
34517 84
34518 88
34519 91
34520 100
34521 103
34522 110
34523 112
34524 122
34525 126
34526 95
34527 98
34528 97
34529 95
34530 101
34531 110
34532 117
34533 118
34534 91
34535 100
34536 101
34537 106
34538 109
34539 118
34540 102
34541 78
34542 81
34543 89
34544 99
34545 103
34546 106
34547 115
34548 91
34549 96
34550 101
34551 105
34552 109
34553 95
34554 99
34555 104
34556 105
34557 115
34558 105
34559 101
34560 98
34561 106
34562 114
34563 98
34564 108
34565 86
34566 89
34567 93
34568 94
34569 98
34570 99
34571 108
34572 112
34573 117
34574 118
34575 119
34576 124
34577 129
34578 111
34579 119
34580 112
34581 116
34582 126
34583 101
34584 107
34585 116
34586 121
34587 72
34588 73
34589 74
34590 83
34591 86
34592 89
34593 92
34594 97
34595 77
34596 85
34597 90
34598 96
34599 99
34600 77
34601 87
34602 54
34603 57
34604 66
34605 74
34606 84
34607 94
34608 101
34609 106
34610 108
34611 84
34612 68
34613 75
34614 84
34615 85
34616 73
34617 75
34618 79
34619 86
34620 92
34621 56
34622 65
34623 67
34624 73
34625 81
34626 84
34627 89
34628 90
34629 100
34630 109
34631 111
34632 116
34633 83
34634 85
34635 87
34636 90
34637 94
34638 103
34639 109
34640 101
34641 104
34642 106
34643 107
34644 113
34645 72
34646 74
34647 78
34648 80
34649 82
34650 83
34651 86
34652 94
34653 101
34654 103
34655 91
34656 101
34657 104
34658 107
34659 112
34660 117
34661 115
34662 107
34663 97
34664 107
34665 114
34666 92
34667 95
34668 97
34669 99
34670 100
34671 106
34672 109
34673 118
34674 126
34675 134
34676 107
34677 117
34678 121
34679 126
34680 121
34681 104
34682 96
34683 105
34684 106
34685 105
34686 113
34687 116
34688 124
34689 92
34690 100
34691 108
34692 108
34693 114
34694 121
34695 112
34696 116
34697 121
34698 114
34699 107
34700 117
34701 118
34702 126
34703 133
34704 124
34705 97
34706 102
34707 110
34708 97
34709 99
34710 105
34711 98
34712 102
34713 109
34714 117
34715 102
34716 90
34717 93
34718 100
34719 107
34720 115
34721 123
34722 107
34723 96
34724 101
34725 103
34726 108
34727 116
34728 124
34729 98
34730 105
34731 111
34732 121
34733 93
34734 97
34735 101
34736 104
34737 112
34738 120
34739 121
34740 110
34741 119
34742 63
34743 73
34744 78
34745 76
34746 80
34747 85
34748 86
34749 87
34750 93
34751 95
34752 104
34753 105
34754 109
34755 117
34756 103
34757 107
34758 111
34759 118
34760 104
34761 50
34762 52
34763 59
34764 64
34765 68
34766 73
34767 75
34768 81
34769 86
34770 93
34771 103
34772 96
34773 98
34774 102
34775 109
34776 103
34777 109
34778 116
34779 100
34780 108
34781 118
34782 125
34783 89
34784 96
34785 105
34786 111
34787 103
34788 105
34789 90
34790 98
34791 108
34792 110
34793 109
34794 114
34795 120
34796 126
34797 78
34798 79
34799 87
34800 90
34801 99
34802 103
34803 111
34804 112
34805 102
34806 108
34807 113
34808 118
34809 114
34810 123
34811 81
34812 91
34813 98
34814 107
34815 115
34816 121
34817 108
34818 90
34819 95
34820 101
34821 93
34822 94
34823 101
34824 107
34825 100
34826 108
34827 115
34828 118
34829 108
34830 118
34831 119
34832 116
34833 103
34834 82
34835 83
34836 92
34837 94
34838 103
34839 107
34840 111
34841 113
34842 112
34843 115
34844 124
34845 125
34846 130
34847 125
34848 74
34849 79
34850 87
34851 95
34852 95
34853 99
34854 102
34855 106
34856 108
34857 112
34858 120
34859 99
34860 107
34861 113
34862 117
34863 119
34864 129
34865 96
34866 98
34867 102
34868 103
34869 108
34870 101
34871 110
34872 120
34873 78
34874 81
34875 84
34876 91
34877 90
34878 96
34879 101
34880 97
34881 100
34882 60
34883 67
34884 73
34885 78
34886 82
34887 91
34888 100
34889 101
34890 108
34891 115
34892 103
34893 108
34894 116
34895 120
34896 106
34897 112
34898 119
34899 99
34900 103
34901 111
34902 117
34903 95
34904 98
34905 107
34906 101
34907 106
34908 110
34909 116
34910 101
34911 107
34912 114
34913 113
34914 104
34915 106
34916 115
34917 118
34918 113
34919 120
34920 89
34921 98
34922 97
34923 45
34924 50
34925 59
34926 68
34927 77
34928 87
34929 94
34930 98
34931 101
34932 106
34933 114
34934 120
34935 116
34936 87
34937 94
34938 96
34939 86
34940 88
34941 83
34942 91
34943 96
34944 99
34945 85
34946 90
34947 96
34948 98
34949 90
34950 99
34951 79
34952 85
34953 84
34954 90
34955 90
34956 94
34957 95
34958 100
34959 104
34960 96
34961 98
34962 108
34963 117
34964 117
34965 118
34966 123
34967 124
34968 126
34969 129
34970 106
34971 111
34972 91
34973 97
34974 101
34975 106
34976 109
34977 106
34978 107
34979 117
34980 99
34981 103
34982 113
34983 84
34984 86
34985 96
34986 106
34987 110
34988 114
34989 107
34990 105
34991 109
34992 115
34993 122
34994 127
34995 112
34996 122
34997 127
34998 134
34999 112
35000 83
35001 84
35002 92
35003 93
35004 99
35005 109
35006 116
35007 123
35008 101
35009 111
35010 117
35011 80
35012 88
35013 89
35014 92
35015 96
35016 105
35017 110
35018 117
35019 116
35020 122
35021 127
35022 81
35023 82
35024 84
35025 87
35026 97
35027 101
35028 108
35029 110
35030 111
35031 75
35032 76
35033 84
35034 89
35035 94
35036 104
35037 106
35038 113
35039 113
35040 117
35041 123
35042 124
35043 85
35044 86
35045 88
35046 98
35047 101
35048 95
35049 102
35050 105
35051 108
35052 112
35053 111
35054 113
35055 122
35056 127
35057 128
35058 99
35059 108
35060 113
35061 122
35062 128
35063 110
35064 120
35065 119
35066 109
35067 119
35068 114
35069 118
35070 123
35071 124
35072 134
35073 122
35074 126
35075 127
35076 86
35077 95
35078 101
35079 89
35080 98
35081 103
35082 110
35083 116
35084 64
35085 71
35086 76
35087 78
35088 81
35089 87
35090 95
35091 98
35092 108
35093 111
35094 104
35095 113
35096 121
35097 101
35098 111
35099 117
35100 123
35101 131
35102 126
35103 90
35104 99
35105 107
35106 117
35107 122
35108 106
35109 109
35110 114
35111 71
35112 81
35113 86
35114 90
35115 87
35116 90
35117 91
35118 101
35119 105
35120 72
35121 79
35122 82
35123 81
35124 82
35125 92
35126 100
35127 99
35128 109
35129 110
35130 71
35131 72
35132 73
35133 78
35134 88
35135 89
35136 93
35137 100
35138 69
35139 71
35140 73
35141 74
35142 80
35143 87
35144 97
35145 99
35146 108
35147 110
35148 117
35149 125
35150 130
35151 76
35152 81
35153 83
35154 84
35155 89
35156 92
35157 88
35158 97
35159 100
35160 101
35161 108
35162 113
35163 118
35164 95
35165 105
35166 115
35167 105
35168 94
35169 100
35170 104
35171 107
35172 102
35173 100
35174 105
35175 96
35176 98
35177 102
35178 97
35179 95
35180 102
35181 105
35182 112
35183 111
35184 121
35185 102
35186 107
35187 116
35188 96
35189 68
35190 70
35191 71
35192 73
35193 81
35194 87
35195 97
35196 100
35197 101
35198 102
35199 104
35200 110
35201 116
35202 121
35203 124
35204 134
35205 113
35206 116
35207 125
35208 98
35209 105
35210 112
35211 107
35212 109
35213 110
35214 116
35215 126
35216 134
35217 101
35218 104
35219 114
35220 107
35221 111
35222 120
35223 122
35224 127
35225 137
35226 98
35227 108
35228 92
35229 95
35230 104
35231 113
35232 118
35233 107
35234 114
35235 121
35236 79
35237 83
35238 86
35239 88
35240 96
35241 102
35242 109
35243 110
35244 119
35245 81
35246 88
35247 92
35248 98
35249 101
35250 110
35251 112
35252 114
35253 115
35254 120
35255 121
35256 74
35257 79
35258 88
35259 57
35260 58
35261 65
35262 69
35263 73
35264 79
35265 88
35266 98
35267 85
35268 94
35269 98
35270 101
35271 100
35272 105
35273 105
35274 98
35275 100
35276 109
35277 109
35278 101
35279 108
35280 95
35281 99
35282 100
35283 106
35284 98
35285 94
35286 96
35287 76
35288 85
35289 84
35290 85
35291 93
35292 96
35293 99
35294 101
35295 100
35296 110
35297 114
35298 94
35299 97
35300 80
35301 90
35302 98
35303 101
35304 103
35305 110
35306 50
35307 58
35308 66
35309 74
35310 81
35311 83
35312 91
35313 99
35314 91
35315 98
35316 105
35317 111
35318 114
35319 100
35320 105
35321 109
35322 112
35323 114
35324 118
35325 123
35326 125
35327 127
35328 132
35329 124
35330 132
35331 120
35332 127
35333 60
35334 63
35335 67
35336 71
35337 77
35338 82
35339 91
35340 92
35341 94
35342 88
35343 93
35344 91
35345 82
35346 89
35347 91
35348 93
35349 94
35350 102
35351 107
35352 113
35353 108
35354 110
35355 112
35356 115
35357 112
35358 114
35359 122
35360 85
35361 88
35362 90
35363 98
35364 77
35365 84
35366 89
35367 96
35368 98
35369 108
35370 97
35371 100
35372 110
35373 116
35374 103
35375 107
35376 86
35377 87
35378 80
35379 86
35380 90
35381 95
35382 105
35383 109
35384 77
35385 82
35386 89
35387 98
35388 99
35389 100
35390 104
35391 94
35392 87
35393 94
35394 97
35395 98
35396 79
35397 82
35398 83
35399 93
35400 102
35401 109
35402 102
35403 108
35404 117
35405 109
35406 99
35407 86
35408 88
35409 92
35410 99
35411 91
35412 97
35413 79
35414 85
35415 91
35416 95
35417 101
35418 93
35419 98
35420 102
35421 111
35422 120
35423 125
35424 98
35425 100
35426 107
35427 114
35428 92
35429 93
35430 95
35431 96
35432 98
35433 105
35434 102
35435 109
35436 117
35437 122
35438 124
35439 129
35440 103
35441 112
35442 117
35443 116
35444 117
35445 123
35446 132
35447 115
35448 111
35449 81
35450 88
35451 96
35452 100
35453 68
35454 69
35455 79
35456 87
35457 88
35458 93
35459 94
35460 103
35461 107
35462 111
35463 98
35464 101
35465 105
35466 110
35467 112
35468 119
35469 122
35470 93
35471 78
35472 84
35473 89
35474 95
35475 102
35476 104
35477 102
35478 106
35479 100
35480 109
35481 102
35482 105
35483 113
35484 114
35485 91
35486 98
35487 107
35488 102
35489 108
35490 113
35491 121
35492 129
35493 133
35494 142
35495 149
35496 150
35497 113
35498 12
35499 18
35500 24
35501 27
35502 35
35503 40
35504 41
35505 49
35506 59
35507 61
35508 69
35509 73
35510 75
35511 76
35512 86
35513 95
35514 101
35515 111
35516 107
35517 105
35518 114
35519 116
35520 100
35521 106
35522 77
35523 87
35524 91
35525 92
35526 95
35527 104
35528 105
35529 103
35530 105
35531 112
35532 114
35533 115
35534 103
35535 97
35536 101
35537 109
35538 80
35539 81
35540 91
35541 87
35542 94
35543 97
35544 106
35545 115
35546 105
35547 107
35548 109
35549 119
35550 120
35551 116
35552 124
35553 128
35554 105
35555 113
35556 123
35557 129
35558 133
35559 94
35560 101
35561 98
35562 100
35563 108
35564 110
35565 116
35566 101
35567 110
35568 113
35569 118
35570 98
35571 104
35572 107
35573 111
35574 117
35575 122
35576 131
35577 114
35578 124
35579 131
35580 141
35581 148
35582 98
35583 108
35584 113
35585 86
35586 89
35587 97
35588 47
35589 50
35590 52
35591 54
35592 62
35593 63
35594 69
35595 74
35596 75
35597 82
35598 90
35599 93
35600 98
35601 100
35602 109
35603 103
35604 108
35605 115
35606 125
35607 66
35608 69
35609 77
35610 81
35611 83
35612 88
35613 93
35614 95
35615 96
35616 69
35617 73
35618 76
35619 77
35620 80
35621 86
35622 87
35623 93
35624 102
35625 109
35626 97
35627 105
35628 109
35629 119
35630 70
35631 80
35632 87
35633 89
35634 99
35635 107
35636 104
35637 107
35638 110
35639 78
35640 84
35641 90
35642 91
35643 97
35644 95
35645 103
35646 113
35647 117
35648 113
35649 116
35650 108
35651 117
35652 121
35653 122
35654 124
35655 106
35656 77
35657 85
35658 89
35659 93
35660 95
35661 103
35662 109
35663 42
35664 48
35665 55
35666 65
35667 67
35668 68
35669 75
35670 81
35671 68
35672 73
35673 78
35674 81
35675 85
35676 92
35677 97
35678 104
35679 102
35680 107
35681 116
35682 121
35683 124
35684 126
35685 89
35686 99
35687 91
35688 93
35689 100
35690 99
35691 101
35692 105
35693 109
35694 114
35695 116
35696 117
35697 126
35698 90
35699 98
35700 80
35701 84
35702 93
35703 90
35704 94
35705 102
35706 109
35707 112
35708 116
35709 120
35710 99
35711 103
35712 87
35713 64
35714 66
35715 69
35716 74
35717 76
35718 84
35719 94
35720 93
35721 95
35722 101
35723 103
35724 100
35725 101
35726 106
35727 108
35728 114
35729 89
35730 98
35731 101
35732 107
35733 115
35734 81
35735 86
35736 95
35737 100
35738 107
35739 83
35740 90
35741 99
35742 92
35743 90
35744 93
35745 98
35746 103
35747 89
35748 91
35749 100
35750 106
35751 110
35752 109
35753 109
35754 110
35755 116
35756 124
35757 79
35758 83
35759 89
35760 97
35761 80
35762 88
35763 92
35764 93
35765 95
35766 102
35767 111
35768 115
35769 120
35770 108
35771 111
35772 82
35773 86
35774 88
35775 90
35776 100
35777 106
35778 89
35779 90
35780 91
35781 97
35782 104
35783 101
35784 79
35785 81
35786 83
35787 88
35788 93
35789 101
35790 106
35791 107
35792 103
35793 109
35794 110
35795 111
35796 112
35797 114
35798 123
35799 99
35800 100
35801 101
35802 61
35803 68
35804 74
35805 76
35806 82
35807 88
35808 89
35809 95
35810 84
35811 92
35812 101
35813 107
35814 103
35815 111
35816 95
35817 102
35818 107
35819 97
35820 104
35821 98
35822 102
35823 112
35824 118
35825 108
35826 114
35827 98
35828 103
35829 109
35830 101
35831 104
35832 108
35833 80
35834 84
35835 78
35836 88
35837 89
35838 96
35839 98
35840 102
35841 110
35842 97
35843 107
35844 117
35845 77
35846 81
35847 87
35848 97
35849 100
35850 103
35851 108
35852 110
35853 104
35854 105
35855 106
35856 115
35857 122
35858 132
35859 116
35860 121
35861 96
35862 103
35863 100
35864 110
35865 113
35866 122
35867 93
35868 96
35869 106
35870 116
35871 107
35872 87
35873 88
35874 97
35875 98
35876 101
35877 86
35878 90
35879 100
35880 103
35881 79
35882 84
35883 90
35884 93
35885 103
35886 104
35887 105
35888 108
35889 110
35890 116
35891 103
35892 108
35893 112
35894 116
35895 100
35896 102
35897 104
35898 106
35899 112
35900 122
35901 128
35902 127
35903 135
35904 115
35905 116
35906 122
35907 129
35908 102
35909 70
35910 80
35911 90
35912 95
35913 79
35914 88
35915 89
35916 97
35917 101
35918 100
35919 106
35920 115
35921 116
35922 119
35923 129
35924 130
35925 103
35926 107
35927 69
35928 70
35929 74
35930 75
35931 83
35932 93
35933 95
35934 96
35935 98
35936 108
35937 113
35938 120
35939 123
35940 92
35941 102
35942 103
35943 110
35944 112
35945 116
35946 117
35947 125
35948 130
35949 130
35950 87
35951 91
35952 101
35953 101
35954 110
35955 113
35956 111
35957 112
35958 100
35959 71
35960 78
35961 87
35962 90
35963 85
35964 94
35965 102
35966 108
35967 110
35968 118
35969 125
35970 128
35971 110
35972 92
35973 95
35974 100
35975 108
35976 111
35977 102
35978 109
35979 113
35980 120
35981 95
35982 99
35983 102
35984 97
35985 90
35986 95
35987 97
35988 101
35989 96
35990 103
35991 107
35992 110
35993 99
35994 100
35995 104
35996 109
35997 116
35998 125
35999 128
36000 101
36001 111
36002 111
36003 119
36004 106
36005 112
36006 116
36007 114
36008 119
36009 121
36010 117
36011 124
36012 105
36013 106
36014 108
36015 112
36016 95
36017 104
36018 103
36019 108
36020 115
36021 118
36022 98
36023 81
36024 87
36025 95
36026 104
36027 112
36028 86
36029 95
36030 96
36031 103
36032 99
36033 95
36034 88
36035 75
36036 82
36037 89
36038 98
36039 92
36040 95
36041 62
36042 66
36043 67
36044 73
36045 78
36046 87
36047 93
36048 97
36049 101
36050 107
36051 112
36052 111
36053 116
36054 113
36055 118
36056 91
36057 96
36058 99
36059 108
36060 118
36061 122
36062 122
36063 97
36064 104
36065 102
36066 112
36067 113
36068 106
36069 108
36070 101
36071 108
36072 118
36073 115
36074 99
36075 100
36076 101
36077 103
36078 113
36079 120
36080 126
36081 118
36082 108
36083 115
36084 118
36085 122
36086 129
36087 135
36088 137
36089 107
36090 110
36091 88
36092 90
36093 97
36094 101
36095 109
36096 103
36097 95
36098 96
36099 76
36100 86
36101 95
36102 105
36103 106
36104 108
36105 111
36106 108
36107 112
36108 109
36109 114
36110 115
36111 120
36112 112
36113 97
36114 99
36115 103
36116 105
36117 107
36118 114
36119 124
36120 133
36121 101
36122 105
36123 93
36124 73
36125 76
36126 82
36127 86
36128 94
36129 80
36130 84
36131 85
36132 89
36133 95
36134 54
36135 60
36136 70
36137 74
36138 78
36139 86
36140 90
36141 94
36142 99
36143 95
36144 101
36145 96
36146 98
36147 102
36148 111
36149 98
36150 102
36151 107
36152 112
36153 121
36154 129
36155 111
36156 115
36157 118
36158 126
36159 127
36160 121
36161 113
36162 116
36163 122
36164 81
36165 82
36166 84
36167 92
36168 96
36169 102
36170 109
36171 100
36172 101
36173 102
36174 80
36175 88
36176 96
36177 98
36178 103
36179 94
36180 102
36181 110
36182 117
36183 100
36184 105
36185 110
36186 113
36187 111
36188 114
36189 117
36190 75
36191 77
36192 79
36193 81
36194 85
36195 92
36196 95
36197 102
36198 82
36199 84
36200 86
36201 95
36202 100
36203 105
36204 109
36205 96
36206 101
36207 110
36208 112
36209 122
36210 130
36211 117
36212 119
36213 122
36214 110
36215 106
36216 83
36217 93
36218 100
36219 79
36220 87
36221 96
36222 105
36223 105
36224 114
36225 121
36226 128
36227 129
36228 121
36229 131
36230 140
36231 105
36232 112
36233 116
36234 90
36235 93
36236 99
36237 108
36238 83
36239 70
36240 76
36241 86
36242 90
36243 93
36244 99
36245 100
36246 71
36247 74
36248 81
36249 85
36250 90
36251 96
36252 105
36253 115
36254 101
36255 107
36256 111
36257 114
36258 117
36259 124
36260 126
36261 96
36262 106
36263 111
36264 113
36265 117
36266 121
36267 121
36268 128
36269 122
36270 91
36271 92
36272 49
36273 57
36274 66
36275 73
36276 81
36277 88
36278 94
36279 100
36280 107
36281 114
36282 82
36283 90
36284 99
36285 107
36286 111
36287 115
36288 111
36289 102
36290 88
36291 95
36292 96
36293 99
36294 103
36295 113
36296 115
36297 98
36298 106
36299 113
36300 114
36301 123
36302 89
36303 92
36304 96
36305 97
36306 103
36307 104
36308 103
36309 110
36310 110
36311 113
36312 121
36313 124
36314 126
36315 136
36316 146
36317 155
36318 161
36319 95
36320 96
36321 84
36322 85
36323 88
36324 92
36325 95
36326 98
36327 101
36328 108
36329 113
36330 108
36331 76
36332 81
36333 80
36334 88
36335 97
36336 100
36337 103
36338 90
36339 78
36340 79
36341 85
36342 89
36343 90
36344 70
36345 73
36346 78
36347 67
36348 71
36349 78
36350 68
36351 70
36352 73
36353 82
36354 89
36355 98
36356 108
36357 82
36358 91
36359 95
36360 98
36361 101
36362 108
36363 112
36364 114
36365 122
36366 102
36367 112
36368 112
36369 114
36370 107
36371 103
36372 97
36373 107
36374 112
36375 116
36376 122
36377 130
36378 132
36379 133
36380 99
36381 107
36382 107
36383 114
36384 99
36385 100
36386 109
36387 118
36388 97
36389 100
36390 105
36391 111
36392 114
36393 116
36394 121
36395 119
36396 114
36397 118
36398 102
36399 107
36400 111
36401 114
36402 121
36403 78
36404 85
36405 89
36406 78
36407 85
36408 93
36409 99
36410 67
36411 77
36412 80
36413 81
36414 82
36415 89
36416 92
36417 102
36418 71
36419 75
36420 85
36421 86
36422 95
36423 92
36424 97
36425 102
36426 107
36427 110
36428 120
36429 93
36430 96
36431 101
36432 102
36433 112
36434 114
36435 124
36436 103
36437 105
36438 115
36439 100
36440 107
36441 115
36442 102
36443 92
36444 100
36445 104
36446 114
36447 112
36448 122
36449 118
36450 100
36451 109
36452 95
36453 96
36454 101
36455 110
36456 105
36457 112
36458 96
36459 101
36460 103
36461 92
36462 94
36463 100
36464 110
36465 112
36466 122
36467 127
36468 122
36469 123
36470 132
36471 130
36472 136
36473 92
36474 94
36475 97
36476 98
36477 99
36478 100
36479 107
36480 111
36481 108
36482 114
36483 117
36484 122
36485 124
36486 106
36487 115
36488 107
36489 109
36490 111
36491 108
36492 116
36493 121
36494 115
36495 114
36496 122
36497 132
36498 140
36499 131
36500 117
36501 120
36502 112
36503 96
36504 98
36505 91
36506 94
36507 103
36508 106
36509 97
36510 105
36511 110
36512 113
36513 121
36514 125
36515 124
36516 128
36517 134
36518 142
36519 98
36520 103
36521 110
36522 120
36523 113
36524 117
36525 111
36526 115
36527 102
36528 111
36529 115
36530 113
36531 94
36532 103
36533 110
36534 112
36535 82
36536 87
36537 88
36538 97
36539 99
36540 103
36541 99
36542 107
36543 116
36544 108
36545 111
36546 113
36547 113
36548 118
36549 119
36550 118
36551 121
36552 116
36553 104
36554 109
36555 108
36556 113
36557 102
36558 106
36559 76
36560 82
36561 85
36562 91
36563 101
36564 103
36565 105
36566 99
36567 103
36568 109
36569 116
36570 105
36571 101
36572 108
36573 113
36574 84
36575 91
36576 88
36577 96
36578 106
36579 107
36580 108
36581 86
36582 88
36583 86
36584 89
36585 99
36586 102
36587 107
36588 108
36589 108
36590 107
36591 114
36592 109
36593 114
36594 106
36595 82
36596 86
36597 94
36598 98
36599 101
36600 102
36601 106
36602 115
36603 98
36604 92
36605 94
36606 102
36607 107
36608 113
36609 107
36610 110
36611 84
36612 87
36613 96
36614 104
36615 110
36616 119
36617 122
36618 87
36619 93
36620 97
36621 82
36622 89
36623 93
36624 94
36625 103
36626 95
36627 101
36628 111
36629 116
36630 95
36631 98
36632 101
36633 108
36634 111
36635 106
36636 107
36637 117
36638 121
36639 93
36640 88
36641 97
36642 103
36643 113
36644 122
36645 108
36646 109
36647 114
36648 115
36649 118
36650 101
36651 105
36652 106
36653 114
36654 116
36655 120
36656 75
36657 76
36658 84
36659 86
36660 93
36661 95
36662 100
36663 97
36664 106
36665 90
36666 92
36667 96
36668 96
36669 101
36670 102
36671 100
36672 110
36673 104
36674 109
36675 94
36676 98
36677 98
36678 105
36679 114
36680 105
36681 110
36682 117
36683 120
36684 130
36685 117
36686 121
36687 123
36688 128
36689 96
36690 100
36691 99
36692 100
36693 110
36694 100
36695 108
36696 110
36697 115
36698 86
36699 87
36700 93
36701 95
36702 102
36703 106
36704 105
36705 112
36706 109
36707 115
36708 100
36709 76
36710 77
36711 81
36712 86
36713 92
36714 88
36715 94
36716 101
36717 66
36718 68
36719 73
36720 80
36721 83
36722 84
36723 90
36724 95
36725 98
36726 106
36727 109
36728 96
36729 99
36730 103
36731 105
36732 109
36733 103
36734 81
36735 88
36736 92
36737 100
36738 104
36739 104
36740 100
36741 98
36742 99
36743 105
36744 107
36745 100
36746 105
36747 107
36748 95
36749 101
36750 68
36751 70
36752 71
36753 81
36754 90
36755 95
36756 103
36757 96
36758 104
36759 111
36760 120
36761 123
36762 104
36763 85
36764 86
36765 88
36766 86
36767 96
36768 106
36769 114
36770 116
36771 99
36772 108
36773 103
36774 99
36775 100
36776 107
36777 95
36778 98
36779 92
36780 95
36781 101
36782 102
36783 110
36784 114
36785 116
36786 109
36787 110
36788 120
36789 93
36790 100
36791 92
36792 87
36793 93
36794 103
36795 97
36796 101
36797 103
36798 106
36799 105
36800 109
36801 117
36802 101
36803 106
36804 93
36805 99
36806 104
36807 106
36808 108
36809 111
36810 112
36811 118
36812 106
36813 113
36814 115
36815 104
36816 101
36817 105
36818 111
36819 104
36820 113
36821 122
36822 121
36823 97
36824 102
36825 90
36826 91
36827 101
36828 89
36829 92
36830 98
36831 101
36832 103
36833 110
36834 119
36835 112
36836 107
36837 108
36838 110
36839 104
36840 110
36841 117
36842 106
36843 98
36844 79
36845 82
36846 91
36847 101
36848 102
36849 95
36850 95
36851 98
36852 103
36853 72
36854 74
36855 82
36856 88
36857 91
36858 92
36859 95
36860 98
36861 107
36862 115
36863 112
36864 92
36865 98
36866 103
36867 105
36868 107
36869 109
36870 112
36871 117
36872 122
36873 126
36874 121
36875 74
36876 78
36877 82
36878 89
36879 94
36880 62
36881 66
36882 67
36883 76
36884 86
36885 90
36886 72
36887 73
36888 82
36889 83
36890 87
36891 96
36892 104
36893 84
36894 94
36895 100
36896 109
36897 118
36898 121
36899 131
36900 139
36901 98
36902 105
36903 108
36904 117
36905 114
36906 105
36907 112
36908 118
36909 119
36910 120
36911 110
36912 99
36913 104
36914 109
36915 119
36916 75
36917 83
36918 89
36919 64
36920 74
36921 75
36922 82
36923 92
36924 98
36925 100
36926 106
36927 74
36928 82
36929 83
36930 90
36931 98
36932 101
36933 104
36934 107
36935 110
36936 112
36937 106
36938 116
36939 120
36940 120
36941 121
36942 109
36943 109
36944 72
36945 74
36946 81
36947 83
36948 79
36949 88
36950 96
36951 95
36952 96
36953 102
36954 104
36955 109
36956 105
36957 112
36958 116
36959 79
36960 88
36961 95
36962 96
36963 97
36964 98
36965 100
36966 105
36967 112
36968 113
36969 107
36970 110
36971 119
36972 127
36973 131
36974 135
36975 96
36976 102
36977 92
36978 97
36979 104
36980 111
36981 119
36982 95
36983 96
36984 97
36985 99
36986 106
36987 112
36988 63
36989 65
36990 68
36991 72
36992 82
36993 85
36994 79
36995 87
36996 96
36997 85
36998 95
36999 100
37000 103
37001 112
37002 122
37003 93
37004 97
37005 102
37006 104
37007 105
37008 108
37009 109
37010 119
37011 128
37012 110
37013 113
37014 111
37015 119
37016 123
37017 125
37018 130
37019 132
37020 138
37021 126
37022 109
37023 114
37024 106
37025 108
37026 109
37027 103
37028 108
37029 111
37030 118
37031 124
37032 127
37033 136
37034 143
37035 153
37036 108
37037 104
37038 110
37039 105
37040 112
37041 115
37042 125
37043 117
37044 112
37045 115
37046 122
37047 126
37048 134
37049 136
37050 84
37051 86
37052 95
37053 100
37054 105
37055 107
37056 108
37057 117
37058 127
37059 104
37060 103
37061 107
37062 113
37063 90
37064 72
37065 74
37066 84
37067 91
37068 89
37069 99
37070 102
37071 106
37072 112
37073 117
37074 122
37075 94
37076 85
37077 87
37078 88
37079 93
37080 93
37081 98
37082 96
37083 103
37084 113
37085 114
37086 107
37087 102
37088 107
37089 110
37090 119
37091 107
37092 116
37093 121
37094 121
37095 88
37096 98
37097 104
37098 108
37099 116
37100 115
37101 123
37102 105
37103 107
37104 105
37105 110
37106 112
37107 100
37108 103
37109 108
37110 110
37111 116
37112 110
37113 93
37114 102
37115 99
37116 107
37117 97
37118 106
37119 107
37120 89
37121 90
37122 83
37123 91
37124 94
37125 96
37126 100
37127 98
37128 102
37129 72
37130 77
37131 85
37132 88
37133 97
37134 99
37135 105
37136 111
37137 121
37138 93
37139 103
37140 104
37141 101
37142 105
37143 90
37144 92
37145 93
37146 97
37147 101
37148 104
37149 58
37150 63
37151 73
37152 83
37153 93
37154 84
37155 92
37156 97
37157 102
37158 110
37159 114
37160 118
37161 120
37162 123
37163 101
37164 111
37165 119
37166 62
37167 70
37168 77
37169 84
37170 89
37171 95
37172 97
37173 97
37174 99
37175 100
37176 102
37177 108
37178 106
37179 115
37180 109
37181 119
37182 98
37183 106
37184 81
37185 89
37186 91
37187 98
37188 102
37189 110
37190 120
37191 78
37192 79
37193 83
37194 87
37195 93
37196 95
37197 101
37198 108
37199 105
37200 104
37201 113
37202 119
37203 117
37204 101
37205 109
37206 108
37207 112
37208 104
37209 114
37210 111
37211 117
37212 126
37213 122
37214 107
37215 108
37216 111
37217 99
37218 105
37219 109
37220 112
37221 116
37222 116
37223 120
37224 125
37225 132
37226 117
37227 121
37228 109
37229 111
37230 104
37231 106
37232 92
37233 102
37234 96
37235 99
37236 101
37237 103
37238 101
37239 102
37240 103
37241 91
37242 96
37243 97
37244 104
37245 96
37246 100
37247 109
37248 110
37249 116
37250 69
37251 74
37252 84
37253 86
37254 92
37255 93
37256 96
37257 106
37258 108
37259 97
37260 99
37261 97
37262 95
37263 100
37264 108
37265 89
37266 99
37267 107
37268 108
37269 110
37270 114
37271 92
37272 96
37273 97
37274 107
37275 112
37276 111
37277 45
37278 48
37279 49
37280 50
37281 58
37282 68
37283 76
37284 81
37285 91
37286 100
37287 101
37288 58
37289 66
37290 68
37291 73
37292 82
37293 83
37294 89
37295 96
37296 106
37297 107
37298 115
37299 125
37300 114
37301 123
37302 126
37303 135
37304 139
37305 107
37306 103
37307 110
37308 90
37309 100
37310 109
37311 70
37312 72
37313 76
37314 84
37315 91
37316 94
37317 81
37318 85
37319 89
37320 90
37321 93
37322 102
37323 105
37324 108
37325 103
37326 108
37327 109
37328 119
37329 115
37330 106
37331 108
37332 111
37333 119
37334 96
37335 98
37336 101
37337 105
37338 109
37339 119
37340 127
37341 134
37342 137
37343 112
37344 113
37345 115
37346 123
37347 124
37348 87
37349 91
37350 101
37351 103
37352 108
37353 118
37354 120
37355 109
37356 116
37357 119
37358 123
37359 94
37360 98
37361 104
37362 108
37363 104
37364 105
37365 106
37366 70
37367 75
37368 80
37369 81
37370 83
37371 86
37372 93
37373 101
37374 108
37375 116
37376 117
37377 124
37378 112
37379 108
37380 112
37381 104
37382 107
37383 115
37384 120
37385 123
37386 59
37387 68
37388 74
37389 79
37390 82
37391 83
37392 84
37393 85
37394 93
37395 102
37396 107
37397 105
37398 100
37399 97
37400 99
37401 104
37402 110
37403 118
37404 100
37405 110
37406 106
37407 95
37408 99
37409 100
37410 108
37411 80
37412 88
37413 89
37414 96
37415 102
37416 107
37417 77
37418 81
37419 80
37420 90
37421 99
37422 100
37423 53
37424 58
37425 60
37426 69
37427 71
37428 81
37429 81
37430 91
37431 99
37432 105
37433 111
37434 115
37435 103
37436 101
37437 105
37438 107
37439 103
37440 107
37441 96
37442 72
37443 75
37444 83
37445 88
37446 96
37447 97
37448 99
37449 105
37450 112
37451 108
37452 101
37453 95
37454 99
37455 104
37456 111
37457 105
37458 113
37459 108
37460 117
37461 120
37462 108
37463 94
37464 104
37465 111
37466 114
37467 100
37468 83
37469 84
37470 89
37471 96
37472 103
37473 108
37474 116
37475 118
37476 107
37477 101
37478 110
37479 113
37480 117
37481 109
37482 108
37483 87
37484 93
37485 95
37486 98
37487 102
37488 103
37489 108
37490 117
37491 126
37492 127
37493 134
37494 115
37495 110
37496 113
37497 109
37498 83
37499 84
37500 93
37501 94
37502 98
37503 101
37504 99
37505 100
37506 104
37507 110
37508 106
37509 107
37510 113
37511 97
37512 92
37513 101
37514 83
37515 93
37516 97
37517 102
37518 104
37519 93
37520 95
37521 102
37522 111
37523 117
37524 126
37525 101
37526 107
37527 115
37528 116
37529 126
37530 70
37531 80
37532 83
37533 93
37534 102
37535 104
37536 111
37537 75
37538 79
37539 78
37540 58
37541 59
37542 63
37543 64
37544 73
37545 78
37546 88
37547 98
37548 102
37549 111
37550 116
37551 115
37552 125
37553 116
37554 117
37555 126
37556 117
37557 119
37558 126
37559 90
37560 99
37561 103
37562 79
37563 88
37564 98
37565 79
37566 84
37567 90
37568 95
37569 98
37570 106
37571 114
37572 100
37573 104
37574 111
37575 107
37576 115
37577 109
37578 96
37579 100
37580 106
37581 111
37582 117
37583 100
37584 89
37585 99
37586 107
37587 109
37588 88
37589 89
37590 98
37591 101
37592 106
37593 112
37594 116
37595 104
37596 112
37597 83
37598 90
37599 96
37600 90
37601 98
37602 102
37603 112
37604 92
37605 94
37606 97
37607 107
37608 94
37609 60
37610 70
37611 74
37612 75
37613 79
37614 86
37615 88
37616 98
37617 106
37618 103
37619 109
37620 115
37621 117
37622 119
37623 120
37624 109
37625 111
37626 121
37627 104
37628 107
37629 98
37630 99
37631 100
37632 98
37633 104
37634 110
37635 113
37636 95
37637 98
37638 107
37639 111
37640 115
37641 100
37642 110
37643 113
37644 107
37645 84
37646 89
37647 98
37648 108
37649 105
37650 106
37651 101
37652 111
37653 117
37654 76
37655 86
37656 90
37657 100
37658 106
37659 109
37660 119
37661 79
37662 80
37663 83
37664 91
37665 94
37666 104
37667 107
37668 110
37669 74
37670 78
37671 83
37672 86
37673 94
37674 98
37675 103
37676 109
37677 111
37678 107
37679 115
37680 123
37681 39
37682 41
37683 50
37684 56
37685 66
37686 75
37687 81
37688 91
37689 93
37690 98
37691 101
37692 104
37693 108
37694 117
37695 105
37696 108
37697 104
37698 100
37699 91
37700 101
37701 105
37702 113
37703 118
37704 126
37705 77
37706 78
37707 86
37708 89
37709 98
37710 99
37711 104
37712 106
37713 108
37714 117
37715 94
37716 88
37717 93
37718 97
37719 99
37720 109
37721 96
37722 101
37723 106
37724 114
37725 116
37726 122
37727 112
37728 119
37729 118
37730 122
37731 105
37732 113
37733 118
37734 98
37735 103
37736 104
37737 99
37738 104
37739 107
37740 108
37741 104
37742 114
37743 100
37744 109
37745 104
37746 91
37747 95
37748 104
37749 106
37750 116
37751 105
37752 107
37753 100
37754 102
37755 100
37756 106
37757 83
37758 90
37759 93
37760 87
37761 96
37762 104
37763 112
37764 122
37765 83
37766 89
37767 91
37768 94
37769 98
37770 102
37771 112
37772 120
37773 107
37774 114
37775 117
37776 118
37777 119
37778 108
37779 115
37780 119
37781 129
37782 114
37783 119
37784 124
37785 127
37786 137
37787 143
37788 151
37789 81
37790 86
37791 91
37792 77
37793 85
37794 87
37795 97
37796 105
37797 109
37798 118
37799 122
37800 111
37801 115
37802 104
37803 103
37804 104
37805 108
37806 110
37807 112
37808 100
37809 104
37810 112
37811 113
37812 114
37813 119
37814 120
37815 128
37816 110
37817 115
37818 119
37819 125
37820 115
37821 58
37822 63
37823 67
37824 70
37825 71
37826 80
37827 90
37828 94
37829 99
37830 106
37831 100
37832 103
37833 87
37834 88
37835 91
37836 99
37837 100
37838 91
37839 92
37840 95
37841 103
37842 108
37843 116
37844 121
37845 120
37846 122
37847 125
37848 101
37849 110
37850 119
37851 127
37852 96
37853 100
37854 104
37855 108
37856 114
37857 117
37858 118
37859 77
37860 81
37861 87
37862 91
37863 95
37864 99
37865 93
37866 97
37867 106
37868 111
37869 111
37870 113
37871 114
37872 67
37873 73
37874 77
37875 80
37876 83
37877 85
37878 91
37879 94
37880 98
37881 104
37882 114
37883 120
37884 129
37885 130
37886 110
37887 94
37888 97
37889 98
37890 107
37891 117
37892 118
37893 126
37894 135
37895 103
37896 108
37897 99
37898 97
37899 107
37900 114
37901 119
37902 107
37903 110
37904 113
37905 120
37906 113
37907 103
37908 110
37909 112
37910 118
37911 108
37912 118
37913 127
37914 121
37915 127
37916 52
37917 62
37918 71
37919 79
37920 81
37921 80
37922 87
37923 94
37924 93
37925 100
37926 107
37927 79
37928 86
37929 87
37930 96
37931 101
37932 103
37933 111
37934 116
37935 121
37936 124
37937 132
37938 135
37939 143
37940 149
37941 129
37942 113
37943 98
37944 108
37945 111
37946 100
37947 102
37948 104
37949 105
37950 107
37951 109
37952 113
37953 118
37954 120
37955 124
37956 107
37957 98
37958 79
37959 83
37960 93
37961 94
37962 100
37963 109
37964 111
37965 117
37966 105
37967 114
37968 57
37969 65
37970 72
37971 82
37972 90
37973 92
37974 96
37975 101
37976 77
37977 83
37978 92
37979 102
37980 55
37981 60
37982 63
37983 65
37984 71
37985 75
37986 79
37987 81
37988 85
37989 93
37990 97
37991 101
37992 111
37993 106
37994 111
37995 120
37996 94
37997 100
37998 107
37999 115
38000 114
38001 111
38002 103
38003 106
38004 107
38005 115
38006 98
38007 104
38008 107
38009 115
38010 100
38011 102
38012 109
38013 92
38014 94
38015 97
38016 98
38017 104
38018 91
38019 100
38020 110
38021 91
38022 100
38023 105
38024 110
38025 118
38026 124
38027 83
38028 93
38029 103
38030 113
38031 104
38032 85
38033 88
38034 91
38035 94
38036 95
38037 75
38038 82
38039 90
38040 91
38041 93
38042 99
38043 105
38044 106
38045 105
38046 109
38047 114
38048 116
38049 118
38050 111
38051 113
38052 115
38053 123
38054 115
38055 73
38056 75
38057 84
38058 85
38059 91
38060 92
38061 98
38062 82
38063 89
38064 97
38065 101
38066 103
38067 108
38068 115
38069 91
38070 101
38071 102
38072 95
38073 99
38074 101
38075 95
38076 105
38077 111
38078 106
38079 110
38080 118
38081 112
38082 118
38083 120
38084 105
38085 104
38086 107
38087 111
38088 117
38089 125
38090 114
38091 118
38092 121
38093 127
38094 131
38095 137
38096 138
38097 145
38098 87
38099 94
38100 95
38101 105
38102 113
38103 114
38104 117
38105 118
38106 123
38107 127
38108 101
38109 105
38110 109
38111 112
38112 112
38113 121
38114 126
38115 110
38116 120
38117 121
38118 130
38119 115
38120 105
38121 111
38122 117
38123 119
38124 120
38125 88
38126 95
38127 98
38128 108
38129 99
38130 104
38131 110
38132 115
38133 125
38134 128
38135 100
38136 107
38137 87
38138 91
38139 94
38140 96
38141 101
38142 102
38143 104
38144 79
38145 86
38146 95
38147 97
38148 66
38149 67
38150 71
38151 76
38152 85
38153 86
38154 89
38155 90
38156 94
38157 101
38158 102
38159 106
38160 96
38161 102
38162 103
38163 105
38164 110
38165 114
38166 119
38167 123
38168 117
38169 127
38170 95
38171 100
38172 99
38173 84
38174 86
38175 96
38176 102
38177 111
38178 120
38179 123
38180 124
38181 123
38182 133
38183 143
38184 110
38185 114
38186 120
38187 123
38188 90
38189 93
38190 77
38191 86
38192 95
38193 104
38194 112
38195 105
38196 100
38197 104
38198 109
38199 108
38200 118
38201 124
38202 126
38203 112
38204 115
38205 116
38206 106
38207 111
38208 119
38209 121
38210 111
38211 108
38212 115
38213 118
38214 119
38215 118
38216 115
38217 122
38218 112
38219 118
38220 77
38221 86
38222 89
38223 90
38224 93
38225 91
38226 99
38227 102
38228 99
38229 109
38230 105
38231 113
38232 120
38233 109
38234 58
38235 65
38236 73
38237 82
38238 81
38239 84
38240 89
38241 99
38242 104
38243 109
38244 112
38245 90
38246 96
38247 66
38248 76
38249 81
38250 82
38251 83
38252 85
38253 94
38254 102
38255 108
38256 112
38257 114
38258 101
38259 102
38260 110
38261 116
38262 119
38263 110
38264 95
38265 102
38266 104
38267 93
38268 100
38269 45
38270 48
38271 49
38272 53
38273 58
38274 60
38275 65
38276 68
38277 78
38278 83
38279 88
38280 52
38281 61
38282 69
38283 74
38284 76
38285 63
38286 70
38287 76
38288 78
38289 85
38290 86
38291 96
38292 97
38293 106
38294 102
38295 108
38296 95
38297 105
38298 106
38299 110
38300 112
38301 122
38302 82
38303 85
38304 86
38305 95
38306 97
38307 103
38308 104
38309 105
38310 108
38311 115
38312 81
38313 87
38314 96
38315 103
38316 105
38317 84
38318 86
38319 94
38320 100
38321 108
38322 104
38323 94
38324 97
38325 105
38326 32
38327 34
38328 37
38329 43
38330 51
38331 61
38332 66
38333 71
38334 81
38335 82
38336 87
38337 89
38338 98
38339 103
38340 110
38341 104
38342 111
38343 78
38344 80
38345 88
38346 96
38347 99
38348 101
38349 102
38350 105
38351 98
38352 80
38353 81
38354 83
38355 90
38356 93
38357 91
38358 99
38359 103
38360 111
38361 53
38362 61
38363 71
38364 80
38365 82
38366 84
38367 89
38368 96
38369 93
38370 94
38371 85
38372 90
38373 93
38374 85
38375 91
38376 101
38377 106
38378 107
38379 113
38380 73
38381 80
38382 85
38383 94
38384 100
38385 88
38386 90
38387 96
38388 99
38389 105
38390 106
38391 115
38392 94
38393 101
38394 104
38395 108
38396 101
38397 108
38398 116
38399 122
38400 129
38401 126
38402 134
38403 135
38404 143
38405 73
38406 82
38407 89
38408 90
38409 94
38410 102
38411 106
38412 98
38413 102
38414 112
38415 87
38416 92
38417 98
38418 99
38419 81
38420 85
38421 87
38422 96
38423 97
38424 102
38425 105
38426 115
38427 108
38428 99
38429 103
38430 104
38431 106
38432 111
38433 114
38434 117
38435 113
38436 94
38437 98
38438 105
38439 113
38440 112
38441 113
38442 114
38443 103
38444 106
38445 113
38446 119
38447 124
38448 133
38449 97
38450 99
38451 109
38452 113
38453 114
38454 115
38455 120
38456 130
38457 140
38458 100
38459 101
38460 103
38461 104
38462 107
38463 110
38464 114
38465 121
38466 119
38467 127
38468 114
38469 117
38470 118
38471 124
38472 125
38473 126
38474 133
38475 86
38476 92
38477 95
38478 100
38479 106
38480 114
38481 122
38482 79
38483 85
38484 87
38485 95
38486 88
38487 94
38488 68
38489 74
38490 84
38491 88
38492 91
38493 87
38494 83
38495 84
38496 87
38497 97
38498 90
38499 96
38500 104
38501 111
38502 82
38503 86
38504 95
38505 102
38506 105
38507 110
38508 120
38509 85
38510 94
38511 98
38512 99
38513 106
38514 110
38515 100
38516 108
38517 115
38518 117
38519 119
38520 115
38521 117
38522 121
38523 106
38524 109
38525 115
38526 125
38527 134
38528 142
38529 125
38530 111
38531 113
38532 102
38533 111
38534 119
38535 106
38536 113
38537 116
38538 102
38539 103
38540 107
38541 115
38542 118
38543 123
38544 133
38545 137
38546 91
38547 73
38548 79
38549 88
38550 95
38551 96
38552 102
38553 104
38554 105
38555 109
38556 111
38557 120
38558 130
38559 110
38560 112
38561 115
38562 111
38563 111
38564 117
38565 112
38566 107
38567 109
38568 83
38569 89
38570 94
38571 97
38572 99
38573 105
38574 114
38575 71
38576 72
38577 79
38578 80
38579 82
38580 88
38581 97
38582 101
38583 107
38584 101
38585 107
38586 108
38587 113
38588 116
38589 122
38590 128
38591 123
38592 107
38593 94
38594 101
38595 105
38596 61
38597 67
38598 69
38599 77
38600 87
38601 89
38602 92
38603 93
38604 94
38605 104
38606 101
38607 106
38608 96
38609 106
38610 111
38611 113
38612 117
38613 103
38614 113
38615 119
38616 127
38617 133
38618 101
38619 106
38620 96
38621 99
38622 104
38623 107
38624 109
38625 118
38626 124
38627 98
38628 104
38629 107
38630 116
38631 123
38632 108
38633 112
38634 114
38635 117
38636 124
38637 126
38638 111
38639 121
38640 130
38641 137
38642 93
38643 103
38644 105
38645 106
38646 108
38647 111
38648 95
38649 102
38650 105
38651 114
38652 122
38653 91
38654 96
38655 105
38656 114
38657 119
38658 115
38659 123
38660 124
38661 127
38662 135
38663 143
38664 151
38665 92
38666 98
38667 100
38668 101
38669 97
38670 100
38671 92
38672 100
38673 94
38674 58
38675 67
38676 75
38677 83
38678 93
38679 100
38680 102
38681 106
38682 111
38683 115
38684 123
38685 103
38686 106
38687 19
38688 27
38689 31
38690 37
38691 46
38692 47
38693 50
38694 59
38695 62
38696 65
38697 67
38698 72
38699 79
38700 87
38701 91
38702 94
38703 102
38704 104
38705 107
38706 100
38707 106
38708 116
38709 85
38710 91
38711 97
38712 92
38713 99
38714 101
38715 103
38716 111
38717 84
38718 93
38719 95
38720 102
38721 112
38722 116
38723 117
38724 125
38725 131
38726 130
38727 140
38728 124
38729 128
38730 133
38731 119
38732 95
38733 103
38734 112
38735 89
38736 94
38737 80
38738 81
38739 91
38740 79
38741 86
38742 87
38743 97
38744 104
38745 89
38746 97
38747 104
38748 109
38749 116
38750 121
38751 129
38752 131
38753 139
38754 82
38755 83
38756 84
38757 87
38758 97
38759 99
38760 103
38761 111
38762 117
38763 117
38764 125
38765 127
38766 110
38767 92
38768 98
38769 105
38770 115
38771 117
38772 124
38773 108
38774 113
38775 110
38776 115
38777 116
38778 101
38779 95
38780 98
38781 101
38782 103
38783 110
38784 118
38785 126
38786 112
38787 122
38788 125
38789 118
38790 128
38791 101
38792 102
38793 112
38794 111
38795 114
38796 116
38797 124
38798 105
38799 88
38800 95
38801 98
38802 108
38803 94
38804 98
38805 97
38806 101
38807 103
38808 109
38809 99
38810 104
38811 110
38812 116
38813 97
38814 101
38815 108
38816 99
38817 97
38818 102
38819 109
38820 97
38821 107
38822 114
38823 110
38824 109
38825 117
38826 119
38827 101
38828 103
38829 108
38830 90
38831 96
38832 101
38833 106
38834 113
38835 122
38836 125
38837 117
38838 105
38839 106
38840 107
38841 108
38842 111
38843 121
38844 126
38845 123
38846 125
38847 134
38848 144
38849 110
38850 117
38851 118
38852 108
38853 112
38854 119
38855 70
38856 75
38857 79
38858 89
38859 94
38860 98
38861 105
38862 85
38863 87
38864 94
38865 100
38866 105
38867 109
38868 118
38869 123
38870 114
38871 78
38872 85
38873 87
38874 89
38875 93
38876 101
38877 107
38878 80
38879 81
38880 90
38881 95
38882 98
38883 99
38884 106
38885 108
38886 97
38887 106
38888 107
38889 109
38890 101
38891 73
38892 78
38893 79
38894 87
38895 86
38896 92
38897 99
38898 101
38899 104
38900 109
38901 111
38902 113
38903 116
38904 118
38905 104
38906 110
38907 111
38908 116
38909 116
38910 123
38911 89
38912 95
38913 104
38914 107
38915 110
38916 115
38917 114
38918 118
38919 97
38920 102
38921 92
38922 94
38923 99
38924 108
38925 111
38926 121
38927 123
38928 119
38929 128
38930 102
38931 104
38932 110
38933 114
38934 116
38935 120
38936 129
38937 136
38938 104
38939 109
38940 119
38941 123
38942 122
38943 117
38944 91
38945 97
38946 100
38947 104
38948 111
38949 113
38950 116
38951 70
38952 76
38953 79
38954 86
38955 95
38956 97
38957 107
38958 113
38959 106
38960 104
38961 84
38962 89
38963 84
38964 86
38965 87
38966 89
38967 92
38968 101
38969 102
38970 111
38971 108
38972 104
38973 104
38974 100
38975 102
38976 106
38977 115
38978 118
38979 91
38980 96
38981 97
38982 106
38983 111
38984 94
38985 98
38986 102
38987 109
38988 110
38989 112
38990 121
38991 126
38992 106
38993 111
38994 99
38995 107
38996 115
38997 76
38998 78
38999 83
39000 84
39001 89
39002 95
39003 100
39004 80
39005 89
39006 99
39007 107
39008 116
39009 99
39010 108
39011 115
39012 121
39013 131
39014 138
39015 99
39016 104
39017 114
39018 118
39019 80
39020 87
39021 97
39022 103
39023 112
39024 119
39025 85
39026 86
39027 95
39028 86
39029 91
39030 98
39031 100
39032 105
39033 109
39034 118
39035 115
39036 120
39037 64
39038 66
39039 67
39040 71
39041 79
39042 88
39043 93
39044 98
39045 100
39046 86
39047 92
39048 100
39049 110
39050 90
39051 91
39052 100
39053 62
39054 66
39055 71
39056 81
39057 82
39058 87
39059 82
39060 89
39061 90
39062 97
39063 100
39064 103
39065 107
39066 117
39067 127
39068 132
39069 114
39070 113
39071 115
39072 70
39073 72
39074 82
39075 92
39076 94
39077 95
39078 99
39079 106
39080 109
39081 112
39082 119
39083 93
39084 94
39085 98
39086 102
39087 108
39088 117
39089 119
39090 72
39091 82
39092 86
39093 89
39094 90
39095 92
39096 89
39097 80
39098 85
39099 94
39100 104
39101 107
39102 110
39103 118
39104 110
39105 111
39106 118
39107 126
39108 133
39109 133
39110 98
39111 108
39112 110
39113 88
39114 94
39115 100
39116 102
39117 109
39118 110
39119 94
39120 96
39121 105
39122 115
39123 121
39124 128
39125 99
39126 68
39127 76
39128 82
39129 85
39130 89
39131 92
39132 100
39133 102
39134 100
39135 98
39136 108
39137 109
39138 113
39139 121
39140 124
39141 129
39142 111
39143 91
39144 97
39145 79
39146 81
39147 89
39148 95
39149 102
39150 108
39151 111
39152 89
39153 96
39154 103
39155 112
39156 121
39157 124
39158 100
39159 101
39160 92
39161 102
39162 109
39163 106
39164 108
39165 117
39166 98
39167 100
39168 101
39169 111
39170 118
39171 120
39172 110
39173 114
39174 101
39175 93
39176 97
39177 107
39178 114
39179 114
39180 114
39181 121
39182 123
39183 120
39184 100
39185 108
39186 113
39187 121
39188 84
39189 91
39190 99
39191 108
39192 102
39193 103
39194 107
39195 110
39196 120
39197 118
39198 125
39199 111
39200 85
39201 87
39202 94
39203 101
39204 108
39205 107
39206 94
39207 100
39208 96
39209 102
39210 103
39211 103
39212 109
39213 108
39214 112
39215 77
39216 86
39217 90
39218 100
39219 102
39220 111
39221 112
39222 114
39223 121
39224 110
39225 117
39226 109
39227 118
39228 82
39229 84
39230 85
39231 93
39232 97
39233 81
39234 84
39235 87
39236 92
39237 93
39238 97
39239 106
39240 94
39241 96
39242 96
39243 105
39244 111
39245 116
39246 126
39247 122
39248 91
39249 95
39250 97
39251 101
39252 111
39253 93
39254 94
39255 99
39256 100
39257 106
39258 109
39259 112
39260 121
39261 113
39262 118
39263 120
39264 122
39265 127
39266 128
39267 133
39268 111
39269 107
39270 107
39271 88
39272 89
39273 96
39274 106
39275 98
39276 99
39277 100
39278 87
39279 89
39280 96
39281 88
39282 97
39283 104
39284 109
39285 100
39286 87
39287 97
39288 103
39289 108
39290 107
39291 116
39292 111
39293 119
39294 103
39295 108
39296 96
39297 100
39298 104
39299 109
39300 115
39301 119
39302 127
39303 131
39304 135
39305 115
39306 117
39307 117
39308 114
39309 121
39310 120
39311 124
39312 107
39313 117
39314 92
39315 95
39316 97
39317 105
39318 114
39319 119
39320 126
39321 105
39322 113
39323 93
39324 101
39325 105
39326 110
39327 117
39328 119
39329 123
39330 113
39331 115
39332 114
39333 119
39334 125
39335 126
39336 122
39337 128
39338 90
39339 90
39340 56
39341 66
39342 69
39343 78
39344 83
39345 84
39346 88
39347 92
39348 101
39349 104
39350 113
39351 117
39352 121
39353 98
39354 101
39355 105
39356 106
39357 88
39358 94
39359 98
39360 102
39361 106
39362 114
39363 109
39364 113
39365 114
39366 121
39367 130
39368 110
39369 117
39370 123
39371 125
39372 90
39373 98
39374 87
39375 92
39376 99
39377 107
39378 104
39379 107
39380 105
39381 108
39382 112
39383 115
39384 120
39385 91
39386 98
39387 104
39388 107
39389 70
39390 71
39391 78
39392 84
39393 91
39394 95
39395 96
39396 99
39397 101
39398 106
39399 109
39400 78
39401 88
39402 90
39403 81
39404 64
39405 70
39406 71
39407 80
39408 90
39409 96
39410 102
39411 107
39412 108
39413 100
39414 108
39415 93
39416 102
39417 105
39418 106
39419 92
39420 96
39421 101
39422 100
39423 101
39424 109
39425 111
39426 88
39427 98
39428 102
39429 106
39430 110
39431 119
39432 128
39433 134
39434 109
39435 96
39436 97
39437 103
39438 105
39439 115
39440 68
39441 74
39442 83
39443 93
39444 94
39445 97
39446 105
39447 112
39448 113
39449 108
39450 99
39451 108
39452 81
39453 87
39454 88
39455 82
39456 83
39457 85
39458 87
39459 88
39460 95
39461 103
39462 107
39463 109
39464 115
39465 125
39466 105
39467 110
39468 88
39469 97
39470 102
39471 111
39472 112
39473 87
39474 92
39475 101
39476 99
39477 108
39478 113
39479 116
39480 102
39481 104
39482 110
39483 111
39484 112
39485 102
39486 103
39487 91
39488 101
39489 102
39490 83
39491 84
39492 86
39493 88
39494 89
39495 90
39496 93
39497 94
39498 100
39499 103
39500 88
39501 96
39502 97
39503 107
39504 114
39505 123
39506 105
39507 113
39508 116
39509 95
39510 71
39511 72
39512 75
39513 78
39514 79
39515 82
39516 83
39517 87
39518 96
39519 103
39520 111
39521 121
39522 116
39523 118
39524 102
39525 105
39526 112
39527 115
39528 120
39529 130
39530 99
39531 103
39532 113
39533 89
39534 90
39535 95
39536 80
39537 81
39538 84
39539 88
39540 94
39541 104
39542 106
39543 111
39544 49
39545 53
39546 58
39547 61
39548 63
39549 61
39550 69
39551 73
39552 79
39553 89
39554 94
39555 90
39556 91
39557 83
39558 86
39559 90
39560 100
39561 110
39562 113
39563 116
39564 119
39565 109
39566 110
39567 98
39568 101
39569 104
39570 92
39571 102
39572 104
39573 99
39574 101
39575 105
39576 110
39577 111
39578 121
39579 108
39580 114
39581 123
39582 125
39583 116
39584 65
39585 69
39586 78
39587 81
39588 90
39589 99
39590 104
39591 96
39592 101
39593 99
39594 106
39595 108
39596 114
39597 120
39598 99
39599 94
39600 96
39601 104
39602 108
39603 112
39604 118
39605 101
39606 100
39607 103
39608 106
39609 110
39610 106
39611 111
39612 112
39613 85
39614 91
39615 98
39616 102
39617 104
39618 108
39619 85
39620 95
39621 100
39622 98
39623 100
39624 95
39625 96
39626 82
39627 85
39628 93
39629 101
39630 104
39631 112
39632 122
39633 84
39634 88
39635 95
39636 104
39637 96
39638 80
39639 88
39640 89
39641 94
39642 97
39643 96
39644 96
39645 101
39646 105
39647 90
39648 92
39649 78
39650 82
39651 57
39652 67
39653 70
39654 76
39655 78
39656 83
39657 86
39658 90
39659 100
39660 101
39661 110
39662 92
39663 98
39664 102
39665 84
39666 91
39667 95
39668 96
39669 97
39670 101
39671 110
39672 111
39673 105
39674 108
39675 113
39676 104
39677 108
39678 82
39679 92
39680 101
39681 102
39682 104
39683 110
39684 114
39685 115
39686 116
39687 114
39688 119
39689 126
39690 103
39691 109
39692 95
39693 104
39694 82
39695 91
39696 98
39697 102
39698 112
39699 121
39700 127
39701 134
39702 142
39703 110
39704 95
39705 101
39706 102
39707 104
39708 110
39709 92
39710 98
39711 103
39712 103
39713 90
39714 99
39715 105
39716 110
39717 111
39718 113
39719 112
39720 117
39721 103
39722 105
39723 113
39724 119
39725 109
39726 92
39727 97
39728 98
39729 104
39730 106
39731 109
39732 116
39733 115
39734 123
39735 103
39736 113
39737 122
39738 100
39739 106
39740 100
39741 91
39742 93
39743 101
39744 107
39745 111
39746 85
39747 86
39748 94
39749 98
39750 105
39751 115
39752 122
39753 126
39754 128
39755 131
39756 114
39757 104
39758 105
39759 109
39760 77
39761 86
39762 87
39763 95
39764 82
39765 66
39766 69
39767 74
39768 78
39769 79
39770 80
39771 87
39772 91
39773 98
39774 107
39775 110
39776 110
39777 115
39778 109
39779 67
39780 69
39781 73
39782 78
39783 80
39784 83
39785 64
39786 65
39787 67
39788 74
39789 75
39790 83
39791 92
39792 98
39793 90
39794 91
39795 92
39796 86
39797 93
39798 99
39799 107
39800 117
39801 123
39802 132
39803 135
39804 112
39805 104
39806 107
39807 117
39808 99
39809 86
39810 96
39811 99
39812 101
39813 110
39814 120
39815 125
39816 117
39817 115
39818 122
39819 111
39820 112
39821 116
39822 118
39823 112
39824 117
39825 110
39826 117
39827 109
39828 119
39829 106
39830 85
39831 92
39832 96
39833 97
39834 99
39835 100
39836 101
39837 96
39838 106
39839 94
39840 94
39841 98
39842 106
39843 115
39844 99
39845 103
39846 113
39847 118
39848 100
39849 109
39850 110
39851 113
39852 123
39853 132
39854 134
39855 138
39856 101
39857 104
39858 98
39859 104
39860 107
39861 117
39862 118
39863 85
39864 92
39865 100
39866 101
39867 104
39868 105
39869 101
39870 107
39871 110
39872 111
39873 110
39874 85
39875 90
39876 92
39877 96
39878 92
39879 98
39880 106
39881 107
39882 83
39883 93
39884 89
39885 95
39886 102
39887 103
39888 106
39889 103
39890 105
39891 112
39892 110
39893 101
39894 106
39895 91
39896 92
39897 94
39898 96
39899 106
39900 103
39901 108
39902 110
39903 104
39904 110
39905 112
39906 99
39907 96
39908 103
39909 108
39910 112
39911 113
39912 112
39913 116
39914 121
39915 130
39916 71
39917 68
39918 76
39919 81
39920 90
39921 91
39922 94
39923 95
39924 84
39925 79
39926 87
39927 91
39928 94
39929 100
39930 97
39931 100
39932 108
39933 117
39934 84
39935 88
39936 92
39937 98
39938 101
39939 99
39940 101
39941 104
39942 114
39943 100
39944 102
39945 97
39946 101
39947 111
39948 108
39949 94
39950 101
39951 97
39952 105
39953 107
39954 115
39955 120
39956 122
39957 45
39958 53
39959 61
39960 65
39961 73
39962 74
39963 82
39964 88
39965 93
39966 99
39967 97
39968 102
39969 96
39970 65
39971 67
39972 77
39973 81
39974 90
39975 91
39976 95
39977 98
39978 104
39979 109
39980 111
39981 116
39982 124
39983 97
39984 92
39985 96
39986 98
39987 108
39988 97
39989 104
39990 105
39991 113
39992 115
39993 111
39994 115
39995 120
39996 121
39997 128
39998 133
39999 143
40000 148
40001 111
40002 118
40003 100
40004 87
40005 89
40006 90
40007 95
40008 84
40009 85
40010 93
40011 103
40012 107
40013 108
40014 116
40015 110
40016 117
40017 118
40018 115
40019 73
40020 81
40021 85
40022 94
40023 101
40024 104
40025 91
40026 97
40027 101
40028 87
40029 92
40030 99
40031 99
40032 106
40033 104
40034 107
40035 112
40036 120
40037 107
40038 112
40039 118
40040 117
40041 90
40042 91
40043 100
40044 104
40045 88
40046 97
40047 104
40048 100
40049 101
40050 108
40051 101
40052 103
40053 109
40054 75
40055 79
40056 80
40057 88
40058 81
40059 82
40060 81
40061 91
40062 93
40063 102
40064 108
40065 112
40066 104
40067 98
40068 100
40069 96
40070 79
40071 80
40072 85
40073 95
40074 102
40075 105
40076 107
40077 94
40078 92
40079 101
40080 110
40081 120
40082 86
40083 91
40084 98
40085 106
40086 109
40087 114
40088 97
40089 104
40090 110
40091 106
40092 112
40093 110
40094 120
40095 127
40096 130
40097 91
40098 80
40099 87
40100 85
40101 95
40102 95
40103 103
40104 94
40105 98
40106 104
40107 86
40108 96
40109 105
40110 101
40111 66
40112 70
40113 77
40114 80
40115 86
40116 83
40117 86
40118 93
40119 98
40120 82
40121 84
40122 85
40123 93
40124 90
40125 91
40126 98
40127 99
40128 103
40129 66
40130 73
40131 76
40132 80
40133 85
40134 86
40135 89
40136 94
40137 96
40138 83
40139 86
40140 91
40141 93
40142 79
40143 86
40144 95
40145 104
40146 105
40147 108
40148 101
40149 94
40150 94
40151 64
40152 65
40153 73
40154 80
40155 82
40156 85
40157 87
40158 97
40159 103
40160 104
40161 96
40162 105
40163 83
40164 81
40165 86
40166 67
40167 72
40168 52
40169 55
40170 57
40171 62
40172 66
40173 74
40174 75
40175 85
40176 86
40177 92
40178 95
40179 103
40180 105
40181 109
40182 112
40183 117
40184 120
40185 123
40186 102
40187 107
40188 96
40189 99
40190 108
40191 110
40192 104
40193 111
40194 96
40195 99
40196 104
40197 95
40198 102
40199 83
40200 87
40201 92
40202 94
40203 96
40204 100
40205 109
40206 113
40207 112
40208 88
40209 89
40210 90
40211 92
40212 95
40213 103
40214 110
40215 117
40216 90
40217 92
40218 98
40219 102
40220 109
40221 102
40222 97
40223 102
40224 101
40225 104
40226 107
40227 115
40228 122
40229 126
40230 95
40231 100
40232 101
40233 106
40234 109
40235 119
40236 129
40237 106
40238 110
40239 107
40240 111
40241 93
40242 96
40243 99
40244 105
40245 113
40246 108
40247 113
40248 92
40249 100
40250 110
40251 120
40252 126
40253 128
40254 83
40255 84
40256 93
40257 97
40258 99
40259 100
40260 109
40261 118
40262 110
40263 113
40264 118
40265 100
40266 109
40267 113
40268 120
40269 114
40270 80
40271 88
40272 95
40273 97
40274 100
40275 102
40276 103
40277 95
40278 104
40279 111
40280 117
40281 101
40282 107
40283 109
40284 109
40285 113
40286 90
40287 100
40288 104
40289 107
40290 116
40291 119
40292 120
40293 93
40294 78
40295 83
40296 86
40297 92
40298 101
40299 105
40300 109
40301 108
40302 111
40303 103
40304 112
40305 115
40306 106
40307 108
40308 99
40309 96
40310 104
40311 105
40312 98
40313 101
40314 106
40315 116
40316 116
40317 109
40318 114
40319 116
40320 87
40321 79
40322 82
40323 91
40324 101
40325 106
40326 104
40327 83
40328 92
40329 96
40330 102
40331 104
40332 110
40333 105
40334 107
40335 108
40336 114
40337 118
40338 105
40339 113
40340 119
40341 102
40342 101
40343 96
40344 97
40345 106
40346 115
40347 122
40348 109
40349 111
40350 118
40351 121
40352 124
40353 132
40354 138
40355 66
40356 76
40357 86
40358 79
40359 85
40360 92
40361 93
40362 94
40363 96
40364 99
40365 101
40366 92
40367 77
40368 81
40369 85
40370 89
40371 95
40372 97
40373 103
40374 113
40375 114
40376 120
40377 114
40378 119
40379 115
40380 121
40381 98
40382 103
40383 111
40384 106
40385 94
40386 95
40387 101
40388 103
40389 111
40390 113
40391 111
40392 121
40393 124
40394 98
40395 104
40396 110
40397 81
40398 84
40399 88
40400 95
40401 101
40402 111
40403 113
40404 73
40405 74
40406 71
40407 78
40408 84
40409 86
40410 90
40411 94
40412 97
40413 101
40414 103
40415 101
40416 102
40417 99
40418 103
40419 97
40420 104
40421 107
40422 93
40423 103
40424 104
40425 107
40426 109
40427 108
40428 116
40429 120
40430 121
40431 123
40432 125
40433 130
40434 131
40435 118
40436 89
40437 98
40438 106
40439 111
40440 119
40441 120
40442 125
40443 134
40444 123
40445 93
40446 102
40447 104
40448 105
40449 108
40450 112
40451 111
40452 107
40453 110
40454 117
40455 104
40456 114
40457 115
40458 90
40459 95
40460 97
40461 106
40462 98
40463 100
40464 110
40465 99
40466 100
40467 106
40468 114
40469 117
40470 126
40471 135
40472 116
40473 123
40474 131
40475 119
40476 120
40477 122
40478 129
40479 121
40480 111
40481 112
40482 116
40483 120
40484 121
40485 97
40486 72
40487 81
40488 88
40489 89
40490 96
40491 105
40492 115
40493 117
40494 127
40495 122
40496 124
40497 131
40498 135
40499 136
40500 141
40501 143
40502 153
40503 109
40504 94
40505 97
40506 85
40507 93
40508 103
40509 95
40510 98
40511 106
40512 112
40513 103
40514 109
40515 111
40516 119
40517 107
40518 108
40519 110
40520 102
40521 107
40522 79
40523 86
40524 89
40525 93
40526 99
40527 102
40528 80
40529 87
40530 88
40531 93
40532 93
40533 95
40534 96
40535 102
40536 108
40537 102
40538 110
40539 112
40540 96
40541 106
40542 116
40543 124
40544 123
40545 126
40546 86
40547 87
40548 93
40549 99
40550 104
40551 114
40552 111
40553 100
40554 106
40555 116
40556 124
40557 80
40558 86
40559 87
40560 95
40561 105
40562 114
40563 93
40564 101
40565 111
40566 116
40567 120
40568 124
40569 130
40570 111
40571 110
40572 116
40573 118
40574 102
40575 104
40576 95
40577 104
40578 105
40579 108
40580 111
40581 94
40582 103
40583 111
40584 121
40585 89
40586 96
40587 98
40588 102
40589 112
40590 120
40591 102
40592 109
40593 115
40594 70
40595 80
40596 88
40597 94
40598 99
40599 102
40600 102
40601 103
40602 105
40603 114
40604 88
40605 93
40606 101
40607 104
40608 98
40609 103
40610 113
40611 113
40612 122
40613 128
40614 106
40615 105
40616 106
40617 93
40618 100
40619 107
40620 114
40621 106
40622 110
40623 115
40624 120
40625 121
40626 107
40627 116
40628 120
40629 125
40630 124
40631 109
40632 112
40633 119
40634 121
40635 128
40636 135
40637 113
40638 99
40639 97
40640 75
40641 81
40642 85
40643 92
40644 73
40645 75
40646 83
40647 87
40648 97
40649 83
40650 86
40651 93
40652 99
40653 105
40654 106
40655 112
40656 120
40657 130
40658 124
40659 128
40660 113
40661 123
40662 126
40663 110
40664 110
40665 113
40666 115
40667 117
40668 127
40669 81
40670 83
40671 84
40672 85
40673 90
40674 92
40675 96
40676 100
40677 101
40678 106
40679 99
40680 105
40681 108
40682 111
40683 121
40684 111
40685 120
40686 120
40687 108
40688 116
40689 126
40690 132
40691 101
40692 104
40693 95
40694 105
40695 107
40696 102
40697 103
40698 107
40699 112
40700 88
40701 84
40702 86
40703 91
40704 97
40705 88
40706 89
40707 92
40708 100
40709 104
40710 89
40711 95
40712 98
40713 102
40714 106
40715 113
40716 115
40717 99
40718 105
40719 110
40720 113
40721 90
40722 98
40723 96
40724 104
40725 110
40726 103
40727 99
40728 90
40729 97
40730 101
40731 109
40732 114
40733 123
40734 126
40735 134
40736 136
40737 142
40738 146
40739 118
40740 104
40741 107
40742 108
40743 114
40744 118
40745 102
40746 98
40747 78
40748 88
40749 98
40750 105
40751 109
40752 98
40753 104
40754 96
40755 105
40756 101
40757 111
40758 117
40759 118
40760 102
40761 94
40762 103
40763 89
40764 98
40765 102
40766 112
40767 122
40768 131
40769 81
40770 85
40771 89
40772 83
40773 91
40774 97
40775 101
40776 105
40777 110
40778 113
40779 119
40780 116
40781 103
40782 72
40783 73
40784 79
40785 88
40786 89
40787 80
40788 81
40789 91
40790 90
40791 97
40792 105
40793 115
40794 120
40795 125
40796 109
40797 110
40798 120
40799 129
40800 133
40801 136
40802 145
40803 121
40804 115
40805 116
40806 97
40807 98
40808 107
40809 113
40810 123
40811 120
40812 111
40813 119
40814 95
40815 65
40816 70
40817 75
40818 76
40819 83
40820 88
40821 92
40822 99
40823 97
40824 100
40825 96
40826 98
40827 90
40828 93
40829 94
40830 98
40831 104
40832 105
40833 114
40834 116
40835 118
40836 89
40837 94
40838 96
40839 106
40840 115
40841 86
40842 91
40843 98
40844 89
40845 92
40846 95
40847 105
40848 111
40849 96
40850 104
40851 77
40852 79
40853 89
40854 96
40855 100
40856 107
40857 102
40858 110
40859 82
40860 92
40861 88
40862 91
40863 98
40864 101
40865 104
40866 105
40867 111
40868 113
40869 85
40870 94
40871 100
40872 107
40873 116
40874 120
40875 114
40876 115
40877 118
40878 94
40879 103
40880 111
40881 118
40882 101
40883 109
40884 118
40885 101
40886 109
40887 103
40888 81
40889 78
40890 88
40891 94
40892 91
40893 99
40894 101
40895 41
40896 45
40897 50
40898 59
40899 64
40900 66
40901 70
40902 78
40903 82
40904 85
40905 86
40906 93
40907 103
40908 99
40909 107
40910 96
40911 101
40912 107
40913 86
40914 94
40915 88
40916 91
40917 93
40918 97
40919 100
40920 103
40921 112
40922 99
40923 103
40924 108
40925 115
40926 93
40927 97
40928 99
40929 97
40930 98
40931 104
40932 107
40933 110
40934 119
40935 115
40936 119
40937 114
40938 116
40939 120
40940 124
40941 125
40942 106
40943 109
40944 115
40945 124
40946 128
40947 120
40948 109
40949 110
40950 116
40951 122
40952 94
40953 97
40954 98
40955 107
40956 85
40957 94
40958 103
40959 107
40960 116
40961 122
40962 127
40963 117
40964 121
40965 129
40966 97
40967 98
40968 105
40969 108
40970 99
40971 106
40972 110
40973 85
40974 93
40975 99
40976 108
40977 118
40978 112
40979 119
40980 125
40981 126
40982 115
40983 98
40984 98
40985 102
40986 107
40987 110
40988 113
40989 120
40990 91
40991 94
40992 95
40993 90
40994 94
40995 100
40996 101
40997 89
40998 83
40999 87
41000 95
41001 88
41002 95
41003 104
41004 106
41005 95
41006 96
41007 97
41008 101
41009 106
41010 80
41011 83
41012 90
41013 94
41014 95
41015 103
41016 93
41017 101
41018 102
41019 106
41020 107
41021 109
41022 110
41023 73
41024 78
41025 79
41026 88
41027 97
41028 104
41029 105
41030 109
41031 111
41032 99
41033 101
41034 101
41035 88
41036 90
41037 96
41038 85
41039 91
41040 98
41041 103
41042 110
41043 118
41044 123
41045 77
41046 84
41047 94
41048 103
41049 111
41050 96
41051 86
41052 93
41053 60
41054 67
41055 69
41056 75
41057 80
41058 83
41059 84
41060 87
41061 97
41062 100
41063 110
41064 113
41065 123
41066 105
41067 115
41068 107
41069 113
41070 120
41071 104
41072 106
41073 109
41074 118
41075 86
41076 87
41077 88
41078 91
41079 93
41080 95
41081 101
41082 108
41083 115
41084 119
41085 127
41086 101
41087 111
41088 107
41089 113
41090 121
41091 128
41092 81
41093 83
41094 92
41095 98
41096 103
41097 94
41098 103
41099 104
41100 111
41101 121
41102 123
41103 122
41104 113
41105 115
41106 119
41107 102
41108 110
41109 97
41110 107
41111 111
41112 120
41113 122
41114 117
41115 119
41116 125
41117 120
41118 99
41119 99
41120 107
41121 116
41122 117
41123 120
41124 125
41125 111
41126 118
41127 106
41128 112
41129 120
41130 123
41131 91
41132 98
41133 107
41134 112
41135 114
41136 123
41137 125
41138 99
41139 84
41140 93
41141 92
41142 100
41143 104
41144 108
41145 116
41146 78
41147 88
41148 92
41149 101
41150 106
41151 107
41152 97
41153 101
41154 111
41155 98
41156 104
41157 112
41158 96
41159 103
41160 111
41161 118
41162 121
41163 110
41164 114
41165 106
41166 112
41167 118
41168 128
41169 137
41170 84
41171 91
41172 101
41173 110
41174 113
41175 106
41176 95
41177 100
41178 108
41179 109
41180 115
41181 123
41182 60
41183 62
41184 70
41185 75
41186 84
41187 90
41188 96
41189 103
41190 104
41191 95
41192 100
41193 99
41194 103
41195 83
41196 91
41197 94
41198 102
41199 103
41200 106
41201 108
41202 75
41203 81
41204 83
41205 93
41206 99
41207 102
41208 99
41209 103
41210 104
41211 113
41212 114
41213 107
41214 95
41215 97
41216 102
41217 103
41218 70
41219 74
41220 78
41221 84
41222 90
41223 98
41224 103
41225 113
41226 93
41227 97
41228 102
41229 97
41230 98
41231 101
41232 108
41233 112
41234 117
41235 70
41236 77
41237 79
41238 82
41239 90
41240 97
41241 102
41242 98
41243 84
41244 85
41245 90
41246 96
41247 106
41248 112
41249 114
41250 120
41251 110
41252 120
41253 114
41254 115
41255 121
41256 123
41257 108
41258 108
41259 112
41260 91
41261 92
41262 98
41263 107
41264 114
41265 94
41266 103
41267 107
41268 115
41269 118
41270 106
41271 108
41272 111
41273 114
41274 118
41275 121
41276 118
41277 100
41278 58
41279 63
41280 64
41281 66
41282 70
41283 77
41284 85
41285 89
41286 95
41287 102
41288 61
41289 63
41290 64
41291 71
41292 79
41293 87
41294 94
41295 91
41296 97
41297 99
41298 103
41299 109
41300 115
41301 116
41302 126
41303 131
41304 134
41305 97
41306 100
41307 75
41308 78
41309 81
41310 84
41311 94
41312 102
41313 105
41314 114
41315 116
41316 117
41317 122
41318 96
41319 100
41320 108
41321 111
41322 115
41323 124
41324 106
41325 113
41326 111
41327 119
41328 128
41329 108
41330 111
41331 117
41332 122
41333 109
41334 113
41335 114
41336 115
41337 115
41338 120
41339 110
41340 99
41341 108
41342 111
41343 107
41344 103
41345 110
41346 114
41347 122
41348 64
41349 67
41350 74
41351 75
41352 85
41353 93
41354 100
41355 108
41356 111
41357 90
41358 99
41359 101
41360 105
41361 92
41362 101
41363 103
41364 82
41365 87
41366 97
41367 106
41368 112
41369 103
41370 102
41371 108
41372 114
41373 108
41374 116
41375 118
41376 105
41377 112
41378 116
41379 117
41380 103
41381 110
41382 113
41383 105
41384 89
41385 98
41386 106
41387 111
41388 113
41389 121
41390 127
41391 115
41392 119
41393 89
41394 94
41395 97
41396 106
41397 107
41398 117
41399 80
41400 89
41401 99
41402 103
41403 109
41404 116
41405 120
41406 130
41407 134
41408 143
41409 135
41410 145
41411 93
41412 98
41413 99
41414 105
41415 97
41416 97
41417 100
41418 103
41419 113
41420 120
41421 127
41422 137
41423 142
41424 111
41425 102
41426 99
41427 107
41428 110
41429 96
41430 106
41431 113
41432 115
41433 118
41434 121
41435 125
41436 130
41437 91
41438 93
41439 99
41440 102
41441 88
41442 92
41443 97
41444 105
41445 107
41446 116
41447 61
41448 65
41449 72
41450 80
41451 89
41452 88
41453 98
41454 105
41455 100
41456 104
41457 114
41458 115
41459 115
41460 117
41461 110
41462 113
41463 112
41464 122
41465 132
41466 98
41467 105
41468 106
41469 112
41470 119
41471 97
41472 100
41473 99
41474 109
41475 119
41476 116
41477 113
41478 95
41479 104
41480 112
41481 119
41482 121
41483 131
41484 138
41485 144
41486 100
41487 110
41488 111
41489 97
41490 99
41491 91
41492 99
41493 104
41494 112
41495 111
41496 117
41497 124
41498 97
41499 99
41500 103
41501 63
41502 64
41503 73
41504 83
41505 88
41506 98
41507 105
41508 112
41509 93
41510 95
41511 100
41512 105
41513 109
41514 114
41515 124
41516 100
41517 110
41518 88
41519 97
41520 101
41521 110
41522 113
41523 114
41524 110
41525 112
41526 115
41527 116
41528 118
41529 124
41530 129
41531 130
41532 134
41533 128
41534 120
41535 105
41536 109
41537 119
41538 51
41539 58
41540 68
41541 75
41542 83
41543 90
41544 99
41545 103
41546 109
41547 105
41548 106
41549 109
41550 116
41551 121
41552 107
41553 108
41554 118
41555 120
41556 106
41557 113
41558 116
41559 119
41560 129
41561 109
41562 118
41563 111
41564 117
41565 104
41566 109
41567 117
41568 121
41569 131
41570 139
41571 108
41572 117
41573 101
41574 110
41575 99
41576 108
41577 97
41578 101
41579 107
41580 108
41581 115
41582 114
41583 121
41584 122
41585 78
41586 84
41587 88
41588 91
41589 93
41590 102
41591 105
41592 111
41593 119
41594 120
41595 98
41596 102
41597 109
41598 118
41599 122
41600 123
41601 103
41602 97
41603 107
41604 108
41605 87
41606 94
41607 99
41608 102
41609 112
41610 113
41611 114
41612 108
41613 97
41614 106
41615 102
41616 104
41617 107
41618 115
41619 118
41620 125
41621 132
41622 93
41623 86
41624 93
41625 94
41626 96
41627 97
41628 104
41629 110
41630 118
41631 127
41632 120
41633 125
41634 121
41635 125
41636 90
41637 100
41638 105
41639 95
41640 74
41641 80
41642 81
41643 85
41644 87
41645 89
41646 95
41647 105
41648 109
41649 102
41650 104
41651 114
41652 109
41653 112
41654 122
41655 124
41656 129
41657 132
41658 142
41659 143
41660 147
41661 154
41662 136
41663 138
41664 107
41665 110
41666 115
41667 112
41668 69
41669 73
41670 82
41671 88
41672 86
41673 78
41674 84
41675 93
41676 96
41677 97
41678 105
41679 88
41680 97
41681 102
41682 104
41683 110
41684 115
41685 91
41686 94
41687 79
41688 87
41689 97
41690 102
41691 97
41692 105
41693 114
41694 101
41695 104
41696 113
41697 115
41698 122
41699 131
41700 119
41701 99
41702 104
41703 105
41704 107
41705 110
41706 111
41707 118
41708 124
41709 129
41710 99
41711 100
41712 102
41713 106
41714 112
41715 78
41716 88
41717 89
41718 96
41719 100
41720 108
41721 114
41722 123
41723 102
41724 110
41725 104
41726 108
41727 116
41728 113
41729 119
41730 77
41731 79
41732 48
41733 53
41734 59
41735 66
41736 67
41737 76
41738 83
41739 91
41740 93
41741 95
41742 103
41743 94
41744 97
41745 98
41746 99
41747 66
41748 71
41749 76
41750 82
41751 84
41752 87
41753 93
41754 98
41755 105
41756 86
41757 94
41758 97
41759 103
41760 43
41761 52
41762 59
41763 68
41764 76
41765 78
41766 79
41767 82
41768 85
41769 93
41770 95
41771 97
41772 101
41773 106
41774 113
41775 80
41776 85
41777 94
41778 87
41779 95
41780 101
41781 103
41782 107
41783 115
41784 119
41785 74
41786 81
41787 90
41788 77
41789 78
41790 86
41791 92
41792 95
41793 102
41794 100
41795 103
41796 103
41797 112
41798 119
41799 125
41800 131
41801 130
41802 132
41803 133
41804 113
41805 118
41806 95
41807 99
41808 100
41809 93
41810 101
41811 104
41812 106
41813 113
41814 119
41815 111
41816 112
41817 116
41818 120
41819 127
41820 78
41821 83
41822 85
41823 92
41824 80
41825 89
41826 97
41827 94
41828 101
41829 105
41830 88
41831 94
41832 99
41833 105
41834 106
41835 103
41836 100
41837 101
41838 91
41839 99
41840 78
41841 86
41842 93
41843 95
41844 96
41845 103
41846 109
41847 116
41848 120
41849 129
41850 95
41851 92
41852 95
41853 99
41854 109
41855 111
41856 120
41857 104
41858 110
41859 113
41860 114
41861 115
41862 110
41863 117
41864 118
41865 124
41866 110
41867 106
41868 111
41869 116
41870 72
41871 73
41872 80
41873 73
41874 83
41875 85
41876 95
41877 105
41878 108
41879 118
41880 104
41881 106
41882 96
41883 97
41884 90
41885 96
41886 99
41887 85
41888 94
41889 97
41890 102
41891 109
41892 113
41893 110
41894 92
41895 99
41896 105
41897 115
41898 93
41899 56
41900 57
41901 66
41902 72
41903 76
41904 79
41905 88
41906 98
41907 104
41908 107
41909 113
41910 108
41911 99
41912 105
41913 98
41914 106
41915 108
41916 90
41917 92
41918 98
41919 100
41920 108
41921 114
41922 121
41923 126
41924 110
41925 119
41926 116
41927 73
41928 75
41929 85
41930 91
41931 99
41932 107
41933 112
41934 83
41935 86
41936 91
41937 96
41938 103
41939 105
41940 113
41941 71
41942 73
41943 82
41944 87
41945 93
41946 98
41947 103
41948 90
41949 85
41950 90
41951 95
41952 101
41953 110
41954 81
41955 91
41956 98
41957 95
41958 94
41959 102
41960 106
41961 110
41962 117
41963 101
41964 107
41965 108
41966 113
41967 109
41968 95
41969 104
41970 110
41971 114
41972 84
41973 89
41974 98
41975 105
41976 99
41977 107
41978 101
41979 110
41980 105
41981 114
41982 117
41983 110
41984 118
41985 128
41986 137
41987 108
41988 114
41989 117
41990 98
41991 98
41992 108
41993 111
41994 116
41995 119
41996 110
41997 111
41998 118
41999 127
42000 129
42001 122
42002 100
42003 80
42004 88
42005 93
42006 94
42007 101
42008 104
42009 105
42010 84
42011 86
42012 92
42013 97
42014 101
42015 103
42016 113
42017 119
42018 88
42019 96
42020 97
42021 100
42022 104
42023 87
42024 79
42025 87
42026 92
42027 93
42028 100
42029 99
42030 105
42031 110
42032 100
42033 85
42034 95
42035 103
42036 77
42037 79
42038 82
42039 73
42040 74
42041 75
42042 83
42043 92
42044 100
42045 107
42046 115
42047 115
42048 117
42049 51
42050 54
42051 62
42052 69
42053 71
42054 76
42055 81
42056 84
42057 91
42058 81
42059 91
42060 98
42061 103
42062 111
42063 114
42064 112
42065 114
42066 93
42067 87
42068 97
42069 106
42070 111
42071 116
42072 125
42073 128
42074 96
42075 102
42076 92
42077 91
42078 99
42079 94
42080 98
42081 99
42082 105
42083 105
42084 106
42085 107
42086 86
42087 96
42088 104
42089 114
42090 124
42091 99
42092 101
42093 82
42094 90
42095 98
42096 104
42097 111
42098 112
42099 101
42100 103
42101 105
42102 108
42103 117
42104 80
42105 83
42106 84
42107 87
42108 94
42109 100
42110 107
42111 108
42112 111
42113 106
42114 85
42115 89
42116 97
42117 107
42118 97
42119 84
42120 92
42121 101
42122 106
42123 109
42124 102
42125 85
42126 87
42127 88
42128 92
42129 99
42130 101
42131 111
42132 77
42133 85
42134 92
42135 97
42136 102
42137 62
42138 70
42139 76
42140 77
42141 78
42142 80
42143 57
42144 63
42145 69
42146 70
42147 76
42148 79
42149 81
42150 91
42151 96
42152 82
42153 87
42154 94
42155 96
42156 85
42157 87
42158 95
42159 94
42160 96
42161 99
42162 103
42163 104
42164 105
42165 113
42166 91
42167 77
42168 82
42169 84
42170 87
42171 93
42172 96
42173 101
42174 103
42175 104
42176 100
42177 105
42178 111
42179 82
42180 89
42181 95
42182 98
42183 101
42184 110
42185 115
42186 115
42187 118
42188 126
42189 111
42190 115
42191 122
42192 110
42193 91
42194 100
42195 103
42196 64
42197 73
42198 75
42199 85
42200 86
42201 92
42202 96
42203 101
42204 103
42205 86
42206 91
42207 101
42208 109
42209 118
42210 126
42211 130
42212 135
42213 141
42214 90
42215 97
42216 96
42217 98
42218 101
42219 108
42220 111
42221 99
42222 100
42223 82
42224 83
42225 84
42226 90
42227 94
42228 79
42229 82
42230 90
42231 92
42232 101
42233 102
42234 95
42235 102
42236 106
42237 93
42238 99
42239 89
42240 96
42241 101
42242 102
42243 103
42244 109
42245 119
42246 109
42247 118
42248 121
42249 124
42250 110
42251 106
42252 111
42253 115
42254 89
42255 92
42256 94
42257 98
42258 91
42259 95
42260 97
42261 95
42262 102
42263 96
42264 104
42265 109
42266 110
42267 93
42268 102
42269 106
42270 107
42271 111
42272 114
42273 116
42274 97
42275 107
42276 116
42277 123
42278 124
42279 129
42280 138
42281 146
42282 151
42283 95
42284 100
42285 103
42286 112
42287 108
42288 117
42289 123
42290 108
42291 110
42292 111
42293 115
42294 121
42295 127
42296 128
42297 101
42298 73
42299 78
42300 82
42301 90
42302 91
42303 101
42304 110
42305 101
42306 96
42307 100
42308 85
42309 88
42310 95
42311 98
42312 93
42313 94
42314 97
42315 102
42316 106
42317 109
42318 109
42319 105
42320 103
42321 111
42322 102
42323 109
42324 118
42325 125
42326 130
42327 140
42328 124
42329 132
42330 106
42331 111
42332 101
42333 107
42334 110
42335 81
42336 86
42337 92
42338 99
42339 102
42340 105
42341 112
42342 86
42343 94
42344 103
42345 108
42346 77
42347 85
42348 87
42349 94
42350 96
42351 100
42352 105
42353 97
42354 100
42355 109
42356 104
42357 105
42358 115
42359 118
42360 126
42361 96
42362 99
42363 100
42364 109
42365 110
42366 120
42367 96
42368 97
42369 73
42370 74
42371 81
42372 87
42373 95
42374 105
42375 115
42376 115
42377 119
42378 98
42379 104
42380 103
42381 110
42382 111
42383 115
42384 112
42385 104
42386 109
42387 110
42388 116
42389 119
42390 128
42391 102
42392 79
42393 88
42394 98
42395 97
42396 100
42397 109
42398 110
42399 96
42400 103
42401 86
42402 95
42403 99
42404 100
42405 103
42406 105
42407 103
42408 108
42409 114
42410 106
42411 114
42412 113
42413 119
42414 114
42415 107
42416 39
42417 45
42418 51
42419 52
42420 60
42421 68
42422 70
42423 78
42424 86
42425 92
42426 89
42427 91
42428 92
42429 93
42430 95
42431 104
42432 105
42433 109
42434 110
42435 115
42436 107
42437 110
42438 117
42439 97
42440 100
42441 104
42442 109
42443 98
42444 99
42445 108
42446 80
42447 83
42448 90
42449 99
42450 104
42451 96
42452 98
42453 100
42454 88
42455 93
42456 99
42457 103
42458 104
42459 108
42460 111
42461 66
42462 70
42463 79
42464 86
42465 91
42466 98
42467 104
42468 106
42469 101
42470 109
42471 117
42472 104
42473 111
42474 114
42475 101
42476 107
42477 84
42478 88
42479 83
42480 86
42481 78
42482 80
42483 86
42484 92
42485 94
42486 79
42487 80
42488 85
42489 92
42490 99
42491 103
42492 104
42493 93
42494 97
42495 105
42496 102
42497 96
42498 104
42499 108
42500 117
42501 119
42502 111
42503 119
42504 86
42505 94
42506 96
42507 103
42508 101
42509 103
42510 96
42511 98
42512 101
42513 102
42514 107
42515 110
42516 119
42517 127
42518 117
42519 123
42520 127
42521 129
42522 102
42523 108
42524 109
42525 109
42526 87
42527 92
42528 98
42529 107
42530 99
42531 103
42532 109
42533 115
42534 120
42535 119
42536 127
42537 82
42538 85
42539 94
42540 99
42541 109
42542 101
42543 108
42544 113
42545 100
42546 102
42547 109
42548 110
42549 106
42550 116
42551 125
42552 122
42553 128
42554 92
42555 93
42556 102
42557 111
42558 117
42559 124
42560 126
42561 129
42562 132
42563 134
42564 136
42565 105
42566 109
42567 110
42568 102
42569 109
42570 105
42571 107
42572 91
42573 97
42574 102
42575 108
42576 105
42577 93
42578 103
42579 105
42580 109
42581 85
42582 86
42583 92
42584 97
42585 98
42586 106
42587 111
42588 111
42589 117
42590 118
42591 126
42592 132
42593 140
42594 147
42595 156
42596 96
42597 101
42598 80
42599 87
42600 94
42601 97
42602 99
42603 93
42604 103
42605 107
42606 111
42607 115
42608 118
42609 112
42610 120
42611 115
42612 124
42613 95
42614 105
42615 110
42616 111
42617 119
42618 112
42619 114
42620 124
42621 93
42622 93
42623 82
42624 86
42625 88
42626 98
42627 102
42628 104
42629 80
42630 84
42631 86
42632 87
42633 97
42634 99
42635 109
42636 115
42637 101
42638 103
42639 95
42640 105
42641 112
42642 116
42643 123
42644 100
42645 100
42646 107
42647 84
42648 86
42649 94
42650 85
42651 90
42652 92
42653 96
42654 102
42655 110
42656 117
42657 79
42658 89
42659 93
42660 102
42661 111
42662 84
42663 93
42664 98
42665 92
42666 101
42667 108
42668 115
42669 116
42670 120
42671 130
42672 140
42673 147
42674 102
42675 112
42676 120
42677 115
42678 117
42679 118
42680 125
42681 119
42682 121
42683 122
42684 127
42685 130
42686 135
42687 90
42688 95
42689 97
42690 98
42691 108
42692 116
42693 125
42694 89
42695 95
42696 97
42697 89
42698 91
42699 101
42700 102
42701 107
42702 112
42703 66
42704 67
42705 75
42706 85
42707 88
42708 89
42709 96
42710 81
42711 90
42712 99
42713 108
42714 92
42715 78
42716 80
42717 84
42718 89
42719 91
42720 76
42721 80
42722 87
42723 93
42724 95
42725 98
42726 102
42727 91
42728 93
42729 95
42730 99
42731 108
42732 118
42733 100
42734 103
42735 102
42736 104
42737 106
42738 113
42739 118
42740 110
42741 115
42742 70
42743 73
42744 81
42745 84
42746 71
42747 72
42748 73
42749 76
42750 83
42751 89
42752 89
42753 90
42754 91
42755 94
42756 99
42757 100
42758 101
42759 110
42760 114
42761 72
42762 81
42763 85
42764 87
42765 92
42766 96
42767 106
42768 112
42769 113
42770 116
42771 116
42772 120
42773 114
42774 97
42775 104
42776 105
42777 83
42778 92
42779 100
42780 110
42781 120
42782 120
42783 80
42784 81
42785 91
42786 94
42787 101
42788 103
42789 106
42790 114
42791 114
42792 100
42793 104
42794 109
42795 72
42796 70
42797 74
42798 76
42799 79
42800 89
42801 95
42802 99
42803 106
42804 115
42805 119
42806 125
42807 128
42808 89
42809 95
42810 96
42811 105
42812 107
42813 84
42814 52
42815 58
42816 59
42817 67
42818 76
42819 77
42820 78
42821 86
42822 96
42823 69
42824 77
42825 80
42826 87
42827 97
42828 106
42829 110
42830 120
42831 87
42832 97
42833 101
42834 106
42835 112
42836 106
42837 114
42838 65
42839 73
42840 78
42841 88
42842 85
42843 95
42844 97
42845 99
42846 105
42847 106
42848 115
42849 88
42850 93
42851 94
42852 102
42853 92
42854 95
42855 101
42856 103
42857 83
42858 84
42859 90
42860 97
42861 99
42862 102
42863 109
42864 112
42865 113
42866 114
42867 119
42868 106
42869 90
42870 94
42871 101
42872 108
42873 97
42874 101
42875 111
42876 119
42877 87
42878 95
42879 100
42880 109
42881 111
42882 120
42883 121
42884 130
42885 133
42886 140
42887 141
42888 125
42889 130
42890 121
42891 126
42892 108
42893 96
42894 90
42895 93
42896 84
42897 91
42898 100
42899 107
42900 97
42901 106
42902 108
42903 98
42904 104
42905 109
42906 115
42907 121
42908 92
42909 98
42910 81
42911 83
42912 85
42913 89
42914 91
42915 85
42916 94
42917 85
42918 93
42919 98
42920 99
42921 100
42922 99
42923 101
42924 90
42925 55
42926 63
42927 68
42928 72
42929 79
42930 83
42931 89
42932 96
42933 106
42934 100
42935 108
42936 109
42937 107
42938 108
42939 94
42940 97
42941 106
42942 112
42943 119
42944 100
42945 106
42946 109
42947 115
42948 94
42949 100
42950 101
42951 107
42952 110
42953 77
42954 83
42955 87
42956 97
42957 104
42958 112
42959 99
42960 100
42961 67
42962 76
42963 80
42964 85
42965 89
42966 95
42967 102
42968 112
42969 113
42970 118
42971 113
42972 116
42973 109
42974 62
42975 69
42976 68
42977 69
42978 79
42979 82
42980 84
42981 88
42982 93
42983 88
42984 98
42985 88
42986 92
42987 96
42988 98
42989 99
42990 102
42991 112
42992 114
42993 91
42994 93
42995 102
42996 105
42997 108
42998 104
42999 100
43000 76
43001 85
43002 91
43003 100
43004 105
43005 112
43006 110
43007 117
43008 105
43009 114
43010 115
43011 114
43012 124
43013 134
43014 136
43015 112
43016 101
43017 82
43018 86
43019 87
43020 94
43021 103
43022 105
43023 114
43024 113
43025 121
43026 127
43027 116
43028 97
43029 103
43030 109
43031 97
43032 103
43033 107
43034 114
43035 115
43036 110
43037 115
43038 85
43039 93
43040 94
43041 98
43042 107
43043 114
43044 117
43045 121
43046 122
43047 128
43048 105
43049 110
43050 99
43051 101
43052 107
43053 111
43054 114
43055 96
43056 104
43057 109
43058 119
43059 122
43060 109
43061 114
43062 113
43063 117
43064 127
43065 123
43066 118
43067 126
43068 129
43069 101
43070 100
43071 96
43072 105
43073 110
43074 111
43075 115
43076 90
43077 94
43078 92
43079 95
43080 66
43081 71
43082 80
43083 89
43084 91
43085 95
43086 87
43087 94
43088 102
43089 111
43090 111
43091 118
43092 96
43093 106
43094 108
43095 117
43096 105
43097 106
43098 114
43099 120
43100 122
43101 67
43102 76
43103 83
43104 88
43105 97
43106 98
43107 99
43108 109
43109 73
43110 79
43111 86
43112 90
43113 78
43114 81
43115 85
43116 92
43117 100
43118 103
43119 106
43120 100
43121 104
43122 109
43123 110
43124 99
43125 108
43126 116
43127 123
43128 127
43129 134
43130 84
43131 93
43132 101
43133 102
43134 103
43135 104
43136 111
43137 91
43138 92
43139 94
43140 100
43141 107
43142 112
43143 121
43144 106
43145 111
43146 118
43147 100
43148 104
43149 85
43150 90
43151 87
43152 95
43153 97
43154 103
43155 109
43156 91
43157 96
43158 102
43159 103
43160 111
43161 120
43162 94
43163 96
43164 101
43165 107
43166 112
43167 114
43168 115
43169 99
43170 100
43171 85
43172 91
43173 88
43174 96
43175 98
43176 105
43177 88
43178 91
43179 99
43180 107
43181 91
43182 101
43183 102
43184 106
43185 108
43186 115
43187 122
43188 116
43189 114
43190 109
43191 113
43192 115
43193 116
43194 114
43195 106
43196 85
43197 88
43198 96
43199 101
43200 105
43201 84
43202 91
43203 97
43204 104
43205 106
43206 115
43207 116
43208 121
43209 111
43210 114
43211 119
43212 95
43213 101
43214 107
43215 114
43216 108
43217 113
43218 105
43219 112
43220 104
43221 113
43222 122
43223 127
43224 95
43225 99
43226 101
43227 103
43228 101
43229 85
43230 92
43231 98
43232 106
43233 109
43234 98
43235 104
43236 109
43237 113
43238 114
43239 112
43240 119
43241 106
43242 113
43243 106
43244 113
43245 110
43246 103
43247 104
43248 109
43249 105
43250 108
43251 109
43252 113
43253 123
43254 126
43255 134
43256 138
43257 109
43258 118
43259 122
43260 96
43261 80
43262 82
43263 91
43264 97
43265 99
43266 106
43267 110
43268 120
43269 121
43270 82
43271 90
43272 92
43273 67
43274 68
43275 75
43276 83
43277 92
43278 93
43279 95
43280 92
43281 99
43282 104
43283 95
43284 96
43285 105
43286 107
43287 103
43288 91
43289 94
43290 98
43291 92
43292 96
43293 102
43294 106
43295 104
43296 106
43297 95
43298 99
43299 103
43300 104
43301 106
43302 115
43303 119
43304 123
43305 114
43306 101
43307 102
43308 92
43309 93
43310 95
43311 96
43312 101
43313 94
43314 101
43315 103
43316 108
43317 110
43318 112
43319 116
43320 121
43321 98
43322 100
43323 109
43324 109
43325 116
43326 96
43327 97
43328 106
43329 114
43330 122
43331 107
43332 96
43333 96
43334 105
43335 90
43336 93
43337 59
43338 61
43339 67
43340 70
43341 75
43342 81
43343 90
43344 92
43345 95
43346 101
43347 103
43348 106
43349 114
43350 118
43351 121
43352 120
43353 124
43354 102
43355 111
43356 112
43357 118
43358 114
43359 124
43360 110
43361 103
43362 107
43363 110
43364 110
43365 94
43366 97
43367 105
43368 114
43369 112
43370 120
43371 109
43372 119
43373 104
43374 110
43375 100
43376 104
43377 91
43378 96
43379 99
43380 105
43381 74
43382 80
43383 90
43384 96
43385 89
43386 95
43387 104
43388 111
43389 105
43390 107
43391 109
43392 107
43393 113
43394 103
43395 113
43396 114
43397 116
43398 118
43399 111
43400 92
43401 86
43402 84
43403 85
43404 88
43405 95
43406 101
43407 99
43408 105
43409 110
43410 114
43411 98
43412 102
43413 83
43414 85
43415 92
43416 89
43417 90
43418 93
43419 103
43420 106
43421 109
43422 87
43423 88
43424 79
43425 83
43426 86
43427 90
43428 91
43429 93
43430 94
43431 102
43432 103
43433 108
43434 118
43435 124
43436 117
43437 123
43438 130
43439 125
43440 100
43441 106
43442 74
43443 78
43444 81
43445 85
43446 91
43447 96
43448 99
43449 109
43450 112
43451 116
43452 122
43453 128
43454 101
43455 102
43456 105
43457 113
43458 122
43459 110
43460 113
43461 122
43462 125
43463 125
43464 129
43465 99
43466 83
43467 87
43468 91
43469 91
43470 92
43471 101
43472 110
43473 117
43474 67
43475 72
43476 76
43477 79
43478 86
43479 94
43480 81
43481 89
43482 58
43483 59
43484 66
43485 75
43486 76
43487 78
43488 85
43489 90
43490 95
43491 99
43492 102
43493 107
43494 115
43495 84
43496 85
43497 87
43498 89
43499 98
43500 100
43501 102
43502 109
43503 114
43504 120
43505 128
43506 107
43507 111
43508 114
43509 124
43510 131
43511 120
43512 94
43513 100
43514 105
43515 100
43516 103
43517 107
43518 102
43519 109
43520 106
43521 102
43522 108
43523 113
43524 120
43525 128
43526 130
43527 139
43528 92
43529 87
43530 81
43531 83
43532 90
43533 93
43534 84
43535 93
43536 101
43537 104
43538 95
43539 97
43540 98
43541 95
43542 102
43543 110
43544 118
43545 106
43546 115
43547 88
43548 97
43549 97
43550 98
43551 108
43552 115
43553 116
43554 95
43555 100
43556 105
43557 110
43558 106
43559 116
43560 117
43561 124
43562 133
43563 142
43564 95
43565 99
43566 107
43567 108
43568 112
43569 119
43570 117
43571 123
43572 111
43573 121
43574 114
43575 119
43576 124
43577 127
43578 95
43579 102
43580 104
43581 80
43582 81
43583 90
43584 96
43585 99
43586 99
43587 106
43588 107
43589 116
43590 119
43591 129
43592 135
43593 140
43594 145
43595 146
43596 95
43597 102
43598 112
43599 114
43600 77
43601 80
43602 85
43603 86
43604 88
43605 89
43606 98
43607 108
43608 116
43609 126
43610 105
43611 98
43612 95
43613 103
43614 104
43615 104
43616 112
43617 119
43618 106
43619 110
43620 104
43621 106
43622 109
43623 103
43624 111
43625 120
43626 93
43627 99
43628 105
43629 103
43630 104
43631 113
43632 115
43633 95
43634 86
43635 88
43636 93
43637 98
43638 93
43639 102
43640 103
43641 93
43642 94
43643 101
43644 101
43645 107
43646 113
43647 113
43648 121
43649 115
43650 96
43651 104
43652 111
43653 113
43654 115
43655 125
43656 118
43657 120
43658 127
43659 135
43660 116
43661 97
43662 98
43663 100
43664 108
43665 88
43666 90
43667 93
43668 96
43669 98
43670 107
43671 99
43672 106
43673 112
43674 117
43675 97
43676 103
43677 105
43678 98
43679 105
43680 108
43681 112
43682 118
43683 128
43684 129
43685 131
43686 132
43687 138
43688 141
43689 119
43690 99
43691 102
43692 105
43693 106
43694 98
43695 107
43696 116
43697 119
43698 127
43699 133
43700 122
43701 130
43702 136
43703 113
43704 96
43705 102
43706 104
43707 95
43708 99
43709 109
43710 115
43711 113
43712 118
43713 118
43714 104
43715 108
43716 110
43717 97
43718 99
43719 104
43720 111
43721 94
43722 98
43723 87
43724 82
43725 88
43726 95
43727 97
43728 101
43729 96
43730 102
43731 103
43732 99
43733 76
43734 77
43735 80
43736 85
43737 91
43738 101
43739 108
43740 107
43741 113
43742 103
43743 85
43744 86
43745 70
43746 71
43747 77
43748 84
43749 90
43750 86
43751 89
43752 99
43753 105
43754 95
43755 105
43756 115
43757 120
43758 100
43759 104
43760 106
43761 110
43762 118
43763 95
43764 104
43765 98
43766 85
43767 90
43768 91
43769 97
43770 104
43771 111
43772 72
43773 80
43774 85
43775 91
43776 95
43777 101
43778 111
43779 80
43780 82
43781 87
43782 91
43783 99
43784 100
43785 103
43786 83
43787 90
43788 95
43789 98
43790 105
43791 108
43792 103
43793 104
43794 107
43795 108
43796 118
43797 74
43798 84
43799 92
43800 93
43801 89
43802 96
43803 100
43804 110
43805 111
43806 113
43807 98
43808 99
43809 105
43810 113
43811 108
43812 115
43813 116
43814 125
43815 112
43816 97
43817 101
43818 85
43819 91
43820 92
43821 100
43822 105
43823 112
43824 98
43825 106
43826 107
43827 109
43828 114
43829 124
43830 116
43831 118
43832 116
43833 118
43834 120
43835 119
43836 124
43837 133
43838 103
43839 91
43840 101
43841 102
43842 106
43843 116
43844 71
43845 77
43846 80
43847 83
43848 90
43849 98
43850 100
43851 104
43852 111
43853 116
43854 49
43855 53
43856 57
43857 67
43858 73
43859 79
43860 89
43861 98
43862 96
43863 105
43864 114
43865 106
43866 87
43867 93
43868 95
43869 103
43870 103
43871 103
43872 98
43873 105
43874 95
43875 99
43876 100
43877 108
43878 115
43879 124
43880 105
43881 109
43882 107
43883 99
43884 108
43885 112
43886 116
43887 118
43888 90
43889 98
43890 104
43891 106
43892 116
43893 124
43894 94
43895 100
43896 106
43897 116
43898 118
43899 78
43900 81
43901 84
43902 88
43903 92
43904 99
43905 109
43906 111
43907 118
43908 99
43909 101
43910 108
43911 113
43912 100
43913 100
43914 100
43915 106
43916 100
43917 104
43918 108
43919 110
43920 119
43921 92
43922 95
43923 105
43924 104
43925 114
43926 92
43927 93
43928 97
43929 98
43930 107
43931 108
43932 111
43933 96
43934 97
43935 95
43936 102
43937 104
43938 113
43939 117
43940 115
43941 90
43942 99
43943 101
43944 100
43945 110
43946 116
43947 123
43948 100
43949 110
43950 117
43951 123
43952 127
43953 137
43954 81
43955 91
43956 91
43957 54
43958 60
43959 64
43960 70
43961 73
43962 74
43963 78
43964 80
43965 81
43966 56
43967 65
43968 68
43969 76
43970 84
43971 85
43972 87
43973 95
43974 60
43975 67
43976 70
43977 80
43978 86
43979 88
43980 89
43981 97
43982 104
43983 114
43984 117
43985 119
43986 90
43987 98
43988 104
43989 92
43990 97
43991 98
43992 99
43993 103
43994 108
43995 111
43996 117
43997 79
43998 84
43999 94
44000 104
44001 106
44002 111
44003 83
44004 90
44005 100
44006 104
44007 108
44008 112
44009 116
44010 122
44011 109
44012 113
44013 121
44014 105
44015 112
44016 117
44017 88
44018 90
44019 98
44020 91
44021 94
44022 99
44023 106
44024 113
44025 91
44026 95
44027 103
44028 111
44029 116
44030 98
44031 99
44032 106
44033 112
44034 100
44035 101
44036 105
44037 106
44038 113
44039 123
44040 82
44041 85
44042 95
44043 95
44044 99
44045 101
44046 111
44047 81
44048 87
44049 95
44050 82
44051 92
44052 102
44053 108
44054 80
44055 87
44056 89
44057 93
44058 103
44059 107
44060 88
44061 90
44062 96
44063 93
44064 98
44065 98
44066 104
44067 99
44068 104
44069 110
44070 111
44071 116
44072 124
44073 106
44074 115
44075 120
44076 98
44077 64
44078 72
44079 77
44080 86
44081 87
44082 89
44083 98
44084 108
44085 110
44086 114
44087 109
44088 112
44089 121
44090 126
44091 112
44092 91
44093 100
44094 99
44095 104
44096 112
44097 116
44098 110
44099 88
44100 95
44101 96
44102 103
44103 100
44104 101
44105 103
44106 107
44107 91
44108 74
44109 84
44110 92
44111 96
44112 78
44113 81
44114 91
44115 97
44116 103
44117 110
44118 85
44119 92
44120 74
44121 84
44122 91
44123 97
44124 75
44125 76
44126 82
44127 88
44128 95
44129 99
44130 102
44131 90
44132 91
44133 94
44134 98
44135 99
44136 104
44137 105
44138 109
44139 118
44140 110
44141 100
44142 108
44143 109
44144 118
44145 121
44146 92
44147 102
44148 108
44149 112
44150 98
44151 103
44152 106
44153 99
44154 109
44155 106
44156 115
44157 119
44158 101
44159 109
44160 116
44161 119
44162 118
44163 121
44164 108
44165 98
44166 108
44167 111
44168 115
44169 117
44170 109
44171 92
44172 95
44173 97
44174 104
44175 106
44176 73
44177 81
44178 91
44179 91
44180 96
44181 105
44182 111
44183 115
44184 118
44185 125
44186 126
44187 113
44188 112
44189 115
44190 105
44191 80
44192 90
44193 95
44194 81
44195 87
44196 89
44197 96
44198 105
44199 102
44200 103
44201 104
44202 107
44203 110
44204 103
44205 106
44206 109
44207 119
44208 111
44209 119
44210 100
44211 107
44212 71
44213 76
44214 78
44215 80
44216 83
44217 89
44218 98
44219 100
44220 108
44221 113
44222 118
44223 118
44224 111
44225 107
44226 111
44227 112
44228 88
44229 95
44230 101
44231 107
44232 100
44233 106
44234 112
44235 122
44236 132
44237 118
44238 120
44239 109
44240 111
44241 116
44242 118
44243 86
44244 96
44245 103
44246 111
44247 101
44248 109
44249 112
44250 121
44251 128
44252 138
44253 126
44254 89
44255 96
44256 100
44257 105
44258 111
44259 112
44260 118
44261 121
44262 123
44263 110
44264 116
44265 126
44266 127
44267 121
44268 103
44269 107
44270 106
44271 109
44272 113
44273 105
44274 108
44275 117
44276 126
44277 123
44278 126
44279 132
44280 93
44281 98
44282 106
44283 111
44284 119
44285 122
44286 131
44287 133
44288 69
44289 75
44290 77
44291 78
44292 87
44293 90
44294 93
44295 97
44296 106
44297 110
44298 90
44299 99
44300 104
44301 105
44302 106
44303 114
44304 111
44305 114
44306 116
44307 119
44308 127
44309 123
44310 131
44311 134
44312 144
44313 82
44314 87
44315 90
44316 97
44317 101
44318 108
44319 103
44320 106
44321 86
44322 88
44323 90
44324 97
44325 99
44326 109
44327 100
44328 106
44329 115
44330 103
44331 98
44332 102
44333 90
44334 93
44335 95
44336 97
44337 101
44338 102
44339 108
44340 114
44341 117
44342 105
44343 106
44344 104
44345 103
44346 64
44347 67
44348 75
44349 82
44350 86
44351 90
44352 91
44353 94
44354 99
44355 105
44356 109
44357 114
44358 120
44359 81
44360 82
44361 92
44362 75
44363 85
44364 93
44365 99
44366 100
44367 103
44368 92
44369 98
44370 104
44371 114
44372 90
44373 87
44374 93
44375 94
44376 100
44377 108
44378 111
44379 117
44380 119
44381 109
44382 111
44383 99
44384 106
44385 112
44386 121
44387 112
44388 119
44389 101
44390 111
44391 113
44392 117
44393 122
44394 115
44395 121
44396 128
44397 137
44398 112
44399 87
44400 89
44401 90
44402 99
44403 79
44404 86
44405 89
44406 98
44407 99
44408 102
44409 112
44410 104
44411 110
44412 113
44413 116
44414 75
44415 81
44416 85
44417 95
44418 97
44419 102
44420 110
44421 101
44422 103
44423 107
44424 97
44425 106
44426 94
44427 98
44428 100
44429 104
44430 107
44431 66
44432 72
44433 82
44434 87
44435 92
44436 96
44437 103
44438 113
44439 118
44440 113
44441 108
44442 116
44443 106
44444 111
44445 116
44446 105
44447 80
44448 85
44449 87
44450 90
44451 96
44452 100
44453 106
44454 107
44455 95
44456 98
44457 105
44458 88
44459 91
44460 92
44461 84
44462 75
44463 78
44464 87
44465 88
44466 96
44467 99
44468 100
44469 108
44470 113
44471 112
44472 120
44473 98
44474 102
44475 107
44476 111
44477 103
44478 105
44479 90
44480 100
44481 106
44482 108
44483 113
44484 116
44485 120
44486 122
44487 111
44488 96
44489 98
44490 107
44491 109
44492 114
44493 116
44494 99
44495 106
44496 111
44497 89
44498 92
44499 100
44500 71
44501 80
44502 83
44503 84
44504 89
44505 94
44506 97
44507 101
44508 107
44509 78
44510 86
44511 93
44512 97
44513 95
44514 97
44515 99
44516 104
44517 79
44518 82
44519 85
44520 93
44521 94
44522 102
44523 110
44524 105
44525 92
44526 96
44527 104
44528 95
44529 80
44530 81
44531 86
44532 94
44533 102
44534 108
44535 113
44536 120
44537 130
44538 131
44539 140
44540 104
44541 96
44542 106
44543 113
44544 116
44545 82
44546 74
44547 75
44548 85
44549 94
44550 104
44551 111
44552 59
44553 64
44554 74
44555 75
44556 84
44557 92
44558 95
44559 98
44560 99
44561 107
44562 107
44563 99
44564 105
44565 114
44566 103
44567 111
44568 102
44569 108
44570 113
44571 123
44572 127
44573 110
44574 103
44575 102
44576 112
44577 117
44578 90
44579 94
44580 95
44581 100
44582 108
44583 118
44584 100
44585 106
44586 113
44587 112
44588 118
44589 124
44590 116
44591 119
44592 122
44593 96
44594 98
44595 102
44596 69
44597 74
44598 83
44599 83
44600 87
44601 91
44602 94
44603 102
44604 107
44605 111
44606 118
44607 107
44608 105
44609 113
44610 104
44611 109
44612 99
44613 103
44614 108
44615 110
44616 119
44617 129
44618 102
44619 106
44620 113
44621 99
44622 103
44623 105
44624 113
44625 93
44626 101
44627 105
44628 106
44629 113
44630 107
44631 109
44632 89
44633 95
44634 97
44635 102
44636 105
44637 104
44638 113
44639 100
44640 109
44641 104
44642 113
44643 118
44644 98
44645 108
44646 116
44647 107
44648 111
44649 118
44650 115
44651 121
44652 125
44653 112
44654 111
44655 112
44656 114
44657 119
44658 124
44659 130
44660 139
44661 82
44662 88
44663 93
44664 103
44665 107
44666 108
44667 111
44668 98
44669 107
44670 108
44671 111
44672 107
44673 103
44674 111
44675 82
44676 67
44677 73
44678 77
44679 86
44680 90
44681 94
44682 75
44683 81
44684 87
44685 92
44686 93
44687 99
44688 102
44689 108
44690 108
44691 101
44692 106
44693 114
44694 116
44695 72
44696 75
44697 83
44698 91
44699 84
44700 89
44701 89
44702 94
44703 26
44704 32
44705 39
44706 46
44707 47
44708 52
44709 60
44710 68
44711 75
44712 85
44713 92
44714 96
44715 100
44716 105
44717 108
44718 98
44719 108
44720 112
44721 122
44722 116
44723 123
44724 97
44725 99
44726 108
44727 99
44728 104
44729 100
44730 104
44731 108
44732 116
44733 123
44734 124
44735 119
44736 129
44737 139
44738 111
44739 121
44740 131
44741 120
44742 98
44743 97
44744 99
44745 105
44746 109
44747 93
44748 94
44749 104
44750 106
44751 103
44752 109
44753 92
44754 97
44755 103
44756 96
44757 92
44758 71
44759 77
44760 86
44761 94
44762 97
44763 105
44764 98
44765 100
44766 104
44767 80
44768 85
44769 92
44770 95
44771 101
44772 103
44773 107
44774 101
44775 102
44776 93
44777 101
44778 103
44779 104
44780 103
44781 105
44782 112
44783 69
44784 71
44785 79
44786 80
44787 86
44788 89
44789 94
44790 92
44791 102
44792 108
44793 114
44794 116
44795 119
44796 123
44797 127
44798 128
44799 112
44800 115
44801 124
44802 120
44803 125
44804 99
44805 100
44806 103
44807 105
44808 88
44809 90
44810 91
44811 92
44812 102
44813 95
44814 97
44815 101
44816 106
44817 85
44818 95
44819 99
44820 103
44821 111
44822 98
44823 82
44824 91
44825 99
44826 103
44827 112
44828 89
44829 92
44830 99
44831 103
44832 101
44833 96
44834 106
44835 112
44836 112
44837 102
44838 96
44839 100
44840 100
44841 102
44842 111
44843 97
44844 102
44845 107
44846 106
44847 112
44848 112
44849 113
44850 115
44851 119
44852 126
44853 129
44854 76
44855 80
44856 90
44857 95
44858 99
44859 107
44860 112
44861 122
44862 128
44863 130
44864 101
44865 83
44866 84
44867 86
44868 92
44869 94
44870 102
44871 108
44872 113
44873 84
44874 89
44875 99
44876 107
44877 83
44878 92
44879 54
44880 61
44881 65
44882 71
44883 74
44884 79
44885 86
44886 91
44887 93
44888 98
44889 100
44890 109
44891 111
44892 105
44893 108
44894 90
44895 95
44896 105
44897 104
44898 100
44899 89
44900 93
44901 100
44902 109
44903 110
44904 108
44905 110
44906 77
44907 78
44908 81
44909 91
44910 94
44911 103
44912 113
44913 90
44914 94
44915 90
44916 100
44917 107
44918 105
44919 106
44920 94
44921 101
44922 106
44923 110
44924 111
44925 98
44926 107
44927 109
44928 118
44929 122
44930 124
44931 102
44932 85
44933 93
44934 97
44935 101
44936 107
44937 115
44938 100
44939 101
44940 103
44941 101
44942 53
44943 58
44944 59
44945 65
44946 69
44947 73
44948 79
44949 81
44950 89
44951 95
44952 97
44953 104
44954 109
44955 111
44956 97
44957 106
44958 77
44959 78
44960 87
44961 97
44962 106
44963 112
44964 82
44965 92
44966 99
44967 101
44968 105
44969 87
44970 92
44971 99
44972 90
44973 91
44974 94
44975 102
44976 112
44977 120
44978 105
44979 109
44980 98
44981 83
44982 89
44983 93
44984 97
44985 104
44986 109
44987 95
44988 102
44989 100
44990 99
44991 109
44992 118
44993 117
44994 127
44995 137
44996 122
44997 123
44998 74
44999 78
45000 86
45001 58
45002 62
45003 67
45004 68
45005 70
45006 72
45007 77
45008 83
45009 93
45010 77
45011 85
45012 88
45013 97
45014 104
45015 108
45016 110
45017 118
45018 103
45019 81
45020 85
45021 94
45022 102
45023 107
45024 108
45025 118
45026 105
45027 91
45028 96
45029 101
45030 102
45031 112
45032 106
45033 116
45034 80
45035 88
45036 91
45037 96
45038 89
45039 96
45040 101
45041 104
45042 105
45043 113
45044 113
45045 118
45046 122
45047 130
45048 94
45049 99
45050 101
45051 103
45052 112
45053 107
45054 97
45055 104
45056 110
45057 112
45058 81
45059 87
45060 94
45061 103
45062 105
45063 107
45064 112
45065 120
45066 108
45067 111
45068 112
45069 96
45070 98
45071 99
45072 101
45073 84
45074 86
45075 90
45076 96
45077 100
45078 96
45079 97
45080 99
45081 104
45082 106
45083 79
45084 84
45085 93
45086 69
45087 76
45088 80
45089 88
45090 94
45091 90
45092 98
45093 102
45094 107
45095 113
45096 74
45097 83
45098 25
45099 26
45100 36
45101 44
45102 46
45103 48
45104 51
45105 55
45106 61
45107 69
45108 76
45109 85
45110 86
45111 75
45112 79
45113 87
45114 97
45115 101
45116 106
45117 110
45118 111
45119 117
45120 126
45121 117
45122 125
45123 108
45124 116
45125 96
45126 98
45127 106
45128 103
45129 107
45130 116
45131 97
45132 100
45133 108
45134 115
45135 121
45136 101
45137 108
45138 110
45139 95
45140 105
45141 83
45142 85
45143 88
45144 89
45145 95
45146 100
45147 110
45148 117
45149 121
45150 87
45151 93
45152 102
45153 111
45154 115
45155 117
45156 118
45157 76
45158 85
45159 90
45160 92
45161 93
45162 98
45163 90
45164 95
45165 90
45166 98
45167 102
45168 104
45169 104
45170 114
45171 67
45172 71
45173 74
45174 77
45175 82
45176 83
45177 87
45178 89
45179 91
45180 99
45181 104
45182 106
45183 112
45184 109
45185 90
45186 93
45187 100
45188 108
45189 97
45190 102
45191 97
45192 99
45193 90
45194 93
45195 94
45196 98
45197 108
45198 87
45199 93
45200 91
45201 96
45202 105
45203 100
45204 90
45205 93
45206 97
45207 94
45208 103
45209 105
45210 108
45211 102
45212 108
45213 111
45214 113
45215 117
45216 112
45217 100
45218 105
45219 115
45220 95
45221 99
45222 102
45223 93
45224 98
45225 99
45226 101
45227 102
45228 72
45229 76
45230 81
45231 87
45232 89
45233 96
45234 103
45235 104
45236 106
45237 114
45238 118
45239 119
45240 126
45241 133
45242 134
45243 86
45244 94
45245 97
45246 101
45247 89
45248 97
45249 98
45250 104
45251 106
45252 116
45253 106
45254 109
45255 110
45256 113
45257 101
45258 109
45259 105
45260 113
45261 102
45262 110
45263 115
45264 116
45265 125
45266 96
45267 101
45268 107
45269 109
45270 97
45271 99
45272 109
45273 105
45274 110
45275 113
45276 122
45277 130
45278 139
45279 118
45280 126
45281 133
45282 97
45283 93
45284 96
45285 104
45286 108
45287 110
45288 108
45289 111
45290 97
45291 106
45292 115
45293 105
45294 103
45295 109
45296 83
45297 88
45298 98
45299 99
45300 107
45301 115
45302 110
45303 117
45304 118
45305 122
45306 119
45307 120
45308 127
45309 103
45310 109
45311 117
45312 122
45313 122
45314 123
45315 129
45316 114
45317 116
45318 110
45319 114
45320 122
45321 128
45322 111
45323 114
45324 72
45325 74
45326 80
45327 57
45328 63
45329 68
45330 71
45331 80
45332 81
45333 84
45334 87
45335 94
45336 102
45337 104
45338 88
45339 98
45340 102
45341 112
45342 95
45343 103
45344 107
45345 109
45346 103
45347 104
45348 111
45349 120
45350 95
45351 86
45352 90
45353 100
45354 110
45355 119
45356 121
45357 122
45358 113
45359 120
45360 95
45361 63
45362 71
45363 76
45364 84
45365 89
45366 90
45367 82
45368 87
45369 97
45370 102
45371 70
45372 72
45373 82
45374 89
45375 92
45376 101
45377 100
45378 106
45379 107
45380 110
45381 100
45382 103
45383 101
45384 108
45385 96
45386 92
45387 94
45388 99
45389 108
45390 109
45391 87
45392 88
45393 96
45394 101
45395 103
45396 92
45397 101
45398 85
45399 94
45400 97
45401 106
45402 109
45403 119
45404 114
45405 115
45406 125
45407 80
45408 87
45409 92
45410 94
45411 104
45412 107
45413 108
45414 118
45415 94
45416 88
45417 89
45418 90
45419 98
45420 102
45421 98
45422 105
45423 107
45424 98
45425 107
45426 107
45427 115
45428 72
45429 81
45430 83
45431 86
45432 92
45433 99
45434 104
45435 113
45436 118
45437 78
45438 85
45439 89
45440 92
45441 101
45442 108
45443 96
45444 87
45445 90
45446 93
45447 98
45448 105
45449 106
45450 109
45451 114
45452 115
45453 119
45454 99
45455 103
45456 105
45457 102
45458 105
45459 110
45460 100
45461 101
45462 110
45463 111
45464 97
45465 83
45466 86
45467 91
45468 95
45469 105
45470 104
45471 108
45472 117
45473 125
45474 126
45475 106
45476 99
45477 101
45478 106
45479 109
45480 113
45481 117
45482 121
45483 82
45484 92
45485 93
45486 102
45487 103
45488 110
45489 114
45490 120
45491 122
45492 121
45493 126
45494 131
45495 117
45496 125
45497 128
45498 116
45499 117
45500 107
45501 109
45502 103
45503 104
45504 101
45505 103
45506 110
45507 116
45508 120
45509 123
45510 111
45511 113
45512 123
45513 125
45514 124
45515 112
45516 116
45517 117
45518 122
45519 109
45520 112
45521 114
45522 97
45523 98
45524 108
45525 113
45526 119
45527 72
45528 82
45529 87
45530 92
45531 95
45532 99
45533 102
45534 94
45535 96
45536 103
45537 105
45538 106
45539 104
45540 105
45541 110
45542 114
45543 119
45544 103
45545 106
45546 62
45547 71
45548 80
45549 79
45550 84
45551 84
45552 86
45553 89
45554 93
45555 75
45556 82
45557 92
45558 101
45559 94
45560 95
45561 100
45562 104
45563 106
45564 99
45565 105
45566 114
45567 120
45568 116
45569 101
45570 107
45571 114
45572 121
45573 106
45574 114
45575 102
45576 110
45577 116
45578 121
45579 128
45580 97
45581 103
45582 106
45583 114
45584 71
45585 72
45586 73
45587 82
45588 87
45589 92
45590 101
45591 102
45592 101
45593 95
45594 99
45595 104
45596 107
45597 111
45598 121
45599 123
45600 86
45601 94
45602 103
45603 110
45604 112
45605 113
45606 96
45607 91
45608 92
45609 102
45610 109
45611 118
45612 121
45613 93
45614 96
45615 106
45616 109
45617 97
45618 104
45619 113
45620 109
45621 119
45622 122
45623 113
45624 122
45625 129
45626 108
45627 114
45628 123
45629 95
45630 97
45631 103
45632 100
45633 109
45634 95
45635 102
45636 106
45637 107
45638 101
45639 97
45640 106
45641 95
45642 101
45643 101
45644 103
45645 110
45646 96
45647 102
45648 105
45649 111
45650 118
45651 123
45652 126
45653 117
45654 123
45655 130
45656 133
45657 142
45658 144
45659 112
45660 113
45661 119
45662 122
45663 102
45664 106
45665 107
45666 108
45667 116
45668 110
45669 112
45670 113
45671 98
45672 87
45673 70
45674 71
45675 79
45676 86
45677 88
45678 90
45679 97
45680 92
45681 93
45682 103
45683 94
45684 99
45685 100
45686 107
45687 108
45688 110
45689 115
45690 103
45691 107
45692 115
45693 108
45694 113
45695 122
45696 91
45697 96
45698 104
45699 111
45700 116
45701 120
45702 108
45703 113
45704 122
45705 124
45706 134
45707 112
45708 111
45709 113
45710 97
45711 99
45712 100
45713 100
45714 105
45715 106
45716 111
45717 94
45718 95
45719 105
45720 111
45721 119
45722 122
45723 102
45724 111
45725 115
45726 123
45727 113
45728 109
45729 119
45730 122
45731 96
45732 97
45733 104
45734 93
45735 103
45736 110
45737 118
45738 119
45739 120
45740 107
45741 117
45742 124
45743 121
45744 104
45745 98
45746 99
45747 28
45748 31
45749 37
45750 45
45751 48
45752 55
45753 63
45754 72
45755 78
45756 88
45757 89
45758 94
45759 103
45760 110
45761 82
45762 83
45763 93
45764 97
45765 102
45766 107
45767 116
45768 118
45769 117
45770 117
45771 123
45772 107
45773 114
45774 88
45775 92
45776 80
45777 89
45778 96
45779 72
45780 77
45781 86
45782 92
45783 95
45784 103
45785 105
45786 107
45787 116
45788 117
45789 122
45790 131
45791 134
45792 98
45793 107
45794 110
45795 117
45796 121
45797 123
45798 123
45799 111
45800 99
45801 102
45802 104
45803 111
45804 102
45805 105
45806 113
45807 118
45808 95
45809 100
45810 107
45811 116
45812 123
45813 105
45814 113
45815 87
45816 88
45817 89
45818 97
45819 101
45820 94
45821 100
45822 107
45823 110
45824 120
45825 63
45826 68
45827 75
45828 85
45829 77
45830 78
45831 80
45832 87
45833 96
45834 106
45835 104
45836 110
45837 113
45838 109
45839 111
45840 120
45841 126
45842 109
45843 110
45844 115
45845 116
45846 112
45847 99
45848 105
45849 108
45850 112
45851 108
45852 112
45853 109
45854 114
45855 123
45856 88
45857 96
45858 103
45859 105
45860 106
45861 114
45862 121
45863 100
45864 101
45865 93
45866 97
45867 103
45868 104
45869 101
45870 108
45871 118
45872 119
45873 109
45874 119
45875 81
45876 89
45877 91
45878 93
45879 94
45880 99
45881 108
45882 111
45883 110
45884 119
45885 129
45886 134
45887 104
45888 107
45889 114
45890 124
45891 111
45892 108
45893 114
45894 115
45895 115
45896 113
45897 114
45898 122
45899 107
45900 112
45901 115
45902 120
45903 125
45904 132
45905 101
45906 102
45907 104
45908 106
45909 115
45910 112
45911 120
45912 68
45913 77
45914 86
45915 91
45916 97
45917 101
45918 103
45919 107
45920 109
45921 98
45922 103
45923 106
45924 114
45925 119
45926 120
45927 121
45928 111
45929 118
45930 123
45931 125
45932 103
45933 75
45934 82
45935 87
45936 90
45937 94
45938 98
45939 103
45940 107
45941 109
45942 118
45943 99
45944 106
45945 95
45946 101
45947 90
45948 94
45949 99
45950 104
45951 101
45952 86
45953 96
45954 103
45955 108
45956 112
45957 118
45958 127
45959 137
45960 139
45961 142
45962 131
45963 135
45964 136
45965 95
45966 98
45967 104
45968 111
45969 120
45970 121
45971 113
45972 89
45973 95
45974 103
45975 110
45976 111
45977 112
45978 121
45979 130
45980 103
45981 105
45982 106
45983 101
45984 109
45985 111
45986 110
45987 114
45988 110
45989 112
45990 118
45991 94
45992 103
45993 109
45994 104
45995 97
45996 106
45997 109
45998 99
45999 105
46000 87
46001 92
46002 98
46003 99
46004 72
46005 75
46006 77
46007 84
46008 90
46009 93
46010 103
46011 105
46012 110
46013 116
46014 124
46015 104
46016 111
46017 121
46018 110
46019 88
46020 90
46021 96
46022 87
46023 89
46024 92
46025 73
46026 81
46027 89
46028 95
46029 102
46030 111
46031 112
46032 116
46033 118
46034 119
46035 102
46036 105
46037 89
46038 74
46039 81
46040 84
46041 89
46042 91
46043 98
46044 103
46045 106
46046 108
46047 112
46048 103
46049 106
46050 111
46051 120
46052 126
46053 108
46054 86
46055 73
46056 77
46057 82
46058 89
46059 94
46060 95
46061 103
46062 112
46063 115
46064 122
46065 119
46066 127
46067 103
46068 104
46069 114
46070 115
46071 121
46072 100
46073 110
46074 111
46075 102
46076 104
46077 97
46078 103
46079 105
46080 107
46081 116
46082 125
46083 98
46084 100
46085 92
46086 90
46087 92
46088 94
46089 99
46090 107
46091 117
46092 112
46093 86
46094 90
46095 93
46096 99
46097 106
46098 109
46099 118
46100 94
46101 104
46102 114
46103 115
46104 97
46105 107
46106 113
46107 87
46108 89
46109 96
46110 104
46111 109
46112 114
46113 113
46114 122
46115 132
46116 100
46117 92
46118 102
46119 109
46120 118
46121 128
46122 95
46123 102
46124 86
46125 94
46126 95
46127 103
46128 104
46129 78
46130 80
46131 89
46132 57
46133 59
46134 68
46135 77
46136 87
46137 89
46138 99
46139 107
46140 96
46141 103
46142 113
46143 121
46144 100
46145 107
46146 109
46147 111
46148 117
46149 91
46150 96
46151 104
46152 112
46153 113
46154 117
46155 106
46156 116
46157 103
46158 110
46159 118
46160 128
46161 89
46162 90
46163 95
46164 89
46165 97
46166 107
46167 85
46168 86
46169 87
46170 91
46171 92
46172 95
46173 91
46174 53
46175 60
46176 65
46177 73
46178 77
46179 85
46180 94
46181 99
46182 105
46183 110
46184 117
46185 120
46186 121
46187 112
46188 97
46189 101
46190 109
46191 87
46192 85
46193 89
46194 91
46195 92
46196 96
46197 102
46198 107
46199 103
46200 104
46201 113
46202 107
46203 107
46204 108
46205 110
46206 98
46207 90
46208 92
46209 88
46210 90
46211 95
46212 102
46213 104
46214 106
46215 112
46216 95
46217 102
46218 111
46219 90
46220 94
46221 102
46222 110
46223 91
46224 100
46225 104
46226 114
46227 123
46228 129
46229 132
46230 109
46231 110
46232 96
46233 102
46234 108
46235 117
46236 118
46237 121
46238 125
46239 135
46240 145
46241 120
46242 130
46243 139
46244 146
46245 148
46246 126
46247 105
46248 80
46249 86
46250 88
46251 89
46252 98
46253 100
46254 104
46255 102
46256 109
46257 111
46258 97
46259 98
46260 104
46261 106
46262 112
46263 44
46264 51
46265 56
46266 62
46267 69
46268 75
46269 84
46270 85
46271 87
46272 91
46273 95
46274 101
46275 86
46276 89
46277 87
46278 89
46279 95
46280 105
46281 106
46282 108
46283 89
46284 92
46285 93
46286 99
46287 102
46288 108
46289 110
46290 115
46291 121
46292 86
46293 92
46294 102
46295 103
46296 85
46297 91
46298 98
46299 104
46300 106
46301 116
46302 88
46303 97
46304 101
46305 105
46306 110
46307 105
46308 113
46309 120
46310 123
46311 117
46312 121
46313 113
46314 122
46315 91
46316 99
46317 78
46318 80
46319 84
46320 89
46321 99
46322 103
46323 110
46324 117
46325 103
46326 113
46327 120
46328 121
46329 130
46330 120
46331 113
46332 117
46333 123
46334 133
46335 134
46336 94
46337 102
46338 105
46339 88
46340 97
46341 101
46342 109
46343 112
46344 116
46345 124
46346 130
46347 135
46348 113
46349 118
46350 121
46351 66
46352 67
46353 68
46354 75
46355 78
46356 79
46357 87
46358 87
46359 94
46360 97
46361 107
46362 109
46363 117
46364 115
46365 121
46366 107
46367 65
46368 72
46369 74
46370 83
46371 91
46372 101
46373 106
46374 109
46375 65
46376 73
46377 74
46378 78
46379 85
46380 90
46381 82
46382 83
46383 89
46384 91
46385 100
46386 110
46387 97
46388 100
46389 54
46390 62
46391 63
46392 71
46393 72
46394 77
46395 82
46396 85
46397 90
46398 92
46399 95
46400 89
46401 93
46402 100
46403 97
46404 92
46405 93
46406 95
46407 95
46408 105
46409 98
46410 105
46411 114
46412 120
46413 109
46414 110
46415 107
46416 83
46417 93
46418 101
46419 103
46420 106
46421 99
46422 102
46423 95
46424 102
46425 94
46426 102
46427 106
46428 111
46429 116
46430 120
46431 129
46432 88
46433 89
46434 92
46435 102
46436 109
46437 113
46438 118
46439 87
46440 93
46441 103
46442 104
46443 114
46444 116
46445 120
46446 127
46447 133
46448 99
46449 102
46450 104
46451 109
46452 94
46453 96
46454 101
46455 102
46456 104
46457 88
46458 96
46459 98
46460 107
46461 104
46462 105
46463 107
46464 115
46465 110
46466 105
46467 107
46468 111
46469 80
46470 86
46471 90
46472 93
46473 94
46474 95
46475 100
46476 106
46477 112
46478 115
46479 122
46480 128
46481 131
46482 136
46483 73
46484 74
46485 80
46486 81
46487 87
46488 93
46489 92
46490 87
46491 97
46492 107
46493 109
46494 111
46495 121
46496 116
46497 125
46498 125
46499 92
46500 99
46501 83
46502 87
46503 96
46504 74
46505 78
46506 81
46507 88
46508 91
46509 82
46510 88
46511 97
46512 91
46513 92
46514 93
46515 95
46516 105
46517 90
46518 100
46519 107
46520 116
46521 103
46522 105
46523 107
46524 111
46525 114
46526 91
46527 92
46528 102
46529 112
46530 111
46531 112
46532 105
46533 113
46534 93
46535 94
46536 99
46537 107
46538 117
46539 117
46540 127
46541 128
46542 87
46543 93
46544 98
46545 103
46546 89
46547 92
46548 89
46549 89
46550 95
46551 96
46552 98
46553 106
46554 116
46555 112
46556 109
46557 102
46558 111
46559 113
46560 114
46561 120
46562 119
46563 99
46564 101
46565 104
46566 113
46567 105
46568 113
46569 116
46570 109
46571 114
46572 115
46573 102
46574 86
46575 92
46576 96
46577 101
46578 99
46579 106
46580 88
46581 91
46582 92
46583 95
46584 94
46585 100
46586 89
46587 94
46588 100
46589 110
46590 118
46591 125
46592 122
46593 132
46594 139
46595 129
46596 93
46597 92
46598 101
46599 102
46600 112
46601 111
46602 87
46603 89
46604 84
46605 93
46606 103
46607 105
46608 112
46609 116
46610 115
46611 122
46612 132
46613 135
46614 92
46615 100
46616 108
46617 102
46618 108
46619 110
46620 120
46621 101
46622 111
46623 113
46624 116
46625 118
46626 121
46627 131
46628 113
46629 117
46630 123
46631 125
46632 127
46633 130
46634 108
46635 110
46636 108
46637 111
46638 117
46639 87
46640 94
46641 97
46642 101
46643 102
46644 104
46645 109
46646 99
46647 105
46648 108
46649 118
46650 94
46651 101
46652 102
46653 87
46654 95
46655 104
46656 105
46657 106
46658 77
46659 85
46660 87
46661 89
46662 97
46663 103
46664 113
46665 118
46666 120
46667 127
46668 94
46669 96
46670 102
46671 99
46672 106
46673 116
46674 107
46675 112
46676 114
46677 119
46678 123
46679 130
46680 69
46681 72
46682 73
46683 81
46684 90
46685 99
46686 105
46687 109
46688 118
46689 126
46690 104
46691 95
46692 101
46693 111
46694 121
46695 124
46696 125
46697 129
46698 100
46699 71
46700 79
46701 87
46702 88
46703 90
46704 90
46705 94
46706 98
46707 100
46708 110
46709 116
46710 80
46711 81
46712 85
46713 94
46714 96
46715 98
46716 101
46717 100
46718 110
46719 97
46720 98
46721 107
46722 111
46723 114
46724 119
46725 120
46726 108
46727 118
46728 122
46729 102
46730 106
46731 93
46732 102
46733 108
46734 115
46735 104
46736 107
46737 109
46738 111
46739 121
46740 127
46741 69
46742 75
46743 80
46744 88
46745 93
46746 100
46747 110
46748 113
46749 114
46750 121
46751 111
46752 105
46753 111
46754 116
46755 122
46756 125
46757 127
46758 110
46759 113
46760 110
46761 111
46762 116
46763 104
46764 108
46765 118
46766 122
46767 131
46768 137
46769 130
46770 111
46771 96
46772 100
46773 103
46774 100
46775 102
46776 108
46777 114
46778 124
46779 128
46780 92
46781 99
46782 100
46783 104
46784 103
46785 107
46786 112
46787 100
46788 91
46789 99
46790 101
46791 106
46792 110
46793 111
46794 115
46795 125
46796 109
46797 112
46798 121
46799 95
46800 103
46801 106
46802 114
46803 111
46804 120
46805 125
46806 108
46807 113
46808 117
46809 127
46810 117
46811 127
46812 91
46813 93
46814 101
46815 110
46816 77
46817 84
46818 94
46819 96
46820 105
46821 106
46822 109
46823 109
46824 108
46825 109
46826 101
46827 104
46828 111
46829 98
46830 99
46831 103
46832 103
46833 92
46834 99
46835 106
46836 112
46837 117
46838 125
46839 130
46840 93
46841 101
46842 103
46843 106
46844 114
46845 106
46846 115
46847 94
46848 98
46849 99
46850 106
46851 99
46852 103
46853 105
46854 108
46855 115
46856 125
46857 115
46858 118
46859 113
46860 123
46861 87
46862 95
46863 93
46864 95
46865 102
46866 66
46867 70
46868 80
46869 88
46870 75
46871 77
46872 84
46873 87
46874 95
46875 97
46876 98
46877 106
46878 101
46879 105
46880 115
46881 124
46882 71
46883 77
46884 83
46885 91
46886 93
46887 95
46888 97
46889 102
46890 107
46891 109
46892 111
46893 119
46894 120
46895 118
46896 118
46897 123
46898 108
46899 116
46900 120
46901 121
46902 127
46903 129
46904 135
46905 87
46906 89
46907 94
46908 96
46909 105
46910 98
46911 107
46912 105
46913 112
46914 121
46915 109
46916 112
46917 122
46918 123
46919 128
46920 134
46921 90
46922 92
46923 98
46924 95
46925 98
46926 104
46927 106
46928 108
46929 109
46930 115
46931 123
46932 105
46933 100
46934 106
46935 114
46936 94
46937 79
46938 80
46939 90
46940 88
46941 95
46942 100
46943 108
46944 113
46945 119
46946 113
46947 123
46948 103
46949 107
46950 111
46951 116
46952 116
46953 119
46954 73
46955 74
46956 81
46957 88
46958 92
46959 100
46960 101
46961 104
46962 66
46963 70
46964 74
46965 77
46966 83
46967 89
46968 95
46969 105
46970 109
46971 117
46972 85
46973 88
46974 94
46975 101
46976 107
46977 117
46978 118
46979 121
46980 125
46981 135
46982 145
46983 118
46984 123
46985 109
46986 103
46987 95
46988 93
46989 96
46990 99
46991 87
46992 93
46993 100
46994 110
46995 90
46996 99
46997 104
46998 81
46999 82
47000 84
47001 89
47002 98
47003 99
47004 106
47005 81
47006 83
47007 89
47008 92
47009 90
47010 99
47011 101
47012 106
47013 114
47014 110
47015 116
47016 117
47017 82
47018 86
47019 96
47020 105
47021 109
47022 115
47023 116
47024 107
47025 116
47026 110
47027 112
47028 107
47029 112
47030 119
47031 129
47032 86
47033 90
47034 92
47035 101
47036 103
47037 110
47038 120
47039 101
47040 100
47041 105
47042 101
47043 103
47044 106
47045 110
47046 120
47047 125
47048 116
47049 120
47050 90
47051 99
47052 109
47053 115
47054 111
47055 117
47056 121
47057 130
47058 132
47059 135
47060 113
47061 115
47062 117
47063 118
47064 115
47065 111
47066 114
47067 99
47068 98
47069 100
47070 105
47071 64
47072 70
47073 74
47074 78
47075 84
47076 93
47077 94
47078 104
47079 106
47080 109
47081 114
47082 111
47083 115
47084 116
47085 118
47086 97
47087 107
47088 104
47089 107
47090 109
47091 119
47092 120
47093 122
47094 130
47095 136
47096 110
47097 118
47098 128
47099 129
47100 106
47101 110
47102 113
47103 119
47104 117
47105 120
47106 127
47107 85
47108 91
47109 93
47110 95
47111 87
47112 88
47113 93
47114 94
47115 99
47116 102
47117 106
47118 107
47119 113
47120 96
47121 66
47122 74
47123 75
47124 76
47125 85
47126 88
47127 98
47128 103
47129 104
47130 114
47131 120
47132 127
47133 129
47134 112
47135 99
47136 106
47137 116
47138 93
47139 102
47140 105
47141 110
47142 114
47143 111
47144 114
47145 95
47146 102
47147 103
47148 110
47149 117
47150 77
47151 80
47152 82
47153 83
47154 91
47155 98
47156 101
47157 109
47158 118
47159 126
47160 111
47161 118
47162 124
47163 126
47164 100
47165 107
47166 112
47167 118
47168 119
47169 127
47170 135
47171 144
47172 153
47173 117
47174 120
47175 126
47176 88
47177 93
47178 94
47179 102
47180 110
47181 81
47182 91
47183 96
47184 104
47185 106
47186 111
47187 110
47188 113
47189 114
47190 123
47191 97
47192 100
47193 73
47194 83
47195 83
47196 92
47197 93
47198 101
47199 104
47200 98
47201 103
47202 100
47203 101
47204 77
47205 81
47206 84
47207 92
47208 45
47209 55
47210 60
47211 62
47212 65
47213 66
47214 71
47215 72
47216 77
47217 83
47218 89
47219 95
47220 103
47221 106
47222 85
47223 89
47224 92
47225 102
47226 109
47227 80
47228 90
47229 93
47230 96
47231 103
47232 101
47233 100
47234 109
47235 96
47236 98
47237 108
47238 115
47239 119
47240 124
47241 127
47242 131
47243 137
47244 125
47245 110
47246 113
47247 115
47248 83
47249 86
47250 88
47251 90
47252 98
47253 79
47254 88
47255 90
47256 93
47257 99
47258 104
47259 108
47260 109
47261 117
47262 124
47263 114
47264 104
47265 94
47266 101
47267 103
47268 94
47269 98
47270 99
47271 103
47272 83
47273 86
47274 91
47275 98
47276 108
47277 118
47278 123
47279 89
47280 95
47281 102
47282 112
47283 118
47284 120
47285 127
47286 125
47287 112
47288 112
47289 114
47290 86
47291 77
47292 87
47293 96
47294 106
47295 108
47296 113
47297 116
47298 98
47299 87
47300 92
47301 100
47302 101
47303 110
47304 111
47305 121
47306 127
47307 114
47308 97
47309 107
47310 115
47311 124
47312 89
47313 96
47314 103
47315 112
47316 114
47317 117
47318 120
47319 127
47320 100
47321 106
47322 107
47323 113
47324 93
47325 101
47326 105
47327 113
47328 114
47329 81
47330 86
47331 94
47332 103
47333 88
47334 98
47335 99
47336 104
47337 103
47338 109
47339 64
47340 74
47341 83
47342 87
47343 96
47344 106
47345 106
47346 110
47347 116
47348 103
47349 107
47350 111
47351 115
47352 108
47353 110
47354 91
47355 95
47356 100
47357 90
47358 94
47359 95
47360 82
47361 91
47362 97
47363 106
47364 108
47365 109
47366 116
47367 122
47368 124
47369 134
47370 136
47371 137
47372 80
47373 84
47374 89
47375 66
47376 75
47377 84
47378 87
47379 95
47380 96
47381 102
47382 104
47383 110
47384 91
47385 89
47386 93
47387 100
47388 94
47389 99
47390 101
47391 106
47392 105
47393 107
47394 111
47395 114
47396 115
47397 125
47398 134
47399 141
47400 106
47401 107
47402 112
47403 114
47404 122
47405 118
47406 125
47407 88
47408 97
47409 102
47410 84
47411 89
47412 89
47413 94
47414 95
47415 101
47416 101
47417 82
47418 83
47419 92
47420 100
47421 110
47422 78
47423 82
47424 88
47425 91
47426 97
47427 106
47428 113
47429 92
47430 95
47431 104
47432 105
47433 110
47434 119
47435 128
47436 132
47437 120
47438 130
47439 92
47440 93
47441 103
47442 104
47443 87
47444 97
47445 104
47446 90
47447 97
47448 100
47449 108
47450 118
47451 128
47452 101
47453 105
47454 106
47455 114
47456 78
47457 80
47458 87
47459 81
47460 83
47461 93
47462 92
47463 94
47464 100
47465 93
47466 94
47467 95
47468 99
47469 105
47470 106
47471 88
47472 95
47473 101
47474 104
47475 114
47476 117
47477 115
47478 120
47479 117
47480 110
47481 111
47482 99
47483 102
47484 98
47485 99
47486 104
47487 109
47488 115
47489 115
47490 94
47491 95
47492 104
47493 112
47494 119
47495 128
47496 135
47497 136
47498 139
47499 141
47500 151
47501 159
47502 167
47503 127
47504 95
47505 105
47506 93
47507 97
47508 106
47509 107
47510 108
47511 113
47512 106
47513 98
47514 102
47515 44
47516 53
47517 62
47518 65
47519 72
47520 80
47521 90
47522 96
47523 104
47524 94
47525 95
47526 98
47527 107
47528 116
47529 91
47530 94
47531 102
47532 110
47533 115
47534 118
47535 128
47536 121
47537 123
47538 89
47539 98
47540 91
47541 99
47542 99
47543 102
47544 110
47545 100
47546 95
47547 104
47548 106
47549 113
47550 109
47551 96
47552 101
47553 109
47554 115
47555 125
47556 103
47557 105
47558 109
47559 110
47560 118
47561 122
47562 107
47563 97
47564 98
47565 106
47566 112
47567 79
47568 85
47569 90
47570 90
47571 92
47572 95
47573 104
47574 98
47575 106
47576 114
47577 121
47578 124
47579 126
47580 117
47581 122
47582 126
47583 78
47584 79
47585 81
47586 84
47587 89
47588 96
47589 104
47590 94
47591 95
47592 94
47593 96
47594 103
47595 110
47596 111
47597 106
47598 99
47599 86
47600 88
47601 92
47602 102
47603 112
47604 114
47605 118
47606 103
47607 104
47608 113
47609 85
47610 88
47611 91
47612 99
47613 100
47614 100
47615 108
47616 115
47617 102
47618 104
47619 91
47620 97
47621 106
47622 104
47623 101
47624 110
47625 120
47626 124
47627 95
47628 98
47629 108
47630 97
47631 98
47632 89
47633 98
47634 106
47635 112
47636 120
47637 105
47638 100
47639 107
47640 109
47641 108
47642 99
47643 102
47644 75
47645 79
47646 84
47647 88
47648 71
47649 73
47650 81
47651 86
47652 91
47653 101
47654 106
47655 100
47656 99
47657 105
47658 111
47659 121
47660 129
47661 130
47662 97
47663 98
47664 100
47665 108
47666 118
47667 94
47668 95
47669 101
47670 102
47671 63
47672 66
47673 71
47674 80
47675 83
47676 84
47677 91
47678 92
47679 95
47680 102
47681 105
47682 108
47683 112
47684 114
47685 119
47686 112
47687 118
47688 119
47689 118
47690 95
47691 99
47692 107
47693 115
47694 124
47695 126
47696 84
47697 90
47698 93
47699 96
47700 106
47701 109
47702 95
47703 99
47704 102
47705 104
47706 105
47707 107
47708 115
47709 91
47710 95
47711 101
47712 108
47713 114
47714 107
47715 117
47716 93
47717 96
47718 103
47719 98
47720 106
47721 115
47722 96
47723 105
47724 113
47725 114
47726 114
47727 93
47728 95
47729 88
47730 97
47731 106
47732 108
47733 117
47734 122
47735 121
47736 123
47737 125
47738 111
47739 110
47740 116
47741 104
47742 82
47743 84
47744 88
47745 86
47746 92
47747 99
47748 107
47749 114
47750 118
47751 128
47752 133
47753 107
47754 111
47755 113
47756 119
47757 120
47758 124
47759 119
47760 109
47761 118
47762 125
47763 131
47764 107
47765 108
47766 93
47767 99
47768 104
47769 108
47770 109
47771 111
47772 103
47773 95
47774 99
47775 108
47776 86
47777 87
47778 89
47779 90
47780 96
47781 81
47782 91
47783 95
47784 98
47785 107
47786 107
47787 111
47788 115
47789 112
47790 108
47791 115
47792 118
47793 128
47794 129
47795 139
47796 125
47797 134
47798 117
47799 126
47800 86
47801 88
47802 89
47803 79
47804 65
47805 75
47806 77
47807 78
47808 83
47809 88
47810 89
47811 98
47812 101
47813 102
47814 108
47815 109
47816 119
47817 126
47818 128
47819 103
47820 105
47821 110
47822 114
47823 115
47824 92
47825 94
47826 95
47827 96
47828 97
47829 105
47830 113
47831 114
47832 113
47833 119
47834 107
47835 101
47836 105
47837 110
47838 107
47839 112
47840 114
47841 119
47842 113
47843 117
47844 114
47845 124
47846 119
47847 122
47848 129
47849 139
47850 110
47851 119
47852 127
47853 135
47854 138
47855 127
47856 131
47857 81
47858 76
47859 81
47860 82
47861 84
47862 92
47863 101
47864 104
47865 108
47866 109
47867 105
47868 113
47869 121
47870 100
47871 101
47872 102
47873 110
47874 88
47875 92
47876 99
47877 109
47878 116
47879 123
47880 71
47881 72
47882 76
47883 84
47884 94
47885 101
47886 102
47887 109
47888 118
47889 103
47890 112
47891 88
47892 90
47893 99
47894 100
47895 100
47896 93
47897 94
47898 102
47899 109
47900 113
47901 66
47902 71
47903 72
47904 75
47905 76
47906 80
47907 87
47908 88
47909 98
47910 101
47911 109
47912 117
47913 108
47914 108
47915 114
47916 110
47917 113
47918 107
47919 115
47920 122
47921 124
47922 123
47923 133
47924 142
47925 76
47926 82
47927 83
47928 90
47929 98
47930 99
47931 101
47932 102
47933 106
47934 113
47935 114
47936 103
47937 91
47938 101
47939 111
47940 105
47941 109
47942 86
47943 88
47944 98
47945 102
47946 73
47947 79
47948 87
47949 94
47950 96
47951 98
47952 100
47953 101
47954 106
47955 113
47956 104
47957 97
47958 91
47959 101
47960 108
47961 105
47962 112
47963 112
47964 94
47965 97
47966 104
47967 110
47968 103
47969 107
47970 113
47971 123
47972 132
47973 109
47974 112
47975 93
47976 98
47977 90
47978 96
47979 80
47980 83
47981 93
47982 99
47983 104
47984 111
47985 115
47986 111
47987 119
47988 124
47989 118
47990 127
47991 105
47992 106
47993 85
47994 78
47995 79
47996 88
47997 98
47998 106
47999 116
48000 121
48001 98
48002 105
48003 103
48004 110
48005 99
48006 104
48007 112
48008 80
48009 84
48010 91
48011 101
48012 110
48013 117
48014 94
48015 96
48016 97
48017 101
48018 104
48019 98
48020 106
48021 113
48022 118
48023 124
48024 130
48025 106
48026 115
48027 72
48028 82
48029 85
48030 94
48031 102
48032 103
48033 104
48034 104
48035 95
48036 105
48037 114
48038 123
48039 131
48040 136
48041 137
48042 87
48043 94
48044 65
48045 67
48046 71
48047 76
48048 86
48049 91
48050 99
48051 103
48052 60
48053 69
48054 79
48055 81
48056 85
48057 94
48058 103
48059 104
48060 105
48061 66
48062 67
48063 71
48064 80
48065 85
48066 87
48067 91
48068 99
48069 103
48070 104
48071 101
48072 102
48073 111
48074 110
48075 115
48076 101
48077 103
48078 110
48079 113
48080 119
48081 127
48082 134
48083 140
48084 117
48085 109
48086 102
48087 105
48088 114
48089 120
48090 102
48091 99
48092 88
48093 84
48094 87
48095 91
48096 97
48097 105
48098 110
48099 69
48100 78
48101 87
48102 92
48103 83
48104 92
48105 77
48106 82
48107 88
48108 92
48109 101
48110 90
48111 92
48112 93
48113 102
48114 107
48115 111
48116 118
48117 123
48118 129
48119 117
48120 117
48121 118
48122 122
48123 114
48124 124
48125 109
48126 114
48127 98
48128 105
48129 106
48130 113
48131 123
48132 88
48133 90
48134 96
48135 106
48136 97
48137 106
48138 79
48139 81
48140 89
48141 96
48142 101
48143 98
48144 104
48145 112
48146 118
48147 119
48148 99
48149 109
48150 93
48151 94
48152 95
48153 91
48154 94
48155 97
48156 97
48157 101
48158 102
48159 104
48160 111
48161 113
48162 117
48163 119
48164 114
48165 116
48166 104
48167 109
48168 102
48169 110
48170 117
48171 121
48172 101
48173 93
48174 99
48175 100
48176 78
48177 87
48178 97
48179 98
48180 100
48181 110
48182 113
48183 106
48184 110
48185 29
48186 33
48187 35
48188 39
48189 40
48190 49
48191 52
48192 60
48193 63
48194 65
48195 69
48196 77
48197 84
48198 94
48199 95
48200 105
48201 90
48202 82
48203 86
48204 93
48205 95
48206 99
48207 106
48208 84
48209 85
48210 92
48211 96
48212 105
48213 108
48214 105
48215 100
48216 68
48217 76
48218 86
48219 88
48220 93
48221 95
48222 104
48223 114
48224 98
48225 101
48226 93
48227 96
48228 104
48229 109
48230 95
48231 95
48232 105
48233 107
48234 94
48235 99
48236 103
48237 111
48238 121
48239 115
48240 120
48241 106
48242 100
48243 101
48244 106
48245 113
48246 95
48247 96
48248 106
48249 100
48250 101
48251 111
48252 107
48253 110
48254 85
48255 87
48256 94
48257 95
48258 103
48259 86
48260 91
48261 97
48262 99
48263 106
48264 116
48265 115
48266 106
48267 115
48268 119
48269 123
48270 131
48271 102
48272 75
48273 84
48274 85
48275 90
48276 98
48277 99
48278 100
48279 103
48280 97
48281 77
48282 79
48283 75
48284 79
48285 85
48286 90
48287 96
48288 104
48289 106
48290 112
48291 90
48292 100
48293 102
48294 108
48295 118
48296 119
48297 123
48298 133
48299 99
48300 75
48301 76
48302 85
48303 87
48304 78
48305 87
48306 92
48307 93
48308 95
48309 98
48310 107
48311 113
48312 92
48313 94
48314 100
48315 110
48316 115
48317 114
48318 94
48319 100
48320 104
48321 101
48322 108
48323 111
48324 115
48325 122
48326 123
48327 99
48328 93
48329 103
48330 105
48331 108
48332 118
48333 125
48334 126
48335 133
48336 139
48337 144
48338 107
48339 108
48340 112
48341 117
48342 103
48343 106
48344 111
48345 111
48346 119
48347 98
48348 101
48349 109
48350 93
48351 95
48352 103
48353 112
48354 114
48355 99
48356 101
48357 91
48358 99
48359 108
48360 115
48361 67
48362 76
48363 78
48364 82
48365 90
48366 94
48367 102
48368 104
48369 65
48370 71
48371 74
48372 84
48373 86
48374 93
48375 99
48376 96
48377 103
48378 95
48379 100
48380 102
48381 106
48382 112
48383 120
48384 84
48385 86
48386 89
48387 90
48388 94
48389 102
48390 112
48391 116
48392 116
48393 121
48394 128
48395 138
48396 148
48397 124
48398 105
48399 100
48400 104
48401 106
48402 94
48403 102
48404 103
48405 99
48406 85
48407 83
48408 83
48409 90
48410 99
48411 102
48412 92
48413 101
48414 107
48415 112
48416 68
48417 77
48418 84
48419 86
48420 90
48421 94
48422 103
48423 113
48424 122
48425 131
48426 134
48427 108
48428 108
48429 109
48430 118
48431 120
48432 122
48433 118
48434 98
48435 99
48436 105
48437 109
48438 90
48439 95
48440 96
48441 105
48442 96
48443 102
48444 111
48445 119
48446 121
48447 127
48448 120
48449 100
48450 101
48451 108
48452 113
48453 118
48454 122
48455 130
48456 101
48457 103
48458 106
48459 109
48460 114
48461 91
48462 94
48463 100
48464 105
48465 108
48466 116
48467 108
48468 103
48469 109
48470 116
48471 119
48472 127
48473 107
48474 115
48475 123
48476 109
48477 110
48478 113
48479 110
48480 111
48481 119
48482 90
48483 100
48484 101
48485 91
48486 92
48487 96
48488 102
48489 103
48490 112
48491 103
48492 108
48493 114
48494 114
48495 111
48496 106
48497 116
48498 119
48499 124
48500 107
48501 79
48502 88
48503 94
48504 97
48505 100
48506 106
48507 113
48508 94
48509 95
48510 100
48511 102
48512 103
48513 109
48514 102
48515 106
48516 92
48517 93
48518 97
48519 100
48520 79
48521 83
48522 86
48523 96
48524 101
48525 102
48526 112
48527 119
48528 124
48529 117
48530 105
48531 115
48532 121
48533 96
48534 97
48535 106
48536 111
48537 96
48538 103
48539 104
48540 104
48541 108
48542 113
48543 120
48544 58
48545 68
48546 74
48547 83
48548 87
48549 93
48550 98
48551 100
48552 108
48553 91
48554 95
48555 105
48556 102
48557 110
48558 98
48559 108
48560 111
48561 116
48562 111
48563 115
48564 118
48565 125
48566 105
48567 106
48568 91
48569 92
48570 92
48571 101
48572 111
48573 91
48574 101
48575 100
48576 108
48577 115
48578 93
48579 96
48580 101
48581 102
48582 82
48583 87
48584 97
48585 102
48586 106
48587 112
48588 114
48589 104
48590 91
48591 92
48592 101
48593 106
48594 108
48595 114
48596 95
48597 98
48598 102
48599 105
48600 99
48601 109
48602 111
48603 89
48604 97
48605 104
48606 105
48607 106
48608 115
48609 95
48610 89
48611 99
48612 106
48613 108
48614 110
48615 119
48616 108
48617 114
48618 116
48619 124
48620 134
48621 103
48622 108
48623 111
48624 114
48625 122
48626 130
48627 136
48628 105
48629 101
48630 104
48631 79
48632 85
48633 88
48634 93
48635 103
48636 110
48637 109
48638 119
48639 120
48640 105
48641 91
48642 99
48643 109
48644 114
48645 122
48646 127
48647 116
48648 100
48649 108
48650 105
48651 114
48652 97
48653 103
48654 110
48655 111
48656 105
48657 112
48658 118
48659 102
48660 109
48661 78
48662 79
48663 85
48664 95
48665 101
48666 100
48667 101
48668 87
48669 94
48670 95
48671 98
48672 52
48673 59
48674 68
48675 74
48676 81
48677 84
48678 88
48679 98
48680 106
48681 108
48682 117
48683 121
48684 126
48685 134
48686 110
48687 116
48688 121
48689 104
48690 105
48691 107
48692 99
48693 105
48694 112
48695 119
48696 129
48697 121
48698 112
48699 121
48700 127
48701 129
48702 111
48703 92
48704 96
48705 105
48706 107
48707 105
48708 112
48709 117
48710 106
48711 113
48712 106
48713 110
48714 111
48715 108
48716 98
48717 68
48718 74
48719 79
48720 88
48721 89
48722 92
48723 96
48724 100
48725 102
48726 95
48727 98
48728 106
48729 81
48730 89
48731 90
48732 92
48733 95
48734 89
48735 93
48736 95
48737 97
48738 100
48739 103
48740 107
48741 98
48742 100
48743 106
48744 102
48745 108
48746 110
48747 117
48748 123
48749 111
48750 105
48751 114
48752 117
48753 123
48754 118
48755 111
48756 109
48757 111
48758 100
48759 105
48760 107
48761 97
48762 100
48763 101
48764 105
48765 105
48766 111
48767 117
48768 116
48769 120
48770 100
48771 104
48772 109
48773 71
48774 79
48775 80
48776 86
48777 93
48778 98
48779 85
48780 88
48781 86
48782 92
48783 93
48784 90
48785 81
48786 91
48787 100
48788 101
48789 106
48790 107
48791 113
48792 115
48793 113
48794 101
48795 111
48796 97
48797 92
48798 95
48799 104
48800 112
48801 115
48802 109
48803 118
48804 113
48805 115
48806 119
48807 123
48808 126
48809 106
48810 108
48811 90
48812 91
48813 92
48814 93
48815 103
48816 65
48817 67
48818 72
48819 78
48820 81
48821 87
48822 88
48823 89
48824 91
48825 95
48826 88
48827 89
48828 98
48829 94
48830 95
48831 101
48832 104
48833 92
48834 99
48835 103
48836 110
48837 112
48838 117
48839 126
48840 121
48841 111
48842 120
48843 130
48844 132
48845 135
48846 139
48847 146
48848 151
48849 126
48850 109
48851 113
48852 96
48853 103
48854 99
48855 102
48856 111
48857 69
48858 73
48859 83
48860 90
48861 81
48862 87
48863 93
48864 95
48865 103
48866 111
48867 119
48868 95
48869 103
48870 112
48871 107
48872 95
48873 97
48874 88
48875 89
48876 97
48877 84
48878 88
48879 83
48880 91
48881 101
48882 105
48883 113
48884 123
48885 96
48886 102
48887 105
48888 101
48889 104
48890 110
48891 107
48892 108
48893 115
48894 118
48895 120
48896 123
48897 124
48898 86
48899 93
48900 103
48901 97
48902 98
48903 108
48904 75
48905 79
48906 84
48907 85
48908 86
48909 91
48910 101
48911 111
48912 117
48913 94
48914 82
48915 83
48916 92
48917 97
48918 98
48919 103
48920 107
48921 87
48922 92
48923 102
48924 106
48925 114
48926 118
48927 112
48928 119
48929 110
48930 99
48931 107
48932 88
48933 94
48934 97
48935 99
48936 87
48937 89
48938 98
48939 102
48940 94
48941 96
48942 99
48943 102
48944 104
48945 110
48946 103
48947 106
48948 115
48949 99
48950 107
48951 115
48952 115
48953 124
48954 98
48955 99
48956 104
48957 109
48958 114
48959 68
48960 72
48961 73
48962 78
48963 88
48964 97
48965 100
48966 101
48967 107
48968 108
48969 93
48970 97
48971 107
48972 114
48973 124
48974 120
48975 124
48976 129
48977 78
48978 79
48979 85
48980 95
48981 87
48982 89
48983 94
48984 99
48985 104
48986 108
48987 89
48988 99
48989 101
48990 103
48991 90
48992 93
48993 96
48994 100
48995 108
48996 116
48997 120
48998 111
48999 80
49000 86
49001 90
49002 91
49003 93
49004 103
49005 111
49006 114
49007 85
49008 95
49009 102
49010 104
49011 105
49012 109
49013 117
49014 122
49015 114
49016 124
49017 133
49018 101
49019 104
49020 109
49021 79
49022 89
49023 98
49024 108
49025 115
49026 120
49027 127
49028 95
49029 97
49030 98
49031 94
49032 103
49033 105
49034 112
49035 113
49036 121
49037 112
49038 107
49039 98
49040 100
49041 110
49042 108
49043 112
49044 109
49045 111
49046 115
49047 119
49048 120
49049 126
49050 96
49051 99
49052 104
49053 99
49054 95
49055 92
49056 98
49057 101
49058 103
49059 104
49060 109
49061 111
49062 112
49063 114
49064 115
49065 113
49066 119
49067 124
49068 85
49069 92
49070 36
49071 40
49072 41
49073 49
49074 53
49075 59
49076 65
49077 68
49078 77
49079 85
49080 87
49081 96
49082 101
49083 96
49084 105
49085 115
49086 116
49087 119
49088 109
49089 94
49090 96
49091 106
49092 73
49093 75
49094 80
49095 84
49096 93
49097 97
49098 98
49099 107
49100 113
49101 115
49102 106
49103 97
49104 98
49105 100
49106 106
49107 99
49108 105
49109 108
49110 109
49111 119
49112 128
49113 137
49114 146
49115 93
49116 96
49117 103
49118 108
49119 109
49120 111
49121 113
49122 111
49123 119
49124 106
49125 111
49126 117
49127 121
49128 122
49129 115
49130 125
49131 115
49132 117
49133 111
49134 119
49135 94
49136 95
49137 103
49138 108
49139 102
49140 111
49141 118
49142 120
49143 111
49144 118
49145 122
49146 127
49147 127
49148 133
49149 134
49150 95
49151 63
49152 71
49153 78
49154 81
49155 84
49156 89
49157 93
49158 92
49159 83
49160 89
49161 99
49162 76
49163 80
49164 81
49165 85
49166 92
49167 100
49168 109
49169 117
49170 123
49171 112
49172 104
49173 109
49174 88
49175 98
49176 104
49177 110
49178 99
49179 92
49180 93
49181 95
49182 104
49183 109
49184 118
49185 117
49186 123
49187 113
49188 111
49189 79
49190 81
49191 91
49192 94
49193 102
49194 110
49195 115
49196 97
49197 103
49198 94
49199 97
49200 98
49201 96
49202 77
49203 84
49204 92
49205 100
49206 104
49207 114
49208 124
49209 128
49210 110
49211 89
49212 89
49213 98
49214 107
49215 114
49216 118
49217 110
49218 111
49219 114
49220 103
49221 107
49222 117
49223 104
49224 107
49225 94
49226 100
49227 109
49228 110
49229 111
49230 116
49231 122
49232 112
49233 86
49234 88
49235 98
49236 98
49237 103
49238 108
49239 99
49240 107
49241 85
49242 94
49243 102
49244 107
49245 108
49246 114
49247 117
49248 114
49249 108
49250 83
49251 86
49252 95
49253 103
49254 113
49255 119
49256 120
49257 124
49258 95
49259 94
49260 102
49261 104
49262 111
49263 121
49264 110
49265 120
49266 128
49267 97
49268 107
49269 84
49270 93
49271 102
49272 106
49273 116
49274 119
49275 115
49276 124
49277 128
49278 117
49279 97
49280 101
49281 108
49282 96
49283 98
49284 108
49285 111
49286 110
49287 87
49288 89
49289 94
49290 101
49291 98
49292 88
49293 97
49294 99
49295 101
49296 91
49297 94
49298 99
49299 92
49300 98
49301 102
49302 95
49303 94
49304 102
49305 112
49306 105
49307 84
49308 94
49309 96
49310 97
49311 102
49312 108
49313 106
49314 81
49315 86
49316 73
49317 75
49318 83
49319 89
49320 90
49321 95
49322 98
49323 107
49324 116
49325 125
49326 106
49327 113
49328 102
49329 108
49330 109
49331 111
49332 117
49333 95
49334 103
49335 110
49336 114
49337 120
49338 130
49339 135
49340 125
49341 131
49342 122
49343 128
49344 129
49345 131
49346 111
49347 120
49348 94
49349 99
49350 106
49351 100
49352 85
49353 95
49354 102
49355 111
49356 117
49357 127
49358 108
49359 117
49360 121
49361 115
49362 108
49363 115
49364 92
49365 100
49366 97
49367 78
49368 87
49369 93
49370 97
49371 107
49372 114
49373 111
49374 119
49375 115
49376 116
49377 126
49378 136
49379 111
49380 114
49381 107
49382 109
49383 103
49384 104
49385 108
49386 115
49387 115
49388 121
49389 96
49390 88
49391 89
49392 99
49393 107
49394 112
49395 98
49396 104
49397 111
49398 96
49399 99
49400 101
49401 108
49402 92
49403 97
49404 100
49405 96
49406 99
49407 104
49408 109
49409 114
49410 96
49411 100
49412 110
49413 118
49414 122
49415 115
49416 124
49417 128
49418 134
49419 93
49420 103
49421 110
49422 94
49423 95
49424 101
49425 82
49426 78
49427 85
49428 93
49429 95
49430 92
49431 95
49432 96
49433 101
49434 102
49435 103
49436 105
49437 111
49438 103
49439 109
49440 109
49441 115
49442 117
49443 126
49444 100
49445 102
49446 107
49447 109
49448 111
49449 116
49450 76
49451 80
49452 81
49453 83
49454 93
49455 98
49456 100
49457 102
49458 109
49459 106
49460 113
49461 123
49462 114
49463 88
49464 98
49465 100
49466 101
49467 104
49468 113
49469 119
49470 122
49471 90
49472 99
49473 100
49474 108
49475 113
49476 120
49477 76
49478 82
49479 89
49480 90
49481 92
49482 99
49483 88
49484 87
49485 91
49486 95
49487 103
49488 104
49489 108
49490 115
49491 91
49492 100
49493 104
49494 114
49495 101
49496 88
49497 97
49498 103
49499 112
49500 118
49501 97
49502 102
49503 111
49504 114
49505 122
49506 119
49507 113
49508 99
49509 106
49510 101
49511 105
49512 107
49513 108
49514 102
49515 104
49516 112
49517 105
49518 114
49519 111
49520 120
49521 125
49522 101
49523 111
49524 112
49525 117
49526 98
49527 107
49528 112
49529 115
49530 85
49531 92
49532 97
49533 99
49534 101
49535 106
49536 112
49537 115
49538 88
49539 94
49540 103
49541 109
49542 110
49543 116
49544 101
49545 80
49546 86
49547 89
49548 97
49549 85
49550 94
49551 90
49552 91
49553 97
49554 106
49555 107
49556 108
49557 110
49558 116
49559 125
49560 133
49561 102
49562 107
49563 99
49564 109
49565 106
49566 113
49567 119
49568 99
49569 107
49570 114
49571 96
49572 100
49573 107
49574 74
49575 78
49576 79
49577 65
49578 72
49579 77
49580 81
49581 87
49582 96
49583 104
49584 105
49585 113
49586 120
49587 90
49588 97
49589 96
49590 100
49591 107
49592 111
49593 89
49594 91
49595 92
49596 97
49597 100
49598 106
49599 99
49600 106
49601 93
49602 102
49603 103
49604 109
49605 96
49606 105
49607 94
49608 103
49609 104
49610 84
49611 91
49612 97
49613 99
49614 91
49615 95
49616 99
49617 98
49618 103
49619 106
49620 109
49621 114
49622 97
49623 102
49624 105
49625 113
49626 109
49627 91
49628 98
49629 106
49630 107
49631 109
49632 115
49633 97
49634 101
49635 108
49636 82
49637 88
49638 94
49639 101
49640 103
49641 107
49642 113
49643 117
49644 123
49645 112
49646 111
49647 119
49648 124
49649 104
49650 106
49651 113
49652 118
49653 97
49654 99
49655 104
49656 96
49657 85
49658 93
49659 94
49660 103
49661 107
49662 89
49663 97
49664 103
49665 112
49666 118
49667 113
49668 117
49669 96
49670 103
49671 110
49672 118
49673 103
49674 97
49675 99
49676 105
49677 103
49678 105
49679 97
49680 102
49681 108
49682 112
49683 120
49684 129
49685 84
49686 94
49687 97
49688 102
49689 110
49690 74
49691 82
49692 83
49693 89
49694 98
49695 107
49696 108
49697 113
49698 116
49699 92
49700 97
49701 99
49702 104
49703 102
49704 90
49705 92
49706 95
49707 89
49708 91
49709 97
49710 93
49711 97
49712 102
49713 111
49714 112
49715 107
49716 112
49717 117
49718 98
49719 100
49720 110
49721 97
49722 99
49723 104
49724 105
49725 90
49726 94
49727 99
49728 109
49729 100
49730 100
49731 107
49732 108
49733 115
49734 116
49735 118
49736 119
49737 84
49738 89
49739 91
49740 99
49741 94
49742 87
49743 88
49744 91
49745 99
49746 102
49747 108
49748 82
49749 88
49750 89
49751 98
49752 103
49753 107
49754 114
49755 95
49756 99
49757 87
49758 90
49759 97
49760 99
49761 98
49762 101
49763 106
49764 110
49765 119
49766 103
49767 110
49768 100
49769 106
49770 107
49771 75
49772 77
49773 85
49774 92
49775 98
49776 82
49777 91
49778 101
49779 98
49780 107
49781 113
49782 114
49783 122
49784 91
49785 94
49786 92
49787 97
49788 91
49789 98
49790 101
49791 110
49792 119
49793 126
49794 99
49795 108
49796 110
49797 98
49798 105
49799 110
49800 98
49801 74
49802 78
49803 86
49804 95
49805 102
49806 100
49807 109
49808 114
49809 121
49810 122
49811 102
49812 105
49813 108
49814 115
49815 118
49816 128
49817 131
49818 136
49819 92
49820 100
49821 104
49822 96
49823 97
49824 104
49825 106
49826 113
49827 123
49828 126
49829 134
49830 135
49831 93
49832 102
49833 97
49834 107
49835 111
49836 96
49837 100
49838 105
49839 96
49840 104
49841 111
49842 91
49843 99
49844 102
49845 107
49846 116
49847 125
49848 126
49849 136
49850 143
49851 153
49852 154
49853 141
49854 99
49855 100
49856 89
49857 95
49858 103
49859 109
49860 113
49861 89
49862 92
49863 99
49864 86
49865 88
49866 98
49867 104
49868 102
49869 109
49870 95
49871 104
49872 111
49873 119
49874 93
49875 102
49876 108
49877 111
49878 91
49879 100
49880 107
49881 114
49882 89
49883 97
49884 88
49885 94
49886 96
49887 77
49888 85
49889 87
49890 90
49891 97
49892 90
49893 100
49894 110
49895 84
49896 87
49897 90
49898 98
49899 104
49900 105
49901 106
49902 103
49903 97
49904 99
49905 105
49906 108
49907 117
49908 105
49909 109
49910 110
49911 111
49912 117
49913 120
49914 116
49915 121
49916 127
49917 102
49918 108
49919 103
49920 101
49921 107
49922 113
49923 98
49924 104
49925 109
49926 112
49927 115
49928 111
49929 121
49930 120
49931 112
49932 122
49933 132
49934 89
49935 90
49936 95
49937 98
49938 108
49939 115
49940 116
49941 119
49942 129
49943 131
49944 109
49945 116
49946 99
49947 103
49948 110
49949 87
49950 93
49951 103
49952 113
49953 98
49954 102
49955 104
49956 99
49957 103
49958 107
49959 113
49960 114
49961 103
49962 104
49963 87
49964 97
49965 100
49966 108
49967 117
49968 111
49969 120
49970 88
49971 89
49972 95
49973 100
49974 110
49975 89
49976 94
49977 101
49978 103
49979 111
49980 114
49981 119
49982 64
49983 65
49984 69
49985 77
49986 84
49987 85
49988 90
49989 91
49990 95
49991 105
49992 109
49993 118
49994 125
49995 132
49996 118
49997 123
49998 125
49999 126

Negative cycle: none
Execution time: 30.58 microsecond
