Algorithm: PageRank
Damping: 0
Vertex ranks:
0 2e-05
1 2e-05
2 2e-05
3 2e-05
4 2e-05
5 2e-05
6 2e-05
7 2e-05
8 2e-05
9 2e-05
10 2e-05
11 2e-05
12 2e-05
13 2e-05
14 2e-05
15 2e-05
16 2e-05
17 2e-05
18 2e-05
19 2e-05
20 2e-05
21 2e-05
22 2e-05
23 2e-05
24 2e-05
25 2e-05
26 2e-05
27 2e-05
28 2e-05
29 2e-05
30 2e-05
31 2e-05
32 2e-05
33 2e-05
34 2e-05
35 2e-05
36 2e-05
37 2e-05
38 2e-05
39 2e-05
40 2e-05
41 2e-05
42 2e-05
43 2e-05
44 2e-05
45 2e-05
46 2e-05
47 2e-05
48 2e-05
49 2e-05
50 2e-05
51 2e-05
52 2e-05
53 2e-05
54 2e-05
55 2e-05
56 2e-05
57 2e-05
58 2e-05
59 2e-05
60 2e-05
61 2e-05
62 2e-05
63 2e-05
64 2e-05
65 2e-05
66 2e-05
67 2e-05
68 2e-05
69 2e-05
70 2e-05
71 2e-05
72 2e-05
73 2e-05
74 2e-05
75 2e-05
76 2e-05
77 2e-05
78 2e-05
79 2e-05
80 2e-05
81 2e-05
82 2e-05
83 2e-05
84 2e-05
85 2e-05
86 2e-05
87 2e-05
88 2e-05
89 2e-05
90 2e-05
91 2e-05
92 2e-05
93 2e-05
94 2e-05
95 2e-05
96 2e-05
97 2e-05
98 2e-05
99 2e-05
100 2e-05
101 2e-05
102 2e-05
103 2e-05
104 2e-05
105 2e-05
106 2e-05
107 2e-05
108 2e-05
109 2e-05
110 2e-05
111 2e-05
112 2e-05
113 2e-05
114 2e-05
115 2e-05
116 2e-05
117 2e-05
118 2e-05
119 2e-05
120 2e-05
121 2e-05
122 2e-05
123 2e-05
124 2e-05
125 2e-05
126 2e-05
127 2e-05
128 2e-05
129 2e-05
130 2e-05
131 2e-05
132 2e-05
133 2e-05
134 2e-05
135 2e-05
136 2e-05
137 2e-05
138 2e-05
139 2e-05
140 2e-05
141 2e-05
142 2e-05
143 2e-05
144 2e-05
145 2e-05
146 2e-05
147 2e-05
148 2e-05
149 2e-05
150 2e-05
151 2e-05
152 2e-05
153 2e-05
154 2e-05
155 2e-05
156 2e-05
157 2e-05
158 2e-05
159 2e-05
160 2e-05
161 2e-05
162 2e-05
163 2e-05
164 2e-05
165 2e-05
166 2e-05
167 2e-05
168 2e-05
169 2e-05
170 2e-05
171 2e-05
172 2e-05
173 2e-05
174 2e-05
175 2e-05
176 2e-05
177 2e-05
178 2e-05
179 2e-05
180 2e-05
181 2e-05
182 2e-05
183 2e-05
184 2e-05
185 2e-05
186 2e-05
187 2e-05
188 2e-05
189 2e-05
190 2e-05
191 2e-05
192 2e-05
193 2e-05
194 2e-05
195 2e-05
196 2e-05
197 2e-05
198 2e-05
199 2e-05
200 2e-05
201 2e-05
202 2e-05
203 2e-05
204 2e-05
205 2e-05
206 2e-05
207 2e-05
208 2e-05
209 2e-05
210 2e-05
211 2e-05
212 2e-05
213 2e-05
214 2e-05
215 2e-05
216 2e-05
217 2e-05
218 2e-05
219 2e-05
220 2e-05
221 2e-05
222 2e-05
223 2e-05
224 2e-05
225 2e-05
226 2e-05
227 2e-05
228 2e-05
229 2e-05
230 2e-05
231 2e-05
232 2e-05
233 2e-05
234 2e-05
235 2e-05
236 2e-05
237 2e-05
238 2e-05
239 2e-05
240 2e-05
241 2e-05
242 2e-05
243 2e-05
244 2e-05
245 2e-05
246 2e-05
247 2e-05
248 2e-05
249 2e-05
250 2e-05
251 2e-05
252 2e-05
253 2e-05
254 2e-05
255 2e-05
256 2e-05
257 2e-05
258 2e-05
259 2e-05
260 2e-05
261 2e-05
262 2e-05
263 2e-05
264 2e-05
265 2e-05
266 2e-05
267 2e-05
268 2e-05
269 2e-05
270 2e-05
271 2e-05
272 2e-05
273 2e-05
274 2e-05
275 2e-05
276 2e-05
277 2e-05
278 2e-05
279 2e-05
280 2e-05
281 2e-05
282 2e-05
283 2e-05
284 2e-05
285 2e-05
286 2e-05
287 2e-05
288 2e-05
289 2e-05
290 2e-05
291 2e-05
292 2e-05
293 2e-05
294 2e-05
295 2e-05
296 2e-05
297 2e-05
298 2e-05
299 2e-05
300 2e-05
301 2e-05
302 2e-05
303 2e-05
304 2e-05
305 2e-05
306 2e-05
307 2e-05
308 2e-05
309 2e-05
310 2e-05
311 2e-05
312 2e-05
313 2e-05
314 2e-05
315 2e-05
316 2e-05
317 2e-05
318 2e-05
319 2e-05
320 2e-05
321 2e-05
322 2e-05
323 2e-05
324 2e-05
325 2e-05
326 2e-05
327 2e-05
328 2e-05
329 2e-05
330 2e-05
331 2e-05
332 2e-05
333 2e-05
334 2e-05
335 2e-05
336 2e-05
337 2e-05
338 2e-05
339 2e-05
340 2e-05
341 2e-05
342 2e-05
343 2e-05
344 2e-05
345 2e-05
346 2e-05
347 2e-05
348 2e-05
349 2e-05
350 2e-05
351 2e-05
352 2e-05
353 2e-05
354 2e-05
355 2e-05
356 2e-05
357 2e-05
358 2e-05
359 2e-05
360 2e-05
361 2e-05
362 2e-05
363 2e-05
364 2e-05
365 2e-05
366 2e-05
367 2e-05
368 2e-05
369 2e-05
370 2e-05
371 2e-05
372 2e-05
373 2e-05
374 2e-05
375 2e-05
376 2e-05
377 2e-05
378 2e-05
379 2e-05
380 2e-05
381 2e-05
382 2e-05
383 2e-05
384 2e-05
385 2e-05
386 2e-05
387 2e-05
388 2e-05
389 2e-05
390 2e-05
391 2e-05
392 2e-05
393 2e-05
394 2e-05
395 2e-05
396 2e-05
397 2e-05
398 2e-05
399 2e-05
400 2e-05
401 2e-05
402 2e-05
403 2e-05
404 2e-05
405 2e-05
406 2e-05
407 2e-05
408 2e-05
409 2e-05
410 2e-05
411 2e-05
412 2e-05
413 2e-05
414 2e-05
415 2e-05
416 2e-05
417 2e-05
418 2e-05
419 2e-05
420 2e-05
421 2e-05
422 2e-05
423 2e-05
424 2e-05
425 2e-05
426 2e-05
427 2e-05
428 2e-05
429 2e-05
430 2e-05
431 2e-05
432 2e-05
433 2e-05
434 2e-05
435 2e-05
436 2e-05
437 2e-05
438 2e-05
439 2e-05
440 2e-05
441 2e-05
442 2e-05
443 2e-05
444 2e-05
445 2e-05
446 2e-05
447 2e-05
448 2e-05
449 2e-05
450 2e-05
451 2e-05
452 2e-05
453 2e-05
454 2e-05
455 2e-05
456 2e-05
457 2e-05
458 2e-05
459 2e-05
460 2e-05
461 2e-05
462 2e-05
463 2e-05
464 2e-05
465 2e-05
466 2e-05
467 2e-05
468 2e-05
469 2e-05
470 2e-05
471 2e-05
472 2e-05
473 2e-05
474 2e-05
475 2e-05
476 2e-05
477 2e-05
478 2e-05
479 2e-05
480 2e-05
481 2e-05
482 2e-05
483 2e-05
484 2e-05
485 2e-05
486 2e-05
487 2e-05
488 2e-05
489 2e-05
490 2e-05
491 2e-05
492 2e-05
493 2e-05
494 2e-05
495 2e-05
496 2e-05
497 2e-05
498 2e-05
499 2e-05
500 2e-05
501 2e-05
502 2e-05
503 2e-05
504 2e-05
505 2e-05
506 2e-05
507 2e-05
508 2e-05
509 2e-05
510 2e-05
511 2e-05
512 2e-05
513 2e-05
514 2e-05
515 2e-05
516 2e-05
517 2e-05
518 2e-05
519 2e-05
520 2e-05
521 2e-05
522 2e-05
523 2e-05
524 2e-05
525 2e-05
526 2e-05
527 2e-05
528 2e-05
529 2e-05
530 2e-05
531 2e-05
532 2e-05
533 2e-05
534 2e-05
535 2e-05
536 2e-05
537 2e-05
538 2e-05
539 2e-05
540 2e-05
541 2e-05
542 2e-05
543 2e-05
544 2e-05
545 2e-05
546 2e-05
547 2e-05
548 2e-05
549 2e-05
550 2e-05
551 2e-05
552 2e-05
553 2e-05
554 2e-05
555 2e-05
556 2e-05
557 2e-05
558 2e-05
559 2e-05
560 2e-05
561 2e-05
562 2e-05
563 2e-05
564 2e-05
565 2e-05
566 2e-05
567 2e-05
568 2e-05
569 2e-05
570 2e-05
571 2e-05
572 2e-05
573 2e-05
574 2e-05
575 2e-05
576 2e-05
577 2e-05
578 2e-05
579 2e-05
580 2e-05
581 2e-05
582 2e-05
583 2e-05
584 2e-05
585 2e-05
586 2e-05
587 2e-05
588 2e-05
589 2e-05
590 2e-05
591 2e-05
592 2e-05
593 2e-05
594 2e-05
595 2e-05
596 2e-05
597 2e-05
598 2e-05
599 2e-05
600 2e-05
601 2e-05
602 2e-05
603 2e-05
604 2e-05
605 2e-05
606 2e-05
607 2e-05
608 2e-05
609 2e-05
610 2e-05
611 2e-05
612 2e-05
613 2e-05
614 2e-05
615 2e-05
616 2e-05
617 2e-05
618 2e-05
619 2e-05
620 2e-05
621 2e-05
622 2e-05
623 2e-05
624 2e-05
625 2e-05
626 2e-05
627 2e-05
628 2e-05
629 2e-05
630 2e-05
631 2e-05
632 2e-05
633 2e-05
634 2e-05
635 2e-05
636 2e-05
637 2e-05
638 2e-05
639 2e-05
640 2e-05
641 2e-05
642 2e-05
643 2e-05
644 2e-05
645 2e-05
646 2e-05
647 2e-05
648 2e-05
649 2e-05
650 2e-05
651 2e-05
652 2e-05
653 2e-05
654 2e-05
655 2e-05
656 2e-05
657 2e-05
658 2e-05
659 2e-05
660 2e-05
661 2e-05
662 2e-05
663 2e-05
664 2e-05
665 2e-05
666 2e-05
667 2e-05
668 2e-05
669 2e-05
670 2e-05
671 2e-05
672 2e-05
673 2e-05
674 2e-05
675 2e-05
676 2e-05
677 2e-05
678 2e-05
679 2e-05
680 2e-05
681 2e-05
682 2e-05
683 2e-05
684 2e-05
685 2e-05
686 2e-05
687 2e-05
688 2e-05
689 2e-05
690 2e-05
691 2e-05
692 2e-05
693 2e-05
694 2e-05
695 2e-05
696 2e-05
697 2e-05
698 2e-05
699 2e-05
700 2e-05
701 2e-05
702 2e-05
703 2e-05
704 2e-05
705 2e-05
706 2e-05
707 2e-05
708 2e-05
709 2e-05
710 2e-05
711 2e-05
712 2e-05
713 2e-05
714 2e-05
715 2e-05
716 2e-05
717 2e-05
718 2e-05
719 2e-05
720 2e-05
721 2e-05
722 2e-05
723 2e-05
724 2e-05
725 2e-05
726 2e-05
727 2e-05
728 2e-05
729 2e-05
730 2e-05
731 2e-05
732 2e-05
733 2e-05
734 2e-05
735 2e-05
736 2e-05
737 2e-05
738 2e-05
739 2e-05
740 2e-05
741 2e-05
742 2e-05
743 2e-05
744 2e-05
745 2e-05
746 2e-05
747 2e-05
748 2e-05
749 2e-05
750 2e-05
751 2e-05
752 2e-05
753 2e-05
754 2e-05
755 2e-05
756 2e-05
757 2e-05
758 2e-05
759 2e-05
760 2e-05
761 2e-05
762 2e-05
763 2e-05
764 2e-05
765 2e-05
766 2e-05
767 2e-05
768 2e-05
769 2e-05
770 2e-05
771 2e-05
772 2e-05
773 2e-05
774 2e-05
775 2e-05
776 2e-05
777 2e-05
778 2e-05
779 2e-05
780 2e-05
781 2e-05
782 2e-05
783 2e-05
784 2e-05
785 2e-05
786 2e-05
787 2e-05
788 2e-05
789 2e-05
790 2e-05
791 2e-05
792 2e-05
793 2e-05
794 2e-05
795 2e-05
796 2e-05
797 2e-05
798 2e-05
799 2e-05
800 2e-05
801 2e-05
802 2e-05
803 2e-05
804 2e-05
805 2e-05
806 2e-05
807 2e-05
808 2e-05
809 2e-05
810 2e-05
811 2e-05
812 2e-05
813 2e-05
814 2e-05
815 2e-05
816 2e-05
817 2e-05
818 2e-05
819 2e-05
820 2e-05
821 2e-05
822 2e-05
823 2e-05
824 2e-05
825 2e-05
826 2e-05
827 2e-05
828 2e-05
829 2e-05
830 2e-05
831 2e-05
832 2e-05
833 2e-05
834 2e-05
835 2e-05
836 2e-05
837 2e-05
838 2e-05
839 2e-05
840 2e-05
841 2e-05
842 2e-05
843 2e-05
844 2e-05
845 2e-05
846 2e-05
847 2e-05
848 2e-05
849 2e-05
850 2e-05
851 2e-05
852 2e-05
853 2e-05
854 2e-05
855 2e-05
856 2e-05
857 2e-05
858 2e-05
859 2e-05
860 2e-05
861 2e-05
862 2e-05
863 2e-05
864 2e-05
865 2e-05
866 2e-05
867 2e-05
868 2e-05
869 2e-05
870 2e-05
871 2e-05
872 2e-05
873 2e-05
874 2e-05
875 2e-05
876 2e-05
877 2e-05
878 2e-05
879 2e-05
880 2e-05
881 2e-05
882 2e-05
883 2e-05
884 2e-05
885 2e-05
886 2e-05
887 2e-05
888 2e-05
889 2e-05
890 2e-05
891 2e-05
892 2e-05
893 2e-05
894 2e-05
895 2e-05
896 2e-05
897 2e-05
898 2e-05
899 2e-05
900 2e-05
901 2e-05
902 2e-05
903 2e-05
904 2e-05
905 2e-05
906 2e-05
907 2e-05
908 2e-05
909 2e-05
910 2e-05
911 2e-05
912 2e-05
913 2e-05
914 2e-05
915 2e-05
916 2e-05
917 2e-05
918 2e-05
919 2e-05
920 2e-05
921 2e-05
922 2e-05
923 2e-05
924 2e-05
925 2e-05
926 2e-05
927 2e-05
928 2e-05
929 2e-05
930 2e-05
931 2e-05
932 2e-05
933 2e-05
934 2e-05
935 2e-05
936 2e-05
937 2e-05
938 2e-05
939 2e-05
940 2e-05
941 2e-05
942 2e-05
943 2e-05
944 2e-05
945 2e-05
946 2e-05
947 2e-05
948 2e-05
949 2e-05
950 2e-05
951 2e-05
952 2e-05
953 2e-05
954 2e-05
955 2e-05
956 2e-05
957 2e-05
958 2e-05
959 2e-05
960 2e-05
961 2e-05
962 2e-05
963 2e-05
964 2e-05
965 2e-05
966 2e-05
967 2e-05
968 2e-05
969 2e-05
970 2e-05
971 2e-05
972 2e-05
973 2e-05
974 2e-05
975 2e-05
976 2e-05
977 2e-05
978 2e-05
979 2e-05
980 2e-05
981 2e-05
982 2e-05
983 2e-05
984 2e-05
985 2e-05
986 2e-05
987 2e-05
988 2e-05
989 2e-05
990 2e-05
991 2e-05
992 2e-05
993 2e-05
994 2e-05
995 2e-05
996 2e-05
997 2e-05
998 2e-05
999 2e-05
1000 2e-05
1001 2e-05
1002 2e-05
1003 2e-05
1004 2e-05
1005 2e-05
1006 2e-05
1007 2e-05
1008 2e-05
1009 2e-05
1010 2e-05
1011 2e-05
1012 2e-05
1013 2e-05
1014 2e-05
1015 2e-05
1016 2e-05
1017 2e-05
1018 2e-05
1019 2e-05
1020 2e-05
1021 2e-05
1022 2e-05
1023 2e-05
1024 2e-05
1025 2e-05
1026 2e-05
1027 2e-05
1028 2e-05
1029 2e-05
1030 2e-05
1031 2e-05
1032 2e-05
1033 2e-05
1034 2e-05
1035 2e-05
1036 2e-05
1037 2e-05
1038 2e-05
1039 2e-05
1040 2e-05
1041 2e-05
1042 2e-05
1043 2e-05
1044 2e-05
1045 2e-05
1046 2e-05
1047 2e-05
1048 2e-05
1049 2e-05
1050 2e-05
1051 2e-05
1052 2e-05
1053 2e-05
1054 2e-05
1055 2e-05
1056 2e-05
1057 2e-05
1058 2e-05
1059 2e-05
1060 2e-05
1061 2e-05
1062 2e-05
1063 2e-05
1064 2e-05
1065 2e-05
1066 2e-05
1067 2e-05
1068 2e-05
1069 2e-05
1070 2e-05
1071 2e-05
1072 2e-05
1073 2e-05
1074 2e-05
1075 2e-05
1076 2e-05
1077 2e-05
1078 2e-05
1079 2e-05
1080 2e-05
1081 2e-05
1082 2e-05
1083 2e-05
1084 2e-05
1085 2e-05
1086 2e-05
1087 2e-05
1088 2e-05
1089 2e-05
1090 2e-05
1091 2e-05
1092 2e-05
1093 2e-05
1094 2e-05
1095 2e-05
1096 2e-05
1097 2e-05
1098 2e-05
1099 2e-05
1100 2e-05
1101 2e-05
1102 2e-05
1103 2e-05
1104 2e-05
1105 2e-05
1106 2e-05
1107 2e-05
1108 2e-05
1109 2e-05
1110 2e-05
1111 2e-05
1112 2e-05
1113 2e-05
1114 2e-05
1115 2e-05
1116 2e-05
1117 2e-05
1118 2e-05
1119 2e-05
1120 2e-05
1121 2e-05
1122 2e-05
1123 2e-05
1124 2e-05
1125 2e-05
1126 2e-05
1127 2e-05
1128 2e-05
1129 2e-05
1130 2e-05
1131 2e-05
1132 2e-05
1133 2e-05
1134 2e-05
1135 2e-05
1136 2e-05
1137 2e-05
1138 2e-05
1139 2e-05
1140 2e-05
1141 2e-05
1142 2e-05
1143 2e-05
1144 2e-05
1145 2e-05
1146 2e-05
1147 2e-05
1148 2e-05
1149 2e-05
1150 2e-05
1151 2e-05
1152 2e-05
1153 2e-05
1154 2e-05
1155 2e-05
1156 2e-05
1157 2e-05
1158 2e-05
1159 2e-05
1160 2e-05
1161 2e-05
1162 2e-05
1163 2e-05
1164 2e-05
1165 2e-05
1166 2e-05
1167 2e-05
1168 2e-05
1169 2e-05
1170 2e-05
1171 2e-05
1172 2e-05
1173 2e-05
1174 2e-05
1175 2e-05
1176 2e-05
1177 2e-05
1178 2e-05
1179 2e-05
1180 2e-05
1181 2e-05
1182 2e-05
1183 2e-05
1184 2e-05
1185 2e-05
1186 2e-05
1187 2e-05
1188 2e-05
1189 2e-05
1190 2e-05
1191 2e-05
1192 2e-05
1193 2e-05
1194 2e-05
1195 2e-05
1196 2e-05
1197 2e-05
1198 2e-05
1199 2e-05
1200 2e-05
1201 2e-05
1202 2e-05
1203 2e-05
1204 2e-05
1205 2e-05
1206 2e-05
1207 2e-05
1208 2e-05
1209 2e-05
1210 2e-05
1211 2e-05
1212 2e-05
1213 2e-05
1214 2e-05
1215 2e-05
1216 2e-05
1217 2e-05
1218 2e-05
1219 2e-05
1220 2e-05
1221 2e-05
1222 2e-05
1223 2e-05
1224 2e-05
1225 2e-05
1226 2e-05
1227 2e-05
1228 2e-05
1229 2e-05
1230 2e-05
1231 2e-05
1232 2e-05
1233 2e-05
1234 2e-05
1235 2e-05
1236 2e-05
1237 2e-05
1238 2e-05
1239 2e-05
1240 2e-05
1241 2e-05
1242 2e-05
1243 2e-05
1244 2e-05
1245 2e-05
1246 2e-05
1247 2e-05
1248 2e-05
1249 2e-05
1250 2e-05
1251 2e-05
1252 2e-05
1253 2e-05
1254 2e-05
1255 2e-05
1256 2e-05
1257 2e-05
1258 2e-05
1259 2e-05
1260 2e-05
1261 2e-05
1262 2e-05
1263 2e-05
1264 2e-05
1265 2e-05
1266 2e-05
1267 2e-05
1268 2e-05
1269 2e-05
1270 2e-05
1271 2e-05
1272 2e-05
1273 2e-05
1274 2e-05
1275 2e-05
1276 2e-05
1277 2e-05
1278 2e-05
1279 2e-05
1280 2e-05
1281 2e-05
1282 2e-05
1283 2e-05
1284 2e-05
1285 2e-05
1286 2e-05
1287 2e-05
1288 2e-05
1289 2e-05
1290 2e-05
1291 2e-05
1292 2e-05
1293 2e-05
1294 2e-05
1295 2e-05
1296 2e-05
1297 2e-05
1298 2e-05
1299 2e-05
1300 2e-05
1301 2e-05
1302 2e-05
1303 2e-05
1304 2e-05
1305 2e-05
1306 2e-05
1307 2e-05
1308 2e-05
1309 2e-05
1310 2e-05
1311 2e-05
1312 2e-05
1313 2e-05
1314 2e-05
1315 2e-05
1316 2e-05
1317 2e-05
1318 2e-05
1319 2e-05
1320 2e-05
1321 2e-05
1322 2e-05
1323 2e-05
1324 2e-05
1325 2e-05
1326 2e-05
1327 2e-05
1328 2e-05
1329 2e-05
1330 2e-05
1331 2e-05
1332 2e-05
1333 2e-05
1334 2e-05
1335 2e-05
1336 2e-05
1337 2e-05
1338 2e-05
1339 2e-05
1340 2e-05
1341 2e-05
1342 2e-05
1343 2e-05
1344 2e-05
1345 2e-05
1346 2e-05
1347 2e-05
1348 2e-05
1349 2e-05
1350 2e-05
1351 2e-05
1352 2e-05
1353 2e-05
1354 2e-05
1355 2e-05
1356 2e-05
1357 2e-05
1358 2e-05
1359 2e-05
1360 2e-05
1361 2e-05
1362 2e-05
1363 2e-05
1364 2e-05
1365 2e-05
1366 2e-05
1367 2e-05
1368 2e-05
1369 2e-05
1370 2e-05
1371 2e-05
1372 2e-05
1373 2e-05
1374 2e-05
1375 2e-05
1376 2e-05
1377 2e-05
1378 2e-05
1379 2e-05
1380 2e-05
1381 2e-05
1382 2e-05
1383 2e-05
1384 2e-05
1385 2e-05
1386 2e-05
1387 2e-05
1388 2e-05
1389 2e-05
1390 2e-05
1391 2e-05
1392 2e-05
1393 2e-05
1394 2e-05
1395 2e-05
1396 2e-05
1397 2e-05
1398 2e-05
1399 2e-05
1400 2e-05
1401 2e-05
1402 2e-05
1403 2e-05
1404 2e-05
1405 2e-05
1406 2e-05
1407 2e-05
1408 2e-05
1409 2e-05
1410 2e-05
1411 2e-05
1412 2e-05
1413 2e-05
1414 2e-05
1415 2e-05
1416 2e-05
1417 2e-05
1418 2e-05
1419 2e-05
1420 2e-05
1421 2e-05
1422 2e-05
1423 2e-05
1424 2e-05
1425 2e-05
1426 2e-05
1427 2e-05
1428 2e-05
1429 2e-05
1430 2e-05
1431 2e-05
1432 2e-05
1433 2e-05
1434 2e-05
1435 2e-05
1436 2e-05
1437 2e-05
1438 2e-05
1439 2e-05
1440 2e-05
1441 2e-05
1442 2e-05
1443 2e-05
1444 2e-05
1445 2e-05
1446 2e-05
1447 2e-05
1448 2e-05
1449 2e-05
1450 2e-05
1451 2e-05
1452 2e-05
1453 2e-05
1454 2e-05
1455 2e-05
1456 2e-05
1457 2e-05
1458 2e-05
1459 2e-05
1460 2e-05
1461 2e-05
1462 2e-05
1463 2e-05
1464 2e-05
1465 2e-05
1466 2e-05
1467 2e-05
1468 2e-05
1469 2e-05
1470 2e-05
1471 2e-05
1472 2e-05
1473 2e-05
1474 2e-05
1475 2e-05
1476 2e-05
1477 2e-05
1478 2e-05
1479 2e-05
1480 2e-05
1481 2e-05
1482 2e-05
1483 2e-05
1484 2e-05
1485 2e-05
1486 2e-05
1487 2e-05
1488 2e-05
1489 2e-05
1490 2e-05
1491 2e-05
1492 2e-05
1493 2e-05
1494 2e-05
1495 2e-05
1496 2e-05
1497 2e-05
1498 2e-05
1499 2e-05
1500 2e-05
1501 2e-05
1502 2e-05
1503 2e-05
1504 2e-05
1505 2e-05
1506 2e-05
1507 2e-05
1508 2e-05
1509 2e-05
1510 2e-05
1511 2e-05
1512 2e-05
1513 2e-05
1514 2e-05
1515 2e-05
1516 2e-05
1517 2e-05
1518 2e-05
1519 2e-05
1520 2e-05
1521 2e-05
1522 2e-05
1523 2e-05
1524 2e-05
1525 2e-05
1526 2e-05
1527 2e-05
1528 2e-05
1529 2e-05
1530 2e-05
1531 2e-05
1532 2e-05
1533 2e-05
1534 2e-05
1535 2e-05
1536 2e-05
1537 2e-05
1538 2e-05
1539 2e-05
1540 2e-05
1541 2e-05
1542 2e-05
1543 2e-05
1544 2e-05
1545 2e-05
1546 2e-05
1547 2e-05
1548 2e-05
1549 2e-05
1550 2e-05
1551 2e-05
1552 2e-05
1553 2e-05
1554 2e-05
1555 2e-05
1556 2e-05
1557 2e-05
1558 2e-05
1559 2e-05
1560 2e-05
1561 2e-05
1562 2e-05
1563 2e-05
1564 2e-05
1565 2e-05
1566 2e-05
1567 2e-05
1568 2e-05
1569 2e-05
1570 2e-05
1571 2e-05
1572 2e-05
1573 2e-05
1574 2e-05
1575 2e-05
1576 2e-05
1577 2e-05
1578 2e-05
1579 2e-05
1580 2e-05
1581 2e-05
1582 2e-05
1583 2e-05
1584 2e-05
1585 2e-05
1586 2e-05
1587 2e-05
1588 2e-05
1589 2e-05
1590 2e-05
1591 2e-05
1592 2e-05
1593 2e-05
1594 2e-05
1595 2e-05
1596 2e-05
1597 2e-05
1598 2e-05
1599 2e-05
1600 2e-05
1601 2e-05
1602 2e-05
1603 2e-05
1604 2e-05
1605 2e-05
1606 2e-05
1607 2e-05
1608 2e-05
1609 2e-05
1610 2e-05
1611 2e-05
1612 2e-05
1613 2e-05
1614 2e-05
1615 2e-05
1616 2e-05
1617 2e-05
1618 2e-05
1619 2e-05
1620 2e-05
1621 2e-05
1622 2e-05
1623 2e-05
1624 2e-05
1625 2e-05
1626 2e-05
1627 2e-05
1628 2e-05
1629 2e-05
1630 2e-05
1631 2e-05
1632 2e-05
1633 2e-05
1634 2e-05
1635 2e-05
1636 2e-05
1637 2e-05
1638 2e-05
1639 2e-05
1640 2e-05
1641 2e-05
1642 2e-05
1643 2e-05
1644 2e-05
1645 2e-05
1646 2e-05
1647 2e-05
1648 2e-05
1649 2e-05
1650 2e-05
1651 2e-05
1652 2e-05
1653 2e-05
1654 2e-05
1655 2e-05
1656 2e-05
1657 2e-05
1658 2e-05
1659 2e-05
1660 2e-05
1661 2e-05
1662 2e-05
1663 2e-05
1664 2e-05
1665 2e-05
1666 2e-05
1667 2e-05
1668 2e-05
1669 2e-05
1670 2e-05
1671 2e-05
1672 2e-05
1673 2e-05
1674 2e-05
1675 2e-05
1676 2e-05
1677 2e-05
1678 2e-05
1679 2e-05
1680 2e-05
1681 2e-05
1682 2e-05
1683 2e-05
1684 2e-05
1685 2e-05
1686 2e-05
1687 2e-05
1688 2e-05
1689 2e-05
1690 2e-05
1691 2e-05
1692 2e-05
1693 2e-05
1694 2e-05
1695 2e-05
1696 2e-05
1697 2e-05
1698 2e-05
1699 2e-05
1700 2e-05
1701 2e-05
1702 2e-05
1703 2e-05
1704 2e-05
1705 2e-05
1706 2e-05
1707 2e-05
1708 2e-05
1709 2e-05
1710 2e-05
1711 2e-05
1712 2e-05
1713 2e-05
1714 2e-05
1715 2e-05
1716 2e-05
1717 2e-05
1718 2e-05
1719 2e-05
1720 2e-05
1721 2e-05
1722 2e-05
1723 2e-05
1724 2e-05
1725 2e-05
1726 2e-05
1727 2e-05
1728 2e-05
1729 2e-05
1730 2e-05
1731 2e-05
1732 2e-05
1733 2e-05
1734 2e-05
1735 2e-05
1736 2e-05
1737 2e-05
1738 2e-05
1739 2e-05
1740 2e-05
1741 2e-05
1742 2e-05
1743 2e-05
1744 2e-05
1745 2e-05
1746 2e-05
1747 2e-05
1748 2e-05
1749 2e-05
1750 2e-05
1751 2e-05
1752 2e-05
1753 2e-05
1754 2e-05
1755 2e-05
1756 2e-05
1757 2e-05
1758 2e-05
1759 2e-05
1760 2e-05
1761 2e-05
1762 2e-05
1763 2e-05
1764 2e-05
1765 2e-05
1766 2e-05
1767 2e-05
1768 2e-05
1769 2e-05
1770 2e-05
1771 2e-05
1772 2e-05
1773 2e-05
1774 2e-05
1775 2e-05
1776 2e-05
1777 2e-05
1778 2e-05
1779 2e-05
1780 2e-05
1781 2e-05
1782 2e-05
1783 2e-05
1784 2e-05
1785 2e-05
1786 2e-05
1787 2e-05
1788 2e-05
1789 2e-05
1790 2e-05
1791 2e-05
1792 2e-05
1793 2e-05
1794 2e-05
1795 2e-05
1796 2e-05
1797 2e-05
1798 2e-05
1799 2e-05
1800 2e-05
1801 2e-05
1802 2e-05
1803 2e-05
1804 2e-05
1805 2e-05
1806 2e-05
1807 2e-05
1808 2e-05
1809 2e-05
1810 2e-05
1811 2e-05
1812 2e-05
1813 2e-05
1814 2e-05
1815 2e-05
1816 2e-05
1817 2e-05
1818 2e-05
1819 2e-05
1820 2e-05
1821 2e-05
1822 2e-05
1823 2e-05
1824 2e-05
1825 2e-05
1826 2e-05
1827 2e-05
1828 2e-05
1829 2e-05
1830 2e-05
1831 2e-05
1832 2e-05
1833 2e-05
1834 2e-05
1835 2e-05
1836 2e-05
1837 2e-05
1838 2e-05
1839 2e-05
1840 2e-05
1841 2e-05
1842 2e-05
1843 2e-05
1844 2e-05
1845 2e-05
1846 2e-05
1847 2e-05
1848 2e-05
1849 2e-05
1850 2e-05
1851 2e-05
1852 2e-05
1853 2e-05
1854 2e-05
1855 2e-05
1856 2e-05
1857 2e-05
1858 2e-05
1859 2e-05
1860 2e-05
1861 2e-05
1862 2e-05
1863 2e-05
1864 2e-05
1865 2e-05
1866 2e-05
1867 2e-05
1868 2e-05
1869 2e-05
1870 2e-05
1871 2e-05
1872 2e-05
1873 2e-05
1874 2e-05
1875 2e-05
1876 2e-05
1877 2e-05
1878 2e-05
1879 2e-05
1880 2e-05
1881 2e-05
1882 2e-05
1883 2e-05
1884 2e-05
1885 2e-05
1886 2e-05
1887 2e-05
1888 2e-05
1889 2e-05
1890 2e-05
1891 2e-05
1892 2e-05
1893 2e-05
1894 2e-05
1895 2e-05
1896 2e-05
1897 2e-05
1898 2e-05
1899 2e-05
1900 2e-05
1901 2e-05
1902 2e-05
1903 2e-05
1904 2e-05
1905 2e-05
1906 2e-05
1907 2e-05
1908 2e-05
1909 2e-05
1910 2e-05
1911 2e-05
1912 2e-05
1913 2e-05
1914 2e-05
1915 2e-05
1916 2e-05
1917 2e-05
1918 2e-05
1919 2e-05
1920 2e-05
1921 2e-05
1922 2e-05
1923 2e-05
1924 2e-05
1925 2e-05
1926 2e-05
1927 2e-05
1928 2e-05
1929 2e-05
1930 2e-05
1931 2e-05
1932 2e-05
1933 2e-05
1934 2e-05
1935 2e-05
1936 2e-05
1937 2e-05
1938 2e-05
1939 2e-05
1940 2e-05
1941 2e-05
1942 2e-05
1943 2e-05
1944 2e-05
1945 2e-05
1946 2e-05
1947 2e-05
1948 2e-05
1949 2e-05
1950 2e-05
1951 2e-05
1952 2e-05
1953 2e-05
1954 2e-05
1955 2e-05
1956 2e-05
1957 2e-05
1958 2e-05
1959 2e-05
1960 2e-05
1961 2e-05
1962 2e-05
1963 2e-05
1964 2e-05
1965 2e-05
1966 2e-05
1967 2e-05
1968 2e-05
1969 2e-05
1970 2e-05
1971 2e-05
1972 2e-05
1973 2e-05
1974 2e-05
1975 2e-05
1976 2e-05
1977 2e-05
1978 2e-05
1979 2e-05
1980 2e-05
1981 2e-05
1982 2e-05
1983 2e-05
1984 2e-05
1985 2e-05
1986 2e-05
1987 2e-05
1988 2e-05
1989 2e-05
1990 2e-05
1991 2e-05
1992 2e-05
1993 2e-05
1994 2e-05
1995 2e-05
1996 2e-05
1997 2e-05
1998 2e-05
1999 2e-05
2000 2e-05
2001 2e-05
2002 2e-05
2003 2e-05
2004 2e-05
2005 2e-05
2006 2e-05
2007 2e-05
2008 2e-05
2009 2e-05
2010 2e-05
2011 2e-05
2012 2e-05
2013 2e-05
2014 2e-05
2015 2e-05
2016 2e-05
2017 2e-05
2018 2e-05
2019 2e-05
2020 2e-05
2021 2e-05
2022 2e-05
2023 2e-05
2024 2e-05
2025 2e-05
2026 2e-05
2027 2e-05
2028 2e-05
2029 2e-05
2030 2e-05
2031 2e-05
2032 2e-05
2033 2e-05
2034 2e-05
2035 2e-05
2036 2e-05
2037 2e-05
2038 2e-05
2039 2e-05
2040 2e-05
2041 2e-05
2042 2e-05
2043 2e-05
2044 2e-05
2045 2e-05
2046 2e-05
2047 2e-05
2048 2e-05
2049 2e-05
2050 2e-05
2051 2e-05
2052 2e-05
2053 2e-05
2054 2e-05
2055 2e-05
2056 2e-05
2057 2e-05
2058 2e-05
2059 2e-05
2060 2e-05
2061 2e-05
2062 2e-05
2063 2e-05
2064 2e-05
2065 2e-05
2066 2e-05
2067 2e-05
2068 2e-05
2069 2e-05
2070 2e-05
2071 2e-05
2072 2e-05
2073 2e-05
2074 2e-05
2075 2e-05
2076 2e-05
2077 2e-05
2078 2e-05
2079 2e-05
2080 2e-05
2081 2e-05
2082 2e-05
2083 2e-05
2084 2e-05
2085 2e-05
2086 2e-05
2087 2e-05
2088 2e-05
2089 2e-05
2090 2e-05
2091 2e-05
2092 2e-05
2093 2e-05
2094 2e-05
2095 2e-05
2096 2e-05
2097 2e-05
2098 2e-05
2099 2e-05
2100 2e-05
2101 2e-05
2102 2e-05
2103 2e-05
2104 2e-05
2105 2e-05
2106 2e-05
2107 2e-05
2108 2e-05
2109 2e-05
2110 2e-05
2111 2e-05
2112 2e-05
2113 2e-05
2114 2e-05
2115 2e-05
2116 2e-05
2117 2e-05
2118 2e-05
2119 2e-05
2120 2e-05
2121 2e-05
2122 2e-05
2123 2e-05
2124 2e-05
2125 2e-05
2126 2e-05
2127 2e-05
2128 2e-05
2129 2e-05
2130 2e-05
2131 2e-05
2132 2e-05
2133 2e-05
2134 2e-05
2135 2e-05
2136 2e-05
2137 2e-05
2138 2e-05
2139 2e-05
2140 2e-05
2141 2e-05
2142 2e-05
2143 2e-05
2144 2e-05
2145 2e-05
2146 2e-05
2147 2e-05
2148 2e-05
2149 2e-05
2150 2e-05
2151 2e-05
2152 2e-05
2153 2e-05
2154 2e-05
2155 2e-05
2156 2e-05
2157 2e-05
2158 2e-05
2159 2e-05
2160 2e-05
2161 2e-05
2162 2e-05
2163 2e-05
2164 2e-05
2165 2e-05
2166 2e-05
2167 2e-05
2168 2e-05
2169 2e-05
2170 2e-05
2171 2e-05
2172 2e-05
2173 2e-05
2174 2e-05
2175 2e-05
2176 2e-05
2177 2e-05
2178 2e-05
2179 2e-05
2180 2e-05
2181 2e-05
2182 2e-05
2183 2e-05
2184 2e-05
2185 2e-05
2186 2e-05
2187 2e-05
2188 2e-05
2189 2e-05
2190 2e-05
2191 2e-05
2192 2e-05
2193 2e-05
2194 2e-05
2195 2e-05
2196 2e-05
2197 2e-05
2198 2e-05
2199 2e-05
2200 2e-05
2201 2e-05
2202 2e-05
2203 2e-05
2204 2e-05
2205 2e-05
2206 2e-05
2207 2e-05
2208 2e-05
2209 2e-05
2210 2e-05
2211 2e-05
2212 2e-05
2213 2e-05
2214 2e-05
2215 2e-05
2216 2e-05
2217 2e-05
2218 2e-05
2219 2e-05
2220 2e-05
2221 2e-05
2222 2e-05
2223 2e-05
2224 2e-05
2225 2e-05
2226 2e-05
2227 2e-05
2228 2e-05
2229 2e-05
2230 2e-05
2231 2e-05
2232 2e-05
2233 2e-05
2234 2e-05
2235 2e-05
2236 2e-05
2237 2e-05
2238 2e-05
2239 2e-05
2240 2e-05
2241 2e-05
2242 2e-05
2243 2e-05
2244 2e-05
2245 2e-05
2246 2e-05
2247 2e-05
2248 2e-05
2249 2e-05
2250 2e-05
2251 2e-05
2252 2e-05
2253 2e-05
2254 2e-05
2255 2e-05
2256 2e-05
2257 2e-05
2258 2e-05
2259 2e-05
2260 2e-05
2261 2e-05
2262 2e-05
2263 2e-05
2264 2e-05
2265 2e-05
2266 2e-05
2267 2e-05
2268 2e-05
2269 2e-05
2270 2e-05
2271 2e-05
2272 2e-05
2273 2e-05
2274 2e-05
2275 2e-05
2276 2e-05
2277 2e-05
2278 2e-05
2279 2e-05
2280 2e-05
2281 2e-05
2282 2e-05
2283 2e-05
2284 2e-05
2285 2e-05
2286 2e-05
2287 2e-05
2288 2e-05
2289 2e-05
2290 2e-05
2291 2e-05
2292 2e-05
2293 2e-05
2294 2e-05
2295 2e-05
2296 2e-05
2297 2e-05
2298 2e-05
2299 2e-05
2300 2e-05
2301 2e-05
2302 2e-05
2303 2e-05
2304 2e-05
2305 2e-05
2306 2e-05
2307 2e-05
2308 2e-05
2309 2e-05
2310 2e-05
2311 2e-05
2312 2e-05
2313 2e-05
2314 2e-05
2315 2e-05
2316 2e-05
2317 2e-05
2318 2e-05
2319 2e-05
2320 2e-05
2321 2e-05
2322 2e-05
2323 2e-05
2324 2e-05
2325 2e-05
2326 2e-05
2327 2e-05
2328 2e-05
2329 2e-05
2330 2e-05
2331 2e-05
2332 2e-05
2333 2e-05
2334 2e-05
2335 2e-05
2336 2e-05
2337 2e-05
2338 2e-05
2339 2e-05
2340 2e-05
2341 2e-05
2342 2e-05
2343 2e-05
2344 2e-05
2345 2e-05
2346 2e-05
2347 2e-05
2348 2e-05
2349 2e-05
2350 2e-05
2351 2e-05
2352 2e-05
2353 2e-05
2354 2e-05
2355 2e-05
2356 2e-05
2357 2e-05
2358 2e-05
2359 2e-05
2360 2e-05
2361 2e-05
2362 2e-05
2363 2e-05
2364 2e-05
2365 2e-05
2366 2e-05
2367 2e-05
2368 2e-05
2369 2e-05
2370 2e-05
2371 2e-05
2372 2e-05
2373 2e-05
2374 2e-05
2375 2e-05
2376 2e-05
2377 2e-05
2378 2e-05
2379 2e-05
2380 2e-05
2381 2e-05
2382 2e-05
2383 2e-05
2384 2e-05
2385 2e-05
2386 2e-05
2387 2e-05
2388 2e-05
2389 2e-05
2390 2e-05
2391 2e-05
2392 2e-05
2393 2e-05
2394 2e-05
2395 2e-05
2396 2e-05
2397 2e-05
2398 2e-05
2399 2e-05
2400 2e-05
2401 2e-05
2402 2e-05
2403 2e-05
2404 2e-05
2405 2e-05
2406 2e-05
2407 2e-05
2408 2e-05
2409 2e-05
2410 2e-05
2411 2e-05
2412 2e-05
2413 2e-05
2414 2e-05
2415 2e-05
2416 2e-05
2417 2e-05
2418 2e-05
2419 2e-05
2420 2e-05
2421 2e-05
2422 2e-05
2423 2e-05
2424 2e-05
2425 2e-05
2426 2e-05
2427 2e-05
2428 2e-05
2429 2e-05
2430 2e-05
2431 2e-05
2432 2e-05
2433 2e-05
2434 2e-05
2435 2e-05
2436 2e-05
2437 2e-05
2438 2e-05
2439 2e-05
2440 2e-05
2441 2e-05
2442 2e-05
2443 2e-05
2444 2e-05
2445 2e-05
2446 2e-05
2447 2e-05
2448 2e-05
2449 2e-05
2450 2e-05
2451 2e-05
2452 2e-05
2453 2e-05
2454 2e-05
2455 2e-05
2456 2e-05
2457 2e-05
2458 2e-05
2459 2e-05
2460 2e-05
2461 2e-05
2462 2e-05
2463 2e-05
2464 2e-05
2465 2e-05
2466 2e-05
2467 2e-05
2468 2e-05
2469 2e-05
2470 2e-05
2471 2e-05
2472 2e-05
2473 2e-05
2474 2e-05
2475 2e-05
2476 2e-05
2477 2e-05
2478 2e-05
2479 2e-05
2480 2e-05
2481 2e-05
2482 2e-05
2483 2e-05
2484 2e-05
2485 2e-05
2486 2e-05
2487 2e-05
2488 2e-05
2489 2e-05
2490 2e-05
2491 2e-05
2492 2e-05
2493 2e-05
2494 2e-05
2495 2e-05
2496 2e-05
2497 2e-05
2498 2e-05
2499 2e-05
2500 2e-05
2501 2e-05
2502 2e-05
2503 2e-05
2504 2e-05
2505 2e-05
2506 2e-05
2507 2e-05
2508 2e-05
2509 2e-05
2510 2e-05
2511 2e-05
2512 2e-05
2513 2e-05
2514 2e-05
2515 2e-05
2516 2e-05
2517 2e-05
2518 2e-05
2519 2e-05
2520 2e-05
2521 2e-05
2522 2e-05
2523 2e-05
2524 2e-05
2525 2e-05
2526 2e-05
2527 2e-05
2528 2e-05
2529 2e-05
2530 2e-05
2531 2e-05
2532 2e-05
2533 2e-05
2534 2e-05
2535 2e-05
2536 2e-05
2537 2e-05
2538 2e-05
2539 2e-05
2540 2e-05
2541 2e-05
2542 2e-05
2543 2e-05
2544 2e-05
2545 2e-05
2546 2e-05
2547 2e-05
2548 2e-05
2549 2e-05
2550 2e-05
2551 2e-05
2552 2e-05
2553 2e-05
2554 2e-05
2555 2e-05
2556 2e-05
2557 2e-05
2558 2e-05
2559 2e-05
2560 2e-05
2561 2e-05
2562 2e-05
2563 2e-05
2564 2e-05
2565 2e-05
2566 2e-05
2567 2e-05
2568 2e-05
2569 2e-05
2570 2e-05
2571 2e-05
2572 2e-05
2573 2e-05
2574 2e-05
2575 2e-05
2576 2e-05
2577 2e-05
2578 2e-05
2579 2e-05
2580 2e-05
2581 2e-05
2582 2e-05
2583 2e-05
2584 2e-05
2585 2e-05
2586 2e-05
2587 2e-05
2588 2e-05
2589 2e-05
2590 2e-05
2591 2e-05
2592 2e-05
2593 2e-05
2594 2e-05
2595 2e-05
2596 2e-05
2597 2e-05
2598 2e-05
2599 2e-05
2600 2e-05
2601 2e-05
2602 2e-05
2603 2e-05
2604 2e-05
2605 2e-05
2606 2e-05
2607 2e-05
2608 2e-05
2609 2e-05
2610 2e-05
2611 2e-05
2612 2e-05
2613 2e-05
2614 2e-05
2615 2e-05
2616 2e-05
2617 2e-05
2618 2e-05
2619 2e-05
2620 2e-05
2621 2e-05
2622 2e-05
2623 2e-05
2624 2e-05
2625 2e-05
2626 2e-05
2627 2e-05
2628 2e-05
2629 2e-05
2630 2e-05
2631 2e-05
2632 2e-05
2633 2e-05
2634 2e-05
2635 2e-05
2636 2e-05
2637 2e-05
2638 2e-05
2639 2e-05
2640 2e-05
2641 2e-05
2642 2e-05
2643 2e-05
2644 2e-05
2645 2e-05
2646 2e-05
2647 2e-05
2648 2e-05
2649 2e-05
2650 2e-05
2651 2e-05
2652 2e-05
2653 2e-05
2654 2e-05
2655 2e-05
2656 2e-05
2657 2e-05
2658 2e-05
2659 2e-05
2660 2e-05
2661 2e-05
2662 2e-05
2663 2e-05
2664 2e-05
2665 2e-05
2666 2e-05
2667 2e-05
2668 2e-05
2669 2e-05
2670 2e-05
2671 2e-05
2672 2e-05
2673 2e-05
2674 2e-05
2675 2e-05
2676 2e-05
2677 2e-05
2678 2e-05
2679 2e-05
2680 2e-05
2681 2e-05
2682 2e-05
2683 2e-05
2684 2e-05
2685 2e-05
2686 2e-05
2687 2e-05
2688 2e-05
2689 2e-05
2690 2e-05
2691 2e-05
2692 2e-05
2693 2e-05
2694 2e-05
2695 2e-05
2696 2e-05
2697 2e-05
2698 2e-05
2699 2e-05
2700 2e-05
2701 2e-05
2702 2e-05
2703 2e-05
2704 2e-05
2705 2e-05
2706 2e-05
2707 2e-05
2708 2e-05
2709 2e-05
2710 2e-05
2711 2e-05
2712 2e-05
2713 2e-05
2714 2e-05
2715 2e-05
2716 2e-05
2717 2e-05
2718 2e-05
2719 2e-05
2720 2e-05
2721 2e-05
2722 2e-05
2723 2e-05
2724 2e-05
2725 2e-05
2726 2e-05
2727 2e-05
2728 2e-05
2729 2e-05
2730 2e-05
2731 2e-05
2732 2e-05
2733 2e-05
2734 2e-05
2735 2e-05
2736 2e-05
2737 2e-05
2738 2e-05
2739 2e-05
2740 2e-05
2741 2e-05
2742 2e-05
2743 2e-05
2744 2e-05
2745 2e-05
2746 2e-05
2747 2e-05
2748 2e-05
2749 2e-05
2750 2e-05
2751 2e-05
2752 2e-05
2753 2e-05
2754 2e-05
2755 2e-05
2756 2e-05
2757 2e-05
2758 2e-05
2759 2e-05
2760 2e-05
2761 2e-05
2762 2e-05
2763 2e-05
2764 2e-05
2765 2e-05
2766 2e-05
2767 2e-05
2768 2e-05
2769 2e-05
2770 2e-05
2771 2e-05
2772 2e-05
2773 2e-05
2774 2e-05
2775 2e-05
2776 2e-05
2777 2e-05
2778 2e-05
2779 2e-05
2780 2e-05
2781 2e-05
2782 2e-05
2783 2e-05
2784 2e-05
2785 2e-05
2786 2e-05
2787 2e-05
2788 2e-05
2789 2e-05
2790 2e-05
2791 2e-05
2792 2e-05
2793 2e-05
2794 2e-05
2795 2e-05
2796 2e-05
2797 2e-05
2798 2e-05
2799 2e-05
2800 2e-05
2801 2e-05
2802 2e-05
2803 2e-05
2804 2e-05
2805 2e-05
2806 2e-05
2807 2e-05
2808 2e-05
2809 2e-05
2810 2e-05
2811 2e-05
2812 2e-05
2813 2e-05
2814 2e-05
2815 2e-05
2816 2e-05
2817 2e-05
2818 2e-05
2819 2e-05
2820 2e-05
2821 2e-05
2822 2e-05
2823 2e-05
2824 2e-05
2825 2e-05
2826 2e-05
2827 2e-05
2828 2e-05
2829 2e-05
2830 2e-05
2831 2e-05
2832 2e-05
2833 2e-05
2834 2e-05
2835 2e-05
2836 2e-05
2837 2e-05
2838 2e-05
2839 2e-05
2840 2e-05
2841 2e-05
2842 2e-05
2843 2e-05
2844 2e-05
2845 2e-05
2846 2e-05
2847 2e-05
2848 2e-05
2849 2e-05
2850 2e-05
2851 2e-05
2852 2e-05
2853 2e-05
2854 2e-05
2855 2e-05
2856 2e-05
2857 2e-05
2858 2e-05
2859 2e-05
2860 2e-05
2861 2e-05
2862 2e-05
2863 2e-05
2864 2e-05
2865 2e-05
2866 2e-05
2867 2e-05
2868 2e-05
2869 2e-05
2870 2e-05
2871 2e-05
2872 2e-05
2873 2e-05
2874 2e-05
2875 2e-05
2876 2e-05
2877 2e-05
2878 2e-05
2879 2e-05
2880 2e-05
2881 2e-05
2882 2e-05
2883 2e-05
2884 2e-05
2885 2e-05
2886 2e-05
2887 2e-05
2888 2e-05
2889 2e-05
2890 2e-05
2891 2e-05
2892 2e-05
2893 2e-05
2894 2e-05
2895 2e-05
2896 2e-05
2897 2e-05
2898 2e-05
2899 2e-05
2900 2e-05
2901 2e-05
2902 2e-05
2903 2e-05
2904 2e-05
2905 2e-05
2906 2e-05
2907 2e-05
2908 2e-05
2909 2e-05
2910 2e-05
2911 2e-05
2912 2e-05
2913 2e-05
2914 2e-05
2915 2e-05
2916 2e-05
2917 2e-05
2918 2e-05
2919 2e-05
2920 2e-05
2921 2e-05
2922 2e-05
2923 2e-05
2924 2e-05
2925 2e-05
2926 2e-05
2927 2e-05
2928 2e-05
2929 2e-05
2930 2e-05
2931 2e-05
2932 2e-05
2933 2e-05
2934 2e-05
2935 2e-05
2936 2e-05
2937 2e-05
2938 2e-05
2939 2e-05
2940 2e-05
2941 2e-05
2942 2e-05
2943 2e-05
2944 2e-05
2945 2e-05
2946 2e-05
2947 2e-05
2948 2e-05
2949 2e-05
2950 2e-05
2951 2e-05
2952 2e-05
2953 2e-05
2954 2e-05
2955 2e-05
2956 2e-05
2957 2e-05
2958 2e-05
2959 2e-05
2960 2e-05
2961 2e-05
2962 2e-05
2963 2e-05
2964 2e-05
2965 2e-05
2966 2e-05
2967 2e-05
2968 2e-05
2969 2e-05
2970 2e-05
2971 2e-05
2972 2e-05
2973 2e-05
2974 2e-05
2975 2e-05
2976 2e-05
2977 2e-05
2978 2e-05
2979 2e-05
2980 2e-05
2981 2e-05
2982 2e-05
2983 2e-05
2984 2e-05
2985 2e-05
2986 2e-05
2987 2e-05
2988 2e-05
2989 2e-05
2990 2e-05
2991 2e-05
2992 2e-05
2993 2e-05
2994 2e-05
2995 2e-05
2996 2e-05
2997 2e-05
2998 2e-05
2999 2e-05
3000 2e-05
3001 2e-05
3002 2e-05
3003 2e-05
3004 2e-05
3005 2e-05
3006 2e-05
3007 2e-05
3008 2e-05
3009 2e-05
3010 2e-05
3011 2e-05
3012 2e-05
3013 2e-05
3014 2e-05
3015 2e-05
3016 2e-05
3017 2e-05
3018 2e-05
3019 2e-05
3020 2e-05
3021 2e-05
3022 2e-05
3023 2e-05
3024 2e-05
3025 2e-05
3026 2e-05
3027 2e-05
3028 2e-05
3029 2e-05
3030 2e-05
3031 2e-05
3032 2e-05
3033 2e-05
3034 2e-05
3035 2e-05
3036 2e-05
3037 2e-05
3038 2e-05
3039 2e-05
3040 2e-05
3041 2e-05
3042 2e-05
3043 2e-05
3044 2e-05
3045 2e-05
3046 2e-05
3047 2e-05
3048 2e-05
3049 2e-05
3050 2e-05
3051 2e-05
3052 2e-05
3053 2e-05
3054 2e-05
3055 2e-05
3056 2e-05
3057 2e-05
3058 2e-05
3059 2e-05
3060 2e-05
3061 2e-05
3062 2e-05
3063 2e-05
3064 2e-05
3065 2e-05
3066 2e-05
3067 2e-05
3068 2e-05
3069 2e-05
3070 2e-05
3071 2e-05
3072 2e-05
3073 2e-05
3074 2e-05
3075 2e-05
3076 2e-05
3077 2e-05
3078 2e-05
3079 2e-05
3080 2e-05
3081 2e-05
3082 2e-05
3083 2e-05
3084 2e-05
3085 2e-05
3086 2e-05
3087 2e-05
3088 2e-05
3089 2e-05
3090 2e-05
3091 2e-05
3092 2e-05
3093 2e-05
3094 2e-05
3095 2e-05
3096 2e-05
3097 2e-05
3098 2e-05
3099 2e-05
3100 2e-05
3101 2e-05
3102 2e-05
3103 2e-05
3104 2e-05
3105 2e-05
3106 2e-05
3107 2e-05
3108 2e-05
3109 2e-05
3110 2e-05
3111 2e-05
3112 2e-05
3113 2e-05
3114 2e-05
3115 2e-05
3116 2e-05
3117 2e-05
3118 2e-05
3119 2e-05
3120 2e-05
3121 2e-05
3122 2e-05
3123 2e-05
3124 2e-05
3125 2e-05
3126 2e-05
3127 2e-05
3128 2e-05
3129 2e-05
3130 2e-05
3131 2e-05
3132 2e-05
3133 2e-05
3134 2e-05
3135 2e-05
3136 2e-05
3137 2e-05
3138 2e-05
3139 2e-05
3140 2e-05
3141 2e-05
3142 2e-05
3143 2e-05
3144 2e-05
3145 2e-05
3146 2e-05
3147 2e-05
3148 2e-05
3149 2e-05
3150 2e-05
3151 2e-05
3152 2e-05
3153 2e-05
3154 2e-05
3155 2e-05
3156 2e-05
3157 2e-05
3158 2e-05
3159 2e-05
3160 2e-05
3161 2e-05
3162 2e-05
3163 2e-05
3164 2e-05
3165 2e-05
3166 2e-05
3167 2e-05
3168 2e-05
3169 2e-05
3170 2e-05
3171 2e-05
3172 2e-05
3173 2e-05
3174 2e-05
3175 2e-05
3176 2e-05
3177 2e-05
3178 2e-05
3179 2e-05
3180 2e-05
3181 2e-05
3182 2e-05
3183 2e-05
3184 2e-05
3185 2e-05
3186 2e-05
3187 2e-05
3188 2e-05
3189 2e-05
3190 2e-05
3191 2e-05
3192 2e-05
3193 2e-05
3194 2e-05
3195 2e-05
3196 2e-05
3197 2e-05
3198 2e-05
3199 2e-05
3200 2e-05
3201 2e-05
3202 2e-05
3203 2e-05
3204 2e-05
3205 2e-05
3206 2e-05
3207 2e-05
3208 2e-05
3209 2e-05
3210 2e-05
3211 2e-05
3212 2e-05
3213 2e-05
3214 2e-05
3215 2e-05
3216 2e-05
3217 2e-05
3218 2e-05
3219 2e-05
3220 2e-05
3221 2e-05
3222 2e-05
3223 2e-05
3224 2e-05
3225 2e-05
3226 2e-05
3227 2e-05
3228 2e-05
3229 2e-05
3230 2e-05
3231 2e-05
3232 2e-05
3233 2e-05
3234 2e-05
3235 2e-05
3236 2e-05
3237 2e-05
3238 2e-05
3239 2e-05
3240 2e-05
3241 2e-05
3242 2e-05
3243 2e-05
3244 2e-05
3245 2e-05
3246 2e-05
3247 2e-05
3248 2e-05
3249 2e-05
3250 2e-05
3251 2e-05
3252 2e-05
3253 2e-05
3254 2e-05
3255 2e-05
3256 2e-05
3257 2e-05
3258 2e-05
3259 2e-05
3260 2e-05
3261 2e-05
3262 2e-05
3263 2e-05
3264 2e-05
3265 2e-05
3266 2e-05
3267 2e-05
3268 2e-05
3269 2e-05
3270 2e-05
3271 2e-05
3272 2e-05
3273 2e-05
3274 2e-05
3275 2e-05
3276 2e-05
3277 2e-05
3278 2e-05
3279 2e-05
3280 2e-05
3281 2e-05
3282 2e-05
3283 2e-05
3284 2e-05
3285 2e-05
3286 2e-05
3287 2e-05
3288 2e-05
3289 2e-05
3290 2e-05
3291 2e-05
3292 2e-05
3293 2e-05
3294 2e-05
3295 2e-05
3296 2e-05
3297 2e-05
3298 2e-05
3299 2e-05
3300 2e-05
3301 2e-05
3302 2e-05
3303 2e-05
3304 2e-05
3305 2e-05
3306 2e-05
3307 2e-05
3308 2e-05
3309 2e-05
3310 2e-05
3311 2e-05
3312 2e-05
3313 2e-05
3314 2e-05
3315 2e-05
3316 2e-05
3317 2e-05
3318 2e-05
3319 2e-05
3320 2e-05
3321 2e-05
3322 2e-05
3323 2e-05
3324 2e-05
3325 2e-05
3326 2e-05
3327 2e-05
3328 2e-05
3329 2e-05
3330 2e-05
3331 2e-05
3332 2e-05
3333 2e-05
3334 2e-05
3335 2e-05
3336 2e-05
3337 2e-05
3338 2e-05
3339 2e-05
3340 2e-05
3341 2e-05
3342 2e-05
3343 2e-05
3344 2e-05
3345 2e-05
3346 2e-05
3347 2e-05
3348 2e-05
3349 2e-05
3350 2e-05
3351 2e-05
3352 2e-05
3353 2e-05
3354 2e-05
3355 2e-05
3356 2e-05
3357 2e-05
3358 2e-05
3359 2e-05
3360 2e-05
3361 2e-05
3362 2e-05
3363 2e-05
3364 2e-05
3365 2e-05
3366 2e-05
3367 2e-05
3368 2e-05
3369 2e-05
3370 2e-05
3371 2e-05
3372 2e-05
3373 2e-05
3374 2e-05
3375 2e-05
3376 2e-05
3377 2e-05
3378 2e-05
3379 2e-05
3380 2e-05
3381 2e-05
3382 2e-05
3383 2e-05
3384 2e-05
3385 2e-05
3386 2e-05
3387 2e-05
3388 2e-05
3389 2e-05
3390 2e-05
3391 2e-05
3392 2e-05
3393 2e-05
3394 2e-05
3395 2e-05
3396 2e-05
3397 2e-05
3398 2e-05
3399 2e-05
3400 2e-05
3401 2e-05
3402 2e-05
3403 2e-05
3404 2e-05
3405 2e-05
3406 2e-05
3407 2e-05
3408 2e-05
3409 2e-05
3410 2e-05
3411 2e-05
3412 2e-05
3413 2e-05
3414 2e-05
3415 2e-05
3416 2e-05
3417 2e-05
3418 2e-05
3419 2e-05
3420 2e-05
3421 2e-05
3422 2e-05
3423 2e-05
3424 2e-05
3425 2e-05
3426 2e-05
3427 2e-05
3428 2e-05
3429 2e-05
3430 2e-05
3431 2e-05
3432 2e-05
3433 2e-05
3434 2e-05
3435 2e-05
3436 2e-05
3437 2e-05
3438 2e-05
3439 2e-05
3440 2e-05
3441 2e-05
3442 2e-05
3443 2e-05
3444 2e-05
3445 2e-05
3446 2e-05
3447 2e-05
3448 2e-05
3449 2e-05
3450 2e-05
3451 2e-05
3452 2e-05
3453 2e-05
3454 2e-05
3455 2e-05
3456 2e-05
3457 2e-05
3458 2e-05
3459 2e-05
3460 2e-05
3461 2e-05
3462 2e-05
3463 2e-05
3464 2e-05
3465 2e-05
3466 2e-05
3467 2e-05
3468 2e-05
3469 2e-05
3470 2e-05
3471 2e-05
3472 2e-05
3473 2e-05
3474 2e-05
3475 2e-05
3476 2e-05
3477 2e-05
3478 2e-05
3479 2e-05
3480 2e-05
3481 2e-05
3482 2e-05
3483 2e-05
3484 2e-05
3485 2e-05
3486 2e-05
3487 2e-05
3488 2e-05
3489 2e-05
3490 2e-05
3491 2e-05
3492 2e-05
3493 2e-05
3494 2e-05
3495 2e-05
3496 2e-05
3497 2e-05
3498 2e-05
3499 2e-05
3500 2e-05
3501 2e-05
3502 2e-05
3503 2e-05
3504 2e-05
3505 2e-05
3506 2e-05
3507 2e-05
3508 2e-05
3509 2e-05
3510 2e-05
3511 2e-05
3512 2e-05
3513 2e-05
3514 2e-05
3515 2e-05
3516 2e-05
3517 2e-05
3518 2e-05
3519 2e-05
3520 2e-05
3521 2e-05
3522 2e-05
3523 2e-05
3524 2e-05
3525 2e-05
3526 2e-05
3527 2e-05
3528 2e-05
3529 2e-05
3530 2e-05
3531 2e-05
3532 2e-05
3533 2e-05
3534 2e-05
3535 2e-05
3536 2e-05
3537 2e-05
3538 2e-05
3539 2e-05
3540 2e-05
3541 2e-05
3542 2e-05
3543 2e-05
3544 2e-05
3545 2e-05
3546 2e-05
3547 2e-05
3548 2e-05
3549 2e-05
3550 2e-05
3551 2e-05
3552 2e-05
3553 2e-05
3554 2e-05
3555 2e-05
3556 2e-05
3557 2e-05
3558 2e-05
3559 2e-05
3560 2e-05
3561 2e-05
3562 2e-05
3563 2e-05
3564 2e-05
3565 2e-05
3566 2e-05
3567 2e-05
3568 2e-05
3569 2e-05
3570 2e-05
3571 2e-05
3572 2e-05
3573 2e-05
3574 2e-05
3575 2e-05
3576 2e-05
3577 2e-05
3578 2e-05
3579 2e-05
3580 2e-05
3581 2e-05
3582 2e-05
3583 2e-05
3584 2e-05
3585 2e-05
3586 2e-05
3587 2e-05
3588 2e-05
3589 2e-05
3590 2e-05
3591 2e-05
3592 2e-05
3593 2e-05
3594 2e-05
3595 2e-05
3596 2e-05
3597 2e-05
3598 2e-05
3599 2e-05
3600 2e-05
3601 2e-05
3602 2e-05
3603 2e-05
3604 2e-05
3605 2e-05
3606 2e-05
3607 2e-05
3608 2e-05
3609 2e-05
3610 2e-05
3611 2e-05
3612 2e-05
3613 2e-05
3614 2e-05
3615 2e-05
3616 2e-05
3617 2e-05
3618 2e-05
3619 2e-05
3620 2e-05
3621 2e-05
3622 2e-05
3623 2e-05
3624 2e-05
3625 2e-05
3626 2e-05
3627 2e-05
3628 2e-05
3629 2e-05
3630 2e-05
3631 2e-05
3632 2e-05
3633 2e-05
3634 2e-05
3635 2e-05
3636 2e-05
3637 2e-05
3638 2e-05
3639 2e-05
3640 2e-05
3641 2e-05
3642 2e-05
3643 2e-05
3644 2e-05
3645 2e-05
3646 2e-05
3647 2e-05
3648 2e-05
3649 2e-05
3650 2e-05
3651 2e-05
3652 2e-05
3653 2e-05
3654 2e-05
3655 2e-05
3656 2e-05
3657 2e-05
3658 2e-05
3659 2e-05
3660 2e-05
3661 2e-05
3662 2e-05
3663 2e-05
3664 2e-05
3665 2e-05
3666 2e-05
3667 2e-05
3668 2e-05
3669 2e-05
3670 2e-05
3671 2e-05
3672 2e-05
3673 2e-05
3674 2e-05
3675 2e-05
3676 2e-05
3677 2e-05
3678 2e-05
3679 2e-05
3680 2e-05
3681 2e-05
3682 2e-05
3683 2e-05
3684 2e-05
3685 2e-05
3686 2e-05
3687 2e-05
3688 2e-05
3689 2e-05
3690 2e-05
3691 2e-05
3692 2e-05
3693 2e-05
3694 2e-05
3695 2e-05
3696 2e-05
3697 2e-05
3698 2e-05
3699 2e-05
3700 2e-05
3701 2e-05
3702 2e-05
3703 2e-05
3704 2e-05
3705 2e-05
3706 2e-05
3707 2e-05
3708 2e-05
3709 2e-05
3710 2e-05
3711 2e-05
3712 2e-05
3713 2e-05
3714 2e-05
3715 2e-05
3716 2e-05
3717 2e-05
3718 2e-05
3719 2e-05
3720 2e-05
3721 2e-05
3722 2e-05
3723 2e-05
3724 2e-05
3725 2e-05
3726 2e-05
3727 2e-05
3728 2e-05
3729 2e-05
3730 2e-05
3731 2e-05
3732 2e-05
3733 2e-05
3734 2e-05
3735 2e-05
3736 2e-05
3737 2e-05
3738 2e-05
3739 2e-05
3740 2e-05
3741 2e-05
3742 2e-05
3743 2e-05
3744 2e-05
3745 2e-05
3746 2e-05
3747 2e-05
3748 2e-05
3749 2e-05
3750 2e-05
3751 2e-05
3752 2e-05
3753 2e-05
3754 2e-05
3755 2e-05
3756 2e-05
3757 2e-05
3758 2e-05
3759 2e-05
3760 2e-05
3761 2e-05
3762 2e-05
3763 2e-05
3764 2e-05
3765 2e-05
3766 2e-05
3767 2e-05
3768 2e-05
3769 2e-05
3770 2e-05
3771 2e-05
3772 2e-05
3773 2e-05
3774 2e-05
3775 2e-05
3776 2e-05
3777 2e-05
3778 2e-05
3779 2e-05
3780 2e-05
3781 2e-05
3782 2e-05
3783 2e-05
3784 2e-05
3785 2e-05
3786 2e-05
3787 2e-05
3788 2e-05
3789 2e-05
3790 2e-05
3791 2e-05
3792 2e-05
3793 2e-05
3794 2e-05
3795 2e-05
3796 2e-05
3797 2e-05
3798 2e-05
3799 2e-05
3800 2e-05
3801 2e-05
3802 2e-05
3803 2e-05
3804 2e-05
3805 2e-05
3806 2e-05
3807 2e-05
3808 2e-05
3809 2e-05
3810 2e-05
3811 2e-05
3812 2e-05
3813 2e-05
3814 2e-05
3815 2e-05
3816 2e-05
3817 2e-05
3818 2e-05
3819 2e-05
3820 2e-05
3821 2e-05
3822 2e-05
3823 2e-05
3824 2e-05
3825 2e-05
3826 2e-05
3827 2e-05
3828 2e-05
3829 2e-05
3830 2e-05
3831 2e-05
3832 2e-05
3833 2e-05
3834 2e-05
3835 2e-05
3836 2e-05
3837 2e-05
3838 2e-05
3839 2e-05
3840 2e-05
3841 2e-05
3842 2e-05
3843 2e-05
3844 2e-05
3845 2e-05
3846 2e-05
3847 2e-05
3848 2e-05
3849 2e-05
3850 2e-05
3851 2e-05
3852 2e-05
3853 2e-05
3854 2e-05
3855 2e-05
3856 2e-05
3857 2e-05
3858 2e-05
3859 2e-05
3860 2e-05
3861 2e-05
3862 2e-05
3863 2e-05
3864 2e-05
3865 2e-05
3866 2e-05
3867 2e-05
3868 2e-05
3869 2e-05
3870 2e-05
3871 2e-05
3872 2e-05
3873 2e-05
3874 2e-05
3875 2e-05
3876 2e-05
3877 2e-05
3878 2e-05
3879 2e-05
3880 2e-05
3881 2e-05
3882 2e-05
3883 2e-05
3884 2e-05
3885 2e-05
3886 2e-05
3887 2e-05
3888 2e-05
3889 2e-05
3890 2e-05
3891 2e-05
3892 2e-05
3893 2e-05
3894 2e-05
3895 2e-05
3896 2e-05
3897 2e-05
3898 2e-05
3899 2e-05
3900 2e-05
3901 2e-05
3902 2e-05
3903 2e-05
3904 2e-05
3905 2e-05
3906 2e-05
3907 2e-05
3908 2e-05
3909 2e-05
3910 2e-05
3911 2e-05
3912 2e-05
3913 2e-05
3914 2e-05
3915 2e-05
3916 2e-05
3917 2e-05
3918 2e-05
3919 2e-05
3920 2e-05
3921 2e-05
3922 2e-05
3923 2e-05
3924 2e-05
3925 2e-05
3926 2e-05
3927 2e-05
3928 2e-05
3929 2e-05
3930 2e-05
3931 2e-05
3932 2e-05
3933 2e-05
3934 2e-05
3935 2e-05
3936 2e-05
3937 2e-05
3938 2e-05
3939 2e-05
3940 2e-05
3941 2e-05
3942 2e-05
3943 2e-05
3944 2e-05
3945 2e-05
3946 2e-05
3947 2e-05
3948 2e-05
3949 2e-05
3950 2e-05
3951 2e-05
3952 2e-05
3953 2e-05
3954 2e-05
3955 2e-05
3956 2e-05
3957 2e-05
3958 2e-05
3959 2e-05
3960 2e-05
3961 2e-05
3962 2e-05
3963 2e-05
3964 2e-05
3965 2e-05
3966 2e-05
3967 2e-05
3968 2e-05
3969 2e-05
3970 2e-05
3971 2e-05
3972 2e-05
3973 2e-05
3974 2e-05
3975 2e-05
3976 2e-05
3977 2e-05
3978 2e-05
3979 2e-05
3980 2e-05
3981 2e-05
3982 2e-05
3983 2e-05
3984 2e-05
3985 2e-05
3986 2e-05
3987 2e-05
3988 2e-05
3989 2e-05
3990 2e-05
3991 2e-05
3992 2e-05
3993 2e-05
3994 2e-05
3995 2e-05
3996 2e-05
3997 2e-05
3998 2e-05
3999 2e-05
4000 2e-05
4001 2e-05
4002 2e-05
4003 2e-05
4004 2e-05
4005 2e-05
4006 2e-05
4007 2e-05
4008 2e-05
4009 2e-05
4010 2e-05
4011 2e-05
4012 2e-05
4013 2e-05
4014 2e-05
4015 2e-05
4016 2e-05
4017 2e-05
4018 2e-05
4019 2e-05
4020 2e-05
4021 2e-05
4022 2e-05
4023 2e-05
4024 2e-05
4025 2e-05
4026 2e-05
4027 2e-05
4028 2e-05
4029 2e-05
4030 2e-05
4031 2e-05
4032 2e-05
4033 2e-05
4034 2e-05
4035 2e-05
4036 2e-05
4037 2e-05
4038 2e-05
4039 2e-05
4040 2e-05
4041 2e-05
4042 2e-05
4043 2e-05
4044 2e-05
4045 2e-05
4046 2e-05
4047 2e-05
4048 2e-05
4049 2e-05
4050 2e-05
4051 2e-05
4052 2e-05
4053 2e-05
4054 2e-05
4055 2e-05
4056 2e-05
4057 2e-05
4058 2e-05
4059 2e-05
4060 2e-05
4061 2e-05
4062 2e-05
4063 2e-05
4064 2e-05
4065 2e-05
4066 2e-05
4067 2e-05
4068 2e-05
4069 2e-05
4070 2e-05
4071 2e-05
4072 2e-05
4073 2e-05
4074 2e-05
4075 2e-05
4076 2e-05
4077 2e-05
4078 2e-05
4079 2e-05
4080 2e-05
4081 2e-05
4082 2e-05
4083 2e-05
4084 2e-05
4085 2e-05
4086 2e-05
4087 2e-05
4088 2e-05
4089 2e-05
4090 2e-05
4091 2e-05
4092 2e-05
4093 2e-05
4094 2e-05
4095 2e-05
4096 2e-05
4097 2e-05
4098 2e-05
4099 2e-05
4100 2e-05
4101 2e-05
4102 2e-05
4103 2e-05
4104 2e-05
4105 2e-05
4106 2e-05
4107 2e-05
4108 2e-05
4109 2e-05
4110 2e-05
4111 2e-05
4112 2e-05
4113 2e-05
4114 2e-05
4115 2e-05
4116 2e-05
4117 2e-05
4118 2e-05
4119 2e-05
4120 2e-05
4121 2e-05
4122 2e-05
4123 2e-05
4124 2e-05
4125 2e-05
4126 2e-05
4127 2e-05
4128 2e-05
4129 2e-05
4130 2e-05
4131 2e-05
4132 2e-05
4133 2e-05
4134 2e-05
4135 2e-05
4136 2e-05
4137 2e-05
4138 2e-05
4139 2e-05
4140 2e-05
4141 2e-05
4142 2e-05
4143 2e-05
4144 2e-05
4145 2e-05
4146 2e-05
4147 2e-05
4148 2e-05
4149 2e-05
4150 2e-05
4151 2e-05
4152 2e-05
4153 2e-05
4154 2e-05
4155 2e-05
4156 2e-05
4157 2e-05
4158 2e-05
4159 2e-05
4160 2e-05
4161 2e-05
4162 2e-05
4163 2e-05
4164 2e-05
4165 2e-05
4166 2e-05
4167 2e-05
4168 2e-05
4169 2e-05
4170 2e-05
4171 2e-05
4172 2e-05
4173 2e-05
4174 2e-05
4175 2e-05
4176 2e-05
4177 2e-05
4178 2e-05
4179 2e-05
4180 2e-05
4181 2e-05
4182 2e-05
4183 2e-05
4184 2e-05
4185 2e-05
4186 2e-05
4187 2e-05
4188 2e-05
4189 2e-05
4190 2e-05
4191 2e-05
4192 2e-05
4193 2e-05
4194 2e-05
4195 2e-05
4196 2e-05
4197 2e-05
4198 2e-05
4199 2e-05
4200 2e-05
4201 2e-05
4202 2e-05
4203 2e-05
4204 2e-05
4205 2e-05
4206 2e-05
4207 2e-05
4208 2e-05
4209 2e-05
4210 2e-05
4211 2e-05
4212 2e-05
4213 2e-05
4214 2e-05
4215 2e-05
4216 2e-05
4217 2e-05
4218 2e-05
4219 2e-05
4220 2e-05
4221 2e-05
4222 2e-05
4223 2e-05
4224 2e-05
4225 2e-05
4226 2e-05
4227 2e-05
4228 2e-05
4229 2e-05
4230 2e-05
4231 2e-05
4232 2e-05
4233 2e-05
4234 2e-05
4235 2e-05
4236 2e-05
4237 2e-05
4238 2e-05
4239 2e-05
4240 2e-05
4241 2e-05
4242 2e-05
4243 2e-05
4244 2e-05
4245 2e-05
4246 2e-05
4247 2e-05
4248 2e-05
4249 2e-05
4250 2e-05
4251 2e-05
4252 2e-05
4253 2e-05
4254 2e-05
4255 2e-05
4256 2e-05
4257 2e-05
4258 2e-05
4259 2e-05
4260 2e-05
4261 2e-05
4262 2e-05
4263 2e-05
4264 2e-05
4265 2e-05
4266 2e-05
4267 2e-05
4268 2e-05
4269 2e-05
4270 2e-05
4271 2e-05
4272 2e-05
4273 2e-05
4274 2e-05
4275 2e-05
4276 2e-05
4277 2e-05
4278 2e-05
4279 2e-05
4280 2e-05
4281 2e-05
4282 2e-05
4283 2e-05
4284 2e-05
4285 2e-05
4286 2e-05
4287 2e-05
4288 2e-05
4289 2e-05
4290 2e-05
4291 2e-05
4292 2e-05
4293 2e-05
4294 2e-05
4295 2e-05
4296 2e-05
4297 2e-05
4298 2e-05
4299 2e-05
4300 2e-05
4301 2e-05
4302 2e-05
4303 2e-05
4304 2e-05
4305 2e-05
4306 2e-05
4307 2e-05
4308 2e-05
4309 2e-05
4310 2e-05
4311 2e-05
4312 2e-05
4313 2e-05
4314 2e-05
4315 2e-05
4316 2e-05
4317 2e-05
4318 2e-05
4319 2e-05
4320 2e-05
4321 2e-05
4322 2e-05
4323 2e-05
4324 2e-05
4325 2e-05
4326 2e-05
4327 2e-05
4328 2e-05
4329 2e-05
4330 2e-05
4331 2e-05
4332 2e-05
4333 2e-05
4334 2e-05
4335 2e-05
4336 2e-05
4337 2e-05
4338 2e-05
4339 2e-05
4340 2e-05
4341 2e-05
4342 2e-05
4343 2e-05
4344 2e-05
4345 2e-05
4346 2e-05
4347 2e-05
4348 2e-05
4349 2e-05
4350 2e-05
4351 2e-05
4352 2e-05
4353 2e-05
4354 2e-05
4355 2e-05
4356 2e-05
4357 2e-05
4358 2e-05
4359 2e-05
4360 2e-05
4361 2e-05
4362 2e-05
4363 2e-05
4364 2e-05
4365 2e-05
4366 2e-05
4367 2e-05
4368 2e-05
4369 2e-05
4370 2e-05
4371 2e-05
4372 2e-05
4373 2e-05
4374 2e-05
4375 2e-05
4376 2e-05
4377 2e-05
4378 2e-05
4379 2e-05
4380 2e-05
4381 2e-05
4382 2e-05
4383 2e-05
4384 2e-05
4385 2e-05
4386 2e-05
4387 2e-05
4388 2e-05
4389 2e-05
4390 2e-05
4391 2e-05
4392 2e-05
4393 2e-05
4394 2e-05
4395 2e-05
4396 2e-05
4397 2e-05
4398 2e-05
4399 2e-05
4400 2e-05
4401 2e-05
4402 2e-05
4403 2e-05
4404 2e-05
4405 2e-05
4406 2e-05
4407 2e-05
4408 2e-05
4409 2e-05
4410 2e-05
4411 2e-05
4412 2e-05
4413 2e-05
4414 2e-05
4415 2e-05
4416 2e-05
4417 2e-05
4418 2e-05
4419 2e-05
4420 2e-05
4421 2e-05
4422 2e-05
4423 2e-05
4424 2e-05
4425 2e-05
4426 2e-05
4427 2e-05
4428 2e-05
4429 2e-05
4430 2e-05
4431 2e-05
4432 2e-05
4433 2e-05
4434 2e-05
4435 2e-05
4436 2e-05
4437 2e-05
4438 2e-05
4439 2e-05
4440 2e-05
4441 2e-05
4442 2e-05
4443 2e-05
4444 2e-05
4445 2e-05
4446 2e-05
4447 2e-05
4448 2e-05
4449 2e-05
4450 2e-05
4451 2e-05
4452 2e-05
4453 2e-05
4454 2e-05
4455 2e-05
4456 2e-05
4457 2e-05
4458 2e-05
4459 2e-05
4460 2e-05
4461 2e-05
4462 2e-05
4463 2e-05
4464 2e-05
4465 2e-05
4466 2e-05
4467 2e-05
4468 2e-05
4469 2e-05
4470 2e-05
4471 2e-05
4472 2e-05
4473 2e-05
4474 2e-05
4475 2e-05
4476 2e-05
4477 2e-05
4478 2e-05
4479 2e-05
4480 2e-05
4481 2e-05
4482 2e-05
4483 2e-05
4484 2e-05
4485 2e-05
4486 2e-05
4487 2e-05
4488 2e-05
4489 2e-05
4490 2e-05
4491 2e-05
4492 2e-05
4493 2e-05
4494 2e-05
4495 2e-05
4496 2e-05
4497 2e-05
4498 2e-05
4499 2e-05
4500 2e-05
4501 2e-05
4502 2e-05
4503 2e-05
4504 2e-05
4505 2e-05
4506 2e-05
4507 2e-05
4508 2e-05
4509 2e-05
4510 2e-05
4511 2e-05
4512 2e-05
4513 2e-05
4514 2e-05
4515 2e-05
4516 2e-05
4517 2e-05
4518 2e-05
4519 2e-05
4520 2e-05
4521 2e-05
4522 2e-05
4523 2e-05
4524 2e-05
4525 2e-05
4526 2e-05
4527 2e-05
4528 2e-05
4529 2e-05
4530 2e-05
4531 2e-05
4532 2e-05
4533 2e-05
4534 2e-05
4535 2e-05
4536 2e-05
4537 2e-05
4538 2e-05
4539 2e-05
4540 2e-05
4541 2e-05
4542 2e-05
4543 2e-05
4544 2e-05
4545 2e-05
4546 2e-05
4547 2e-05
4548 2e-05
4549 2e-05
4550 2e-05
4551 2e-05
4552 2e-05
4553 2e-05
4554 2e-05
4555 2e-05
4556 2e-05
4557 2e-05
4558 2e-05
4559 2e-05
4560 2e-05
4561 2e-05
4562 2e-05
4563 2e-05
4564 2e-05
4565 2e-05
4566 2e-05
4567 2e-05
4568 2e-05
4569 2e-05
4570 2e-05
4571 2e-05
4572 2e-05
4573 2e-05
4574 2e-05
4575 2e-05
4576 2e-05
4577 2e-05
4578 2e-05
4579 2e-05
4580 2e-05
4581 2e-05
4582 2e-05
4583 2e-05
4584 2e-05
4585 2e-05
4586 2e-05
4587 2e-05
4588 2e-05
4589 2e-05
4590 2e-05
4591 2e-05
4592 2e-05
4593 2e-05
4594 2e-05
4595 2e-05
4596 2e-05
4597 2e-05
4598 2e-05
4599 2e-05
4600 2e-05
4601 2e-05
4602 2e-05
4603 2e-05
4604 2e-05
4605 2e-05
4606 2e-05
4607 2e-05
4608 2e-05
4609 2e-05
4610 2e-05
4611 2e-05
4612 2e-05
4613 2e-05
4614 2e-05
4615 2e-05
4616 2e-05
4617 2e-05
4618 2e-05
4619 2e-05
4620 2e-05
4621 2e-05
4622 2e-05
4623 2e-05
4624 2e-05
4625 2e-05
4626 2e-05
4627 2e-05
4628 2e-05
4629 2e-05
4630 2e-05
4631 2e-05
4632 2e-05
4633 2e-05
4634 2e-05
4635 2e-05
4636 2e-05
4637 2e-05
4638 2e-05
4639 2e-05
4640 2e-05
4641 2e-05
4642 2e-05
4643 2e-05
4644 2e-05
4645 2e-05
4646 2e-05
4647 2e-05
4648 2e-05
4649 2e-05
4650 2e-05
4651 2e-05
4652 2e-05
4653 2e-05
4654 2e-05
4655 2e-05
4656 2e-05
4657 2e-05
4658 2e-05
4659 2e-05
4660 2e-05
4661 2e-05
4662 2e-05
4663 2e-05
4664 2e-05
4665 2e-05
4666 2e-05
4667 2e-05
4668 2e-05
4669 2e-05
4670 2e-05
4671 2e-05
4672 2e-05
4673 2e-05
4674 2e-05
4675 2e-05
4676 2e-05
4677 2e-05
4678 2e-05
4679 2e-05
4680 2e-05
4681 2e-05
4682 2e-05
4683 2e-05
4684 2e-05
4685 2e-05
4686 2e-05
4687 2e-05
4688 2e-05
4689 2e-05
4690 2e-05
4691 2e-05
4692 2e-05
4693 2e-05
4694 2e-05
4695 2e-05
4696 2e-05
4697 2e-05
4698 2e-05
4699 2e-05
4700 2e-05
4701 2e-05
4702 2e-05
4703 2e-05
4704 2e-05
4705 2e-05
4706 2e-05
4707 2e-05
4708 2e-05
4709 2e-05
4710 2e-05
4711 2e-05
4712 2e-05
4713 2e-05
4714 2e-05
4715 2e-05
4716 2e-05
4717 2e-05
4718 2e-05
4719 2e-05
4720 2e-05
4721 2e-05
4722 2e-05
4723 2e-05
4724 2e-05
4725 2e-05
4726 2e-05
4727 2e-05
4728 2e-05
4729 2e-05
4730 2e-05
4731 2e-05
4732 2e-05
4733 2e-05
4734 2e-05
4735 2e-05
4736 2e-05
4737 2e-05
4738 2e-05
4739 2e-05
4740 2e-05
4741 2e-05
4742 2e-05
4743 2e-05
4744 2e-05
4745 2e-05
4746 2e-05
4747 2e-05
4748 2e-05
4749 2e-05
4750 2e-05
4751 2e-05
4752 2e-05
4753 2e-05
4754 2e-05
4755 2e-05
4756 2e-05
4757 2e-05
4758 2e-05
4759 2e-05
4760 2e-05
4761 2e-05
4762 2e-05
4763 2e-05
4764 2e-05
4765 2e-05
4766 2e-05
4767 2e-05
4768 2e-05
4769 2e-05
4770 2e-05
4771 2e-05
4772 2e-05
4773 2e-05
4774 2e-05
4775 2e-05
4776 2e-05
4777 2e-05
4778 2e-05
4779 2e-05
4780 2e-05
4781 2e-05
4782 2e-05
4783 2e-05
4784 2e-05
4785 2e-05
4786 2e-05
4787 2e-05
4788 2e-05
4789 2e-05
4790 2e-05
4791 2e-05
4792 2e-05
4793 2e-05
4794 2e-05
4795 2e-05
4796 2e-05
4797 2e-05
4798 2e-05
4799 2e-05
4800 2e-05
4801 2e-05
4802 2e-05
4803 2e-05
4804 2e-05
4805 2e-05
4806 2e-05
4807 2e-05
4808 2e-05
4809 2e-05
4810 2e-05
4811 2e-05
4812 2e-05
4813 2e-05
4814 2e-05
4815 2e-05
4816 2e-05
4817 2e-05
4818 2e-05
4819 2e-05
4820 2e-05
4821 2e-05
4822 2e-05
4823 2e-05
4824 2e-05
4825 2e-05
4826 2e-05
4827 2e-05
4828 2e-05
4829 2e-05
4830 2e-05
4831 2e-05
4832 2e-05
4833 2e-05
4834 2e-05
4835 2e-05
4836 2e-05
4837 2e-05
4838 2e-05
4839 2e-05
4840 2e-05
4841 2e-05
4842 2e-05
4843 2e-05
4844 2e-05
4845 2e-05
4846 2e-05
4847 2e-05
4848 2e-05
4849 2e-05
4850 2e-05
4851 2e-05
4852 2e-05
4853 2e-05
4854 2e-05
4855 2e-05
4856 2e-05
4857 2e-05
4858 2e-05
4859 2e-05
4860 2e-05
4861 2e-05
4862 2e-05
4863 2e-05
4864 2e-05
4865 2e-05
4866 2e-05
4867 2e-05
4868 2e-05
4869 2e-05
4870 2e-05
4871 2e-05
4872 2e-05
4873 2e-05
4874 2e-05
4875 2e-05
4876 2e-05
4877 2e-05
4878 2e-05
4879 2e-05
4880 2e-05
4881 2e-05
4882 2e-05
4883 2e-05
4884 2e-05
4885 2e-05
4886 2e-05
4887 2e-05
4888 2e-05
4889 2e-05
4890 2e-05
4891 2e-05
4892 2e-05
4893 2e-05
4894 2e-05
4895 2e-05
4896 2e-05
4897 2e-05
4898 2e-05
4899 2e-05
4900 2e-05
4901 2e-05
4902 2e-05
4903 2e-05
4904 2e-05
4905 2e-05
4906 2e-05
4907 2e-05
4908 2e-05
4909 2e-05
4910 2e-05
4911 2e-05
4912 2e-05
4913 2e-05
4914 2e-05
4915 2e-05
4916 2e-05
4917 2e-05
4918 2e-05
4919 2e-05
4920 2e-05
4921 2e-05
4922 2e-05
4923 2e-05
4924 2e-05
4925 2e-05
4926 2e-05
4927 2e-05
4928 2e-05
4929 2e-05
4930 2e-05
4931 2e-05
4932 2e-05
4933 2e-05
4934 2e-05
4935 2e-05
4936 2e-05
4937 2e-05
4938 2e-05
4939 2e-05
4940 2e-05
4941 2e-05
4942 2e-05
4943 2e-05
4944 2e-05
4945 2e-05
4946 2e-05
4947 2e-05
4948 2e-05
4949 2e-05
4950 2e-05
4951 2e-05
4952 2e-05
4953 2e-05
4954 2e-05
4955 2e-05
4956 2e-05
4957 2e-05
4958 2e-05
4959 2e-05
4960 2e-05
4961 2e-05
4962 2e-05
4963 2e-05
4964 2e-05
4965 2e-05
4966 2e-05
4967 2e-05
4968 2e-05
4969 2e-05
4970 2e-05
4971 2e-05
4972 2e-05
4973 2e-05
4974 2e-05
4975 2e-05
4976 2e-05
4977 2e-05
4978 2e-05
4979 2e-05
4980 2e-05
4981 2e-05
4982 2e-05
4983 2e-05
4984 2e-05
4985 2e-05
4986 2e-05
4987 2e-05
4988 2e-05
4989 2e-05
4990 2e-05
4991 2e-05
4992 2e-05
4993 2e-05
4994 2e-05
4995 2e-05
4996 2e-05
4997 2e-05
4998 2e-05
4999 2e-05
5000 2e-05
5001 2e-05
5002 2e-05
5003 2e-05
5004 2e-05
5005 2e-05
5006 2e-05
5007 2e-05
5008 2e-05
5009 2e-05
5010 2e-05
5011 2e-05
5012 2e-05
5013 2e-05
5014 2e-05
5015 2e-05
5016 2e-05
5017 2e-05
5018 2e-05
5019 2e-05
5020 2e-05
5021 2e-05
5022 2e-05
5023 2e-05
5024 2e-05
5025 2e-05
5026 2e-05
5027 2e-05
5028 2e-05
5029 2e-05
5030 2e-05
5031 2e-05
5032 2e-05
5033 2e-05
5034 2e-05
5035 2e-05
5036 2e-05
5037 2e-05
5038 2e-05
5039 2e-05
5040 2e-05
5041 2e-05
5042 2e-05
5043 2e-05
5044 2e-05
5045 2e-05
5046 2e-05
5047 2e-05
5048 2e-05
5049 2e-05
5050 2e-05
5051 2e-05
5052 2e-05
5053 2e-05
5054 2e-05
5055 2e-05
5056 2e-05
5057 2e-05
5058 2e-05
5059 2e-05
5060 2e-05
5061 2e-05
5062 2e-05
5063 2e-05
5064 2e-05
5065 2e-05
5066 2e-05
5067 2e-05
5068 2e-05
5069 2e-05
5070 2e-05
5071 2e-05
5072 2e-05
5073 2e-05
5074 2e-05
5075 2e-05
5076 2e-05
5077 2e-05
5078 2e-05
5079 2e-05
5080 2e-05
5081 2e-05
5082 2e-05
5083 2e-05
5084 2e-05
5085 2e-05
5086 2e-05
5087 2e-05
5088 2e-05
5089 2e-05
5090 2e-05
5091 2e-05
5092 2e-05
5093 2e-05
5094 2e-05
5095 2e-05
5096 2e-05
5097 2e-05
5098 2e-05
5099 2e-05
5100 2e-05
5101 2e-05
5102 2e-05
5103 2e-05
5104 2e-05
5105 2e-05
5106 2e-05
5107 2e-05
5108 2e-05
5109 2e-05
5110 2e-05
5111 2e-05
5112 2e-05
5113 2e-05
5114 2e-05
5115 2e-05
5116 2e-05
5117 2e-05
5118 2e-05
5119 2e-05
5120 2e-05
5121 2e-05
5122 2e-05
5123 2e-05
5124 2e-05
5125 2e-05
5126 2e-05
5127 2e-05
5128 2e-05
5129 2e-05
5130 2e-05
5131 2e-05
5132 2e-05
5133 2e-05
5134 2e-05
5135 2e-05
5136 2e-05
5137 2e-05
5138 2e-05
5139 2e-05
5140 2e-05
5141 2e-05
5142 2e-05
5143 2e-05
5144 2e-05
5145 2e-05
5146 2e-05
5147 2e-05
5148 2e-05
5149 2e-05
5150 2e-05
5151 2e-05
5152 2e-05
5153 2e-05
5154 2e-05
5155 2e-05
5156 2e-05
5157 2e-05
5158 2e-05
5159 2e-05
5160 2e-05
5161 2e-05
5162 2e-05
5163 2e-05
5164 2e-05
5165 2e-05
5166 2e-05
5167 2e-05
5168 2e-05
5169 2e-05
5170 2e-05
5171 2e-05
5172 2e-05
5173 2e-05
5174 2e-05
5175 2e-05
5176 2e-05
5177 2e-05
5178 2e-05
5179 2e-05
5180 2e-05
5181 2e-05
5182 2e-05
5183 2e-05
5184 2e-05
5185 2e-05
5186 2e-05
5187 2e-05
5188 2e-05
5189 2e-05
5190 2e-05
5191 2e-05
5192 2e-05
5193 2e-05
5194 2e-05
5195 2e-05
5196 2e-05
5197 2e-05
5198 2e-05
5199 2e-05
5200 2e-05
5201 2e-05
5202 2e-05
5203 2e-05
5204 2e-05
5205 2e-05
5206 2e-05
5207 2e-05
5208 2e-05
5209 2e-05
5210 2e-05
5211 2e-05
5212 2e-05
5213 2e-05
5214 2e-05
5215 2e-05
5216 2e-05
5217 2e-05
5218 2e-05
5219 2e-05
5220 2e-05
5221 2e-05
5222 2e-05
5223 2e-05
5224 2e-05
5225 2e-05
5226 2e-05
5227 2e-05
5228 2e-05
5229 2e-05
5230 2e-05
5231 2e-05
5232 2e-05
5233 2e-05
5234 2e-05
5235 2e-05
5236 2e-05
5237 2e-05
5238 2e-05
5239 2e-05
5240 2e-05
5241 2e-05
5242 2e-05
5243 2e-05
5244 2e-05
5245 2e-05
5246 2e-05
5247 2e-05
5248 2e-05
5249 2e-05
5250 2e-05
5251 2e-05
5252 2e-05
5253 2e-05
5254 2e-05
5255 2e-05
5256 2e-05
5257 2e-05
5258 2e-05
5259 2e-05
5260 2e-05
5261 2e-05
5262 2e-05
5263 2e-05
5264 2e-05
5265 2e-05
5266 2e-05
5267 2e-05
5268 2e-05
5269 2e-05
5270 2e-05
5271 2e-05
5272 2e-05
5273 2e-05
5274 2e-05
5275 2e-05
5276 2e-05
5277 2e-05
5278 2e-05
5279 2e-05
5280 2e-05
5281 2e-05
5282 2e-05
5283 2e-05
5284 2e-05
5285 2e-05
5286 2e-05
5287 2e-05
5288 2e-05
5289 2e-05
5290 2e-05
5291 2e-05
5292 2e-05
5293 2e-05
5294 2e-05
5295 2e-05
5296 2e-05
5297 2e-05
5298 2e-05
5299 2e-05
5300 2e-05
5301 2e-05
5302 2e-05
5303 2e-05
5304 2e-05
5305 2e-05
5306 2e-05
5307 2e-05
5308 2e-05
5309 2e-05
5310 2e-05
5311 2e-05
5312 2e-05
5313 2e-05
5314 2e-05
5315 2e-05
5316 2e-05
5317 2e-05
5318 2e-05
5319 2e-05
5320 2e-05
5321 2e-05
5322 2e-05
5323 2e-05
5324 2e-05
5325 2e-05
5326 2e-05
5327 2e-05
5328 2e-05
5329 2e-05
5330 2e-05
5331 2e-05
5332 2e-05
5333 2e-05
5334 2e-05
5335 2e-05
5336 2e-05
5337 2e-05
5338 2e-05
5339 2e-05
5340 2e-05
5341 2e-05
5342 2e-05
5343 2e-05
5344 2e-05
5345 2e-05
5346 2e-05
5347 2e-05
5348 2e-05
5349 2e-05
5350 2e-05
5351 2e-05
5352 2e-05
5353 2e-05
5354 2e-05
5355 2e-05
5356 2e-05
5357 2e-05
5358 2e-05
5359 2e-05
5360 2e-05
5361 2e-05
5362 2e-05
5363 2e-05
5364 2e-05
5365 2e-05
5366 2e-05
5367 2e-05
5368 2e-05
5369 2e-05
5370 2e-05
5371 2e-05
5372 2e-05
5373 2e-05
5374 2e-05
5375 2e-05
5376 2e-05
5377 2e-05
5378 2e-05
5379 2e-05
5380 2e-05
5381 2e-05
5382 2e-05
5383 2e-05
5384 2e-05
5385 2e-05
5386 2e-05
5387 2e-05
5388 2e-05
5389 2e-05
5390 2e-05
5391 2e-05
5392 2e-05
5393 2e-05
5394 2e-05
5395 2e-05
5396 2e-05
5397 2e-05
5398 2e-05
5399 2e-05
5400 2e-05
5401 2e-05
5402 2e-05
5403 2e-05
5404 2e-05
5405 2e-05
5406 2e-05
5407 2e-05
5408 2e-05
5409 2e-05
5410 2e-05
5411 2e-05
5412 2e-05
5413 2e-05
5414 2e-05
5415 2e-05
5416 2e-05
5417 2e-05
5418 2e-05
5419 2e-05
5420 2e-05
5421 2e-05
5422 2e-05
5423 2e-05
5424 2e-05
5425 2e-05
5426 2e-05
5427 2e-05
5428 2e-05
5429 2e-05
5430 2e-05
5431 2e-05
5432 2e-05
5433 2e-05
5434 2e-05
5435 2e-05
5436 2e-05
5437 2e-05
5438 2e-05
5439 2e-05
5440 2e-05
5441 2e-05
5442 2e-05
5443 2e-05
5444 2e-05
5445 2e-05
5446 2e-05
5447 2e-05
5448 2e-05
5449 2e-05
5450 2e-05
5451 2e-05
5452 2e-05
5453 2e-05
5454 2e-05
5455 2e-05
5456 2e-05
5457 2e-05
5458 2e-05
5459 2e-05
5460 2e-05
5461 2e-05
5462 2e-05
5463 2e-05
5464 2e-05
5465 2e-05
5466 2e-05
5467 2e-05
5468 2e-05
5469 2e-05
5470 2e-05
5471 2e-05
5472 2e-05
5473 2e-05
5474 2e-05
5475 2e-05
5476 2e-05
5477 2e-05
5478 2e-05
5479 2e-05
5480 2e-05
5481 2e-05
5482 2e-05
5483 2e-05
5484 2e-05
5485 2e-05
5486 2e-05
5487 2e-05
5488 2e-05
5489 2e-05
5490 2e-05
5491 2e-05
5492 2e-05
5493 2e-05
5494 2e-05
5495 2e-05
5496 2e-05
5497 2e-05
5498 2e-05
5499 2e-05
5500 2e-05
5501 2e-05
5502 2e-05
5503 2e-05
5504 2e-05
5505 2e-05
5506 2e-05
5507 2e-05
5508 2e-05
5509 2e-05
5510 2e-05
5511 2e-05
5512 2e-05
5513 2e-05
5514 2e-05
5515 2e-05
5516 2e-05
5517 2e-05
5518 2e-05
5519 2e-05
5520 2e-05
5521 2e-05
5522 2e-05
5523 2e-05
5524 2e-05
5525 2e-05
5526 2e-05
5527 2e-05
5528 2e-05
5529 2e-05
5530 2e-05
5531 2e-05
5532 2e-05
5533 2e-05
5534 2e-05
5535 2e-05
5536 2e-05
5537 2e-05
5538 2e-05
5539 2e-05
5540 2e-05
5541 2e-05
5542 2e-05
5543 2e-05
5544 2e-05
5545 2e-05
5546 2e-05
5547 2e-05
5548 2e-05
5549 2e-05
5550 2e-05
5551 2e-05
5552 2e-05
5553 2e-05
5554 2e-05
5555 2e-05
5556 2e-05
5557 2e-05
5558 2e-05
5559 2e-05
5560 2e-05
5561 2e-05
5562 2e-05
5563 2e-05
5564 2e-05
5565 2e-05
5566 2e-05
5567 2e-05
5568 2e-05
5569 2e-05
5570 2e-05
5571 2e-05
5572 2e-05
5573 2e-05
5574 2e-05
5575 2e-05
5576 2e-05
5577 2e-05
5578 2e-05
5579 2e-05
5580 2e-05
5581 2e-05
5582 2e-05
5583 2e-05
5584 2e-05
5585 2e-05
5586 2e-05
5587 2e-05
5588 2e-05
5589 2e-05
5590 2e-05
5591 2e-05
5592 2e-05
5593 2e-05
5594 2e-05
5595 2e-05
5596 2e-05
5597 2e-05
5598 2e-05
5599 2e-05
5600 2e-05
5601 2e-05
5602 2e-05
5603 2e-05
5604 2e-05
5605 2e-05
5606 2e-05
5607 2e-05
5608 2e-05
5609 2e-05
5610 2e-05
5611 2e-05
5612 2e-05
5613 2e-05
5614 2e-05
5615 2e-05
5616 2e-05
5617 2e-05
5618 2e-05
5619 2e-05
5620 2e-05
5621 2e-05
5622 2e-05
5623 2e-05
5624 2e-05
5625 2e-05
5626 2e-05
5627 2e-05
5628 2e-05
5629 2e-05
5630 2e-05
5631 2e-05
5632 2e-05
5633 2e-05
5634 2e-05
5635 2e-05
5636 2e-05
5637 2e-05
5638 2e-05
5639 2e-05
5640 2e-05
5641 2e-05
5642 2e-05
5643 2e-05
5644 2e-05
5645 2e-05
5646 2e-05
5647 2e-05
5648 2e-05
5649 2e-05
5650 2e-05
5651 2e-05
5652 2e-05
5653 2e-05
5654 2e-05
5655 2e-05
5656 2e-05
5657 2e-05
5658 2e-05
5659 2e-05
5660 2e-05
5661 2e-05
5662 2e-05
5663 2e-05
5664 2e-05
5665 2e-05
5666 2e-05
5667 2e-05
5668 2e-05
5669 2e-05
5670 2e-05
5671 2e-05
5672 2e-05
5673 2e-05
5674 2e-05
5675 2e-05
5676 2e-05
5677 2e-05
5678 2e-05
5679 2e-05
5680 2e-05
5681 2e-05
5682 2e-05
5683 2e-05
5684 2e-05
5685 2e-05
5686 2e-05
5687 2e-05
5688 2e-05
5689 2e-05
5690 2e-05
5691 2e-05
5692 2e-05
5693 2e-05
5694 2e-05
5695 2e-05
5696 2e-05
5697 2e-05
5698 2e-05
5699 2e-05
5700 2e-05
5701 2e-05
5702 2e-05
5703 2e-05
5704 2e-05
5705 2e-05
5706 2e-05
5707 2e-05
5708 2e-05
5709 2e-05
5710 2e-05
5711 2e-05
5712 2e-05
5713 2e-05
5714 2e-05
5715 2e-05
5716 2e-05
5717 2e-05
5718 2e-05
5719 2e-05
5720 2e-05
5721 2e-05
5722 2e-05
5723 2e-05
5724 2e-05
5725 2e-05
5726 2e-05
5727 2e-05
5728 2e-05
5729 2e-05
5730 2e-05
5731 2e-05
5732 2e-05
5733 2e-05
5734 2e-05
5735 2e-05
5736 2e-05
5737 2e-05
5738 2e-05
5739 2e-05
5740 2e-05
5741 2e-05
5742 2e-05
5743 2e-05
5744 2e-05
5745 2e-05
5746 2e-05
5747 2e-05
5748 2e-05
5749 2e-05
5750 2e-05
5751 2e-05
5752 2e-05
5753 2e-05
5754 2e-05
5755 2e-05
5756 2e-05
5757 2e-05
5758 2e-05
5759 2e-05
5760 2e-05
5761 2e-05
5762 2e-05
5763 2e-05
5764 2e-05
5765 2e-05
5766 2e-05
5767 2e-05
5768 2e-05
5769 2e-05
5770 2e-05
5771 2e-05
5772 2e-05
5773 2e-05
5774 2e-05
5775 2e-05
5776 2e-05
5777 2e-05
5778 2e-05
5779 2e-05
5780 2e-05
5781 2e-05
5782 2e-05
5783 2e-05
5784 2e-05
5785 2e-05
5786 2e-05
5787 2e-05
5788 2e-05
5789 2e-05
5790 2e-05
5791 2e-05
5792 2e-05
5793 2e-05
5794 2e-05
5795 2e-05
5796 2e-05
5797 2e-05
5798 2e-05
5799 2e-05
5800 2e-05
5801 2e-05
5802 2e-05
5803 2e-05
5804 2e-05
5805 2e-05
5806 2e-05
5807 2e-05
5808 2e-05
5809 2e-05
5810 2e-05
5811 2e-05
5812 2e-05
5813 2e-05
5814 2e-05
5815 2e-05
5816 2e-05
5817 2e-05
5818 2e-05
5819 2e-05
5820 2e-05
5821 2e-05
5822 2e-05
5823 2e-05
5824 2e-05
5825 2e-05
5826 2e-05
5827 2e-05
5828 2e-05
5829 2e-05
5830 2e-05
5831 2e-05
5832 2e-05
5833 2e-05
5834 2e-05
5835 2e-05
5836 2e-05
5837 2e-05
5838 2e-05
5839 2e-05
5840 2e-05
5841 2e-05
5842 2e-05
5843 2e-05
5844 2e-05
5845 2e-05
5846 2e-05
5847 2e-05
5848 2e-05
5849 2e-05
5850 2e-05
5851 2e-05
5852 2e-05
5853 2e-05
5854 2e-05
5855 2e-05
5856 2e-05
5857 2e-05
5858 2e-05
5859 2e-05
5860 2e-05
5861 2e-05
5862 2e-05
5863 2e-05
5864 2e-05
5865 2e-05
5866 2e-05
5867 2e-05
5868 2e-05
5869 2e-05
5870 2e-05
5871 2e-05
5872 2e-05
5873 2e-05
5874 2e-05
5875 2e-05
5876 2e-05
5877 2e-05
5878 2e-05
5879 2e-05
5880 2e-05
5881 2e-05
5882 2e-05
5883 2e-05
5884 2e-05
5885 2e-05
5886 2e-05
5887 2e-05
5888 2e-05
5889 2e-05
5890 2e-05
5891 2e-05
5892 2e-05
5893 2e-05
5894 2e-05
5895 2e-05
5896 2e-05
5897 2e-05
5898 2e-05
5899 2e-05
5900 2e-05
5901 2e-05
5902 2e-05
5903 2e-05
5904 2e-05
5905 2e-05
5906 2e-05
5907 2e-05
5908 2e-05
5909 2e-05
5910 2e-05
5911 2e-05
5912 2e-05
5913 2e-05
5914 2e-05
5915 2e-05
5916 2e-05
5917 2e-05
5918 2e-05
5919 2e-05
5920 2e-05
5921 2e-05
5922 2e-05
5923 2e-05
5924 2e-05
5925 2e-05
5926 2e-05
5927 2e-05
5928 2e-05
5929 2e-05
5930 2e-05
5931 2e-05
5932 2e-05
5933 2e-05
5934 2e-05
5935 2e-05
5936 2e-05
5937 2e-05
5938 2e-05
5939 2e-05
5940 2e-05
5941 2e-05
5942 2e-05
5943 2e-05
5944 2e-05
5945 2e-05
5946 2e-05
5947 2e-05
5948 2e-05
5949 2e-05
5950 2e-05
5951 2e-05
5952 2e-05
5953 2e-05
5954 2e-05
5955 2e-05
5956 2e-05
5957 2e-05
5958 2e-05
5959 2e-05
5960 2e-05
5961 2e-05
5962 2e-05
5963 2e-05
5964 2e-05
5965 2e-05
5966 2e-05
5967 2e-05
5968 2e-05
5969 2e-05
5970 2e-05
5971 2e-05
5972 2e-05
5973 2e-05
5974 2e-05
5975 2e-05
5976 2e-05
5977 2e-05
5978 2e-05
5979 2e-05
5980 2e-05
5981 2e-05
5982 2e-05
5983 2e-05
5984 2e-05
5985 2e-05
5986 2e-05
5987 2e-05
5988 2e-05
5989 2e-05
5990 2e-05
5991 2e-05
5992 2e-05
5993 2e-05
5994 2e-05
5995 2e-05
5996 2e-05
5997 2e-05
5998 2e-05
5999 2e-05
6000 2e-05
6001 2e-05
6002 2e-05
6003 2e-05
6004 2e-05
6005 2e-05
6006 2e-05
6007 2e-05
6008 2e-05
6009 2e-05
6010 2e-05
6011 2e-05
6012 2e-05
6013 2e-05
6014 2e-05
6015 2e-05
6016 2e-05
6017 2e-05
6018 2e-05
6019 2e-05
6020 2e-05
6021 2e-05
6022 2e-05
6023 2e-05
6024 2e-05
6025 2e-05
6026 2e-05
6027 2e-05
6028 2e-05
6029 2e-05
6030 2e-05
6031 2e-05
6032 2e-05
6033 2e-05
6034 2e-05
6035 2e-05
6036 2e-05
6037 2e-05
6038 2e-05
6039 2e-05
6040 2e-05
6041 2e-05
6042 2e-05
6043 2e-05
6044 2e-05
6045 2e-05
6046 2e-05
6047 2e-05
6048 2e-05
6049 2e-05
6050 2e-05
6051 2e-05
6052 2e-05
6053 2e-05
6054 2e-05
6055 2e-05
6056 2e-05
6057 2e-05
6058 2e-05
6059 2e-05
6060 2e-05
6061 2e-05
6062 2e-05
6063 2e-05
6064 2e-05
6065 2e-05
6066 2e-05
6067 2e-05
6068 2e-05
6069 2e-05
6070 2e-05
6071 2e-05
6072 2e-05
6073 2e-05
6074 2e-05
6075 2e-05
6076 2e-05
6077 2e-05
6078 2e-05
6079 2e-05
6080 2e-05
6081 2e-05
6082 2e-05
6083 2e-05
6084 2e-05
6085 2e-05
6086 2e-05
6087 2e-05
6088 2e-05
6089 2e-05
6090 2e-05
6091 2e-05
6092 2e-05
6093 2e-05
6094 2e-05
6095 2e-05
6096 2e-05
6097 2e-05
6098 2e-05
6099 2e-05
6100 2e-05
6101 2e-05
6102 2e-05
6103 2e-05
6104 2e-05
6105 2e-05
6106 2e-05
6107 2e-05
6108 2e-05
6109 2e-05
6110 2e-05
6111 2e-05
6112 2e-05
6113 2e-05
6114 2e-05
6115 2e-05
6116 2e-05
6117 2e-05
6118 2e-05
6119 2e-05
6120 2e-05
6121 2e-05
6122 2e-05
6123 2e-05
6124 2e-05
6125 2e-05
6126 2e-05
6127 2e-05
6128 2e-05
6129 2e-05
6130 2e-05
6131 2e-05
6132 2e-05
6133 2e-05
6134 2e-05
6135 2e-05
6136 2e-05
6137 2e-05
6138 2e-05
6139 2e-05
6140 2e-05
6141 2e-05
6142 2e-05
6143 2e-05
6144 2e-05
6145 2e-05
6146 2e-05
6147 2e-05
6148 2e-05
6149 2e-05
6150 2e-05
6151 2e-05
6152 2e-05
6153 2e-05
6154 2e-05
6155 2e-05
6156 2e-05
6157 2e-05
6158 2e-05
6159 2e-05
6160 2e-05
6161 2e-05
6162 2e-05
6163 2e-05
6164 2e-05
6165 2e-05
6166 2e-05
6167 2e-05
6168 2e-05
6169 2e-05
6170 2e-05
6171 2e-05
6172 2e-05
6173 2e-05
6174 2e-05
6175 2e-05
6176 2e-05
6177 2e-05
6178 2e-05
6179 2e-05
6180 2e-05
6181 2e-05
6182 2e-05
6183 2e-05
6184 2e-05
6185 2e-05
6186 2e-05
6187 2e-05
6188 2e-05
6189 2e-05
6190 2e-05
6191 2e-05
6192 2e-05
6193 2e-05
6194 2e-05
6195 2e-05
6196 2e-05
6197 2e-05
6198 2e-05
6199 2e-05
6200 2e-05
6201 2e-05
6202 2e-05
6203 2e-05
6204 2e-05
6205 2e-05
6206 2e-05
6207 2e-05
6208 2e-05
6209 2e-05
6210 2e-05
6211 2e-05
6212 2e-05
6213 2e-05
6214 2e-05
6215 2e-05
6216 2e-05
6217 2e-05
6218 2e-05
6219 2e-05
6220 2e-05
6221 2e-05
6222 2e-05
6223 2e-05
6224 2e-05
6225 2e-05
6226 2e-05
6227 2e-05
6228 2e-05
6229 2e-05
6230 2e-05
6231 2e-05
6232 2e-05
6233 2e-05
6234 2e-05
6235 2e-05
6236 2e-05
6237 2e-05
6238 2e-05
6239 2e-05
6240 2e-05
6241 2e-05
6242 2e-05
6243 2e-05
6244 2e-05
6245 2e-05
6246 2e-05
6247 2e-05
6248 2e-05
6249 2e-05
6250 2e-05
6251 2e-05
6252 2e-05
6253 2e-05
6254 2e-05
6255 2e-05
6256 2e-05
6257 2e-05
6258 2e-05
6259 2e-05
6260 2e-05
6261 2e-05
6262 2e-05
6263 2e-05
6264 2e-05
6265 2e-05
6266 2e-05
6267 2e-05
6268 2e-05
6269 2e-05
6270 2e-05
6271 2e-05
6272 2e-05
6273 2e-05
6274 2e-05
6275 2e-05
6276 2e-05
6277 2e-05
6278 2e-05
6279 2e-05
6280 2e-05
6281 2e-05
6282 2e-05
6283 2e-05
6284 2e-05
6285 2e-05
6286 2e-05
6287 2e-05
6288 2e-05
6289 2e-05
6290 2e-05
6291 2e-05
6292 2e-05
6293 2e-05
6294 2e-05
6295 2e-05
6296 2e-05
6297 2e-05
6298 2e-05
6299 2e-05
6300 2e-05
6301 2e-05
6302 2e-05
6303 2e-05
6304 2e-05
6305 2e-05
6306 2e-05
6307 2e-05
6308 2e-05
6309 2e-05
6310 2e-05
6311 2e-05
6312 2e-05
6313 2e-05
6314 2e-05
6315 2e-05
6316 2e-05
6317 2e-05
6318 2e-05
6319 2e-05
6320 2e-05
6321 2e-05
6322 2e-05
6323 2e-05
6324 2e-05
6325 2e-05
6326 2e-05
6327 2e-05
6328 2e-05
6329 2e-05
6330 2e-05
6331 2e-05
6332 2e-05
6333 2e-05
6334 2e-05
6335 2e-05
6336 2e-05
6337 2e-05
6338 2e-05
6339 2e-05
6340 2e-05
6341 2e-05
6342 2e-05
6343 2e-05
6344 2e-05
6345 2e-05
6346 2e-05
6347 2e-05
6348 2e-05
6349 2e-05
6350 2e-05
6351 2e-05
6352 2e-05
6353 2e-05
6354 2e-05
6355 2e-05
6356 2e-05
6357 2e-05
6358 2e-05
6359 2e-05
6360 2e-05
6361 2e-05
6362 2e-05
6363 2e-05
6364 2e-05
6365 2e-05
6366 2e-05
6367 2e-05
6368 2e-05
6369 2e-05
6370 2e-05
6371 2e-05
6372 2e-05
6373 2e-05
6374 2e-05
6375 2e-05
6376 2e-05
6377 2e-05
6378 2e-05
6379 2e-05
6380 2e-05
6381 2e-05
6382 2e-05
6383 2e-05
6384 2e-05
6385 2e-05
6386 2e-05
6387 2e-05
6388 2e-05
6389 2e-05
6390 2e-05
6391 2e-05
6392 2e-05
6393 2e-05
6394 2e-05
6395 2e-05
6396 2e-05
6397 2e-05
6398 2e-05
6399 2e-05
6400 2e-05
6401 2e-05
6402 2e-05
6403 2e-05
6404 2e-05
6405 2e-05
6406 2e-05
6407 2e-05
6408 2e-05
6409 2e-05
6410 2e-05
6411 2e-05
6412 2e-05
6413 2e-05
6414 2e-05
6415 2e-05
6416 2e-05
6417 2e-05
6418 2e-05
6419 2e-05
6420 2e-05
6421 2e-05
6422 2e-05
6423 2e-05
6424 2e-05
6425 2e-05
6426 2e-05
6427 2e-05
6428 2e-05
6429 2e-05
6430 2e-05
6431 2e-05
6432 2e-05
6433 2e-05
6434 2e-05
6435 2e-05
6436 2e-05
6437 2e-05
6438 2e-05
6439 2e-05
6440 2e-05
6441 2e-05
6442 2e-05
6443 2e-05
6444 2e-05
6445 2e-05
6446 2e-05
6447 2e-05
6448 2e-05
6449 2e-05
6450 2e-05
6451 2e-05
6452 2e-05
6453 2e-05
6454 2e-05
6455 2e-05
6456 2e-05
6457 2e-05
6458 2e-05
6459 2e-05
6460 2e-05
6461 2e-05
6462 2e-05
6463 2e-05
6464 2e-05
6465 2e-05
6466 2e-05
6467 2e-05
6468 2e-05
6469 2e-05
6470 2e-05
6471 2e-05
6472 2e-05
6473 2e-05
6474 2e-05
6475 2e-05
6476 2e-05
6477 2e-05
6478 2e-05
6479 2e-05
6480 2e-05
6481 2e-05
6482 2e-05
6483 2e-05
6484 2e-05
6485 2e-05
6486 2e-05
6487 2e-05
6488 2e-05
6489 2e-05
6490 2e-05
6491 2e-05
6492 2e-05
6493 2e-05
6494 2e-05
6495 2e-05
6496 2e-05
6497 2e-05
6498 2e-05
6499 2e-05
6500 2e-05
6501 2e-05
6502 2e-05
6503 2e-05
6504 2e-05
6505 2e-05
6506 2e-05
6507 2e-05
6508 2e-05
6509 2e-05
6510 2e-05
6511 2e-05
6512 2e-05
6513 2e-05
6514 2e-05
6515 2e-05
6516 2e-05
6517 2e-05
6518 2e-05
6519 2e-05
6520 2e-05
6521 2e-05
6522 2e-05
6523 2e-05
6524 2e-05
6525 2e-05
6526 2e-05
6527 2e-05
6528 2e-05
6529 2e-05
6530 2e-05
6531 2e-05
6532 2e-05
6533 2e-05
6534 2e-05
6535 2e-05
6536 2e-05
6537 2e-05
6538 2e-05
6539 2e-05
6540 2e-05
6541 2e-05
6542 2e-05
6543 2e-05
6544 2e-05
6545 2e-05
6546 2e-05
6547 2e-05
6548 2e-05
6549 2e-05
6550 2e-05
6551 2e-05
6552 2e-05
6553 2e-05
6554 2e-05
6555 2e-05
6556 2e-05
6557 2e-05
6558 2e-05
6559 2e-05
6560 2e-05
6561 2e-05
6562 2e-05
6563 2e-05
6564 2e-05
6565 2e-05
6566 2e-05
6567 2e-05
6568 2e-05
6569 2e-05
6570 2e-05
6571 2e-05
6572 2e-05
6573 2e-05
6574 2e-05
6575 2e-05
6576 2e-05
6577 2e-05
6578 2e-05
6579 2e-05
6580 2e-05
6581 2e-05
6582 2e-05
6583 2e-05
6584 2e-05
6585 2e-05
6586 2e-05
6587 2e-05
6588 2e-05
6589 2e-05
6590 2e-05
6591 2e-05
6592 2e-05
6593 2e-05
6594 2e-05
6595 2e-05
6596 2e-05
6597 2e-05
6598 2e-05
6599 2e-05
6600 2e-05
6601 2e-05
6602 2e-05
6603 2e-05
6604 2e-05
6605 2e-05
6606 2e-05
6607 2e-05
6608 2e-05
6609 2e-05
6610 2e-05
6611 2e-05
6612 2e-05
6613 2e-05
6614 2e-05
6615 2e-05
6616 2e-05
6617 2e-05
6618 2e-05
6619 2e-05
6620 2e-05
6621 2e-05
6622 2e-05
6623 2e-05
6624 2e-05
6625 2e-05
6626 2e-05
6627 2e-05
6628 2e-05
6629 2e-05
6630 2e-05
6631 2e-05
6632 2e-05
6633 2e-05
6634 2e-05
6635 2e-05
6636 2e-05
6637 2e-05
6638 2e-05
6639 2e-05
6640 2e-05
6641 2e-05
6642 2e-05
6643 2e-05
6644 2e-05
6645 2e-05
6646 2e-05
6647 2e-05
6648 2e-05
6649 2e-05
6650 2e-05
6651 2e-05
6652 2e-05
6653 2e-05
6654 2e-05
6655 2e-05
6656 2e-05
6657 2e-05
6658 2e-05
6659 2e-05
6660 2e-05
6661 2e-05
6662 2e-05
6663 2e-05
6664 2e-05
6665 2e-05
6666 2e-05
6667 2e-05
6668 2e-05
6669 2e-05
6670 2e-05
6671 2e-05
6672 2e-05
6673 2e-05
6674 2e-05
6675 2e-05
6676 2e-05
6677 2e-05
6678 2e-05
6679 2e-05
6680 2e-05
6681 2e-05
6682 2e-05
6683 2e-05
6684 2e-05
6685 2e-05
6686 2e-05
6687 2e-05
6688 2e-05
6689 2e-05
6690 2e-05
6691 2e-05
6692 2e-05
6693 2e-05
6694 2e-05
6695 2e-05
6696 2e-05
6697 2e-05
6698 2e-05
6699 2e-05
6700 2e-05
6701 2e-05
6702 2e-05
6703 2e-05
6704 2e-05
6705 2e-05
6706 2e-05
6707 2e-05
6708 2e-05
6709 2e-05
6710 2e-05
6711 2e-05
6712 2e-05
6713 2e-05
6714 2e-05
6715 2e-05
6716 2e-05
6717 2e-05
6718 2e-05
6719 2e-05
6720 2e-05
6721 2e-05
6722 2e-05
6723 2e-05
6724 2e-05
6725 2e-05
6726 2e-05
6727 2e-05
6728 2e-05
6729 2e-05
6730 2e-05
6731 2e-05
6732 2e-05
6733 2e-05
6734 2e-05
6735 2e-05
6736 2e-05
6737 2e-05
6738 2e-05
6739 2e-05
6740 2e-05
6741 2e-05
6742 2e-05
6743 2e-05
6744 2e-05
6745 2e-05
6746 2e-05
6747 2e-05
6748 2e-05
6749 2e-05
6750 2e-05
6751 2e-05
6752 2e-05
6753 2e-05
6754 2e-05
6755 2e-05
6756 2e-05
6757 2e-05
6758 2e-05
6759 2e-05
6760 2e-05
6761 2e-05
6762 2e-05
6763 2e-05
6764 2e-05
6765 2e-05
6766 2e-05
6767 2e-05
6768 2e-05
6769 2e-05
6770 2e-05
6771 2e-05
6772 2e-05
6773 2e-05
6774 2e-05
6775 2e-05
6776 2e-05
6777 2e-05
6778 2e-05
6779 2e-05
6780 2e-05
6781 2e-05
6782 2e-05
6783 2e-05
6784 2e-05
6785 2e-05
6786 2e-05
6787 2e-05
6788 2e-05
6789 2e-05
6790 2e-05
6791 2e-05
6792 2e-05
6793 2e-05
6794 2e-05
6795 2e-05
6796 2e-05
6797 2e-05
6798 2e-05
6799 2e-05
6800 2e-05
6801 2e-05
6802 2e-05
6803 2e-05
6804 2e-05
6805 2e-05
6806 2e-05
6807 2e-05
6808 2e-05
6809 2e-05
6810 2e-05
6811 2e-05
6812 2e-05
6813 2e-05
6814 2e-05
6815 2e-05
6816 2e-05
6817 2e-05
6818 2e-05
6819 2e-05
6820 2e-05
6821 2e-05
6822 2e-05
6823 2e-05
6824 2e-05
6825 2e-05
6826 2e-05
6827 2e-05
6828 2e-05
6829 2e-05
6830 2e-05
6831 2e-05
6832 2e-05
6833 2e-05
6834 2e-05
6835 2e-05
6836 2e-05
6837 2e-05
6838 2e-05
6839 2e-05
6840 2e-05
6841 2e-05
6842 2e-05
6843 2e-05
6844 2e-05
6845 2e-05
6846 2e-05
6847 2e-05
6848 2e-05
6849 2e-05
6850 2e-05
6851 2e-05
6852 2e-05
6853 2e-05
6854 2e-05
6855 2e-05
6856 2e-05
6857 2e-05
6858 2e-05
6859 2e-05
6860 2e-05
6861 2e-05
6862 2e-05
6863 2e-05
6864 2e-05
6865 2e-05
6866 2e-05
6867 2e-05
6868 2e-05
6869 2e-05
6870 2e-05
6871 2e-05
6872 2e-05
6873 2e-05
6874 2e-05
6875 2e-05
6876 2e-05
6877 2e-05
6878 2e-05
6879 2e-05
6880 2e-05
6881 2e-05
6882 2e-05
6883 2e-05
6884 2e-05
6885 2e-05
6886 2e-05
6887 2e-05
6888 2e-05
6889 2e-05
6890 2e-05
6891 2e-05
6892 2e-05
6893 2e-05
6894 2e-05
6895 2e-05
6896 2e-05
6897 2e-05
6898 2e-05
6899 2e-05
6900 2e-05
6901 2e-05
6902 2e-05
6903 2e-05
6904 2e-05
6905 2e-05
6906 2e-05
6907 2e-05
6908 2e-05
6909 2e-05
6910 2e-05
6911 2e-05
6912 2e-05
6913 2e-05
6914 2e-05
6915 2e-05
6916 2e-05
6917 2e-05
6918 2e-05
6919 2e-05
6920 2e-05
6921 2e-05
6922 2e-05
6923 2e-05
6924 2e-05
6925 2e-05
6926 2e-05
6927 2e-05
6928 2e-05
6929 2e-05
6930 2e-05
6931 2e-05
6932 2e-05
6933 2e-05
6934 2e-05
6935 2e-05
6936 2e-05
6937 2e-05
6938 2e-05
6939 2e-05
6940 2e-05
6941 2e-05
6942 2e-05
6943 2e-05
6944 2e-05
6945 2e-05
6946 2e-05
6947 2e-05
6948 2e-05
6949 2e-05
6950 2e-05
6951 2e-05
6952 2e-05
6953 2e-05
6954 2e-05
6955 2e-05
6956 2e-05
6957 2e-05
6958 2e-05
6959 2e-05
6960 2e-05
6961 2e-05
6962 2e-05
6963 2e-05
6964 2e-05
6965 2e-05
6966 2e-05
6967 2e-05
6968 2e-05
6969 2e-05
6970 2e-05
6971 2e-05
6972 2e-05
6973 2e-05
6974 2e-05
6975 2e-05
6976 2e-05
6977 2e-05
6978 2e-05
6979 2e-05
6980 2e-05
6981 2e-05
6982 2e-05
6983 2e-05
6984 2e-05
6985 2e-05
6986 2e-05
6987 2e-05
6988 2e-05
6989 2e-05
6990 2e-05
6991 2e-05
6992 2e-05
6993 2e-05
6994 2e-05
6995 2e-05
6996 2e-05
6997 2e-05
6998 2e-05
6999 2e-05
7000 2e-05
7001 2e-05
7002 2e-05
7003 2e-05
7004 2e-05
7005 2e-05
7006 2e-05
7007 2e-05
7008 2e-05
7009 2e-05
7010 2e-05
7011 2e-05
7012 2e-05
7013 2e-05
7014 2e-05
7015 2e-05
7016 2e-05
7017 2e-05
7018 2e-05
7019 2e-05
7020 2e-05
7021 2e-05
7022 2e-05
7023 2e-05
7024 2e-05
7025 2e-05
7026 2e-05
7027 2e-05
7028 2e-05
7029 2e-05
7030 2e-05
7031 2e-05
7032 2e-05
7033 2e-05
7034 2e-05
7035 2e-05
7036 2e-05
7037 2e-05
7038 2e-05
7039 2e-05
7040 2e-05
7041 2e-05
7042 2e-05
7043 2e-05
7044 2e-05
7045 2e-05
7046 2e-05
7047 2e-05
7048 2e-05
7049 2e-05
7050 2e-05
7051 2e-05
7052 2e-05
7053 2e-05
7054 2e-05
7055 2e-05
7056 2e-05
7057 2e-05
7058 2e-05
7059 2e-05
7060 2e-05
7061 2e-05
7062 2e-05
7063 2e-05
7064 2e-05
7065 2e-05
7066 2e-05
7067 2e-05
7068 2e-05
7069 2e-05
7070 2e-05
7071 2e-05
7072 2e-05
7073 2e-05
7074 2e-05
7075 2e-05
7076 2e-05
7077 2e-05
7078 2e-05
7079 2e-05
7080 2e-05
7081 2e-05
7082 2e-05
7083 2e-05
7084 2e-05
7085 2e-05
7086 2e-05
7087 2e-05
7088 2e-05
7089 2e-05
7090 2e-05
7091 2e-05
7092 2e-05
7093 2e-05
7094 2e-05
7095 2e-05
7096 2e-05
7097 2e-05
7098 2e-05
7099 2e-05
7100 2e-05
7101 2e-05
7102 2e-05
7103 2e-05
7104 2e-05
7105 2e-05
7106 2e-05
7107 2e-05
7108 2e-05
7109 2e-05
7110 2e-05
7111 2e-05
7112 2e-05
7113 2e-05
7114 2e-05
7115 2e-05
7116 2e-05
7117 2e-05
7118 2e-05
7119 2e-05
7120 2e-05
7121 2e-05
7122 2e-05
7123 2e-05
7124 2e-05
7125 2e-05
7126 2e-05
7127 2e-05
7128 2e-05
7129 2e-05
7130 2e-05
7131 2e-05
7132 2e-05
7133 2e-05
7134 2e-05
7135 2e-05
7136 2e-05
7137 2e-05
7138 2e-05
7139 2e-05
7140 2e-05
7141 2e-05
7142 2e-05
7143 2e-05
7144 2e-05
7145 2e-05
7146 2e-05
7147 2e-05
7148 2e-05
7149 2e-05
7150 2e-05
7151 2e-05
7152 2e-05
7153 2e-05
7154 2e-05
7155 2e-05
7156 2e-05
7157 2e-05
7158 2e-05
7159 2e-05
7160 2e-05
7161 2e-05
7162 2e-05
7163 2e-05
7164 2e-05
7165 2e-05
7166 2e-05
7167 2e-05
7168 2e-05
7169 2e-05
7170 2e-05
7171 2e-05
7172 2e-05
7173 2e-05
7174 2e-05
7175 2e-05
7176 2e-05
7177 2e-05
7178 2e-05
7179 2e-05
7180 2e-05
7181 2e-05
7182 2e-05
7183 2e-05
7184 2e-05
7185 2e-05
7186 2e-05
7187 2e-05
7188 2e-05
7189 2e-05
7190 2e-05
7191 2e-05
7192 2e-05
7193 2e-05
7194 2e-05
7195 2e-05
7196 2e-05
7197 2e-05
7198 2e-05
7199 2e-05
7200 2e-05
7201 2e-05
7202 2e-05
7203 2e-05
7204 2e-05
7205 2e-05
7206 2e-05
7207 2e-05
7208 2e-05
7209 2e-05
7210 2e-05
7211 2e-05
7212 2e-05
7213 2e-05
7214 2e-05
7215 2e-05
7216 2e-05
7217 2e-05
7218 2e-05
7219 2e-05
7220 2e-05
7221 2e-05
7222 2e-05
7223 2e-05
7224 2e-05
7225 2e-05
7226 2e-05
7227 2e-05
7228 2e-05
7229 2e-05
7230 2e-05
7231 2e-05
7232 2e-05
7233 2e-05
7234 2e-05
7235 2e-05
7236 2e-05
7237 2e-05
7238 2e-05
7239 2e-05
7240 2e-05
7241 2e-05
7242 2e-05
7243 2e-05
7244 2e-05
7245 2e-05
7246 2e-05
7247 2e-05
7248 2e-05
7249 2e-05
7250 2e-05
7251 2e-05
7252 2e-05
7253 2e-05
7254 2e-05
7255 2e-05
7256 2e-05
7257 2e-05
7258 2e-05
7259 2e-05
7260 2e-05
7261 2e-05
7262 2e-05
7263 2e-05
7264 2e-05
7265 2e-05
7266 2e-05
7267 2e-05
7268 2e-05
7269 2e-05
7270 2e-05
7271 2e-05
7272 2e-05
7273 2e-05
7274 2e-05
7275 2e-05
7276 2e-05
7277 2e-05
7278 2e-05
7279 2e-05
7280 2e-05
7281 2e-05
7282 2e-05
7283 2e-05
7284 2e-05
7285 2e-05
7286 2e-05
7287 2e-05
7288 2e-05
7289 2e-05
7290 2e-05
7291 2e-05
7292 2e-05
7293 2e-05
7294 2e-05
7295 2e-05
7296 2e-05
7297 2e-05
7298 2e-05
7299 2e-05
7300 2e-05
7301 2e-05
7302 2e-05
7303 2e-05
7304 2e-05
7305 2e-05
7306 2e-05
7307 2e-05
7308 2e-05
7309 2e-05
7310 2e-05
7311 2e-05
7312 2e-05
7313 2e-05
7314 2e-05
7315 2e-05
7316 2e-05
7317 2e-05
7318 2e-05
7319 2e-05
7320 2e-05
7321 2e-05
7322 2e-05
7323 2e-05
7324 2e-05
7325 2e-05
7326 2e-05
7327 2e-05
7328 2e-05
7329 2e-05
7330 2e-05
7331 2e-05
7332 2e-05
7333 2e-05
7334 2e-05
7335 2e-05
7336 2e-05
7337 2e-05
7338 2e-05
7339 2e-05
7340 2e-05
7341 2e-05
7342 2e-05
7343 2e-05
7344 2e-05
7345 2e-05
7346 2e-05
7347 2e-05
7348 2e-05
7349 2e-05
7350 2e-05
7351 2e-05
7352 2e-05
7353 2e-05
7354 2e-05
7355 2e-05
7356 2e-05
7357 2e-05
7358 2e-05
7359 2e-05
7360 2e-05
7361 2e-05
7362 2e-05
7363 2e-05
7364 2e-05
7365 2e-05
7366 2e-05
7367 2e-05
7368 2e-05
7369 2e-05
7370 2e-05
7371 2e-05
7372 2e-05
7373 2e-05
7374 2e-05
7375 2e-05
7376 2e-05
7377 2e-05
7378 2e-05
7379 2e-05
7380 2e-05
7381 2e-05
7382 2e-05
7383 2e-05
7384 2e-05
7385 2e-05
7386 2e-05
7387 2e-05
7388 2e-05
7389 2e-05
7390 2e-05
7391 2e-05
7392 2e-05
7393 2e-05
7394 2e-05
7395 2e-05
7396 2e-05
7397 2e-05
7398 2e-05
7399 2e-05
7400 2e-05
7401 2e-05
7402 2e-05
7403 2e-05
7404 2e-05
7405 2e-05
7406 2e-05
7407 2e-05
7408 2e-05
7409 2e-05
7410 2e-05
7411 2e-05
7412 2e-05
7413 2e-05
7414 2e-05
7415 2e-05
7416 2e-05
7417 2e-05
7418 2e-05
7419 2e-05
7420 2e-05
7421 2e-05
7422 2e-05
7423 2e-05
7424 2e-05
7425 2e-05
7426 2e-05
7427 2e-05
7428 2e-05
7429 2e-05
7430 2e-05
7431 2e-05
7432 2e-05
7433 2e-05
7434 2e-05
7435 2e-05
7436 2e-05
7437 2e-05
7438 2e-05
7439 2e-05
7440 2e-05
7441 2e-05
7442 2e-05
7443 2e-05
7444 2e-05
7445 2e-05
7446 2e-05
7447 2e-05
7448 2e-05
7449 2e-05
7450 2e-05
7451 2e-05
7452 2e-05
7453 2e-05
7454 2e-05
7455 2e-05
7456 2e-05
7457 2e-05
7458 2e-05
7459 2e-05
7460 2e-05
7461 2e-05
7462 2e-05
7463 2e-05
7464 2e-05
7465 2e-05
7466 2e-05
7467 2e-05
7468 2e-05
7469 2e-05
7470 2e-05
7471 2e-05
7472 2e-05
7473 2e-05
7474 2e-05
7475 2e-05
7476 2e-05
7477 2e-05
7478 2e-05
7479 2e-05
7480 2e-05
7481 2e-05
7482 2e-05
7483 2e-05
7484 2e-05
7485 2e-05
7486 2e-05
7487 2e-05
7488 2e-05
7489 2e-05
7490 2e-05
7491 2e-05
7492 2e-05
7493 2e-05
7494 2e-05
7495 2e-05
7496 2e-05
7497 2e-05
7498 2e-05
7499 2e-05
7500 2e-05
7501 2e-05
7502 2e-05
7503 2e-05
7504 2e-05
7505 2e-05
7506 2e-05
7507 2e-05
7508 2e-05
7509 2e-05
7510 2e-05
7511 2e-05
7512 2e-05
7513 2e-05
7514 2e-05
7515 2e-05
7516 2e-05
7517 2e-05
7518 2e-05
7519 2e-05
7520 2e-05
7521 2e-05
7522 2e-05
7523 2e-05
7524 2e-05
7525 2e-05
7526 2e-05
7527 2e-05
7528 2e-05
7529 2e-05
7530 2e-05
7531 2e-05
7532 2e-05
7533 2e-05
7534 2e-05
7535 2e-05
7536 2e-05
7537 2e-05
7538 2e-05
7539 2e-05
7540 2e-05
7541 2e-05
7542 2e-05
7543 2e-05
7544 2e-05
7545 2e-05
7546 2e-05
7547 2e-05
7548 2e-05
7549 2e-05
7550 2e-05
7551 2e-05
7552 2e-05
7553 2e-05
7554 2e-05
7555 2e-05
7556 2e-05
7557 2e-05
7558 2e-05
7559 2e-05
7560 2e-05
7561 2e-05
7562 2e-05
7563 2e-05
7564 2e-05
7565 2e-05
7566 2e-05
7567 2e-05
7568 2e-05
7569 2e-05
7570 2e-05
7571 2e-05
7572 2e-05
7573 2e-05
7574 2e-05
7575 2e-05
7576 2e-05
7577 2e-05
7578 2e-05
7579 2e-05
7580 2e-05
7581 2e-05
7582 2e-05
7583 2e-05
7584 2e-05
7585 2e-05
7586 2e-05
7587 2e-05
7588 2e-05
7589 2e-05
7590 2e-05
7591 2e-05
7592 2e-05
7593 2e-05
7594 2e-05
7595 2e-05
7596 2e-05
7597 2e-05
7598 2e-05
7599 2e-05
7600 2e-05
7601 2e-05
7602 2e-05
7603 2e-05
7604 2e-05
7605 2e-05
7606 2e-05
7607 2e-05
7608 2e-05
7609 2e-05
7610 2e-05
7611 2e-05
7612 2e-05
7613 2e-05
7614 2e-05
7615 2e-05
7616 2e-05
7617 2e-05
7618 2e-05
7619 2e-05
7620 2e-05
7621 2e-05
7622 2e-05
7623 2e-05
7624 2e-05
7625 2e-05
7626 2e-05
7627 2e-05
7628 2e-05
7629 2e-05
7630 2e-05
7631 2e-05
7632 2e-05
7633 2e-05
7634 2e-05
7635 2e-05
7636 2e-05
7637 2e-05
7638 2e-05
7639 2e-05
7640 2e-05
7641 2e-05
7642 2e-05
7643 2e-05
7644 2e-05
7645 2e-05
7646 2e-05
7647 2e-05
7648 2e-05
7649 2e-05
7650 2e-05
7651 2e-05
7652 2e-05
7653 2e-05
7654 2e-05
7655 2e-05
7656 2e-05
7657 2e-05
7658 2e-05
7659 2e-05
7660 2e-05
7661 2e-05
7662 2e-05
7663 2e-05
7664 2e-05
7665 2e-05
7666 2e-05
7667 2e-05
7668 2e-05
7669 2e-05
7670 2e-05
7671 2e-05
7672 2e-05
7673 2e-05
7674 2e-05
7675 2e-05
7676 2e-05
7677 2e-05
7678 2e-05
7679 2e-05
7680 2e-05
7681 2e-05
7682 2e-05
7683 2e-05
7684 2e-05
7685 2e-05
7686 2e-05
7687 2e-05
7688 2e-05
7689 2e-05
7690 2e-05
7691 2e-05
7692 2e-05
7693 2e-05
7694 2e-05
7695 2e-05
7696 2e-05
7697 2e-05
7698 2e-05
7699 2e-05
7700 2e-05
7701 2e-05
7702 2e-05
7703 2e-05
7704 2e-05
7705 2e-05
7706 2e-05
7707 2e-05
7708 2e-05
7709 2e-05
7710 2e-05
7711 2e-05
7712 2e-05
7713 2e-05
7714 2e-05
7715 2e-05
7716 2e-05
7717 2e-05
7718 2e-05
7719 2e-05
7720 2e-05
7721 2e-05
7722 2e-05
7723 2e-05
7724 2e-05
7725 2e-05
7726 2e-05
7727 2e-05
7728 2e-05
7729 2e-05
7730 2e-05
7731 2e-05
7732 2e-05
7733 2e-05
7734 2e-05
7735 2e-05
7736 2e-05
7737 2e-05
7738 2e-05
7739 2e-05
7740 2e-05
7741 2e-05
7742 2e-05
7743 2e-05
7744 2e-05
7745 2e-05
7746 2e-05
7747 2e-05
7748 2e-05
7749 2e-05
7750 2e-05
7751 2e-05
7752 2e-05
7753 2e-05
7754 2e-05
7755 2e-05
7756 2e-05
7757 2e-05
7758 2e-05
7759 2e-05
7760 2e-05
7761 2e-05
7762 2e-05
7763 2e-05
7764 2e-05
7765 2e-05
7766 2e-05
7767 2e-05
7768 2e-05
7769 2e-05
7770 2e-05
7771 2e-05
7772 2e-05
7773 2e-05
7774 2e-05
7775 2e-05
7776 2e-05
7777 2e-05
7778 2e-05
7779 2e-05
7780 2e-05
7781 2e-05
7782 2e-05
7783 2e-05
7784 2e-05
7785 2e-05
7786 2e-05
7787 2e-05
7788 2e-05
7789 2e-05
7790 2e-05
7791 2e-05
7792 2e-05
7793 2e-05
7794 2e-05
7795 2e-05
7796 2e-05
7797 2e-05
7798 2e-05
7799 2e-05
7800 2e-05
7801 2e-05
7802 2e-05
7803 2e-05
7804 2e-05
7805 2e-05
7806 2e-05
7807 2e-05
7808 2e-05
7809 2e-05
7810 2e-05
7811 2e-05
7812 2e-05
7813 2e-05
7814 2e-05
7815 2e-05
7816 2e-05
7817 2e-05
7818 2e-05
7819 2e-05
7820 2e-05
7821 2e-05
7822 2e-05
7823 2e-05
7824 2e-05
7825 2e-05
7826 2e-05
7827 2e-05
7828 2e-05
7829 2e-05
7830 2e-05
7831 2e-05
7832 2e-05
7833 2e-05
7834 2e-05
7835 2e-05
7836 2e-05
7837 2e-05
7838 2e-05
7839 2e-05
7840 2e-05
7841 2e-05
7842 2e-05
7843 2e-05
7844 2e-05
7845 2e-05
7846 2e-05
7847 2e-05
7848 2e-05
7849 2e-05
7850 2e-05
7851 2e-05
7852 2e-05
7853 2e-05
7854 2e-05
7855 2e-05
7856 2e-05
7857 2e-05
7858 2e-05
7859 2e-05
7860 2e-05
7861 2e-05
7862 2e-05
7863 2e-05
7864 2e-05
7865 2e-05
7866 2e-05
7867 2e-05
7868 2e-05
7869 2e-05
7870 2e-05
7871 2e-05
7872 2e-05
7873 2e-05
7874 2e-05
7875 2e-05
7876 2e-05
7877 2e-05
7878 2e-05
7879 2e-05
7880 2e-05
7881 2e-05
7882 2e-05
7883 2e-05
7884 2e-05
7885 2e-05
7886 2e-05
7887 2e-05
7888 2e-05
7889 2e-05
7890 2e-05
7891 2e-05
7892 2e-05
7893 2e-05
7894 2e-05
7895 2e-05
7896 2e-05
7897 2e-05
7898 2e-05
7899 2e-05
7900 2e-05
7901 2e-05
7902 2e-05
7903 2e-05
7904 2e-05
7905 2e-05
7906 2e-05
7907 2e-05
7908 2e-05
7909 2e-05
7910 2e-05
7911 2e-05
7912 2e-05
7913 2e-05
7914 2e-05
7915 2e-05
7916 2e-05
7917 2e-05
7918 2e-05
7919 2e-05
7920 2e-05
7921 2e-05
7922 2e-05
7923 2e-05
7924 2e-05
7925 2e-05
7926 2e-05
7927 2e-05
7928 2e-05
7929 2e-05
7930 2e-05
7931 2e-05
7932 2e-05
7933 2e-05
7934 2e-05
7935 2e-05
7936 2e-05
7937 2e-05
7938 2e-05
7939 2e-05
7940 2e-05
7941 2e-05
7942 2e-05
7943 2e-05
7944 2e-05
7945 2e-05
7946 2e-05
7947 2e-05
7948 2e-05
7949 2e-05
7950 2e-05
7951 2e-05
7952 2e-05
7953 2e-05
7954 2e-05
7955 2e-05
7956 2e-05
7957 2e-05
7958 2e-05
7959 2e-05
7960 2e-05
7961 2e-05
7962 2e-05
7963 2e-05
7964 2e-05
7965 2e-05
7966 2e-05
7967 2e-05
7968 2e-05
7969 2e-05
7970 2e-05
7971 2e-05
7972 2e-05
7973 2e-05
7974 2e-05
7975 2e-05
7976 2e-05
7977 2e-05
7978 2e-05
7979 2e-05
7980 2e-05
7981 2e-05
7982 2e-05
7983 2e-05
7984 2e-05
7985 2e-05
7986 2e-05
7987 2e-05
7988 2e-05
7989 2e-05
7990 2e-05
7991 2e-05
7992 2e-05
7993 2e-05
7994 2e-05
7995 2e-05
7996 2e-05
7997 2e-05
7998 2e-05
7999 2e-05
8000 2e-05
8001 2e-05
8002 2e-05
8003 2e-05
8004 2e-05
8005 2e-05
8006 2e-05
8007 2e-05
8008 2e-05
8009 2e-05
8010 2e-05
8011 2e-05
8012 2e-05
8013 2e-05
8014 2e-05
8015 2e-05
8016 2e-05
8017 2e-05
8018 2e-05
8019 2e-05
8020 2e-05
8021 2e-05
8022 2e-05
8023 2e-05
8024 2e-05
8025 2e-05
8026 2e-05
8027 2e-05
8028 2e-05
8029 2e-05
8030 2e-05
8031 2e-05
8032 2e-05
8033 2e-05
8034 2e-05
8035 2e-05
8036 2e-05
8037 2e-05
8038 2e-05
8039 2e-05
8040 2e-05
8041 2e-05
8042 2e-05
8043 2e-05
8044 2e-05
8045 2e-05
8046 2e-05
8047 2e-05
8048 2e-05
8049 2e-05
8050 2e-05
8051 2e-05
8052 2e-05
8053 2e-05
8054 2e-05
8055 2e-05
8056 2e-05
8057 2e-05
8058 2e-05
8059 2e-05
8060 2e-05
8061 2e-05
8062 2e-05
8063 2e-05
8064 2e-05
8065 2e-05
8066 2e-05
8067 2e-05
8068 2e-05
8069 2e-05
8070 2e-05
8071 2e-05
8072 2e-05
8073 2e-05
8074 2e-05
8075 2e-05
8076 2e-05
8077 2e-05
8078 2e-05
8079 2e-05
8080 2e-05
8081 2e-05
8082 2e-05
8083 2e-05
8084 2e-05
8085 2e-05
8086 2e-05
8087 2e-05
8088 2e-05
8089 2e-05
8090 2e-05
8091 2e-05
8092 2e-05
8093 2e-05
8094 2e-05
8095 2e-05
8096 2e-05
8097 2e-05
8098 2e-05
8099 2e-05
8100 2e-05
8101 2e-05
8102 2e-05
8103 2e-05
8104 2e-05
8105 2e-05
8106 2e-05
8107 2e-05
8108 2e-05
8109 2e-05
8110 2e-05
8111 2e-05
8112 2e-05
8113 2e-05
8114 2e-05
8115 2e-05
8116 2e-05
8117 2e-05
8118 2e-05
8119 2e-05
8120 2e-05
8121 2e-05
8122 2e-05
8123 2e-05
8124 2e-05
8125 2e-05
8126 2e-05
8127 2e-05
8128 2e-05
8129 2e-05
8130 2e-05
8131 2e-05
8132 2e-05
8133 2e-05
8134 2e-05
8135 2e-05
8136 2e-05
8137 2e-05
8138 2e-05
8139 2e-05
8140 2e-05
8141 2e-05
8142 2e-05
8143 2e-05
8144 2e-05
8145 2e-05
8146 2e-05
8147 2e-05
8148 2e-05
8149 2e-05
8150 2e-05
8151 2e-05
8152 2e-05
8153 2e-05
8154 2e-05
8155 2e-05
8156 2e-05
8157 2e-05
8158 2e-05
8159 2e-05
8160 2e-05
8161 2e-05
8162 2e-05
8163 2e-05
8164 2e-05
8165 2e-05
8166 2e-05
8167 2e-05
8168 2e-05
8169 2e-05
8170 2e-05
8171 2e-05
8172 2e-05
8173 2e-05
8174 2e-05
8175 2e-05
8176 2e-05
8177 2e-05
8178 2e-05
8179 2e-05
8180 2e-05
8181 2e-05
8182 2e-05
8183 2e-05
8184 2e-05
8185 2e-05
8186 2e-05
8187 2e-05
8188 2e-05
8189 2e-05
8190 2e-05
8191 2e-05
8192 2e-05
8193 2e-05
8194 2e-05
8195 2e-05
8196 2e-05
8197 2e-05
8198 2e-05
8199 2e-05
8200 2e-05
8201 2e-05
8202 2e-05
8203 2e-05
8204 2e-05
8205 2e-05
8206 2e-05
8207 2e-05
8208 2e-05
8209 2e-05
8210 2e-05
8211 2e-05
8212 2e-05
8213 2e-05
8214 2e-05
8215 2e-05
8216 2e-05
8217 2e-05
8218 2e-05
8219 2e-05
8220 2e-05
8221 2e-05
8222 2e-05
8223 2e-05
8224 2e-05
8225 2e-05
8226 2e-05
8227 2e-05
8228 2e-05
8229 2e-05
8230 2e-05
8231 2e-05
8232 2e-05
8233 2e-05
8234 2e-05
8235 2e-05
8236 2e-05
8237 2e-05
8238 2e-05
8239 2e-05
8240 2e-05
8241 2e-05
8242 2e-05
8243 2e-05
8244 2e-05
8245 2e-05
8246 2e-05
8247 2e-05
8248 2e-05
8249 2e-05
8250 2e-05
8251 2e-05
8252 2e-05
8253 2e-05
8254 2e-05
8255 2e-05
8256 2e-05
8257 2e-05
8258 2e-05
8259 2e-05
8260 2e-05
8261 2e-05
8262 2e-05
8263 2e-05
8264 2e-05
8265 2e-05
8266 2e-05
8267 2e-05
8268 2e-05
8269 2e-05
8270 2e-05
8271 2e-05
8272 2e-05
8273 2e-05
8274 2e-05
8275 2e-05
8276 2e-05
8277 2e-05
8278 2e-05
8279 2e-05
8280 2e-05
8281 2e-05
8282 2e-05
8283 2e-05
8284 2e-05
8285 2e-05
8286 2e-05
8287 2e-05
8288 2e-05
8289 2e-05
8290 2e-05
8291 2e-05
8292 2e-05
8293 2e-05
8294 2e-05
8295 2e-05
8296 2e-05
8297 2e-05
8298 2e-05
8299 2e-05
8300 2e-05
8301 2e-05
8302 2e-05
8303 2e-05
8304 2e-05
8305 2e-05
8306 2e-05
8307 2e-05
8308 2e-05
8309 2e-05
8310 2e-05
8311 2e-05
8312 2e-05
8313 2e-05
8314 2e-05
8315 2e-05
8316 2e-05
8317 2e-05
8318 2e-05
8319 2e-05
8320 2e-05
8321 2e-05
8322 2e-05
8323 2e-05
8324 2e-05
8325 2e-05
8326 2e-05
8327 2e-05
8328 2e-05
8329 2e-05
8330 2e-05
8331 2e-05
8332 2e-05
8333 2e-05
8334 2e-05
8335 2e-05
8336 2e-05
8337 2e-05
8338 2e-05
8339 2e-05
8340 2e-05
8341 2e-05
8342 2e-05
8343 2e-05
8344 2e-05
8345 2e-05
8346 2e-05
8347 2e-05
8348 2e-05
8349 2e-05
8350 2e-05
8351 2e-05
8352 2e-05
8353 2e-05
8354 2e-05
8355 2e-05
8356 2e-05
8357 2e-05
8358 2e-05
8359 2e-05
8360 2e-05
8361 2e-05
8362 2e-05
8363 2e-05
8364 2e-05
8365 2e-05
8366 2e-05
8367 2e-05
8368 2e-05
8369 2e-05
8370 2e-05
8371 2e-05
8372 2e-05
8373 2e-05
8374 2e-05
8375 2e-05
8376 2e-05
8377 2e-05
8378 2e-05
8379 2e-05
8380 2e-05
8381 2e-05
8382 2e-05
8383 2e-05
8384 2e-05
8385 2e-05
8386 2e-05
8387 2e-05
8388 2e-05
8389 2e-05
8390 2e-05
8391 2e-05
8392 2e-05
8393 2e-05
8394 2e-05
8395 2e-05
8396 2e-05
8397 2e-05
8398 2e-05
8399 2e-05
8400 2e-05
8401 2e-05
8402 2e-05
8403 2e-05
8404 2e-05
8405 2e-05
8406 2e-05
8407 2e-05
8408 2e-05
8409 2e-05
8410 2e-05
8411 2e-05
8412 2e-05
8413 2e-05
8414 2e-05
8415 2e-05
8416 2e-05
8417 2e-05
8418 2e-05
8419 2e-05
8420 2e-05
8421 2e-05
8422 2e-05
8423 2e-05
8424 2e-05
8425 2e-05
8426 2e-05
8427 2e-05
8428 2e-05
8429 2e-05
8430 2e-05
8431 2e-05
8432 2e-05
8433 2e-05
8434 2e-05
8435 2e-05
8436 2e-05
8437 2e-05
8438 2e-05
8439 2e-05
8440 2e-05
8441 2e-05
8442 2e-05
8443 2e-05
8444 2e-05
8445 2e-05
8446 2e-05
8447 2e-05
8448 2e-05
8449 2e-05
8450 2e-05
8451 2e-05
8452 2e-05
8453 2e-05
8454 2e-05
8455 2e-05
8456 2e-05
8457 2e-05
8458 2e-05
8459 2e-05
8460 2e-05
8461 2e-05
8462 2e-05
8463 2e-05
8464 2e-05
8465 2e-05
8466 2e-05
8467 2e-05
8468 2e-05
8469 2e-05
8470 2e-05
8471 2e-05
8472 2e-05
8473 2e-05
8474 2e-05
8475 2e-05
8476 2e-05
8477 2e-05
8478 2e-05
8479 2e-05
8480 2e-05
8481 2e-05
8482 2e-05
8483 2e-05
8484 2e-05
8485 2e-05
8486 2e-05
8487 2e-05
8488 2e-05
8489 2e-05
8490 2e-05
8491 2e-05
8492 2e-05
8493 2e-05
8494 2e-05
8495 2e-05
8496 2e-05
8497 2e-05
8498 2e-05
8499 2e-05
8500 2e-05
8501 2e-05
8502 2e-05
8503 2e-05
8504 2e-05
8505 2e-05
8506 2e-05
8507 2e-05
8508 2e-05
8509 2e-05
8510 2e-05
8511 2e-05
8512 2e-05
8513 2e-05
8514 2e-05
8515 2e-05
8516 2e-05
8517 2e-05
8518 2e-05
8519 2e-05
8520 2e-05
8521 2e-05
8522 2e-05
8523 2e-05
8524 2e-05
8525 2e-05
8526 2e-05
8527 2e-05
8528 2e-05
8529 2e-05
8530 2e-05
8531 2e-05
8532 2e-05
8533 2e-05
8534 2e-05
8535 2e-05
8536 2e-05
8537 2e-05
8538 2e-05
8539 2e-05
8540 2e-05
8541 2e-05
8542 2e-05
8543 2e-05
8544 2e-05
8545 2e-05
8546 2e-05
8547 2e-05
8548 2e-05
8549 2e-05
8550 2e-05
8551 2e-05
8552 2e-05
8553 2e-05
8554 2e-05
8555 2e-05
8556 2e-05
8557 2e-05
8558 2e-05
8559 2e-05
8560 2e-05
8561 2e-05
8562 2e-05
8563 2e-05
8564 2e-05
8565 2e-05
8566 2e-05
8567 2e-05
8568 2e-05
8569 2e-05
8570 2e-05
8571 2e-05
8572 2e-05
8573 2e-05
8574 2e-05
8575 2e-05
8576 2e-05
8577 2e-05
8578 2e-05
8579 2e-05
8580 2e-05
8581 2e-05
8582 2e-05
8583 2e-05
8584 2e-05
8585 2e-05
8586 2e-05
8587 2e-05
8588 2e-05
8589 2e-05
8590 2e-05
8591 2e-05
8592 2e-05
8593 2e-05
8594 2e-05
8595 2e-05
8596 2e-05
8597 2e-05
8598 2e-05
8599 2e-05
8600 2e-05
8601 2e-05
8602 2e-05
8603 2e-05
8604 2e-05
8605 2e-05
8606 2e-05
8607 2e-05
8608 2e-05
8609 2e-05
8610 2e-05
8611 2e-05
8612 2e-05
8613 2e-05
8614 2e-05
8615 2e-05
8616 2e-05
8617 2e-05
8618 2e-05
8619 2e-05
8620 2e-05
8621 2e-05
8622 2e-05
8623 2e-05
8624 2e-05
8625 2e-05
8626 2e-05
8627 2e-05
8628 2e-05
8629 2e-05
8630 2e-05
8631 2e-05
8632 2e-05
8633 2e-05
8634 2e-05
8635 2e-05
8636 2e-05
8637 2e-05
8638 2e-05
8639 2e-05
8640 2e-05
8641 2e-05
8642 2e-05
8643 2e-05
8644 2e-05
8645 2e-05
8646 2e-05
8647 2e-05
8648 2e-05
8649 2e-05
8650 2e-05
8651 2e-05
8652 2e-05
8653 2e-05
8654 2e-05
8655 2e-05
8656 2e-05
8657 2e-05
8658 2e-05
8659 2e-05
8660 2e-05
8661 2e-05
8662 2e-05
8663 2e-05
8664 2e-05
8665 2e-05
8666 2e-05
8667 2e-05
8668 2e-05
8669 2e-05
8670 2e-05
8671 2e-05
8672 2e-05
8673 2e-05
8674 2e-05
8675 2e-05
8676 2e-05
8677 2e-05
8678 2e-05
8679 2e-05
8680 2e-05
8681 2e-05
8682 2e-05
8683 2e-05
8684 2e-05
8685 2e-05
8686 2e-05
8687 2e-05
8688 2e-05
8689 2e-05
8690 2e-05
8691 2e-05
8692 2e-05
8693 2e-05
8694 2e-05
8695 2e-05
8696 2e-05
8697 2e-05
8698 2e-05
8699 2e-05
8700 2e-05
8701 2e-05
8702 2e-05
8703 2e-05
8704 2e-05
8705 2e-05
8706 2e-05
8707 2e-05
8708 2e-05
8709 2e-05
8710 2e-05
8711 2e-05
8712 2e-05
8713 2e-05
8714 2e-05
8715 2e-05
8716 2e-05
8717 2e-05
8718 2e-05
8719 2e-05
8720 2e-05
8721 2e-05
8722 2e-05
8723 2e-05
8724 2e-05
8725 2e-05
8726 2e-05
8727 2e-05
8728 2e-05
8729 2e-05
8730 2e-05
8731 2e-05
8732 2e-05
8733 2e-05
8734 2e-05
8735 2e-05
8736 2e-05
8737 2e-05
8738 2e-05
8739 2e-05
8740 2e-05
8741 2e-05
8742 2e-05
8743 2e-05
8744 2e-05
8745 2e-05
8746 2e-05
8747 2e-05
8748 2e-05
8749 2e-05
8750 2e-05
8751 2e-05
8752 2e-05
8753 2e-05
8754 2e-05
8755 2e-05
8756 2e-05
8757 2e-05
8758 2e-05
8759 2e-05
8760 2e-05
8761 2e-05
8762 2e-05
8763 2e-05
8764 2e-05
8765 2e-05
8766 2e-05
8767 2e-05
8768 2e-05
8769 2e-05
8770 2e-05
8771 2e-05
8772 2e-05
8773 2e-05
8774 2e-05
8775 2e-05
8776 2e-05
8777 2e-05
8778 2e-05
8779 2e-05
8780 2e-05
8781 2e-05
8782 2e-05
8783 2e-05
8784 2e-05
8785 2e-05
8786 2e-05
8787 2e-05
8788 2e-05
8789 2e-05
8790 2e-05
8791 2e-05
8792 2e-05
8793 2e-05
8794 2e-05
8795 2e-05
8796 2e-05
8797 2e-05
8798 2e-05
8799 2e-05
8800 2e-05
8801 2e-05
8802 2e-05
8803 2e-05
8804 2e-05
8805 2e-05
8806 2e-05
8807 2e-05
8808 2e-05
8809 2e-05
8810 2e-05
8811 2e-05
8812 2e-05
8813 2e-05
8814 2e-05
8815 2e-05
8816 2e-05
8817 2e-05
8818 2e-05
8819 2e-05
8820 2e-05
8821 2e-05
8822 2e-05
8823 2e-05
8824 2e-05
8825 2e-05
8826 2e-05
8827 2e-05
8828 2e-05
8829 2e-05
8830 2e-05
8831 2e-05
8832 2e-05
8833 2e-05
8834 2e-05
8835 2e-05
8836 2e-05
8837 2e-05
8838 2e-05
8839 2e-05
8840 2e-05
8841 2e-05
8842 2e-05
8843 2e-05
8844 2e-05
8845 2e-05
8846 2e-05
8847 2e-05
8848 2e-05
8849 2e-05
8850 2e-05
8851 2e-05
8852 2e-05
8853 2e-05
8854 2e-05
8855 2e-05
8856 2e-05
8857 2e-05
8858 2e-05
8859 2e-05
8860 2e-05
8861 2e-05
8862 2e-05
8863 2e-05
8864 2e-05
8865 2e-05
8866 2e-05
8867 2e-05
8868 2e-05
8869 2e-05
8870 2e-05
8871 2e-05
8872 2e-05
8873 2e-05
8874 2e-05
8875 2e-05
8876 2e-05
8877 2e-05
8878 2e-05
8879 2e-05
8880 2e-05
8881 2e-05
8882 2e-05
8883 2e-05
8884 2e-05
8885 2e-05
8886 2e-05
8887 2e-05
8888 2e-05
8889 2e-05
8890 2e-05
8891 2e-05
8892 2e-05
8893 2e-05
8894 2e-05
8895 2e-05
8896 2e-05
8897 2e-05
8898 2e-05
8899 2e-05
8900 2e-05
8901 2e-05
8902 2e-05
8903 2e-05
8904 2e-05
8905 2e-05
8906 2e-05
8907 2e-05
8908 2e-05
8909 2e-05
8910 2e-05
8911 2e-05
8912 2e-05
8913 2e-05
8914 2e-05
8915 2e-05
8916 2e-05
8917 2e-05
8918 2e-05
8919 2e-05
8920 2e-05
8921 2e-05
8922 2e-05
8923 2e-05
8924 2e-05
8925 2e-05
8926 2e-05
8927 2e-05
8928 2e-05
8929 2e-05
8930 2e-05
8931 2e-05
8932 2e-05
8933 2e-05
8934 2e-05
8935 2e-05
8936 2e-05
8937 2e-05
8938 2e-05
8939 2e-05
8940 2e-05
8941 2e-05
8942 2e-05
8943 2e-05
8944 2e-05
8945 2e-05
8946 2e-05
8947 2e-05
8948 2e-05
8949 2e-05
8950 2e-05
8951 2e-05
8952 2e-05
8953 2e-05
8954 2e-05
8955 2e-05
8956 2e-05
8957 2e-05
8958 2e-05
8959 2e-05
8960 2e-05
8961 2e-05
8962 2e-05
8963 2e-05
8964 2e-05
8965 2e-05
8966 2e-05
8967 2e-05
8968 2e-05
8969 2e-05
8970 2e-05
8971 2e-05
8972 2e-05
8973 2e-05
8974 2e-05
8975 2e-05
8976 2e-05
8977 2e-05
8978 2e-05
8979 2e-05
8980 2e-05
8981 2e-05
8982 2e-05
8983 2e-05
8984 2e-05
8985 2e-05
8986 2e-05
8987 2e-05
8988 2e-05
8989 2e-05
8990 2e-05
8991 2e-05
8992 2e-05
8993 2e-05
8994 2e-05
8995 2e-05
8996 2e-05
8997 2e-05
8998 2e-05
8999 2e-05
9000 2e-05
9001 2e-05
9002 2e-05
9003 2e-05
9004 2e-05
9005 2e-05
9006 2e-05
9007 2e-05
9008 2e-05
9009 2e-05
9010 2e-05
9011 2e-05
9012 2e-05
9013 2e-05
9014 2e-05
9015 2e-05
9016 2e-05
9017 2e-05
9018 2e-05
9019 2e-05
9020 2e-05
9021 2e-05
9022 2e-05
9023 2e-05
9024 2e-05
9025 2e-05
9026 2e-05
9027 2e-05
9028 2e-05
9029 2e-05
9030 2e-05
9031 2e-05
9032 2e-05
9033 2e-05
9034 2e-05
9035 2e-05
9036 2e-05
9037 2e-05
9038 2e-05
9039 2e-05
9040 2e-05
9041 2e-05
9042 2e-05
9043 2e-05
9044 2e-05
9045 2e-05
9046 2e-05
9047 2e-05
9048 2e-05
9049 2e-05
9050 2e-05
9051 2e-05
9052 2e-05
9053 2e-05
9054 2e-05
9055 2e-05
9056 2e-05
9057 2e-05
9058 2e-05
9059 2e-05
9060 2e-05
9061 2e-05
9062 2e-05
9063 2e-05
9064 2e-05
9065 2e-05
9066 2e-05
9067 2e-05
9068 2e-05
9069 2e-05
9070 2e-05
9071 2e-05
9072 2e-05
9073 2e-05
9074 2e-05
9075 2e-05
9076 2e-05
9077 2e-05
9078 2e-05
9079 2e-05
9080 2e-05
9081 2e-05
9082 2e-05
9083 2e-05
9084 2e-05
9085 2e-05
9086 2e-05
9087 2e-05
9088 2e-05
9089 2e-05
9090 2e-05
9091 2e-05
9092 2e-05
9093 2e-05
9094 2e-05
9095 2e-05
9096 2e-05
9097 2e-05
9098 2e-05
9099 2e-05
9100 2e-05
9101 2e-05
9102 2e-05
9103 2e-05
9104 2e-05
9105 2e-05
9106 2e-05
9107 2e-05
9108 2e-05
9109 2e-05
9110 2e-05
9111 2e-05
9112 2e-05
9113 2e-05
9114 2e-05
9115 2e-05
9116 2e-05
9117 2e-05
9118 2e-05
9119 2e-05
9120 2e-05
9121 2e-05
9122 2e-05
9123 2e-05
9124 2e-05
9125 2e-05
9126 2e-05
9127 2e-05
9128 2e-05
9129 2e-05
9130 2e-05
9131 2e-05
9132 2e-05
9133 2e-05
9134 2e-05
9135 2e-05
9136 2e-05
9137 2e-05
9138 2e-05
9139 2e-05
9140 2e-05
9141 2e-05
9142 2e-05
9143 2e-05
9144 2e-05
9145 2e-05
9146 2e-05
9147 2e-05
9148 2e-05
9149 2e-05
9150 2e-05
9151 2e-05
9152 2e-05
9153 2e-05
9154 2e-05
9155 2e-05
9156 2e-05
9157 2e-05
9158 2e-05
9159 2e-05
9160 2e-05
9161 2e-05
9162 2e-05
9163 2e-05
9164 2e-05
9165 2e-05
9166 2e-05
9167 2e-05
9168 2e-05
9169 2e-05
9170 2e-05
9171 2e-05
9172 2e-05
9173 2e-05
9174 2e-05
9175 2e-05
9176 2e-05
9177 2e-05
9178 2e-05
9179 2e-05
9180 2e-05
9181 2e-05
9182 2e-05
9183 2e-05
9184 2e-05
9185 2e-05
9186 2e-05
9187 2e-05
9188 2e-05
9189 2e-05
9190 2e-05
9191 2e-05
9192 2e-05
9193 2e-05
9194 2e-05
9195 2e-05
9196 2e-05
9197 2e-05
9198 2e-05
9199 2e-05
9200 2e-05
9201 2e-05
9202 2e-05
9203 2e-05
9204 2e-05
9205 2e-05
9206 2e-05
9207 2e-05
9208 2e-05
9209 2e-05
9210 2e-05
9211 2e-05
9212 2e-05
9213 2e-05
9214 2e-05
9215 2e-05
9216 2e-05
9217 2e-05
9218 2e-05
9219 2e-05
9220 2e-05
9221 2e-05
9222 2e-05
9223 2e-05
9224 2e-05
9225 2e-05
9226 2e-05
9227 2e-05
9228 2e-05
9229 2e-05
9230 2e-05
9231 2e-05
9232 2e-05
9233 2e-05
9234 2e-05
9235 2e-05
9236 2e-05
9237 2e-05
9238 2e-05
9239 2e-05
9240 2e-05
9241 2e-05
9242 2e-05
9243 2e-05
9244 2e-05
9245 2e-05
9246 2e-05
9247 2e-05
9248 2e-05
9249 2e-05
9250 2e-05
9251 2e-05
9252 2e-05
9253 2e-05
9254 2e-05
9255 2e-05
9256 2e-05
9257 2e-05
9258 2e-05
9259 2e-05
9260 2e-05
9261 2e-05
9262 2e-05
9263 2e-05
9264 2e-05
9265 2e-05
9266 2e-05
9267 2e-05
9268 2e-05
9269 2e-05
9270 2e-05
9271 2e-05
9272 2e-05
9273 2e-05
9274 2e-05
9275 2e-05
9276 2e-05
9277 2e-05
9278 2e-05
9279 2e-05
9280 2e-05
9281 2e-05
9282 2e-05
9283 2e-05
9284 2e-05
9285 2e-05
9286 2e-05
9287 2e-05
9288 2e-05
9289 2e-05
9290 2e-05
9291 2e-05
9292 2e-05
9293 2e-05
9294 2e-05
9295 2e-05
9296 2e-05
9297 2e-05
9298 2e-05
9299 2e-05
9300 2e-05
9301 2e-05
9302 2e-05
9303 2e-05
9304 2e-05
9305 2e-05
9306 2e-05
9307 2e-05
9308 2e-05
9309 2e-05
9310 2e-05
9311 2e-05
9312 2e-05
9313 2e-05
9314 2e-05
9315 2e-05
9316 2e-05
9317 2e-05
9318 2e-05
9319 2e-05
9320 2e-05
9321 2e-05
9322 2e-05
9323 2e-05
9324 2e-05
9325 2e-05
9326 2e-05
9327 2e-05
9328 2e-05
9329 2e-05
9330 2e-05
9331 2e-05
9332 2e-05
9333 2e-05
9334 2e-05
9335 2e-05
9336 2e-05
9337 2e-05
9338 2e-05
9339 2e-05
9340 2e-05
9341 2e-05
9342 2e-05
9343 2e-05
9344 2e-05
9345 2e-05
9346 2e-05
9347 2e-05
9348 2e-05
9349 2e-05
9350 2e-05
9351 2e-05
9352 2e-05
9353 2e-05
9354 2e-05
9355 2e-05
9356 2e-05
9357 2e-05
9358 2e-05
9359 2e-05
9360 2e-05
9361 2e-05
9362 2e-05
9363 2e-05
9364 2e-05
9365 2e-05
9366 2e-05
9367 2e-05
9368 2e-05
9369 2e-05
9370 2e-05
9371 2e-05
9372 2e-05
9373 2e-05
9374 2e-05
9375 2e-05
9376 2e-05
9377 2e-05
9378 2e-05
9379 2e-05
9380 2e-05
9381 2e-05
9382 2e-05
9383 2e-05
9384 2e-05
9385 2e-05
9386 2e-05
9387 2e-05
9388 2e-05
9389 2e-05
9390 2e-05
9391 2e-05
9392 2e-05
9393 2e-05
9394 2e-05
9395 2e-05
9396 2e-05
9397 2e-05
9398 2e-05
9399 2e-05
9400 2e-05
9401 2e-05
9402 2e-05
9403 2e-05
9404 2e-05
9405 2e-05
9406 2e-05
9407 2e-05
9408 2e-05
9409 2e-05
9410 2e-05
9411 2e-05
9412 2e-05
9413 2e-05
9414 2e-05
9415 2e-05
9416 2e-05
9417 2e-05
9418 2e-05
9419 2e-05
9420 2e-05
9421 2e-05
9422 2e-05
9423 2e-05
9424 2e-05
9425 2e-05
9426 2e-05
9427 2e-05
9428 2e-05
9429 2e-05
9430 2e-05
9431 2e-05
9432 2e-05
9433 2e-05
9434 2e-05
9435 2e-05
9436 2e-05
9437 2e-05
9438 2e-05
9439 2e-05
9440 2e-05
9441 2e-05
9442 2e-05
9443 2e-05
9444 2e-05
9445 2e-05
9446 2e-05
9447 2e-05
9448 2e-05
9449 2e-05
9450 2e-05
9451 2e-05
9452 2e-05
9453 2e-05
9454 2e-05
9455 2e-05
9456 2e-05
9457 2e-05
9458 2e-05
9459 2e-05
9460 2e-05
9461 2e-05
9462 2e-05
9463 2e-05
9464 2e-05
9465 2e-05
9466 2e-05
9467 2e-05
9468 2e-05
9469 2e-05
9470 2e-05
9471 2e-05
9472 2e-05
9473 2e-05
9474 2e-05
9475 2e-05
9476 2e-05
9477 2e-05
9478 2e-05
9479 2e-05
9480 2e-05
9481 2e-05
9482 2e-05
9483 2e-05
9484 2e-05
9485 2e-05
9486 2e-05
9487 2e-05
9488 2e-05
9489 2e-05
9490 2e-05
9491 2e-05
9492 2e-05
9493 2e-05
9494 2e-05
9495 2e-05
9496 2e-05
9497 2e-05
9498 2e-05
9499 2e-05
9500 2e-05
9501 2e-05
9502 2e-05
9503 2e-05
9504 2e-05
9505 2e-05
9506 2e-05
9507 2e-05
9508 2e-05
9509 2e-05
9510 2e-05
9511 2e-05
9512 2e-05
9513 2e-05
9514 2e-05
9515 2e-05
9516 2e-05
9517 2e-05
9518 2e-05
9519 2e-05
9520 2e-05
9521 2e-05
9522 2e-05
9523 2e-05
9524 2e-05
9525 2e-05
9526 2e-05
9527 2e-05
9528 2e-05
9529 2e-05
9530 2e-05
9531 2e-05
9532 2e-05
9533 2e-05
9534 2e-05
9535 2e-05
9536 2e-05
9537 2e-05
9538 2e-05
9539 2e-05
9540 2e-05
9541 2e-05
9542 2e-05
9543 2e-05
9544 2e-05
9545 2e-05
9546 2e-05
9547 2e-05
9548 2e-05
9549 2e-05
9550 2e-05
9551 2e-05
9552 2e-05
9553 2e-05
9554 2e-05
9555 2e-05
9556 2e-05
9557 2e-05
9558 2e-05
9559 2e-05
9560 2e-05
9561 2e-05
9562 2e-05
9563 2e-05
9564 2e-05
9565 2e-05
9566 2e-05
9567 2e-05
9568 2e-05
9569 2e-05
9570 2e-05
9571 2e-05
9572 2e-05
9573 2e-05
9574 2e-05
9575 2e-05
9576 2e-05
9577 2e-05
9578 2e-05
9579 2e-05
9580 2e-05
9581 2e-05
9582 2e-05
9583 2e-05
9584 2e-05
9585 2e-05
9586 2e-05
9587 2e-05
9588 2e-05
9589 2e-05
9590 2e-05
9591 2e-05
9592 2e-05
9593 2e-05
9594 2e-05
9595 2e-05
9596 2e-05
9597 2e-05
9598 2e-05
9599 2e-05
9600 2e-05
9601 2e-05
9602 2e-05
9603 2e-05
9604 2e-05
9605 2e-05
9606 2e-05
9607 2e-05
9608 2e-05
9609 2e-05
9610 2e-05
9611 2e-05
9612 2e-05
9613 2e-05
9614 2e-05
9615 2e-05
9616 2e-05
9617 2e-05
9618 2e-05
9619 2e-05
9620 2e-05
9621 2e-05
9622 2e-05
9623 2e-05
9624 2e-05
9625 2e-05
9626 2e-05
9627 2e-05
9628 2e-05
9629 2e-05
9630 2e-05
9631 2e-05
9632 2e-05
9633 2e-05
9634 2e-05
9635 2e-05
9636 2e-05
9637 2e-05
9638 2e-05
9639 2e-05
9640 2e-05
9641 2e-05
9642 2e-05
9643 2e-05
9644 2e-05
9645 2e-05
9646 2e-05
9647 2e-05
9648 2e-05
9649 2e-05
9650 2e-05
9651 2e-05
9652 2e-05
9653 2e-05
9654 2e-05
9655 2e-05
9656 2e-05
9657 2e-05
9658 2e-05
9659 2e-05
9660 2e-05
9661 2e-05
9662 2e-05
9663 2e-05
9664 2e-05
9665 2e-05
9666 2e-05
9667 2e-05
9668 2e-05
9669 2e-05
9670 2e-05
9671 2e-05
9672 2e-05
9673 2e-05
9674 2e-05
9675 2e-05
9676 2e-05
9677 2e-05
9678 2e-05
9679 2e-05
9680 2e-05
9681 2e-05
9682 2e-05
9683 2e-05
9684 2e-05
9685 2e-05
9686 2e-05
9687 2e-05
9688 2e-05
9689 2e-05
9690 2e-05
9691 2e-05
9692 2e-05
9693 2e-05
9694 2e-05
9695 2e-05
9696 2e-05
9697 2e-05
9698 2e-05
9699 2e-05
9700 2e-05
9701 2e-05
9702 2e-05
9703 2e-05
9704 2e-05
9705 2e-05
9706 2e-05
9707 2e-05
9708 2e-05
9709 2e-05
9710 2e-05
9711 2e-05
9712 2e-05
9713 2e-05
9714 2e-05
9715 2e-05
9716 2e-05
9717 2e-05
9718 2e-05
9719 2e-05
9720 2e-05
9721 2e-05
9722 2e-05
9723 2e-05
9724 2e-05
9725 2e-05
9726 2e-05
9727 2e-05
9728 2e-05
9729 2e-05
9730 2e-05
9731 2e-05
9732 2e-05
9733 2e-05
9734 2e-05
9735 2e-05
9736 2e-05
9737 2e-05
9738 2e-05
9739 2e-05
9740 2e-05
9741 2e-05
9742 2e-05
9743 2e-05
9744 2e-05
9745 2e-05
9746 2e-05
9747 2e-05
9748 2e-05
9749 2e-05
9750 2e-05
9751 2e-05
9752 2e-05
9753 2e-05
9754 2e-05
9755 2e-05
9756 2e-05
9757 2e-05
9758 2e-05
9759 2e-05
9760 2e-05
9761 2e-05
9762 2e-05
9763 2e-05
9764 2e-05
9765 2e-05
9766 2e-05
9767 2e-05
9768 2e-05
9769 2e-05
9770 2e-05
9771 2e-05
9772 2e-05
9773 2e-05
9774 2e-05
9775 2e-05
9776 2e-05
9777 2e-05
9778 2e-05
9779 2e-05
9780 2e-05
9781 2e-05
9782 2e-05
9783 2e-05
9784 2e-05
9785 2e-05
9786 2e-05
9787 2e-05
9788 2e-05
9789 2e-05
9790 2e-05
9791 2e-05
9792 2e-05
9793 2e-05
9794 2e-05
9795 2e-05
9796 2e-05
9797 2e-05
9798 2e-05
9799 2e-05
9800 2e-05
9801 2e-05
9802 2e-05
9803 2e-05
9804 2e-05
9805 2e-05
9806 2e-05
9807 2e-05
9808 2e-05
9809 2e-05
9810 2e-05
9811 2e-05
9812 2e-05
9813 2e-05
9814 2e-05
9815 2e-05
9816 2e-05
9817 2e-05
9818 2e-05
9819 2e-05
9820 2e-05
9821 2e-05
9822 2e-05
9823 2e-05
9824 2e-05
9825 2e-05
9826 2e-05
9827 2e-05
9828 2e-05
9829 2e-05
9830 2e-05
9831 2e-05
9832 2e-05
9833 2e-05
9834 2e-05
9835 2e-05
9836 2e-05
9837 2e-05
9838 2e-05
9839 2e-05
9840 2e-05
9841 2e-05
9842 2e-05
9843 2e-05
9844 2e-05
9845 2e-05
9846 2e-05
9847 2e-05
9848 2e-05
9849 2e-05
9850 2e-05
9851 2e-05
9852 2e-05
9853 2e-05
9854 2e-05
9855 2e-05
9856 2e-05
9857 2e-05
9858 2e-05
9859 2e-05
9860 2e-05
9861 2e-05
9862 2e-05
9863 2e-05
9864 2e-05
9865 2e-05
9866 2e-05
9867 2e-05
9868 2e-05
9869 2e-05
9870 2e-05
9871 2e-05
9872 2e-05
9873 2e-05
9874 2e-05
9875 2e-05
9876 2e-05
9877 2e-05
9878 2e-05
9879 2e-05
9880 2e-05
9881 2e-05
9882 2e-05
9883 2e-05
9884 2e-05
9885 2e-05
9886 2e-05
9887 2e-05
9888 2e-05
9889 2e-05
9890 2e-05
9891 2e-05
9892 2e-05
9893 2e-05
9894 2e-05
9895 2e-05
9896 2e-05
9897 2e-05
9898 2e-05
9899 2e-05
9900 2e-05
9901 2e-05
9902 2e-05
9903 2e-05
9904 2e-05
9905 2e-05
9906 2e-05
9907 2e-05
9908 2e-05
9909 2e-05
9910 2e-05
9911 2e-05
9912 2e-05
9913 2e-05
9914 2e-05
9915 2e-05
9916 2e-05
9917 2e-05
9918 2e-05
9919 2e-05
9920 2e-05
9921 2e-05
9922 2e-05
9923 2e-05
9924 2e-05
9925 2e-05
9926 2e-05
9927 2e-05
9928 2e-05
9929 2e-05
9930 2e-05
9931 2e-05
9932 2e-05
9933 2e-05
9934 2e-05
9935 2e-05
9936 2e-05
9937 2e-05
9938 2e-05
9939 2e-05
9940 2e-05
9941 2e-05
9942 2e-05
9943 2e-05
9944 2e-05
9945 2e-05
9946 2e-05
9947 2e-05
9948 2e-05
9949 2e-05
9950 2e-05
9951 2e-05
9952 2e-05
9953 2e-05
9954 2e-05
9955 2e-05
9956 2e-05
9957 2e-05
9958 2e-05
9959 2e-05
9960 2e-05
9961 2e-05
9962 2e-05
9963 2e-05
9964 2e-05
9965 2e-05
9966 2e-05
9967 2e-05
9968 2e-05
9969 2e-05
9970 2e-05
9971 2e-05
9972 2e-05
9973 2e-05
9974 2e-05
9975 2e-05
9976 2e-05
9977 2e-05
9978 2e-05
9979 2e-05
9980 2e-05
9981 2e-05
9982 2e-05
9983 2e-05
9984 2e-05
9985 2e-05
9986 2e-05
9987 2e-05
9988 2e-05
9989 2e-05
9990 2e-05
9991 2e-05
9992 2e-05
9993 2e-05
9994 2e-05
9995 2e-05
9996 2e-05
9997 2e-05
9998 2e-05
9999 2e-05
10000 2e-05
10001 2e-05
10002 2e-05
10003 2e-05
10004 2e-05
10005 2e-05
10006 2e-05
10007 2e-05
10008 2e-05
10009 2e-05
10010 2e-05
10011 2e-05
10012 2e-05
10013 2e-05
10014 2e-05
10015 2e-05
10016 2e-05
10017 2e-05
10018 2e-05
10019 2e-05
10020 2e-05
10021 2e-05
10022 2e-05
10023 2e-05
10024 2e-05
10025 2e-05
10026 2e-05
10027 2e-05
10028 2e-05
10029 2e-05
10030 2e-05
10031 2e-05
10032 2e-05
10033 2e-05
10034 2e-05
10035 2e-05
10036 2e-05
10037 2e-05
10038 2e-05
10039 2e-05
10040 2e-05
10041 2e-05
10042 2e-05
10043 2e-05
10044 2e-05
10045 2e-05
10046 2e-05
10047 2e-05
10048 2e-05
10049 2e-05
10050 2e-05
10051 2e-05
10052 2e-05
10053 2e-05
10054 2e-05
10055 2e-05
10056 2e-05
10057 2e-05
10058 2e-05
10059 2e-05
10060 2e-05
10061 2e-05
10062 2e-05
10063 2e-05
10064 2e-05
10065 2e-05
10066 2e-05
10067 2e-05
10068 2e-05
10069 2e-05
10070 2e-05
10071 2e-05
10072 2e-05
10073 2e-05
10074 2e-05
10075 2e-05
10076 2e-05
10077 2e-05
10078 2e-05
10079 2e-05
10080 2e-05
10081 2e-05
10082 2e-05
10083 2e-05
10084 2e-05
10085 2e-05
10086 2e-05
10087 2e-05
10088 2e-05
10089 2e-05
10090 2e-05
10091 2e-05
10092 2e-05
10093 2e-05
10094 2e-05
10095 2e-05
10096 2e-05
10097 2e-05
10098 2e-05
10099 2e-05
10100 2e-05
10101 2e-05
10102 2e-05
10103 2e-05
10104 2e-05
10105 2e-05
10106 2e-05
10107 2e-05
10108 2e-05
10109 2e-05
10110 2e-05
10111 2e-05
10112 2e-05
10113 2e-05
10114 2e-05
10115 2e-05
10116 2e-05
10117 2e-05
10118 2e-05
10119 2e-05
10120 2e-05
10121 2e-05
10122 2e-05
10123 2e-05
10124 2e-05
10125 2e-05
10126 2e-05
10127 2e-05
10128 2e-05
10129 2e-05
10130 2e-05
10131 2e-05
10132 2e-05
10133 2e-05
10134 2e-05
10135 2e-05
10136 2e-05
10137 2e-05
10138 2e-05
10139 2e-05
10140 2e-05
10141 2e-05
10142 2e-05
10143 2e-05
10144 2e-05
10145 2e-05
10146 2e-05
10147 2e-05
10148 2e-05
10149 2e-05
10150 2e-05
10151 2e-05
10152 2e-05
10153 2e-05
10154 2e-05
10155 2e-05
10156 2e-05
10157 2e-05
10158 2e-05
10159 2e-05
10160 2e-05
10161 2e-05
10162 2e-05
10163 2e-05
10164 2e-05
10165 2e-05
10166 2e-05
10167 2e-05
10168 2e-05
10169 2e-05
10170 2e-05
10171 2e-05
10172 2e-05
10173 2e-05
10174 2e-05
10175 2e-05
10176 2e-05
10177 2e-05
10178 2e-05
10179 2e-05
10180 2e-05
10181 2e-05
10182 2e-05
10183 2e-05
10184 2e-05
10185 2e-05
10186 2e-05
10187 2e-05
10188 2e-05
10189 2e-05
10190 2e-05
10191 2e-05
10192 2e-05
10193 2e-05
10194 2e-05
10195 2e-05
10196 2e-05
10197 2e-05
10198 2e-05
10199 2e-05
10200 2e-05
10201 2e-05
10202 2e-05
10203 2e-05
10204 2e-05
10205 2e-05
10206 2e-05
10207 2e-05
10208 2e-05
10209 2e-05
10210 2e-05
10211 2e-05
10212 2e-05
10213 2e-05
10214 2e-05
10215 2e-05
10216 2e-05
10217 2e-05
10218 2e-05
10219 2e-05
10220 2e-05
10221 2e-05
10222 2e-05
10223 2e-05
10224 2e-05
10225 2e-05
10226 2e-05
10227 2e-05
10228 2e-05
10229 2e-05
10230 2e-05
10231 2e-05
10232 2e-05
10233 2e-05
10234 2e-05
10235 2e-05
10236 2e-05
10237 2e-05
10238 2e-05
10239 2e-05
10240 2e-05
10241 2e-05
10242 2e-05
10243 2e-05
10244 2e-05
10245 2e-05
10246 2e-05
10247 2e-05
10248 2e-05
10249 2e-05
10250 2e-05
10251 2e-05
10252 2e-05
10253 2e-05
10254 2e-05
10255 2e-05
10256 2e-05
10257 2e-05
10258 2e-05
10259 2e-05
10260 2e-05
10261 2e-05
10262 2e-05
10263 2e-05
10264 2e-05
10265 2e-05
10266 2e-05
10267 2e-05
10268 2e-05
10269 2e-05
10270 2e-05
10271 2e-05
10272 2e-05
10273 2e-05
10274 2e-05
10275 2e-05
10276 2e-05
10277 2e-05
10278 2e-05
10279 2e-05
10280 2e-05
10281 2e-05
10282 2e-05
10283 2e-05
10284 2e-05
10285 2e-05
10286 2e-05
10287 2e-05
10288 2e-05
10289 2e-05
10290 2e-05
10291 2e-05
10292 2e-05
10293 2e-05
10294 2e-05
10295 2e-05
10296 2e-05
10297 2e-05
10298 2e-05
10299 2e-05
10300 2e-05
10301 2e-05
10302 2e-05
10303 2e-05
10304 2e-05
10305 2e-05
10306 2e-05
10307 2e-05
10308 2e-05
10309 2e-05
10310 2e-05
10311 2e-05
10312 2e-05
10313 2e-05
10314 2e-05
10315 2e-05
10316 2e-05
10317 2e-05
10318 2e-05
10319 2e-05
10320 2e-05
10321 2e-05
10322 2e-05
10323 2e-05
10324 2e-05
10325 2e-05
10326 2e-05
10327 2e-05
10328 2e-05
10329 2e-05
10330 2e-05
10331 2e-05
10332 2e-05
10333 2e-05
10334 2e-05
10335 2e-05
10336 2e-05
10337 2e-05
10338 2e-05
10339 2e-05
10340 2e-05
10341 2e-05
10342 2e-05
10343 2e-05
10344 2e-05
10345 2e-05
10346 2e-05
10347 2e-05
10348 2e-05
10349 2e-05
10350 2e-05
10351 2e-05
10352 2e-05
10353 2e-05
10354 2e-05
10355 2e-05
10356 2e-05
10357 2e-05
10358 2e-05
10359 2e-05
10360 2e-05
10361 2e-05
10362 2e-05
10363 2e-05
10364 2e-05
10365 2e-05
10366 2e-05
10367 2e-05
10368 2e-05
10369 2e-05
10370 2e-05
10371 2e-05
10372 2e-05
10373 2e-05
10374 2e-05
10375 2e-05
10376 2e-05
10377 2e-05
10378 2e-05
10379 2e-05
10380 2e-05
10381 2e-05
10382 2e-05
10383 2e-05
10384 2e-05
10385 2e-05
10386 2e-05
10387 2e-05
10388 2e-05
10389 2e-05
10390 2e-05
10391 2e-05
10392 2e-05
10393 2e-05
10394 2e-05
10395 2e-05
10396 2e-05
10397 2e-05
10398 2e-05
10399 2e-05
10400 2e-05
10401 2e-05
10402 2e-05
10403 2e-05
10404 2e-05
10405 2e-05
10406 2e-05
10407 2e-05
10408 2e-05
10409 2e-05
10410 2e-05
10411 2e-05
10412 2e-05
10413 2e-05
10414 2e-05
10415 2e-05
10416 2e-05
10417 2e-05
10418 2e-05
10419 2e-05
10420 2e-05
10421 2e-05
10422 2e-05
10423 2e-05
10424 2e-05
10425 2e-05
10426 2e-05
10427 2e-05
10428 2e-05
10429 2e-05
10430 2e-05
10431 2e-05
10432 2e-05
10433 2e-05
10434 2e-05
10435 2e-05
10436 2e-05
10437 2e-05
10438 2e-05
10439 2e-05
10440 2e-05
10441 2e-05
10442 2e-05
10443 2e-05
10444 2e-05
10445 2e-05
10446 2e-05
10447 2e-05
10448 2e-05
10449 2e-05
10450 2e-05
10451 2e-05
10452 2e-05
10453 2e-05
10454 2e-05
10455 2e-05
10456 2e-05
10457 2e-05
10458 2e-05
10459 2e-05
10460 2e-05
10461 2e-05
10462 2e-05
10463 2e-05
10464 2e-05
10465 2e-05
10466 2e-05
10467 2e-05
10468 2e-05
10469 2e-05
10470 2e-05
10471 2e-05
10472 2e-05
10473 2e-05
10474 2e-05
10475 2e-05
10476 2e-05
10477 2e-05
10478 2e-05
10479 2e-05
10480 2e-05
10481 2e-05
10482 2e-05
10483 2e-05
10484 2e-05
10485 2e-05
10486 2e-05
10487 2e-05
10488 2e-05
10489 2e-05
10490 2e-05
10491 2e-05
10492 2e-05
10493 2e-05
10494 2e-05
10495 2e-05
10496 2e-05
10497 2e-05
10498 2e-05
10499 2e-05
10500 2e-05
10501 2e-05
10502 2e-05
10503 2e-05
10504 2e-05
10505 2e-05
10506 2e-05
10507 2e-05
10508 2e-05
10509 2e-05
10510 2e-05
10511 2e-05
10512 2e-05
10513 2e-05
10514 2e-05
10515 2e-05
10516 2e-05
10517 2e-05
10518 2e-05
10519 2e-05
10520 2e-05
10521 2e-05
10522 2e-05
10523 2e-05
10524 2e-05
10525 2e-05
10526 2e-05
10527 2e-05
10528 2e-05
10529 2e-05
10530 2e-05
10531 2e-05
10532 2e-05
10533 2e-05
10534 2e-05
10535 2e-05
10536 2e-05
10537 2e-05
10538 2e-05
10539 2e-05
10540 2e-05
10541 2e-05
10542 2e-05
10543 2e-05
10544 2e-05
10545 2e-05
10546 2e-05
10547 2e-05
10548 2e-05
10549 2e-05
10550 2e-05
10551 2e-05
10552 2e-05
10553 2e-05
10554 2e-05
10555 2e-05
10556 2e-05
10557 2e-05
10558 2e-05
10559 2e-05
10560 2e-05
10561 2e-05
10562 2e-05
10563 2e-05
10564 2e-05
10565 2e-05
10566 2e-05
10567 2e-05
10568 2e-05
10569 2e-05
10570 2e-05
10571 2e-05
10572 2e-05
10573 2e-05
10574 2e-05
10575 2e-05
10576 2e-05
10577 2e-05
10578 2e-05
10579 2e-05
10580 2e-05
10581 2e-05
10582 2e-05
10583 2e-05
10584 2e-05
10585 2e-05
10586 2e-05
10587 2e-05
10588 2e-05
10589 2e-05
10590 2e-05
10591 2e-05
10592 2e-05
10593 2e-05
10594 2e-05
10595 2e-05
10596 2e-05
10597 2e-05
10598 2e-05
10599 2e-05
10600 2e-05
10601 2e-05
10602 2e-05
10603 2e-05
10604 2e-05
10605 2e-05
10606 2e-05
10607 2e-05
10608 2e-05
10609 2e-05
10610 2e-05
10611 2e-05
10612 2e-05
10613 2e-05
10614 2e-05
10615 2e-05
10616 2e-05
10617 2e-05
10618 2e-05
10619 2e-05
10620 2e-05
10621 2e-05
10622 2e-05
10623 2e-05
10624 2e-05
10625 2e-05
10626 2e-05
10627 2e-05
10628 2e-05
10629 2e-05
10630 2e-05
10631 2e-05
10632 2e-05
10633 2e-05
10634 2e-05
10635 2e-05
10636 2e-05
10637 2e-05
10638 2e-05
10639 2e-05
10640 2e-05
10641 2e-05
10642 2e-05
10643 2e-05
10644 2e-05
10645 2e-05
10646 2e-05
10647 2e-05
10648 2e-05
10649 2e-05
10650 2e-05
10651 2e-05
10652 2e-05
10653 2e-05
10654 2e-05
10655 2e-05
10656 2e-05
10657 2e-05
10658 2e-05
10659 2e-05
10660 2e-05
10661 2e-05
10662 2e-05
10663 2e-05
10664 2e-05
10665 2e-05
10666 2e-05
10667 2e-05
10668 2e-05
10669 2e-05
10670 2e-05
10671 2e-05
10672 2e-05
10673 2e-05
10674 2e-05
10675 2e-05
10676 2e-05
10677 2e-05
10678 2e-05
10679 2e-05
10680 2e-05
10681 2e-05
10682 2e-05
10683 2e-05
10684 2e-05
10685 2e-05
10686 2e-05
10687 2e-05
10688 2e-05
10689 2e-05
10690 2e-05
10691 2e-05
10692 2e-05
10693 2e-05
10694 2e-05
10695 2e-05
10696 2e-05
10697 2e-05
10698 2e-05
10699 2e-05
10700 2e-05
10701 2e-05
10702 2e-05
10703 2e-05
10704 2e-05
10705 2e-05
10706 2e-05
10707 2e-05
10708 2e-05
10709 2e-05
10710 2e-05
10711 2e-05
10712 2e-05
10713 2e-05
10714 2e-05
10715 2e-05
10716 2e-05
10717 2e-05
10718 2e-05
10719 2e-05
10720 2e-05
10721 2e-05
10722 2e-05
10723 2e-05
10724 2e-05
10725 2e-05
10726 2e-05
10727 2e-05
10728 2e-05
10729 2e-05
10730 2e-05
10731 2e-05
10732 2e-05
10733 2e-05
10734 2e-05
10735 2e-05
10736 2e-05
10737 2e-05
10738 2e-05
10739 2e-05
10740 2e-05
10741 2e-05
10742 2e-05
10743 2e-05
10744 2e-05
10745 2e-05
10746 2e-05
10747 2e-05
10748 2e-05
10749 2e-05
10750 2e-05
10751 2e-05
10752 2e-05
10753 2e-05
10754 2e-05
10755 2e-05
10756 2e-05
10757 2e-05
10758 2e-05
10759 2e-05
10760 2e-05
10761 2e-05
10762 2e-05
10763 2e-05
10764 2e-05
10765 2e-05
10766 2e-05
10767 2e-05
10768 2e-05
10769 2e-05
10770 2e-05
10771 2e-05
10772 2e-05
10773 2e-05
10774 2e-05
10775 2e-05
10776 2e-05
10777 2e-05
10778 2e-05
10779 2e-05
10780 2e-05
10781 2e-05
10782 2e-05
10783 2e-05
10784 2e-05
10785 2e-05
10786 2e-05
10787 2e-05
10788 2e-05
10789 2e-05
10790 2e-05
10791 2e-05
10792 2e-05
10793 2e-05
10794 2e-05
10795 2e-05
10796 2e-05
10797 2e-05
10798 2e-05
10799 2e-05
10800 2e-05
10801 2e-05
10802 2e-05
10803 2e-05
10804 2e-05
10805 2e-05
10806 2e-05
10807 2e-05
10808 2e-05
10809 2e-05
10810 2e-05
10811 2e-05
10812 2e-05
10813 2e-05
10814 2e-05
10815 2e-05
10816 2e-05
10817 2e-05
10818 2e-05
10819 2e-05
10820 2e-05
10821 2e-05
10822 2e-05
10823 2e-05
10824 2e-05
10825 2e-05
10826 2e-05
10827 2e-05
10828 2e-05
10829 2e-05
10830 2e-05
10831 2e-05
10832 2e-05
10833 2e-05
10834 2e-05
10835 2e-05
10836 2e-05
10837 2e-05
10838 2e-05
10839 2e-05
10840 2e-05
10841 2e-05
10842 2e-05
10843 2e-05
10844 2e-05
10845 2e-05
10846 2e-05
10847 2e-05
10848 2e-05
10849 2e-05
10850 2e-05
10851 2e-05
10852 2e-05
10853 2e-05
10854 2e-05
10855 2e-05
10856 2e-05
10857 2e-05
10858 2e-05
10859 2e-05
10860 2e-05
10861 2e-05
10862 2e-05
10863 2e-05
10864 2e-05
10865 2e-05
10866 2e-05
10867 2e-05
10868 2e-05
10869 2e-05
10870 2e-05
10871 2e-05
10872 2e-05
10873 2e-05
10874 2e-05
10875 2e-05
10876 2e-05
10877 2e-05
10878 2e-05
10879 2e-05
10880 2e-05
10881 2e-05
10882 2e-05
10883 2e-05
10884 2e-05
10885 2e-05
10886 2e-05
10887 2e-05
10888 2e-05
10889 2e-05
10890 2e-05
10891 2e-05
10892 2e-05
10893 2e-05
10894 2e-05
10895 2e-05
10896 2e-05
10897 2e-05
10898 2e-05
10899 2e-05
10900 2e-05
10901 2e-05
10902 2e-05
10903 2e-05
10904 2e-05
10905 2e-05
10906 2e-05
10907 2e-05
10908 2e-05
10909 2e-05
10910 2e-05
10911 2e-05
10912 2e-05
10913 2e-05
10914 2e-05
10915 2e-05
10916 2e-05
10917 2e-05
10918 2e-05
10919 2e-05
10920 2e-05
10921 2e-05
10922 2e-05
10923 2e-05
10924 2e-05
10925 2e-05
10926 2e-05
10927 2e-05
10928 2e-05
10929 2e-05
10930 2e-05
10931 2e-05
10932 2e-05
10933 2e-05
10934 2e-05
10935 2e-05
10936 2e-05
10937 2e-05
10938 2e-05
10939 2e-05
10940 2e-05
10941 2e-05
10942 2e-05
10943 2e-05
10944 2e-05
10945 2e-05
10946 2e-05
10947 2e-05
10948 2e-05
10949 2e-05
10950 2e-05
10951 2e-05
10952 2e-05
10953 2e-05
10954 2e-05
10955 2e-05
10956 2e-05
10957 2e-05
10958 2e-05
10959 2e-05
10960 2e-05
10961 2e-05
10962 2e-05
10963 2e-05
10964 2e-05
10965 2e-05
10966 2e-05
10967 2e-05
10968 2e-05
10969 2e-05
10970 2e-05
10971 2e-05
10972 2e-05
10973 2e-05
10974 2e-05
10975 2e-05
10976 2e-05
10977 2e-05
10978 2e-05
10979 2e-05
10980 2e-05
10981 2e-05
10982 2e-05
10983 2e-05
10984 2e-05
10985 2e-05
10986 2e-05
10987 2e-05
10988 2e-05
10989 2e-05
10990 2e-05
10991 2e-05
10992 2e-05
10993 2e-05
10994 2e-05
10995 2e-05
10996 2e-05
10997 2e-05
10998 2e-05
10999 2e-05
11000 2e-05
11001 2e-05
11002 2e-05
11003 2e-05
11004 2e-05
11005 2e-05
11006 2e-05
11007 2e-05
11008 2e-05
11009 2e-05
11010 2e-05
11011 2e-05
11012 2e-05
11013 2e-05
11014 2e-05
11015 2e-05
11016 2e-05
11017 2e-05
11018 2e-05
11019 2e-05
11020 2e-05
11021 2e-05
11022 2e-05
11023 2e-05
11024 2e-05
11025 2e-05
11026 2e-05
11027 2e-05
11028 2e-05
11029 2e-05
11030 2e-05
11031 2e-05
11032 2e-05
11033 2e-05
11034 2e-05
11035 2e-05
11036 2e-05
11037 2e-05
11038 2e-05
11039 2e-05
11040 2e-05
11041 2e-05
11042 2e-05
11043 2e-05
11044 2e-05
11045 2e-05
11046 2e-05
11047 2e-05
11048 2e-05
11049 2e-05
11050 2e-05
11051 2e-05
11052 2e-05
11053 2e-05
11054 2e-05
11055 2e-05
11056 2e-05
11057 2e-05
11058 2e-05
11059 2e-05
11060 2e-05
11061 2e-05
11062 2e-05
11063 2e-05
11064 2e-05
11065 2e-05
11066 2e-05
11067 2e-05
11068 2e-05
11069 2e-05
11070 2e-05
11071 2e-05
11072 2e-05
11073 2e-05
11074 2e-05
11075 2e-05
11076 2e-05
11077 2e-05
11078 2e-05
11079 2e-05
11080 2e-05
11081 2e-05
11082 2e-05
11083 2e-05
11084 2e-05
11085 2e-05
11086 2e-05
11087 2e-05
11088 2e-05
11089 2e-05
11090 2e-05
11091 2e-05
11092 2e-05
11093 2e-05
11094 2e-05
11095 2e-05
11096 2e-05
11097 2e-05
11098 2e-05
11099 2e-05
11100 2e-05
11101 2e-05
11102 2e-05
11103 2e-05
11104 2e-05
11105 2e-05
11106 2e-05
11107 2e-05
11108 2e-05
11109 2e-05
11110 2e-05
11111 2e-05
11112 2e-05
11113 2e-05
11114 2e-05
11115 2e-05
11116 2e-05
11117 2e-05
11118 2e-05
11119 2e-05
11120 2e-05
11121 2e-05
11122 2e-05
11123 2e-05
11124 2e-05
11125 2e-05
11126 2e-05
11127 2e-05
11128 2e-05
11129 2e-05
11130 2e-05
11131 2e-05
11132 2e-05
11133 2e-05
11134 2e-05
11135 2e-05
11136 2e-05
11137 2e-05
11138 2e-05
11139 2e-05
11140 2e-05
11141 2e-05
11142 2e-05
11143 2e-05
11144 2e-05
11145 2e-05
11146 2e-05
11147 2e-05
11148 2e-05
11149 2e-05
11150 2e-05
11151 2e-05
11152 2e-05
11153 2e-05
11154 2e-05
11155 2e-05
11156 2e-05
11157 2e-05
11158 2e-05
11159 2e-05
11160 2e-05
11161 2e-05
11162 2e-05
11163 2e-05
11164 2e-05
11165 2e-05
11166 2e-05
11167 2e-05
11168 2e-05
11169 2e-05
11170 2e-05
11171 2e-05
11172 2e-05
11173 2e-05
11174 2e-05
11175 2e-05
11176 2e-05
11177 2e-05
11178 2e-05
11179 2e-05
11180 2e-05
11181 2e-05
11182 2e-05
11183 2e-05
11184 2e-05
11185 2e-05
11186 2e-05
11187 2e-05
11188 2e-05
11189 2e-05
11190 2e-05
11191 2e-05
11192 2e-05
11193 2e-05
11194 2e-05
11195 2e-05
11196 2e-05
11197 2e-05
11198 2e-05
11199 2e-05
11200 2e-05
11201 2e-05
11202 2e-05
11203 2e-05
11204 2e-05
11205 2e-05
11206 2e-05
11207 2e-05
11208 2e-05
11209 2e-05
11210 2e-05
11211 2e-05
11212 2e-05
11213 2e-05
11214 2e-05
11215 2e-05
11216 2e-05
11217 2e-05
11218 2e-05
11219 2e-05
11220 2e-05
11221 2e-05
11222 2e-05
11223 2e-05
11224 2e-05
11225 2e-05
11226 2e-05
11227 2e-05
11228 2e-05
11229 2e-05
11230 2e-05
11231 2e-05
11232 2e-05
11233 2e-05
11234 2e-05
11235 2e-05
11236 2e-05
11237 2e-05
11238 2e-05
11239 2e-05
11240 2e-05
11241 2e-05
11242 2e-05
11243 2e-05
11244 2e-05
11245 2e-05
11246 2e-05
11247 2e-05
11248 2e-05
11249 2e-05
11250 2e-05
11251 2e-05
11252 2e-05
11253 2e-05
11254 2e-05
11255 2e-05
11256 2e-05
11257 2e-05
11258 2e-05
11259 2e-05
11260 2e-05
11261 2e-05
11262 2e-05
11263 2e-05
11264 2e-05
11265 2e-05
11266 2e-05
11267 2e-05
11268 2e-05
11269 2e-05
11270 2e-05
11271 2e-05
11272 2e-05
11273 2e-05
11274 2e-05
11275 2e-05
11276 2e-05
11277 2e-05
11278 2e-05
11279 2e-05
11280 2e-05
11281 2e-05
11282 2e-05
11283 2e-05
11284 2e-05
11285 2e-05
11286 2e-05
11287 2e-05
11288 2e-05
11289 2e-05
11290 2e-05
11291 2e-05
11292 2e-05
11293 2e-05
11294 2e-05
11295 2e-05
11296 2e-05
11297 2e-05
11298 2e-05
11299 2e-05
11300 2e-05
11301 2e-05
11302 2e-05
11303 2e-05
11304 2e-05
11305 2e-05
11306 2e-05
11307 2e-05
11308 2e-05
11309 2e-05
11310 2e-05
11311 2e-05
11312 2e-05
11313 2e-05
11314 2e-05
11315 2e-05
11316 2e-05
11317 2e-05
11318 2e-05
11319 2e-05
11320 2e-05
11321 2e-05
11322 2e-05
11323 2e-05
11324 2e-05
11325 2e-05
11326 2e-05
11327 2e-05
11328 2e-05
11329 2e-05
11330 2e-05
11331 2e-05
11332 2e-05
11333 2e-05
11334 2e-05
11335 2e-05
11336 2e-05
11337 2e-05
11338 2e-05
11339 2e-05
11340 2e-05
11341 2e-05
11342 2e-05
11343 2e-05
11344 2e-05
11345 2e-05
11346 2e-05
11347 2e-05
11348 2e-05
11349 2e-05
11350 2e-05
11351 2e-05
11352 2e-05
11353 2e-05
11354 2e-05
11355 2e-05
11356 2e-05
11357 2e-05
11358 2e-05
11359 2e-05
11360 2e-05
11361 2e-05
11362 2e-05
11363 2e-05
11364 2e-05
11365 2e-05
11366 2e-05
11367 2e-05
11368 2e-05
11369 2e-05
11370 2e-05
11371 2e-05
11372 2e-05
11373 2e-05
11374 2e-05
11375 2e-05
11376 2e-05
11377 2e-05
11378 2e-05
11379 2e-05
11380 2e-05
11381 2e-05
11382 2e-05
11383 2e-05
11384 2e-05
11385 2e-05
11386 2e-05
11387 2e-05
11388 2e-05
11389 2e-05
11390 2e-05
11391 2e-05
11392 2e-05
11393 2e-05
11394 2e-05
11395 2e-05
11396 2e-05
11397 2e-05
11398 2e-05
11399 2e-05
11400 2e-05
11401 2e-05
11402 2e-05
11403 2e-05
11404 2e-05
11405 2e-05
11406 2e-05
11407 2e-05
11408 2e-05
11409 2e-05
11410 2e-05
11411 2e-05
11412 2e-05
11413 2e-05
11414 2e-05
11415 2e-05
11416 2e-05
11417 2e-05
11418 2e-05
11419 2e-05
11420 2e-05
11421 2e-05
11422 2e-05
11423 2e-05
11424 2e-05
11425 2e-05
11426 2e-05
11427 2e-05
11428 2e-05
11429 2e-05
11430 2e-05
11431 2e-05
11432 2e-05
11433 2e-05
11434 2e-05
11435 2e-05
11436 2e-05
11437 2e-05
11438 2e-05
11439 2e-05
11440 2e-05
11441 2e-05
11442 2e-05
11443 2e-05
11444 2e-05
11445 2e-05
11446 2e-05
11447 2e-05
11448 2e-05
11449 2e-05
11450 2e-05
11451 2e-05
11452 2e-05
11453 2e-05
11454 2e-05
11455 2e-05
11456 2e-05
11457 2e-05
11458 2e-05
11459 2e-05
11460 2e-05
11461 2e-05
11462 2e-05
11463 2e-05
11464 2e-05
11465 2e-05
11466 2e-05
11467 2e-05
11468 2e-05
11469 2e-05
11470 2e-05
11471 2e-05
11472 2e-05
11473 2e-05
11474 2e-05
11475 2e-05
11476 2e-05
11477 2e-05
11478 2e-05
11479 2e-05
11480 2e-05
11481 2e-05
11482 2e-05
11483 2e-05
11484 2e-05
11485 2e-05
11486 2e-05
11487 2e-05
11488 2e-05
11489 2e-05
11490 2e-05
11491 2e-05
11492 2e-05
11493 2e-05
11494 2e-05
11495 2e-05
11496 2e-05
11497 2e-05
11498 2e-05
11499 2e-05
11500 2e-05
11501 2e-05
11502 2e-05
11503 2e-05
11504 2e-05
11505 2e-05
11506 2e-05
11507 2e-05
11508 2e-05
11509 2e-05
11510 2e-05
11511 2e-05
11512 2e-05
11513 2e-05
11514 2e-05
11515 2e-05
11516 2e-05
11517 2e-05
11518 2e-05
11519 2e-05
11520 2e-05
11521 2e-05
11522 2e-05
11523 2e-05
11524 2e-05
11525 2e-05
11526 2e-05
11527 2e-05
11528 2e-05
11529 2e-05
11530 2e-05
11531 2e-05
11532 2e-05
11533 2e-05
11534 2e-05
11535 2e-05
11536 2e-05
11537 2e-05
11538 2e-05
11539 2e-05
11540 2e-05
11541 2e-05
11542 2e-05
11543 2e-05
11544 2e-05
11545 2e-05
11546 2e-05
11547 2e-05
11548 2e-05
11549 2e-05
11550 2e-05
11551 2e-05
11552 2e-05
11553 2e-05
11554 2e-05
11555 2e-05
11556 2e-05
11557 2e-05
11558 2e-05
11559 2e-05
11560 2e-05
11561 2e-05
11562 2e-05
11563 2e-05
11564 2e-05
11565 2e-05
11566 2e-05
11567 2e-05
11568 2e-05
11569 2e-05
11570 2e-05
11571 2e-05
11572 2e-05
11573 2e-05
11574 2e-05
11575 2e-05
11576 2e-05
11577 2e-05
11578 2e-05
11579 2e-05
11580 2e-05
11581 2e-05
11582 2e-05
11583 2e-05
11584 2e-05
11585 2e-05
11586 2e-05
11587 2e-05
11588 2e-05
11589 2e-05
11590 2e-05
11591 2e-05
11592 2e-05
11593 2e-05
11594 2e-05
11595 2e-05
11596 2e-05
11597 2e-05
11598 2e-05
11599 2e-05
11600 2e-05
11601 2e-05
11602 2e-05
11603 2e-05
11604 2e-05
11605 2e-05
11606 2e-05
11607 2e-05
11608 2e-05
11609 2e-05
11610 2e-05
11611 2e-05
11612 2e-05
11613 2e-05
11614 2e-05
11615 2e-05
11616 2e-05
11617 2e-05
11618 2e-05
11619 2e-05
11620 2e-05
11621 2e-05
11622 2e-05
11623 2e-05
11624 2e-05
11625 2e-05
11626 2e-05
11627 2e-05
11628 2e-05
11629 2e-05
11630 2e-05
11631 2e-05
11632 2e-05
11633 2e-05
11634 2e-05
11635 2e-05
11636 2e-05
11637 2e-05
11638 2e-05
11639 2e-05
11640 2e-05
11641 2e-05
11642 2e-05
11643 2e-05
11644 2e-05
11645 2e-05
11646 2e-05
11647 2e-05
11648 2e-05
11649 2e-05
11650 2e-05
11651 2e-05
11652 2e-05
11653 2e-05
11654 2e-05
11655 2e-05
11656 2e-05
11657 2e-05
11658 2e-05
11659 2e-05
11660 2e-05
11661 2e-05
11662 2e-05
11663 2e-05
11664 2e-05
11665 2e-05
11666 2e-05
11667 2e-05
11668 2e-05
11669 2e-05
11670 2e-05
11671 2e-05
11672 2e-05
11673 2e-05
11674 2e-05
11675 2e-05
11676 2e-05
11677 2e-05
11678 2e-05
11679 2e-05
11680 2e-05
11681 2e-05
11682 2e-05
11683 2e-05
11684 2e-05
11685 2e-05
11686 2e-05
11687 2e-05
11688 2e-05
11689 2e-05
11690 2e-05
11691 2e-05
11692 2e-05
11693 2e-05
11694 2e-05
11695 2e-05
11696 2e-05
11697 2e-05
11698 2e-05
11699 2e-05
11700 2e-05
11701 2e-05
11702 2e-05
11703 2e-05
11704 2e-05
11705 2e-05
11706 2e-05
11707 2e-05
11708 2e-05
11709 2e-05
11710 2e-05
11711 2e-05
11712 2e-05
11713 2e-05
11714 2e-05
11715 2e-05
11716 2e-05
11717 2e-05
11718 2e-05
11719 2e-05
11720 2e-05
11721 2e-05
11722 2e-05
11723 2e-05
11724 2e-05
11725 2e-05
11726 2e-05
11727 2e-05
11728 2e-05
11729 2e-05
11730 2e-05
11731 2e-05
11732 2e-05
11733 2e-05
11734 2e-05
11735 2e-05
11736 2e-05
11737 2e-05
11738 2e-05
11739 2e-05
11740 2e-05
11741 2e-05
11742 2e-05
11743 2e-05
11744 2e-05
11745 2e-05
11746 2e-05
11747 2e-05
11748 2e-05
11749 2e-05
11750 2e-05
11751 2e-05
11752 2e-05
11753 2e-05
11754 2e-05
11755 2e-05
11756 2e-05
11757 2e-05
11758 2e-05
11759 2e-05
11760 2e-05
11761 2e-05
11762 2e-05
11763 2e-05
11764 2e-05
11765 2e-05
11766 2e-05
11767 2e-05
11768 2e-05
11769 2e-05
11770 2e-05
11771 2e-05
11772 2e-05
11773 2e-05
11774 2e-05
11775 2e-05
11776 2e-05
11777 2e-05
11778 2e-05
11779 2e-05
11780 2e-05
11781 2e-05
11782 2e-05
11783 2e-05
11784 2e-05
11785 2e-05
11786 2e-05
11787 2e-05
11788 2e-05
11789 2e-05
11790 2e-05
11791 2e-05
11792 2e-05
11793 2e-05
11794 2e-05
11795 2e-05
11796 2e-05
11797 2e-05
11798 2e-05
11799 2e-05
11800 2e-05
11801 2e-05
11802 2e-05
11803 2e-05
11804 2e-05
11805 2e-05
11806 2e-05
11807 2e-05
11808 2e-05
11809 2e-05
11810 2e-05
11811 2e-05
11812 2e-05
11813 2e-05
11814 2e-05
11815 2e-05
11816 2e-05
11817 2e-05
11818 2e-05
11819 2e-05
11820 2e-05
11821 2e-05
11822 2e-05
11823 2e-05
11824 2e-05
11825 2e-05
11826 2e-05
11827 2e-05
11828 2e-05
11829 2e-05
11830 2e-05
11831 2e-05
11832 2e-05
11833 2e-05
11834 2e-05
11835 2e-05
11836 2e-05
11837 2e-05
11838 2e-05
11839 2e-05
11840 2e-05
11841 2e-05
11842 2e-05
11843 2e-05
11844 2e-05
11845 2e-05
11846 2e-05
11847 2e-05
11848 2e-05
11849 2e-05
11850 2e-05
11851 2e-05
11852 2e-05
11853 2e-05
11854 2e-05
11855 2e-05
11856 2e-05
11857 2e-05
11858 2e-05
11859 2e-05
11860 2e-05
11861 2e-05
11862 2e-05
11863 2e-05
11864 2e-05
11865 2e-05
11866 2e-05
11867 2e-05
11868 2e-05
11869 2e-05
11870 2e-05
11871 2e-05
11872 2e-05
11873 2e-05
11874 2e-05
11875 2e-05
11876 2e-05
11877 2e-05
11878 2e-05
11879 2e-05
11880 2e-05
11881 2e-05
11882 2e-05
11883 2e-05
11884 2e-05
11885 2e-05
11886 2e-05
11887 2e-05
11888 2e-05
11889 2e-05
11890 2e-05
11891 2e-05
11892 2e-05
11893 2e-05
11894 2e-05
11895 2e-05
11896 2e-05
11897 2e-05
11898 2e-05
11899 2e-05
11900 2e-05
11901 2e-05
11902 2e-05
11903 2e-05
11904 2e-05
11905 2e-05
11906 2e-05
11907 2e-05
11908 2e-05
11909 2e-05
11910 2e-05
11911 2e-05
11912 2e-05
11913 2e-05
11914 2e-05
11915 2e-05
11916 2e-05
11917 2e-05
11918 2e-05
11919 2e-05
11920 2e-05
11921 2e-05
11922 2e-05
11923 2e-05
11924 2e-05
11925 2e-05
11926 2e-05
11927 2e-05
11928 2e-05
11929 2e-05
11930 2e-05
11931 2e-05
11932 2e-05
11933 2e-05
11934 2e-05
11935 2e-05
11936 2e-05
11937 2e-05
11938 2e-05
11939 2e-05
11940 2e-05
11941 2e-05
11942 2e-05
11943 2e-05
11944 2e-05
11945 2e-05
11946 2e-05
11947 2e-05
11948 2e-05
11949 2e-05
11950 2e-05
11951 2e-05
11952 2e-05
11953 2e-05
11954 2e-05
11955 2e-05
11956 2e-05
11957 2e-05
11958 2e-05
11959 2e-05
11960 2e-05
11961 2e-05
11962 2e-05
11963 2e-05
11964 2e-05
11965 2e-05
11966 2e-05
11967 2e-05
11968 2e-05
11969 2e-05
11970 2e-05
11971 2e-05
11972 2e-05
11973 2e-05
11974 2e-05
11975 2e-05
11976 2e-05
11977 2e-05
11978 2e-05
11979 2e-05
11980 2e-05
11981 2e-05
11982 2e-05
11983 2e-05
11984 2e-05
11985 2e-05
11986 2e-05
11987 2e-05
11988 2e-05
11989 2e-05
11990 2e-05
11991 2e-05
11992 2e-05
11993 2e-05
11994 2e-05
11995 2e-05
11996 2e-05
11997 2e-05
11998 2e-05
11999 2e-05
12000 2e-05
12001 2e-05
12002 2e-05
12003 2e-05
12004 2e-05
12005 2e-05
12006 2e-05
12007 2e-05
12008 2e-05
12009 2e-05
12010 2e-05
12011 2e-05
12012 2e-05
12013 2e-05
12014 2e-05
12015 2e-05
12016 2e-05
12017 2e-05
12018 2e-05
12019 2e-05
12020 2e-05
12021 2e-05
12022 2e-05
12023 2e-05
12024 2e-05
12025 2e-05
12026 2e-05
12027 2e-05
12028 2e-05
12029 2e-05
12030 2e-05
12031 2e-05
12032 2e-05
12033 2e-05
12034 2e-05
12035 2e-05
12036 2e-05
12037 2e-05
12038 2e-05
12039 2e-05
12040 2e-05
12041 2e-05
12042 2e-05
12043 2e-05
12044 2e-05
12045 2e-05
12046 2e-05
12047 2e-05
12048 2e-05
12049 2e-05
12050 2e-05
12051 2e-05
12052 2e-05
12053 2e-05
12054 2e-05
12055 2e-05
12056 2e-05
12057 2e-05
12058 2e-05
12059 2e-05
12060 2e-05
12061 2e-05
12062 2e-05
12063 2e-05
12064 2e-05
12065 2e-05
12066 2e-05
12067 2e-05
12068 2e-05
12069 2e-05
12070 2e-05
12071 2e-05
12072 2e-05
12073 2e-05
12074 2e-05
12075 2e-05
12076 2e-05
12077 2e-05
12078 2e-05
12079 2e-05
12080 2e-05
12081 2e-05
12082 2e-05
12083 2e-05
12084 2e-05
12085 2e-05
12086 2e-05
12087 2e-05
12088 2e-05
12089 2e-05
12090 2e-05
12091 2e-05
12092 2e-05
12093 2e-05
12094 2e-05
12095 2e-05
12096 2e-05
12097 2e-05
12098 2e-05
12099 2e-05
12100 2e-05
12101 2e-05
12102 2e-05
12103 2e-05
12104 2e-05
12105 2e-05
12106 2e-05
12107 2e-05
12108 2e-05
12109 2e-05
12110 2e-05
12111 2e-05
12112 2e-05
12113 2e-05
12114 2e-05
12115 2e-05
12116 2e-05
12117 2e-05
12118 2e-05
12119 2e-05
12120 2e-05
12121 2e-05
12122 2e-05
12123 2e-05
12124 2e-05
12125 2e-05
12126 2e-05
12127 2e-05
12128 2e-05
12129 2e-05
12130 2e-05
12131 2e-05
12132 2e-05
12133 2e-05
12134 2e-05
12135 2e-05
12136 2e-05
12137 2e-05
12138 2e-05
12139 2e-05
12140 2e-05
12141 2e-05
12142 2e-05
12143 2e-05
12144 2e-05
12145 2e-05
12146 2e-05
12147 2e-05
12148 2e-05
12149 2e-05
12150 2e-05
12151 2e-05
12152 2e-05
12153 2e-05
12154 2e-05
12155 2e-05
12156 2e-05
12157 2e-05
12158 2e-05
12159 2e-05
12160 2e-05
12161 2e-05
12162 2e-05
12163 2e-05
12164 2e-05
12165 2e-05
12166 2e-05
12167 2e-05
12168 2e-05
12169 2e-05
12170 2e-05
12171 2e-05
12172 2e-05
12173 2e-05
12174 2e-05
12175 2e-05
12176 2e-05
12177 2e-05
12178 2e-05
12179 2e-05
12180 2e-05
12181 2e-05
12182 2e-05
12183 2e-05
12184 2e-05
12185 2e-05
12186 2e-05
12187 2e-05
12188 2e-05
12189 2e-05
12190 2e-05
12191 2e-05
12192 2e-05
12193 2e-05
12194 2e-05
12195 2e-05
12196 2e-05
12197 2e-05
12198 2e-05
12199 2e-05
12200 2e-05
12201 2e-05
12202 2e-05
12203 2e-05
12204 2e-05
12205 2e-05
12206 2e-05
12207 2e-05
12208 2e-05
12209 2e-05
12210 2e-05
12211 2e-05
12212 2e-05
12213 2e-05
12214 2e-05
12215 2e-05
12216 2e-05
12217 2e-05
12218 2e-05
12219 2e-05
12220 2e-05
12221 2e-05
12222 2e-05
12223 2e-05
12224 2e-05
12225 2e-05
12226 2e-05
12227 2e-05
12228 2e-05
12229 2e-05
12230 2e-05
12231 2e-05
12232 2e-05
12233 2e-05
12234 2e-05
12235 2e-05
12236 2e-05
12237 2e-05
12238 2e-05
12239 2e-05
12240 2e-05
12241 2e-05
12242 2e-05
12243 2e-05
12244 2e-05
12245 2e-05
12246 2e-05
12247 2e-05
12248 2e-05
12249 2e-05
12250 2e-05
12251 2e-05
12252 2e-05
12253 2e-05
12254 2e-05
12255 2e-05
12256 2e-05
12257 2e-05
12258 2e-05
12259 2e-05
12260 2e-05
12261 2e-05
12262 2e-05
12263 2e-05
12264 2e-05
12265 2e-05
12266 2e-05
12267 2e-05
12268 2e-05
12269 2e-05
12270 2e-05
12271 2e-05
12272 2e-05
12273 2e-05
12274 2e-05
12275 2e-05
12276 2e-05
12277 2e-05
12278 2e-05
12279 2e-05
12280 2e-05
12281 2e-05
12282 2e-05
12283 2e-05
12284 2e-05
12285 2e-05
12286 2e-05
12287 2e-05
12288 2e-05
12289 2e-05
12290 2e-05
12291 2e-05
12292 2e-05
12293 2e-05
12294 2e-05
12295 2e-05
12296 2e-05
12297 2e-05
12298 2e-05
12299 2e-05
12300 2e-05
12301 2e-05
12302 2e-05
12303 2e-05
12304 2e-05
12305 2e-05
12306 2e-05
12307 2e-05
12308 2e-05
12309 2e-05
12310 2e-05
12311 2e-05
12312 2e-05
12313 2e-05
12314 2e-05
12315 2e-05
12316 2e-05
12317 2e-05
12318 2e-05
12319 2e-05
12320 2e-05
12321 2e-05
12322 2e-05
12323 2e-05
12324 2e-05
12325 2e-05
12326 2e-05
12327 2e-05
12328 2e-05
12329 2e-05
12330 2e-05
12331 2e-05
12332 2e-05
12333 2e-05
12334 2e-05
12335 2e-05
12336 2e-05
12337 2e-05
12338 2e-05
12339 2e-05
12340 2e-05
12341 2e-05
12342 2e-05
12343 2e-05
12344 2e-05
12345 2e-05
12346 2e-05
12347 2e-05
12348 2e-05
12349 2e-05
12350 2e-05
12351 2e-05
12352 2e-05
12353 2e-05
12354 2e-05
12355 2e-05
12356 2e-05
12357 2e-05
12358 2e-05
12359 2e-05
12360 2e-05
12361 2e-05
12362 2e-05
12363 2e-05
12364 2e-05
12365 2e-05
12366 2e-05
12367 2e-05
12368 2e-05
12369 2e-05
12370 2e-05
12371 2e-05
12372 2e-05
12373 2e-05
12374 2e-05
12375 2e-05
12376 2e-05
12377 2e-05
12378 2e-05
12379 2e-05
12380 2e-05
12381 2e-05
12382 2e-05
12383 2e-05
12384 2e-05
12385 2e-05
12386 2e-05
12387 2e-05
12388 2e-05
12389 2e-05
12390 2e-05
12391 2e-05
12392 2e-05
12393 2e-05
12394 2e-05
12395 2e-05
12396 2e-05
12397 2e-05
12398 2e-05
12399 2e-05
12400 2e-05
12401 2e-05
12402 2e-05
12403 2e-05
12404 2e-05
12405 2e-05
12406 2e-05
12407 2e-05
12408 2e-05
12409 2e-05
12410 2e-05
12411 2e-05
12412 2e-05
12413 2e-05
12414 2e-05
12415 2e-05
12416 2e-05
12417 2e-05
12418 2e-05
12419 2e-05
12420 2e-05
12421 2e-05
12422 2e-05
12423 2e-05
12424 2e-05
12425 2e-05
12426 2e-05
12427 2e-05
12428 2e-05
12429 2e-05
12430 2e-05
12431 2e-05
12432 2e-05
12433 2e-05
12434 2e-05
12435 2e-05
12436 2e-05
12437 2e-05
12438 2e-05
12439 2e-05
12440 2e-05
12441 2e-05
12442 2e-05
12443 2e-05
12444 2e-05
12445 2e-05
12446 2e-05
12447 2e-05
12448 2e-05
12449 2e-05
12450 2e-05
12451 2e-05
12452 2e-05
12453 2e-05
12454 2e-05
12455 2e-05
12456 2e-05
12457 2e-05
12458 2e-05
12459 2e-05
12460 2e-05
12461 2e-05
12462 2e-05
12463 2e-05
12464 2e-05
12465 2e-05
12466 2e-05
12467 2e-05
12468 2e-05
12469 2e-05
12470 2e-05
12471 2e-05
12472 2e-05
12473 2e-05
12474 2e-05
12475 2e-05
12476 2e-05
12477 2e-05
12478 2e-05
12479 2e-05
12480 2e-05
12481 2e-05
12482 2e-05
12483 2e-05
12484 2e-05
12485 2e-05
12486 2e-05
12487 2e-05
12488 2e-05
12489 2e-05
12490 2e-05
12491 2e-05
12492 2e-05
12493 2e-05
12494 2e-05
12495 2e-05
12496 2e-05
12497 2e-05
12498 2e-05
12499 2e-05
12500 2e-05
12501 2e-05
12502 2e-05
12503 2e-05
12504 2e-05
12505 2e-05
12506 2e-05
12507 2e-05
12508 2e-05
12509 2e-05
12510 2e-05
12511 2e-05
12512 2e-05
12513 2e-05
12514 2e-05
12515 2e-05
12516 2e-05
12517 2e-05
12518 2e-05
12519 2e-05
12520 2e-05
12521 2e-05
12522 2e-05
12523 2e-05
12524 2e-05
12525 2e-05
12526 2e-05
12527 2e-05
12528 2e-05
12529 2e-05
12530 2e-05
12531 2e-05
12532 2e-05
12533 2e-05
12534 2e-05
12535 2e-05
12536 2e-05
12537 2e-05
12538 2e-05
12539 2e-05
12540 2e-05
12541 2e-05
12542 2e-05
12543 2e-05
12544 2e-05
12545 2e-05
12546 2e-05
12547 2e-05
12548 2e-05
12549 2e-05
12550 2e-05
12551 2e-05
12552 2e-05
12553 2e-05
12554 2e-05
12555 2e-05
12556 2e-05
12557 2e-05
12558 2e-05
12559 2e-05
12560 2e-05
12561 2e-05
12562 2e-05
12563 2e-05
12564 2e-05
12565 2e-05
12566 2e-05
12567 2e-05
12568 2e-05
12569 2e-05
12570 2e-05
12571 2e-05
12572 2e-05
12573 2e-05
12574 2e-05
12575 2e-05
12576 2e-05
12577 2e-05
12578 2e-05
12579 2e-05
12580 2e-05
12581 2e-05
12582 2e-05
12583 2e-05
12584 2e-05
12585 2e-05
12586 2e-05
12587 2e-05
12588 2e-05
12589 2e-05
12590 2e-05
12591 2e-05
12592 2e-05
12593 2e-05
12594 2e-05
12595 2e-05
12596 2e-05
12597 2e-05
12598 2e-05
12599 2e-05
12600 2e-05
12601 2e-05
12602 2e-05
12603 2e-05
12604 2e-05
12605 2e-05
12606 2e-05
12607 2e-05
12608 2e-05
12609 2e-05
12610 2e-05
12611 2e-05
12612 2e-05
12613 2e-05
12614 2e-05
12615 2e-05
12616 2e-05
12617 2e-05
12618 2e-05
12619 2e-05
12620 2e-05
12621 2e-05
12622 2e-05
12623 2e-05
12624 2e-05
12625 2e-05
12626 2e-05
12627 2e-05
12628 2e-05
12629 2e-05
12630 2e-05
12631 2e-05
12632 2e-05
12633 2e-05
12634 2e-05
12635 2e-05
12636 2e-05
12637 2e-05
12638 2e-05
12639 2e-05
12640 2e-05
12641 2e-05
12642 2e-05
12643 2e-05
12644 2e-05
12645 2e-05
12646 2e-05
12647 2e-05
12648 2e-05
12649 2e-05
12650 2e-05
12651 2e-05
12652 2e-05
12653 2e-05
12654 2e-05
12655 2e-05
12656 2e-05
12657 2e-05
12658 2e-05
12659 2e-05
12660 2e-05
12661 2e-05
12662 2e-05
12663 2e-05
12664 2e-05
12665 2e-05
12666 2e-05
12667 2e-05
12668 2e-05
12669 2e-05
12670 2e-05
12671 2e-05
12672 2e-05
12673 2e-05
12674 2e-05
12675 2e-05
12676 2e-05
12677 2e-05
12678 2e-05
12679 2e-05
12680 2e-05
12681 2e-05
12682 2e-05
12683 2e-05
12684 2e-05
12685 2e-05
12686 2e-05
12687 2e-05
12688 2e-05
12689 2e-05
12690 2e-05
12691 2e-05
12692 2e-05
12693 2e-05
12694 2e-05
12695 2e-05
12696 2e-05
12697 2e-05
12698 2e-05
12699 2e-05
12700 2e-05
12701 2e-05
12702 2e-05
12703 2e-05
12704 2e-05
12705 2e-05
12706 2e-05
12707 2e-05
12708 2e-05
12709 2e-05
12710 2e-05
12711 2e-05
12712 2e-05
12713 2e-05
12714 2e-05
12715 2e-05
12716 2e-05
12717 2e-05
12718 2e-05
12719 2e-05
12720 2e-05
12721 2e-05
12722 2e-05
12723 2e-05
12724 2e-05
12725 2e-05
12726 2e-05
12727 2e-05
12728 2e-05
12729 2e-05
12730 2e-05
12731 2e-05
12732 2e-05
12733 2e-05
12734 2e-05
12735 2e-05
12736 2e-05
12737 2e-05
12738 2e-05
12739 2e-05
12740 2e-05
12741 2e-05
12742 2e-05
12743 2e-05
12744 2e-05
12745 2e-05
12746 2e-05
12747 2e-05
12748 2e-05
12749 2e-05
12750 2e-05
12751 2e-05
12752 2e-05
12753 2e-05
12754 2e-05
12755 2e-05
12756 2e-05
12757 2e-05
12758 2e-05
12759 2e-05
12760 2e-05
12761 2e-05
12762 2e-05
12763 2e-05
12764 2e-05
12765 2e-05
12766 2e-05
12767 2e-05
12768 2e-05
12769 2e-05
12770 2e-05
12771 2e-05
12772 2e-05
12773 2e-05
12774 2e-05
12775 2e-05
12776 2e-05
12777 2e-05
12778 2e-05
12779 2e-05
12780 2e-05
12781 2e-05
12782 2e-05
12783 2e-05
12784 2e-05
12785 2e-05
12786 2e-05
12787 2e-05
12788 2e-05
12789 2e-05
12790 2e-05
12791 2e-05
12792 2e-05
12793 2e-05
12794 2e-05
12795 2e-05
12796 2e-05
12797 2e-05
12798 2e-05
12799 2e-05
12800 2e-05
12801 2e-05
12802 2e-05
12803 2e-05
12804 2e-05
12805 2e-05
12806 2e-05
12807 2e-05
12808 2e-05
12809 2e-05
12810 2e-05
12811 2e-05
12812 2e-05
12813 2e-05
12814 2e-05
12815 2e-05
12816 2e-05
12817 2e-05
12818 2e-05
12819 2e-05
12820 2e-05
12821 2e-05
12822 2e-05
12823 2e-05
12824 2e-05
12825 2e-05
12826 2e-05
12827 2e-05
12828 2e-05
12829 2e-05
12830 2e-05
12831 2e-05
12832 2e-05
12833 2e-05
12834 2e-05
12835 2e-05
12836 2e-05
12837 2e-05
12838 2e-05
12839 2e-05
12840 2e-05
12841 2e-05
12842 2e-05
12843 2e-05
12844 2e-05
12845 2e-05
12846 2e-05
12847 2e-05
12848 2e-05
12849 2e-05
12850 2e-05
12851 2e-05
12852 2e-05
12853 2e-05
12854 2e-05
12855 2e-05
12856 2e-05
12857 2e-05
12858 2e-05
12859 2e-05
12860 2e-05
12861 2e-05
12862 2e-05
12863 2e-05
12864 2e-05
12865 2e-05
12866 2e-05
12867 2e-05
12868 2e-05
12869 2e-05
12870 2e-05
12871 2e-05
12872 2e-05
12873 2e-05
12874 2e-05
12875 2e-05
12876 2e-05
12877 2e-05
12878 2e-05
12879 2e-05
12880 2e-05
12881 2e-05
12882 2e-05
12883 2e-05
12884 2e-05
12885 2e-05
12886 2e-05
12887 2e-05
12888 2e-05
12889 2e-05
12890 2e-05
12891 2e-05
12892 2e-05
12893 2e-05
12894 2e-05
12895 2e-05
12896 2e-05
12897 2e-05
12898 2e-05
12899 2e-05
12900 2e-05
12901 2e-05
12902 2e-05
12903 2e-05
12904 2e-05
12905 2e-05
12906 2e-05
12907 2e-05
12908 2e-05
12909 2e-05
12910 2e-05
12911 2e-05
12912 2e-05
12913 2e-05
12914 2e-05
12915 2e-05
12916 2e-05
12917 2e-05
12918 2e-05
12919 2e-05
12920 2e-05
12921 2e-05
12922 2e-05
12923 2e-05
12924 2e-05
12925 2e-05
12926 2e-05
12927 2e-05
12928 2e-05
12929 2e-05
12930 2e-05
12931 2e-05
12932 2e-05
12933 2e-05
12934 2e-05
12935 2e-05
12936 2e-05
12937 2e-05
12938 2e-05
12939 2e-05
12940 2e-05
12941 2e-05
12942 2e-05
12943 2e-05
12944 2e-05
12945 2e-05
12946 2e-05
12947 2e-05
12948 2e-05
12949 2e-05
12950 2e-05
12951 2e-05
12952 2e-05
12953 2e-05
12954 2e-05
12955 2e-05
12956 2e-05
12957 2e-05
12958 2e-05
12959 2e-05
12960 2e-05
12961 2e-05
12962 2e-05
12963 2e-05
12964 2e-05
12965 2e-05
12966 2e-05
12967 2e-05
12968 2e-05
12969 2e-05
12970 2e-05
12971 2e-05
12972 2e-05
12973 2e-05
12974 2e-05
12975 2e-05
12976 2e-05
12977 2e-05
12978 2e-05
12979 2e-05
12980 2e-05
12981 2e-05
12982 2e-05
12983 2e-05
12984 2e-05
12985 2e-05
12986 2e-05
12987 2e-05
12988 2e-05
12989 2e-05
12990 2e-05
12991 2e-05
12992 2e-05
12993 2e-05
12994 2e-05
12995 2e-05
12996 2e-05
12997 2e-05
12998 2e-05
12999 2e-05
13000 2e-05
13001 2e-05
13002 2e-05
13003 2e-05
13004 2e-05
13005 2e-05
13006 2e-05
13007 2e-05
13008 2e-05
13009 2e-05
13010 2e-05
13011 2e-05
13012 2e-05
13013 2e-05
13014 2e-05
13015 2e-05
13016 2e-05
13017 2e-05
13018 2e-05
13019 2e-05
13020 2e-05
13021 2e-05
13022 2e-05
13023 2e-05
13024 2e-05
13025 2e-05
13026 2e-05
13027 2e-05
13028 2e-05
13029 2e-05
13030 2e-05
13031 2e-05
13032 2e-05
13033 2e-05
13034 2e-05
13035 2e-05
13036 2e-05
13037 2e-05
13038 2e-05
13039 2e-05
13040 2e-05
13041 2e-05
13042 2e-05
13043 2e-05
13044 2e-05
13045 2e-05
13046 2e-05
13047 2e-05
13048 2e-05
13049 2e-05
13050 2e-05
13051 2e-05
13052 2e-05
13053 2e-05
13054 2e-05
13055 2e-05
13056 2e-05
13057 2e-05
13058 2e-05
13059 2e-05
13060 2e-05
13061 2e-05
13062 2e-05
13063 2e-05
13064 2e-05
13065 2e-05
13066 2e-05
13067 2e-05
13068 2e-05
13069 2e-05
13070 2e-05
13071 2e-05
13072 2e-05
13073 2e-05
13074 2e-05
13075 2e-05
13076 2e-05
13077 2e-05
13078 2e-05
13079 2e-05
13080 2e-05
13081 2e-05
13082 2e-05
13083 2e-05
13084 2e-05
13085 2e-05
13086 2e-05
13087 2e-05
13088 2e-05
13089 2e-05
13090 2e-05
13091 2e-05
13092 2e-05
13093 2e-05
13094 2e-05
13095 2e-05
13096 2e-05
13097 2e-05
13098 2e-05
13099 2e-05
13100 2e-05
13101 2e-05
13102 2e-05
13103 2e-05
13104 2e-05
13105 2e-05
13106 2e-05
13107 2e-05
13108 2e-05
13109 2e-05
13110 2e-05
13111 2e-05
13112 2e-05
13113 2e-05
13114 2e-05
13115 2e-05
13116 2e-05
13117 2e-05
13118 2e-05
13119 2e-05
13120 2e-05
13121 2e-05
13122 2e-05
13123 2e-05
13124 2e-05
13125 2e-05
13126 2e-05
13127 2e-05
13128 2e-05
13129 2e-05
13130 2e-05
13131 2e-05
13132 2e-05
13133 2e-05
13134 2e-05
13135 2e-05
13136 2e-05
13137 2e-05
13138 2e-05
13139 2e-05
13140 2e-05
13141 2e-05
13142 2e-05
13143 2e-05
13144 2e-05
13145 2e-05
13146 2e-05
13147 2e-05
13148 2e-05
13149 2e-05
13150 2e-05
13151 2e-05
13152 2e-05
13153 2e-05
13154 2e-05
13155 2e-05
13156 2e-05
13157 2e-05
13158 2e-05
13159 2e-05
13160 2e-05
13161 2e-05
13162 2e-05
13163 2e-05
13164 2e-05
13165 2e-05
13166 2e-05
13167 2e-05
13168 2e-05
13169 2e-05
13170 2e-05
13171 2e-05
13172 2e-05
13173 2e-05
13174 2e-05
13175 2e-05
13176 2e-05
13177 2e-05
13178 2e-05
13179 2e-05
13180 2e-05
13181 2e-05
13182 2e-05
13183 2e-05
13184 2e-05
13185 2e-05
13186 2e-05
13187 2e-05
13188 2e-05
13189 2e-05
13190 2e-05
13191 2e-05
13192 2e-05
13193 2e-05
13194 2e-05
13195 2e-05
13196 2e-05
13197 2e-05
13198 2e-05
13199 2e-05
13200 2e-05
13201 2e-05
13202 2e-05
13203 2e-05
13204 2e-05
13205 2e-05
13206 2e-05
13207 2e-05
13208 2e-05
13209 2e-05
13210 2e-05
13211 2e-05
13212 2e-05
13213 2e-05
13214 2e-05
13215 2e-05
13216 2e-05
13217 2e-05
13218 2e-05
13219 2e-05
13220 2e-05
13221 2e-05
13222 2e-05
13223 2e-05
13224 2e-05
13225 2e-05
13226 2e-05
13227 2e-05
13228 2e-05
13229 2e-05
13230 2e-05
13231 2e-05
13232 2e-05
13233 2e-05
13234 2e-05
13235 2e-05
13236 2e-05
13237 2e-05
13238 2e-05
13239 2e-05
13240 2e-05
13241 2e-05
13242 2e-05
13243 2e-05
13244 2e-05
13245 2e-05
13246 2e-05
13247 2e-05
13248 2e-05
13249 2e-05
13250 2e-05
13251 2e-05
13252 2e-05
13253 2e-05
13254 2e-05
13255 2e-05
13256 2e-05
13257 2e-05
13258 2e-05
13259 2e-05
13260 2e-05
13261 2e-05
13262 2e-05
13263 2e-05
13264 2e-05
13265 2e-05
13266 2e-05
13267 2e-05
13268 2e-05
13269 2e-05
13270 2e-05
13271 2e-05
13272 2e-05
13273 2e-05
13274 2e-05
13275 2e-05
13276 2e-05
13277 2e-05
13278 2e-05
13279 2e-05
13280 2e-05
13281 2e-05
13282 2e-05
13283 2e-05
13284 2e-05
13285 2e-05
13286 2e-05
13287 2e-05
13288 2e-05
13289 2e-05
13290 2e-05
13291 2e-05
13292 2e-05
13293 2e-05
13294 2e-05
13295 2e-05
13296 2e-05
13297 2e-05
13298 2e-05
13299 2e-05
13300 2e-05
13301 2e-05
13302 2e-05
13303 2e-05
13304 2e-05
13305 2e-05
13306 2e-05
13307 2e-05
13308 2e-05
13309 2e-05
13310 2e-05
13311 2e-05
13312 2e-05
13313 2e-05
13314 2e-05
13315 2e-05
13316 2e-05
13317 2e-05
13318 2e-05
13319 2e-05
13320 2e-05
13321 2e-05
13322 2e-05
13323 2e-05
13324 2e-05
13325 2e-05
13326 2e-05
13327 2e-05
13328 2e-05
13329 2e-05
13330 2e-05
13331 2e-05
13332 2e-05
13333 2e-05
13334 2e-05
13335 2e-05
13336 2e-05
13337 2e-05
13338 2e-05
13339 2e-05
13340 2e-05
13341 2e-05
13342 2e-05
13343 2e-05
13344 2e-05
13345 2e-05
13346 2e-05
13347 2e-05
13348 2e-05
13349 2e-05
13350 2e-05
13351 2e-05
13352 2e-05
13353 2e-05
13354 2e-05
13355 2e-05
13356 2e-05
13357 2e-05
13358 2e-05
13359 2e-05
13360 2e-05
13361 2e-05
13362 2e-05
13363 2e-05
13364 2e-05
13365 2e-05
13366 2e-05
13367 2e-05
13368 2e-05
13369 2e-05
13370 2e-05
13371 2e-05
13372 2e-05
13373 2e-05
13374 2e-05
13375 2e-05
13376 2e-05
13377 2e-05
13378 2e-05
13379 2e-05
13380 2e-05
13381 2e-05
13382 2e-05
13383 2e-05
13384 2e-05
13385 2e-05
13386 2e-05
13387 2e-05
13388 2e-05
13389 2e-05
13390 2e-05
13391 2e-05
13392 2e-05
13393 2e-05
13394 2e-05
13395 2e-05
13396 2e-05
13397 2e-05
13398 2e-05
13399 2e-05
13400 2e-05
13401 2e-05
13402 2e-05
13403 2e-05
13404 2e-05
13405 2e-05
13406 2e-05
13407 2e-05
13408 2e-05
13409 2e-05
13410 2e-05
13411 2e-05
13412 2e-05
13413 2e-05
13414 2e-05
13415 2e-05
13416 2e-05
13417 2e-05
13418 2e-05
13419 2e-05
13420 2e-05
13421 2e-05
13422 2e-05
13423 2e-05
13424 2e-05
13425 2e-05
13426 2e-05
13427 2e-05
13428 2e-05
13429 2e-05
13430 2e-05
13431 2e-05
13432 2e-05
13433 2e-05
13434 2e-05
13435 2e-05
13436 2e-05
13437 2e-05
13438 2e-05
13439 2e-05
13440 2e-05
13441 2e-05
13442 2e-05
13443 2e-05
13444 2e-05
13445 2e-05
13446 2e-05
13447 2e-05
13448 2e-05
13449 2e-05
13450 2e-05
13451 2e-05
13452 2e-05
13453 2e-05
13454 2e-05
13455 2e-05
13456 2e-05
13457 2e-05
13458 2e-05
13459 2e-05
13460 2e-05
13461 2e-05
13462 2e-05
13463 2e-05
13464 2e-05
13465 2e-05
13466 2e-05
13467 2e-05
13468 2e-05
13469 2e-05
13470 2e-05
13471 2e-05
13472 2e-05
13473 2e-05
13474 2e-05
13475 2e-05
13476 2e-05
13477 2e-05
13478 2e-05
13479 2e-05
13480 2e-05
13481 2e-05
13482 2e-05
13483 2e-05
13484 2e-05
13485 2e-05
13486 2e-05
13487 2e-05
13488 2e-05
13489 2e-05
13490 2e-05
13491 2e-05
13492 2e-05
13493 2e-05
13494 2e-05
13495 2e-05
13496 2e-05
13497 2e-05
13498 2e-05
13499 2e-05
13500 2e-05
13501 2e-05
13502 2e-05
13503 2e-05
13504 2e-05
13505 2e-05
13506 2e-05
13507 2e-05
13508 2e-05
13509 2e-05
13510 2e-05
13511 2e-05
13512 2e-05
13513 2e-05
13514 2e-05
13515 2e-05
13516 2e-05
13517 2e-05
13518 2e-05
13519 2e-05
13520 2e-05
13521 2e-05
13522 2e-05
13523 2e-05
13524 2e-05
13525 2e-05
13526 2e-05
13527 2e-05
13528 2e-05
13529 2e-05
13530 2e-05
13531 2e-05
13532 2e-05
13533 2e-05
13534 2e-05
13535 2e-05
13536 2e-05
13537 2e-05
13538 2e-05
13539 2e-05
13540 2e-05
13541 2e-05
13542 2e-05
13543 2e-05
13544 2e-05
13545 2e-05
13546 2e-05
13547 2e-05
13548 2e-05
13549 2e-05
13550 2e-05
13551 2e-05
13552 2e-05
13553 2e-05
13554 2e-05
13555 2e-05
13556 2e-05
13557 2e-05
13558 2e-05
13559 2e-05
13560 2e-05
13561 2e-05
13562 2e-05
13563 2e-05
13564 2e-05
13565 2e-05
13566 2e-05
13567 2e-05
13568 2e-05
13569 2e-05
13570 2e-05
13571 2e-05
13572 2e-05
13573 2e-05
13574 2e-05
13575 2e-05
13576 2e-05
13577 2e-05
13578 2e-05
13579 2e-05
13580 2e-05
13581 2e-05
13582 2e-05
13583 2e-05
13584 2e-05
13585 2e-05
13586 2e-05
13587 2e-05
13588 2e-05
13589 2e-05
13590 2e-05
13591 2e-05
13592 2e-05
13593 2e-05
13594 2e-05
13595 2e-05
13596 2e-05
13597 2e-05
13598 2e-05
13599 2e-05
13600 2e-05
13601 2e-05
13602 2e-05
13603 2e-05
13604 2e-05
13605 2e-05
13606 2e-05
13607 2e-05
13608 2e-05
13609 2e-05
13610 2e-05
13611 2e-05
13612 2e-05
13613 2e-05
13614 2e-05
13615 2e-05
13616 2e-05
13617 2e-05
13618 2e-05
13619 2e-05
13620 2e-05
13621 2e-05
13622 2e-05
13623 2e-05
13624 2e-05
13625 2e-05
13626 2e-05
13627 2e-05
13628 2e-05
13629 2e-05
13630 2e-05
13631 2e-05
13632 2e-05
13633 2e-05
13634 2e-05
13635 2e-05
13636 2e-05
13637 2e-05
13638 2e-05
13639 2e-05
13640 2e-05
13641 2e-05
13642 2e-05
13643 2e-05
13644 2e-05
13645 2e-05
13646 2e-05
13647 2e-05
13648 2e-05
13649 2e-05
13650 2e-05
13651 2e-05
13652 2e-05
13653 2e-05
13654 2e-05
13655 2e-05
13656 2e-05
13657 2e-05
13658 2e-05
13659 2e-05
13660 2e-05
13661 2e-05
13662 2e-05
13663 2e-05
13664 2e-05
13665 2e-05
13666 2e-05
13667 2e-05
13668 2e-05
13669 2e-05
13670 2e-05
13671 2e-05
13672 2e-05
13673 2e-05
13674 2e-05
13675 2e-05
13676 2e-05
13677 2e-05
13678 2e-05
13679 2e-05
13680 2e-05
13681 2e-05
13682 2e-05
13683 2e-05
13684 2e-05
13685 2e-05
13686 2e-05
13687 2e-05
13688 2e-05
13689 2e-05
13690 2e-05
13691 2e-05
13692 2e-05
13693 2e-05
13694 2e-05
13695 2e-05
13696 2e-05
13697 2e-05
13698 2e-05
13699 2e-05
13700 2e-05
13701 2e-05
13702 2e-05
13703 2e-05
13704 2e-05
13705 2e-05
13706 2e-05
13707 2e-05
13708 2e-05
13709 2e-05
13710 2e-05
13711 2e-05
13712 2e-05
13713 2e-05
13714 2e-05
13715 2e-05
13716 2e-05
13717 2e-05
13718 2e-05
13719 2e-05
13720 2e-05
13721 2e-05
13722 2e-05
13723 2e-05
13724 2e-05
13725 2e-05
13726 2e-05
13727 2e-05
13728 2e-05
13729 2e-05
13730 2e-05
13731 2e-05
13732 2e-05
13733 2e-05
13734 2e-05
13735 2e-05
13736 2e-05
13737 2e-05
13738 2e-05
13739 2e-05
13740 2e-05
13741 2e-05
13742 2e-05
13743 2e-05
13744 2e-05
13745 2e-05
13746 2e-05
13747 2e-05
13748 2e-05
13749 2e-05
13750 2e-05
13751 2e-05
13752 2e-05
13753 2e-05
13754 2e-05
13755 2e-05
13756 2e-05
13757 2e-05
13758 2e-05
13759 2e-05
13760 2e-05
13761 2e-05
13762 2e-05
13763 2e-05
13764 2e-05
13765 2e-05
13766 2e-05
13767 2e-05
13768 2e-05
13769 2e-05
13770 2e-05
13771 2e-05
13772 2e-05
13773 2e-05
13774 2e-05
13775 2e-05
13776 2e-05
13777 2e-05
13778 2e-05
13779 2e-05
13780 2e-05
13781 2e-05
13782 2e-05
13783 2e-05
13784 2e-05
13785 2e-05
13786 2e-05
13787 2e-05
13788 2e-05
13789 2e-05
13790 2e-05
13791 2e-05
13792 2e-05
13793 2e-05
13794 2e-05
13795 2e-05
13796 2e-05
13797 2e-05
13798 2e-05
13799 2e-05
13800 2e-05
13801 2e-05
13802 2e-05
13803 2e-05
13804 2e-05
13805 2e-05
13806 2e-05
13807 2e-05
13808 2e-05
13809 2e-05
13810 2e-05
13811 2e-05
13812 2e-05
13813 2e-05
13814 2e-05
13815 2e-05
13816 2e-05
13817 2e-05
13818 2e-05
13819 2e-05
13820 2e-05
13821 2e-05
13822 2e-05
13823 2e-05
13824 2e-05
13825 2e-05
13826 2e-05
13827 2e-05
13828 2e-05
13829 2e-05
13830 2e-05
13831 2e-05
13832 2e-05
13833 2e-05
13834 2e-05
13835 2e-05
13836 2e-05
13837 2e-05
13838 2e-05
13839 2e-05
13840 2e-05
13841 2e-05
13842 2e-05
13843 2e-05
13844 2e-05
13845 2e-05
13846 2e-05
13847 2e-05
13848 2e-05
13849 2e-05
13850 2e-05
13851 2e-05
13852 2e-05
13853 2e-05
13854 2e-05
13855 2e-05
13856 2e-05
13857 2e-05
13858 2e-05
13859 2e-05
13860 2e-05
13861 2e-05
13862 2e-05
13863 2e-05
13864 2e-05
13865 2e-05
13866 2e-05
13867 2e-05
13868 2e-05
13869 2e-05
13870 2e-05
13871 2e-05
13872 2e-05
13873 2e-05
13874 2e-05
13875 2e-05
13876 2e-05
13877 2e-05
13878 2e-05
13879 2e-05
13880 2e-05
13881 2e-05
13882 2e-05
13883 2e-05
13884 2e-05
13885 2e-05
13886 2e-05
13887 2e-05
13888 2e-05
13889 2e-05
13890 2e-05
13891 2e-05
13892 2e-05
13893 2e-05
13894 2e-05
13895 2e-05
13896 2e-05
13897 2e-05
13898 2e-05
13899 2e-05
13900 2e-05
13901 2e-05
13902 2e-05
13903 2e-05
13904 2e-05
13905 2e-05
13906 2e-05
13907 2e-05
13908 2e-05
13909 2e-05
13910 2e-05
13911 2e-05
13912 2e-05
13913 2e-05
13914 2e-05
13915 2e-05
13916 2e-05
13917 2e-05
13918 2e-05
13919 2e-05
13920 2e-05
13921 2e-05
13922 2e-05
13923 2e-05
13924 2e-05
13925 2e-05
13926 2e-05
13927 2e-05
13928 2e-05
13929 2e-05
13930 2e-05
13931 2e-05
13932 2e-05
13933 2e-05
13934 2e-05
13935 2e-05
13936 2e-05
13937 2e-05
13938 2e-05
13939 2e-05
13940 2e-05
13941 2e-05
13942 2e-05
13943 2e-05
13944 2e-05
13945 2e-05
13946 2e-05
13947 2e-05
13948 2e-05
13949 2e-05
13950 2e-05
13951 2e-05
13952 2e-05
13953 2e-05
13954 2e-05
13955 2e-05
13956 2e-05
13957 2e-05
13958 2e-05
13959 2e-05
13960 2e-05
13961 2e-05
13962 2e-05
13963 2e-05
13964 2e-05
13965 2e-05
13966 2e-05
13967 2e-05
13968 2e-05
13969 2e-05
13970 2e-05
13971 2e-05
13972 2e-05
13973 2e-05
13974 2e-05
13975 2e-05
13976 2e-05
13977 2e-05
13978 2e-05
13979 2e-05
13980 2e-05
13981 2e-05
13982 2e-05
13983 2e-05
13984 2e-05
13985 2e-05
13986 2e-05
13987 2e-05
13988 2e-05
13989 2e-05
13990 2e-05
13991 2e-05
13992 2e-05
13993 2e-05
13994 2e-05
13995 2e-05
13996 2e-05
13997 2e-05
13998 2e-05
13999 2e-05
14000 2e-05
14001 2e-05
14002 2e-05
14003 2e-05
14004 2e-05
14005 2e-05
14006 2e-05
14007 2e-05
14008 2e-05
14009 2e-05
14010 2e-05
14011 2e-05
14012 2e-05
14013 2e-05
14014 2e-05
14015 2e-05
14016 2e-05
14017 2e-05
14018 2e-05
14019 2e-05
14020 2e-05
14021 2e-05
14022 2e-05
14023 2e-05
14024 2e-05
14025 2e-05
14026 2e-05
14027 2e-05
14028 2e-05
14029 2e-05
14030 2e-05
14031 2e-05
14032 2e-05
14033 2e-05
14034 2e-05
14035 2e-05
14036 2e-05
14037 2e-05
14038 2e-05
14039 2e-05
14040 2e-05
14041 2e-05
14042 2e-05
14043 2e-05
14044 2e-05
14045 2e-05
14046 2e-05
14047 2e-05
14048 2e-05
14049 2e-05
14050 2e-05
14051 2e-05
14052 2e-05
14053 2e-05
14054 2e-05
14055 2e-05
14056 2e-05
14057 2e-05
14058 2e-05
14059 2e-05
14060 2e-05
14061 2e-05
14062 2e-05
14063 2e-05
14064 2e-05
14065 2e-05
14066 2e-05
14067 2e-05
14068 2e-05
14069 2e-05
14070 2e-05
14071 2e-05
14072 2e-05
14073 2e-05
14074 2e-05
14075 2e-05
14076 2e-05
14077 2e-05
14078 2e-05
14079 2e-05
14080 2e-05
14081 2e-05
14082 2e-05
14083 2e-05
14084 2e-05
14085 2e-05
14086 2e-05
14087 2e-05
14088 2e-05
14089 2e-05
14090 2e-05
14091 2e-05
14092 2e-05
14093 2e-05
14094 2e-05
14095 2e-05
14096 2e-05
14097 2e-05
14098 2e-05
14099 2e-05
14100 2e-05
14101 2e-05
14102 2e-05
14103 2e-05
14104 2e-05
14105 2e-05
14106 2e-05
14107 2e-05
14108 2e-05
14109 2e-05
14110 2e-05
14111 2e-05
14112 2e-05
14113 2e-05
14114 2e-05
14115 2e-05
14116 2e-05
14117 2e-05
14118 2e-05
14119 2e-05
14120 2e-05
14121 2e-05
14122 2e-05
14123 2e-05
14124 2e-05
14125 2e-05
14126 2e-05
14127 2e-05
14128 2e-05
14129 2e-05
14130 2e-05
14131 2e-05
14132 2e-05
14133 2e-05
14134 2e-05
14135 2e-05
14136 2e-05
14137 2e-05
14138 2e-05
14139 2e-05
14140 2e-05
14141 2e-05
14142 2e-05
14143 2e-05
14144 2e-05
14145 2e-05
14146 2e-05
14147 2e-05
14148 2e-05
14149 2e-05
14150 2e-05
14151 2e-05
14152 2e-05
14153 2e-05
14154 2e-05
14155 2e-05
14156 2e-05
14157 2e-05
14158 2e-05
14159 2e-05
14160 2e-05
14161 2e-05
14162 2e-05
14163 2e-05
14164 2e-05
14165 2e-05
14166 2e-05
14167 2e-05
14168 2e-05
14169 2e-05
14170 2e-05
14171 2e-05
14172 2e-05
14173 2e-05
14174 2e-05
14175 2e-05
14176 2e-05
14177 2e-05
14178 2e-05
14179 2e-05
14180 2e-05
14181 2e-05
14182 2e-05
14183 2e-05
14184 2e-05
14185 2e-05
14186 2e-05
14187 2e-05
14188 2e-05
14189 2e-05
14190 2e-05
14191 2e-05
14192 2e-05
14193 2e-05
14194 2e-05
14195 2e-05
14196 2e-05
14197 2e-05
14198 2e-05
14199 2e-05
14200 2e-05
14201 2e-05
14202 2e-05
14203 2e-05
14204 2e-05
14205 2e-05
14206 2e-05
14207 2e-05
14208 2e-05
14209 2e-05
14210 2e-05
14211 2e-05
14212 2e-05
14213 2e-05
14214 2e-05
14215 2e-05
14216 2e-05
14217 2e-05
14218 2e-05
14219 2e-05
14220 2e-05
14221 2e-05
14222 2e-05
14223 2e-05
14224 2e-05
14225 2e-05
14226 2e-05
14227 2e-05
14228 2e-05
14229 2e-05
14230 2e-05
14231 2e-05
14232 2e-05
14233 2e-05
14234 2e-05
14235 2e-05
14236 2e-05
14237 2e-05
14238 2e-05
14239 2e-05
14240 2e-05
14241 2e-05
14242 2e-05
14243 2e-05
14244 2e-05
14245 2e-05
14246 2e-05
14247 2e-05
14248 2e-05
14249 2e-05
14250 2e-05
14251 2e-05
14252 2e-05
14253 2e-05
14254 2e-05
14255 2e-05
14256 2e-05
14257 2e-05
14258 2e-05
14259 2e-05
14260 2e-05
14261 2e-05
14262 2e-05
14263 2e-05
14264 2e-05
14265 2e-05
14266 2e-05
14267 2e-05
14268 2e-05
14269 2e-05
14270 2e-05
14271 2e-05
14272 2e-05
14273 2e-05
14274 2e-05
14275 2e-05
14276 2e-05
14277 2e-05
14278 2e-05
14279 2e-05
14280 2e-05
14281 2e-05
14282 2e-05
14283 2e-05
14284 2e-05
14285 2e-05
14286 2e-05
14287 2e-05
14288 2e-05
14289 2e-05
14290 2e-05
14291 2e-05
14292 2e-05
14293 2e-05
14294 2e-05
14295 2e-05
14296 2e-05
14297 2e-05
14298 2e-05
14299 2e-05
14300 2e-05
14301 2e-05
14302 2e-05
14303 2e-05
14304 2e-05
14305 2e-05
14306 2e-05
14307 2e-05
14308 2e-05
14309 2e-05
14310 2e-05
14311 2e-05
14312 2e-05
14313 2e-05
14314 2e-05
14315 2e-05
14316 2e-05
14317 2e-05
14318 2e-05
14319 2e-05
14320 2e-05
14321 2e-05
14322 2e-05
14323 2e-05
14324 2e-05
14325 2e-05
14326 2e-05
14327 2e-05
14328 2e-05
14329 2e-05
14330 2e-05
14331 2e-05
14332 2e-05
14333 2e-05
14334 2e-05
14335 2e-05
14336 2e-05
14337 2e-05
14338 2e-05
14339 2e-05
14340 2e-05
14341 2e-05
14342 2e-05
14343 2e-05
14344 2e-05
14345 2e-05
14346 2e-05
14347 2e-05
14348 2e-05
14349 2e-05
14350 2e-05
14351 2e-05
14352 2e-05
14353 2e-05
14354 2e-05
14355 2e-05
14356 2e-05
14357 2e-05
14358 2e-05
14359 2e-05
14360 2e-05
14361 2e-05
14362 2e-05
14363 2e-05
14364 2e-05
14365 2e-05
14366 2e-05
14367 2e-05
14368 2e-05
14369 2e-05
14370 2e-05
14371 2e-05
14372 2e-05
14373 2e-05
14374 2e-05
14375 2e-05
14376 2e-05
14377 2e-05
14378 2e-05
14379 2e-05
14380 2e-05
14381 2e-05
14382 2e-05
14383 2e-05
14384 2e-05
14385 2e-05
14386 2e-05
14387 2e-05
14388 2e-05
14389 2e-05
14390 2e-05
14391 2e-05
14392 2e-05
14393 2e-05
14394 2e-05
14395 2e-05
14396 2e-05
14397 2e-05
14398 2e-05
14399 2e-05
14400 2e-05
14401 2e-05
14402 2e-05
14403 2e-05
14404 2e-05
14405 2e-05
14406 2e-05
14407 2e-05
14408 2e-05
14409 2e-05
14410 2e-05
14411 2e-05
14412 2e-05
14413 2e-05
14414 2e-05
14415 2e-05
14416 2e-05
14417 2e-05
14418 2e-05
14419 2e-05
14420 2e-05
14421 2e-05
14422 2e-05
14423 2e-05
14424 2e-05
14425 2e-05
14426 2e-05
14427 2e-05
14428 2e-05
14429 2e-05
14430 2e-05
14431 2e-05
14432 2e-05
14433 2e-05
14434 2e-05
14435 2e-05
14436 2e-05
14437 2e-05
14438 2e-05
14439 2e-05
14440 2e-05
14441 2e-05
14442 2e-05
14443 2e-05
14444 2e-05
14445 2e-05
14446 2e-05
14447 2e-05
14448 2e-05
14449 2e-05
14450 2e-05
14451 2e-05
14452 2e-05
14453 2e-05
14454 2e-05
14455 2e-05
14456 2e-05
14457 2e-05
14458 2e-05
14459 2e-05
14460 2e-05
14461 2e-05
14462 2e-05
14463 2e-05
14464 2e-05
14465 2e-05
14466 2e-05
14467 2e-05
14468 2e-05
14469 2e-05
14470 2e-05
14471 2e-05
14472 2e-05
14473 2e-05
14474 2e-05
14475 2e-05
14476 2e-05
14477 2e-05
14478 2e-05
14479 2e-05
14480 2e-05
14481 2e-05
14482 2e-05
14483 2e-05
14484 2e-05
14485 2e-05
14486 2e-05
14487 2e-05
14488 2e-05
14489 2e-05
14490 2e-05
14491 2e-05
14492 2e-05
14493 2e-05
14494 2e-05
14495 2e-05
14496 2e-05
14497 2e-05
14498 2e-05
14499 2e-05
14500 2e-05
14501 2e-05
14502 2e-05
14503 2e-05
14504 2e-05
14505 2e-05
14506 2e-05
14507 2e-05
14508 2e-05
14509 2e-05
14510 2e-05
14511 2e-05
14512 2e-05
14513 2e-05
14514 2e-05
14515 2e-05
14516 2e-05
14517 2e-05
14518 2e-05
14519 2e-05
14520 2e-05
14521 2e-05
14522 2e-05
14523 2e-05
14524 2e-05
14525 2e-05
14526 2e-05
14527 2e-05
14528 2e-05
14529 2e-05
14530 2e-05
14531 2e-05
14532 2e-05
14533 2e-05
14534 2e-05
14535 2e-05
14536 2e-05
14537 2e-05
14538 2e-05
14539 2e-05
14540 2e-05
14541 2e-05
14542 2e-05
14543 2e-05
14544 2e-05
14545 2e-05
14546 2e-05
14547 2e-05
14548 2e-05
14549 2e-05
14550 2e-05
14551 2e-05
14552 2e-05
14553 2e-05
14554 2e-05
14555 2e-05
14556 2e-05
14557 2e-05
14558 2e-05
14559 2e-05
14560 2e-05
14561 2e-05
14562 2e-05
14563 2e-05
14564 2e-05
14565 2e-05
14566 2e-05
14567 2e-05
14568 2e-05
14569 2e-05
14570 2e-05
14571 2e-05
14572 2e-05
14573 2e-05
14574 2e-05
14575 2e-05
14576 2e-05
14577 2e-05
14578 2e-05
14579 2e-05
14580 2e-05
14581 2e-05
14582 2e-05
14583 2e-05
14584 2e-05
14585 2e-05
14586 2e-05
14587 2e-05
14588 2e-05
14589 2e-05
14590 2e-05
14591 2e-05
14592 2e-05
14593 2e-05
14594 2e-05
14595 2e-05
14596 2e-05
14597 2e-05
14598 2e-05
14599 2e-05
14600 2e-05
14601 2e-05
14602 2e-05
14603 2e-05
14604 2e-05
14605 2e-05
14606 2e-05
14607 2e-05
14608 2e-05
14609 2e-05
14610 2e-05
14611 2e-05
14612 2e-05
14613 2e-05
14614 2e-05
14615 2e-05
14616 2e-05
14617 2e-05
14618 2e-05
14619 2e-05
14620 2e-05
14621 2e-05
14622 2e-05
14623 2e-05
14624 2e-05
14625 2e-05
14626 2e-05
14627 2e-05
14628 2e-05
14629 2e-05
14630 2e-05
14631 2e-05
14632 2e-05
14633 2e-05
14634 2e-05
14635 2e-05
14636 2e-05
14637 2e-05
14638 2e-05
14639 2e-05
14640 2e-05
14641 2e-05
14642 2e-05
14643 2e-05
14644 2e-05
14645 2e-05
14646 2e-05
14647 2e-05
14648 2e-05
14649 2e-05
14650 2e-05
14651 2e-05
14652 2e-05
14653 2e-05
14654 2e-05
14655 2e-05
14656 2e-05
14657 2e-05
14658 2e-05
14659 2e-05
14660 2e-05
14661 2e-05
14662 2e-05
14663 2e-05
14664 2e-05
14665 2e-05
14666 2e-05
14667 2e-05
14668 2e-05
14669 2e-05
14670 2e-05
14671 2e-05
14672 2e-05
14673 2e-05
14674 2e-05
14675 2e-05
14676 2e-05
14677 2e-05
14678 2e-05
14679 2e-05
14680 2e-05
14681 2e-05
14682 2e-05
14683 2e-05
14684 2e-05
14685 2e-05
14686 2e-05
14687 2e-05
14688 2e-05
14689 2e-05
14690 2e-05
14691 2e-05
14692 2e-05
14693 2e-05
14694 2e-05
14695 2e-05
14696 2e-05
14697 2e-05
14698 2e-05
14699 2e-05
14700 2e-05
14701 2e-05
14702 2e-05
14703 2e-05
14704 2e-05
14705 2e-05
14706 2e-05
14707 2e-05
14708 2e-05
14709 2e-05
14710 2e-05
14711 2e-05
14712 2e-05
14713 2e-05
14714 2e-05
14715 2e-05
14716 2e-05
14717 2e-05
14718 2e-05
14719 2e-05
14720 2e-05
14721 2e-05
14722 2e-05
14723 2e-05
14724 2e-05
14725 2e-05
14726 2e-05
14727 2e-05
14728 2e-05
14729 2e-05
14730 2e-05
14731 2e-05
14732 2e-05
14733 2e-05
14734 2e-05
14735 2e-05
14736 2e-05
14737 2e-05
14738 2e-05
14739 2e-05
14740 2e-05
14741 2e-05
14742 2e-05
14743 2e-05
14744 2e-05
14745 2e-05
14746 2e-05
14747 2e-05
14748 2e-05
14749 2e-05
14750 2e-05
14751 2e-05
14752 2e-05
14753 2e-05
14754 2e-05
14755 2e-05
14756 2e-05
14757 2e-05
14758 2e-05
14759 2e-05
14760 2e-05
14761 2e-05
14762 2e-05
14763 2e-05
14764 2e-05
14765 2e-05
14766 2e-05
14767 2e-05
14768 2e-05
14769 2e-05
14770 2e-05
14771 2e-05
14772 2e-05
14773 2e-05
14774 2e-05
14775 2e-05
14776 2e-05
14777 2e-05
14778 2e-05
14779 2e-05
14780 2e-05
14781 2e-05
14782 2e-05
14783 2e-05
14784 2e-05
14785 2e-05
14786 2e-05
14787 2e-05
14788 2e-05
14789 2e-05
14790 2e-05
14791 2e-05
14792 2e-05
14793 2e-05
14794 2e-05
14795 2e-05
14796 2e-05
14797 2e-05
14798 2e-05
14799 2e-05
14800 2e-05
14801 2e-05
14802 2e-05
14803 2e-05
14804 2e-05
14805 2e-05
14806 2e-05
14807 2e-05
14808 2e-05
14809 2e-05
14810 2e-05
14811 2e-05
14812 2e-05
14813 2e-05
14814 2e-05
14815 2e-05
14816 2e-05
14817 2e-05
14818 2e-05
14819 2e-05
14820 2e-05
14821 2e-05
14822 2e-05
14823 2e-05
14824 2e-05
14825 2e-05
14826 2e-05
14827 2e-05
14828 2e-05
14829 2e-05
14830 2e-05
14831 2e-05
14832 2e-05
14833 2e-05
14834 2e-05
14835 2e-05
14836 2e-05
14837 2e-05
14838 2e-05
14839 2e-05
14840 2e-05
14841 2e-05
14842 2e-05
14843 2e-05
14844 2e-05
14845 2e-05
14846 2e-05
14847 2e-05
14848 2e-05
14849 2e-05
14850 2e-05
14851 2e-05
14852 2e-05
14853 2e-05
14854 2e-05
14855 2e-05
14856 2e-05
14857 2e-05
14858 2e-05
14859 2e-05
14860 2e-05
14861 2e-05
14862 2e-05
14863 2e-05
14864 2e-05
14865 2e-05
14866 2e-05
14867 2e-05
14868 2e-05
14869 2e-05
14870 2e-05
14871 2e-05
14872 2e-05
14873 2e-05
14874 2e-05
14875 2e-05
14876 2e-05
14877 2e-05
14878 2e-05
14879 2e-05
14880 2e-05
14881 2e-05
14882 2e-05
14883 2e-05
14884 2e-05
14885 2e-05
14886 2e-05
14887 2e-05
14888 2e-05
14889 2e-05
14890 2e-05
14891 2e-05
14892 2e-05
14893 2e-05
14894 2e-05
14895 2e-05
14896 2e-05
14897 2e-05
14898 2e-05
14899 2e-05
14900 2e-05
14901 2e-05
14902 2e-05
14903 2e-05
14904 2e-05
14905 2e-05
14906 2e-05
14907 2e-05
14908 2e-05
14909 2e-05
14910 2e-05
14911 2e-05
14912 2e-05
14913 2e-05
14914 2e-05
14915 2e-05
14916 2e-05
14917 2e-05
14918 2e-05
14919 2e-05
14920 2e-05
14921 2e-05
14922 2e-05
14923 2e-05
14924 2e-05
14925 2e-05
14926 2e-05
14927 2e-05
14928 2e-05
14929 2e-05
14930 2e-05
14931 2e-05
14932 2e-05
14933 2e-05
14934 2e-05
14935 2e-05
14936 2e-05
14937 2e-05
14938 2e-05
14939 2e-05
14940 2e-05
14941 2e-05
14942 2e-05
14943 2e-05
14944 2e-05
14945 2e-05
14946 2e-05
14947 2e-05
14948 2e-05
14949 2e-05
14950 2e-05
14951 2e-05
14952 2e-05
14953 2e-05
14954 2e-05
14955 2e-05
14956 2e-05
14957 2e-05
14958 2e-05
14959 2e-05
14960 2e-05
14961 2e-05
14962 2e-05
14963 2e-05
14964 2e-05
14965 2e-05
14966 2e-05
14967 2e-05
14968 2e-05
14969 2e-05
14970 2e-05
14971 2e-05
14972 2e-05
14973 2e-05
14974 2e-05
14975 2e-05
14976 2e-05
14977 2e-05
14978 2e-05
14979 2e-05
14980 2e-05
14981 2e-05
14982 2e-05
14983 2e-05
14984 2e-05
14985 2e-05
14986 2e-05
14987 2e-05
14988 2e-05
14989 2e-05
14990 2e-05
14991 2e-05
14992 2e-05
14993 2e-05
14994 2e-05
14995 2e-05
14996 2e-05
14997 2e-05
14998 2e-05
14999 2e-05
15000 2e-05
15001 2e-05
15002 2e-05
15003 2e-05
15004 2e-05
15005 2e-05
15006 2e-05
15007 2e-05
15008 2e-05
15009 2e-05
15010 2e-05
15011 2e-05
15012 2e-05
15013 2e-05
15014 2e-05
15015 2e-05
15016 2e-05
15017 2e-05
15018 2e-05
15019 2e-05
15020 2e-05
15021 2e-05
15022 2e-05
15023 2e-05
15024 2e-05
15025 2e-05
15026 2e-05
15027 2e-05
15028 2e-05
15029 2e-05
15030 2e-05
15031 2e-05
15032 2e-05
15033 2e-05
15034 2e-05
15035 2e-05
15036 2e-05
15037 2e-05
15038 2e-05
15039 2e-05
15040 2e-05
15041 2e-05
15042 2e-05
15043 2e-05
15044 2e-05
15045 2e-05
15046 2e-05
15047 2e-05
15048 2e-05
15049 2e-05
15050 2e-05
15051 2e-05
15052 2e-05
15053 2e-05
15054 2e-05
15055 2e-05
15056 2e-05
15057 2e-05
15058 2e-05
15059 2e-05
15060 2e-05
15061 2e-05
15062 2e-05
15063 2e-05
15064 2e-05
15065 2e-05
15066 2e-05
15067 2e-05
15068 2e-05
15069 2e-05
15070 2e-05
15071 2e-05
15072 2e-05
15073 2e-05
15074 2e-05
15075 2e-05
15076 2e-05
15077 2e-05
15078 2e-05
15079 2e-05
15080 2e-05
15081 2e-05
15082 2e-05
15083 2e-05
15084 2e-05
15085 2e-05
15086 2e-05
15087 2e-05
15088 2e-05
15089 2e-05
15090 2e-05
15091 2e-05
15092 2e-05
15093 2e-05
15094 2e-05
15095 2e-05
15096 2e-05
15097 2e-05
15098 2e-05
15099 2e-05
15100 2e-05
15101 2e-05
15102 2e-05
15103 2e-05
15104 2e-05
15105 2e-05
15106 2e-05
15107 2e-05
15108 2e-05
15109 2e-05
15110 2e-05
15111 2e-05
15112 2e-05
15113 2e-05
15114 2e-05
15115 2e-05
15116 2e-05
15117 2e-05
15118 2e-05
15119 2e-05
15120 2e-05
15121 2e-05
15122 2e-05
15123 2e-05
15124 2e-05
15125 2e-05
15126 2e-05
15127 2e-05
15128 2e-05
15129 2e-05
15130 2e-05
15131 2e-05
15132 2e-05
15133 2e-05
15134 2e-05
15135 2e-05
15136 2e-05
15137 2e-05
15138 2e-05
15139 2e-05
15140 2e-05
15141 2e-05
15142 2e-05
15143 2e-05
15144 2e-05
15145 2e-05
15146 2e-05
15147 2e-05
15148 2e-05
15149 2e-05
15150 2e-05
15151 2e-05
15152 2e-05
15153 2e-05
15154 2e-05
15155 2e-05
15156 2e-05
15157 2e-05
15158 2e-05
15159 2e-05
15160 2e-05
15161 2e-05
15162 2e-05
15163 2e-05
15164 2e-05
15165 2e-05
15166 2e-05
15167 2e-05
15168 2e-05
15169 2e-05
15170 2e-05
15171 2e-05
15172 2e-05
15173 2e-05
15174 2e-05
15175 2e-05
15176 2e-05
15177 2e-05
15178 2e-05
15179 2e-05
15180 2e-05
15181 2e-05
15182 2e-05
15183 2e-05
15184 2e-05
15185 2e-05
15186 2e-05
15187 2e-05
15188 2e-05
15189 2e-05
15190 2e-05
15191 2e-05
15192 2e-05
15193 2e-05
15194 2e-05
15195 2e-05
15196 2e-05
15197 2e-05
15198 2e-05
15199 2e-05
15200 2e-05
15201 2e-05
15202 2e-05
15203 2e-05
15204 2e-05
15205 2e-05
15206 2e-05
15207 2e-05
15208 2e-05
15209 2e-05
15210 2e-05
15211 2e-05
15212 2e-05
15213 2e-05
15214 2e-05
15215 2e-05
15216 2e-05
15217 2e-05
15218 2e-05
15219 2e-05
15220 2e-05
15221 2e-05
15222 2e-05
15223 2e-05
15224 2e-05
15225 2e-05
15226 2e-05
15227 2e-05
15228 2e-05
15229 2e-05
15230 2e-05
15231 2e-05
15232 2e-05
15233 2e-05
15234 2e-05
15235 2e-05
15236 2e-05
15237 2e-05
15238 2e-05
15239 2e-05
15240 2e-05
15241 2e-05
15242 2e-05
15243 2e-05
15244 2e-05
15245 2e-05
15246 2e-05
15247 2e-05
15248 2e-05
15249 2e-05
15250 2e-05
15251 2e-05
15252 2e-05
15253 2e-05
15254 2e-05
15255 2e-05
15256 2e-05
15257 2e-05
15258 2e-05
15259 2e-05
15260 2e-05
15261 2e-05
15262 2e-05
15263 2e-05
15264 2e-05
15265 2e-05
15266 2e-05
15267 2e-05
15268 2e-05
15269 2e-05
15270 2e-05
15271 2e-05
15272 2e-05
15273 2e-05
15274 2e-05
15275 2e-05
15276 2e-05
15277 2e-05
15278 2e-05
15279 2e-05
15280 2e-05
15281 2e-05
15282 2e-05
15283 2e-05
15284 2e-05
15285 2e-05
15286 2e-05
15287 2e-05
15288 2e-05
15289 2e-05
15290 2e-05
15291 2e-05
15292 2e-05
15293 2e-05
15294 2e-05
15295 2e-05
15296 2e-05
15297 2e-05
15298 2e-05
15299 2e-05
15300 2e-05
15301 2e-05
15302 2e-05
15303 2e-05
15304 2e-05
15305 2e-05
15306 2e-05
15307 2e-05
15308 2e-05
15309 2e-05
15310 2e-05
15311 2e-05
15312 2e-05
15313 2e-05
15314 2e-05
15315 2e-05
15316 2e-05
15317 2e-05
15318 2e-05
15319 2e-05
15320 2e-05
15321 2e-05
15322 2e-05
15323 2e-05
15324 2e-05
15325 2e-05
15326 2e-05
15327 2e-05
15328 2e-05
15329 2e-05
15330 2e-05
15331 2e-05
15332 2e-05
15333 2e-05
15334 2e-05
15335 2e-05
15336 2e-05
15337 2e-05
15338 2e-05
15339 2e-05
15340 2e-05
15341 2e-05
15342 2e-05
15343 2e-05
15344 2e-05
15345 2e-05
15346 2e-05
15347 2e-05
15348 2e-05
15349 2e-05
15350 2e-05
15351 2e-05
15352 2e-05
15353 2e-05
15354 2e-05
15355 2e-05
15356 2e-05
15357 2e-05
15358 2e-05
15359 2e-05
15360 2e-05
15361 2e-05
15362 2e-05
15363 2e-05
15364 2e-05
15365 2e-05
15366 2e-05
15367 2e-05
15368 2e-05
15369 2e-05
15370 2e-05
15371 2e-05
15372 2e-05
15373 2e-05
15374 2e-05
15375 2e-05
15376 2e-05
15377 2e-05
15378 2e-05
15379 2e-05
15380 2e-05
15381 2e-05
15382 2e-05
15383 2e-05
15384 2e-05
15385 2e-05
15386 2e-05
15387 2e-05
15388 2e-05
15389 2e-05
15390 2e-05
15391 2e-05
15392 2e-05
15393 2e-05
15394 2e-05
15395 2e-05
15396 2e-05
15397 2e-05
15398 2e-05
15399 2e-05
15400 2e-05
15401 2e-05
15402 2e-05
15403 2e-05
15404 2e-05
15405 2e-05
15406 2e-05
15407 2e-05
15408 2e-05
15409 2e-05
15410 2e-05
15411 2e-05
15412 2e-05
15413 2e-05
15414 2e-05
15415 2e-05
15416 2e-05
15417 2e-05
15418 2e-05
15419 2e-05
15420 2e-05
15421 2e-05
15422 2e-05
15423 2e-05
15424 2e-05
15425 2e-05
15426 2e-05
15427 2e-05
15428 2e-05
15429 2e-05
15430 2e-05
15431 2e-05
15432 2e-05
15433 2e-05
15434 2e-05
15435 2e-05
15436 2e-05
15437 2e-05
15438 2e-05
15439 2e-05
15440 2e-05
15441 2e-05
15442 2e-05
15443 2e-05
15444 2e-05
15445 2e-05
15446 2e-05
15447 2e-05
15448 2e-05
15449 2e-05
15450 2e-05
15451 2e-05
15452 2e-05
15453 2e-05
15454 2e-05
15455 2e-05
15456 2e-05
15457 2e-05
15458 2e-05
15459 2e-05
15460 2e-05
15461 2e-05
15462 2e-05
15463 2e-05
15464 2e-05
15465 2e-05
15466 2e-05
15467 2e-05
15468 2e-05
15469 2e-05
15470 2e-05
15471 2e-05
15472 2e-05
15473 2e-05
15474 2e-05
15475 2e-05
15476 2e-05
15477 2e-05
15478 2e-05
15479 2e-05
15480 2e-05
15481 2e-05
15482 2e-05
15483 2e-05
15484 2e-05
15485 2e-05
15486 2e-05
15487 2e-05
15488 2e-05
15489 2e-05
15490 2e-05
15491 2e-05
15492 2e-05
15493 2e-05
15494 2e-05
15495 2e-05
15496 2e-05
15497 2e-05
15498 2e-05
15499 2e-05
15500 2e-05
15501 2e-05
15502 2e-05
15503 2e-05
15504 2e-05
15505 2e-05
15506 2e-05
15507 2e-05
15508 2e-05
15509 2e-05
15510 2e-05
15511 2e-05
15512 2e-05
15513 2e-05
15514 2e-05
15515 2e-05
15516 2e-05
15517 2e-05
15518 2e-05
15519 2e-05
15520 2e-05
15521 2e-05
15522 2e-05
15523 2e-05
15524 2e-05
15525 2e-05
15526 2e-05
15527 2e-05
15528 2e-05
15529 2e-05
15530 2e-05
15531 2e-05
15532 2e-05
15533 2e-05
15534 2e-05
15535 2e-05
15536 2e-05
15537 2e-05
15538 2e-05
15539 2e-05
15540 2e-05
15541 2e-05
15542 2e-05
15543 2e-05
15544 2e-05
15545 2e-05
15546 2e-05
15547 2e-05
15548 2e-05
15549 2e-05
15550 2e-05
15551 2e-05
15552 2e-05
15553 2e-05
15554 2e-05
15555 2e-05
15556 2e-05
15557 2e-05
15558 2e-05
15559 2e-05
15560 2e-05
15561 2e-05
15562 2e-05
15563 2e-05
15564 2e-05
15565 2e-05
15566 2e-05
15567 2e-05
15568 2e-05
15569 2e-05
15570 2e-05
15571 2e-05
15572 2e-05
15573 2e-05
15574 2e-05
15575 2e-05
15576 2e-05
15577 2e-05
15578 2e-05
15579 2e-05
15580 2e-05
15581 2e-05
15582 2e-05
15583 2e-05
15584 2e-05
15585 2e-05
15586 2e-05
15587 2e-05
15588 2e-05
15589 2e-05
15590 2e-05
15591 2e-05
15592 2e-05
15593 2e-05
15594 2e-05
15595 2e-05
15596 2e-05
15597 2e-05
15598 2e-05
15599 2e-05
15600 2e-05
15601 2e-05
15602 2e-05
15603 2e-05
15604 2e-05
15605 2e-05
15606 2e-05
15607 2e-05
15608 2e-05
15609 2e-05
15610 2e-05
15611 2e-05
15612 2e-05
15613 2e-05
15614 2e-05
15615 2e-05
15616 2e-05
15617 2e-05
15618 2e-05
15619 2e-05
15620 2e-05
15621 2e-05
15622 2e-05
15623 2e-05
15624 2e-05
15625 2e-05
15626 2e-05
15627 2e-05
15628 2e-05
15629 2e-05
15630 2e-05
15631 2e-05
15632 2e-05
15633 2e-05
15634 2e-05
15635 2e-05
15636 2e-05
15637 2e-05
15638 2e-05
15639 2e-05
15640 2e-05
15641 2e-05
15642 2e-05
15643 2e-05
15644 2e-05
15645 2e-05
15646 2e-05
15647 2e-05
15648 2e-05
15649 2e-05
15650 2e-05
15651 2e-05
15652 2e-05
15653 2e-05
15654 2e-05
15655 2e-05
15656 2e-05
15657 2e-05
15658 2e-05
15659 2e-05
15660 2e-05
15661 2e-05
15662 2e-05
15663 2e-05
15664 2e-05
15665 2e-05
15666 2e-05
15667 2e-05
15668 2e-05
15669 2e-05
15670 2e-05
15671 2e-05
15672 2e-05
15673 2e-05
15674 2e-05
15675 2e-05
15676 2e-05
15677 2e-05
15678 2e-05
15679 2e-05
15680 2e-05
15681 2e-05
15682 2e-05
15683 2e-05
15684 2e-05
15685 2e-05
15686 2e-05
15687 2e-05
15688 2e-05
15689 2e-05
15690 2e-05
15691 2e-05
15692 2e-05
15693 2e-05
15694 2e-05
15695 2e-05
15696 2e-05
15697 2e-05
15698 2e-05
15699 2e-05
15700 2e-05
15701 2e-05
15702 2e-05
15703 2e-05
15704 2e-05
15705 2e-05
15706 2e-05
15707 2e-05
15708 2e-05
15709 2e-05
15710 2e-05
15711 2e-05
15712 2e-05
15713 2e-05
15714 2e-05
15715 2e-05
15716 2e-05
15717 2e-05
15718 2e-05
15719 2e-05
15720 2e-05
15721 2e-05
15722 2e-05
15723 2e-05
15724 2e-05
15725 2e-05
15726 2e-05
15727 2e-05
15728 2e-05
15729 2e-05
15730 2e-05
15731 2e-05
15732 2e-05
15733 2e-05
15734 2e-05
15735 2e-05
15736 2e-05
15737 2e-05
15738 2e-05
15739 2e-05
15740 2e-05
15741 2e-05
15742 2e-05
15743 2e-05
15744 2e-05
15745 2e-05
15746 2e-05
15747 2e-05
15748 2e-05
15749 2e-05
15750 2e-05
15751 2e-05
15752 2e-05
15753 2e-05
15754 2e-05
15755 2e-05
15756 2e-05
15757 2e-05
15758 2e-05
15759 2e-05
15760 2e-05
15761 2e-05
15762 2e-05
15763 2e-05
15764 2e-05
15765 2e-05
15766 2e-05
15767 2e-05
15768 2e-05
15769 2e-05
15770 2e-05
15771 2e-05
15772 2e-05
15773 2e-05
15774 2e-05
15775 2e-05
15776 2e-05
15777 2e-05
15778 2e-05
15779 2e-05
15780 2e-05
15781 2e-05
15782 2e-05
15783 2e-05
15784 2e-05
15785 2e-05
15786 2e-05
15787 2e-05
15788 2e-05
15789 2e-05
15790 2e-05
15791 2e-05
15792 2e-05
15793 2e-05
15794 2e-05
15795 2e-05
15796 2e-05
15797 2e-05
15798 2e-05
15799 2e-05
15800 2e-05
15801 2e-05
15802 2e-05
15803 2e-05
15804 2e-05
15805 2e-05
15806 2e-05
15807 2e-05
15808 2e-05
15809 2e-05
15810 2e-05
15811 2e-05
15812 2e-05
15813 2e-05
15814 2e-05
15815 2e-05
15816 2e-05
15817 2e-05
15818 2e-05
15819 2e-05
15820 2e-05
15821 2e-05
15822 2e-05
15823 2e-05
15824 2e-05
15825 2e-05
15826 2e-05
15827 2e-05
15828 2e-05
15829 2e-05
15830 2e-05
15831 2e-05
15832 2e-05
15833 2e-05
15834 2e-05
15835 2e-05
15836 2e-05
15837 2e-05
15838 2e-05
15839 2e-05
15840 2e-05
15841 2e-05
15842 2e-05
15843 2e-05
15844 2e-05
15845 2e-05
15846 2e-05
15847 2e-05
15848 2e-05
15849 2e-05
15850 2e-05
15851 2e-05
15852 2e-05
15853 2e-05
15854 2e-05
15855 2e-05
15856 2e-05
15857 2e-05
15858 2e-05
15859 2e-05
15860 2e-05
15861 2e-05
15862 2e-05
15863 2e-05
15864 2e-05
15865 2e-05
15866 2e-05
15867 2e-05
15868 2e-05
15869 2e-05
15870 2e-05
15871 2e-05
15872 2e-05
15873 2e-05
15874 2e-05
15875 2e-05
15876 2e-05
15877 2e-05
15878 2e-05
15879 2e-05
15880 2e-05
15881 2e-05
15882 2e-05
15883 2e-05
15884 2e-05
15885 2e-05
15886 2e-05
15887 2e-05
15888 2e-05
15889 2e-05
15890 2e-05
15891 2e-05
15892 2e-05
15893 2e-05
15894 2e-05
15895 2e-05
15896 2e-05
15897 2e-05
15898 2e-05
15899 2e-05
15900 2e-05
15901 2e-05
15902 2e-05
15903 2e-05
15904 2e-05
15905 2e-05
15906 2e-05
15907 2e-05
15908 2e-05
15909 2e-05
15910 2e-05
15911 2e-05
15912 2e-05
15913 2e-05
15914 2e-05
15915 2e-05
15916 2e-05
15917 2e-05
15918 2e-05
15919 2e-05
15920 2e-05
15921 2e-05
15922 2e-05
15923 2e-05
15924 2e-05
15925 2e-05
15926 2e-05
15927 2e-05
15928 2e-05
15929 2e-05
15930 2e-05
15931 2e-05
15932 2e-05
15933 2e-05
15934 2e-05
15935 2e-05
15936 2e-05
15937 2e-05
15938 2e-05
15939 2e-05
15940 2e-05
15941 2e-05
15942 2e-05
15943 2e-05
15944 2e-05
15945 2e-05
15946 2e-05
15947 2e-05
15948 2e-05
15949 2e-05
15950 2e-05
15951 2e-05
15952 2e-05
15953 2e-05
15954 2e-05
15955 2e-05
15956 2e-05
15957 2e-05
15958 2e-05
15959 2e-05
15960 2e-05
15961 2e-05
15962 2e-05
15963 2e-05
15964 2e-05
15965 2e-05
15966 2e-05
15967 2e-05
15968 2e-05
15969 2e-05
15970 2e-05
15971 2e-05
15972 2e-05
15973 2e-05
15974 2e-05
15975 2e-05
15976 2e-05
15977 2e-05
15978 2e-05
15979 2e-05
15980 2e-05
15981 2e-05
15982 2e-05
15983 2e-05
15984 2e-05
15985 2e-05
15986 2e-05
15987 2e-05
15988 2e-05
15989 2e-05
15990 2e-05
15991 2e-05
15992 2e-05
15993 2e-05
15994 2e-05
15995 2e-05
15996 2e-05
15997 2e-05
15998 2e-05
15999 2e-05
16000 2e-05
16001 2e-05
16002 2e-05
16003 2e-05
16004 2e-05
16005 2e-05
16006 2e-05
16007 2e-05
16008 2e-05
16009 2e-05
16010 2e-05
16011 2e-05
16012 2e-05
16013 2e-05
16014 2e-05
16015 2e-05
16016 2e-05
16017 2e-05
16018 2e-05
16019 2e-05
16020 2e-05
16021 2e-05
16022 2e-05
16023 2e-05
16024 2e-05
16025 2e-05
16026 2e-05
16027 2e-05
16028 2e-05
16029 2e-05
16030 2e-05
16031 2e-05
16032 2e-05
16033 2e-05
16034 2e-05
16035 2e-05
16036 2e-05
16037 2e-05
16038 2e-05
16039 2e-05
16040 2e-05
16041 2e-05
16042 2e-05
16043 2e-05
16044 2e-05
16045 2e-05
16046 2e-05
16047 2e-05
16048 2e-05
16049 2e-05
16050 2e-05
16051 2e-05
16052 2e-05
16053 2e-05
16054 2e-05
16055 2e-05
16056 2e-05
16057 2e-05
16058 2e-05
16059 2e-05
16060 2e-05
16061 2e-05
16062 2e-05
16063 2e-05
16064 2e-05
16065 2e-05
16066 2e-05
16067 2e-05
16068 2e-05
16069 2e-05
16070 2e-05
16071 2e-05
16072 2e-05
16073 2e-05
16074 2e-05
16075 2e-05
16076 2e-05
16077 2e-05
16078 2e-05
16079 2e-05
16080 2e-05
16081 2e-05
16082 2e-05
16083 2e-05
16084 2e-05
16085 2e-05
16086 2e-05
16087 2e-05
16088 2e-05
16089 2e-05
16090 2e-05
16091 2e-05
16092 2e-05
16093 2e-05
16094 2e-05
16095 2e-05
16096 2e-05
16097 2e-05
16098 2e-05
16099 2e-05
16100 2e-05
16101 2e-05
16102 2e-05
16103 2e-05
16104 2e-05
16105 2e-05
16106 2e-05
16107 2e-05
16108 2e-05
16109 2e-05
16110 2e-05
16111 2e-05
16112 2e-05
16113 2e-05
16114 2e-05
16115 2e-05
16116 2e-05
16117 2e-05
16118 2e-05
16119 2e-05
16120 2e-05
16121 2e-05
16122 2e-05
16123 2e-05
16124 2e-05
16125 2e-05
16126 2e-05
16127 2e-05
16128 2e-05
16129 2e-05
16130 2e-05
16131 2e-05
16132 2e-05
16133 2e-05
16134 2e-05
16135 2e-05
16136 2e-05
16137 2e-05
16138 2e-05
16139 2e-05
16140 2e-05
16141 2e-05
16142 2e-05
16143 2e-05
16144 2e-05
16145 2e-05
16146 2e-05
16147 2e-05
16148 2e-05
16149 2e-05
16150 2e-05
16151 2e-05
16152 2e-05
16153 2e-05
16154 2e-05
16155 2e-05
16156 2e-05
16157 2e-05
16158 2e-05
16159 2e-05
16160 2e-05
16161 2e-05
16162 2e-05
16163 2e-05
16164 2e-05
16165 2e-05
16166 2e-05
16167 2e-05
16168 2e-05
16169 2e-05
16170 2e-05
16171 2e-05
16172 2e-05
16173 2e-05
16174 2e-05
16175 2e-05
16176 2e-05
16177 2e-05
16178 2e-05
16179 2e-05
16180 2e-05
16181 2e-05
16182 2e-05
16183 2e-05
16184 2e-05
16185 2e-05
16186 2e-05
16187 2e-05
16188 2e-05
16189 2e-05
16190 2e-05
16191 2e-05
16192 2e-05
16193 2e-05
16194 2e-05
16195 2e-05
16196 2e-05
16197 2e-05
16198 2e-05
16199 2e-05
16200 2e-05
16201 2e-05
16202 2e-05
16203 2e-05
16204 2e-05
16205 2e-05
16206 2e-05
16207 2e-05
16208 2e-05
16209 2e-05
16210 2e-05
16211 2e-05
16212 2e-05
16213 2e-05
16214 2e-05
16215 2e-05
16216 2e-05
16217 2e-05
16218 2e-05
16219 2e-05
16220 2e-05
16221 2e-05
16222 2e-05
16223 2e-05
16224 2e-05
16225 2e-05
16226 2e-05
16227 2e-05
16228 2e-05
16229 2e-05
16230 2e-05
16231 2e-05
16232 2e-05
16233 2e-05
16234 2e-05
16235 2e-05
16236 2e-05
16237 2e-05
16238 2e-05
16239 2e-05
16240 2e-05
16241 2e-05
16242 2e-05
16243 2e-05
16244 2e-05
16245 2e-05
16246 2e-05
16247 2e-05
16248 2e-05
16249 2e-05
16250 2e-05
16251 2e-05
16252 2e-05
16253 2e-05
16254 2e-05
16255 2e-05
16256 2e-05
16257 2e-05
16258 2e-05
16259 2e-05
16260 2e-05
16261 2e-05
16262 2e-05
16263 2e-05
16264 2e-05
16265 2e-05
16266 2e-05
16267 2e-05
16268 2e-05
16269 2e-05
16270 2e-05
16271 2e-05
16272 2e-05
16273 2e-05
16274 2e-05
16275 2e-05
16276 2e-05
16277 2e-05
16278 2e-05
16279 2e-05
16280 2e-05
16281 2e-05
16282 2e-05
16283 2e-05
16284 2e-05
16285 2e-05
16286 2e-05
16287 2e-05
16288 2e-05
16289 2e-05
16290 2e-05
16291 2e-05
16292 2e-05
16293 2e-05
16294 2e-05
16295 2e-05
16296 2e-05
16297 2e-05
16298 2e-05
16299 2e-05
16300 2e-05
16301 2e-05
16302 2e-05
16303 2e-05
16304 2e-05
16305 2e-05
16306 2e-05
16307 2e-05
16308 2e-05
16309 2e-05
16310 2e-05
16311 2e-05
16312 2e-05
16313 2e-05
16314 2e-05
16315 2e-05
16316 2e-05
16317 2e-05
16318 2e-05
16319 2e-05
16320 2e-05
16321 2e-05
16322 2e-05
16323 2e-05
16324 2e-05
16325 2e-05
16326 2e-05
16327 2e-05
16328 2e-05
16329 2e-05
16330 2e-05
16331 2e-05
16332 2e-05
16333 2e-05
16334 2e-05
16335 2e-05
16336 2e-05
16337 2e-05
16338 2e-05
16339 2e-05
16340 2e-05
16341 2e-05
16342 2e-05
16343 2e-05
16344 2e-05
16345 2e-05
16346 2e-05
16347 2e-05
16348 2e-05
16349 2e-05
16350 2e-05
16351 2e-05
16352 2e-05
16353 2e-05
16354 2e-05
16355 2e-05
16356 2e-05
16357 2e-05
16358 2e-05
16359 2e-05
16360 2e-05
16361 2e-05
16362 2e-05
16363 2e-05
16364 2e-05
16365 2e-05
16366 2e-05
16367 2e-05
16368 2e-05
16369 2e-05
16370 2e-05
16371 2e-05
16372 2e-05
16373 2e-05
16374 2e-05
16375 2e-05
16376 2e-05
16377 2e-05
16378 2e-05
16379 2e-05
16380 2e-05
16381 2e-05
16382 2e-05
16383 2e-05
16384 2e-05
16385 2e-05
16386 2e-05
16387 2e-05
16388 2e-05
16389 2e-05
16390 2e-05
16391 2e-05
16392 2e-05
16393 2e-05
16394 2e-05
16395 2e-05
16396 2e-05
16397 2e-05
16398 2e-05
16399 2e-05
16400 2e-05
16401 2e-05
16402 2e-05
16403 2e-05
16404 2e-05
16405 2e-05
16406 2e-05
16407 2e-05
16408 2e-05
16409 2e-05
16410 2e-05
16411 2e-05
16412 2e-05
16413 2e-05
16414 2e-05
16415 2e-05
16416 2e-05
16417 2e-05
16418 2e-05
16419 2e-05
16420 2e-05
16421 2e-05
16422 2e-05
16423 2e-05
16424 2e-05
16425 2e-05
16426 2e-05
16427 2e-05
16428 2e-05
16429 2e-05
16430 2e-05
16431 2e-05
16432 2e-05
16433 2e-05
16434 2e-05
16435 2e-05
16436 2e-05
16437 2e-05
16438 2e-05
16439 2e-05
16440 2e-05
16441 2e-05
16442 2e-05
16443 2e-05
16444 2e-05
16445 2e-05
16446 2e-05
16447 2e-05
16448 2e-05
16449 2e-05
16450 2e-05
16451 2e-05
16452 2e-05
16453 2e-05
16454 2e-05
16455 2e-05
16456 2e-05
16457 2e-05
16458 2e-05
16459 2e-05
16460 2e-05
16461 2e-05
16462 2e-05
16463 2e-05
16464 2e-05
16465 2e-05
16466 2e-05
16467 2e-05
16468 2e-05
16469 2e-05
16470 2e-05
16471 2e-05
16472 2e-05
16473 2e-05
16474 2e-05
16475 2e-05
16476 2e-05
16477 2e-05
16478 2e-05
16479 2e-05
16480 2e-05
16481 2e-05
16482 2e-05
16483 2e-05
16484 2e-05
16485 2e-05
16486 2e-05
16487 2e-05
16488 2e-05
16489 2e-05
16490 2e-05
16491 2e-05
16492 2e-05
16493 2e-05
16494 2e-05
16495 2e-05
16496 2e-05
16497 2e-05
16498 2e-05
16499 2e-05
16500 2e-05
16501 2e-05
16502 2e-05
16503 2e-05
16504 2e-05
16505 2e-05
16506 2e-05
16507 2e-05
16508 2e-05
16509 2e-05
16510 2e-05
16511 2e-05
16512 2e-05
16513 2e-05
16514 2e-05
16515 2e-05
16516 2e-05
16517 2e-05
16518 2e-05
16519 2e-05
16520 2e-05
16521 2e-05
16522 2e-05
16523 2e-05
16524 2e-05
16525 2e-05
16526 2e-05
16527 2e-05
16528 2e-05
16529 2e-05
16530 2e-05
16531 2e-05
16532 2e-05
16533 2e-05
16534 2e-05
16535 2e-05
16536 2e-05
16537 2e-05
16538 2e-05
16539 2e-05
16540 2e-05
16541 2e-05
16542 2e-05
16543 2e-05
16544 2e-05
16545 2e-05
16546 2e-05
16547 2e-05
16548 2e-05
16549 2e-05
16550 2e-05
16551 2e-05
16552 2e-05
16553 2e-05
16554 2e-05
16555 2e-05
16556 2e-05
16557 2e-05
16558 2e-05
16559 2e-05
16560 2e-05
16561 2e-05
16562 2e-05
16563 2e-05
16564 2e-05
16565 2e-05
16566 2e-05
16567 2e-05
16568 2e-05
16569 2e-05
16570 2e-05
16571 2e-05
16572 2e-05
16573 2e-05
16574 2e-05
16575 2e-05
16576 2e-05
16577 2e-05
16578 2e-05
16579 2e-05
16580 2e-05
16581 2e-05
16582 2e-05
16583 2e-05
16584 2e-05
16585 2e-05
16586 2e-05
16587 2e-05
16588 2e-05
16589 2e-05
16590 2e-05
16591 2e-05
16592 2e-05
16593 2e-05
16594 2e-05
16595 2e-05
16596 2e-05
16597 2e-05
16598 2e-05
16599 2e-05
16600 2e-05
16601 2e-05
16602 2e-05
16603 2e-05
16604 2e-05
16605 2e-05
16606 2e-05
16607 2e-05
16608 2e-05
16609 2e-05
16610 2e-05
16611 2e-05
16612 2e-05
16613 2e-05
16614 2e-05
16615 2e-05
16616 2e-05
16617 2e-05
16618 2e-05
16619 2e-05
16620 2e-05
16621 2e-05
16622 2e-05
16623 2e-05
16624 2e-05
16625 2e-05
16626 2e-05
16627 2e-05
16628 2e-05
16629 2e-05
16630 2e-05
16631 2e-05
16632 2e-05
16633 2e-05
16634 2e-05
16635 2e-05
16636 2e-05
16637 2e-05
16638 2e-05
16639 2e-05
16640 2e-05
16641 2e-05
16642 2e-05
16643 2e-05
16644 2e-05
16645 2e-05
16646 2e-05
16647 2e-05
16648 2e-05
16649 2e-05
16650 2e-05
16651 2e-05
16652 2e-05
16653 2e-05
16654 2e-05
16655 2e-05
16656 2e-05
16657 2e-05
16658 2e-05
16659 2e-05
16660 2e-05
16661 2e-05
16662 2e-05
16663 2e-05
16664 2e-05
16665 2e-05
16666 2e-05
16667 2e-05
16668 2e-05
16669 2e-05
16670 2e-05
16671 2e-05
16672 2e-05
16673 2e-05
16674 2e-05
16675 2e-05
16676 2e-05
16677 2e-05
16678 2e-05
16679 2e-05
16680 2e-05
16681 2e-05
16682 2e-05
16683 2e-05
16684 2e-05
16685 2e-05
16686 2e-05
16687 2e-05
16688 2e-05
16689 2e-05
16690 2e-05
16691 2e-05
16692 2e-05
16693 2e-05
16694 2e-05
16695 2e-05
16696 2e-05
16697 2e-05
16698 2e-05
16699 2e-05
16700 2e-05
16701 2e-05
16702 2e-05
16703 2e-05
16704 2e-05
16705 2e-05
16706 2e-05
16707 2e-05
16708 2e-05
16709 2e-05
16710 2e-05
16711 2e-05
16712 2e-05
16713 2e-05
16714 2e-05
16715 2e-05
16716 2e-05
16717 2e-05
16718 2e-05
16719 2e-05
16720 2e-05
16721 2e-05
16722 2e-05
16723 2e-05
16724 2e-05
16725 2e-05
16726 2e-05
16727 2e-05
16728 2e-05
16729 2e-05
16730 2e-05
16731 2e-05
16732 2e-05
16733 2e-05
16734 2e-05
16735 2e-05
16736 2e-05
16737 2e-05
16738 2e-05
16739 2e-05
16740 2e-05
16741 2e-05
16742 2e-05
16743 2e-05
16744 2e-05
16745 2e-05
16746 2e-05
16747 2e-05
16748 2e-05
16749 2e-05
16750 2e-05
16751 2e-05
16752 2e-05
16753 2e-05
16754 2e-05
16755 2e-05
16756 2e-05
16757 2e-05
16758 2e-05
16759 2e-05
16760 2e-05
16761 2e-05
16762 2e-05
16763 2e-05
16764 2e-05
16765 2e-05
16766 2e-05
16767 2e-05
16768 2e-05
16769 2e-05
16770 2e-05
16771 2e-05
16772 2e-05
16773 2e-05
16774 2e-05
16775 2e-05
16776 2e-05
16777 2e-05
16778 2e-05
16779 2e-05
16780 2e-05
16781 2e-05
16782 2e-05
16783 2e-05
16784 2e-05
16785 2e-05
16786 2e-05
16787 2e-05
16788 2e-05
16789 2e-05
16790 2e-05
16791 2e-05
16792 2e-05
16793 2e-05
16794 2e-05
16795 2e-05
16796 2e-05
16797 2e-05
16798 2e-05
16799 2e-05
16800 2e-05
16801 2e-05
16802 2e-05
16803 2e-05
16804 2e-05
16805 2e-05
16806 2e-05
16807 2e-05
16808 2e-05
16809 2e-05
16810 2e-05
16811 2e-05
16812 2e-05
16813 2e-05
16814 2e-05
16815 2e-05
16816 2e-05
16817 2e-05
16818 2e-05
16819 2e-05
16820 2e-05
16821 2e-05
16822 2e-05
16823 2e-05
16824 2e-05
16825 2e-05
16826 2e-05
16827 2e-05
16828 2e-05
16829 2e-05
16830 2e-05
16831 2e-05
16832 2e-05
16833 2e-05
16834 2e-05
16835 2e-05
16836 2e-05
16837 2e-05
16838 2e-05
16839 2e-05
16840 2e-05
16841 2e-05
16842 2e-05
16843 2e-05
16844 2e-05
16845 2e-05
16846 2e-05
16847 2e-05
16848 2e-05
16849 2e-05
16850 2e-05
16851 2e-05
16852 2e-05
16853 2e-05
16854 2e-05
16855 2e-05
16856 2e-05
16857 2e-05
16858 2e-05
16859 2e-05
16860 2e-05
16861 2e-05
16862 2e-05
16863 2e-05
16864 2e-05
16865 2e-05
16866 2e-05
16867 2e-05
16868 2e-05
16869 2e-05
16870 2e-05
16871 2e-05
16872 2e-05
16873 2e-05
16874 2e-05
16875 2e-05
16876 2e-05
16877 2e-05
16878 2e-05
16879 2e-05
16880 2e-05
16881 2e-05
16882 2e-05
16883 2e-05
16884 2e-05
16885 2e-05
16886 2e-05
16887 2e-05
16888 2e-05
16889 2e-05
16890 2e-05
16891 2e-05
16892 2e-05
16893 2e-05
16894 2e-05
16895 2e-05
16896 2e-05
16897 2e-05
16898 2e-05
16899 2e-05
16900 2e-05
16901 2e-05
16902 2e-05
16903 2e-05
16904 2e-05
16905 2e-05
16906 2e-05
16907 2e-05
16908 2e-05
16909 2e-05
16910 2e-05
16911 2e-05
16912 2e-05
16913 2e-05
16914 2e-05
16915 2e-05
16916 2e-05
16917 2e-05
16918 2e-05
16919 2e-05
16920 2e-05
16921 2e-05
16922 2e-05
16923 2e-05
16924 2e-05
16925 2e-05
16926 2e-05
16927 2e-05
16928 2e-05
16929 2e-05
16930 2e-05
16931 2e-05
16932 2e-05
16933 2e-05
16934 2e-05
16935 2e-05
16936 2e-05
16937 2e-05
16938 2e-05
16939 2e-05
16940 2e-05
16941 2e-05
16942 2e-05
16943 2e-05
16944 2e-05
16945 2e-05
16946 2e-05
16947 2e-05
16948 2e-05
16949 2e-05
16950 2e-05
16951 2e-05
16952 2e-05
16953 2e-05
16954 2e-05
16955 2e-05
16956 2e-05
16957 2e-05
16958 2e-05
16959 2e-05
16960 2e-05
16961 2e-05
16962 2e-05
16963 2e-05
16964 2e-05
16965 2e-05
16966 2e-05
16967 2e-05
16968 2e-05
16969 2e-05
16970 2e-05
16971 2e-05
16972 2e-05
16973 2e-05
16974 2e-05
16975 2e-05
16976 2e-05
16977 2e-05
16978 2e-05
16979 2e-05
16980 2e-05
16981 2e-05
16982 2e-05
16983 2e-05
16984 2e-05
16985 2e-05
16986 2e-05
16987 2e-05
16988 2e-05
16989 2e-05
16990 2e-05
16991 2e-05
16992 2e-05
16993 2e-05
16994 2e-05
16995 2e-05
16996 2e-05
16997 2e-05
16998 2e-05
16999 2e-05
17000 2e-05
17001 2e-05
17002 2e-05
17003 2e-05
17004 2e-05
17005 2e-05
17006 2e-05
17007 2e-05
17008 2e-05
17009 2e-05
17010 2e-05
17011 2e-05
17012 2e-05
17013 2e-05
17014 2e-05
17015 2e-05
17016 2e-05
17017 2e-05
17018 2e-05
17019 2e-05
17020 2e-05
17021 2e-05
17022 2e-05
17023 2e-05
17024 2e-05
17025 2e-05
17026 2e-05
17027 2e-05
17028 2e-05
17029 2e-05
17030 2e-05
17031 2e-05
17032 2e-05
17033 2e-05
17034 2e-05
17035 2e-05
17036 2e-05
17037 2e-05
17038 2e-05
17039 2e-05
17040 2e-05
17041 2e-05
17042 2e-05
17043 2e-05
17044 2e-05
17045 2e-05
17046 2e-05
17047 2e-05
17048 2e-05
17049 2e-05
17050 2e-05
17051 2e-05
17052 2e-05
17053 2e-05
17054 2e-05
17055 2e-05
17056 2e-05
17057 2e-05
17058 2e-05
17059 2e-05
17060 2e-05
17061 2e-05
17062 2e-05
17063 2e-05
17064 2e-05
17065 2e-05
17066 2e-05
17067 2e-05
17068 2e-05
17069 2e-05
17070 2e-05
17071 2e-05
17072 2e-05
17073 2e-05
17074 2e-05
17075 2e-05
17076 2e-05
17077 2e-05
17078 2e-05
17079 2e-05
17080 2e-05
17081 2e-05
17082 2e-05
17083 2e-05
17084 2e-05
17085 2e-05
17086 2e-05
17087 2e-05
17088 2e-05
17089 2e-05
17090 2e-05
17091 2e-05
17092 2e-05
17093 2e-05
17094 2e-05
17095 2e-05
17096 2e-05
17097 2e-05
17098 2e-05
17099 2e-05
17100 2e-05
17101 2e-05
17102 2e-05
17103 2e-05
17104 2e-05
17105 2e-05
17106 2e-05
17107 2e-05
17108 2e-05
17109 2e-05
17110 2e-05
17111 2e-05
17112 2e-05
17113 2e-05
17114 2e-05
17115 2e-05
17116 2e-05
17117 2e-05
17118 2e-05
17119 2e-05
17120 2e-05
17121 2e-05
17122 2e-05
17123 2e-05
17124 2e-05
17125 2e-05
17126 2e-05
17127 2e-05
17128 2e-05
17129 2e-05
17130 2e-05
17131 2e-05
17132 2e-05
17133 2e-05
17134 2e-05
17135 2e-05
17136 2e-05
17137 2e-05
17138 2e-05
17139 2e-05
17140 2e-05
17141 2e-05
17142 2e-05
17143 2e-05
17144 2e-05
17145 2e-05
17146 2e-05
17147 2e-05
17148 2e-05
17149 2e-05
17150 2e-05
17151 2e-05
17152 2e-05
17153 2e-05
17154 2e-05
17155 2e-05
17156 2e-05
17157 2e-05
17158 2e-05
17159 2e-05
17160 2e-05
17161 2e-05
17162 2e-05
17163 2e-05
17164 2e-05
17165 2e-05
17166 2e-05
17167 2e-05
17168 2e-05
17169 2e-05
17170 2e-05
17171 2e-05
17172 2e-05
17173 2e-05
17174 2e-05
17175 2e-05
17176 2e-05
17177 2e-05
17178 2e-05
17179 2e-05
17180 2e-05
17181 2e-05
17182 2e-05
17183 2e-05
17184 2e-05
17185 2e-05
17186 2e-05
17187 2e-05
17188 2e-05
17189 2e-05
17190 2e-05
17191 2e-05
17192 2e-05
17193 2e-05
17194 2e-05
17195 2e-05
17196 2e-05
17197 2e-05
17198 2e-05
17199 2e-05
17200 2e-05
17201 2e-05
17202 2e-05
17203 2e-05
17204 2e-05
17205 2e-05
17206 2e-05
17207 2e-05
17208 2e-05
17209 2e-05
17210 2e-05
17211 2e-05
17212 2e-05
17213 2e-05
17214 2e-05
17215 2e-05
17216 2e-05
17217 2e-05
17218 2e-05
17219 2e-05
17220 2e-05
17221 2e-05
17222 2e-05
17223 2e-05
17224 2e-05
17225 2e-05
17226 2e-05
17227 2e-05
17228 2e-05
17229 2e-05
17230 2e-05
17231 2e-05
17232 2e-05
17233 2e-05
17234 2e-05
17235 2e-05
17236 2e-05
17237 2e-05
17238 2e-05
17239 2e-05
17240 2e-05
17241 2e-05
17242 2e-05
17243 2e-05
17244 2e-05
17245 2e-05
17246 2e-05
17247 2e-05
17248 2e-05
17249 2e-05
17250 2e-05
17251 2e-05
17252 2e-05
17253 2e-05
17254 2e-05
17255 2e-05
17256 2e-05
17257 2e-05
17258 2e-05
17259 2e-05
17260 2e-05
17261 2e-05
17262 2e-05
17263 2e-05
17264 2e-05
17265 2e-05
17266 2e-05
17267 2e-05
17268 2e-05
17269 2e-05
17270 2e-05
17271 2e-05
17272 2e-05
17273 2e-05
17274 2e-05
17275 2e-05
17276 2e-05
17277 2e-05
17278 2e-05
17279 2e-05
17280 2e-05
17281 2e-05
17282 2e-05
17283 2e-05
17284 2e-05
17285 2e-05
17286 2e-05
17287 2e-05
17288 2e-05
17289 2e-05
17290 2e-05
17291 2e-05
17292 2e-05
17293 2e-05
17294 2e-05
17295 2e-05
17296 2e-05
17297 2e-05
17298 2e-05
17299 2e-05
17300 2e-05
17301 2e-05
17302 2e-05
17303 2e-05
17304 2e-05
17305 2e-05
17306 2e-05
17307 2e-05
17308 2e-05
17309 2e-05
17310 2e-05
17311 2e-05
17312 2e-05
17313 2e-05
17314 2e-05
17315 2e-05
17316 2e-05
17317 2e-05
17318 2e-05
17319 2e-05
17320 2e-05
17321 2e-05
17322 2e-05
17323 2e-05
17324 2e-05
17325 2e-05
17326 2e-05
17327 2e-05
17328 2e-05
17329 2e-05
17330 2e-05
17331 2e-05
17332 2e-05
17333 2e-05
17334 2e-05
17335 2e-05
17336 2e-05
17337 2e-05
17338 2e-05
17339 2e-05
17340 2e-05
17341 2e-05
17342 2e-05
17343 2e-05
17344 2e-05
17345 2e-05
17346 2e-05
17347 2e-05
17348 2e-05
17349 2e-05
17350 2e-05
17351 2e-05
17352 2e-05
17353 2e-05
17354 2e-05
17355 2e-05
17356 2e-05
17357 2e-05
17358 2e-05
17359 2e-05
17360 2e-05
17361 2e-05
17362 2e-05
17363 2e-05
17364 2e-05
17365 2e-05
17366 2e-05
17367 2e-05
17368 2e-05
17369 2e-05
17370 2e-05
17371 2e-05
17372 2e-05
17373 2e-05
17374 2e-05
17375 2e-05
17376 2e-05
17377 2e-05
17378 2e-05
17379 2e-05
17380 2e-05
17381 2e-05
17382 2e-05
17383 2e-05
17384 2e-05
17385 2e-05
17386 2e-05
17387 2e-05
17388 2e-05
17389 2e-05
17390 2e-05
17391 2e-05
17392 2e-05
17393 2e-05
17394 2e-05
17395 2e-05
17396 2e-05
17397 2e-05
17398 2e-05
17399 2e-05
17400 2e-05
17401 2e-05
17402 2e-05
17403 2e-05
17404 2e-05
17405 2e-05
17406 2e-05
17407 2e-05
17408 2e-05
17409 2e-05
17410 2e-05
17411 2e-05
17412 2e-05
17413 2e-05
17414 2e-05
17415 2e-05
17416 2e-05
17417 2e-05
17418 2e-05
17419 2e-05
17420 2e-05
17421 2e-05
17422 2e-05
17423 2e-05
17424 2e-05
17425 2e-05
17426 2e-05
17427 2e-05
17428 2e-05
17429 2e-05
17430 2e-05
17431 2e-05
17432 2e-05
17433 2e-05
17434 2e-05
17435 2e-05
17436 2e-05
17437 2e-05
17438 2e-05
17439 2e-05
17440 2e-05
17441 2e-05
17442 2e-05
17443 2e-05
17444 2e-05
17445 2e-05
17446 2e-05
17447 2e-05
17448 2e-05
17449 2e-05
17450 2e-05
17451 2e-05
17452 2e-05
17453 2e-05
17454 2e-05
17455 2e-05
17456 2e-05
17457 2e-05
17458 2e-05
17459 2e-05
17460 2e-05
17461 2e-05
17462 2e-05
17463 2e-05
17464 2e-05
17465 2e-05
17466 2e-05
17467 2e-05
17468 2e-05
17469 2e-05
17470 2e-05
17471 2e-05
17472 2e-05
17473 2e-05
17474 2e-05
17475 2e-05
17476 2e-05
17477 2e-05
17478 2e-05
17479 2e-05
17480 2e-05
17481 2e-05
17482 2e-05
17483 2e-05
17484 2e-05
17485 2e-05
17486 2e-05
17487 2e-05
17488 2e-05
17489 2e-05
17490 2e-05
17491 2e-05
17492 2e-05
17493 2e-05
17494 2e-05
17495 2e-05
17496 2e-05
17497 2e-05
17498 2e-05
17499 2e-05
17500 2e-05
17501 2e-05
17502 2e-05
17503 2e-05
17504 2e-05
17505 2e-05
17506 2e-05
17507 2e-05
17508 2e-05
17509 2e-05
17510 2e-05
17511 2e-05
17512 2e-05
17513 2e-05
17514 2e-05
17515 2e-05
17516 2e-05
17517 2e-05
17518 2e-05
17519 2e-05
17520 2e-05
17521 2e-05
17522 2e-05
17523 2e-05
17524 2e-05
17525 2e-05
17526 2e-05
17527 2e-05
17528 2e-05
17529 2e-05
17530 2e-05
17531 2e-05
17532 2e-05
17533 2e-05
17534 2e-05
17535 2e-05
17536 2e-05
17537 2e-05
17538 2e-05
17539 2e-05
17540 2e-05
17541 2e-05
17542 2e-05
17543 2e-05
17544 2e-05
17545 2e-05
17546 2e-05
17547 2e-05
17548 2e-05
17549 2e-05
17550 2e-05
17551 2e-05
17552 2e-05
17553 2e-05
17554 2e-05
17555 2e-05
17556 2e-05
17557 2e-05
17558 2e-05
17559 2e-05
17560 2e-05
17561 2e-05
17562 2e-05
17563 2e-05
17564 2e-05
17565 2e-05
17566 2e-05
17567 2e-05
17568 2e-05
17569 2e-05
17570 2e-05
17571 2e-05
17572 2e-05
17573 2e-05
17574 2e-05
17575 2e-05
17576 2e-05
17577 2e-05
17578 2e-05
17579 2e-05
17580 2e-05
17581 2e-05
17582 2e-05
17583 2e-05
17584 2e-05
17585 2e-05
17586 2e-05
17587 2e-05
17588 2e-05
17589 2e-05
17590 2e-05
17591 2e-05
17592 2e-05
17593 2e-05
17594 2e-05
17595 2e-05
17596 2e-05
17597 2e-05
17598 2e-05
17599 2e-05
17600 2e-05
17601 2e-05
17602 2e-05
17603 2e-05
17604 2e-05
17605 2e-05
17606 2e-05
17607 2e-05
17608 2e-05
17609 2e-05
17610 2e-05
17611 2e-05
17612 2e-05
17613 2e-05
17614 2e-05
17615 2e-05
17616 2e-05
17617 2e-05
17618 2e-05
17619 2e-05
17620 2e-05
17621 2e-05
17622 2e-05
17623 2e-05
17624 2e-05
17625 2e-05
17626 2e-05
17627 2e-05
17628 2e-05
17629 2e-05
17630 2e-05
17631 2e-05
17632 2e-05
17633 2e-05
17634 2e-05
17635 2e-05
17636 2e-05
17637 2e-05
17638 2e-05
17639 2e-05
17640 2e-05
17641 2e-05
17642 2e-05
17643 2e-05
17644 2e-05
17645 2e-05
17646 2e-05
17647 2e-05
17648 2e-05
17649 2e-05
17650 2e-05
17651 2e-05
17652 2e-05
17653 2e-05
17654 2e-05
17655 2e-05
17656 2e-05
17657 2e-05
17658 2e-05
17659 2e-05
17660 2e-05
17661 2e-05
17662 2e-05
17663 2e-05
17664 2e-05
17665 2e-05
17666 2e-05
17667 2e-05
17668 2e-05
17669 2e-05
17670 2e-05
17671 2e-05
17672 2e-05
17673 2e-05
17674 2e-05
17675 2e-05
17676 2e-05
17677 2e-05
17678 2e-05
17679 2e-05
17680 2e-05
17681 2e-05
17682 2e-05
17683 2e-05
17684 2e-05
17685 2e-05
17686 2e-05
17687 2e-05
17688 2e-05
17689 2e-05
17690 2e-05
17691 2e-05
17692 2e-05
17693 2e-05
17694 2e-05
17695 2e-05
17696 2e-05
17697 2e-05
17698 2e-05
17699 2e-05
17700 2e-05
17701 2e-05
17702 2e-05
17703 2e-05
17704 2e-05
17705 2e-05
17706 2e-05
17707 2e-05
17708 2e-05
17709 2e-05
17710 2e-05
17711 2e-05
17712 2e-05
17713 2e-05
17714 2e-05
17715 2e-05
17716 2e-05
17717 2e-05
17718 2e-05
17719 2e-05
17720 2e-05
17721 2e-05
17722 2e-05
17723 2e-05
17724 2e-05
17725 2e-05
17726 2e-05
17727 2e-05
17728 2e-05
17729 2e-05
17730 2e-05
17731 2e-05
17732 2e-05
17733 2e-05
17734 2e-05
17735 2e-05
17736 2e-05
17737 2e-05
17738 2e-05
17739 2e-05
17740 2e-05
17741 2e-05
17742 2e-05
17743 2e-05
17744 2e-05
17745 2e-05
17746 2e-05
17747 2e-05
17748 2e-05
17749 2e-05
17750 2e-05
17751 2e-05
17752 2e-05
17753 2e-05
17754 2e-05
17755 2e-05
17756 2e-05
17757 2e-05
17758 2e-05
17759 2e-05
17760 2e-05
17761 2e-05
17762 2e-05
17763 2e-05
17764 2e-05
17765 2e-05
17766 2e-05
17767 2e-05
17768 2e-05
17769 2e-05
17770 2e-05
17771 2e-05
17772 2e-05
17773 2e-05
17774 2e-05
17775 2e-05
17776 2e-05
17777 2e-05
17778 2e-05
17779 2e-05
17780 2e-05
17781 2e-05
17782 2e-05
17783 2e-05
17784 2e-05
17785 2e-05
17786 2e-05
17787 2e-05
17788 2e-05
17789 2e-05
17790 2e-05
17791 2e-05
17792 2e-05
17793 2e-05
17794 2e-05
17795 2e-05
17796 2e-05
17797 2e-05
17798 2e-05
17799 2e-05
17800 2e-05
17801 2e-05
17802 2e-05
17803 2e-05
17804 2e-05
17805 2e-05
17806 2e-05
17807 2e-05
17808 2e-05
17809 2e-05
17810 2e-05
17811 2e-05
17812 2e-05
17813 2e-05
17814 2e-05
17815 2e-05
17816 2e-05
17817 2e-05
17818 2e-05
17819 2e-05
17820 2e-05
17821 2e-05
17822 2e-05
17823 2e-05
17824 2e-05
17825 2e-05
17826 2e-05
17827 2e-05
17828 2e-05
17829 2e-05
17830 2e-05
17831 2e-05
17832 2e-05
17833 2e-05
17834 2e-05
17835 2e-05
17836 2e-05
17837 2e-05
17838 2e-05
17839 2e-05
17840 2e-05
17841 2e-05
17842 2e-05
17843 2e-05
17844 2e-05
17845 2e-05
17846 2e-05
17847 2e-05
17848 2e-05
17849 2e-05
17850 2e-05
17851 2e-05
17852 2e-05
17853 2e-05
17854 2e-05
17855 2e-05
17856 2e-05
17857 2e-05
17858 2e-05
17859 2e-05
17860 2e-05
17861 2e-05
17862 2e-05
17863 2e-05
17864 2e-05
17865 2e-05
17866 2e-05
17867 2e-05
17868 2e-05
17869 2e-05
17870 2e-05
17871 2e-05
17872 2e-05
17873 2e-05
17874 2e-05
17875 2e-05
17876 2e-05
17877 2e-05
17878 2e-05
17879 2e-05
17880 2e-05
17881 2e-05
17882 2e-05
17883 2e-05
17884 2e-05
17885 2e-05
17886 2e-05
17887 2e-05
17888 2e-05
17889 2e-05
17890 2e-05
17891 2e-05
17892 2e-05
17893 2e-05
17894 2e-05
17895 2e-05
17896 2e-05
17897 2e-05
17898 2e-05
17899 2e-05
17900 2e-05
17901 2e-05
17902 2e-05
17903 2e-05
17904 2e-05
17905 2e-05
17906 2e-05
17907 2e-05
17908 2e-05
17909 2e-05
17910 2e-05
17911 2e-05
17912 2e-05
17913 2e-05
17914 2e-05
17915 2e-05
17916 2e-05
17917 2e-05
17918 2e-05
17919 2e-05
17920 2e-05
17921 2e-05
17922 2e-05
17923 2e-05
17924 2e-05
17925 2e-05
17926 2e-05
17927 2e-05
17928 2e-05
17929 2e-05
17930 2e-05
17931 2e-05
17932 2e-05
17933 2e-05
17934 2e-05
17935 2e-05
17936 2e-05
17937 2e-05
17938 2e-05
17939 2e-05
17940 2e-05
17941 2e-05
17942 2e-05
17943 2e-05
17944 2e-05
17945 2e-05
17946 2e-05
17947 2e-05
17948 2e-05
17949 2e-05
17950 2e-05
17951 2e-05
17952 2e-05
17953 2e-05
17954 2e-05
17955 2e-05
17956 2e-05
17957 2e-05
17958 2e-05
17959 2e-05
17960 2e-05
17961 2e-05
17962 2e-05
17963 2e-05
17964 2e-05
17965 2e-05
17966 2e-05
17967 2e-05
17968 2e-05
17969 2e-05
17970 2e-05
17971 2e-05
17972 2e-05
17973 2e-05
17974 2e-05
17975 2e-05
17976 2e-05
17977 2e-05
17978 2e-05
17979 2e-05
17980 2e-05
17981 2e-05
17982 2e-05
17983 2e-05
17984 2e-05
17985 2e-05
17986 2e-05
17987 2e-05
17988 2e-05
17989 2e-05
17990 2e-05
17991 2e-05
17992 2e-05
17993 2e-05
17994 2e-05
17995 2e-05
17996 2e-05
17997 2e-05
17998 2e-05
17999 2e-05
18000 2e-05
18001 2e-05
18002 2e-05
18003 2e-05
18004 2e-05
18005 2e-05
18006 2e-05
18007 2e-05
18008 2e-05
18009 2e-05
18010 2e-05
18011 2e-05
18012 2e-05
18013 2e-05
18014 2e-05
18015 2e-05
18016 2e-05
18017 2e-05
18018 2e-05
18019 2e-05
18020 2e-05
18021 2e-05
18022 2e-05
18023 2e-05
18024 2e-05
18025 2e-05
18026 2e-05
18027 2e-05
18028 2e-05
18029 2e-05
18030 2e-05
18031 2e-05
18032 2e-05
18033 2e-05
18034 2e-05
18035 2e-05
18036 2e-05
18037 2e-05
18038 2e-05
18039 2e-05
18040 2e-05
18041 2e-05
18042 2e-05
18043 2e-05
18044 2e-05
18045 2e-05
18046 2e-05
18047 2e-05
18048 2e-05
18049 2e-05
18050 2e-05
18051 2e-05
18052 2e-05
18053 2e-05
18054 2e-05
18055 2e-05
18056 2e-05
18057 2e-05
18058 2e-05
18059 2e-05
18060 2e-05
18061 2e-05
18062 2e-05
18063 2e-05
18064 2e-05
18065 2e-05
18066 2e-05
18067 2e-05
18068 2e-05
18069 2e-05
18070 2e-05
18071 2e-05
18072 2e-05
18073 2e-05
18074 2e-05
18075 2e-05
18076 2e-05
18077 2e-05
18078 2e-05
18079 2e-05
18080 2e-05
18081 2e-05
18082 2e-05
18083 2e-05
18084 2e-05
18085 2e-05
18086 2e-05
18087 2e-05
18088 2e-05
18089 2e-05
18090 2e-05
18091 2e-05
18092 2e-05
18093 2e-05
18094 2e-05
18095 2e-05
18096 2e-05
18097 2e-05
18098 2e-05
18099 2e-05
18100 2e-05
18101 2e-05
18102 2e-05
18103 2e-05
18104 2e-05
18105 2e-05
18106 2e-05
18107 2e-05
18108 2e-05
18109 2e-05
18110 2e-05
18111 2e-05
18112 2e-05
18113 2e-05
18114 2e-05
18115 2e-05
18116 2e-05
18117 2e-05
18118 2e-05
18119 2e-05
18120 2e-05
18121 2e-05
18122 2e-05
18123 2e-05
18124 2e-05
18125 2e-05
18126 2e-05
18127 2e-05
18128 2e-05
18129 2e-05
18130 2e-05
18131 2e-05
18132 2e-05
18133 2e-05
18134 2e-05
18135 2e-05
18136 2e-05
18137 2e-05
18138 2e-05
18139 2e-05
18140 2e-05
18141 2e-05
18142 2e-05
18143 2e-05
18144 2e-05
18145 2e-05
18146 2e-05
18147 2e-05
18148 2e-05
18149 2e-05
18150 2e-05
18151 2e-05
18152 2e-05
18153 2e-05
18154 2e-05
18155 2e-05
18156 2e-05
18157 2e-05
18158 2e-05
18159 2e-05
18160 2e-05
18161 2e-05
18162 2e-05
18163 2e-05
18164 2e-05
18165 2e-05
18166 2e-05
18167 2e-05
18168 2e-05
18169 2e-05
18170 2e-05
18171 2e-05
18172 2e-05
18173 2e-05
18174 2e-05
18175 2e-05
18176 2e-05
18177 2e-05
18178 2e-05
18179 2e-05
18180 2e-05
18181 2e-05
18182 2e-05
18183 2e-05
18184 2e-05
18185 2e-05
18186 2e-05
18187 2e-05
18188 2e-05
18189 2e-05
18190 2e-05
18191 2e-05
18192 2e-05
18193 2e-05
18194 2e-05
18195 2e-05
18196 2e-05
18197 2e-05
18198 2e-05
18199 2e-05
18200 2e-05
18201 2e-05
18202 2e-05
18203 2e-05
18204 2e-05
18205 2e-05
18206 2e-05
18207 2e-05
18208 2e-05
18209 2e-05
18210 2e-05
18211 2e-05
18212 2e-05
18213 2e-05
18214 2e-05
18215 2e-05
18216 2e-05
18217 2e-05
18218 2e-05
18219 2e-05
18220 2e-05
18221 2e-05
18222 2e-05
18223 2e-05
18224 2e-05
18225 2e-05
18226 2e-05
18227 2e-05
18228 2e-05
18229 2e-05
18230 2e-05
18231 2e-05
18232 2e-05
18233 2e-05
18234 2e-05
18235 2e-05
18236 2e-05
18237 2e-05
18238 2e-05
18239 2e-05
18240 2e-05
18241 2e-05
18242 2e-05
18243 2e-05
18244 2e-05
18245 2e-05
18246 2e-05
18247 2e-05
18248 2e-05
18249 2e-05
18250 2e-05
18251 2e-05
18252 2e-05
18253 2e-05
18254 2e-05
18255 2e-05
18256 2e-05
18257 2e-05
18258 2e-05
18259 2e-05
18260 2e-05
18261 2e-05
18262 2e-05
18263 2e-05
18264 2e-05
18265 2e-05
18266 2e-05
18267 2e-05
18268 2e-05
18269 2e-05
18270 2e-05
18271 2e-05
18272 2e-05
18273 2e-05
18274 2e-05
18275 2e-05
18276 2e-05
18277 2e-05
18278 2e-05
18279 2e-05
18280 2e-05
18281 2e-05
18282 2e-05
18283 2e-05
18284 2e-05
18285 2e-05
18286 2e-05
18287 2e-05
18288 2e-05
18289 2e-05
18290 2e-05
18291 2e-05
18292 2e-05
18293 2e-05
18294 2e-05
18295 2e-05
18296 2e-05
18297 2e-05
18298 2e-05
18299 2e-05
18300 2e-05
18301 2e-05
18302 2e-05
18303 2e-05
18304 2e-05
18305 2e-05
18306 2e-05
18307 2e-05
18308 2e-05
18309 2e-05
18310 2e-05
18311 2e-05
18312 2e-05
18313 2e-05
18314 2e-05
18315 2e-05
18316 2e-05
18317 2e-05
18318 2e-05
18319 2e-05
18320 2e-05
18321 2e-05
18322 2e-05
18323 2e-05
18324 2e-05
18325 2e-05
18326 2e-05
18327 2e-05
18328 2e-05
18329 2e-05
18330 2e-05
18331 2e-05
18332 2e-05
18333 2e-05
18334 2e-05
18335 2e-05
18336 2e-05
18337 2e-05
18338 2e-05
18339 2e-05
18340 2e-05
18341 2e-05
18342 2e-05
18343 2e-05
18344 2e-05
18345 2e-05
18346 2e-05
18347 2e-05
18348 2e-05
18349 2e-05
18350 2e-05
18351 2e-05
18352 2e-05
18353 2e-05
18354 2e-05
18355 2e-05
18356 2e-05
18357 2e-05
18358 2e-05
18359 2e-05
18360 2e-05
18361 2e-05
18362 2e-05
18363 2e-05
18364 2e-05
18365 2e-05
18366 2e-05
18367 2e-05
18368 2e-05
18369 2e-05
18370 2e-05
18371 2e-05
18372 2e-05
18373 2e-05
18374 2e-05
18375 2e-05
18376 2e-05
18377 2e-05
18378 2e-05
18379 2e-05
18380 2e-05
18381 2e-05
18382 2e-05
18383 2e-05
18384 2e-05
18385 2e-05
18386 2e-05
18387 2e-05
18388 2e-05
18389 2e-05
18390 2e-05
18391 2e-05
18392 2e-05
18393 2e-05
18394 2e-05
18395 2e-05
18396 2e-05
18397 2e-05
18398 2e-05
18399 2e-05
18400 2e-05
18401 2e-05
18402 2e-05
18403 2e-05
18404 2e-05
18405 2e-05
18406 2e-05
18407 2e-05
18408 2e-05
18409 2e-05
18410 2e-05
18411 2e-05
18412 2e-05
18413 2e-05
18414 2e-05
18415 2e-05
18416 2e-05
18417 2e-05
18418 2e-05
18419 2e-05
18420 2e-05
18421 2e-05
18422 2e-05
18423 2e-05
18424 2e-05
18425 2e-05
18426 2e-05
18427 2e-05
18428 2e-05
18429 2e-05
18430 2e-05
18431 2e-05
18432 2e-05
18433 2e-05
18434 2e-05
18435 2e-05
18436 2e-05
18437 2e-05
18438 2e-05
18439 2e-05
18440 2e-05
18441 2e-05
18442 2e-05
18443 2e-05
18444 2e-05
18445 2e-05
18446 2e-05
18447 2e-05
18448 2e-05
18449 2e-05
18450 2e-05
18451 2e-05
18452 2e-05
18453 2e-05
18454 2e-05
18455 2e-05
18456 2e-05
18457 2e-05
18458 2e-05
18459 2e-05
18460 2e-05
18461 2e-05
18462 2e-05
18463 2e-05
18464 2e-05
18465 2e-05
18466 2e-05
18467 2e-05
18468 2e-05
18469 2e-05
18470 2e-05
18471 2e-05
18472 2e-05
18473 2e-05
18474 2e-05
18475 2e-05
18476 2e-05
18477 2e-05
18478 2e-05
18479 2e-05
18480 2e-05
18481 2e-05
18482 2e-05
18483 2e-05
18484 2e-05
18485 2e-05
18486 2e-05
18487 2e-05
18488 2e-05
18489 2e-05
18490 2e-05
18491 2e-05
18492 2e-05
18493 2e-05
18494 2e-05
18495 2e-05
18496 2e-05
18497 2e-05
18498 2e-05
18499 2e-05
18500 2e-05
18501 2e-05
18502 2e-05
18503 2e-05
18504 2e-05
18505 2e-05
18506 2e-05
18507 2e-05
18508 2e-05
18509 2e-05
18510 2e-05
18511 2e-05
18512 2e-05
18513 2e-05
18514 2e-05
18515 2e-05
18516 2e-05
18517 2e-05
18518 2e-05
18519 2e-05
18520 2e-05
18521 2e-05
18522 2e-05
18523 2e-05
18524 2e-05
18525 2e-05
18526 2e-05
18527 2e-05
18528 2e-05
18529 2e-05
18530 2e-05
18531 2e-05
18532 2e-05
18533 2e-05
18534 2e-05
18535 2e-05
18536 2e-05
18537 2e-05
18538 2e-05
18539 2e-05
18540 2e-05
18541 2e-05
18542 2e-05
18543 2e-05
18544 2e-05
18545 2e-05
18546 2e-05
18547 2e-05
18548 2e-05
18549 2e-05
18550 2e-05
18551 2e-05
18552 2e-05
18553 2e-05
18554 2e-05
18555 2e-05
18556 2e-05
18557 2e-05
18558 2e-05
18559 2e-05
18560 2e-05
18561 2e-05
18562 2e-05
18563 2e-05
18564 2e-05
18565 2e-05
18566 2e-05
18567 2e-05
18568 2e-05
18569 2e-05
18570 2e-05
18571 2e-05
18572 2e-05
18573 2e-05
18574 2e-05
18575 2e-05
18576 2e-05
18577 2e-05
18578 2e-05
18579 2e-05
18580 2e-05
18581 2e-05
18582 2e-05
18583 2e-05
18584 2e-05
18585 2e-05
18586 2e-05
18587 2e-05
18588 2e-05
18589 2e-05
18590 2e-05
18591 2e-05
18592 2e-05
18593 2e-05
18594 2e-05
18595 2e-05
18596 2e-05
18597 2e-05
18598 2e-05
18599 2e-05
18600 2e-05
18601 2e-05
18602 2e-05
18603 2e-05
18604 2e-05
18605 2e-05
18606 2e-05
18607 2e-05
18608 2e-05
18609 2e-05
18610 2e-05
18611 2e-05
18612 2e-05
18613 2e-05
18614 2e-05
18615 2e-05
18616 2e-05
18617 2e-05
18618 2e-05
18619 2e-05
18620 2e-05
18621 2e-05
18622 2e-05
18623 2e-05
18624 2e-05
18625 2e-05
18626 2e-05
18627 2e-05
18628 2e-05
18629 2e-05
18630 2e-05
18631 2e-05
18632 2e-05
18633 2e-05
18634 2e-05
18635 2e-05
18636 2e-05
18637 2e-05
18638 2e-05
18639 2e-05
18640 2e-05
18641 2e-05
18642 2e-05
18643 2e-05
18644 2e-05
18645 2e-05
18646 2e-05
18647 2e-05
18648 2e-05
18649 2e-05
18650 2e-05
18651 2e-05
18652 2e-05
18653 2e-05
18654 2e-05
18655 2e-05
18656 2e-05
18657 2e-05
18658 2e-05
18659 2e-05
18660 2e-05
18661 2e-05
18662 2e-05
18663 2e-05
18664 2e-05
18665 2e-05
18666 2e-05
18667 2e-05
18668 2e-05
18669 2e-05
18670 2e-05
18671 2e-05
18672 2e-05
18673 2e-05
18674 2e-05
18675 2e-05
18676 2e-05
18677 2e-05
18678 2e-05
18679 2e-05
18680 2e-05
18681 2e-05
18682 2e-05
18683 2e-05
18684 2e-05
18685 2e-05
18686 2e-05
18687 2e-05
18688 2e-05
18689 2e-05
18690 2e-05
18691 2e-05
18692 2e-05
18693 2e-05
18694 2e-05
18695 2e-05
18696 2e-05
18697 2e-05
18698 2e-05
18699 2e-05
18700 2e-05
18701 2e-05
18702 2e-05
18703 2e-05
18704 2e-05
18705 2e-05
18706 2e-05
18707 2e-05
18708 2e-05
18709 2e-05
18710 2e-05
18711 2e-05
18712 2e-05
18713 2e-05
18714 2e-05
18715 2e-05
18716 2e-05
18717 2e-05
18718 2e-05
18719 2e-05
18720 2e-05
18721 2e-05
18722 2e-05
18723 2e-05
18724 2e-05
18725 2e-05
18726 2e-05
18727 2e-05
18728 2e-05
18729 2e-05
18730 2e-05
18731 2e-05
18732 2e-05
18733 2e-05
18734 2e-05
18735 2e-05
18736 2e-05
18737 2e-05
18738 2e-05
18739 2e-05
18740 2e-05
18741 2e-05
18742 2e-05
18743 2e-05
18744 2e-05
18745 2e-05
18746 2e-05
18747 2e-05
18748 2e-05
18749 2e-05
18750 2e-05
18751 2e-05
18752 2e-05
18753 2e-05
18754 2e-05
18755 2e-05
18756 2e-05
18757 2e-05
18758 2e-05
18759 2e-05
18760 2e-05
18761 2e-05
18762 2e-05
18763 2e-05
18764 2e-05
18765 2e-05
18766 2e-05
18767 2e-05
18768 2e-05
18769 2e-05
18770 2e-05
18771 2e-05
18772 2e-05
18773 2e-05
18774 2e-05
18775 2e-05
18776 2e-05
18777 2e-05
18778 2e-05
18779 2e-05
18780 2e-05
18781 2e-05
18782 2e-05
18783 2e-05
18784 2e-05
18785 2e-05
18786 2e-05
18787 2e-05
18788 2e-05
18789 2e-05
18790 2e-05
18791 2e-05
18792 2e-05
18793 2e-05
18794 2e-05
18795 2e-05
18796 2e-05
18797 2e-05
18798 2e-05
18799 2e-05
18800 2e-05
18801 2e-05
18802 2e-05
18803 2e-05
18804 2e-05
18805 2e-05
18806 2e-05
18807 2e-05
18808 2e-05
18809 2e-05
18810 2e-05
18811 2e-05
18812 2e-05
18813 2e-05
18814 2e-05
18815 2e-05
18816 2e-05
18817 2e-05
18818 2e-05
18819 2e-05
18820 2e-05
18821 2e-05
18822 2e-05
18823 2e-05
18824 2e-05
18825 2e-05
18826 2e-05
18827 2e-05
18828 2e-05
18829 2e-05
18830 2e-05
18831 2e-05
18832 2e-05
18833 2e-05
18834 2e-05
18835 2e-05
18836 2e-05
18837 2e-05
18838 2e-05
18839 2e-05
18840 2e-05
18841 2e-05
18842 2e-05
18843 2e-05
18844 2e-05
18845 2e-05
18846 2e-05
18847 2e-05
18848 2e-05
18849 2e-05
18850 2e-05
18851 2e-05
18852 2e-05
18853 2e-05
18854 2e-05
18855 2e-05
18856 2e-05
18857 2e-05
18858 2e-05
18859 2e-05
18860 2e-05
18861 2e-05
18862 2e-05
18863 2e-05
18864 2e-05
18865 2e-05
18866 2e-05
18867 2e-05
18868 2e-05
18869 2e-05
18870 2e-05
18871 2e-05
18872 2e-05
18873 2e-05
18874 2e-05
18875 2e-05
18876 2e-05
18877 2e-05
18878 2e-05
18879 2e-05
18880 2e-05
18881 2e-05
18882 2e-05
18883 2e-05
18884 2e-05
18885 2e-05
18886 2e-05
18887 2e-05
18888 2e-05
18889 2e-05
18890 2e-05
18891 2e-05
18892 2e-05
18893 2e-05
18894 2e-05
18895 2e-05
18896 2e-05
18897 2e-05
18898 2e-05
18899 2e-05
18900 2e-05
18901 2e-05
18902 2e-05
18903 2e-05
18904 2e-05
18905 2e-05
18906 2e-05
18907 2e-05
18908 2e-05
18909 2e-05
18910 2e-05
18911 2e-05
18912 2e-05
18913 2e-05
18914 2e-05
18915 2e-05
18916 2e-05
18917 2e-05
18918 2e-05
18919 2e-05
18920 2e-05
18921 2e-05
18922 2e-05
18923 2e-05
18924 2e-05
18925 2e-05
18926 2e-05
18927 2e-05
18928 2e-05
18929 2e-05
18930 2e-05
18931 2e-05
18932 2e-05
18933 2e-05
18934 2e-05
18935 2e-05
18936 2e-05
18937 2e-05
18938 2e-05
18939 2e-05
18940 2e-05
18941 2e-05
18942 2e-05
18943 2e-05
18944 2e-05
18945 2e-05
18946 2e-05
18947 2e-05
18948 2e-05
18949 2e-05
18950 2e-05
18951 2e-05
18952 2e-05
18953 2e-05
18954 2e-05
18955 2e-05
18956 2e-05
18957 2e-05
18958 2e-05
18959 2e-05
18960 2e-05
18961 2e-05
18962 2e-05
18963 2e-05
18964 2e-05
18965 2e-05
18966 2e-05
18967 2e-05
18968 2e-05
18969 2e-05
18970 2e-05
18971 2e-05
18972 2e-05
18973 2e-05
18974 2e-05
18975 2e-05
18976 2e-05
18977 2e-05
18978 2e-05
18979 2e-05
18980 2e-05
18981 2e-05
18982 2e-05
18983 2e-05
18984 2e-05
18985 2e-05
18986 2e-05
18987 2e-05
18988 2e-05
18989 2e-05
18990 2e-05
18991 2e-05
18992 2e-05
18993 2e-05
18994 2e-05
18995 2e-05
18996 2e-05
18997 2e-05
18998 2e-05
18999 2e-05
19000 2e-05
19001 2e-05
19002 2e-05
19003 2e-05
19004 2e-05
19005 2e-05
19006 2e-05
19007 2e-05
19008 2e-05
19009 2e-05
19010 2e-05
19011 2e-05
19012 2e-05
19013 2e-05
19014 2e-05
19015 2e-05
19016 2e-05
19017 2e-05
19018 2e-05
19019 2e-05
19020 2e-05
19021 2e-05
19022 2e-05
19023 2e-05
19024 2e-05
19025 2e-05
19026 2e-05
19027 2e-05
19028 2e-05
19029 2e-05
19030 2e-05
19031 2e-05
19032 2e-05
19033 2e-05
19034 2e-05
19035 2e-05
19036 2e-05
19037 2e-05
19038 2e-05
19039 2e-05
19040 2e-05
19041 2e-05
19042 2e-05
19043 2e-05
19044 2e-05
19045 2e-05
19046 2e-05
19047 2e-05
19048 2e-05
19049 2e-05
19050 2e-05
19051 2e-05
19052 2e-05
19053 2e-05
19054 2e-05
19055 2e-05
19056 2e-05
19057 2e-05
19058 2e-05
19059 2e-05
19060 2e-05
19061 2e-05
19062 2e-05
19063 2e-05
19064 2e-05
19065 2e-05
19066 2e-05
19067 2e-05
19068 2e-05
19069 2e-05
19070 2e-05
19071 2e-05
19072 2e-05
19073 2e-05
19074 2e-05
19075 2e-05
19076 2e-05
19077 2e-05
19078 2e-05
19079 2e-05
19080 2e-05
19081 2e-05
19082 2e-05
19083 2e-05
19084 2e-05
19085 2e-05
19086 2e-05
19087 2e-05
19088 2e-05
19089 2e-05
19090 2e-05
19091 2e-05
19092 2e-05
19093 2e-05
19094 2e-05
19095 2e-05
19096 2e-05
19097 2e-05
19098 2e-05
19099 2e-05
19100 2e-05
19101 2e-05
19102 2e-05
19103 2e-05
19104 2e-05
19105 2e-05
19106 2e-05
19107 2e-05
19108 2e-05
19109 2e-05
19110 2e-05
19111 2e-05
19112 2e-05
19113 2e-05
19114 2e-05
19115 2e-05
19116 2e-05
19117 2e-05
19118 2e-05
19119 2e-05
19120 2e-05
19121 2e-05
19122 2e-05
19123 2e-05
19124 2e-05
19125 2e-05
19126 2e-05
19127 2e-05
19128 2e-05
19129 2e-05
19130 2e-05
19131 2e-05
19132 2e-05
19133 2e-05
19134 2e-05
19135 2e-05
19136 2e-05
19137 2e-05
19138 2e-05
19139 2e-05
19140 2e-05
19141 2e-05
19142 2e-05
19143 2e-05
19144 2e-05
19145 2e-05
19146 2e-05
19147 2e-05
19148 2e-05
19149 2e-05
19150 2e-05
19151 2e-05
19152 2e-05
19153 2e-05
19154 2e-05
19155 2e-05
19156 2e-05
19157 2e-05
19158 2e-05
19159 2e-05
19160 2e-05
19161 2e-05
19162 2e-05
19163 2e-05
19164 2e-05
19165 2e-05
19166 2e-05
19167 2e-05
19168 2e-05
19169 2e-05
19170 2e-05
19171 2e-05
19172 2e-05
19173 2e-05
19174 2e-05
19175 2e-05
19176 2e-05
19177 2e-05
19178 2e-05
19179 2e-05
19180 2e-05
19181 2e-05
19182 2e-05
19183 2e-05
19184 2e-05
19185 2e-05
19186 2e-05
19187 2e-05
19188 2e-05
19189 2e-05
19190 2e-05
19191 2e-05
19192 2e-05
19193 2e-05
19194 2e-05
19195 2e-05
19196 2e-05
19197 2e-05
19198 2e-05
19199 2e-05
19200 2e-05
19201 2e-05
19202 2e-05
19203 2e-05
19204 2e-05
19205 2e-05
19206 2e-05
19207 2e-05
19208 2e-05
19209 2e-05
19210 2e-05
19211 2e-05
19212 2e-05
19213 2e-05
19214 2e-05
19215 2e-05
19216 2e-05
19217 2e-05
19218 2e-05
19219 2e-05
19220 2e-05
19221 2e-05
19222 2e-05
19223 2e-05
19224 2e-05
19225 2e-05
19226 2e-05
19227 2e-05
19228 2e-05
19229 2e-05
19230 2e-05
19231 2e-05
19232 2e-05
19233 2e-05
19234 2e-05
19235 2e-05
19236 2e-05
19237 2e-05
19238 2e-05
19239 2e-05
19240 2e-05
19241 2e-05
19242 2e-05
19243 2e-05
19244 2e-05
19245 2e-05
19246 2e-05
19247 2e-05
19248 2e-05
19249 2e-05
19250 2e-05
19251 2e-05
19252 2e-05
19253 2e-05
19254 2e-05
19255 2e-05
19256 2e-05
19257 2e-05
19258 2e-05
19259 2e-05
19260 2e-05
19261 2e-05
19262 2e-05
19263 2e-05
19264 2e-05
19265 2e-05
19266 2e-05
19267 2e-05
19268 2e-05
19269 2e-05
19270 2e-05
19271 2e-05
19272 2e-05
19273 2e-05
19274 2e-05
19275 2e-05
19276 2e-05
19277 2e-05
19278 2e-05
19279 2e-05
19280 2e-05
19281 2e-05
19282 2e-05
19283 2e-05
19284 2e-05
19285 2e-05
19286 2e-05
19287 2e-05
19288 2e-05
19289 2e-05
19290 2e-05
19291 2e-05
19292 2e-05
19293 2e-05
19294 2e-05
19295 2e-05
19296 2e-05
19297 2e-05
19298 2e-05
19299 2e-05
19300 2e-05
19301 2e-05
19302 2e-05
19303 2e-05
19304 2e-05
19305 2e-05
19306 2e-05
19307 2e-05
19308 2e-05
19309 2e-05
19310 2e-05
19311 2e-05
19312 2e-05
19313 2e-05
19314 2e-05
19315 2e-05
19316 2e-05
19317 2e-05
19318 2e-05
19319 2e-05
19320 2e-05
19321 2e-05
19322 2e-05
19323 2e-05
19324 2e-05
19325 2e-05
19326 2e-05
19327 2e-05
19328 2e-05
19329 2e-05
19330 2e-05
19331 2e-05
19332 2e-05
19333 2e-05
19334 2e-05
19335 2e-05
19336 2e-05
19337 2e-05
19338 2e-05
19339 2e-05
19340 2e-05
19341 2e-05
19342 2e-05
19343 2e-05
19344 2e-05
19345 2e-05
19346 2e-05
19347 2e-05
19348 2e-05
19349 2e-05
19350 2e-05
19351 2e-05
19352 2e-05
19353 2e-05
19354 2e-05
19355 2e-05
19356 2e-05
19357 2e-05
19358 2e-05
19359 2e-05
19360 2e-05
19361 2e-05
19362 2e-05
19363 2e-05
19364 2e-05
19365 2e-05
19366 2e-05
19367 2e-05
19368 2e-05
19369 2e-05
19370 2e-05
19371 2e-05
19372 2e-05
19373 2e-05
19374 2e-05
19375 2e-05
19376 2e-05
19377 2e-05
19378 2e-05
19379 2e-05
19380 2e-05
19381 2e-05
19382 2e-05
19383 2e-05
19384 2e-05
19385 2e-05
19386 2e-05
19387 2e-05
19388 2e-05
19389 2e-05
19390 2e-05
19391 2e-05
19392 2e-05
19393 2e-05
19394 2e-05
19395 2e-05
19396 2e-05
19397 2e-05
19398 2e-05
19399 2e-05
19400 2e-05
19401 2e-05
19402 2e-05
19403 2e-05
19404 2e-05
19405 2e-05
19406 2e-05
19407 2e-05
19408 2e-05
19409 2e-05
19410 2e-05
19411 2e-05
19412 2e-05
19413 2e-05
19414 2e-05
19415 2e-05
19416 2e-05
19417 2e-05
19418 2e-05
19419 2e-05
19420 2e-05
19421 2e-05
19422 2e-05
19423 2e-05
19424 2e-05
19425 2e-05
19426 2e-05
19427 2e-05
19428 2e-05
19429 2e-05
19430 2e-05
19431 2e-05
19432 2e-05
19433 2e-05
19434 2e-05
19435 2e-05
19436 2e-05
19437 2e-05
19438 2e-05
19439 2e-05
19440 2e-05
19441 2e-05
19442 2e-05
19443 2e-05
19444 2e-05
19445 2e-05
19446 2e-05
19447 2e-05
19448 2e-05
19449 2e-05
19450 2e-05
19451 2e-05
19452 2e-05
19453 2e-05
19454 2e-05
19455 2e-05
19456 2e-05
19457 2e-05
19458 2e-05
19459 2e-05
19460 2e-05
19461 2e-05
19462 2e-05
19463 2e-05
19464 2e-05
19465 2e-05
19466 2e-05
19467 2e-05
19468 2e-05
19469 2e-05
19470 2e-05
19471 2e-05
19472 2e-05
19473 2e-05
19474 2e-05
19475 2e-05
19476 2e-05
19477 2e-05
19478 2e-05
19479 2e-05
19480 2e-05
19481 2e-05
19482 2e-05
19483 2e-05
19484 2e-05
19485 2e-05
19486 2e-05
19487 2e-05
19488 2e-05
19489 2e-05
19490 2e-05
19491 2e-05
19492 2e-05
19493 2e-05
19494 2e-05
19495 2e-05
19496 2e-05
19497 2e-05
19498 2e-05
19499 2e-05
19500 2e-05
19501 2e-05
19502 2e-05
19503 2e-05
19504 2e-05
19505 2e-05
19506 2e-05
19507 2e-05
19508 2e-05
19509 2e-05
19510 2e-05
19511 2e-05
19512 2e-05
19513 2e-05
19514 2e-05
19515 2e-05
19516 2e-05
19517 2e-05
19518 2e-05
19519 2e-05
19520 2e-05
19521 2e-05
19522 2e-05
19523 2e-05
19524 2e-05
19525 2e-05
19526 2e-05
19527 2e-05
19528 2e-05
19529 2e-05
19530 2e-05
19531 2e-05
19532 2e-05
19533 2e-05
19534 2e-05
19535 2e-05
19536 2e-05
19537 2e-05
19538 2e-05
19539 2e-05
19540 2e-05
19541 2e-05
19542 2e-05
19543 2e-05
19544 2e-05
19545 2e-05
19546 2e-05
19547 2e-05
19548 2e-05
19549 2e-05
19550 2e-05
19551 2e-05
19552 2e-05
19553 2e-05
19554 2e-05
19555 2e-05
19556 2e-05
19557 2e-05
19558 2e-05
19559 2e-05
19560 2e-05
19561 2e-05
19562 2e-05
19563 2e-05
19564 2e-05
19565 2e-05
19566 2e-05
19567 2e-05
19568 2e-05
19569 2e-05
19570 2e-05
19571 2e-05
19572 2e-05
19573 2e-05
19574 2e-05
19575 2e-05
19576 2e-05
19577 2e-05
19578 2e-05
19579 2e-05
19580 2e-05
19581 2e-05
19582 2e-05
19583 2e-05
19584 2e-05
19585 2e-05
19586 2e-05
19587 2e-05
19588 2e-05
19589 2e-05
19590 2e-05
19591 2e-05
19592 2e-05
19593 2e-05
19594 2e-05
19595 2e-05
19596 2e-05
19597 2e-05
19598 2e-05
19599 2e-05
19600 2e-05
19601 2e-05
19602 2e-05
19603 2e-05
19604 2e-05
19605 2e-05
19606 2e-05
19607 2e-05
19608 2e-05
19609 2e-05
19610 2e-05
19611 2e-05
19612 2e-05
19613 2e-05
19614 2e-05
19615 2e-05
19616 2e-05
19617 2e-05
19618 2e-05
19619 2e-05
19620 2e-05
19621 2e-05
19622 2e-05
19623 2e-05
19624 2e-05
19625 2e-05
19626 2e-05
19627 2e-05
19628 2e-05
19629 2e-05
19630 2e-05
19631 2e-05
19632 2e-05
19633 2e-05
19634 2e-05
19635 2e-05
19636 2e-05
19637 2e-05
19638 2e-05
19639 2e-05
19640 2e-05
19641 2e-05
19642 2e-05
19643 2e-05
19644 2e-05
19645 2e-05
19646 2e-05
19647 2e-05
19648 2e-05
19649 2e-05
19650 2e-05
19651 2e-05
19652 2e-05
19653 2e-05
19654 2e-05
19655 2e-05
19656 2e-05
19657 2e-05
19658 2e-05
19659 2e-05
19660 2e-05
19661 2e-05
19662 2e-05
19663 2e-05
19664 2e-05
19665 2e-05
19666 2e-05
19667 2e-05
19668 2e-05
19669 2e-05
19670 2e-05
19671 2e-05
19672 2e-05
19673 2e-05
19674 2e-05
19675 2e-05
19676 2e-05
19677 2e-05
19678 2e-05
19679 2e-05
19680 2e-05
19681 2e-05
19682 2e-05
19683 2e-05
19684 2e-05
19685 2e-05
19686 2e-05
19687 2e-05
19688 2e-05
19689 2e-05
19690 2e-05
19691 2e-05
19692 2e-05
19693 2e-05
19694 2e-05
19695 2e-05
19696 2e-05
19697 2e-05
19698 2e-05
19699 2e-05
19700 2e-05
19701 2e-05
19702 2e-05
19703 2e-05
19704 2e-05
19705 2e-05
19706 2e-05
19707 2e-05
19708 2e-05
19709 2e-05
19710 2e-05
19711 2e-05
19712 2e-05
19713 2e-05
19714 2e-05
19715 2e-05
19716 2e-05
19717 2e-05
19718 2e-05
19719 2e-05
19720 2e-05
19721 2e-05
19722 2e-05
19723 2e-05
19724 2e-05
19725 2e-05
19726 2e-05
19727 2e-05
19728 2e-05
19729 2e-05
19730 2e-05
19731 2e-05
19732 2e-05
19733 2e-05
19734 2e-05
19735 2e-05
19736 2e-05
19737 2e-05
19738 2e-05
19739 2e-05
19740 2e-05
19741 2e-05
19742 2e-05
19743 2e-05
19744 2e-05
19745 2e-05
19746 2e-05
19747 2e-05
19748 2e-05
19749 2e-05
19750 2e-05
19751 2e-05
19752 2e-05
19753 2e-05
19754 2e-05
19755 2e-05
19756 2e-05
19757 2e-05
19758 2e-05
19759 2e-05
19760 2e-05
19761 2e-05
19762 2e-05
19763 2e-05
19764 2e-05
19765 2e-05
19766 2e-05
19767 2e-05
19768 2e-05
19769 2e-05
19770 2e-05
19771 2e-05
19772 2e-05
19773 2e-05
19774 2e-05
19775 2e-05
19776 2e-05
19777 2e-05
19778 2e-05
19779 2e-05
19780 2e-05
19781 2e-05
19782 2e-05
19783 2e-05
19784 2e-05
19785 2e-05
19786 2e-05
19787 2e-05
19788 2e-05
19789 2e-05
19790 2e-05
19791 2e-05
19792 2e-05
19793 2e-05
19794 2e-05
19795 2e-05
19796 2e-05
19797 2e-05
19798 2e-05
19799 2e-05
19800 2e-05
19801 2e-05
19802 2e-05
19803 2e-05
19804 2e-05
19805 2e-05
19806 2e-05
19807 2e-05
19808 2e-05
19809 2e-05
19810 2e-05
19811 2e-05
19812 2e-05
19813 2e-05
19814 2e-05
19815 2e-05
19816 2e-05
19817 2e-05
19818 2e-05
19819 2e-05
19820 2e-05
19821 2e-05
19822 2e-05
19823 2e-05
19824 2e-05
19825 2e-05
19826 2e-05
19827 2e-05
19828 2e-05
19829 2e-05
19830 2e-05
19831 2e-05
19832 2e-05
19833 2e-05
19834 2e-05
19835 2e-05
19836 2e-05
19837 2e-05
19838 2e-05
19839 2e-05
19840 2e-05
19841 2e-05
19842 2e-05
19843 2e-05
19844 2e-05
19845 2e-05
19846 2e-05
19847 2e-05
19848 2e-05
19849 2e-05
19850 2e-05
19851 2e-05
19852 2e-05
19853 2e-05
19854 2e-05
19855 2e-05
19856 2e-05
19857 2e-05
19858 2e-05
19859 2e-05
19860 2e-05
19861 2e-05
19862 2e-05
19863 2e-05
19864 2e-05
19865 2e-05
19866 2e-05
19867 2e-05
19868 2e-05
19869 2e-05
19870 2e-05
19871 2e-05
19872 2e-05
19873 2e-05
19874 2e-05
19875 2e-05
19876 2e-05
19877 2e-05
19878 2e-05
19879 2e-05
19880 2e-05
19881 2e-05
19882 2e-05
19883 2e-05
19884 2e-05
19885 2e-05
19886 2e-05
19887 2e-05
19888 2e-05
19889 2e-05
19890 2e-05
19891 2e-05
19892 2e-05
19893 2e-05
19894 2e-05
19895 2e-05
19896 2e-05
19897 2e-05
19898 2e-05
19899 2e-05
19900 2e-05
19901 2e-05
19902 2e-05
19903 2e-05
19904 2e-05
19905 2e-05
19906 2e-05
19907 2e-05
19908 2e-05
19909 2e-05
19910 2e-05
19911 2e-05
19912 2e-05
19913 2e-05
19914 2e-05
19915 2e-05
19916 2e-05
19917 2e-05
19918 2e-05
19919 2e-05
19920 2e-05
19921 2e-05
19922 2e-05
19923 2e-05
19924 2e-05
19925 2e-05
19926 2e-05
19927 2e-05
19928 2e-05
19929 2e-05
19930 2e-05
19931 2e-05
19932 2e-05
19933 2e-05
19934 2e-05
19935 2e-05
19936 2e-05
19937 2e-05
19938 2e-05
19939 2e-05
19940 2e-05
19941 2e-05
19942 2e-05
19943 2e-05
19944 2e-05
19945 2e-05
19946 2e-05
19947 2e-05
19948 2e-05
19949 2e-05
19950 2e-05
19951 2e-05
19952 2e-05
19953 2e-05
19954 2e-05
19955 2e-05
19956 2e-05
19957 2e-05
19958 2e-05
19959 2e-05
19960 2e-05
19961 2e-05
19962 2e-05
19963 2e-05
19964 2e-05
19965 2e-05
19966 2e-05
19967 2e-05
19968 2e-05
19969 2e-05
19970 2e-05
19971 2e-05
19972 2e-05
19973 2e-05
19974 2e-05
19975 2e-05
19976 2e-05
19977 2e-05
19978 2e-05
19979 2e-05
19980 2e-05
19981 2e-05
19982 2e-05
19983 2e-05
19984 2e-05
19985 2e-05
19986 2e-05
19987 2e-05
19988 2e-05
19989 2e-05
19990 2e-05
19991 2e-05
19992 2e-05
19993 2e-05
19994 2e-05
19995 2e-05
19996 2e-05
19997 2e-05
19998 2e-05
19999 2e-05
20000 2e-05
20001 2e-05
20002 2e-05
20003 2e-05
20004 2e-05
20005 2e-05
20006 2e-05
20007 2e-05
20008 2e-05
20009 2e-05
20010 2e-05
20011 2e-05
20012 2e-05
20013 2e-05
20014 2e-05
20015 2e-05
20016 2e-05
20017 2e-05
20018 2e-05
20019 2e-05
20020 2e-05
20021 2e-05
20022 2e-05
20023 2e-05
20024 2e-05
20025 2e-05
20026 2e-05
20027 2e-05
20028 2e-05
20029 2e-05
20030 2e-05
20031 2e-05
20032 2e-05
20033 2e-05
20034 2e-05
20035 2e-05
20036 2e-05
20037 2e-05
20038 2e-05
20039 2e-05
20040 2e-05
20041 2e-05
20042 2e-05
20043 2e-05
20044 2e-05
20045 2e-05
20046 2e-05
20047 2e-05
20048 2e-05
20049 2e-05
20050 2e-05
20051 2e-05
20052 2e-05
20053 2e-05
20054 2e-05
20055 2e-05
20056 2e-05
20057 2e-05
20058 2e-05
20059 2e-05
20060 2e-05
20061 2e-05
20062 2e-05
20063 2e-05
20064 2e-05
20065 2e-05
20066 2e-05
20067 2e-05
20068 2e-05
20069 2e-05
20070 2e-05
20071 2e-05
20072 2e-05
20073 2e-05
20074 2e-05
20075 2e-05
20076 2e-05
20077 2e-05
20078 2e-05
20079 2e-05
20080 2e-05
20081 2e-05
20082 2e-05
20083 2e-05
20084 2e-05
20085 2e-05
20086 2e-05
20087 2e-05
20088 2e-05
20089 2e-05
20090 2e-05
20091 2e-05
20092 2e-05
20093 2e-05
20094 2e-05
20095 2e-05
20096 2e-05
20097 2e-05
20098 2e-05
20099 2e-05
20100 2e-05
20101 2e-05
20102 2e-05
20103 2e-05
20104 2e-05
20105 2e-05
20106 2e-05
20107 2e-05
20108 2e-05
20109 2e-05
20110 2e-05
20111 2e-05
20112 2e-05
20113 2e-05
20114 2e-05
20115 2e-05
20116 2e-05
20117 2e-05
20118 2e-05
20119 2e-05
20120 2e-05
20121 2e-05
20122 2e-05
20123 2e-05
20124 2e-05
20125 2e-05
20126 2e-05
20127 2e-05
20128 2e-05
20129 2e-05
20130 2e-05
20131 2e-05
20132 2e-05
20133 2e-05
20134 2e-05
20135 2e-05
20136 2e-05
20137 2e-05
20138 2e-05
20139 2e-05
20140 2e-05
20141 2e-05
20142 2e-05
20143 2e-05
20144 2e-05
20145 2e-05
20146 2e-05
20147 2e-05
20148 2e-05
20149 2e-05
20150 2e-05
20151 2e-05
20152 2e-05
20153 2e-05
20154 2e-05
20155 2e-05
20156 2e-05
20157 2e-05
20158 2e-05
20159 2e-05
20160 2e-05
20161 2e-05
20162 2e-05
20163 2e-05
20164 2e-05
20165 2e-05
20166 2e-05
20167 2e-05
20168 2e-05
20169 2e-05
20170 2e-05
20171 2e-05
20172 2e-05
20173 2e-05
20174 2e-05
20175 2e-05
20176 2e-05
20177 2e-05
20178 2e-05
20179 2e-05
20180 2e-05
20181 2e-05
20182 2e-05
20183 2e-05
20184 2e-05
20185 2e-05
20186 2e-05
20187 2e-05
20188 2e-05
20189 2e-05
20190 2e-05
20191 2e-05
20192 2e-05
20193 2e-05
20194 2e-05
20195 2e-05
20196 2e-05
20197 2e-05
20198 2e-05
20199 2e-05
20200 2e-05
20201 2e-05
20202 2e-05
20203 2e-05
20204 2e-05
20205 2e-05
20206 2e-05
20207 2e-05
20208 2e-05
20209 2e-05
20210 2e-05
20211 2e-05
20212 2e-05
20213 2e-05
20214 2e-05
20215 2e-05
20216 2e-05
20217 2e-05
20218 2e-05
20219 2e-05
20220 2e-05
20221 2e-05
20222 2e-05
20223 2e-05
20224 2e-05
20225 2e-05
20226 2e-05
20227 2e-05
20228 2e-05
20229 2e-05
20230 2e-05
20231 2e-05
20232 2e-05
20233 2e-05
20234 2e-05
20235 2e-05
20236 2e-05
20237 2e-05
20238 2e-05
20239 2e-05
20240 2e-05
20241 2e-05
20242 2e-05
20243 2e-05
20244 2e-05
20245 2e-05
20246 2e-05
20247 2e-05
20248 2e-05
20249 2e-05
20250 2e-05
20251 2e-05
20252 2e-05
20253 2e-05
20254 2e-05
20255 2e-05
20256 2e-05
20257 2e-05
20258 2e-05
20259 2e-05
20260 2e-05
20261 2e-05
20262 2e-05
20263 2e-05
20264 2e-05
20265 2e-05
20266 2e-05
20267 2e-05
20268 2e-05
20269 2e-05
20270 2e-05
20271 2e-05
20272 2e-05
20273 2e-05
20274 2e-05
20275 2e-05
20276 2e-05
20277 2e-05
20278 2e-05
20279 2e-05
20280 2e-05
20281 2e-05
20282 2e-05
20283 2e-05
20284 2e-05
20285 2e-05
20286 2e-05
20287 2e-05
20288 2e-05
20289 2e-05
20290 2e-05
20291 2e-05
20292 2e-05
20293 2e-05
20294 2e-05
20295 2e-05
20296 2e-05
20297 2e-05
20298 2e-05
20299 2e-05
20300 2e-05
20301 2e-05
20302 2e-05
20303 2e-05
20304 2e-05
20305 2e-05
20306 2e-05
20307 2e-05
20308 2e-05
20309 2e-05
20310 2e-05
20311 2e-05
20312 2e-05
20313 2e-05
20314 2e-05
20315 2e-05
20316 2e-05
20317 2e-05
20318 2e-05
20319 2e-05
20320 2e-05
20321 2e-05
20322 2e-05
20323 2e-05
20324 2e-05
20325 2e-05
20326 2e-05
20327 2e-05
20328 2e-05
20329 2e-05
20330 2e-05
20331 2e-05
20332 2e-05
20333 2e-05
20334 2e-05
20335 2e-05
20336 2e-05
20337 2e-05
20338 2e-05
20339 2e-05
20340 2e-05
20341 2e-05
20342 2e-05
20343 2e-05
20344 2e-05
20345 2e-05
20346 2e-05
20347 2e-05
20348 2e-05
20349 2e-05
20350 2e-05
20351 2e-05
20352 2e-05
20353 2e-05
20354 2e-05
20355 2e-05
20356 2e-05
20357 2e-05
20358 2e-05
20359 2e-05
20360 2e-05
20361 2e-05
20362 2e-05
20363 2e-05
20364 2e-05
20365 2e-05
20366 2e-05
20367 2e-05
20368 2e-05
20369 2e-05
20370 2e-05
20371 2e-05
20372 2e-05
20373 2e-05
20374 2e-05
20375 2e-05
20376 2e-05
20377 2e-05
20378 2e-05
20379 2e-05
20380 2e-05
20381 2e-05
20382 2e-05
20383 2e-05
20384 2e-05
20385 2e-05
20386 2e-05
20387 2e-05
20388 2e-05
20389 2e-05
20390 2e-05
20391 2e-05
20392 2e-05
20393 2e-05
20394 2e-05
20395 2e-05
20396 2e-05
20397 2e-05
20398 2e-05
20399 2e-05
20400 2e-05
20401 2e-05
20402 2e-05
20403 2e-05
20404 2e-05
20405 2e-05
20406 2e-05
20407 2e-05
20408 2e-05
20409 2e-05
20410 2e-05
20411 2e-05
20412 2e-05
20413 2e-05
20414 2e-05
20415 2e-05
20416 2e-05
20417 2e-05
20418 2e-05
20419 2e-05
20420 2e-05
20421 2e-05
20422 2e-05
20423 2e-05
20424 2e-05
20425 2e-05
20426 2e-05
20427 2e-05
20428 2e-05
20429 2e-05
20430 2e-05
20431 2e-05
20432 2e-05
20433 2e-05
20434 2e-05
20435 2e-05
20436 2e-05
20437 2e-05
20438 2e-05
20439 2e-05
20440 2e-05
20441 2e-05
20442 2e-05
20443 2e-05
20444 2e-05
20445 2e-05
20446 2e-05
20447 2e-05
20448 2e-05
20449 2e-05
20450 2e-05
20451 2e-05
20452 2e-05
20453 2e-05
20454 2e-05
20455 2e-05
20456 2e-05
20457 2e-05
20458 2e-05
20459 2e-05
20460 2e-05
20461 2e-05
20462 2e-05
20463 2e-05
20464 2e-05
20465 2e-05
20466 2e-05
20467 2e-05
20468 2e-05
20469 2e-05
20470 2e-05
20471 2e-05
20472 2e-05
20473 2e-05
20474 2e-05
20475 2e-05
20476 2e-05
20477 2e-05
20478 2e-05
20479 2e-05
20480 2e-05
20481 2e-05
20482 2e-05
20483 2e-05
20484 2e-05
20485 2e-05
20486 2e-05
20487 2e-05
20488 2e-05
20489 2e-05
20490 2e-05
20491 2e-05
20492 2e-05
20493 2e-05
20494 2e-05
20495 2e-05
20496 2e-05
20497 2e-05
20498 2e-05
20499 2e-05
20500 2e-05
20501 2e-05
20502 2e-05
20503 2e-05
20504 2e-05
20505 2e-05
20506 2e-05
20507 2e-05
20508 2e-05
20509 2e-05
20510 2e-05
20511 2e-05
20512 2e-05
20513 2e-05
20514 2e-05
20515 2e-05
20516 2e-05
20517 2e-05
20518 2e-05
20519 2e-05
20520 2e-05
20521 2e-05
20522 2e-05
20523 2e-05
20524 2e-05
20525 2e-05
20526 2e-05
20527 2e-05
20528 2e-05
20529 2e-05
20530 2e-05
20531 2e-05
20532 2e-05
20533 2e-05
20534 2e-05
20535 2e-05
20536 2e-05
20537 2e-05
20538 2e-05
20539 2e-05
20540 2e-05
20541 2e-05
20542 2e-05
20543 2e-05
20544 2e-05
20545 2e-05
20546 2e-05
20547 2e-05
20548 2e-05
20549 2e-05
20550 2e-05
20551 2e-05
20552 2e-05
20553 2e-05
20554 2e-05
20555 2e-05
20556 2e-05
20557 2e-05
20558 2e-05
20559 2e-05
20560 2e-05
20561 2e-05
20562 2e-05
20563 2e-05
20564 2e-05
20565 2e-05
20566 2e-05
20567 2e-05
20568 2e-05
20569 2e-05
20570 2e-05
20571 2e-05
20572 2e-05
20573 2e-05
20574 2e-05
20575 2e-05
20576 2e-05
20577 2e-05
20578 2e-05
20579 2e-05
20580 2e-05
20581 2e-05
20582 2e-05
20583 2e-05
20584 2e-05
20585 2e-05
20586 2e-05
20587 2e-05
20588 2e-05
20589 2e-05
20590 2e-05
20591 2e-05
20592 2e-05
20593 2e-05
20594 2e-05
20595 2e-05
20596 2e-05
20597 2e-05
20598 2e-05
20599 2e-05
20600 2e-05
20601 2e-05
20602 2e-05
20603 2e-05
20604 2e-05
20605 2e-05
20606 2e-05
20607 2e-05
20608 2e-05
20609 2e-05
20610 2e-05
20611 2e-05
20612 2e-05
20613 2e-05
20614 2e-05
20615 2e-05
20616 2e-05
20617 2e-05
20618 2e-05
20619 2e-05
20620 2e-05
20621 2e-05
20622 2e-05
20623 2e-05
20624 2e-05
20625 2e-05
20626 2e-05
20627 2e-05
20628 2e-05
20629 2e-05
20630 2e-05
20631 2e-05
20632 2e-05
20633 2e-05
20634 2e-05
20635 2e-05
20636 2e-05
20637 2e-05
20638 2e-05
20639 2e-05
20640 2e-05
20641 2e-05
20642 2e-05
20643 2e-05
20644 2e-05
20645 2e-05
20646 2e-05
20647 2e-05
20648 2e-05
20649 2e-05
20650 2e-05
20651 2e-05
20652 2e-05
20653 2e-05
20654 2e-05
20655 2e-05
20656 2e-05
20657 2e-05
20658 2e-05
20659 2e-05
20660 2e-05
20661 2e-05
20662 2e-05
20663 2e-05
20664 2e-05
20665 2e-05
20666 2e-05
20667 2e-05
20668 2e-05
20669 2e-05
20670 2e-05
20671 2e-05
20672 2e-05
20673 2e-05
20674 2e-05
20675 2e-05
20676 2e-05
20677 2e-05
20678 2e-05
20679 2e-05
20680 2e-05
20681 2e-05
20682 2e-05
20683 2e-05
20684 2e-05
20685 2e-05
20686 2e-05
20687 2e-05
20688 2e-05
20689 2e-05
20690 2e-05
20691 2e-05
20692 2e-05
20693 2e-05
20694 2e-05
20695 2e-05
20696 2e-05
20697 2e-05
20698 2e-05
20699 2e-05
20700 2e-05
20701 2e-05
20702 2e-05
20703 2e-05
20704 2e-05
20705 2e-05
20706 2e-05
20707 2e-05
20708 2e-05
20709 2e-05
20710 2e-05
20711 2e-05
20712 2e-05
20713 2e-05
20714 2e-05
20715 2e-05
20716 2e-05
20717 2e-05
20718 2e-05
20719 2e-05
20720 2e-05
20721 2e-05
20722 2e-05
20723 2e-05
20724 2e-05
20725 2e-05
20726 2e-05
20727 2e-05
20728 2e-05
20729 2e-05
20730 2e-05
20731 2e-05
20732 2e-05
20733 2e-05
20734 2e-05
20735 2e-05
20736 2e-05
20737 2e-05
20738 2e-05
20739 2e-05
20740 2e-05
20741 2e-05
20742 2e-05
20743 2e-05
20744 2e-05
20745 2e-05
20746 2e-05
20747 2e-05
20748 2e-05
20749 2e-05
20750 2e-05
20751 2e-05
20752 2e-05
20753 2e-05
20754 2e-05
20755 2e-05
20756 2e-05
20757 2e-05
20758 2e-05
20759 2e-05
20760 2e-05
20761 2e-05
20762 2e-05
20763 2e-05
20764 2e-05
20765 2e-05
20766 2e-05
20767 2e-05
20768 2e-05
20769 2e-05
20770 2e-05
20771 2e-05
20772 2e-05
20773 2e-05
20774 2e-05
20775 2e-05
20776 2e-05
20777 2e-05
20778 2e-05
20779 2e-05
20780 2e-05
20781 2e-05
20782 2e-05
20783 2e-05
20784 2e-05
20785 2e-05
20786 2e-05
20787 2e-05
20788 2e-05
20789 2e-05
20790 2e-05
20791 2e-05
20792 2e-05
20793 2e-05
20794 2e-05
20795 2e-05
20796 2e-05
20797 2e-05
20798 2e-05
20799 2e-05
20800 2e-05
20801 2e-05
20802 2e-05
20803 2e-05
20804 2e-05
20805 2e-05
20806 2e-05
20807 2e-05
20808 2e-05
20809 2e-05
20810 2e-05
20811 2e-05
20812 2e-05
20813 2e-05
20814 2e-05
20815 2e-05
20816 2e-05
20817 2e-05
20818 2e-05
20819 2e-05
20820 2e-05
20821 2e-05
20822 2e-05
20823 2e-05
20824 2e-05
20825 2e-05
20826 2e-05
20827 2e-05
20828 2e-05
20829 2e-05
20830 2e-05
20831 2e-05
20832 2e-05
20833 2e-05
20834 2e-05
20835 2e-05
20836 2e-05
20837 2e-05
20838 2e-05
20839 2e-05
20840 2e-05
20841 2e-05
20842 2e-05
20843 2e-05
20844 2e-05
20845 2e-05
20846 2e-05
20847 2e-05
20848 2e-05
20849 2e-05
20850 2e-05
20851 2e-05
20852 2e-05
20853 2e-05
20854 2e-05
20855 2e-05
20856 2e-05
20857 2e-05
20858 2e-05
20859 2e-05
20860 2e-05
20861 2e-05
20862 2e-05
20863 2e-05
20864 2e-05
20865 2e-05
20866 2e-05
20867 2e-05
20868 2e-05
20869 2e-05
20870 2e-05
20871 2e-05
20872 2e-05
20873 2e-05
20874 2e-05
20875 2e-05
20876 2e-05
20877 2e-05
20878 2e-05
20879 2e-05
20880 2e-05
20881 2e-05
20882 2e-05
20883 2e-05
20884 2e-05
20885 2e-05
20886 2e-05
20887 2e-05
20888 2e-05
20889 2e-05
20890 2e-05
20891 2e-05
20892 2e-05
20893 2e-05
20894 2e-05
20895 2e-05
20896 2e-05
20897 2e-05
20898 2e-05
20899 2e-05
20900 2e-05
20901 2e-05
20902 2e-05
20903 2e-05
20904 2e-05
20905 2e-05
20906 2e-05
20907 2e-05
20908 2e-05
20909 2e-05
20910 2e-05
20911 2e-05
20912 2e-05
20913 2e-05
20914 2e-05
20915 2e-05
20916 2e-05
20917 2e-05
20918 2e-05
20919 2e-05
20920 2e-05
20921 2e-05
20922 2e-05
20923 2e-05
20924 2e-05
20925 2e-05
20926 2e-05
20927 2e-05
20928 2e-05
20929 2e-05
20930 2e-05
20931 2e-05
20932 2e-05
20933 2e-05
20934 2e-05
20935 2e-05
20936 2e-05
20937 2e-05
20938 2e-05
20939 2e-05
20940 2e-05
20941 2e-05
20942 2e-05
20943 2e-05
20944 2e-05
20945 2e-05
20946 2e-05
20947 2e-05
20948 2e-05
20949 2e-05
20950 2e-05
20951 2e-05
20952 2e-05
20953 2e-05
20954 2e-05
20955 2e-05
20956 2e-05
20957 2e-05
20958 2e-05
20959 2e-05
20960 2e-05
20961 2e-05
20962 2e-05
20963 2e-05
20964 2e-05
20965 2e-05
20966 2e-05
20967 2e-05
20968 2e-05
20969 2e-05
20970 2e-05
20971 2e-05
20972 2e-05
20973 2e-05
20974 2e-05
20975 2e-05
20976 2e-05
20977 2e-05
20978 2e-05
20979 2e-05
20980 2e-05
20981 2e-05
20982 2e-05
20983 2e-05
20984 2e-05
20985 2e-05
20986 2e-05
20987 2e-05
20988 2e-05
20989 2e-05
20990 2e-05
20991 2e-05
20992 2e-05
20993 2e-05
20994 2e-05
20995 2e-05
20996 2e-05
20997 2e-05
20998 2e-05
20999 2e-05
21000 2e-05
21001 2e-05
21002 2e-05
21003 2e-05
21004 2e-05
21005 2e-05
21006 2e-05
21007 2e-05
21008 2e-05
21009 2e-05
21010 2e-05
21011 2e-05
21012 2e-05
21013 2e-05
21014 2e-05
21015 2e-05
21016 2e-05
21017 2e-05
21018 2e-05
21019 2e-05
21020 2e-05
21021 2e-05
21022 2e-05
21023 2e-05
21024 2e-05
21025 2e-05
21026 2e-05
21027 2e-05
21028 2e-05
21029 2e-05
21030 2e-05
21031 2e-05
21032 2e-05
21033 2e-05
21034 2e-05
21035 2e-05
21036 2e-05
21037 2e-05
21038 2e-05
21039 2e-05
21040 2e-05
21041 2e-05
21042 2e-05
21043 2e-05
21044 2e-05
21045 2e-05
21046 2e-05
21047 2e-05
21048 2e-05
21049 2e-05
21050 2e-05
21051 2e-05
21052 2e-05
21053 2e-05
21054 2e-05
21055 2e-05
21056 2e-05
21057 2e-05
21058 2e-05
21059 2e-05
21060 2e-05
21061 2e-05
21062 2e-05
21063 2e-05
21064 2e-05
21065 2e-05
21066 2e-05
21067 2e-05
21068 2e-05
21069 2e-05
21070 2e-05
21071 2e-05
21072 2e-05
21073 2e-05
21074 2e-05
21075 2e-05
21076 2e-05
21077 2e-05
21078 2e-05
21079 2e-05
21080 2e-05
21081 2e-05
21082 2e-05
21083 2e-05
21084 2e-05
21085 2e-05
21086 2e-05
21087 2e-05
21088 2e-05
21089 2e-05
21090 2e-05
21091 2e-05
21092 2e-05
21093 2e-05
21094 2e-05
21095 2e-05
21096 2e-05
21097 2e-05
21098 2e-05
21099 2e-05
21100 2e-05
21101 2e-05
21102 2e-05
21103 2e-05
21104 2e-05
21105 2e-05
21106 2e-05
21107 2e-05
21108 2e-05
21109 2e-05
21110 2e-05
21111 2e-05
21112 2e-05
21113 2e-05
21114 2e-05
21115 2e-05
21116 2e-05
21117 2e-05
21118 2e-05
21119 2e-05
21120 2e-05
21121 2e-05
21122 2e-05
21123 2e-05
21124 2e-05
21125 2e-05
21126 2e-05
21127 2e-05
21128 2e-05
21129 2e-05
21130 2e-05
21131 2e-05
21132 2e-05
21133 2e-05
21134 2e-05
21135 2e-05
21136 2e-05
21137 2e-05
21138 2e-05
21139 2e-05
21140 2e-05
21141 2e-05
21142 2e-05
21143 2e-05
21144 2e-05
21145 2e-05
21146 2e-05
21147 2e-05
21148 2e-05
21149 2e-05
21150 2e-05
21151 2e-05
21152 2e-05
21153 2e-05
21154 2e-05
21155 2e-05
21156 2e-05
21157 2e-05
21158 2e-05
21159 2e-05
21160 2e-05
21161 2e-05
21162 2e-05
21163 2e-05
21164 2e-05
21165 2e-05
21166 2e-05
21167 2e-05
21168 2e-05
21169 2e-05
21170 2e-05
21171 2e-05
21172 2e-05
21173 2e-05
21174 2e-05
21175 2e-05
21176 2e-05
21177 2e-05
21178 2e-05
21179 2e-05
21180 2e-05
21181 2e-05
21182 2e-05
21183 2e-05
21184 2e-05
21185 2e-05
21186 2e-05
21187 2e-05
21188 2e-05
21189 2e-05
21190 2e-05
21191 2e-05
21192 2e-05
21193 2e-05
21194 2e-05
21195 2e-05
21196 2e-05
21197 2e-05
21198 2e-05
21199 2e-05
21200 2e-05
21201 2e-05
21202 2e-05
21203 2e-05
21204 2e-05
21205 2e-05
21206 2e-05
21207 2e-05
21208 2e-05
21209 2e-05
21210 2e-05
21211 2e-05
21212 2e-05
21213 2e-05
21214 2e-05
21215 2e-05
21216 2e-05
21217 2e-05
21218 2e-05
21219 2e-05
21220 2e-05
21221 2e-05
21222 2e-05
21223 2e-05
21224 2e-05
21225 2e-05
21226 2e-05
21227 2e-05
21228 2e-05
21229 2e-05
21230 2e-05
21231 2e-05
21232 2e-05
21233 2e-05
21234 2e-05
21235 2e-05
21236 2e-05
21237 2e-05
21238 2e-05
21239 2e-05
21240 2e-05
21241 2e-05
21242 2e-05
21243 2e-05
21244 2e-05
21245 2e-05
21246 2e-05
21247 2e-05
21248 2e-05
21249 2e-05
21250 2e-05
21251 2e-05
21252 2e-05
21253 2e-05
21254 2e-05
21255 2e-05
21256 2e-05
21257 2e-05
21258 2e-05
21259 2e-05
21260 2e-05
21261 2e-05
21262 2e-05
21263 2e-05
21264 2e-05
21265 2e-05
21266 2e-05
21267 2e-05
21268 2e-05
21269 2e-05
21270 2e-05
21271 2e-05
21272 2e-05
21273 2e-05
21274 2e-05
21275 2e-05
21276 2e-05
21277 2e-05
21278 2e-05
21279 2e-05
21280 2e-05
21281 2e-05
21282 2e-05
21283 2e-05
21284 2e-05
21285 2e-05
21286 2e-05
21287 2e-05
21288 2e-05
21289 2e-05
21290 2e-05
21291 2e-05
21292 2e-05
21293 2e-05
21294 2e-05
21295 2e-05
21296 2e-05
21297 2e-05
21298 2e-05
21299 2e-05
21300 2e-05
21301 2e-05
21302 2e-05
21303 2e-05
21304 2e-05
21305 2e-05
21306 2e-05
21307 2e-05
21308 2e-05
21309 2e-05
21310 2e-05
21311 2e-05
21312 2e-05
21313 2e-05
21314 2e-05
21315 2e-05
21316 2e-05
21317 2e-05
21318 2e-05
21319 2e-05
21320 2e-05
21321 2e-05
21322 2e-05
21323 2e-05
21324 2e-05
21325 2e-05
21326 2e-05
21327 2e-05
21328 2e-05
21329 2e-05
21330 2e-05
21331 2e-05
21332 2e-05
21333 2e-05
21334 2e-05
21335 2e-05
21336 2e-05
21337 2e-05
21338 2e-05
21339 2e-05
21340 2e-05
21341 2e-05
21342 2e-05
21343 2e-05
21344 2e-05
21345 2e-05
21346 2e-05
21347 2e-05
21348 2e-05
21349 2e-05
21350 2e-05
21351 2e-05
21352 2e-05
21353 2e-05
21354 2e-05
21355 2e-05
21356 2e-05
21357 2e-05
21358 2e-05
21359 2e-05
21360 2e-05
21361 2e-05
21362 2e-05
21363 2e-05
21364 2e-05
21365 2e-05
21366 2e-05
21367 2e-05
21368 2e-05
21369 2e-05
21370 2e-05
21371 2e-05
21372 2e-05
21373 2e-05
21374 2e-05
21375 2e-05
21376 2e-05
21377 2e-05
21378 2e-05
21379 2e-05
21380 2e-05
21381 2e-05
21382 2e-05
21383 2e-05
21384 2e-05
21385 2e-05
21386 2e-05
21387 2e-05
21388 2e-05
21389 2e-05
21390 2e-05
21391 2e-05
21392 2e-05
21393 2e-05
21394 2e-05
21395 2e-05
21396 2e-05
21397 2e-05
21398 2e-05
21399 2e-05
21400 2e-05
21401 2e-05
21402 2e-05
21403 2e-05
21404 2e-05
21405 2e-05
21406 2e-05
21407 2e-05
21408 2e-05
21409 2e-05
21410 2e-05
21411 2e-05
21412 2e-05
21413 2e-05
21414 2e-05
21415 2e-05
21416 2e-05
21417 2e-05
21418 2e-05
21419 2e-05
21420 2e-05
21421 2e-05
21422 2e-05
21423 2e-05
21424 2e-05
21425 2e-05
21426 2e-05
21427 2e-05
21428 2e-05
21429 2e-05
21430 2e-05
21431 2e-05
21432 2e-05
21433 2e-05
21434 2e-05
21435 2e-05
21436 2e-05
21437 2e-05
21438 2e-05
21439 2e-05
21440 2e-05
21441 2e-05
21442 2e-05
21443 2e-05
21444 2e-05
21445 2e-05
21446 2e-05
21447 2e-05
21448 2e-05
21449 2e-05
21450 2e-05
21451 2e-05
21452 2e-05
21453 2e-05
21454 2e-05
21455 2e-05
21456 2e-05
21457 2e-05
21458 2e-05
21459 2e-05
21460 2e-05
21461 2e-05
21462 2e-05
21463 2e-05
21464 2e-05
21465 2e-05
21466 2e-05
21467 2e-05
21468 2e-05
21469 2e-05
21470 2e-05
21471 2e-05
21472 2e-05
21473 2e-05
21474 2e-05
21475 2e-05
21476 2e-05
21477 2e-05
21478 2e-05
21479 2e-05
21480 2e-05
21481 2e-05
21482 2e-05
21483 2e-05
21484 2e-05
21485 2e-05
21486 2e-05
21487 2e-05
21488 2e-05
21489 2e-05
21490 2e-05
21491 2e-05
21492 2e-05
21493 2e-05
21494 2e-05
21495 2e-05
21496 2e-05
21497 2e-05
21498 2e-05
21499 2e-05
21500 2e-05
21501 2e-05
21502 2e-05
21503 2e-05
21504 2e-05
21505 2e-05
21506 2e-05
21507 2e-05
21508 2e-05
21509 2e-05
21510 2e-05
21511 2e-05
21512 2e-05
21513 2e-05
21514 2e-05
21515 2e-05
21516 2e-05
21517 2e-05
21518 2e-05
21519 2e-05
21520 2e-05
21521 2e-05
21522 2e-05
21523 2e-05
21524 2e-05
21525 2e-05
21526 2e-05
21527 2e-05
21528 2e-05
21529 2e-05
21530 2e-05
21531 2e-05
21532 2e-05
21533 2e-05
21534 2e-05
21535 2e-05
21536 2e-05
21537 2e-05
21538 2e-05
21539 2e-05
21540 2e-05
21541 2e-05
21542 2e-05
21543 2e-05
21544 2e-05
21545 2e-05
21546 2e-05
21547 2e-05
21548 2e-05
21549 2e-05
21550 2e-05
21551 2e-05
21552 2e-05
21553 2e-05
21554 2e-05
21555 2e-05
21556 2e-05
21557 2e-05
21558 2e-05
21559 2e-05
21560 2e-05
21561 2e-05
21562 2e-05
21563 2e-05
21564 2e-05
21565 2e-05
21566 2e-05
21567 2e-05
21568 2e-05
21569 2e-05
21570 2e-05
21571 2e-05
21572 2e-05
21573 2e-05
21574 2e-05
21575 2e-05
21576 2e-05
21577 2e-05
21578 2e-05
21579 2e-05
21580 2e-05
21581 2e-05
21582 2e-05
21583 2e-05
21584 2e-05
21585 2e-05
21586 2e-05
21587 2e-05
21588 2e-05
21589 2e-05
21590 2e-05
21591 2e-05
21592 2e-05
21593 2e-05
21594 2e-05
21595 2e-05
21596 2e-05
21597 2e-05
21598 2e-05
21599 2e-05
21600 2e-05
21601 2e-05
21602 2e-05
21603 2e-05
21604 2e-05
21605 2e-05
21606 2e-05
21607 2e-05
21608 2e-05
21609 2e-05
21610 2e-05
21611 2e-05
21612 2e-05
21613 2e-05
21614 2e-05
21615 2e-05
21616 2e-05
21617 2e-05
21618 2e-05
21619 2e-05
21620 2e-05
21621 2e-05
21622 2e-05
21623 2e-05
21624 2e-05
21625 2e-05
21626 2e-05
21627 2e-05
21628 2e-05
21629 2e-05
21630 2e-05
21631 2e-05
21632 2e-05
21633 2e-05
21634 2e-05
21635 2e-05
21636 2e-05
21637 2e-05
21638 2e-05
21639 2e-05
21640 2e-05
21641 2e-05
21642 2e-05
21643 2e-05
21644 2e-05
21645 2e-05
21646 2e-05
21647 2e-05
21648 2e-05
21649 2e-05
21650 2e-05
21651 2e-05
21652 2e-05
21653 2e-05
21654 2e-05
21655 2e-05
21656 2e-05
21657 2e-05
21658 2e-05
21659 2e-05
21660 2e-05
21661 2e-05
21662 2e-05
21663 2e-05
21664 2e-05
21665 2e-05
21666 2e-05
21667 2e-05
21668 2e-05
21669 2e-05
21670 2e-05
21671 2e-05
21672 2e-05
21673 2e-05
21674 2e-05
21675 2e-05
21676 2e-05
21677 2e-05
21678 2e-05
21679 2e-05
21680 2e-05
21681 2e-05
21682 2e-05
21683 2e-05
21684 2e-05
21685 2e-05
21686 2e-05
21687 2e-05
21688 2e-05
21689 2e-05
21690 2e-05
21691 2e-05
21692 2e-05
21693 2e-05
21694 2e-05
21695 2e-05
21696 2e-05
21697 2e-05
21698 2e-05
21699 2e-05
21700 2e-05
21701 2e-05
21702 2e-05
21703 2e-05
21704 2e-05
21705 2e-05
21706 2e-05
21707 2e-05
21708 2e-05
21709 2e-05
21710 2e-05
21711 2e-05
21712 2e-05
21713 2e-05
21714 2e-05
21715 2e-05
21716 2e-05
21717 2e-05
21718 2e-05
21719 2e-05
21720 2e-05
21721 2e-05
21722 2e-05
21723 2e-05
21724 2e-05
21725 2e-05
21726 2e-05
21727 2e-05
21728 2e-05
21729 2e-05
21730 2e-05
21731 2e-05
21732 2e-05
21733 2e-05
21734 2e-05
21735 2e-05
21736 2e-05
21737 2e-05
21738 2e-05
21739 2e-05
21740 2e-05
21741 2e-05
21742 2e-05
21743 2e-05
21744 2e-05
21745 2e-05
21746 2e-05
21747 2e-05
21748 2e-05
21749 2e-05
21750 2e-05
21751 2e-05
21752 2e-05
21753 2e-05
21754 2e-05
21755 2e-05
21756 2e-05
21757 2e-05
21758 2e-05
21759 2e-05
21760 2e-05
21761 2e-05
21762 2e-05
21763 2e-05
21764 2e-05
21765 2e-05
21766 2e-05
21767 2e-05
21768 2e-05
21769 2e-05
21770 2e-05
21771 2e-05
21772 2e-05
21773 2e-05
21774 2e-05
21775 2e-05
21776 2e-05
21777 2e-05
21778 2e-05
21779 2e-05
21780 2e-05
21781 2e-05
21782 2e-05
21783 2e-05
21784 2e-05
21785 2e-05
21786 2e-05
21787 2e-05
21788 2e-05
21789 2e-05
21790 2e-05
21791 2e-05
21792 2e-05
21793 2e-05
21794 2e-05
21795 2e-05
21796 2e-05
21797 2e-05
21798 2e-05
21799 2e-05
21800 2e-05
21801 2e-05
21802 2e-05
21803 2e-05
21804 2e-05
21805 2e-05
21806 2e-05
21807 2e-05
21808 2e-05
21809 2e-05
21810 2e-05
21811 2e-05
21812 2e-05
21813 2e-05
21814 2e-05
21815 2e-05
21816 2e-05
21817 2e-05
21818 2e-05
21819 2e-05
21820 2e-05
21821 2e-05
21822 2e-05
21823 2e-05
21824 2e-05
21825 2e-05
21826 2e-05
21827 2e-05
21828 2e-05
21829 2e-05
21830 2e-05
21831 2e-05
21832 2e-05
21833 2e-05
21834 2e-05
21835 2e-05
21836 2e-05
21837 2e-05
21838 2e-05
21839 2e-05
21840 2e-05
21841 2e-05
21842 2e-05
21843 2e-05
21844 2e-05
21845 2e-05
21846 2e-05
21847 2e-05
21848 2e-05
21849 2e-05
21850 2e-05
21851 2e-05
21852 2e-05
21853 2e-05
21854 2e-05
21855 2e-05
21856 2e-05
21857 2e-05
21858 2e-05
21859 2e-05
21860 2e-05
21861 2e-05
21862 2e-05
21863 2e-05
21864 2e-05
21865 2e-05
21866 2e-05
21867 2e-05
21868 2e-05
21869 2e-05
21870 2e-05
21871 2e-05
21872 2e-05
21873 2e-05
21874 2e-05
21875 2e-05
21876 2e-05
21877 2e-05
21878 2e-05
21879 2e-05
21880 2e-05
21881 2e-05
21882 2e-05
21883 2e-05
21884 2e-05
21885 2e-05
21886 2e-05
21887 2e-05
21888 2e-05
21889 2e-05
21890 2e-05
21891 2e-05
21892 2e-05
21893 2e-05
21894 2e-05
21895 2e-05
21896 2e-05
21897 2e-05
21898 2e-05
21899 2e-05
21900 2e-05
21901 2e-05
21902 2e-05
21903 2e-05
21904 2e-05
21905 2e-05
21906 2e-05
21907 2e-05
21908 2e-05
21909 2e-05
21910 2e-05
21911 2e-05
21912 2e-05
21913 2e-05
21914 2e-05
21915 2e-05
21916 2e-05
21917 2e-05
21918 2e-05
21919 2e-05
21920 2e-05
21921 2e-05
21922 2e-05
21923 2e-05
21924 2e-05
21925 2e-05
21926 2e-05
21927 2e-05
21928 2e-05
21929 2e-05
21930 2e-05
21931 2e-05
21932 2e-05
21933 2e-05
21934 2e-05
21935 2e-05
21936 2e-05
21937 2e-05
21938 2e-05
21939 2e-05
21940 2e-05
21941 2e-05
21942 2e-05
21943 2e-05
21944 2e-05
21945 2e-05
21946 2e-05
21947 2e-05
21948 2e-05
21949 2e-05
21950 2e-05
21951 2e-05
21952 2e-05
21953 2e-05
21954 2e-05
21955 2e-05
21956 2e-05
21957 2e-05
21958 2e-05
21959 2e-05
21960 2e-05
21961 2e-05
21962 2e-05
21963 2e-05
21964 2e-05
21965 2e-05
21966 2e-05
21967 2e-05
21968 2e-05
21969 2e-05
21970 2e-05
21971 2e-05
21972 2e-05
21973 2e-05
21974 2e-05
21975 2e-05
21976 2e-05
21977 2e-05
21978 2e-05
21979 2e-05
21980 2e-05
21981 2e-05
21982 2e-05
21983 2e-05
21984 2e-05
21985 2e-05
21986 2e-05
21987 2e-05
21988 2e-05
21989 2e-05
21990 2e-05
21991 2e-05
21992 2e-05
21993 2e-05
21994 2e-05
21995 2e-05
21996 2e-05
21997 2e-05
21998 2e-05
21999 2e-05
22000 2e-05
22001 2e-05
22002 2e-05
22003 2e-05
22004 2e-05
22005 2e-05
22006 2e-05
22007 2e-05
22008 2e-05
22009 2e-05
22010 2e-05
22011 2e-05
22012 2e-05
22013 2e-05
22014 2e-05
22015 2e-05
22016 2e-05
22017 2e-05
22018 2e-05
22019 2e-05
22020 2e-05
22021 2e-05
22022 2e-05
22023 2e-05
22024 2e-05
22025 2e-05
22026 2e-05
22027 2e-05
22028 2e-05
22029 2e-05
22030 2e-05
22031 2e-05
22032 2e-05
22033 2e-05
22034 2e-05
22035 2e-05
22036 2e-05
22037 2e-05
22038 2e-05
22039 2e-05
22040 2e-05
22041 2e-05
22042 2e-05
22043 2e-05
22044 2e-05
22045 2e-05
22046 2e-05
22047 2e-05
22048 2e-05
22049 2e-05
22050 2e-05
22051 2e-05
22052 2e-05
22053 2e-05
22054 2e-05
22055 2e-05
22056 2e-05
22057 2e-05
22058 2e-05
22059 2e-05
22060 2e-05
22061 2e-05
22062 2e-05
22063 2e-05
22064 2e-05
22065 2e-05
22066 2e-05
22067 2e-05
22068 2e-05
22069 2e-05
22070 2e-05
22071 2e-05
22072 2e-05
22073 2e-05
22074 2e-05
22075 2e-05
22076 2e-05
22077 2e-05
22078 2e-05
22079 2e-05
22080 2e-05
22081 2e-05
22082 2e-05
22083 2e-05
22084 2e-05
22085 2e-05
22086 2e-05
22087 2e-05
22088 2e-05
22089 2e-05
22090 2e-05
22091 2e-05
22092 2e-05
22093 2e-05
22094 2e-05
22095 2e-05
22096 2e-05
22097 2e-05
22098 2e-05
22099 2e-05
22100 2e-05
22101 2e-05
22102 2e-05
22103 2e-05
22104 2e-05
22105 2e-05
22106 2e-05
22107 2e-05
22108 2e-05
22109 2e-05
22110 2e-05
22111 2e-05
22112 2e-05
22113 2e-05
22114 2e-05
22115 2e-05
22116 2e-05
22117 2e-05
22118 2e-05
22119 2e-05
22120 2e-05
22121 2e-05
22122 2e-05
22123 2e-05
22124 2e-05
22125 2e-05
22126 2e-05
22127 2e-05
22128 2e-05
22129 2e-05
22130 2e-05
22131 2e-05
22132 2e-05
22133 2e-05
22134 2e-05
22135 2e-05
22136 2e-05
22137 2e-05
22138 2e-05
22139 2e-05
22140 2e-05
22141 2e-05
22142 2e-05
22143 2e-05
22144 2e-05
22145 2e-05
22146 2e-05
22147 2e-05
22148 2e-05
22149 2e-05
22150 2e-05
22151 2e-05
22152 2e-05
22153 2e-05
22154 2e-05
22155 2e-05
22156 2e-05
22157 2e-05
22158 2e-05
22159 2e-05
22160 2e-05
22161 2e-05
22162 2e-05
22163 2e-05
22164 2e-05
22165 2e-05
22166 2e-05
22167 2e-05
22168 2e-05
22169 2e-05
22170 2e-05
22171 2e-05
22172 2e-05
22173 2e-05
22174 2e-05
22175 2e-05
22176 2e-05
22177 2e-05
22178 2e-05
22179 2e-05
22180 2e-05
22181 2e-05
22182 2e-05
22183 2e-05
22184 2e-05
22185 2e-05
22186 2e-05
22187 2e-05
22188 2e-05
22189 2e-05
22190 2e-05
22191 2e-05
22192 2e-05
22193 2e-05
22194 2e-05
22195 2e-05
22196 2e-05
22197 2e-05
22198 2e-05
22199 2e-05
22200 2e-05
22201 2e-05
22202 2e-05
22203 2e-05
22204 2e-05
22205 2e-05
22206 2e-05
22207 2e-05
22208 2e-05
22209 2e-05
22210 2e-05
22211 2e-05
22212 2e-05
22213 2e-05
22214 2e-05
22215 2e-05
22216 2e-05
22217 2e-05
22218 2e-05
22219 2e-05
22220 2e-05
22221 2e-05
22222 2e-05
22223 2e-05
22224 2e-05
22225 2e-05
22226 2e-05
22227 2e-05
22228 2e-05
22229 2e-05
22230 2e-05
22231 2e-05
22232 2e-05
22233 2e-05
22234 2e-05
22235 2e-05
22236 2e-05
22237 2e-05
22238 2e-05
22239 2e-05
22240 2e-05
22241 2e-05
22242 2e-05
22243 2e-05
22244 2e-05
22245 2e-05
22246 2e-05
22247 2e-05
22248 2e-05
22249 2e-05
22250 2e-05
22251 2e-05
22252 2e-05
22253 2e-05
22254 2e-05
22255 2e-05
22256 2e-05
22257 2e-05
22258 2e-05
22259 2e-05
22260 2e-05
22261 2e-05
22262 2e-05
22263 2e-05
22264 2e-05
22265 2e-05
22266 2e-05
22267 2e-05
22268 2e-05
22269 2e-05
22270 2e-05
22271 2e-05
22272 2e-05
22273 2e-05
22274 2e-05
22275 2e-05
22276 2e-05
22277 2e-05
22278 2e-05
22279 2e-05
22280 2e-05
22281 2e-05
22282 2e-05
22283 2e-05
22284 2e-05
22285 2e-05
22286 2e-05
22287 2e-05
22288 2e-05
22289 2e-05
22290 2e-05
22291 2e-05
22292 2e-05
22293 2e-05
22294 2e-05
22295 2e-05
22296 2e-05
22297 2e-05
22298 2e-05
22299 2e-05
22300 2e-05
22301 2e-05
22302 2e-05
22303 2e-05
22304 2e-05
22305 2e-05
22306 2e-05
22307 2e-05
22308 2e-05
22309 2e-05
22310 2e-05
22311 2e-05
22312 2e-05
22313 2e-05
22314 2e-05
22315 2e-05
22316 2e-05
22317 2e-05
22318 2e-05
22319 2e-05
22320 2e-05
22321 2e-05
22322 2e-05
22323 2e-05
22324 2e-05
22325 2e-05
22326 2e-05
22327 2e-05
22328 2e-05
22329 2e-05
22330 2e-05
22331 2e-05
22332 2e-05
22333 2e-05
22334 2e-05
22335 2e-05
22336 2e-05
22337 2e-05
22338 2e-05
22339 2e-05
22340 2e-05
22341 2e-05
22342 2e-05
22343 2e-05
22344 2e-05
22345 2e-05
22346 2e-05
22347 2e-05
22348 2e-05
22349 2e-05
22350 2e-05
22351 2e-05
22352 2e-05
22353 2e-05
22354 2e-05
22355 2e-05
22356 2e-05
22357 2e-05
22358 2e-05
22359 2e-05
22360 2e-05
22361 2e-05
22362 2e-05
22363 2e-05
22364 2e-05
22365 2e-05
22366 2e-05
22367 2e-05
22368 2e-05
22369 2e-05
22370 2e-05
22371 2e-05
22372 2e-05
22373 2e-05
22374 2e-05
22375 2e-05
22376 2e-05
22377 2e-05
22378 2e-05
22379 2e-05
22380 2e-05
22381 2e-05
22382 2e-05
22383 2e-05
22384 2e-05
22385 2e-05
22386 2e-05
22387 2e-05
22388 2e-05
22389 2e-05
22390 2e-05
22391 2e-05
22392 2e-05
22393 2e-05
22394 2e-05
22395 2e-05
22396 2e-05
22397 2e-05
22398 2e-05
22399 2e-05
22400 2e-05
22401 2e-05
22402 2e-05
22403 2e-05
22404 2e-05
22405 2e-05
22406 2e-05
22407 2e-05
22408 2e-05
22409 2e-05
22410 2e-05
22411 2e-05
22412 2e-05
22413 2e-05
22414 2e-05
22415 2e-05
22416 2e-05
22417 2e-05
22418 2e-05
22419 2e-05
22420 2e-05
22421 2e-05
22422 2e-05
22423 2e-05
22424 2e-05
22425 2e-05
22426 2e-05
22427 2e-05
22428 2e-05
22429 2e-05
22430 2e-05
22431 2e-05
22432 2e-05
22433 2e-05
22434 2e-05
22435 2e-05
22436 2e-05
22437 2e-05
22438 2e-05
22439 2e-05
22440 2e-05
22441 2e-05
22442 2e-05
22443 2e-05
22444 2e-05
22445 2e-05
22446 2e-05
22447 2e-05
22448 2e-05
22449 2e-05
22450 2e-05
22451 2e-05
22452 2e-05
22453 2e-05
22454 2e-05
22455 2e-05
22456 2e-05
22457 2e-05
22458 2e-05
22459 2e-05
22460 2e-05
22461 2e-05
22462 2e-05
22463 2e-05
22464 2e-05
22465 2e-05
22466 2e-05
22467 2e-05
22468 2e-05
22469 2e-05
22470 2e-05
22471 2e-05
22472 2e-05
22473 2e-05
22474 2e-05
22475 2e-05
22476 2e-05
22477 2e-05
22478 2e-05
22479 2e-05
22480 2e-05
22481 2e-05
22482 2e-05
22483 2e-05
22484 2e-05
22485 2e-05
22486 2e-05
22487 2e-05
22488 2e-05
22489 2e-05
22490 2e-05
22491 2e-05
22492 2e-05
22493 2e-05
22494 2e-05
22495 2e-05
22496 2e-05
22497 2e-05
22498 2e-05
22499 2e-05
22500 2e-05
22501 2e-05
22502 2e-05
22503 2e-05
22504 2e-05
22505 2e-05
22506 2e-05
22507 2e-05
22508 2e-05
22509 2e-05
22510 2e-05
22511 2e-05
22512 2e-05
22513 2e-05
22514 2e-05
22515 2e-05
22516 2e-05
22517 2e-05
22518 2e-05
22519 2e-05
22520 2e-05
22521 2e-05
22522 2e-05
22523 2e-05
22524 2e-05
22525 2e-05
22526 2e-05
22527 2e-05
22528 2e-05
22529 2e-05
22530 2e-05
22531 2e-05
22532 2e-05
22533 2e-05
22534 2e-05
22535 2e-05
22536 2e-05
22537 2e-05
22538 2e-05
22539 2e-05
22540 2e-05
22541 2e-05
22542 2e-05
22543 2e-05
22544 2e-05
22545 2e-05
22546 2e-05
22547 2e-05
22548 2e-05
22549 2e-05
22550 2e-05
22551 2e-05
22552 2e-05
22553 2e-05
22554 2e-05
22555 2e-05
22556 2e-05
22557 2e-05
22558 2e-05
22559 2e-05
22560 2e-05
22561 2e-05
22562 2e-05
22563 2e-05
22564 2e-05
22565 2e-05
22566 2e-05
22567 2e-05
22568 2e-05
22569 2e-05
22570 2e-05
22571 2e-05
22572 2e-05
22573 2e-05
22574 2e-05
22575 2e-05
22576 2e-05
22577 2e-05
22578 2e-05
22579 2e-05
22580 2e-05
22581 2e-05
22582 2e-05
22583 2e-05
22584 2e-05
22585 2e-05
22586 2e-05
22587 2e-05
22588 2e-05
22589 2e-05
22590 2e-05
22591 2e-05
22592 2e-05
22593 2e-05
22594 2e-05
22595 2e-05
22596 2e-05
22597 2e-05
22598 2e-05
22599 2e-05
22600 2e-05
22601 2e-05
22602 2e-05
22603 2e-05
22604 2e-05
22605 2e-05
22606 2e-05
22607 2e-05
22608 2e-05
22609 2e-05
22610 2e-05
22611 2e-05
22612 2e-05
22613 2e-05
22614 2e-05
22615 2e-05
22616 2e-05
22617 2e-05
22618 2e-05
22619 2e-05
22620 2e-05
22621 2e-05
22622 2e-05
22623 2e-05
22624 2e-05
22625 2e-05
22626 2e-05
22627 2e-05
22628 2e-05
22629 2e-05
22630 2e-05
22631 2e-05
22632 2e-05
22633 2e-05
22634 2e-05
22635 2e-05
22636 2e-05
22637 2e-05
22638 2e-05
22639 2e-05
22640 2e-05
22641 2e-05
22642 2e-05
22643 2e-05
22644 2e-05
22645 2e-05
22646 2e-05
22647 2e-05
22648 2e-05
22649 2e-05
22650 2e-05
22651 2e-05
22652 2e-05
22653 2e-05
22654 2e-05
22655 2e-05
22656 2e-05
22657 2e-05
22658 2e-05
22659 2e-05
22660 2e-05
22661 2e-05
22662 2e-05
22663 2e-05
22664 2e-05
22665 2e-05
22666 2e-05
22667 2e-05
22668 2e-05
22669 2e-05
22670 2e-05
22671 2e-05
22672 2e-05
22673 2e-05
22674 2e-05
22675 2e-05
22676 2e-05
22677 2e-05
22678 2e-05
22679 2e-05
22680 2e-05
22681 2e-05
22682 2e-05
22683 2e-05
22684 2e-05
22685 2e-05
22686 2e-05
22687 2e-05
22688 2e-05
22689 2e-05
22690 2e-05
22691 2e-05
22692 2e-05
22693 2e-05
22694 2e-05
22695 2e-05
22696 2e-05
22697 2e-05
22698 2e-05
22699 2e-05
22700 2e-05
22701 2e-05
22702 2e-05
22703 2e-05
22704 2e-05
22705 2e-05
22706 2e-05
22707 2e-05
22708 2e-05
22709 2e-05
22710 2e-05
22711 2e-05
22712 2e-05
22713 2e-05
22714 2e-05
22715 2e-05
22716 2e-05
22717 2e-05
22718 2e-05
22719 2e-05
22720 2e-05
22721 2e-05
22722 2e-05
22723 2e-05
22724 2e-05
22725 2e-05
22726 2e-05
22727 2e-05
22728 2e-05
22729 2e-05
22730 2e-05
22731 2e-05
22732 2e-05
22733 2e-05
22734 2e-05
22735 2e-05
22736 2e-05
22737 2e-05
22738 2e-05
22739 2e-05
22740 2e-05
22741 2e-05
22742 2e-05
22743 2e-05
22744 2e-05
22745 2e-05
22746 2e-05
22747 2e-05
22748 2e-05
22749 2e-05
22750 2e-05
22751 2e-05
22752 2e-05
22753 2e-05
22754 2e-05
22755 2e-05
22756 2e-05
22757 2e-05
22758 2e-05
22759 2e-05
22760 2e-05
22761 2e-05
22762 2e-05
22763 2e-05
22764 2e-05
22765 2e-05
22766 2e-05
22767 2e-05
22768 2e-05
22769 2e-05
22770 2e-05
22771 2e-05
22772 2e-05
22773 2e-05
22774 2e-05
22775 2e-05
22776 2e-05
22777 2e-05
22778 2e-05
22779 2e-05
22780 2e-05
22781 2e-05
22782 2e-05
22783 2e-05
22784 2e-05
22785 2e-05
22786 2e-05
22787 2e-05
22788 2e-05
22789 2e-05
22790 2e-05
22791 2e-05
22792 2e-05
22793 2e-05
22794 2e-05
22795 2e-05
22796 2e-05
22797 2e-05
22798 2e-05
22799 2e-05
22800 2e-05
22801 2e-05
22802 2e-05
22803 2e-05
22804 2e-05
22805 2e-05
22806 2e-05
22807 2e-05
22808 2e-05
22809 2e-05
22810 2e-05
22811 2e-05
22812 2e-05
22813 2e-05
22814 2e-05
22815 2e-05
22816 2e-05
22817 2e-05
22818 2e-05
22819 2e-05
22820 2e-05
22821 2e-05
22822 2e-05
22823 2e-05
22824 2e-05
22825 2e-05
22826 2e-05
22827 2e-05
22828 2e-05
22829 2e-05
22830 2e-05
22831 2e-05
22832 2e-05
22833 2e-05
22834 2e-05
22835 2e-05
22836 2e-05
22837 2e-05
22838 2e-05
22839 2e-05
22840 2e-05
22841 2e-05
22842 2e-05
22843 2e-05
22844 2e-05
22845 2e-05
22846 2e-05
22847 2e-05
22848 2e-05
22849 2e-05
22850 2e-05
22851 2e-05
22852 2e-05
22853 2e-05
22854 2e-05
22855 2e-05
22856 2e-05
22857 2e-05
22858 2e-05
22859 2e-05
22860 2e-05
22861 2e-05
22862 2e-05
22863 2e-05
22864 2e-05
22865 2e-05
22866 2e-05
22867 2e-05
22868 2e-05
22869 2e-05
22870 2e-05
22871 2e-05
22872 2e-05
22873 2e-05
22874 2e-05
22875 2e-05
22876 2e-05
22877 2e-05
22878 2e-05
22879 2e-05
22880 2e-05
22881 2e-05
22882 2e-05
22883 2e-05
22884 2e-05
22885 2e-05
22886 2e-05
22887 2e-05
22888 2e-05
22889 2e-05
22890 2e-05
22891 2e-05
22892 2e-05
22893 2e-05
22894 2e-05
22895 2e-05
22896 2e-05
22897 2e-05
22898 2e-05
22899 2e-05
22900 2e-05
22901 2e-05
22902 2e-05
22903 2e-05
22904 2e-05
22905 2e-05
22906 2e-05
22907 2e-05
22908 2e-05
22909 2e-05
22910 2e-05
22911 2e-05
22912 2e-05
22913 2e-05
22914 2e-05
22915 2e-05
22916 2e-05
22917 2e-05
22918 2e-05
22919 2e-05
22920 2e-05
22921 2e-05
22922 2e-05
22923 2e-05
22924 2e-05
22925 2e-05
22926 2e-05
22927 2e-05
22928 2e-05
22929 2e-05
22930 2e-05
22931 2e-05
22932 2e-05
22933 2e-05
22934 2e-05
22935 2e-05
22936 2e-05
22937 2e-05
22938 2e-05
22939 2e-05
22940 2e-05
22941 2e-05
22942 2e-05
22943 2e-05
22944 2e-05
22945 2e-05
22946 2e-05
22947 2e-05
22948 2e-05
22949 2e-05
22950 2e-05
22951 2e-05
22952 2e-05
22953 2e-05
22954 2e-05
22955 2e-05
22956 2e-05
22957 2e-05
22958 2e-05
22959 2e-05
22960 2e-05
22961 2e-05
22962 2e-05
22963 2e-05
22964 2e-05
22965 2e-05
22966 2e-05
22967 2e-05
22968 2e-05
22969 2e-05
22970 2e-05
22971 2e-05
22972 2e-05
22973 2e-05
22974 2e-05
22975 2e-05
22976 2e-05
22977 2e-05
22978 2e-05
22979 2e-05
22980 2e-05
22981 2e-05
22982 2e-05
22983 2e-05
22984 2e-05
22985 2e-05
22986 2e-05
22987 2e-05
22988 2e-05
22989 2e-05
22990 2e-05
22991 2e-05
22992 2e-05
22993 2e-05
22994 2e-05
22995 2e-05
22996 2e-05
22997 2e-05
22998 2e-05
22999 2e-05
23000 2e-05
23001 2e-05
23002 2e-05
23003 2e-05
23004 2e-05
23005 2e-05
23006 2e-05
23007 2e-05
23008 2e-05
23009 2e-05
23010 2e-05
23011 2e-05
23012 2e-05
23013 2e-05
23014 2e-05
23015 2e-05
23016 2e-05
23017 2e-05
23018 2e-05
23019 2e-05
23020 2e-05
23021 2e-05
23022 2e-05
23023 2e-05
23024 2e-05
23025 2e-05
23026 2e-05
23027 2e-05
23028 2e-05
23029 2e-05
23030 2e-05
23031 2e-05
23032 2e-05
23033 2e-05
23034 2e-05
23035 2e-05
23036 2e-05
23037 2e-05
23038 2e-05
23039 2e-05
23040 2e-05
23041 2e-05
23042 2e-05
23043 2e-05
23044 2e-05
23045 2e-05
23046 2e-05
23047 2e-05
23048 2e-05
23049 2e-05
23050 2e-05
23051 2e-05
23052 2e-05
23053 2e-05
23054 2e-05
23055 2e-05
23056 2e-05
23057 2e-05
23058 2e-05
23059 2e-05
23060 2e-05
23061 2e-05
23062 2e-05
23063 2e-05
23064 2e-05
23065 2e-05
23066 2e-05
23067 2e-05
23068 2e-05
23069 2e-05
23070 2e-05
23071 2e-05
23072 2e-05
23073 2e-05
23074 2e-05
23075 2e-05
23076 2e-05
23077 2e-05
23078 2e-05
23079 2e-05
23080 2e-05
23081 2e-05
23082 2e-05
23083 2e-05
23084 2e-05
23085 2e-05
23086 2e-05
23087 2e-05
23088 2e-05
23089 2e-05
23090 2e-05
23091 2e-05
23092 2e-05
23093 2e-05
23094 2e-05
23095 2e-05
23096 2e-05
23097 2e-05
23098 2e-05
23099 2e-05
23100 2e-05
23101 2e-05
23102 2e-05
23103 2e-05
23104 2e-05
23105 2e-05
23106 2e-05
23107 2e-05
23108 2e-05
23109 2e-05
23110 2e-05
23111 2e-05
23112 2e-05
23113 2e-05
23114 2e-05
23115 2e-05
23116 2e-05
23117 2e-05
23118 2e-05
23119 2e-05
23120 2e-05
23121 2e-05
23122 2e-05
23123 2e-05
23124 2e-05
23125 2e-05
23126 2e-05
23127 2e-05
23128 2e-05
23129 2e-05
23130 2e-05
23131 2e-05
23132 2e-05
23133 2e-05
23134 2e-05
23135 2e-05
23136 2e-05
23137 2e-05
23138 2e-05
23139 2e-05
23140 2e-05
23141 2e-05
23142 2e-05
23143 2e-05
23144 2e-05
23145 2e-05
23146 2e-05
23147 2e-05
23148 2e-05
23149 2e-05
23150 2e-05
23151 2e-05
23152 2e-05
23153 2e-05
23154 2e-05
23155 2e-05
23156 2e-05
23157 2e-05
23158 2e-05
23159 2e-05
23160 2e-05
23161 2e-05
23162 2e-05
23163 2e-05
23164 2e-05
23165 2e-05
23166 2e-05
23167 2e-05
23168 2e-05
23169 2e-05
23170 2e-05
23171 2e-05
23172 2e-05
23173 2e-05
23174 2e-05
23175 2e-05
23176 2e-05
23177 2e-05
23178 2e-05
23179 2e-05
23180 2e-05
23181 2e-05
23182 2e-05
23183 2e-05
23184 2e-05
23185 2e-05
23186 2e-05
23187 2e-05
23188 2e-05
23189 2e-05
23190 2e-05
23191 2e-05
23192 2e-05
23193 2e-05
23194 2e-05
23195 2e-05
23196 2e-05
23197 2e-05
23198 2e-05
23199 2e-05
23200 2e-05
23201 2e-05
23202 2e-05
23203 2e-05
23204 2e-05
23205 2e-05
23206 2e-05
23207 2e-05
23208 2e-05
23209 2e-05
23210 2e-05
23211 2e-05
23212 2e-05
23213 2e-05
23214 2e-05
23215 2e-05
23216 2e-05
23217 2e-05
23218 2e-05
23219 2e-05
23220 2e-05
23221 2e-05
23222 2e-05
23223 2e-05
23224 2e-05
23225 2e-05
23226 2e-05
23227 2e-05
23228 2e-05
23229 2e-05
23230 2e-05
23231 2e-05
23232 2e-05
23233 2e-05
23234 2e-05
23235 2e-05
23236 2e-05
23237 2e-05
23238 2e-05
23239 2e-05
23240 2e-05
23241 2e-05
23242 2e-05
23243 2e-05
23244 2e-05
23245 2e-05
23246 2e-05
23247 2e-05
23248 2e-05
23249 2e-05
23250 2e-05
23251 2e-05
23252 2e-05
23253 2e-05
23254 2e-05
23255 2e-05
23256 2e-05
23257 2e-05
23258 2e-05
23259 2e-05
23260 2e-05
23261 2e-05
23262 2e-05
23263 2e-05
23264 2e-05
23265 2e-05
23266 2e-05
23267 2e-05
23268 2e-05
23269 2e-05
23270 2e-05
23271 2e-05
23272 2e-05
23273 2e-05
23274 2e-05
23275 2e-05
23276 2e-05
23277 2e-05
23278 2e-05
23279 2e-05
23280 2e-05
23281 2e-05
23282 2e-05
23283 2e-05
23284 2e-05
23285 2e-05
23286 2e-05
23287 2e-05
23288 2e-05
23289 2e-05
23290 2e-05
23291 2e-05
23292 2e-05
23293 2e-05
23294 2e-05
23295 2e-05
23296 2e-05
23297 2e-05
23298 2e-05
23299 2e-05
23300 2e-05
23301 2e-05
23302 2e-05
23303 2e-05
23304 2e-05
23305 2e-05
23306 2e-05
23307 2e-05
23308 2e-05
23309 2e-05
23310 2e-05
23311 2e-05
23312 2e-05
23313 2e-05
23314 2e-05
23315 2e-05
23316 2e-05
23317 2e-05
23318 2e-05
23319 2e-05
23320 2e-05
23321 2e-05
23322 2e-05
23323 2e-05
23324 2e-05
23325 2e-05
23326 2e-05
23327 2e-05
23328 2e-05
23329 2e-05
23330 2e-05
23331 2e-05
23332 2e-05
23333 2e-05
23334 2e-05
23335 2e-05
23336 2e-05
23337 2e-05
23338 2e-05
23339 2e-05
23340 2e-05
23341 2e-05
23342 2e-05
23343 2e-05
23344 2e-05
23345 2e-05
23346 2e-05
23347 2e-05
23348 2e-05
23349 2e-05
23350 2e-05
23351 2e-05
23352 2e-05
23353 2e-05
23354 2e-05
23355 2e-05
23356 2e-05
23357 2e-05
23358 2e-05
23359 2e-05
23360 2e-05
23361 2e-05
23362 2e-05
23363 2e-05
23364 2e-05
23365 2e-05
23366 2e-05
23367 2e-05
23368 2e-05
23369 2e-05
23370 2e-05
23371 2e-05
23372 2e-05
23373 2e-05
23374 2e-05
23375 2e-05
23376 2e-05
23377 2e-05
23378 2e-05
23379 2e-05
23380 2e-05
23381 2e-05
23382 2e-05
23383 2e-05
23384 2e-05
23385 2e-05
23386 2e-05
23387 2e-05
23388 2e-05
23389 2e-05
23390 2e-05
23391 2e-05
23392 2e-05
23393 2e-05
23394 2e-05
23395 2e-05
23396 2e-05
23397 2e-05
23398 2e-05
23399 2e-05
23400 2e-05
23401 2e-05
23402 2e-05
23403 2e-05
23404 2e-05
23405 2e-05
23406 2e-05
23407 2e-05
23408 2e-05
23409 2e-05
23410 2e-05
23411 2e-05
23412 2e-05
23413 2e-05
23414 2e-05
23415 2e-05
23416 2e-05
23417 2e-05
23418 2e-05
23419 2e-05
23420 2e-05
23421 2e-05
23422 2e-05
23423 2e-05
23424 2e-05
23425 2e-05
23426 2e-05
23427 2e-05
23428 2e-05
23429 2e-05
23430 2e-05
23431 2e-05
23432 2e-05
23433 2e-05
23434 2e-05
23435 2e-05
23436 2e-05
23437 2e-05
23438 2e-05
23439 2e-05
23440 2e-05
23441 2e-05
23442 2e-05
23443 2e-05
23444 2e-05
23445 2e-05
23446 2e-05
23447 2e-05
23448 2e-05
23449 2e-05
23450 2e-05
23451 2e-05
23452 2e-05
23453 2e-05
23454 2e-05
23455 2e-05
23456 2e-05
23457 2e-05
23458 2e-05
23459 2e-05
23460 2e-05
23461 2e-05
23462 2e-05
23463 2e-05
23464 2e-05
23465 2e-05
23466 2e-05
23467 2e-05
23468 2e-05
23469 2e-05
23470 2e-05
23471 2e-05
23472 2e-05
23473 2e-05
23474 2e-05
23475 2e-05
23476 2e-05
23477 2e-05
23478 2e-05
23479 2e-05
23480 2e-05
23481 2e-05
23482 2e-05
23483 2e-05
23484 2e-05
23485 2e-05
23486 2e-05
23487 2e-05
23488 2e-05
23489 2e-05
23490 2e-05
23491 2e-05
23492 2e-05
23493 2e-05
23494 2e-05
23495 2e-05
23496 2e-05
23497 2e-05
23498 2e-05
23499 2e-05
23500 2e-05
23501 2e-05
23502 2e-05
23503 2e-05
23504 2e-05
23505 2e-05
23506 2e-05
23507 2e-05
23508 2e-05
23509 2e-05
23510 2e-05
23511 2e-05
23512 2e-05
23513 2e-05
23514 2e-05
23515 2e-05
23516 2e-05
23517 2e-05
23518 2e-05
23519 2e-05
23520 2e-05
23521 2e-05
23522 2e-05
23523 2e-05
23524 2e-05
23525 2e-05
23526 2e-05
23527 2e-05
23528 2e-05
23529 2e-05
23530 2e-05
23531 2e-05
23532 2e-05
23533 2e-05
23534 2e-05
23535 2e-05
23536 2e-05
23537 2e-05
23538 2e-05
23539 2e-05
23540 2e-05
23541 2e-05
23542 2e-05
23543 2e-05
23544 2e-05
23545 2e-05
23546 2e-05
23547 2e-05
23548 2e-05
23549 2e-05
23550 2e-05
23551 2e-05
23552 2e-05
23553 2e-05
23554 2e-05
23555 2e-05
23556 2e-05
23557 2e-05
23558 2e-05
23559 2e-05
23560 2e-05
23561 2e-05
23562 2e-05
23563 2e-05
23564 2e-05
23565 2e-05
23566 2e-05
23567 2e-05
23568 2e-05
23569 2e-05
23570 2e-05
23571 2e-05
23572 2e-05
23573 2e-05
23574 2e-05
23575 2e-05
23576 2e-05
23577 2e-05
23578 2e-05
23579 2e-05
23580 2e-05
23581 2e-05
23582 2e-05
23583 2e-05
23584 2e-05
23585 2e-05
23586 2e-05
23587 2e-05
23588 2e-05
23589 2e-05
23590 2e-05
23591 2e-05
23592 2e-05
23593 2e-05
23594 2e-05
23595 2e-05
23596 2e-05
23597 2e-05
23598 2e-05
23599 2e-05
23600 2e-05
23601 2e-05
23602 2e-05
23603 2e-05
23604 2e-05
23605 2e-05
23606 2e-05
23607 2e-05
23608 2e-05
23609 2e-05
23610 2e-05
23611 2e-05
23612 2e-05
23613 2e-05
23614 2e-05
23615 2e-05
23616 2e-05
23617 2e-05
23618 2e-05
23619 2e-05
23620 2e-05
23621 2e-05
23622 2e-05
23623 2e-05
23624 2e-05
23625 2e-05
23626 2e-05
23627 2e-05
23628 2e-05
23629 2e-05
23630 2e-05
23631 2e-05
23632 2e-05
23633 2e-05
23634 2e-05
23635 2e-05
23636 2e-05
23637 2e-05
23638 2e-05
23639 2e-05
23640 2e-05
23641 2e-05
23642 2e-05
23643 2e-05
23644 2e-05
23645 2e-05
23646 2e-05
23647 2e-05
23648 2e-05
23649 2e-05
23650 2e-05
23651 2e-05
23652 2e-05
23653 2e-05
23654 2e-05
23655 2e-05
23656 2e-05
23657 2e-05
23658 2e-05
23659 2e-05
23660 2e-05
23661 2e-05
23662 2e-05
23663 2e-05
23664 2e-05
23665 2e-05
23666 2e-05
23667 2e-05
23668 2e-05
23669 2e-05
23670 2e-05
23671 2e-05
23672 2e-05
23673 2e-05
23674 2e-05
23675 2e-05
23676 2e-05
23677 2e-05
23678 2e-05
23679 2e-05
23680 2e-05
23681 2e-05
23682 2e-05
23683 2e-05
23684 2e-05
23685 2e-05
23686 2e-05
23687 2e-05
23688 2e-05
23689 2e-05
23690 2e-05
23691 2e-05
23692 2e-05
23693 2e-05
23694 2e-05
23695 2e-05
23696 2e-05
23697 2e-05
23698 2e-05
23699 2e-05
23700 2e-05
23701 2e-05
23702 2e-05
23703 2e-05
23704 2e-05
23705 2e-05
23706 2e-05
23707 2e-05
23708 2e-05
23709 2e-05
23710 2e-05
23711 2e-05
23712 2e-05
23713 2e-05
23714 2e-05
23715 2e-05
23716 2e-05
23717 2e-05
23718 2e-05
23719 2e-05
23720 2e-05
23721 2e-05
23722 2e-05
23723 2e-05
23724 2e-05
23725 2e-05
23726 2e-05
23727 2e-05
23728 2e-05
23729 2e-05
23730 2e-05
23731 2e-05
23732 2e-05
23733 2e-05
23734 2e-05
23735 2e-05
23736 2e-05
23737 2e-05
23738 2e-05
23739 2e-05
23740 2e-05
23741 2e-05
23742 2e-05
23743 2e-05
23744 2e-05
23745 2e-05
23746 2e-05
23747 2e-05
23748 2e-05
23749 2e-05
23750 2e-05
23751 2e-05
23752 2e-05
23753 2e-05
23754 2e-05
23755 2e-05
23756 2e-05
23757 2e-05
23758 2e-05
23759 2e-05
23760 2e-05
23761 2e-05
23762 2e-05
23763 2e-05
23764 2e-05
23765 2e-05
23766 2e-05
23767 2e-05
23768 2e-05
23769 2e-05
23770 2e-05
23771 2e-05
23772 2e-05
23773 2e-05
23774 2e-05
23775 2e-05
23776 2e-05
23777 2e-05
23778 2e-05
23779 2e-05
23780 2e-05
23781 2e-05
23782 2e-05
23783 2e-05
23784 2e-05
23785 2e-05
23786 2e-05
23787 2e-05
23788 2e-05
23789 2e-05
23790 2e-05
23791 2e-05
23792 2e-05
23793 2e-05
23794 2e-05
23795 2e-05
23796 2e-05
23797 2e-05
23798 2e-05
23799 2e-05
23800 2e-05
23801 2e-05
23802 2e-05
23803 2e-05
23804 2e-05
23805 2e-05
23806 2e-05
23807 2e-05
23808 2e-05
23809 2e-05
23810 2e-05
23811 2e-05
23812 2e-05
23813 2e-05
23814 2e-05
23815 2e-05
23816 2e-05
23817 2e-05
23818 2e-05
23819 2e-05
23820 2e-05
23821 2e-05
23822 2e-05
23823 2e-05
23824 2e-05
23825 2e-05
23826 2e-05
23827 2e-05
23828 2e-05
23829 2e-05
23830 2e-05
23831 2e-05
23832 2e-05
23833 2e-05
23834 2e-05
23835 2e-05
23836 2e-05
23837 2e-05
23838 2e-05
23839 2e-05
23840 2e-05
23841 2e-05
23842 2e-05
23843 2e-05
23844 2e-05
23845 2e-05
23846 2e-05
23847 2e-05
23848 2e-05
23849 2e-05
23850 2e-05
23851 2e-05
23852 2e-05
23853 2e-05
23854 2e-05
23855 2e-05
23856 2e-05
23857 2e-05
23858 2e-05
23859 2e-05
23860 2e-05
23861 2e-05
23862 2e-05
23863 2e-05
23864 2e-05
23865 2e-05
23866 2e-05
23867 2e-05
23868 2e-05
23869 2e-05
23870 2e-05
23871 2e-05
23872 2e-05
23873 2e-05
23874 2e-05
23875 2e-05
23876 2e-05
23877 2e-05
23878 2e-05
23879 2e-05
23880 2e-05
23881 2e-05
23882 2e-05
23883 2e-05
23884 2e-05
23885 2e-05
23886 2e-05
23887 2e-05
23888 2e-05
23889 2e-05
23890 2e-05
23891 2e-05
23892 2e-05
23893 2e-05
23894 2e-05
23895 2e-05
23896 2e-05
23897 2e-05
23898 2e-05
23899 2e-05
23900 2e-05
23901 2e-05
23902 2e-05
23903 2e-05
23904 2e-05
23905 2e-05
23906 2e-05
23907 2e-05
23908 2e-05
23909 2e-05
23910 2e-05
23911 2e-05
23912 2e-05
23913 2e-05
23914 2e-05
23915 2e-05
23916 2e-05
23917 2e-05
23918 2e-05
23919 2e-05
23920 2e-05
23921 2e-05
23922 2e-05
23923 2e-05
23924 2e-05
23925 2e-05
23926 2e-05
23927 2e-05
23928 2e-05
23929 2e-05
23930 2e-05
23931 2e-05
23932 2e-05
23933 2e-05
23934 2e-05
23935 2e-05
23936 2e-05
23937 2e-05
23938 2e-05
23939 2e-05
23940 2e-05
23941 2e-05
23942 2e-05
23943 2e-05
23944 2e-05
23945 2e-05
23946 2e-05
23947 2e-05
23948 2e-05
23949 2e-05
23950 2e-05
23951 2e-05
23952 2e-05
23953 2e-05
23954 2e-05
23955 2e-05
23956 2e-05
23957 2e-05
23958 2e-05
23959 2e-05
23960 2e-05
23961 2e-05
23962 2e-05
23963 2e-05
23964 2e-05
23965 2e-05
23966 2e-05
23967 2e-05
23968 2e-05
23969 2e-05
23970 2e-05
23971 2e-05
23972 2e-05
23973 2e-05
23974 2e-05
23975 2e-05
23976 2e-05
23977 2e-05
23978 2e-05
23979 2e-05
23980 2e-05
23981 2e-05
23982 2e-05
23983 2e-05
23984 2e-05
23985 2e-05
23986 2e-05
23987 2e-05
23988 2e-05
23989 2e-05
23990 2e-05
23991 2e-05
23992 2e-05
23993 2e-05
23994 2e-05
23995 2e-05
23996 2e-05
23997 2e-05
23998 2e-05
23999 2e-05
24000 2e-05
24001 2e-05
24002 2e-05
24003 2e-05
24004 2e-05
24005 2e-05
24006 2e-05
24007 2e-05
24008 2e-05
24009 2e-05
24010 2e-05
24011 2e-05
24012 2e-05
24013 2e-05
24014 2e-05
24015 2e-05
24016 2e-05
24017 2e-05
24018 2e-05
24019 2e-05
24020 2e-05
24021 2e-05
24022 2e-05
24023 2e-05
24024 2e-05
24025 2e-05
24026 2e-05
24027 2e-05
24028 2e-05
24029 2e-05
24030 2e-05
24031 2e-05
24032 2e-05
24033 2e-05
24034 2e-05
24035 2e-05
24036 2e-05
24037 2e-05
24038 2e-05
24039 2e-05
24040 2e-05
24041 2e-05
24042 2e-05
24043 2e-05
24044 2e-05
24045 2e-05
24046 2e-05
24047 2e-05
24048 2e-05
24049 2e-05
24050 2e-05
24051 2e-05
24052 2e-05
24053 2e-05
24054 2e-05
24055 2e-05
24056 2e-05
24057 2e-05
24058 2e-05
24059 2e-05
24060 2e-05
24061 2e-05
24062 2e-05
24063 2e-05
24064 2e-05
24065 2e-05
24066 2e-05
24067 2e-05
24068 2e-05
24069 2e-05
24070 2e-05
24071 2e-05
24072 2e-05
24073 2e-05
24074 2e-05
24075 2e-05
24076 2e-05
24077 2e-05
24078 2e-05
24079 2e-05
24080 2e-05
24081 2e-05
24082 2e-05
24083 2e-05
24084 2e-05
24085 2e-05
24086 2e-05
24087 2e-05
24088 2e-05
24089 2e-05
24090 2e-05
24091 2e-05
24092 2e-05
24093 2e-05
24094 2e-05
24095 2e-05
24096 2e-05
24097 2e-05
24098 2e-05
24099 2e-05
24100 2e-05
24101 2e-05
24102 2e-05
24103 2e-05
24104 2e-05
24105 2e-05
24106 2e-05
24107 2e-05
24108 2e-05
24109 2e-05
24110 2e-05
24111 2e-05
24112 2e-05
24113 2e-05
24114 2e-05
24115 2e-05
24116 2e-05
24117 2e-05
24118 2e-05
24119 2e-05
24120 2e-05
24121 2e-05
24122 2e-05
24123 2e-05
24124 2e-05
24125 2e-05
24126 2e-05
24127 2e-05
24128 2e-05
24129 2e-05
24130 2e-05
24131 2e-05
24132 2e-05
24133 2e-05
24134 2e-05
24135 2e-05
24136 2e-05
24137 2e-05
24138 2e-05
24139 2e-05
24140 2e-05
24141 2e-05
24142 2e-05
24143 2e-05
24144 2e-05
24145 2e-05
24146 2e-05
24147 2e-05
24148 2e-05
24149 2e-05
24150 2e-05
24151 2e-05
24152 2e-05
24153 2e-05
24154 2e-05
24155 2e-05
24156 2e-05
24157 2e-05
24158 2e-05
24159 2e-05
24160 2e-05
24161 2e-05
24162 2e-05
24163 2e-05
24164 2e-05
24165 2e-05
24166 2e-05
24167 2e-05
24168 2e-05
24169 2e-05
24170 2e-05
24171 2e-05
24172 2e-05
24173 2e-05
24174 2e-05
24175 2e-05
24176 2e-05
24177 2e-05
24178 2e-05
24179 2e-05
24180 2e-05
24181 2e-05
24182 2e-05
24183 2e-05
24184 2e-05
24185 2e-05
24186 2e-05
24187 2e-05
24188 2e-05
24189 2e-05
24190 2e-05
24191 2e-05
24192 2e-05
24193 2e-05
24194 2e-05
24195 2e-05
24196 2e-05
24197 2e-05
24198 2e-05
24199 2e-05
24200 2e-05
24201 2e-05
24202 2e-05
24203 2e-05
24204 2e-05
24205 2e-05
24206 2e-05
24207 2e-05
24208 2e-05
24209 2e-05
24210 2e-05
24211 2e-05
24212 2e-05
24213 2e-05
24214 2e-05
24215 2e-05
24216 2e-05
24217 2e-05
24218 2e-05
24219 2e-05
24220 2e-05
24221 2e-05
24222 2e-05
24223 2e-05
24224 2e-05
24225 2e-05
24226 2e-05
24227 2e-05
24228 2e-05
24229 2e-05
24230 2e-05
24231 2e-05
24232 2e-05
24233 2e-05
24234 2e-05
24235 2e-05
24236 2e-05
24237 2e-05
24238 2e-05
24239 2e-05
24240 2e-05
24241 2e-05
24242 2e-05
24243 2e-05
24244 2e-05
24245 2e-05
24246 2e-05
24247 2e-05
24248 2e-05
24249 2e-05
24250 2e-05
24251 2e-05
24252 2e-05
24253 2e-05
24254 2e-05
24255 2e-05
24256 2e-05
24257 2e-05
24258 2e-05
24259 2e-05
24260 2e-05
24261 2e-05
24262 2e-05
24263 2e-05
24264 2e-05
24265 2e-05
24266 2e-05
24267 2e-05
24268 2e-05
24269 2e-05
24270 2e-05
24271 2e-05
24272 2e-05
24273 2e-05
24274 2e-05
24275 2e-05
24276 2e-05
24277 2e-05
24278 2e-05
24279 2e-05
24280 2e-05
24281 2e-05
24282 2e-05
24283 2e-05
24284 2e-05
24285 2e-05
24286 2e-05
24287 2e-05
24288 2e-05
24289 2e-05
24290 2e-05
24291 2e-05
24292 2e-05
24293 2e-05
24294 2e-05
24295 2e-05
24296 2e-05
24297 2e-05
24298 2e-05
24299 2e-05
24300 2e-05
24301 2e-05
24302 2e-05
24303 2e-05
24304 2e-05
24305 2e-05
24306 2e-05
24307 2e-05
24308 2e-05
24309 2e-05
24310 2e-05
24311 2e-05
24312 2e-05
24313 2e-05
24314 2e-05
24315 2e-05
24316 2e-05
24317 2e-05
24318 2e-05
24319 2e-05
24320 2e-05
24321 2e-05
24322 2e-05
24323 2e-05
24324 2e-05
24325 2e-05
24326 2e-05
24327 2e-05
24328 2e-05
24329 2e-05
24330 2e-05
24331 2e-05
24332 2e-05
24333 2e-05
24334 2e-05
24335 2e-05
24336 2e-05
24337 2e-05
24338 2e-05
24339 2e-05
24340 2e-05
24341 2e-05
24342 2e-05
24343 2e-05
24344 2e-05
24345 2e-05
24346 2e-05
24347 2e-05
24348 2e-05
24349 2e-05
24350 2e-05
24351 2e-05
24352 2e-05
24353 2e-05
24354 2e-05
24355 2e-05
24356 2e-05
24357 2e-05
24358 2e-05
24359 2e-05
24360 2e-05
24361 2e-05
24362 2e-05
24363 2e-05
24364 2e-05
24365 2e-05
24366 2e-05
24367 2e-05
24368 2e-05
24369 2e-05
24370 2e-05
24371 2e-05
24372 2e-05
24373 2e-05
24374 2e-05
24375 2e-05
24376 2e-05
24377 2e-05
24378 2e-05
24379 2e-05
24380 2e-05
24381 2e-05
24382 2e-05
24383 2e-05
24384 2e-05
24385 2e-05
24386 2e-05
24387 2e-05
24388 2e-05
24389 2e-05
24390 2e-05
24391 2e-05
24392 2e-05
24393 2e-05
24394 2e-05
24395 2e-05
24396 2e-05
24397 2e-05
24398 2e-05
24399 2e-05
24400 2e-05
24401 2e-05
24402 2e-05
24403 2e-05
24404 2e-05
24405 2e-05
24406 2e-05
24407 2e-05
24408 2e-05
24409 2e-05
24410 2e-05
24411 2e-05
24412 2e-05
24413 2e-05
24414 2e-05
24415 2e-05
24416 2e-05
24417 2e-05
24418 2e-05
24419 2e-05
24420 2e-05
24421 2e-05
24422 2e-05
24423 2e-05
24424 2e-05
24425 2e-05
24426 2e-05
24427 2e-05
24428 2e-05
24429 2e-05
24430 2e-05
24431 2e-05
24432 2e-05
24433 2e-05
24434 2e-05
24435 2e-05
24436 2e-05
24437 2e-05
24438 2e-05
24439 2e-05
24440 2e-05
24441 2e-05
24442 2e-05
24443 2e-05
24444 2e-05
24445 2e-05
24446 2e-05
24447 2e-05
24448 2e-05
24449 2e-05
24450 2e-05
24451 2e-05
24452 2e-05
24453 2e-05
24454 2e-05
24455 2e-05
24456 2e-05
24457 2e-05
24458 2e-05
24459 2e-05
24460 2e-05
24461 2e-05
24462 2e-05
24463 2e-05
24464 2e-05
24465 2e-05
24466 2e-05
24467 2e-05
24468 2e-05
24469 2e-05
24470 2e-05
24471 2e-05
24472 2e-05
24473 2e-05
24474 2e-05
24475 2e-05
24476 2e-05
24477 2e-05
24478 2e-05
24479 2e-05
24480 2e-05
24481 2e-05
24482 2e-05
24483 2e-05
24484 2e-05
24485 2e-05
24486 2e-05
24487 2e-05
24488 2e-05
24489 2e-05
24490 2e-05
24491 2e-05
24492 2e-05
24493 2e-05
24494 2e-05
24495 2e-05
24496 2e-05
24497 2e-05
24498 2e-05
24499 2e-05
24500 2e-05
24501 2e-05
24502 2e-05
24503 2e-05
24504 2e-05
24505 2e-05
24506 2e-05
24507 2e-05
24508 2e-05
24509 2e-05
24510 2e-05
24511 2e-05
24512 2e-05
24513 2e-05
24514 2e-05
24515 2e-05
24516 2e-05
24517 2e-05
24518 2e-05
24519 2e-05
24520 2e-05
24521 2e-05
24522 2e-05
24523 2e-05
24524 2e-05
24525 2e-05
24526 2e-05
24527 2e-05
24528 2e-05
24529 2e-05
24530 2e-05
24531 2e-05
24532 2e-05
24533 2e-05
24534 2e-05
24535 2e-05
24536 2e-05
24537 2e-05
24538 2e-05
24539 2e-05
24540 2e-05
24541 2e-05
24542 2e-05
24543 2e-05
24544 2e-05
24545 2e-05
24546 2e-05
24547 2e-05
24548 2e-05
24549 2e-05
24550 2e-05
24551 2e-05
24552 2e-05
24553 2e-05
24554 2e-05
24555 2e-05
24556 2e-05
24557 2e-05
24558 2e-05
24559 2e-05
24560 2e-05
24561 2e-05
24562 2e-05
24563 2e-05
24564 2e-05
24565 2e-05
24566 2e-05
24567 2e-05
24568 2e-05
24569 2e-05
24570 2e-05
24571 2e-05
24572 2e-05
24573 2e-05
24574 2e-05
24575 2e-05
24576 2e-05
24577 2e-05
24578 2e-05
24579 2e-05
24580 2e-05
24581 2e-05
24582 2e-05
24583 2e-05
24584 2e-05
24585 2e-05
24586 2e-05
24587 2e-05
24588 2e-05
24589 2e-05
24590 2e-05
24591 2e-05
24592 2e-05
24593 2e-05
24594 2e-05
24595 2e-05
24596 2e-05
24597 2e-05
24598 2e-05
24599 2e-05
24600 2e-05
24601 2e-05
24602 2e-05
24603 2e-05
24604 2e-05
24605 2e-05
24606 2e-05
24607 2e-05
24608 2e-05
24609 2e-05
24610 2e-05
24611 2e-05
24612 2e-05
24613 2e-05
24614 2e-05
24615 2e-05
24616 2e-05
24617 2e-05
24618 2e-05
24619 2e-05
24620 2e-05
24621 2e-05
24622 2e-05
24623 2e-05
24624 2e-05
24625 2e-05
24626 2e-05
24627 2e-05
24628 2e-05
24629 2e-05
24630 2e-05
24631 2e-05
24632 2e-05
24633 2e-05
24634 2e-05
24635 2e-05
24636 2e-05
24637 2e-05
24638 2e-05
24639 2e-05
24640 2e-05
24641 2e-05
24642 2e-05
24643 2e-05
24644 2e-05
24645 2e-05
24646 2e-05
24647 2e-05
24648 2e-05
24649 2e-05
24650 2e-05
24651 2e-05
24652 2e-05
24653 2e-05
24654 2e-05
24655 2e-05
24656 2e-05
24657 2e-05
24658 2e-05
24659 2e-05
24660 2e-05
24661 2e-05
24662 2e-05
24663 2e-05
24664 2e-05
24665 2e-05
24666 2e-05
24667 2e-05
24668 2e-05
24669 2e-05
24670 2e-05
24671 2e-05
24672 2e-05
24673 2e-05
24674 2e-05
24675 2e-05
24676 2e-05
24677 2e-05
24678 2e-05
24679 2e-05
24680 2e-05
24681 2e-05
24682 2e-05
24683 2e-05
24684 2e-05
24685 2e-05
24686 2e-05
24687 2e-05
24688 2e-05
24689 2e-05
24690 2e-05
24691 2e-05
24692 2e-05
24693 2e-05
24694 2e-05
24695 2e-05
24696 2e-05
24697 2e-05
24698 2e-05
24699 2e-05
24700 2e-05
24701 2e-05
24702 2e-05
24703 2e-05
24704 2e-05
24705 2e-05
24706 2e-05
24707 2e-05
24708 2e-05
24709 2e-05
24710 2e-05
24711 2e-05
24712 2e-05
24713 2e-05
24714 2e-05
24715 2e-05
24716 2e-05
24717 2e-05
24718 2e-05
24719 2e-05
24720 2e-05
24721 2e-05
24722 2e-05
24723 2e-05
24724 2e-05
24725 2e-05
24726 2e-05
24727 2e-05
24728 2e-05
24729 2e-05
24730 2e-05
24731 2e-05
24732 2e-05
24733 2e-05
24734 2e-05
24735 2e-05
24736 2e-05
24737 2e-05
24738 2e-05
24739 2e-05
24740 2e-05
24741 2e-05
24742 2e-05
24743 2e-05
24744 2e-05
24745 2e-05
24746 2e-05
24747 2e-05
24748 2e-05
24749 2e-05
24750 2e-05
24751 2e-05
24752 2e-05
24753 2e-05
24754 2e-05
24755 2e-05
24756 2e-05
24757 2e-05
24758 2e-05
24759 2e-05
24760 2e-05
24761 2e-05
24762 2e-05
24763 2e-05
24764 2e-05
24765 2e-05
24766 2e-05
24767 2e-05
24768 2e-05
24769 2e-05
24770 2e-05
24771 2e-05
24772 2e-05
24773 2e-05
24774 2e-05
24775 2e-05
24776 2e-05
24777 2e-05
24778 2e-05
24779 2e-05
24780 2e-05
24781 2e-05
24782 2e-05
24783 2e-05
24784 2e-05
24785 2e-05
24786 2e-05
24787 2e-05
24788 2e-05
24789 2e-05
24790 2e-05
24791 2e-05
24792 2e-05
24793 2e-05
24794 2e-05
24795 2e-05
24796 2e-05
24797 2e-05
24798 2e-05
24799 2e-05
24800 2e-05
24801 2e-05
24802 2e-05
24803 2e-05
24804 2e-05
24805 2e-05
24806 2e-05
24807 2e-05
24808 2e-05
24809 2e-05
24810 2e-05
24811 2e-05
24812 2e-05
24813 2e-05
24814 2e-05
24815 2e-05
24816 2e-05
24817 2e-05
24818 2e-05
24819 2e-05
24820 2e-05
24821 2e-05
24822 2e-05
24823 2e-05
24824 2e-05
24825 2e-05
24826 2e-05
24827 2e-05
24828 2e-05
24829 2e-05
24830 2e-05
24831 2e-05
24832 2e-05
24833 2e-05
24834 2e-05
24835 2e-05
24836 2e-05
24837 2e-05
24838 2e-05
24839 2e-05
24840 2e-05
24841 2e-05
24842 2e-05
24843 2e-05
24844 2e-05
24845 2e-05
24846 2e-05
24847 2e-05
24848 2e-05
24849 2e-05
24850 2e-05
24851 2e-05
24852 2e-05
24853 2e-05
24854 2e-05
24855 2e-05
24856 2e-05
24857 2e-05
24858 2e-05
24859 2e-05
24860 2e-05
24861 2e-05
24862 2e-05
24863 2e-05
24864 2e-05
24865 2e-05
24866 2e-05
24867 2e-05
24868 2e-05
24869 2e-05
24870 2e-05
24871 2e-05
24872 2e-05
24873 2e-05
24874 2e-05
24875 2e-05
24876 2e-05
24877 2e-05
24878 2e-05
24879 2e-05
24880 2e-05
24881 2e-05
24882 2e-05
24883 2e-05
24884 2e-05
24885 2e-05
24886 2e-05
24887 2e-05
24888 2e-05
24889 2e-05
24890 2e-05
24891 2e-05
24892 2e-05
24893 2e-05
24894 2e-05
24895 2e-05
24896 2e-05
24897 2e-05
24898 2e-05
24899 2e-05
24900 2e-05
24901 2e-05
24902 2e-05
24903 2e-05
24904 2e-05
24905 2e-05
24906 2e-05
24907 2e-05
24908 2e-05
24909 2e-05
24910 2e-05
24911 2e-05
24912 2e-05
24913 2e-05
24914 2e-05
24915 2e-05
24916 2e-05
24917 2e-05
24918 2e-05
24919 2e-05
24920 2e-05
24921 2e-05
24922 2e-05
24923 2e-05
24924 2e-05
24925 2e-05
24926 2e-05
24927 2e-05
24928 2e-05
24929 2e-05
24930 2e-05
24931 2e-05
24932 2e-05
24933 2e-05
24934 2e-05
24935 2e-05
24936 2e-05
24937 2e-05
24938 2e-05
24939 2e-05
24940 2e-05
24941 2e-05
24942 2e-05
24943 2e-05
24944 2e-05
24945 2e-05
24946 2e-05
24947 2e-05
24948 2e-05
24949 2e-05
24950 2e-05
24951 2e-05
24952 2e-05
24953 2e-05
24954 2e-05
24955 2e-05
24956 2e-05
24957 2e-05
24958 2e-05
24959 2e-05
24960 2e-05
24961 2e-05
24962 2e-05
24963 2e-05
24964 2e-05
24965 2e-05
24966 2e-05
24967 2e-05
24968 2e-05
24969 2e-05
24970 2e-05
24971 2e-05
24972 2e-05
24973 2e-05
24974 2e-05
24975 2e-05
24976 2e-05
24977 2e-05
24978 2e-05
24979 2e-05
24980 2e-05
24981 2e-05
24982 2e-05
24983 2e-05
24984 2e-05
24985 2e-05
24986 2e-05
24987 2e-05
24988 2e-05
24989 2e-05
24990 2e-05
24991 2e-05
24992 2e-05
24993 2e-05
24994 2e-05
24995 2e-05
24996 2e-05
24997 2e-05
24998 2e-05
24999 2e-05
25000 2e-05
25001 2e-05
25002 2e-05
25003 2e-05
25004 2e-05
25005 2e-05
25006 2e-05
25007 2e-05
25008 2e-05
25009 2e-05
25010 2e-05
25011 2e-05
25012 2e-05
25013 2e-05
25014 2e-05
25015 2e-05
25016 2e-05
25017 2e-05
25018 2e-05
25019 2e-05
25020 2e-05
25021 2e-05
25022 2e-05
25023 2e-05
25024 2e-05
25025 2e-05
25026 2e-05
25027 2e-05
25028 2e-05
25029 2e-05
25030 2e-05
25031 2e-05
25032 2e-05
25033 2e-05
25034 2e-05
25035 2e-05
25036 2e-05
25037 2e-05
25038 2e-05
25039 2e-05
25040 2e-05
25041 2e-05
25042 2e-05
25043 2e-05
25044 2e-05
25045 2e-05
25046 2e-05
25047 2e-05
25048 2e-05
25049 2e-05
25050 2e-05
25051 2e-05
25052 2e-05
25053 2e-05
25054 2e-05
25055 2e-05
25056 2e-05
25057 2e-05
25058 2e-05
25059 2e-05
25060 2e-05
25061 2e-05
25062 2e-05
25063 2e-05
25064 2e-05
25065 2e-05
25066 2e-05
25067 2e-05
25068 2e-05
25069 2e-05
25070 2e-05
25071 2e-05
25072 2e-05
25073 2e-05
25074 2e-05
25075 2e-05
25076 2e-05
25077 2e-05
25078 2e-05
25079 2e-05
25080 2e-05
25081 2e-05
25082 2e-05
25083 2e-05
25084 2e-05
25085 2e-05
25086 2e-05
25087 2e-05
25088 2e-05
25089 2e-05
25090 2e-05
25091 2e-05
25092 2e-05
25093 2e-05
25094 2e-05
25095 2e-05
25096 2e-05
25097 2e-05
25098 2e-05
25099 2e-05
25100 2e-05
25101 2e-05
25102 2e-05
25103 2e-05
25104 2e-05
25105 2e-05
25106 2e-05
25107 2e-05
25108 2e-05
25109 2e-05
25110 2e-05
25111 2e-05
25112 2e-05
25113 2e-05
25114 2e-05
25115 2e-05
25116 2e-05
25117 2e-05
25118 2e-05
25119 2e-05
25120 2e-05
25121 2e-05
25122 2e-05
25123 2e-05
25124 2e-05
25125 2e-05
25126 2e-05
25127 2e-05
25128 2e-05
25129 2e-05
25130 2e-05
25131 2e-05
25132 2e-05
25133 2e-05
25134 2e-05
25135 2e-05
25136 2e-05
25137 2e-05
25138 2e-05
25139 2e-05
25140 2e-05
25141 2e-05
25142 2e-05
25143 2e-05
25144 2e-05
25145 2e-05
25146 2e-05
25147 2e-05
25148 2e-05
25149 2e-05
25150 2e-05
25151 2e-05
25152 2e-05
25153 2e-05
25154 2e-05
25155 2e-05
25156 2e-05
25157 2e-05
25158 2e-05
25159 2e-05
25160 2e-05
25161 2e-05
25162 2e-05
25163 2e-05
25164 2e-05
25165 2e-05
25166 2e-05
25167 2e-05
25168 2e-05
25169 2e-05
25170 2e-05
25171 2e-05
25172 2e-05
25173 2e-05
25174 2e-05
25175 2e-05
25176 2e-05
25177 2e-05
25178 2e-05
25179 2e-05
25180 2e-05
25181 2e-05
25182 2e-05
25183 2e-05
25184 2e-05
25185 2e-05
25186 2e-05
25187 2e-05
25188 2e-05
25189 2e-05
25190 2e-05
25191 2e-05
25192 2e-05
25193 2e-05
25194 2e-05
25195 2e-05
25196 2e-05
25197 2e-05
25198 2e-05
25199 2e-05
25200 2e-05
25201 2e-05
25202 2e-05
25203 2e-05
25204 2e-05
25205 2e-05
25206 2e-05
25207 2e-05
25208 2e-05
25209 2e-05
25210 2e-05
25211 2e-05
25212 2e-05
25213 2e-05
25214 2e-05
25215 2e-05
25216 2e-05
25217 2e-05
25218 2e-05
25219 2e-05
25220 2e-05
25221 2e-05
25222 2e-05
25223 2e-05
25224 2e-05
25225 2e-05
25226 2e-05
25227 2e-05
25228 2e-05
25229 2e-05
25230 2e-05
25231 2e-05
25232 2e-05
25233 2e-05
25234 2e-05
25235 2e-05
25236 2e-05
25237 2e-05
25238 2e-05
25239 2e-05
25240 2e-05
25241 2e-05
25242 2e-05
25243 2e-05
25244 2e-05
25245 2e-05
25246 2e-05
25247 2e-05
25248 2e-05
25249 2e-05
25250 2e-05
25251 2e-05
25252 2e-05
25253 2e-05
25254 2e-05
25255 2e-05
25256 2e-05
25257 2e-05
25258 2e-05
25259 2e-05
25260 2e-05
25261 2e-05
25262 2e-05
25263 2e-05
25264 2e-05
25265 2e-05
25266 2e-05
25267 2e-05
25268 2e-05
25269 2e-05
25270 2e-05
25271 2e-05
25272 2e-05
25273 2e-05
25274 2e-05
25275 2e-05
25276 2e-05
25277 2e-05
25278 2e-05
25279 2e-05
25280 2e-05
25281 2e-05
25282 2e-05
25283 2e-05
25284 2e-05
25285 2e-05
25286 2e-05
25287 2e-05
25288 2e-05
25289 2e-05
25290 2e-05
25291 2e-05
25292 2e-05
25293 2e-05
25294 2e-05
25295 2e-05
25296 2e-05
25297 2e-05
25298 2e-05
25299 2e-05
25300 2e-05
25301 2e-05
25302 2e-05
25303 2e-05
25304 2e-05
25305 2e-05
25306 2e-05
25307 2e-05
25308 2e-05
25309 2e-05
25310 2e-05
25311 2e-05
25312 2e-05
25313 2e-05
25314 2e-05
25315 2e-05
25316 2e-05
25317 2e-05
25318 2e-05
25319 2e-05
25320 2e-05
25321 2e-05
25322 2e-05
25323 2e-05
25324 2e-05
25325 2e-05
25326 2e-05
25327 2e-05
25328 2e-05
25329 2e-05
25330 2e-05
25331 2e-05
25332 2e-05
25333 2e-05
25334 2e-05
25335 2e-05
25336 2e-05
25337 2e-05
25338 2e-05
25339 2e-05
25340 2e-05
25341 2e-05
25342 2e-05
25343 2e-05
25344 2e-05
25345 2e-05
25346 2e-05
25347 2e-05
25348 2e-05
25349 2e-05
25350 2e-05
25351 2e-05
25352 2e-05
25353 2e-05
25354 2e-05
25355 2e-05
25356 2e-05
25357 2e-05
25358 2e-05
25359 2e-05
25360 2e-05
25361 2e-05
25362 2e-05
25363 2e-05
25364 2e-05
25365 2e-05
25366 2e-05
25367 2e-05
25368 2e-05
25369 2e-05
25370 2e-05
25371 2e-05
25372 2e-05
25373 2e-05
25374 2e-05
25375 2e-05
25376 2e-05
25377 2e-05
25378 2e-05
25379 2e-05
25380 2e-05
25381 2e-05
25382 2e-05
25383 2e-05
25384 2e-05
25385 2e-05
25386 2e-05
25387 2e-05
25388 2e-05
25389 2e-05
25390 2e-05
25391 2e-05
25392 2e-05
25393 2e-05
25394 2e-05
25395 2e-05
25396 2e-05
25397 2e-05
25398 2e-05
25399 2e-05
25400 2e-05
25401 2e-05
25402 2e-05
25403 2e-05
25404 2e-05
25405 2e-05
25406 2e-05
25407 2e-05
25408 2e-05
25409 2e-05
25410 2e-05
25411 2e-05
25412 2e-05
25413 2e-05
25414 2e-05
25415 2e-05
25416 2e-05
25417 2e-05
25418 2e-05
25419 2e-05
25420 2e-05
25421 2e-05
25422 2e-05
25423 2e-05
25424 2e-05
25425 2e-05
25426 2e-05
25427 2e-05
25428 2e-05
25429 2e-05
25430 2e-05
25431 2e-05
25432 2e-05
25433 2e-05
25434 2e-05
25435 2e-05
25436 2e-05
25437 2e-05
25438 2e-05
25439 2e-05
25440 2e-05
25441 2e-05
25442 2e-05
25443 2e-05
25444 2e-05
25445 2e-05
25446 2e-05
25447 2e-05
25448 2e-05
25449 2e-05
25450 2e-05
25451 2e-05
25452 2e-05
25453 2e-05
25454 2e-05
25455 2e-05
25456 2e-05
25457 2e-05
25458 2e-05
25459 2e-05
25460 2e-05
25461 2e-05
25462 2e-05
25463 2e-05
25464 2e-05
25465 2e-05
25466 2e-05
25467 2e-05
25468 2e-05
25469 2e-05
25470 2e-05
25471 2e-05
25472 2e-05
25473 2e-05
25474 2e-05
25475 2e-05
25476 2e-05
25477 2e-05
25478 2e-05
25479 2e-05
25480 2e-05
25481 2e-05
25482 2e-05
25483 2e-05
25484 2e-05
25485 2e-05
25486 2e-05
25487 2e-05
25488 2e-05
25489 2e-05
25490 2e-05
25491 2e-05
25492 2e-05
25493 2e-05
25494 2e-05
25495 2e-05
25496 2e-05
25497 2e-05
25498 2e-05
25499 2e-05
25500 2e-05
25501 2e-05
25502 2e-05
25503 2e-05
25504 2e-05
25505 2e-05
25506 2e-05
25507 2e-05
25508 2e-05
25509 2e-05
25510 2e-05
25511 2e-05
25512 2e-05
25513 2e-05
25514 2e-05
25515 2e-05
25516 2e-05
25517 2e-05
25518 2e-05
25519 2e-05
25520 2e-05
25521 2e-05
25522 2e-05
25523 2e-05
25524 2e-05
25525 2e-05
25526 2e-05
25527 2e-05
25528 2e-05
25529 2e-05
25530 2e-05
25531 2e-05
25532 2e-05
25533 2e-05
25534 2e-05
25535 2e-05
25536 2e-05
25537 2e-05
25538 2e-05
25539 2e-05
25540 2e-05
25541 2e-05
25542 2e-05
25543 2e-05
25544 2e-05
25545 2e-05
25546 2e-05
25547 2e-05
25548 2e-05
25549 2e-05
25550 2e-05
25551 2e-05
25552 2e-05
25553 2e-05
25554 2e-05
25555 2e-05
25556 2e-05
25557 2e-05
25558 2e-05
25559 2e-05
25560 2e-05
25561 2e-05
25562 2e-05
25563 2e-05
25564 2e-05
25565 2e-05
25566 2e-05
25567 2e-05
25568 2e-05
25569 2e-05
25570 2e-05
25571 2e-05
25572 2e-05
25573 2e-05
25574 2e-05
25575 2e-05
25576 2e-05
25577 2e-05
25578 2e-05
25579 2e-05
25580 2e-05
25581 2e-05
25582 2e-05
25583 2e-05
25584 2e-05
25585 2e-05
25586 2e-05
25587 2e-05
25588 2e-05
25589 2e-05
25590 2e-05
25591 2e-05
25592 2e-05
25593 2e-05
25594 2e-05
25595 2e-05
25596 2e-05
25597 2e-05
25598 2e-05
25599 2e-05
25600 2e-05
25601 2e-05
25602 2e-05
25603 2e-05
25604 2e-05
25605 2e-05
25606 2e-05
25607 2e-05
25608 2e-05
25609 2e-05
25610 2e-05
25611 2e-05
25612 2e-05
25613 2e-05
25614 2e-05
25615 2e-05
25616 2e-05
25617 2e-05
25618 2e-05
25619 2e-05
25620 2e-05
25621 2e-05
25622 2e-05
25623 2e-05
25624 2e-05
25625 2e-05
25626 2e-05
25627 2e-05
25628 2e-05
25629 2e-05
25630 2e-05
25631 2e-05
25632 2e-05
25633 2e-05
25634 2e-05
25635 2e-05
25636 2e-05
25637 2e-05
25638 2e-05
25639 2e-05
25640 2e-05
25641 2e-05
25642 2e-05
25643 2e-05
25644 2e-05
25645 2e-05
25646 2e-05
25647 2e-05
25648 2e-05
25649 2e-05
25650 2e-05
25651 2e-05
25652 2e-05
25653 2e-05
25654 2e-05
25655 2e-05
25656 2e-05
25657 2e-05
25658 2e-05
25659 2e-05
25660 2e-05
25661 2e-05
25662 2e-05
25663 2e-05
25664 2e-05
25665 2e-05
25666 2e-05
25667 2e-05
25668 2e-05
25669 2e-05
25670 2e-05
25671 2e-05
25672 2e-05
25673 2e-05
25674 2e-05
25675 2e-05
25676 2e-05
25677 2e-05
25678 2e-05
25679 2e-05
25680 2e-05
25681 2e-05
25682 2e-05
25683 2e-05
25684 2e-05
25685 2e-05
25686 2e-05
25687 2e-05
25688 2e-05
25689 2e-05
25690 2e-05
25691 2e-05
25692 2e-05
25693 2e-05
25694 2e-05
25695 2e-05
25696 2e-05
25697 2e-05
25698 2e-05
25699 2e-05
25700 2e-05
25701 2e-05
25702 2e-05
25703 2e-05
25704 2e-05
25705 2e-05
25706 2e-05
25707 2e-05
25708 2e-05
25709 2e-05
25710 2e-05
25711 2e-05
25712 2e-05
25713 2e-05
25714 2e-05
25715 2e-05
25716 2e-05
25717 2e-05
25718 2e-05
25719 2e-05
25720 2e-05
25721 2e-05
25722 2e-05
25723 2e-05
25724 2e-05
25725 2e-05
25726 2e-05
25727 2e-05
25728 2e-05
25729 2e-05
25730 2e-05
25731 2e-05
25732 2e-05
25733 2e-05
25734 2e-05
25735 2e-05
25736 2e-05
25737 2e-05
25738 2e-05
25739 2e-05
25740 2e-05
25741 2e-05
25742 2e-05
25743 2e-05
25744 2e-05
25745 2e-05
25746 2e-05
25747 2e-05
25748 2e-05
25749 2e-05
25750 2e-05
25751 2e-05
25752 2e-05
25753 2e-05
25754 2e-05
25755 2e-05
25756 2e-05
25757 2e-05
25758 2e-05
25759 2e-05
25760 2e-05
25761 2e-05
25762 2e-05
25763 2e-05
25764 2e-05
25765 2e-05
25766 2e-05
25767 2e-05
25768 2e-05
25769 2e-05
25770 2e-05
25771 2e-05
25772 2e-05
25773 2e-05
25774 2e-05
25775 2e-05
25776 2e-05
25777 2e-05
25778 2e-05
25779 2e-05
25780 2e-05
25781 2e-05
25782 2e-05
25783 2e-05
25784 2e-05
25785 2e-05
25786 2e-05
25787 2e-05
25788 2e-05
25789 2e-05
25790 2e-05
25791 2e-05
25792 2e-05
25793 2e-05
25794 2e-05
25795 2e-05
25796 2e-05
25797 2e-05
25798 2e-05
25799 2e-05
25800 2e-05
25801 2e-05
25802 2e-05
25803 2e-05
25804 2e-05
25805 2e-05
25806 2e-05
25807 2e-05
25808 2e-05
25809 2e-05
25810 2e-05
25811 2e-05
25812 2e-05
25813 2e-05
25814 2e-05
25815 2e-05
25816 2e-05
25817 2e-05
25818 2e-05
25819 2e-05
25820 2e-05
25821 2e-05
25822 2e-05
25823 2e-05
25824 2e-05
25825 2e-05
25826 2e-05
25827 2e-05
25828 2e-05
25829 2e-05
25830 2e-05
25831 2e-05
25832 2e-05
25833 2e-05
25834 2e-05
25835 2e-05
25836 2e-05
25837 2e-05
25838 2e-05
25839 2e-05
25840 2e-05
25841 2e-05
25842 2e-05
25843 2e-05
25844 2e-05
25845 2e-05
25846 2e-05
25847 2e-05
25848 2e-05
25849 2e-05
25850 2e-05
25851 2e-05
25852 2e-05
25853 2e-05
25854 2e-05
25855 2e-05
25856 2e-05
25857 2e-05
25858 2e-05
25859 2e-05
25860 2e-05
25861 2e-05
25862 2e-05
25863 2e-05
25864 2e-05
25865 2e-05
25866 2e-05
25867 2e-05
25868 2e-05
25869 2e-05
25870 2e-05
25871 2e-05
25872 2e-05
25873 2e-05
25874 2e-05
25875 2e-05
25876 2e-05
25877 2e-05
25878 2e-05
25879 2e-05
25880 2e-05
25881 2e-05
25882 2e-05
25883 2e-05
25884 2e-05
25885 2e-05
25886 2e-05
25887 2e-05
25888 2e-05
25889 2e-05
25890 2e-05
25891 2e-05
25892 2e-05
25893 2e-05
25894 2e-05
25895 2e-05
25896 2e-05
25897 2e-05
25898 2e-05
25899 2e-05
25900 2e-05
25901 2e-05
25902 2e-05
25903 2e-05
25904 2e-05
25905 2e-05
25906 2e-05
25907 2e-05
25908 2e-05
25909 2e-05
25910 2e-05
25911 2e-05
25912 2e-05
25913 2e-05
25914 2e-05
25915 2e-05
25916 2e-05
25917 2e-05
25918 2e-05
25919 2e-05
25920 2e-05
25921 2e-05
25922 2e-05
25923 2e-05
25924 2e-05
25925 2e-05
25926 2e-05
25927 2e-05
25928 2e-05
25929 2e-05
25930 2e-05
25931 2e-05
25932 2e-05
25933 2e-05
25934 2e-05
25935 2e-05
25936 2e-05
25937 2e-05
25938 2e-05
25939 2e-05
25940 2e-05
25941 2e-05
25942 2e-05
25943 2e-05
25944 2e-05
25945 2e-05
25946 2e-05
25947 2e-05
25948 2e-05
25949 2e-05
25950 2e-05
25951 2e-05
25952 2e-05
25953 2e-05
25954 2e-05
25955 2e-05
25956 2e-05
25957 2e-05
25958 2e-05
25959 2e-05
25960 2e-05
25961 2e-05
25962 2e-05
25963 2e-05
25964 2e-05
25965 2e-05
25966 2e-05
25967 2e-05
25968 2e-05
25969 2e-05
25970 2e-05
25971 2e-05
25972 2e-05
25973 2e-05
25974 2e-05
25975 2e-05
25976 2e-05
25977 2e-05
25978 2e-05
25979 2e-05
25980 2e-05
25981 2e-05
25982 2e-05
25983 2e-05
25984 2e-05
25985 2e-05
25986 2e-05
25987 2e-05
25988 2e-05
25989 2e-05
25990 2e-05
25991 2e-05
25992 2e-05
25993 2e-05
25994 2e-05
25995 2e-05
25996 2e-05
25997 2e-05
25998 2e-05
25999 2e-05
26000 2e-05
26001 2e-05
26002 2e-05
26003 2e-05
26004 2e-05
26005 2e-05
26006 2e-05
26007 2e-05
26008 2e-05
26009 2e-05
26010 2e-05
26011 2e-05
26012 2e-05
26013 2e-05
26014 2e-05
26015 2e-05
26016 2e-05
26017 2e-05
26018 2e-05
26019 2e-05
26020 2e-05
26021 2e-05
26022 2e-05
26023 2e-05
26024 2e-05
26025 2e-05
26026 2e-05
26027 2e-05
26028 2e-05
26029 2e-05
26030 2e-05
26031 2e-05
26032 2e-05
26033 2e-05
26034 2e-05
26035 2e-05
26036 2e-05
26037 2e-05
26038 2e-05
26039 2e-05
26040 2e-05
26041 2e-05
26042 2e-05
26043 2e-05
26044 2e-05
26045 2e-05
26046 2e-05
26047 2e-05
26048 2e-05
26049 2e-05
26050 2e-05
26051 2e-05
26052 2e-05
26053 2e-05
26054 2e-05
26055 2e-05
26056 2e-05
26057 2e-05
26058 2e-05
26059 2e-05
26060 2e-05
26061 2e-05
26062 2e-05
26063 2e-05
26064 2e-05
26065 2e-05
26066 2e-05
26067 2e-05
26068 2e-05
26069 2e-05
26070 2e-05
26071 2e-05
26072 2e-05
26073 2e-05
26074 2e-05
26075 2e-05
26076 2e-05
26077 2e-05
26078 2e-05
26079 2e-05
26080 2e-05
26081 2e-05
26082 2e-05
26083 2e-05
26084 2e-05
26085 2e-05
26086 2e-05
26087 2e-05
26088 2e-05
26089 2e-05
26090 2e-05
26091 2e-05
26092 2e-05
26093 2e-05
26094 2e-05
26095 2e-05
26096 2e-05
26097 2e-05
26098 2e-05
26099 2e-05
26100 2e-05
26101 2e-05
26102 2e-05
26103 2e-05
26104 2e-05
26105 2e-05
26106 2e-05
26107 2e-05
26108 2e-05
26109 2e-05
26110 2e-05
26111 2e-05
26112 2e-05
26113 2e-05
26114 2e-05
26115 2e-05
26116 2e-05
26117 2e-05
26118 2e-05
26119 2e-05
26120 2e-05
26121 2e-05
26122 2e-05
26123 2e-05
26124 2e-05
26125 2e-05
26126 2e-05
26127 2e-05
26128 2e-05
26129 2e-05
26130 2e-05
26131 2e-05
26132 2e-05
26133 2e-05
26134 2e-05
26135 2e-05
26136 2e-05
26137 2e-05
26138 2e-05
26139 2e-05
26140 2e-05
26141 2e-05
26142 2e-05
26143 2e-05
26144 2e-05
26145 2e-05
26146 2e-05
26147 2e-05
26148 2e-05
26149 2e-05
26150 2e-05
26151 2e-05
26152 2e-05
26153 2e-05
26154 2e-05
26155 2e-05
26156 2e-05
26157 2e-05
26158 2e-05
26159 2e-05
26160 2e-05
26161 2e-05
26162 2e-05
26163 2e-05
26164 2e-05
26165 2e-05
26166 2e-05
26167 2e-05
26168 2e-05
26169 2e-05
26170 2e-05
26171 2e-05
26172 2e-05
26173 2e-05
26174 2e-05
26175 2e-05
26176 2e-05
26177 2e-05
26178 2e-05
26179 2e-05
26180 2e-05
26181 2e-05
26182 2e-05
26183 2e-05
26184 2e-05
26185 2e-05
26186 2e-05
26187 2e-05
26188 2e-05
26189 2e-05
26190 2e-05
26191 2e-05
26192 2e-05
26193 2e-05
26194 2e-05
26195 2e-05
26196 2e-05
26197 2e-05
26198 2e-05
26199 2e-05
26200 2e-05
26201 2e-05
26202 2e-05
26203 2e-05
26204 2e-05
26205 2e-05
26206 2e-05
26207 2e-05
26208 2e-05
26209 2e-05
26210 2e-05
26211 2e-05
26212 2e-05
26213 2e-05
26214 2e-05
26215 2e-05
26216 2e-05
26217 2e-05
26218 2e-05
26219 2e-05
26220 2e-05
26221 2e-05
26222 2e-05
26223 2e-05
26224 2e-05
26225 2e-05
26226 2e-05
26227 2e-05
26228 2e-05
26229 2e-05
26230 2e-05
26231 2e-05
26232 2e-05
26233 2e-05
26234 2e-05
26235 2e-05
26236 2e-05
26237 2e-05
26238 2e-05
26239 2e-05
26240 2e-05
26241 2e-05
26242 2e-05
26243 2e-05
26244 2e-05
26245 2e-05
26246 2e-05
26247 2e-05
26248 2e-05
26249 2e-05
26250 2e-05
26251 2e-05
26252 2e-05
26253 2e-05
26254 2e-05
26255 2e-05
26256 2e-05
26257 2e-05
26258 2e-05
26259 2e-05
26260 2e-05
26261 2e-05
26262 2e-05
26263 2e-05
26264 2e-05
26265 2e-05
26266 2e-05
26267 2e-05
26268 2e-05
26269 2e-05
26270 2e-05
26271 2e-05
26272 2e-05
26273 2e-05
26274 2e-05
26275 2e-05
26276 2e-05
26277 2e-05
26278 2e-05
26279 2e-05
26280 2e-05
26281 2e-05
26282 2e-05
26283 2e-05
26284 2e-05
26285 2e-05
26286 2e-05
26287 2e-05
26288 2e-05
26289 2e-05
26290 2e-05
26291 2e-05
26292 2e-05
26293 2e-05
26294 2e-05
26295 2e-05
26296 2e-05
26297 2e-05
26298 2e-05
26299 2e-05
26300 2e-05
26301 2e-05
26302 2e-05
26303 2e-05
26304 2e-05
26305 2e-05
26306 2e-05
26307 2e-05
26308 2e-05
26309 2e-05
26310 2e-05
26311 2e-05
26312 2e-05
26313 2e-05
26314 2e-05
26315 2e-05
26316 2e-05
26317 2e-05
26318 2e-05
26319 2e-05
26320 2e-05
26321 2e-05
26322 2e-05
26323 2e-05
26324 2e-05
26325 2e-05
26326 2e-05
26327 2e-05
26328 2e-05
26329 2e-05
26330 2e-05
26331 2e-05
26332 2e-05
26333 2e-05
26334 2e-05
26335 2e-05
26336 2e-05
26337 2e-05
26338 2e-05
26339 2e-05
26340 2e-05
26341 2e-05
26342 2e-05
26343 2e-05
26344 2e-05
26345 2e-05
26346 2e-05
26347 2e-05
26348 2e-05
26349 2e-05
26350 2e-05
26351 2e-05
26352 2e-05
26353 2e-05
26354 2e-05
26355 2e-05
26356 2e-05
26357 2e-05
26358 2e-05
26359 2e-05
26360 2e-05
26361 2e-05
26362 2e-05
26363 2e-05
26364 2e-05
26365 2e-05
26366 2e-05
26367 2e-05
26368 2e-05
26369 2e-05
26370 2e-05
26371 2e-05
26372 2e-05
26373 2e-05
26374 2e-05
26375 2e-05
26376 2e-05
26377 2e-05
26378 2e-05
26379 2e-05
26380 2e-05
26381 2e-05
26382 2e-05
26383 2e-05
26384 2e-05
26385 2e-05
26386 2e-05
26387 2e-05
26388 2e-05
26389 2e-05
26390 2e-05
26391 2e-05
26392 2e-05
26393 2e-05
26394 2e-05
26395 2e-05
26396 2e-05
26397 2e-05
26398 2e-05
26399 2e-05
26400 2e-05
26401 2e-05
26402 2e-05
26403 2e-05
26404 2e-05
26405 2e-05
26406 2e-05
26407 2e-05
26408 2e-05
26409 2e-05
26410 2e-05
26411 2e-05
26412 2e-05
26413 2e-05
26414 2e-05
26415 2e-05
26416 2e-05
26417 2e-05
26418 2e-05
26419 2e-05
26420 2e-05
26421 2e-05
26422 2e-05
26423 2e-05
26424 2e-05
26425 2e-05
26426 2e-05
26427 2e-05
26428 2e-05
26429 2e-05
26430 2e-05
26431 2e-05
26432 2e-05
26433 2e-05
26434 2e-05
26435 2e-05
26436 2e-05
26437 2e-05
26438 2e-05
26439 2e-05
26440 2e-05
26441 2e-05
26442 2e-05
26443 2e-05
26444 2e-05
26445 2e-05
26446 2e-05
26447 2e-05
26448 2e-05
26449 2e-05
26450 2e-05
26451 2e-05
26452 2e-05
26453 2e-05
26454 2e-05
26455 2e-05
26456 2e-05
26457 2e-05
26458 2e-05
26459 2e-05
26460 2e-05
26461 2e-05
26462 2e-05
26463 2e-05
26464 2e-05
26465 2e-05
26466 2e-05
26467 2e-05
26468 2e-05
26469 2e-05
26470 2e-05
26471 2e-05
26472 2e-05
26473 2e-05
26474 2e-05
26475 2e-05
26476 2e-05
26477 2e-05
26478 2e-05
26479 2e-05
26480 2e-05
26481 2e-05
26482 2e-05
26483 2e-05
26484 2e-05
26485 2e-05
26486 2e-05
26487 2e-05
26488 2e-05
26489 2e-05
26490 2e-05
26491 2e-05
26492 2e-05
26493 2e-05
26494 2e-05
26495 2e-05
26496 2e-05
26497 2e-05
26498 2e-05
26499 2e-05
26500 2e-05
26501 2e-05
26502 2e-05
26503 2e-05
26504 2e-05
26505 2e-05
26506 2e-05
26507 2e-05
26508 2e-05
26509 2e-05
26510 2e-05
26511 2e-05
26512 2e-05
26513 2e-05
26514 2e-05
26515 2e-05
26516 2e-05
26517 2e-05
26518 2e-05
26519 2e-05
26520 2e-05
26521 2e-05
26522 2e-05
26523 2e-05
26524 2e-05
26525 2e-05
26526 2e-05
26527 2e-05
26528 2e-05
26529 2e-05
26530 2e-05
26531 2e-05
26532 2e-05
26533 2e-05
26534 2e-05
26535 2e-05
26536 2e-05
26537 2e-05
26538 2e-05
26539 2e-05
26540 2e-05
26541 2e-05
26542 2e-05
26543 2e-05
26544 2e-05
26545 2e-05
26546 2e-05
26547 2e-05
26548 2e-05
26549 2e-05
26550 2e-05
26551 2e-05
26552 2e-05
26553 2e-05
26554 2e-05
26555 2e-05
26556 2e-05
26557 2e-05
26558 2e-05
26559 2e-05
26560 2e-05
26561 2e-05
26562 2e-05
26563 2e-05
26564 2e-05
26565 2e-05
26566 2e-05
26567 2e-05
26568 2e-05
26569 2e-05
26570 2e-05
26571 2e-05
26572 2e-05
26573 2e-05
26574 2e-05
26575 2e-05
26576 2e-05
26577 2e-05
26578 2e-05
26579 2e-05
26580 2e-05
26581 2e-05
26582 2e-05
26583 2e-05
26584 2e-05
26585 2e-05
26586 2e-05
26587 2e-05
26588 2e-05
26589 2e-05
26590 2e-05
26591 2e-05
26592 2e-05
26593 2e-05
26594 2e-05
26595 2e-05
26596 2e-05
26597 2e-05
26598 2e-05
26599 2e-05
26600 2e-05
26601 2e-05
26602 2e-05
26603 2e-05
26604 2e-05
26605 2e-05
26606 2e-05
26607 2e-05
26608 2e-05
26609 2e-05
26610 2e-05
26611 2e-05
26612 2e-05
26613 2e-05
26614 2e-05
26615 2e-05
26616 2e-05
26617 2e-05
26618 2e-05
26619 2e-05
26620 2e-05
26621 2e-05
26622 2e-05
26623 2e-05
26624 2e-05
26625 2e-05
26626 2e-05
26627 2e-05
26628 2e-05
26629 2e-05
26630 2e-05
26631 2e-05
26632 2e-05
26633 2e-05
26634 2e-05
26635 2e-05
26636 2e-05
26637 2e-05
26638 2e-05
26639 2e-05
26640 2e-05
26641 2e-05
26642 2e-05
26643 2e-05
26644 2e-05
26645 2e-05
26646 2e-05
26647 2e-05
26648 2e-05
26649 2e-05
26650 2e-05
26651 2e-05
26652 2e-05
26653 2e-05
26654 2e-05
26655 2e-05
26656 2e-05
26657 2e-05
26658 2e-05
26659 2e-05
26660 2e-05
26661 2e-05
26662 2e-05
26663 2e-05
26664 2e-05
26665 2e-05
26666 2e-05
26667 2e-05
26668 2e-05
26669 2e-05
26670 2e-05
26671 2e-05
26672 2e-05
26673 2e-05
26674 2e-05
26675 2e-05
26676 2e-05
26677 2e-05
26678 2e-05
26679 2e-05
26680 2e-05
26681 2e-05
26682 2e-05
26683 2e-05
26684 2e-05
26685 2e-05
26686 2e-05
26687 2e-05
26688 2e-05
26689 2e-05
26690 2e-05
26691 2e-05
26692 2e-05
26693 2e-05
26694 2e-05
26695 2e-05
26696 2e-05
26697 2e-05
26698 2e-05
26699 2e-05
26700 2e-05
26701 2e-05
26702 2e-05
26703 2e-05
26704 2e-05
26705 2e-05
26706 2e-05
26707 2e-05
26708 2e-05
26709 2e-05
26710 2e-05
26711 2e-05
26712 2e-05
26713 2e-05
26714 2e-05
26715 2e-05
26716 2e-05
26717 2e-05
26718 2e-05
26719 2e-05
26720 2e-05
26721 2e-05
26722 2e-05
26723 2e-05
26724 2e-05
26725 2e-05
26726 2e-05
26727 2e-05
26728 2e-05
26729 2e-05
26730 2e-05
26731 2e-05
26732 2e-05
26733 2e-05
26734 2e-05
26735 2e-05
26736 2e-05
26737 2e-05
26738 2e-05
26739 2e-05
26740 2e-05
26741 2e-05
26742 2e-05
26743 2e-05
26744 2e-05
26745 2e-05
26746 2e-05
26747 2e-05
26748 2e-05
26749 2e-05
26750 2e-05
26751 2e-05
26752 2e-05
26753 2e-05
26754 2e-05
26755 2e-05
26756 2e-05
26757 2e-05
26758 2e-05
26759 2e-05
26760 2e-05
26761 2e-05
26762 2e-05
26763 2e-05
26764 2e-05
26765 2e-05
26766 2e-05
26767 2e-05
26768 2e-05
26769 2e-05
26770 2e-05
26771 2e-05
26772 2e-05
26773 2e-05
26774 2e-05
26775 2e-05
26776 2e-05
26777 2e-05
26778 2e-05
26779 2e-05
26780 2e-05
26781 2e-05
26782 2e-05
26783 2e-05
26784 2e-05
26785 2e-05
26786 2e-05
26787 2e-05
26788 2e-05
26789 2e-05
26790 2e-05
26791 2e-05
26792 2e-05
26793 2e-05
26794 2e-05
26795 2e-05
26796 2e-05
26797 2e-05
26798 2e-05
26799 2e-05
26800 2e-05
26801 2e-05
26802 2e-05
26803 2e-05
26804 2e-05
26805 2e-05
26806 2e-05
26807 2e-05
26808 2e-05
26809 2e-05
26810 2e-05
26811 2e-05
26812 2e-05
26813 2e-05
26814 2e-05
26815 2e-05
26816 2e-05
26817 2e-05
26818 2e-05
26819 2e-05
26820 2e-05
26821 2e-05
26822 2e-05
26823 2e-05
26824 2e-05
26825 2e-05
26826 2e-05
26827 2e-05
26828 2e-05
26829 2e-05
26830 2e-05
26831 2e-05
26832 2e-05
26833 2e-05
26834 2e-05
26835 2e-05
26836 2e-05
26837 2e-05
26838 2e-05
26839 2e-05
26840 2e-05
26841 2e-05
26842 2e-05
26843 2e-05
26844 2e-05
26845 2e-05
26846 2e-05
26847 2e-05
26848 2e-05
26849 2e-05
26850 2e-05
26851 2e-05
26852 2e-05
26853 2e-05
26854 2e-05
26855 2e-05
26856 2e-05
26857 2e-05
26858 2e-05
26859 2e-05
26860 2e-05
26861 2e-05
26862 2e-05
26863 2e-05
26864 2e-05
26865 2e-05
26866 2e-05
26867 2e-05
26868 2e-05
26869 2e-05
26870 2e-05
26871 2e-05
26872 2e-05
26873 2e-05
26874 2e-05
26875 2e-05
26876 2e-05
26877 2e-05
26878 2e-05
26879 2e-05
26880 2e-05
26881 2e-05
26882 2e-05
26883 2e-05
26884 2e-05
26885 2e-05
26886 2e-05
26887 2e-05
26888 2e-05
26889 2e-05
26890 2e-05
26891 2e-05
26892 2e-05
26893 2e-05
26894 2e-05
26895 2e-05
26896 2e-05
26897 2e-05
26898 2e-05
26899 2e-05
26900 2e-05
26901 2e-05
26902 2e-05
26903 2e-05
26904 2e-05
26905 2e-05
26906 2e-05
26907 2e-05
26908 2e-05
26909 2e-05
26910 2e-05
26911 2e-05
26912 2e-05
26913 2e-05
26914 2e-05
26915 2e-05
26916 2e-05
26917 2e-05
26918 2e-05
26919 2e-05
26920 2e-05
26921 2e-05
26922 2e-05
26923 2e-05
26924 2e-05
26925 2e-05
26926 2e-05
26927 2e-05
26928 2e-05
26929 2e-05
26930 2e-05
26931 2e-05
26932 2e-05
26933 2e-05
26934 2e-05
26935 2e-05
26936 2e-05
26937 2e-05
26938 2e-05
26939 2e-05
26940 2e-05
26941 2e-05
26942 2e-05
26943 2e-05
26944 2e-05
26945 2e-05
26946 2e-05
26947 2e-05
26948 2e-05
26949 2e-05
26950 2e-05
26951 2e-05
26952 2e-05
26953 2e-05
26954 2e-05
26955 2e-05
26956 2e-05
26957 2e-05
26958 2e-05
26959 2e-05
26960 2e-05
26961 2e-05
26962 2e-05
26963 2e-05
26964 2e-05
26965 2e-05
26966 2e-05
26967 2e-05
26968 2e-05
26969 2e-05
26970 2e-05
26971 2e-05
26972 2e-05
26973 2e-05
26974 2e-05
26975 2e-05
26976 2e-05
26977 2e-05
26978 2e-05
26979 2e-05
26980 2e-05
26981 2e-05
26982 2e-05
26983 2e-05
26984 2e-05
26985 2e-05
26986 2e-05
26987 2e-05
26988 2e-05
26989 2e-05
26990 2e-05
26991 2e-05
26992 2e-05
26993 2e-05
26994 2e-05
26995 2e-05
26996 2e-05
26997 2e-05
26998 2e-05
26999 2e-05
27000 2e-05
27001 2e-05
27002 2e-05
27003 2e-05
27004 2e-05
27005 2e-05
27006 2e-05
27007 2e-05
27008 2e-05
27009 2e-05
27010 2e-05
27011 2e-05
27012 2e-05
27013 2e-05
27014 2e-05
27015 2e-05
27016 2e-05
27017 2e-05
27018 2e-05
27019 2e-05
27020 2e-05
27021 2e-05
27022 2e-05
27023 2e-05
27024 2e-05
27025 2e-05
27026 2e-05
27027 2e-05
27028 2e-05
27029 2e-05
27030 2e-05
27031 2e-05
27032 2e-05
27033 2e-05
27034 2e-05
27035 2e-05
27036 2e-05
27037 2e-05
27038 2e-05
27039 2e-05
27040 2e-05
27041 2e-05
27042 2e-05
27043 2e-05
27044 2e-05
27045 2e-05
27046 2e-05
27047 2e-05
27048 2e-05
27049 2e-05
27050 2e-05
27051 2e-05
27052 2e-05
27053 2e-05
27054 2e-05
27055 2e-05
27056 2e-05
27057 2e-05
27058 2e-05
27059 2e-05
27060 2e-05
27061 2e-05
27062 2e-05
27063 2e-05
27064 2e-05
27065 2e-05
27066 2e-05
27067 2e-05
27068 2e-05
27069 2e-05
27070 2e-05
27071 2e-05
27072 2e-05
27073 2e-05
27074 2e-05
27075 2e-05
27076 2e-05
27077 2e-05
27078 2e-05
27079 2e-05
27080 2e-05
27081 2e-05
27082 2e-05
27083 2e-05
27084 2e-05
27085 2e-05
27086 2e-05
27087 2e-05
27088 2e-05
27089 2e-05
27090 2e-05
27091 2e-05
27092 2e-05
27093 2e-05
27094 2e-05
27095 2e-05
27096 2e-05
27097 2e-05
27098 2e-05
27099 2e-05
27100 2e-05
27101 2e-05
27102 2e-05
27103 2e-05
27104 2e-05
27105 2e-05
27106 2e-05
27107 2e-05
27108 2e-05
27109 2e-05
27110 2e-05
27111 2e-05
27112 2e-05
27113 2e-05
27114 2e-05
27115 2e-05
27116 2e-05
27117 2e-05
27118 2e-05
27119 2e-05
27120 2e-05
27121 2e-05
27122 2e-05
27123 2e-05
27124 2e-05
27125 2e-05
27126 2e-05
27127 2e-05
27128 2e-05
27129 2e-05
27130 2e-05
27131 2e-05
27132 2e-05
27133 2e-05
27134 2e-05
27135 2e-05
27136 2e-05
27137 2e-05
27138 2e-05
27139 2e-05
27140 2e-05
27141 2e-05
27142 2e-05
27143 2e-05
27144 2e-05
27145 2e-05
27146 2e-05
27147 2e-05
27148 2e-05
27149 2e-05
27150 2e-05
27151 2e-05
27152 2e-05
27153 2e-05
27154 2e-05
27155 2e-05
27156 2e-05
27157 2e-05
27158 2e-05
27159 2e-05
27160 2e-05
27161 2e-05
27162 2e-05
27163 2e-05
27164 2e-05
27165 2e-05
27166 2e-05
27167 2e-05
27168 2e-05
27169 2e-05
27170 2e-05
27171 2e-05
27172 2e-05
27173 2e-05
27174 2e-05
27175 2e-05
27176 2e-05
27177 2e-05
27178 2e-05
27179 2e-05
27180 2e-05
27181 2e-05
27182 2e-05
27183 2e-05
27184 2e-05
27185 2e-05
27186 2e-05
27187 2e-05
27188 2e-05
27189 2e-05
27190 2e-05
27191 2e-05
27192 2e-05
27193 2e-05
27194 2e-05
27195 2e-05
27196 2e-05
27197 2e-05
27198 2e-05
27199 2e-05
27200 2e-05
27201 2e-05
27202 2e-05
27203 2e-05
27204 2e-05
27205 2e-05
27206 2e-05
27207 2e-05
27208 2e-05
27209 2e-05
27210 2e-05
27211 2e-05
27212 2e-05
27213 2e-05
27214 2e-05
27215 2e-05
27216 2e-05
27217 2e-05
27218 2e-05
27219 2e-05
27220 2e-05
27221 2e-05
27222 2e-05
27223 2e-05
27224 2e-05
27225 2e-05
27226 2e-05
27227 2e-05
27228 2e-05
27229 2e-05
27230 2e-05
27231 2e-05
27232 2e-05
27233 2e-05
27234 2e-05
27235 2e-05
27236 2e-05
27237 2e-05
27238 2e-05
27239 2e-05
27240 2e-05
27241 2e-05
27242 2e-05
27243 2e-05
27244 2e-05
27245 2e-05
27246 2e-05
27247 2e-05
27248 2e-05
27249 2e-05
27250 2e-05
27251 2e-05
27252 2e-05
27253 2e-05
27254 2e-05
27255 2e-05
27256 2e-05
27257 2e-05
27258 2e-05
27259 2e-05
27260 2e-05
27261 2e-05
27262 2e-05
27263 2e-05
27264 2e-05
27265 2e-05
27266 2e-05
27267 2e-05
27268 2e-05
27269 2e-05
27270 2e-05
27271 2e-05
27272 2e-05
27273 2e-05
27274 2e-05
27275 2e-05
27276 2e-05
27277 2e-05
27278 2e-05
27279 2e-05
27280 2e-05
27281 2e-05
27282 2e-05
27283 2e-05
27284 2e-05
27285 2e-05
27286 2e-05
27287 2e-05
27288 2e-05
27289 2e-05
27290 2e-05
27291 2e-05
27292 2e-05
27293 2e-05
27294 2e-05
27295 2e-05
27296 2e-05
27297 2e-05
27298 2e-05
27299 2e-05
27300 2e-05
27301 2e-05
27302 2e-05
27303 2e-05
27304 2e-05
27305 2e-05
27306 2e-05
27307 2e-05
27308 2e-05
27309 2e-05
27310 2e-05
27311 2e-05
27312 2e-05
27313 2e-05
27314 2e-05
27315 2e-05
27316 2e-05
27317 2e-05
27318 2e-05
27319 2e-05
27320 2e-05
27321 2e-05
27322 2e-05
27323 2e-05
27324 2e-05
27325 2e-05
27326 2e-05
27327 2e-05
27328 2e-05
27329 2e-05
27330 2e-05
27331 2e-05
27332 2e-05
27333 2e-05
27334 2e-05
27335 2e-05
27336 2e-05
27337 2e-05
27338 2e-05
27339 2e-05
27340 2e-05
27341 2e-05
27342 2e-05
27343 2e-05
27344 2e-05
27345 2e-05
27346 2e-05
27347 2e-05
27348 2e-05
27349 2e-05
27350 2e-05
27351 2e-05
27352 2e-05
27353 2e-05
27354 2e-05
27355 2e-05
27356 2e-05
27357 2e-05
27358 2e-05
27359 2e-05
27360 2e-05
27361 2e-05
27362 2e-05
27363 2e-05
27364 2e-05
27365 2e-05
27366 2e-05
27367 2e-05
27368 2e-05
27369 2e-05
27370 2e-05
27371 2e-05
27372 2e-05
27373 2e-05
27374 2e-05
27375 2e-05
27376 2e-05
27377 2e-05
27378 2e-05
27379 2e-05
27380 2e-05
27381 2e-05
27382 2e-05
27383 2e-05
27384 2e-05
27385 2e-05
27386 2e-05
27387 2e-05
27388 2e-05
27389 2e-05
27390 2e-05
27391 2e-05
27392 2e-05
27393 2e-05
27394 2e-05
27395 2e-05
27396 2e-05
27397 2e-05
27398 2e-05
27399 2e-05
27400 2e-05
27401 2e-05
27402 2e-05
27403 2e-05
27404 2e-05
27405 2e-05
27406 2e-05
27407 2e-05
27408 2e-05
27409 2e-05
27410 2e-05
27411 2e-05
27412 2e-05
27413 2e-05
27414 2e-05
27415 2e-05
27416 2e-05
27417 2e-05
27418 2e-05
27419 2e-05
27420 2e-05
27421 2e-05
27422 2e-05
27423 2e-05
27424 2e-05
27425 2e-05
27426 2e-05
27427 2e-05
27428 2e-05
27429 2e-05
27430 2e-05
27431 2e-05
27432 2e-05
27433 2e-05
27434 2e-05
27435 2e-05
27436 2e-05
27437 2e-05
27438 2e-05
27439 2e-05
27440 2e-05
27441 2e-05
27442 2e-05
27443 2e-05
27444 2e-05
27445 2e-05
27446 2e-05
27447 2e-05
27448 2e-05
27449 2e-05
27450 2e-05
27451 2e-05
27452 2e-05
27453 2e-05
27454 2e-05
27455 2e-05
27456 2e-05
27457 2e-05
27458 2e-05
27459 2e-05
27460 2e-05
27461 2e-05
27462 2e-05
27463 2e-05
27464 2e-05
27465 2e-05
27466 2e-05
27467 2e-05
27468 2e-05
27469 2e-05
27470 2e-05
27471 2e-05
27472 2e-05
27473 2e-05
27474 2e-05
27475 2e-05
27476 2e-05
27477 2e-05
27478 2e-05
27479 2e-05
27480 2e-05
27481 2e-05
27482 2e-05
27483 2e-05
27484 2e-05
27485 2e-05
27486 2e-05
27487 2e-05
27488 2e-05
27489 2e-05
27490 2e-05
27491 2e-05
27492 2e-05
27493 2e-05
27494 2e-05
27495 2e-05
27496 2e-05
27497 2e-05
27498 2e-05
27499 2e-05
27500 2e-05
27501 2e-05
27502 2e-05
27503 2e-05
27504 2e-05
27505 2e-05
27506 2e-05
27507 2e-05
27508 2e-05
27509 2e-05
27510 2e-05
27511 2e-05
27512 2e-05
27513 2e-05
27514 2e-05
27515 2e-05
27516 2e-05
27517 2e-05
27518 2e-05
27519 2e-05
27520 2e-05
27521 2e-05
27522 2e-05
27523 2e-05
27524 2e-05
27525 2e-05
27526 2e-05
27527 2e-05
27528 2e-05
27529 2e-05
27530 2e-05
27531 2e-05
27532 2e-05
27533 2e-05
27534 2e-05
27535 2e-05
27536 2e-05
27537 2e-05
27538 2e-05
27539 2e-05
27540 2e-05
27541 2e-05
27542 2e-05
27543 2e-05
27544 2e-05
27545 2e-05
27546 2e-05
27547 2e-05
27548 2e-05
27549 2e-05
27550 2e-05
27551 2e-05
27552 2e-05
27553 2e-05
27554 2e-05
27555 2e-05
27556 2e-05
27557 2e-05
27558 2e-05
27559 2e-05
27560 2e-05
27561 2e-05
27562 2e-05
27563 2e-05
27564 2e-05
27565 2e-05
27566 2e-05
27567 2e-05
27568 2e-05
27569 2e-05
27570 2e-05
27571 2e-05
27572 2e-05
27573 2e-05
27574 2e-05
27575 2e-05
27576 2e-05
27577 2e-05
27578 2e-05
27579 2e-05
27580 2e-05
27581 2e-05
27582 2e-05
27583 2e-05
27584 2e-05
27585 2e-05
27586 2e-05
27587 2e-05
27588 2e-05
27589 2e-05
27590 2e-05
27591 2e-05
27592 2e-05
27593 2e-05
27594 2e-05
27595 2e-05
27596 2e-05
27597 2e-05
27598 2e-05
27599 2e-05
27600 2e-05
27601 2e-05
27602 2e-05
27603 2e-05
27604 2e-05
27605 2e-05
27606 2e-05
27607 2e-05
27608 2e-05
27609 2e-05
27610 2e-05
27611 2e-05
27612 2e-05
27613 2e-05
27614 2e-05
27615 2e-05
27616 2e-05
27617 2e-05
27618 2e-05
27619 2e-05
27620 2e-05
27621 2e-05
27622 2e-05
27623 2e-05
27624 2e-05
27625 2e-05
27626 2e-05
27627 2e-05
27628 2e-05
27629 2e-05
27630 2e-05
27631 2e-05
27632 2e-05
27633 2e-05
27634 2e-05
27635 2e-05
27636 2e-05
27637 2e-05
27638 2e-05
27639 2e-05
27640 2e-05
27641 2e-05
27642 2e-05
27643 2e-05
27644 2e-05
27645 2e-05
27646 2e-05
27647 2e-05
27648 2e-05
27649 2e-05
27650 2e-05
27651 2e-05
27652 2e-05
27653 2e-05
27654 2e-05
27655 2e-05
27656 2e-05
27657 2e-05
27658 2e-05
27659 2e-05
27660 2e-05
27661 2e-05
27662 2e-05
27663 2e-05
27664 2e-05
27665 2e-05
27666 2e-05
27667 2e-05
27668 2e-05
27669 2e-05
27670 2e-05
27671 2e-05
27672 2e-05
27673 2e-05
27674 2e-05
27675 2e-05
27676 2e-05
27677 2e-05
27678 2e-05
27679 2e-05
27680 2e-05
27681 2e-05
27682 2e-05
27683 2e-05
27684 2e-05
27685 2e-05
27686 2e-05
27687 2e-05
27688 2e-05
27689 2e-05
27690 2e-05
27691 2e-05
27692 2e-05
27693 2e-05
27694 2e-05
27695 2e-05
27696 2e-05
27697 2e-05
27698 2e-05
27699 2e-05
27700 2e-05
27701 2e-05
27702 2e-05
27703 2e-05
27704 2e-05
27705 2e-05
27706 2e-05
27707 2e-05
27708 2e-05
27709 2e-05
27710 2e-05
27711 2e-05
27712 2e-05
27713 2e-05
27714 2e-05
27715 2e-05
27716 2e-05
27717 2e-05
27718 2e-05
27719 2e-05
27720 2e-05
27721 2e-05
27722 2e-05
27723 2e-05
27724 2e-05
27725 2e-05
27726 2e-05
27727 2e-05
27728 2e-05
27729 2e-05
27730 2e-05
27731 2e-05
27732 2e-05
27733 2e-05
27734 2e-05
27735 2e-05
27736 2e-05
27737 2e-05
27738 2e-05
27739 2e-05
27740 2e-05
27741 2e-05
27742 2e-05
27743 2e-05
27744 2e-05
27745 2e-05
27746 2e-05
27747 2e-05
27748 2e-05
27749 2e-05
27750 2e-05
27751 2e-05
27752 2e-05
27753 2e-05
27754 2e-05
27755 2e-05
27756 2e-05
27757 2e-05
27758 2e-05
27759 2e-05
27760 2e-05
27761 2e-05
27762 2e-05
27763 2e-05
27764 2e-05
27765 2e-05
27766 2e-05
27767 2e-05
27768 2e-05
27769 2e-05
27770 2e-05
27771 2e-05
27772 2e-05
27773 2e-05
27774 2e-05
27775 2e-05
27776 2e-05
27777 2e-05
27778 2e-05
27779 2e-05
27780 2e-05
27781 2e-05
27782 2e-05
27783 2e-05
27784 2e-05
27785 2e-05
27786 2e-05
27787 2e-05
27788 2e-05
27789 2e-05
27790 2e-05
27791 2e-05
27792 2e-05
27793 2e-05
27794 2e-05
27795 2e-05
27796 2e-05
27797 2e-05
27798 2e-05
27799 2e-05
27800 2e-05
27801 2e-05
27802 2e-05
27803 2e-05
27804 2e-05
27805 2e-05
27806 2e-05
27807 2e-05
27808 2e-05
27809 2e-05
27810 2e-05
27811 2e-05
27812 2e-05
27813 2e-05
27814 2e-05
27815 2e-05
27816 2e-05
27817 2e-05
27818 2e-05
27819 2e-05
27820 2e-05
27821 2e-05
27822 2e-05
27823 2e-05
27824 2e-05
27825 2e-05
27826 2e-05
27827 2e-05
27828 2e-05
27829 2e-05
27830 2e-05
27831 2e-05
27832 2e-05
27833 2e-05
27834 2e-05
27835 2e-05
27836 2e-05
27837 2e-05
27838 2e-05
27839 2e-05
27840 2e-05
27841 2e-05
27842 2e-05
27843 2e-05
27844 2e-05
27845 2e-05
27846 2e-05
27847 2e-05
27848 2e-05
27849 2e-05
27850 2e-05
27851 2e-05
27852 2e-05
27853 2e-05
27854 2e-05
27855 2e-05
27856 2e-05
27857 2e-05
27858 2e-05
27859 2e-05
27860 2e-05
27861 2e-05
27862 2e-05
27863 2e-05
27864 2e-05
27865 2e-05
27866 2e-05
27867 2e-05
27868 2e-05
27869 2e-05
27870 2e-05
27871 2e-05
27872 2e-05
27873 2e-05
27874 2e-05
27875 2e-05
27876 2e-05
27877 2e-05
27878 2e-05
27879 2e-05
27880 2e-05
27881 2e-05
27882 2e-05
27883 2e-05
27884 2e-05
27885 2e-05
27886 2e-05
27887 2e-05
27888 2e-05
27889 2e-05
27890 2e-05
27891 2e-05
27892 2e-05
27893 2e-05
27894 2e-05
27895 2e-05
27896 2e-05
27897 2e-05
27898 2e-05
27899 2e-05
27900 2e-05
27901 2e-05
27902 2e-05
27903 2e-05
27904 2e-05
27905 2e-05
27906 2e-05
27907 2e-05
27908 2e-05
27909 2e-05
27910 2e-05
27911 2e-05
27912 2e-05
27913 2e-05
27914 2e-05
27915 2e-05
27916 2e-05
27917 2e-05
27918 2e-05
27919 2e-05
27920 2e-05
27921 2e-05
27922 2e-05
27923 2e-05
27924 2e-05
27925 2e-05
27926 2e-05
27927 2e-05
27928 2e-05
27929 2e-05
27930 2e-05
27931 2e-05
27932 2e-05
27933 2e-05
27934 2e-05
27935 2e-05
27936 2e-05
27937 2e-05
27938 2e-05
27939 2e-05
27940 2e-05
27941 2e-05
27942 2e-05
27943 2e-05
27944 2e-05
27945 2e-05
27946 2e-05
27947 2e-05
27948 2e-05
27949 2e-05
27950 2e-05
27951 2e-05
27952 2e-05
27953 2e-05
27954 2e-05
27955 2e-05
27956 2e-05
27957 2e-05
27958 2e-05
27959 2e-05
27960 2e-05
27961 2e-05
27962 2e-05
27963 2e-05
27964 2e-05
27965 2e-05
27966 2e-05
27967 2e-05
27968 2e-05
27969 2e-05
27970 2e-05
27971 2e-05
27972 2e-05
27973 2e-05
27974 2e-05
27975 2e-05
27976 2e-05
27977 2e-05
27978 2e-05
27979 2e-05
27980 2e-05
27981 2e-05
27982 2e-05
27983 2e-05
27984 2e-05
27985 2e-05
27986 2e-05
27987 2e-05
27988 2e-05
27989 2e-05
27990 2e-05
27991 2e-05
27992 2e-05
27993 2e-05
27994 2e-05
27995 2e-05
27996 2e-05
27997 2e-05
27998 2e-05
27999 2e-05
28000 2e-05
28001 2e-05
28002 2e-05
28003 2e-05
28004 2e-05
28005 2e-05
28006 2e-05
28007 2e-05
28008 2e-05
28009 2e-05
28010 2e-05
28011 2e-05
28012 2e-05
28013 2e-05
28014 2e-05
28015 2e-05
28016 2e-05
28017 2e-05
28018 2e-05
28019 2e-05
28020 2e-05
28021 2e-05
28022 2e-05
28023 2e-05
28024 2e-05
28025 2e-05
28026 2e-05
28027 2e-05
28028 2e-05
28029 2e-05
28030 2e-05
28031 2e-05
28032 2e-05
28033 2e-05
28034 2e-05
28035 2e-05
28036 2e-05
28037 2e-05
28038 2e-05
28039 2e-05
28040 2e-05
28041 2e-05
28042 2e-05
28043 2e-05
28044 2e-05
28045 2e-05
28046 2e-05
28047 2e-05
28048 2e-05
28049 2e-05
28050 2e-05
28051 2e-05
28052 2e-05
28053 2e-05
28054 2e-05
28055 2e-05
28056 2e-05
28057 2e-05
28058 2e-05
28059 2e-05
28060 2e-05
28061 2e-05
28062 2e-05
28063 2e-05
28064 2e-05
28065 2e-05
28066 2e-05
28067 2e-05
28068 2e-05
28069 2e-05
28070 2e-05
28071 2e-05
28072 2e-05
28073 2e-05
28074 2e-05
28075 2e-05
28076 2e-05
28077 2e-05
28078 2e-05
28079 2e-05
28080 2e-05
28081 2e-05
28082 2e-05
28083 2e-05
28084 2e-05
28085 2e-05
28086 2e-05
28087 2e-05
28088 2e-05
28089 2e-05
28090 2e-05
28091 2e-05
28092 2e-05
28093 2e-05
28094 2e-05
28095 2e-05
28096 2e-05
28097 2e-05
28098 2e-05
28099 2e-05
28100 2e-05
28101 2e-05
28102 2e-05
28103 2e-05
28104 2e-05
28105 2e-05
28106 2e-05
28107 2e-05
28108 2e-05
28109 2e-05
28110 2e-05
28111 2e-05
28112 2e-05
28113 2e-05
28114 2e-05
28115 2e-05
28116 2e-05
28117 2e-05
28118 2e-05
28119 2e-05
28120 2e-05
28121 2e-05
28122 2e-05
28123 2e-05
28124 2e-05
28125 2e-05
28126 2e-05
28127 2e-05
28128 2e-05
28129 2e-05
28130 2e-05
28131 2e-05
28132 2e-05
28133 2e-05
28134 2e-05
28135 2e-05
28136 2e-05
28137 2e-05
28138 2e-05
28139 2e-05
28140 2e-05
28141 2e-05
28142 2e-05
28143 2e-05
28144 2e-05
28145 2e-05
28146 2e-05
28147 2e-05
28148 2e-05
28149 2e-05
28150 2e-05
28151 2e-05
28152 2e-05
28153 2e-05
28154 2e-05
28155 2e-05
28156 2e-05
28157 2e-05
28158 2e-05
28159 2e-05
28160 2e-05
28161 2e-05
28162 2e-05
28163 2e-05
28164 2e-05
28165 2e-05
28166 2e-05
28167 2e-05
28168 2e-05
28169 2e-05
28170 2e-05
28171 2e-05
28172 2e-05
28173 2e-05
28174 2e-05
28175 2e-05
28176 2e-05
28177 2e-05
28178 2e-05
28179 2e-05
28180 2e-05
28181 2e-05
28182 2e-05
28183 2e-05
28184 2e-05
28185 2e-05
28186 2e-05
28187 2e-05
28188 2e-05
28189 2e-05
28190 2e-05
28191 2e-05
28192 2e-05
28193 2e-05
28194 2e-05
28195 2e-05
28196 2e-05
28197 2e-05
28198 2e-05
28199 2e-05
28200 2e-05
28201 2e-05
28202 2e-05
28203 2e-05
28204 2e-05
28205 2e-05
28206 2e-05
28207 2e-05
28208 2e-05
28209 2e-05
28210 2e-05
28211 2e-05
28212 2e-05
28213 2e-05
28214 2e-05
28215 2e-05
28216 2e-05
28217 2e-05
28218 2e-05
28219 2e-05
28220 2e-05
28221 2e-05
28222 2e-05
28223 2e-05
28224 2e-05
28225 2e-05
28226 2e-05
28227 2e-05
28228 2e-05
28229 2e-05
28230 2e-05
28231 2e-05
28232 2e-05
28233 2e-05
28234 2e-05
28235 2e-05
28236 2e-05
28237 2e-05
28238 2e-05
28239 2e-05
28240 2e-05
28241 2e-05
28242 2e-05
28243 2e-05
28244 2e-05
28245 2e-05
28246 2e-05
28247 2e-05
28248 2e-05
28249 2e-05
28250 2e-05
28251 2e-05
28252 2e-05
28253 2e-05
28254 2e-05
28255 2e-05
28256 2e-05
28257 2e-05
28258 2e-05
28259 2e-05
28260 2e-05
28261 2e-05
28262 2e-05
28263 2e-05
28264 2e-05
28265 2e-05
28266 2e-05
28267 2e-05
28268 2e-05
28269 2e-05
28270 2e-05
28271 2e-05
28272 2e-05
28273 2e-05
28274 2e-05
28275 2e-05
28276 2e-05
28277 2e-05
28278 2e-05
28279 2e-05
28280 2e-05
28281 2e-05
28282 2e-05
28283 2e-05
28284 2e-05
28285 2e-05
28286 2e-05
28287 2e-05
28288 2e-05
28289 2e-05
28290 2e-05
28291 2e-05
28292 2e-05
28293 2e-05
28294 2e-05
28295 2e-05
28296 2e-05
28297 2e-05
28298 2e-05
28299 2e-05
28300 2e-05
28301 2e-05
28302 2e-05
28303 2e-05
28304 2e-05
28305 2e-05
28306 2e-05
28307 2e-05
28308 2e-05
28309 2e-05
28310 2e-05
28311 2e-05
28312 2e-05
28313 2e-05
28314 2e-05
28315 2e-05
28316 2e-05
28317 2e-05
28318 2e-05
28319 2e-05
28320 2e-05
28321 2e-05
28322 2e-05
28323 2e-05
28324 2e-05
28325 2e-05
28326 2e-05
28327 2e-05
28328 2e-05
28329 2e-05
28330 2e-05
28331 2e-05
28332 2e-05
28333 2e-05
28334 2e-05
28335 2e-05
28336 2e-05
28337 2e-05
28338 2e-05
28339 2e-05
28340 2e-05
28341 2e-05
28342 2e-05
28343 2e-05
28344 2e-05
28345 2e-05
28346 2e-05
28347 2e-05
28348 2e-05
28349 2e-05
28350 2e-05
28351 2e-05
28352 2e-05
28353 2e-05
28354 2e-05
28355 2e-05
28356 2e-05
28357 2e-05
28358 2e-05
28359 2e-05
28360 2e-05
28361 2e-05
28362 2e-05
28363 2e-05
28364 2e-05
28365 2e-05
28366 2e-05
28367 2e-05
28368 2e-05
28369 2e-05
28370 2e-05
28371 2e-05
28372 2e-05
28373 2e-05
28374 2e-05
28375 2e-05
28376 2e-05
28377 2e-05
28378 2e-05
28379 2e-05
28380 2e-05
28381 2e-05
28382 2e-05
28383 2e-05
28384 2e-05
28385 2e-05
28386 2e-05
28387 2e-05
28388 2e-05
28389 2e-05
28390 2e-05
28391 2e-05
28392 2e-05
28393 2e-05
28394 2e-05
28395 2e-05
28396 2e-05
28397 2e-05
28398 2e-05
28399 2e-05
28400 2e-05
28401 2e-05
28402 2e-05
28403 2e-05
28404 2e-05
28405 2e-05
28406 2e-05
28407 2e-05
28408 2e-05
28409 2e-05
28410 2e-05
28411 2e-05
28412 2e-05
28413 2e-05
28414 2e-05
28415 2e-05
28416 2e-05
28417 2e-05
28418 2e-05
28419 2e-05
28420 2e-05
28421 2e-05
28422 2e-05
28423 2e-05
28424 2e-05
28425 2e-05
28426 2e-05
28427 2e-05
28428 2e-05
28429 2e-05
28430 2e-05
28431 2e-05
28432 2e-05
28433 2e-05
28434 2e-05
28435 2e-05
28436 2e-05
28437 2e-05
28438 2e-05
28439 2e-05
28440 2e-05
28441 2e-05
28442 2e-05
28443 2e-05
28444 2e-05
28445 2e-05
28446 2e-05
28447 2e-05
28448 2e-05
28449 2e-05
28450 2e-05
28451 2e-05
28452 2e-05
28453 2e-05
28454 2e-05
28455 2e-05
28456 2e-05
28457 2e-05
28458 2e-05
28459 2e-05
28460 2e-05
28461 2e-05
28462 2e-05
28463 2e-05
28464 2e-05
28465 2e-05
28466 2e-05
28467 2e-05
28468 2e-05
28469 2e-05
28470 2e-05
28471 2e-05
28472 2e-05
28473 2e-05
28474 2e-05
28475 2e-05
28476 2e-05
28477 2e-05
28478 2e-05
28479 2e-05
28480 2e-05
28481 2e-05
28482 2e-05
28483 2e-05
28484 2e-05
28485 2e-05
28486 2e-05
28487 2e-05
28488 2e-05
28489 2e-05
28490 2e-05
28491 2e-05
28492 2e-05
28493 2e-05
28494 2e-05
28495 2e-05
28496 2e-05
28497 2e-05
28498 2e-05
28499 2e-05
28500 2e-05
28501 2e-05
28502 2e-05
28503 2e-05
28504 2e-05
28505 2e-05
28506 2e-05
28507 2e-05
28508 2e-05
28509 2e-05
28510 2e-05
28511 2e-05
28512 2e-05
28513 2e-05
28514 2e-05
28515 2e-05
28516 2e-05
28517 2e-05
28518 2e-05
28519 2e-05
28520 2e-05
28521 2e-05
28522 2e-05
28523 2e-05
28524 2e-05
28525 2e-05
28526 2e-05
28527 2e-05
28528 2e-05
28529 2e-05
28530 2e-05
28531 2e-05
28532 2e-05
28533 2e-05
28534 2e-05
28535 2e-05
28536 2e-05
28537 2e-05
28538 2e-05
28539 2e-05
28540 2e-05
28541 2e-05
28542 2e-05
28543 2e-05
28544 2e-05
28545 2e-05
28546 2e-05
28547 2e-05
28548 2e-05
28549 2e-05
28550 2e-05
28551 2e-05
28552 2e-05
28553 2e-05
28554 2e-05
28555 2e-05
28556 2e-05
28557 2e-05
28558 2e-05
28559 2e-05
28560 2e-05
28561 2e-05
28562 2e-05
28563 2e-05
28564 2e-05
28565 2e-05
28566 2e-05
28567 2e-05
28568 2e-05
28569 2e-05
28570 2e-05
28571 2e-05
28572 2e-05
28573 2e-05
28574 2e-05
28575 2e-05
28576 2e-05
28577 2e-05
28578 2e-05
28579 2e-05
28580 2e-05
28581 2e-05
28582 2e-05
28583 2e-05
28584 2e-05
28585 2e-05
28586 2e-05
28587 2e-05
28588 2e-05
28589 2e-05
28590 2e-05
28591 2e-05
28592 2e-05
28593 2e-05
28594 2e-05
28595 2e-05
28596 2e-05
28597 2e-05
28598 2e-05
28599 2e-05
28600 2e-05
28601 2e-05
28602 2e-05
28603 2e-05
28604 2e-05
28605 2e-05
28606 2e-05
28607 2e-05
28608 2e-05
28609 2e-05
28610 2e-05
28611 2e-05
28612 2e-05
28613 2e-05
28614 2e-05
28615 2e-05
28616 2e-05
28617 2e-05
28618 2e-05
28619 2e-05
28620 2e-05
28621 2e-05
28622 2e-05
28623 2e-05
28624 2e-05
28625 2e-05
28626 2e-05
28627 2e-05
28628 2e-05
28629 2e-05
28630 2e-05
28631 2e-05
28632 2e-05
28633 2e-05
28634 2e-05
28635 2e-05
28636 2e-05
28637 2e-05
28638 2e-05
28639 2e-05
28640 2e-05
28641 2e-05
28642 2e-05
28643 2e-05
28644 2e-05
28645 2e-05
28646 2e-05
28647 2e-05
28648 2e-05
28649 2e-05
28650 2e-05
28651 2e-05
28652 2e-05
28653 2e-05
28654 2e-05
28655 2e-05
28656 2e-05
28657 2e-05
28658 2e-05
28659 2e-05
28660 2e-05
28661 2e-05
28662 2e-05
28663 2e-05
28664 2e-05
28665 2e-05
28666 2e-05
28667 2e-05
28668 2e-05
28669 2e-05
28670 2e-05
28671 2e-05
28672 2e-05
28673 2e-05
28674 2e-05
28675 2e-05
28676 2e-05
28677 2e-05
28678 2e-05
28679 2e-05
28680 2e-05
28681 2e-05
28682 2e-05
28683 2e-05
28684 2e-05
28685 2e-05
28686 2e-05
28687 2e-05
28688 2e-05
28689 2e-05
28690 2e-05
28691 2e-05
28692 2e-05
28693 2e-05
28694 2e-05
28695 2e-05
28696 2e-05
28697 2e-05
28698 2e-05
28699 2e-05
28700 2e-05
28701 2e-05
28702 2e-05
28703 2e-05
28704 2e-05
28705 2e-05
28706 2e-05
28707 2e-05
28708 2e-05
28709 2e-05
28710 2e-05
28711 2e-05
28712 2e-05
28713 2e-05
28714 2e-05
28715 2e-05
28716 2e-05
28717 2e-05
28718 2e-05
28719 2e-05
28720 2e-05
28721 2e-05
28722 2e-05
28723 2e-05
28724 2e-05
28725 2e-05
28726 2e-05
28727 2e-05
28728 2e-05
28729 2e-05
28730 2e-05
28731 2e-05
28732 2e-05
28733 2e-05
28734 2e-05
28735 2e-05
28736 2e-05
28737 2e-05
28738 2e-05
28739 2e-05
28740 2e-05
28741 2e-05
28742 2e-05
28743 2e-05
28744 2e-05
28745 2e-05
28746 2e-05
28747 2e-05
28748 2e-05
28749 2e-05
28750 2e-05
28751 2e-05
28752 2e-05
28753 2e-05
28754 2e-05
28755 2e-05
28756 2e-05
28757 2e-05
28758 2e-05
28759 2e-05
28760 2e-05
28761 2e-05
28762 2e-05
28763 2e-05
28764 2e-05
28765 2e-05
28766 2e-05
28767 2e-05
28768 2e-05
28769 2e-05
28770 2e-05
28771 2e-05
28772 2e-05
28773 2e-05
28774 2e-05
28775 2e-05
28776 2e-05
28777 2e-05
28778 2e-05
28779 2e-05
28780 2e-05
28781 2e-05
28782 2e-05
28783 2e-05
28784 2e-05
28785 2e-05
28786 2e-05
28787 2e-05
28788 2e-05
28789 2e-05
28790 2e-05
28791 2e-05
28792 2e-05
28793 2e-05
28794 2e-05
28795 2e-05
28796 2e-05
28797 2e-05
28798 2e-05
28799 2e-05
28800 2e-05
28801 2e-05
28802 2e-05
28803 2e-05
28804 2e-05
28805 2e-05
28806 2e-05
28807 2e-05
28808 2e-05
28809 2e-05
28810 2e-05
28811 2e-05
28812 2e-05
28813 2e-05
28814 2e-05
28815 2e-05
28816 2e-05
28817 2e-05
28818 2e-05
28819 2e-05
28820 2e-05
28821 2e-05
28822 2e-05
28823 2e-05
28824 2e-05
28825 2e-05
28826 2e-05
28827 2e-05
28828 2e-05
28829 2e-05
28830 2e-05
28831 2e-05
28832 2e-05
28833 2e-05
28834 2e-05
28835 2e-05
28836 2e-05
28837 2e-05
28838 2e-05
28839 2e-05
28840 2e-05
28841 2e-05
28842 2e-05
28843 2e-05
28844 2e-05
28845 2e-05
28846 2e-05
28847 2e-05
28848 2e-05
28849 2e-05
28850 2e-05
28851 2e-05
28852 2e-05
28853 2e-05
28854 2e-05
28855 2e-05
28856 2e-05
28857 2e-05
28858 2e-05
28859 2e-05
28860 2e-05
28861 2e-05
28862 2e-05
28863 2e-05
28864 2e-05
28865 2e-05
28866 2e-05
28867 2e-05
28868 2e-05
28869 2e-05
28870 2e-05
28871 2e-05
28872 2e-05
28873 2e-05
28874 2e-05
28875 2e-05
28876 2e-05
28877 2e-05
28878 2e-05
28879 2e-05
28880 2e-05
28881 2e-05
28882 2e-05
28883 2e-05
28884 2e-05
28885 2e-05
28886 2e-05
28887 2e-05
28888 2e-05
28889 2e-05
28890 2e-05
28891 2e-05
28892 2e-05
28893 2e-05
28894 2e-05
28895 2e-05
28896 2e-05
28897 2e-05
28898 2e-05
28899 2e-05
28900 2e-05
28901 2e-05
28902 2e-05
28903 2e-05
28904 2e-05
28905 2e-05
28906 2e-05
28907 2e-05
28908 2e-05
28909 2e-05
28910 2e-05
28911 2e-05
28912 2e-05
28913 2e-05
28914 2e-05
28915 2e-05
28916 2e-05
28917 2e-05
28918 2e-05
28919 2e-05
28920 2e-05
28921 2e-05
28922 2e-05
28923 2e-05
28924 2e-05
28925 2e-05
28926 2e-05
28927 2e-05
28928 2e-05
28929 2e-05
28930 2e-05
28931 2e-05
28932 2e-05
28933 2e-05
28934 2e-05
28935 2e-05
28936 2e-05
28937 2e-05
28938 2e-05
28939 2e-05
28940 2e-05
28941 2e-05
28942 2e-05
28943 2e-05
28944 2e-05
28945 2e-05
28946 2e-05
28947 2e-05
28948 2e-05
28949 2e-05
28950 2e-05
28951 2e-05
28952 2e-05
28953 2e-05
28954 2e-05
28955 2e-05
28956 2e-05
28957 2e-05
28958 2e-05
28959 2e-05
28960 2e-05
28961 2e-05
28962 2e-05
28963 2e-05
28964 2e-05
28965 2e-05
28966 2e-05
28967 2e-05
28968 2e-05
28969 2e-05
28970 2e-05
28971 2e-05
28972 2e-05
28973 2e-05
28974 2e-05
28975 2e-05
28976 2e-05
28977 2e-05
28978 2e-05
28979 2e-05
28980 2e-05
28981 2e-05
28982 2e-05
28983 2e-05
28984 2e-05
28985 2e-05
28986 2e-05
28987 2e-05
28988 2e-05
28989 2e-05
28990 2e-05
28991 2e-05
28992 2e-05
28993 2e-05
28994 2e-05
28995 2e-05
28996 2e-05
28997 2e-05
28998 2e-05
28999 2e-05
29000 2e-05
29001 2e-05
29002 2e-05
29003 2e-05
29004 2e-05
29005 2e-05
29006 2e-05
29007 2e-05
29008 2e-05
29009 2e-05
29010 2e-05
29011 2e-05
29012 2e-05
29013 2e-05
29014 2e-05
29015 2e-05
29016 2e-05
29017 2e-05
29018 2e-05
29019 2e-05
29020 2e-05
29021 2e-05
29022 2e-05
29023 2e-05
29024 2e-05
29025 2e-05
29026 2e-05
29027 2e-05
29028 2e-05
29029 2e-05
29030 2e-05
29031 2e-05
29032 2e-05
29033 2e-05
29034 2e-05
29035 2e-05
29036 2e-05
29037 2e-05
29038 2e-05
29039 2e-05
29040 2e-05
29041 2e-05
29042 2e-05
29043 2e-05
29044 2e-05
29045 2e-05
29046 2e-05
29047 2e-05
29048 2e-05
29049 2e-05
29050 2e-05
29051 2e-05
29052 2e-05
29053 2e-05
29054 2e-05
29055 2e-05
29056 2e-05
29057 2e-05
29058 2e-05
29059 2e-05
29060 2e-05
29061 2e-05
29062 2e-05
29063 2e-05
29064 2e-05
29065 2e-05
29066 2e-05
29067 2e-05
29068 2e-05
29069 2e-05
29070 2e-05
29071 2e-05
29072 2e-05
29073 2e-05
29074 2e-05
29075 2e-05
29076 2e-05
29077 2e-05
29078 2e-05
29079 2e-05
29080 2e-05
29081 2e-05
29082 2e-05
29083 2e-05
29084 2e-05
29085 2e-05
29086 2e-05
29087 2e-05
29088 2e-05
29089 2e-05
29090 2e-05
29091 2e-05
29092 2e-05
29093 2e-05
29094 2e-05
29095 2e-05
29096 2e-05
29097 2e-05
29098 2e-05
29099 2e-05
29100 2e-05
29101 2e-05
29102 2e-05
29103 2e-05
29104 2e-05
29105 2e-05
29106 2e-05
29107 2e-05
29108 2e-05
29109 2e-05
29110 2e-05
29111 2e-05
29112 2e-05
29113 2e-05
29114 2e-05
29115 2e-05
29116 2e-05
29117 2e-05
29118 2e-05
29119 2e-05
29120 2e-05
29121 2e-05
29122 2e-05
29123 2e-05
29124 2e-05
29125 2e-05
29126 2e-05
29127 2e-05
29128 2e-05
29129 2e-05
29130 2e-05
29131 2e-05
29132 2e-05
29133 2e-05
29134 2e-05
29135 2e-05
29136 2e-05
29137 2e-05
29138 2e-05
29139 2e-05
29140 2e-05
29141 2e-05
29142 2e-05
29143 2e-05
29144 2e-05
29145 2e-05
29146 2e-05
29147 2e-05
29148 2e-05
29149 2e-05
29150 2e-05
29151 2e-05
29152 2e-05
29153 2e-05
29154 2e-05
29155 2e-05
29156 2e-05
29157 2e-05
29158 2e-05
29159 2e-05
29160 2e-05
29161 2e-05
29162 2e-05
29163 2e-05
29164 2e-05
29165 2e-05
29166 2e-05
29167 2e-05
29168 2e-05
29169 2e-05
29170 2e-05
29171 2e-05
29172 2e-05
29173 2e-05
29174 2e-05
29175 2e-05
29176 2e-05
29177 2e-05
29178 2e-05
29179 2e-05
29180 2e-05
29181 2e-05
29182 2e-05
29183 2e-05
29184 2e-05
29185 2e-05
29186 2e-05
29187 2e-05
29188 2e-05
29189 2e-05
29190 2e-05
29191 2e-05
29192 2e-05
29193 2e-05
29194 2e-05
29195 2e-05
29196 2e-05
29197 2e-05
29198 2e-05
29199 2e-05
29200 2e-05
29201 2e-05
29202 2e-05
29203 2e-05
29204 2e-05
29205 2e-05
29206 2e-05
29207 2e-05
29208 2e-05
29209 2e-05
29210 2e-05
29211 2e-05
29212 2e-05
29213 2e-05
29214 2e-05
29215 2e-05
29216 2e-05
29217 2e-05
29218 2e-05
29219 2e-05
29220 2e-05
29221 2e-05
29222 2e-05
29223 2e-05
29224 2e-05
29225 2e-05
29226 2e-05
29227 2e-05
29228 2e-05
29229 2e-05
29230 2e-05
29231 2e-05
29232 2e-05
29233 2e-05
29234 2e-05
29235 2e-05
29236 2e-05
29237 2e-05
29238 2e-05
29239 2e-05
29240 2e-05
29241 2e-05
29242 2e-05
29243 2e-05
29244 2e-05
29245 2e-05
29246 2e-05
29247 2e-05
29248 2e-05
29249 2e-05
29250 2e-05
29251 2e-05
29252 2e-05
29253 2e-05
29254 2e-05
29255 2e-05
29256 2e-05
29257 2e-05
29258 2e-05
29259 2e-05
29260 2e-05
29261 2e-05
29262 2e-05
29263 2e-05
29264 2e-05
29265 2e-05
29266 2e-05
29267 2e-05
29268 2e-05
29269 2e-05
29270 2e-05
29271 2e-05
29272 2e-05
29273 2e-05
29274 2e-05
29275 2e-05
29276 2e-05
29277 2e-05
29278 2e-05
29279 2e-05
29280 2e-05
29281 2e-05
29282 2e-05
29283 2e-05
29284 2e-05
29285 2e-05
29286 2e-05
29287 2e-05
29288 2e-05
29289 2e-05
29290 2e-05
29291 2e-05
29292 2e-05
29293 2e-05
29294 2e-05
29295 2e-05
29296 2e-05
29297 2e-05
29298 2e-05
29299 2e-05
29300 2e-05
29301 2e-05
29302 2e-05
29303 2e-05
29304 2e-05
29305 2e-05
29306 2e-05
29307 2e-05
29308 2e-05
29309 2e-05
29310 2e-05
29311 2e-05
29312 2e-05
29313 2e-05
29314 2e-05
29315 2e-05
29316 2e-05
29317 2e-05
29318 2e-05
29319 2e-05
29320 2e-05
29321 2e-05
29322 2e-05
29323 2e-05
29324 2e-05
29325 2e-05
29326 2e-05
29327 2e-05
29328 2e-05
29329 2e-05
29330 2e-05
29331 2e-05
29332 2e-05
29333 2e-05
29334 2e-05
29335 2e-05
29336 2e-05
29337 2e-05
29338 2e-05
29339 2e-05
29340 2e-05
29341 2e-05
29342 2e-05
29343 2e-05
29344 2e-05
29345 2e-05
29346 2e-05
29347 2e-05
29348 2e-05
29349 2e-05
29350 2e-05
29351 2e-05
29352 2e-05
29353 2e-05
29354 2e-05
29355 2e-05
29356 2e-05
29357 2e-05
29358 2e-05
29359 2e-05
29360 2e-05
29361 2e-05
29362 2e-05
29363 2e-05
29364 2e-05
29365 2e-05
29366 2e-05
29367 2e-05
29368 2e-05
29369 2e-05
29370 2e-05
29371 2e-05
29372 2e-05
29373 2e-05
29374 2e-05
29375 2e-05
29376 2e-05
29377 2e-05
29378 2e-05
29379 2e-05
29380 2e-05
29381 2e-05
29382 2e-05
29383 2e-05
29384 2e-05
29385 2e-05
29386 2e-05
29387 2e-05
29388 2e-05
29389 2e-05
29390 2e-05
29391 2e-05
29392 2e-05
29393 2e-05
29394 2e-05
29395 2e-05
29396 2e-05
29397 2e-05
29398 2e-05
29399 2e-05
29400 2e-05
29401 2e-05
29402 2e-05
29403 2e-05
29404 2e-05
29405 2e-05
29406 2e-05
29407 2e-05
29408 2e-05
29409 2e-05
29410 2e-05
29411 2e-05
29412 2e-05
29413 2e-05
29414 2e-05
29415 2e-05
29416 2e-05
29417 2e-05
29418 2e-05
29419 2e-05
29420 2e-05
29421 2e-05
29422 2e-05
29423 2e-05
29424 2e-05
29425 2e-05
29426 2e-05
29427 2e-05
29428 2e-05
29429 2e-05
29430 2e-05
29431 2e-05
29432 2e-05
29433 2e-05
29434 2e-05
29435 2e-05
29436 2e-05
29437 2e-05
29438 2e-05
29439 2e-05
29440 2e-05
29441 2e-05
29442 2e-05
29443 2e-05
29444 2e-05
29445 2e-05
29446 2e-05
29447 2e-05
29448 2e-05
29449 2e-05
29450 2e-05
29451 2e-05
29452 2e-05
29453 2e-05
29454 2e-05
29455 2e-05
29456 2e-05
29457 2e-05
29458 2e-05
29459 2e-05
29460 2e-05
29461 2e-05
29462 2e-05
29463 2e-05
29464 2e-05
29465 2e-05
29466 2e-05
29467 2e-05
29468 2e-05
29469 2e-05
29470 2e-05
29471 2e-05
29472 2e-05
29473 2e-05
29474 2e-05
29475 2e-05
29476 2e-05
29477 2e-05
29478 2e-05
29479 2e-05
29480 2e-05
29481 2e-05
29482 2e-05
29483 2e-05
29484 2e-05
29485 2e-05
29486 2e-05
29487 2e-05
29488 2e-05
29489 2e-05
29490 2e-05
29491 2e-05
29492 2e-05
29493 2e-05
29494 2e-05
29495 2e-05
29496 2e-05
29497 2e-05
29498 2e-05
29499 2e-05
29500 2e-05
29501 2e-05
29502 2e-05
29503 2e-05
29504 2e-05
29505 2e-05
29506 2e-05
29507 2e-05
29508 2e-05
29509 2e-05
29510 2e-05
29511 2e-05
29512 2e-05
29513 2e-05
29514 2e-05
29515 2e-05
29516 2e-05
29517 2e-05
29518 2e-05
29519 2e-05
29520 2e-05
29521 2e-05
29522 2e-05
29523 2e-05
29524 2e-05
29525 2e-05
29526 2e-05
29527 2e-05
29528 2e-05
29529 2e-05
29530 2e-05
29531 2e-05
29532 2e-05
29533 2e-05
29534 2e-05
29535 2e-05
29536 2e-05
29537 2e-05
29538 2e-05
29539 2e-05
29540 2e-05
29541 2e-05
29542 2e-05
29543 2e-05
29544 2e-05
29545 2e-05
29546 2e-05
29547 2e-05
29548 2e-05
29549 2e-05
29550 2e-05
29551 2e-05
29552 2e-05
29553 2e-05
29554 2e-05
29555 2e-05
29556 2e-05
29557 2e-05
29558 2e-05
29559 2e-05
29560 2e-05
29561 2e-05
29562 2e-05
29563 2e-05
29564 2e-05
29565 2e-05
29566 2e-05
29567 2e-05
29568 2e-05
29569 2e-05
29570 2e-05
29571 2e-05
29572 2e-05
29573 2e-05
29574 2e-05
29575 2e-05
29576 2e-05
29577 2e-05
29578 2e-05
29579 2e-05
29580 2e-05
29581 2e-05
29582 2e-05
29583 2e-05
29584 2e-05
29585 2e-05
29586 2e-05
29587 2e-05
29588 2e-05
29589 2e-05
29590 2e-05
29591 2e-05
29592 2e-05
29593 2e-05
29594 2e-05
29595 2e-05
29596 2e-05
29597 2e-05
29598 2e-05
29599 2e-05
29600 2e-05
29601 2e-05
29602 2e-05
29603 2e-05
29604 2e-05
29605 2e-05
29606 2e-05
29607 2e-05
29608 2e-05
29609 2e-05
29610 2e-05
29611 2e-05
29612 2e-05
29613 2e-05
29614 2e-05
29615 2e-05
29616 2e-05
29617 2e-05
29618 2e-05
29619 2e-05
29620 2e-05
29621 2e-05
29622 2e-05
29623 2e-05
29624 2e-05
29625 2e-05
29626 2e-05
29627 2e-05
29628 2e-05
29629 2e-05
29630 2e-05
29631 2e-05
29632 2e-05
29633 2e-05
29634 2e-05
29635 2e-05
29636 2e-05
29637 2e-05
29638 2e-05
29639 2e-05
29640 2e-05
29641 2e-05
29642 2e-05
29643 2e-05
29644 2e-05
29645 2e-05
29646 2e-05
29647 2e-05
29648 2e-05
29649 2e-05
29650 2e-05
29651 2e-05
29652 2e-05
29653 2e-05
29654 2e-05
29655 2e-05
29656 2e-05
29657 2e-05
29658 2e-05
29659 2e-05
29660 2e-05
29661 2e-05
29662 2e-05
29663 2e-05
29664 2e-05
29665 2e-05
29666 2e-05
29667 2e-05
29668 2e-05
29669 2e-05
29670 2e-05
29671 2e-05
29672 2e-05
29673 2e-05
29674 2e-05
29675 2e-05
29676 2e-05
29677 2e-05
29678 2e-05
29679 2e-05
29680 2e-05
29681 2e-05
29682 2e-05
29683 2e-05
29684 2e-05
29685 2e-05
29686 2e-05
29687 2e-05
29688 2e-05
29689 2e-05
29690 2e-05
29691 2e-05
29692 2e-05
29693 2e-05
29694 2e-05
29695 2e-05
29696 2e-05
29697 2e-05
29698 2e-05
29699 2e-05
29700 2e-05
29701 2e-05
29702 2e-05
29703 2e-05
29704 2e-05
29705 2e-05
29706 2e-05
29707 2e-05
29708 2e-05
29709 2e-05
29710 2e-05
29711 2e-05
29712 2e-05
29713 2e-05
29714 2e-05
29715 2e-05
29716 2e-05
29717 2e-05
29718 2e-05
29719 2e-05
29720 2e-05
29721 2e-05
29722 2e-05
29723 2e-05
29724 2e-05
29725 2e-05
29726 2e-05
29727 2e-05
29728 2e-05
29729 2e-05
29730 2e-05
29731 2e-05
29732 2e-05
29733 2e-05
29734 2e-05
29735 2e-05
29736 2e-05
29737 2e-05
29738 2e-05
29739 2e-05
29740 2e-05
29741 2e-05
29742 2e-05
29743 2e-05
29744 2e-05
29745 2e-05
29746 2e-05
29747 2e-05
29748 2e-05
29749 2e-05
29750 2e-05
29751 2e-05
29752 2e-05
29753 2e-05
29754 2e-05
29755 2e-05
29756 2e-05
29757 2e-05
29758 2e-05
29759 2e-05
29760 2e-05
29761 2e-05
29762 2e-05
29763 2e-05
29764 2e-05
29765 2e-05
29766 2e-05
29767 2e-05
29768 2e-05
29769 2e-05
29770 2e-05
29771 2e-05
29772 2e-05
29773 2e-05
29774 2e-05
29775 2e-05
29776 2e-05
29777 2e-05
29778 2e-05
29779 2e-05
29780 2e-05
29781 2e-05
29782 2e-05
29783 2e-05
29784 2e-05
29785 2e-05
29786 2e-05
29787 2e-05
29788 2e-05
29789 2e-05
29790 2e-05
29791 2e-05
29792 2e-05
29793 2e-05
29794 2e-05
29795 2e-05
29796 2e-05
29797 2e-05
29798 2e-05
29799 2e-05
29800 2e-05
29801 2e-05
29802 2e-05
29803 2e-05
29804 2e-05
29805 2e-05
29806 2e-05
29807 2e-05
29808 2e-05
29809 2e-05
29810 2e-05
29811 2e-05
29812 2e-05
29813 2e-05
29814 2e-05
29815 2e-05
29816 2e-05
29817 2e-05
29818 2e-05
29819 2e-05
29820 2e-05
29821 2e-05
29822 2e-05
29823 2e-05
29824 2e-05
29825 2e-05
29826 2e-05
29827 2e-05
29828 2e-05
29829 2e-05
29830 2e-05
29831 2e-05
29832 2e-05
29833 2e-05
29834 2e-05
29835 2e-05
29836 2e-05
29837 2e-05
29838 2e-05
29839 2e-05
29840 2e-05
29841 2e-05
29842 2e-05
29843 2e-05
29844 2e-05
29845 2e-05
29846 2e-05
29847 2e-05
29848 2e-05
29849 2e-05
29850 2e-05
29851 2e-05
29852 2e-05
29853 2e-05
29854 2e-05
29855 2e-05
29856 2e-05
29857 2e-05
29858 2e-05
29859 2e-05
29860 2e-05
29861 2e-05
29862 2e-05
29863 2e-05
29864 2e-05
29865 2e-05
29866 2e-05
29867 2e-05
29868 2e-05
29869 2e-05
29870 2e-05
29871 2e-05
29872 2e-05
29873 2e-05
29874 2e-05
29875 2e-05
29876 2e-05
29877 2e-05
29878 2e-05
29879 2e-05
29880 2e-05
29881 2e-05
29882 2e-05
29883 2e-05
29884 2e-05
29885 2e-05
29886 2e-05
29887 2e-05
29888 2e-05
29889 2e-05
29890 2e-05
29891 2e-05
29892 2e-05
29893 2e-05
29894 2e-05
29895 2e-05
29896 2e-05
29897 2e-05
29898 2e-05
29899 2e-05
29900 2e-05
29901 2e-05
29902 2e-05
29903 2e-05
29904 2e-05
29905 2e-05
29906 2e-05
29907 2e-05
29908 2e-05
29909 2e-05
29910 2e-05
29911 2e-05
29912 2e-05
29913 2e-05
29914 2e-05
29915 2e-05
29916 2e-05
29917 2e-05
29918 2e-05
29919 2e-05
29920 2e-05
29921 2e-05
29922 2e-05
29923 2e-05
29924 2e-05
29925 2e-05
29926 2e-05
29927 2e-05
29928 2e-05
29929 2e-05
29930 2e-05
29931 2e-05
29932 2e-05
29933 2e-05
29934 2e-05
29935 2e-05
29936 2e-05
29937 2e-05
29938 2e-05
29939 2e-05
29940 2e-05
29941 2e-05
29942 2e-05
29943 2e-05
29944 2e-05
29945 2e-05
29946 2e-05
29947 2e-05
29948 2e-05
29949 2e-05
29950 2e-05
29951 2e-05
29952 2e-05
29953 2e-05
29954 2e-05
29955 2e-05
29956 2e-05
29957 2e-05
29958 2e-05
29959 2e-05
29960 2e-05
29961 2e-05
29962 2e-05
29963 2e-05
29964 2e-05
29965 2e-05
29966 2e-05
29967 2e-05
29968 2e-05
29969 2e-05
29970 2e-05
29971 2e-05
29972 2e-05
29973 2e-05
29974 2e-05
29975 2e-05
29976 2e-05
29977 2e-05
29978 2e-05
29979 2e-05
29980 2e-05
29981 2e-05
29982 2e-05
29983 2e-05
29984 2e-05
29985 2e-05
29986 2e-05
29987 2e-05
29988 2e-05
29989 2e-05
29990 2e-05
29991 2e-05
29992 2e-05
29993 2e-05
29994 2e-05
29995 2e-05
29996 2e-05
29997 2e-05
29998 2e-05
29999 2e-05
30000 2e-05
30001 2e-05
30002 2e-05
30003 2e-05
30004 2e-05
30005 2e-05
30006 2e-05
30007 2e-05
30008 2e-05
30009 2e-05
30010 2e-05
30011 2e-05
30012 2e-05
30013 2e-05
30014 2e-05
30015 2e-05
30016 2e-05
30017 2e-05
30018 2e-05
30019 2e-05
30020 2e-05
30021 2e-05
30022 2e-05
30023 2e-05
30024 2e-05
30025 2e-05
30026 2e-05
30027 2e-05
30028 2e-05
30029 2e-05
30030 2e-05
30031 2e-05
30032 2e-05
30033 2e-05
30034 2e-05
30035 2e-05
30036 2e-05
30037 2e-05
30038 2e-05
30039 2e-05
30040 2e-05
30041 2e-05
30042 2e-05
30043 2e-05
30044 2e-05
30045 2e-05
30046 2e-05
30047 2e-05
30048 2e-05
30049 2e-05
30050 2e-05
30051 2e-05
30052 2e-05
30053 2e-05
30054 2e-05
30055 2e-05
30056 2e-05
30057 2e-05
30058 2e-05
30059 2e-05
30060 2e-05
30061 2e-05
30062 2e-05
30063 2e-05
30064 2e-05
30065 2e-05
30066 2e-05
30067 2e-05
30068 2e-05
30069 2e-05
30070 2e-05
30071 2e-05
30072 2e-05
30073 2e-05
30074 2e-05
30075 2e-05
30076 2e-05
30077 2e-05
30078 2e-05
30079 2e-05
30080 2e-05
30081 2e-05
30082 2e-05
30083 2e-05
30084 2e-05
30085 2e-05
30086 2e-05
30087 2e-05
30088 2e-05
30089 2e-05
30090 2e-05
30091 2e-05
30092 2e-05
30093 2e-05
30094 2e-05
30095 2e-05
30096 2e-05
30097 2e-05
30098 2e-05
30099 2e-05
30100 2e-05
30101 2e-05
30102 2e-05
30103 2e-05
30104 2e-05
30105 2e-05
30106 2e-05
30107 2e-05
30108 2e-05
30109 2e-05
30110 2e-05
30111 2e-05
30112 2e-05
30113 2e-05
30114 2e-05
30115 2e-05
30116 2e-05
30117 2e-05
30118 2e-05
30119 2e-05
30120 2e-05
30121 2e-05
30122 2e-05
30123 2e-05
30124 2e-05
30125 2e-05
30126 2e-05
30127 2e-05
30128 2e-05
30129 2e-05
30130 2e-05
30131 2e-05
30132 2e-05
30133 2e-05
30134 2e-05
30135 2e-05
30136 2e-05
30137 2e-05
30138 2e-05
30139 2e-05
30140 2e-05
30141 2e-05
30142 2e-05
30143 2e-05
30144 2e-05
30145 2e-05
30146 2e-05
30147 2e-05
30148 2e-05
30149 2e-05
30150 2e-05
30151 2e-05
30152 2e-05
30153 2e-05
30154 2e-05
30155 2e-05
30156 2e-05
30157 2e-05
30158 2e-05
30159 2e-05
30160 2e-05
30161 2e-05
30162 2e-05
30163 2e-05
30164 2e-05
30165 2e-05
30166 2e-05
30167 2e-05
30168 2e-05
30169 2e-05
30170 2e-05
30171 2e-05
30172 2e-05
30173 2e-05
30174 2e-05
30175 2e-05
30176 2e-05
30177 2e-05
30178 2e-05
30179 2e-05
30180 2e-05
30181 2e-05
30182 2e-05
30183 2e-05
30184 2e-05
30185 2e-05
30186 2e-05
30187 2e-05
30188 2e-05
30189 2e-05
30190 2e-05
30191 2e-05
30192 2e-05
30193 2e-05
30194 2e-05
30195 2e-05
30196 2e-05
30197 2e-05
30198 2e-05
30199 2e-05
30200 2e-05
30201 2e-05
30202 2e-05
30203 2e-05
30204 2e-05
30205 2e-05
30206 2e-05
30207 2e-05
30208 2e-05
30209 2e-05
30210 2e-05
30211 2e-05
30212 2e-05
30213 2e-05
30214 2e-05
30215 2e-05
30216 2e-05
30217 2e-05
30218 2e-05
30219 2e-05
30220 2e-05
30221 2e-05
30222 2e-05
30223 2e-05
30224 2e-05
30225 2e-05
30226 2e-05
30227 2e-05
30228 2e-05
30229 2e-05
30230 2e-05
30231 2e-05
30232 2e-05
30233 2e-05
30234 2e-05
30235 2e-05
30236 2e-05
30237 2e-05
30238 2e-05
30239 2e-05
30240 2e-05
30241 2e-05
30242 2e-05
30243 2e-05
30244 2e-05
30245 2e-05
30246 2e-05
30247 2e-05
30248 2e-05
30249 2e-05
30250 2e-05
30251 2e-05
30252 2e-05
30253 2e-05
30254 2e-05
30255 2e-05
30256 2e-05
30257 2e-05
30258 2e-05
30259 2e-05
30260 2e-05
30261 2e-05
30262 2e-05
30263 2e-05
30264 2e-05
30265 2e-05
30266 2e-05
30267 2e-05
30268 2e-05
30269 2e-05
30270 2e-05
30271 2e-05
30272 2e-05
30273 2e-05
30274 2e-05
30275 2e-05
30276 2e-05
30277 2e-05
30278 2e-05
30279 2e-05
30280 2e-05
30281 2e-05
30282 2e-05
30283 2e-05
30284 2e-05
30285 2e-05
30286 2e-05
30287 2e-05
30288 2e-05
30289 2e-05
30290 2e-05
30291 2e-05
30292 2e-05
30293 2e-05
30294 2e-05
30295 2e-05
30296 2e-05
30297 2e-05
30298 2e-05
30299 2e-05
30300 2e-05
30301 2e-05
30302 2e-05
30303 2e-05
30304 2e-05
30305 2e-05
30306 2e-05
30307 2e-05
30308 2e-05
30309 2e-05
30310 2e-05
30311 2e-05
30312 2e-05
30313 2e-05
30314 2e-05
30315 2e-05
30316 2e-05
30317 2e-05
30318 2e-05
30319 2e-05
30320 2e-05
30321 2e-05
30322 2e-05
30323 2e-05
30324 2e-05
30325 2e-05
30326 2e-05
30327 2e-05
30328 2e-05
30329 2e-05
30330 2e-05
30331 2e-05
30332 2e-05
30333 2e-05
30334 2e-05
30335 2e-05
30336 2e-05
30337 2e-05
30338 2e-05
30339 2e-05
30340 2e-05
30341 2e-05
30342 2e-05
30343 2e-05
30344 2e-05
30345 2e-05
30346 2e-05
30347 2e-05
30348 2e-05
30349 2e-05
30350 2e-05
30351 2e-05
30352 2e-05
30353 2e-05
30354 2e-05
30355 2e-05
30356 2e-05
30357 2e-05
30358 2e-05
30359 2e-05
30360 2e-05
30361 2e-05
30362 2e-05
30363 2e-05
30364 2e-05
30365 2e-05
30366 2e-05
30367 2e-05
30368 2e-05
30369 2e-05
30370 2e-05
30371 2e-05
30372 2e-05
30373 2e-05
30374 2e-05
30375 2e-05
30376 2e-05
30377 2e-05
30378 2e-05
30379 2e-05
30380 2e-05
30381 2e-05
30382 2e-05
30383 2e-05
30384 2e-05
30385 2e-05
30386 2e-05
30387 2e-05
30388 2e-05
30389 2e-05
30390 2e-05
30391 2e-05
30392 2e-05
30393 2e-05
30394 2e-05
30395 2e-05
30396 2e-05
30397 2e-05
30398 2e-05
30399 2e-05
30400 2e-05
30401 2e-05
30402 2e-05
30403 2e-05
30404 2e-05
30405 2e-05
30406 2e-05
30407 2e-05
30408 2e-05
30409 2e-05
30410 2e-05
30411 2e-05
30412 2e-05
30413 2e-05
30414 2e-05
30415 2e-05
30416 2e-05
30417 2e-05
30418 2e-05
30419 2e-05
30420 2e-05
30421 2e-05
30422 2e-05
30423 2e-05
30424 2e-05
30425 2e-05
30426 2e-05
30427 2e-05
30428 2e-05
30429 2e-05
30430 2e-05
30431 2e-05
30432 2e-05
30433 2e-05
30434 2e-05
30435 2e-05
30436 2e-05
30437 2e-05
30438 2e-05
30439 2e-05
30440 2e-05
30441 2e-05
30442 2e-05
30443 2e-05
30444 2e-05
30445 2e-05
30446 2e-05
30447 2e-05
30448 2e-05
30449 2e-05
30450 2e-05
30451 2e-05
30452 2e-05
30453 2e-05
30454 2e-05
30455 2e-05
30456 2e-05
30457 2e-05
30458 2e-05
30459 2e-05
30460 2e-05
30461 2e-05
30462 2e-05
30463 2e-05
30464 2e-05
30465 2e-05
30466 2e-05
30467 2e-05
30468 2e-05
30469 2e-05
30470 2e-05
30471 2e-05
30472 2e-05
30473 2e-05
30474 2e-05
30475 2e-05
30476 2e-05
30477 2e-05
30478 2e-05
30479 2e-05
30480 2e-05
30481 2e-05
30482 2e-05
30483 2e-05
30484 2e-05
30485 2e-05
30486 2e-05
30487 2e-05
30488 2e-05
30489 2e-05
30490 2e-05
30491 2e-05
30492 2e-05
30493 2e-05
30494 2e-05
30495 2e-05
30496 2e-05
30497 2e-05
30498 2e-05
30499 2e-05
30500 2e-05
30501 2e-05
30502 2e-05
30503 2e-05
30504 2e-05
30505 2e-05
30506 2e-05
30507 2e-05
30508 2e-05
30509 2e-05
30510 2e-05
30511 2e-05
30512 2e-05
30513 2e-05
30514 2e-05
30515 2e-05
30516 2e-05
30517 2e-05
30518 2e-05
30519 2e-05
30520 2e-05
30521 2e-05
30522 2e-05
30523 2e-05
30524 2e-05
30525 2e-05
30526 2e-05
30527 2e-05
30528 2e-05
30529 2e-05
30530 2e-05
30531 2e-05
30532 2e-05
30533 2e-05
30534 2e-05
30535 2e-05
30536 2e-05
30537 2e-05
30538 2e-05
30539 2e-05
30540 2e-05
30541 2e-05
30542 2e-05
30543 2e-05
30544 2e-05
30545 2e-05
30546 2e-05
30547 2e-05
30548 2e-05
30549 2e-05
30550 2e-05
30551 2e-05
30552 2e-05
30553 2e-05
30554 2e-05
30555 2e-05
30556 2e-05
30557 2e-05
30558 2e-05
30559 2e-05
30560 2e-05
30561 2e-05
30562 2e-05
30563 2e-05
30564 2e-05
30565 2e-05
30566 2e-05
30567 2e-05
30568 2e-05
30569 2e-05
30570 2e-05
30571 2e-05
30572 2e-05
30573 2e-05
30574 2e-05
30575 2e-05
30576 2e-05
30577 2e-05
30578 2e-05
30579 2e-05
30580 2e-05
30581 2e-05
30582 2e-05
30583 2e-05
30584 2e-05
30585 2e-05
30586 2e-05
30587 2e-05
30588 2e-05
30589 2e-05
30590 2e-05
30591 2e-05
30592 2e-05
30593 2e-05
30594 2e-05
30595 2e-05
30596 2e-05
30597 2e-05
30598 2e-05
30599 2e-05
30600 2e-05
30601 2e-05
30602 2e-05
30603 2e-05
30604 2e-05
30605 2e-05
30606 2e-05
30607 2e-05
30608 2e-05
30609 2e-05
30610 2e-05
30611 2e-05
30612 2e-05
30613 2e-05
30614 2e-05
30615 2e-05
30616 2e-05
30617 2e-05
30618 2e-05
30619 2e-05
30620 2e-05
30621 2e-05
30622 2e-05
30623 2e-05
30624 2e-05
30625 2e-05
30626 2e-05
30627 2e-05
30628 2e-05
30629 2e-05
30630 2e-05
30631 2e-05
30632 2e-05
30633 2e-05
30634 2e-05
30635 2e-05
30636 2e-05
30637 2e-05
30638 2e-05
30639 2e-05
30640 2e-05
30641 2e-05
30642 2e-05
30643 2e-05
30644 2e-05
30645 2e-05
30646 2e-05
30647 2e-05
30648 2e-05
30649 2e-05
30650 2e-05
30651 2e-05
30652 2e-05
30653 2e-05
30654 2e-05
30655 2e-05
30656 2e-05
30657 2e-05
30658 2e-05
30659 2e-05
30660 2e-05
30661 2e-05
30662 2e-05
30663 2e-05
30664 2e-05
30665 2e-05
30666 2e-05
30667 2e-05
30668 2e-05
30669 2e-05
30670 2e-05
30671 2e-05
30672 2e-05
30673 2e-05
30674 2e-05
30675 2e-05
30676 2e-05
30677 2e-05
30678 2e-05
30679 2e-05
30680 2e-05
30681 2e-05
30682 2e-05
30683 2e-05
30684 2e-05
30685 2e-05
30686 2e-05
30687 2e-05
30688 2e-05
30689 2e-05
30690 2e-05
30691 2e-05
30692 2e-05
30693 2e-05
30694 2e-05
30695 2e-05
30696 2e-05
30697 2e-05
30698 2e-05
30699 2e-05
30700 2e-05
30701 2e-05
30702 2e-05
30703 2e-05
30704 2e-05
30705 2e-05
30706 2e-05
30707 2e-05
30708 2e-05
30709 2e-05
30710 2e-05
30711 2e-05
30712 2e-05
30713 2e-05
30714 2e-05
30715 2e-05
30716 2e-05
30717 2e-05
30718 2e-05
30719 2e-05
30720 2e-05
30721 2e-05
30722 2e-05
30723 2e-05
30724 2e-05
30725 2e-05
30726 2e-05
30727 2e-05
30728 2e-05
30729 2e-05
30730 2e-05
30731 2e-05
30732 2e-05
30733 2e-05
30734 2e-05
30735 2e-05
30736 2e-05
30737 2e-05
30738 2e-05
30739 2e-05
30740 2e-05
30741 2e-05
30742 2e-05
30743 2e-05
30744 2e-05
30745 2e-05
30746 2e-05
30747 2e-05
30748 2e-05
30749 2e-05
30750 2e-05
30751 2e-05
30752 2e-05
30753 2e-05
30754 2e-05
30755 2e-05
30756 2e-05
30757 2e-05
30758 2e-05
30759 2e-05
30760 2e-05
30761 2e-05
30762 2e-05
30763 2e-05
30764 2e-05
30765 2e-05
30766 2e-05
30767 2e-05
30768 2e-05
30769 2e-05
30770 2e-05
30771 2e-05
30772 2e-05
30773 2e-05
30774 2e-05
30775 2e-05
30776 2e-05
30777 2e-05
30778 2e-05
30779 2e-05
30780 2e-05
30781 2e-05
30782 2e-05
30783 2e-05
30784 2e-05
30785 2e-05
30786 2e-05
30787 2e-05
30788 2e-05
30789 2e-05
30790 2e-05
30791 2e-05
30792 2e-05
30793 2e-05
30794 2e-05
30795 2e-05
30796 2e-05
30797 2e-05
30798 2e-05
30799 2e-05
30800 2e-05
30801 2e-05
30802 2e-05
30803 2e-05
30804 2e-05
30805 2e-05
30806 2e-05
30807 2e-05
30808 2e-05
30809 2e-05
30810 2e-05
30811 2e-05
30812 2e-05
30813 2e-05
30814 2e-05
30815 2e-05
30816 2e-05
30817 2e-05
30818 2e-05
30819 2e-05
30820 2e-05
30821 2e-05
30822 2e-05
30823 2e-05
30824 2e-05
30825 2e-05
30826 2e-05
30827 2e-05
30828 2e-05
30829 2e-05
30830 2e-05
30831 2e-05
30832 2e-05
30833 2e-05
30834 2e-05
30835 2e-05
30836 2e-05
30837 2e-05
30838 2e-05
30839 2e-05
30840 2e-05
30841 2e-05
30842 2e-05
30843 2e-05
30844 2e-05
30845 2e-05
30846 2e-05
30847 2e-05
30848 2e-05
30849 2e-05
30850 2e-05
30851 2e-05
30852 2e-05
30853 2e-05
30854 2e-05
30855 2e-05
30856 2e-05
30857 2e-05
30858 2e-05
30859 2e-05
30860 2e-05
30861 2e-05
30862 2e-05
30863 2e-05
30864 2e-05
30865 2e-05
30866 2e-05
30867 2e-05
30868 2e-05
30869 2e-05
30870 2e-05
30871 2e-05
30872 2e-05
30873 2e-05
30874 2e-05
30875 2e-05
30876 2e-05
30877 2e-05
30878 2e-05
30879 2e-05
30880 2e-05
30881 2e-05
30882 2e-05
30883 2e-05
30884 2e-05
30885 2e-05
30886 2e-05
30887 2e-05
30888 2e-05
30889 2e-05
30890 2e-05
30891 2e-05
30892 2e-05
30893 2e-05
30894 2e-05
30895 2e-05
30896 2e-05
30897 2e-05
30898 2e-05
30899 2e-05
30900 2e-05
30901 2e-05
30902 2e-05
30903 2e-05
30904 2e-05
30905 2e-05
30906 2e-05
30907 2e-05
30908 2e-05
30909 2e-05
30910 2e-05
30911 2e-05
30912 2e-05
30913 2e-05
30914 2e-05
30915 2e-05
30916 2e-05
30917 2e-05
30918 2e-05
30919 2e-05
30920 2e-05
30921 2e-05
30922 2e-05
30923 2e-05
30924 2e-05
30925 2e-05
30926 2e-05
30927 2e-05
30928 2e-05
30929 2e-05
30930 2e-05
30931 2e-05
30932 2e-05
30933 2e-05
30934 2e-05
30935 2e-05
30936 2e-05
30937 2e-05
30938 2e-05
30939 2e-05
30940 2e-05
30941 2e-05
30942 2e-05
30943 2e-05
30944 2e-05
30945 2e-05
30946 2e-05
30947 2e-05
30948 2e-05
30949 2e-05
30950 2e-05
30951 2e-05
30952 2e-05
30953 2e-05
30954 2e-05
30955 2e-05
30956 2e-05
30957 2e-05
30958 2e-05
30959 2e-05
30960 2e-05
30961 2e-05
30962 2e-05
30963 2e-05
30964 2e-05
30965 2e-05
30966 2e-05
30967 2e-05
30968 2e-05
30969 2e-05
30970 2e-05
30971 2e-05
30972 2e-05
30973 2e-05
30974 2e-05
30975 2e-05
30976 2e-05
30977 2e-05
30978 2e-05
30979 2e-05
30980 2e-05
30981 2e-05
30982 2e-05
30983 2e-05
30984 2e-05
30985 2e-05
30986 2e-05
30987 2e-05
30988 2e-05
30989 2e-05
30990 2e-05
30991 2e-05
30992 2e-05
30993 2e-05
30994 2e-05
30995 2e-05
30996 2e-05
30997 2e-05
30998 2e-05
30999 2e-05
31000 2e-05
31001 2e-05
31002 2e-05
31003 2e-05
31004 2e-05
31005 2e-05
31006 2e-05
31007 2e-05
31008 2e-05
31009 2e-05
31010 2e-05
31011 2e-05
31012 2e-05
31013 2e-05
31014 2e-05
31015 2e-05
31016 2e-05
31017 2e-05
31018 2e-05
31019 2e-05
31020 2e-05
31021 2e-05
31022 2e-05
31023 2e-05
31024 2e-05
31025 2e-05
31026 2e-05
31027 2e-05
31028 2e-05
31029 2e-05
31030 2e-05
31031 2e-05
31032 2e-05
31033 2e-05
31034 2e-05
31035 2e-05
31036 2e-05
31037 2e-05
31038 2e-05
31039 2e-05
31040 2e-05
31041 2e-05
31042 2e-05
31043 2e-05
31044 2e-05
31045 2e-05
31046 2e-05
31047 2e-05
31048 2e-05
31049 2e-05
31050 2e-05
31051 2e-05
31052 2e-05
31053 2e-05
31054 2e-05
31055 2e-05
31056 2e-05
31057 2e-05
31058 2e-05
31059 2e-05
31060 2e-05
31061 2e-05
31062 2e-05
31063 2e-05
31064 2e-05
31065 2e-05
31066 2e-05
31067 2e-05
31068 2e-05
31069 2e-05
31070 2e-05
31071 2e-05
31072 2e-05
31073 2e-05
31074 2e-05
31075 2e-05
31076 2e-05
31077 2e-05
31078 2e-05
31079 2e-05
31080 2e-05
31081 2e-05
31082 2e-05
31083 2e-05
31084 2e-05
31085 2e-05
31086 2e-05
31087 2e-05
31088 2e-05
31089 2e-05
31090 2e-05
31091 2e-05
31092 2e-05
31093 2e-05
31094 2e-05
31095 2e-05
31096 2e-05
31097 2e-05
31098 2e-05
31099 2e-05
31100 2e-05
31101 2e-05
31102 2e-05
31103 2e-05
31104 2e-05
31105 2e-05
31106 2e-05
31107 2e-05
31108 2e-05
31109 2e-05
31110 2e-05
31111 2e-05
31112 2e-05
31113 2e-05
31114 2e-05
31115 2e-05
31116 2e-05
31117 2e-05
31118 2e-05
31119 2e-05
31120 2e-05
31121 2e-05
31122 2e-05
31123 2e-05
31124 2e-05
31125 2e-05
31126 2e-05
31127 2e-05
31128 2e-05
31129 2e-05
31130 2e-05
31131 2e-05
31132 2e-05
31133 2e-05
31134 2e-05
31135 2e-05
31136 2e-05
31137 2e-05
31138 2e-05
31139 2e-05
31140 2e-05
31141 2e-05
31142 2e-05
31143 2e-05
31144 2e-05
31145 2e-05
31146 2e-05
31147 2e-05
31148 2e-05
31149 2e-05
31150 2e-05
31151 2e-05
31152 2e-05
31153 2e-05
31154 2e-05
31155 2e-05
31156 2e-05
31157 2e-05
31158 2e-05
31159 2e-05
31160 2e-05
31161 2e-05
31162 2e-05
31163 2e-05
31164 2e-05
31165 2e-05
31166 2e-05
31167 2e-05
31168 2e-05
31169 2e-05
31170 2e-05
31171 2e-05
31172 2e-05
31173 2e-05
31174 2e-05
31175 2e-05
31176 2e-05
31177 2e-05
31178 2e-05
31179 2e-05
31180 2e-05
31181 2e-05
31182 2e-05
31183 2e-05
31184 2e-05
31185 2e-05
31186 2e-05
31187 2e-05
31188 2e-05
31189 2e-05
31190 2e-05
31191 2e-05
31192 2e-05
31193 2e-05
31194 2e-05
31195 2e-05
31196 2e-05
31197 2e-05
31198 2e-05
31199 2e-05
31200 2e-05
31201 2e-05
31202 2e-05
31203 2e-05
31204 2e-05
31205 2e-05
31206 2e-05
31207 2e-05
31208 2e-05
31209 2e-05
31210 2e-05
31211 2e-05
31212 2e-05
31213 2e-05
31214 2e-05
31215 2e-05
31216 2e-05
31217 2e-05
31218 2e-05
31219 2e-05
31220 2e-05
31221 2e-05
31222 2e-05
31223 2e-05
31224 2e-05
31225 2e-05
31226 2e-05
31227 2e-05
31228 2e-05
31229 2e-05
31230 2e-05
31231 2e-05
31232 2e-05
31233 2e-05
31234 2e-05
31235 2e-05
31236 2e-05
31237 2e-05
31238 2e-05
31239 2e-05
31240 2e-05
31241 2e-05
31242 2e-05
31243 2e-05
31244 2e-05
31245 2e-05
31246 2e-05
31247 2e-05
31248 2e-05
31249 2e-05
31250 2e-05
31251 2e-05
31252 2e-05
31253 2e-05
31254 2e-05
31255 2e-05
31256 2e-05
31257 2e-05
31258 2e-05
31259 2e-05
31260 2e-05
31261 2e-05
31262 2e-05
31263 2e-05
31264 2e-05
31265 2e-05
31266 2e-05
31267 2e-05
31268 2e-05
31269 2e-05
31270 2e-05
31271 2e-05
31272 2e-05
31273 2e-05
31274 2e-05
31275 2e-05
31276 2e-05
31277 2e-05
31278 2e-05
31279 2e-05
31280 2e-05
31281 2e-05
31282 2e-05
31283 2e-05
31284 2e-05
31285 2e-05
31286 2e-05
31287 2e-05
31288 2e-05
31289 2e-05
31290 2e-05
31291 2e-05
31292 2e-05
31293 2e-05
31294 2e-05
31295 2e-05
31296 2e-05
31297 2e-05
31298 2e-05
31299 2e-05
31300 2e-05
31301 2e-05
31302 2e-05
31303 2e-05
31304 2e-05
31305 2e-05
31306 2e-05
31307 2e-05
31308 2e-05
31309 2e-05
31310 2e-05
31311 2e-05
31312 2e-05
31313 2e-05
31314 2e-05
31315 2e-05
31316 2e-05
31317 2e-05
31318 2e-05
31319 2e-05
31320 2e-05
31321 2e-05
31322 2e-05
31323 2e-05
31324 2e-05
31325 2e-05
31326 2e-05
31327 2e-05
31328 2e-05
31329 2e-05
31330 2e-05
31331 2e-05
31332 2e-05
31333 2e-05
31334 2e-05
31335 2e-05
31336 2e-05
31337 2e-05
31338 2e-05
31339 2e-05
31340 2e-05
31341 2e-05
31342 2e-05
31343 2e-05
31344 2e-05
31345 2e-05
31346 2e-05
31347 2e-05
31348 2e-05
31349 2e-05
31350 2e-05
31351 2e-05
31352 2e-05
31353 2e-05
31354 2e-05
31355 2e-05
31356 2e-05
31357 2e-05
31358 2e-05
31359 2e-05
31360 2e-05
31361 2e-05
31362 2e-05
31363 2e-05
31364 2e-05
31365 2e-05
31366 2e-05
31367 2e-05
31368 2e-05
31369 2e-05
31370 2e-05
31371 2e-05
31372 2e-05
31373 2e-05
31374 2e-05
31375 2e-05
31376 2e-05
31377 2e-05
31378 2e-05
31379 2e-05
31380 2e-05
31381 2e-05
31382 2e-05
31383 2e-05
31384 2e-05
31385 2e-05
31386 2e-05
31387 2e-05
31388 2e-05
31389 2e-05
31390 2e-05
31391 2e-05
31392 2e-05
31393 2e-05
31394 2e-05
31395 2e-05
31396 2e-05
31397 2e-05
31398 2e-05
31399 2e-05
31400 2e-05
31401 2e-05
31402 2e-05
31403 2e-05
31404 2e-05
31405 2e-05
31406 2e-05
31407 2e-05
31408 2e-05
31409 2e-05
31410 2e-05
31411 2e-05
31412 2e-05
31413 2e-05
31414 2e-05
31415 2e-05
31416 2e-05
31417 2e-05
31418 2e-05
31419 2e-05
31420 2e-05
31421 2e-05
31422 2e-05
31423 2e-05
31424 2e-05
31425 2e-05
31426 2e-05
31427 2e-05
31428 2e-05
31429 2e-05
31430 2e-05
31431 2e-05
31432 2e-05
31433 2e-05
31434 2e-05
31435 2e-05
31436 2e-05
31437 2e-05
31438 2e-05
31439 2e-05
31440 2e-05
31441 2e-05
31442 2e-05
31443 2e-05
31444 2e-05
31445 2e-05
31446 2e-05
31447 2e-05
31448 2e-05
31449 2e-05
31450 2e-05
31451 2e-05
31452 2e-05
31453 2e-05
31454 2e-05
31455 2e-05
31456 2e-05
31457 2e-05
31458 2e-05
31459 2e-05
31460 2e-05
31461 2e-05
31462 2e-05
31463 2e-05
31464 2e-05
31465 2e-05
31466 2e-05
31467 2e-05
31468 2e-05
31469 2e-05
31470 2e-05
31471 2e-05
31472 2e-05
31473 2e-05
31474 2e-05
31475 2e-05
31476 2e-05
31477 2e-05
31478 2e-05
31479 2e-05
31480 2e-05
31481 2e-05
31482 2e-05
31483 2e-05
31484 2e-05
31485 2e-05
31486 2e-05
31487 2e-05
31488 2e-05
31489 2e-05
31490 2e-05
31491 2e-05
31492 2e-05
31493 2e-05
31494 2e-05
31495 2e-05
31496 2e-05
31497 2e-05
31498 2e-05
31499 2e-05
31500 2e-05
31501 2e-05
31502 2e-05
31503 2e-05
31504 2e-05
31505 2e-05
31506 2e-05
31507 2e-05
31508 2e-05
31509 2e-05
31510 2e-05
31511 2e-05
31512 2e-05
31513 2e-05
31514 2e-05
31515 2e-05
31516 2e-05
31517 2e-05
31518 2e-05
31519 2e-05
31520 2e-05
31521 2e-05
31522 2e-05
31523 2e-05
31524 2e-05
31525 2e-05
31526 2e-05
31527 2e-05
31528 2e-05
31529 2e-05
31530 2e-05
31531 2e-05
31532 2e-05
31533 2e-05
31534 2e-05
31535 2e-05
31536 2e-05
31537 2e-05
31538 2e-05
31539 2e-05
31540 2e-05
31541 2e-05
31542 2e-05
31543 2e-05
31544 2e-05
31545 2e-05
31546 2e-05
31547 2e-05
31548 2e-05
31549 2e-05
31550 2e-05
31551 2e-05
31552 2e-05
31553 2e-05
31554 2e-05
31555 2e-05
31556 2e-05
31557 2e-05
31558 2e-05
31559 2e-05
31560 2e-05
31561 2e-05
31562 2e-05
31563 2e-05
31564 2e-05
31565 2e-05
31566 2e-05
31567 2e-05
31568 2e-05
31569 2e-05
31570 2e-05
31571 2e-05
31572 2e-05
31573 2e-05
31574 2e-05
31575 2e-05
31576 2e-05
31577 2e-05
31578 2e-05
31579 2e-05
31580 2e-05
31581 2e-05
31582 2e-05
31583 2e-05
31584 2e-05
31585 2e-05
31586 2e-05
31587 2e-05
31588 2e-05
31589 2e-05
31590 2e-05
31591 2e-05
31592 2e-05
31593 2e-05
31594 2e-05
31595 2e-05
31596 2e-05
31597 2e-05
31598 2e-05
31599 2e-05
31600 2e-05
31601 2e-05
31602 2e-05
31603 2e-05
31604 2e-05
31605 2e-05
31606 2e-05
31607 2e-05
31608 2e-05
31609 2e-05
31610 2e-05
31611 2e-05
31612 2e-05
31613 2e-05
31614 2e-05
31615 2e-05
31616 2e-05
31617 2e-05
31618 2e-05
31619 2e-05
31620 2e-05
31621 2e-05
31622 2e-05
31623 2e-05
31624 2e-05
31625 2e-05
31626 2e-05
31627 2e-05
31628 2e-05
31629 2e-05
31630 2e-05
31631 2e-05
31632 2e-05
31633 2e-05
31634 2e-05
31635 2e-05
31636 2e-05
31637 2e-05
31638 2e-05
31639 2e-05
31640 2e-05
31641 2e-05
31642 2e-05
31643 2e-05
31644 2e-05
31645 2e-05
31646 2e-05
31647 2e-05
31648 2e-05
31649 2e-05
31650 2e-05
31651 2e-05
31652 2e-05
31653 2e-05
31654 2e-05
31655 2e-05
31656 2e-05
31657 2e-05
31658 2e-05
31659 2e-05
31660 2e-05
31661 2e-05
31662 2e-05
31663 2e-05
31664 2e-05
31665 2e-05
31666 2e-05
31667 2e-05
31668 2e-05
31669 2e-05
31670 2e-05
31671 2e-05
31672 2e-05
31673 2e-05
31674 2e-05
31675 2e-05
31676 2e-05
31677 2e-05
31678 2e-05
31679 2e-05
31680 2e-05
31681 2e-05
31682 2e-05
31683 2e-05
31684 2e-05
31685 2e-05
31686 2e-05
31687 2e-05
31688 2e-05
31689 2e-05
31690 2e-05
31691 2e-05
31692 2e-05
31693 2e-05
31694 2e-05
31695 2e-05
31696 2e-05
31697 2e-05
31698 2e-05
31699 2e-05
31700 2e-05
31701 2e-05
31702 2e-05
31703 2e-05
31704 2e-05
31705 2e-05
31706 2e-05
31707 2e-05
31708 2e-05
31709 2e-05
31710 2e-05
31711 2e-05
31712 2e-05
31713 2e-05
31714 2e-05
31715 2e-05
31716 2e-05
31717 2e-05
31718 2e-05
31719 2e-05
31720 2e-05
31721 2e-05
31722 2e-05
31723 2e-05
31724 2e-05
31725 2e-05
31726 2e-05
31727 2e-05
31728 2e-05
31729 2e-05
31730 2e-05
31731 2e-05
31732 2e-05
31733 2e-05
31734 2e-05
31735 2e-05
31736 2e-05
31737 2e-05
31738 2e-05
31739 2e-05
31740 2e-05
31741 2e-05
31742 2e-05
31743 2e-05
31744 2e-05
31745 2e-05
31746 2e-05
31747 2e-05
31748 2e-05
31749 2e-05
31750 2e-05
31751 2e-05
31752 2e-05
31753 2e-05
31754 2e-05
31755 2e-05
31756 2e-05
31757 2e-05
31758 2e-05
31759 2e-05
31760 2e-05
31761 2e-05
31762 2e-05
31763 2e-05
31764 2e-05
31765 2e-05
31766 2e-05
31767 2e-05
31768 2e-05
31769 2e-05
31770 2e-05
31771 2e-05
31772 2e-05
31773 2e-05
31774 2e-05
31775 2e-05
31776 2e-05
31777 2e-05
31778 2e-05
31779 2e-05
31780 2e-05
31781 2e-05
31782 2e-05
31783 2e-05
31784 2e-05
31785 2e-05
31786 2e-05
31787 2e-05
31788 2e-05
31789 2e-05
31790 2e-05
31791 2e-05
31792 2e-05
31793 2e-05
31794 2e-05
31795 2e-05
31796 2e-05
31797 2e-05
31798 2e-05
31799 2e-05
31800 2e-05
31801 2e-05
31802 2e-05
31803 2e-05
31804 2e-05
31805 2e-05
31806 2e-05
31807 2e-05
31808 2e-05
31809 2e-05
31810 2e-05
31811 2e-05
31812 2e-05
31813 2e-05
31814 2e-05
31815 2e-05
31816 2e-05
31817 2e-05
31818 2e-05
31819 2e-05
31820 2e-05
31821 2e-05
31822 2e-05
31823 2e-05
31824 2e-05
31825 2e-05
31826 2e-05
31827 2e-05
31828 2e-05
31829 2e-05
31830 2e-05
31831 2e-05
31832 2e-05
31833 2e-05
31834 2e-05
31835 2e-05
31836 2e-05
31837 2e-05
31838 2e-05
31839 2e-05
31840 2e-05
31841 2e-05
31842 2e-05
31843 2e-05
31844 2e-05
31845 2e-05
31846 2e-05
31847 2e-05
31848 2e-05
31849 2e-05
31850 2e-05
31851 2e-05
31852 2e-05
31853 2e-05
31854 2e-05
31855 2e-05
31856 2e-05
31857 2e-05
31858 2e-05
31859 2e-05
31860 2e-05
31861 2e-05
31862 2e-05
31863 2e-05
31864 2e-05
31865 2e-05
31866 2e-05
31867 2e-05
31868 2e-05
31869 2e-05
31870 2e-05
31871 2e-05
31872 2e-05
31873 2e-05
31874 2e-05
31875 2e-05
31876 2e-05
31877 2e-05
31878 2e-05
31879 2e-05
31880 2e-05
31881 2e-05
31882 2e-05
31883 2e-05
31884 2e-05
31885 2e-05
31886 2e-05
31887 2e-05
31888 2e-05
31889 2e-05
31890 2e-05
31891 2e-05
31892 2e-05
31893 2e-05
31894 2e-05
31895 2e-05
31896 2e-05
31897 2e-05
31898 2e-05
31899 2e-05
31900 2e-05
31901 2e-05
31902 2e-05
31903 2e-05
31904 2e-05
31905 2e-05
31906 2e-05
31907 2e-05
31908 2e-05
31909 2e-05
31910 2e-05
31911 2e-05
31912 2e-05
31913 2e-05
31914 2e-05
31915 2e-05
31916 2e-05
31917 2e-05
31918 2e-05
31919 2e-05
31920 2e-05
31921 2e-05
31922 2e-05
31923 2e-05
31924 2e-05
31925 2e-05
31926 2e-05
31927 2e-05
31928 2e-05
31929 2e-05
31930 2e-05
31931 2e-05
31932 2e-05
31933 2e-05
31934 2e-05
31935 2e-05
31936 2e-05
31937 2e-05
31938 2e-05
31939 2e-05
31940 2e-05
31941 2e-05
31942 2e-05
31943 2e-05
31944 2e-05
31945 2e-05
31946 2e-05
31947 2e-05
31948 2e-05
31949 2e-05
31950 2e-05
31951 2e-05
31952 2e-05
31953 2e-05
31954 2e-05
31955 2e-05
31956 2e-05
31957 2e-05
31958 2e-05
31959 2e-05
31960 2e-05
31961 2e-05
31962 2e-05
31963 2e-05
31964 2e-05
31965 2e-05
31966 2e-05
31967 2e-05
31968 2e-05
31969 2e-05
31970 2e-05
31971 2e-05
31972 2e-05
31973 2e-05
31974 2e-05
31975 2e-05
31976 2e-05
31977 2e-05
31978 2e-05
31979 2e-05
31980 2e-05
31981 2e-05
31982 2e-05
31983 2e-05
31984 2e-05
31985 2e-05
31986 2e-05
31987 2e-05
31988 2e-05
31989 2e-05
31990 2e-05
31991 2e-05
31992 2e-05
31993 2e-05
31994 2e-05
31995 2e-05
31996 2e-05
31997 2e-05
31998 2e-05
31999 2e-05
32000 2e-05
32001 2e-05
32002 2e-05
32003 2e-05
32004 2e-05
32005 2e-05
32006 2e-05
32007 2e-05
32008 2e-05
32009 2e-05
32010 2e-05
32011 2e-05
32012 2e-05
32013 2e-05
32014 2e-05
32015 2e-05
32016 2e-05
32017 2e-05
32018 2e-05
32019 2e-05
32020 2e-05
32021 2e-05
32022 2e-05
32023 2e-05
32024 2e-05
32025 2e-05
32026 2e-05
32027 2e-05
32028 2e-05
32029 2e-05
32030 2e-05
32031 2e-05
32032 2e-05
32033 2e-05
32034 2e-05
32035 2e-05
32036 2e-05
32037 2e-05
32038 2e-05
32039 2e-05
32040 2e-05
32041 2e-05
32042 2e-05
32043 2e-05
32044 2e-05
32045 2e-05
32046 2e-05
32047 2e-05
32048 2e-05
32049 2e-05
32050 2e-05
32051 2e-05
32052 2e-05
32053 2e-05
32054 2e-05
32055 2e-05
32056 2e-05
32057 2e-05
32058 2e-05
32059 2e-05
32060 2e-05
32061 2e-05
32062 2e-05
32063 2e-05
32064 2e-05
32065 2e-05
32066 2e-05
32067 2e-05
32068 2e-05
32069 2e-05
32070 2e-05
32071 2e-05
32072 2e-05
32073 2e-05
32074 2e-05
32075 2e-05
32076 2e-05
32077 2e-05
32078 2e-05
32079 2e-05
32080 2e-05
32081 2e-05
32082 2e-05
32083 2e-05
32084 2e-05
32085 2e-05
32086 2e-05
32087 2e-05
32088 2e-05
32089 2e-05
32090 2e-05
32091 2e-05
32092 2e-05
32093 2e-05
32094 2e-05
32095 2e-05
32096 2e-05
32097 2e-05
32098 2e-05
32099 2e-05
32100 2e-05
32101 2e-05
32102 2e-05
32103 2e-05
32104 2e-05
32105 2e-05
32106 2e-05
32107 2e-05
32108 2e-05
32109 2e-05
32110 2e-05
32111 2e-05
32112 2e-05
32113 2e-05
32114 2e-05
32115 2e-05
32116 2e-05
32117 2e-05
32118 2e-05
32119 2e-05
32120 2e-05
32121 2e-05
32122 2e-05
32123 2e-05
32124 2e-05
32125 2e-05
32126 2e-05
32127 2e-05
32128 2e-05
32129 2e-05
32130 2e-05
32131 2e-05
32132 2e-05
32133 2e-05
32134 2e-05
32135 2e-05
32136 2e-05
32137 2e-05
32138 2e-05
32139 2e-05
32140 2e-05
32141 2e-05
32142 2e-05
32143 2e-05
32144 2e-05
32145 2e-05
32146 2e-05
32147 2e-05
32148 2e-05
32149 2e-05
32150 2e-05
32151 2e-05
32152 2e-05
32153 2e-05
32154 2e-05
32155 2e-05
32156 2e-05
32157 2e-05
32158 2e-05
32159 2e-05
32160 2e-05
32161 2e-05
32162 2e-05
32163 2e-05
32164 2e-05
32165 2e-05
32166 2e-05
32167 2e-05
32168 2e-05
32169 2e-05
32170 2e-05
32171 2e-05
32172 2e-05
32173 2e-05
32174 2e-05
32175 2e-05
32176 2e-05
32177 2e-05
32178 2e-05
32179 2e-05
32180 2e-05
32181 2e-05
32182 2e-05
32183 2e-05
32184 2e-05
32185 2e-05
32186 2e-05
32187 2e-05
32188 2e-05
32189 2e-05
32190 2e-05
32191 2e-05
32192 2e-05
32193 2e-05
32194 2e-05
32195 2e-05
32196 2e-05
32197 2e-05
32198 2e-05
32199 2e-05
32200 2e-05
32201 2e-05
32202 2e-05
32203 2e-05
32204 2e-05
32205 2e-05
32206 2e-05
32207 2e-05
32208 2e-05
32209 2e-05
32210 2e-05
32211 2e-05
32212 2e-05
32213 2e-05
32214 2e-05
32215 2e-05
32216 2e-05
32217 2e-05
32218 2e-05
32219 2e-05
32220 2e-05
32221 2e-05
32222 2e-05
32223 2e-05
32224 2e-05
32225 2e-05
32226 2e-05
32227 2e-05
32228 2e-05
32229 2e-05
32230 2e-05
32231 2e-05
32232 2e-05
32233 2e-05
32234 2e-05
32235 2e-05
32236 2e-05
32237 2e-05
32238 2e-05
32239 2e-05
32240 2e-05
32241 2e-05
32242 2e-05
32243 2e-05
32244 2e-05
32245 2e-05
32246 2e-05
32247 2e-05
32248 2e-05
32249 2e-05
32250 2e-05
32251 2e-05
32252 2e-05
32253 2e-05
32254 2e-05
32255 2e-05
32256 2e-05
32257 2e-05
32258 2e-05
32259 2e-05
32260 2e-05
32261 2e-05
32262 2e-05
32263 2e-05
32264 2e-05
32265 2e-05
32266 2e-05
32267 2e-05
32268 2e-05
32269 2e-05
32270 2e-05
32271 2e-05
32272 2e-05
32273 2e-05
32274 2e-05
32275 2e-05
32276 2e-05
32277 2e-05
32278 2e-05
32279 2e-05
32280 2e-05
32281 2e-05
32282 2e-05
32283 2e-05
32284 2e-05
32285 2e-05
32286 2e-05
32287 2e-05
32288 2e-05
32289 2e-05
32290 2e-05
32291 2e-05
32292 2e-05
32293 2e-05
32294 2e-05
32295 2e-05
32296 2e-05
32297 2e-05
32298 2e-05
32299 2e-05
32300 2e-05
32301 2e-05
32302 2e-05
32303 2e-05
32304 2e-05
32305 2e-05
32306 2e-05
32307 2e-05
32308 2e-05
32309 2e-05
32310 2e-05
32311 2e-05
32312 2e-05
32313 2e-05
32314 2e-05
32315 2e-05
32316 2e-05
32317 2e-05
32318 2e-05
32319 2e-05
32320 2e-05
32321 2e-05
32322 2e-05
32323 2e-05
32324 2e-05
32325 2e-05
32326 2e-05
32327 2e-05
32328 2e-05
32329 2e-05
32330 2e-05
32331 2e-05
32332 2e-05
32333 2e-05
32334 2e-05
32335 2e-05
32336 2e-05
32337 2e-05
32338 2e-05
32339 2e-05
32340 2e-05
32341 2e-05
32342 2e-05
32343 2e-05
32344 2e-05
32345 2e-05
32346 2e-05
32347 2e-05
32348 2e-05
32349 2e-05
32350 2e-05
32351 2e-05
32352 2e-05
32353 2e-05
32354 2e-05
32355 2e-05
32356 2e-05
32357 2e-05
32358 2e-05
32359 2e-05
32360 2e-05
32361 2e-05
32362 2e-05
32363 2e-05
32364 2e-05
32365 2e-05
32366 2e-05
32367 2e-05
32368 2e-05
32369 2e-05
32370 2e-05
32371 2e-05
32372 2e-05
32373 2e-05
32374 2e-05
32375 2e-05
32376 2e-05
32377 2e-05
32378 2e-05
32379 2e-05
32380 2e-05
32381 2e-05
32382 2e-05
32383 2e-05
32384 2e-05
32385 2e-05
32386 2e-05
32387 2e-05
32388 2e-05
32389 2e-05
32390 2e-05
32391 2e-05
32392 2e-05
32393 2e-05
32394 2e-05
32395 2e-05
32396 2e-05
32397 2e-05
32398 2e-05
32399 2e-05
32400 2e-05
32401 2e-05
32402 2e-05
32403 2e-05
32404 2e-05
32405 2e-05
32406 2e-05
32407 2e-05
32408 2e-05
32409 2e-05
32410 2e-05
32411 2e-05
32412 2e-05
32413 2e-05
32414 2e-05
32415 2e-05
32416 2e-05
32417 2e-05
32418 2e-05
32419 2e-05
32420 2e-05
32421 2e-05
32422 2e-05
32423 2e-05
32424 2e-05
32425 2e-05
32426 2e-05
32427 2e-05
32428 2e-05
32429 2e-05
32430 2e-05
32431 2e-05
32432 2e-05
32433 2e-05
32434 2e-05
32435 2e-05
32436 2e-05
32437 2e-05
32438 2e-05
32439 2e-05
32440 2e-05
32441 2e-05
32442 2e-05
32443 2e-05
32444 2e-05
32445 2e-05
32446 2e-05
32447 2e-05
32448 2e-05
32449 2e-05
32450 2e-05
32451 2e-05
32452 2e-05
32453 2e-05
32454 2e-05
32455 2e-05
32456 2e-05
32457 2e-05
32458 2e-05
32459 2e-05
32460 2e-05
32461 2e-05
32462 2e-05
32463 2e-05
32464 2e-05
32465 2e-05
32466 2e-05
32467 2e-05
32468 2e-05
32469 2e-05
32470 2e-05
32471 2e-05
32472 2e-05
32473 2e-05
32474 2e-05
32475 2e-05
32476 2e-05
32477 2e-05
32478 2e-05
32479 2e-05
32480 2e-05
32481 2e-05
32482 2e-05
32483 2e-05
32484 2e-05
32485 2e-05
32486 2e-05
32487 2e-05
32488 2e-05
32489 2e-05
32490 2e-05
32491 2e-05
32492 2e-05
32493 2e-05
32494 2e-05
32495 2e-05
32496 2e-05
32497 2e-05
32498 2e-05
32499 2e-05
32500 2e-05
32501 2e-05
32502 2e-05
32503 2e-05
32504 2e-05
32505 2e-05
32506 2e-05
32507 2e-05
32508 2e-05
32509 2e-05
32510 2e-05
32511 2e-05
32512 2e-05
32513 2e-05
32514 2e-05
32515 2e-05
32516 2e-05
32517 2e-05
32518 2e-05
32519 2e-05
32520 2e-05
32521 2e-05
32522 2e-05
32523 2e-05
32524 2e-05
32525 2e-05
32526 2e-05
32527 2e-05
32528 2e-05
32529 2e-05
32530 2e-05
32531 2e-05
32532 2e-05
32533 2e-05
32534 2e-05
32535 2e-05
32536 2e-05
32537 2e-05
32538 2e-05
32539 2e-05
32540 2e-05
32541 2e-05
32542 2e-05
32543 2e-05
32544 2e-05
32545 2e-05
32546 2e-05
32547 2e-05
32548 2e-05
32549 2e-05
32550 2e-05
32551 2e-05
32552 2e-05
32553 2e-05
32554 2e-05
32555 2e-05
32556 2e-05
32557 2e-05
32558 2e-05
32559 2e-05
32560 2e-05
32561 2e-05
32562 2e-05
32563 2e-05
32564 2e-05
32565 2e-05
32566 2e-05
32567 2e-05
32568 2e-05
32569 2e-05
32570 2e-05
32571 2e-05
32572 2e-05
32573 2e-05
32574 2e-05
32575 2e-05
32576 2e-05
32577 2e-05
32578 2e-05
32579 2e-05
32580 2e-05
32581 2e-05
32582 2e-05
32583 2e-05
32584 2e-05
32585 2e-05
32586 2e-05
32587 2e-05
32588 2e-05
32589 2e-05
32590 2e-05
32591 2e-05
32592 2e-05
32593 2e-05
32594 2e-05
32595 2e-05
32596 2e-05
32597 2e-05
32598 2e-05
32599 2e-05
32600 2e-05
32601 2e-05
32602 2e-05
32603 2e-05
32604 2e-05
32605 2e-05
32606 2e-05
32607 2e-05
32608 2e-05
32609 2e-05
32610 2e-05
32611 2e-05
32612 2e-05
32613 2e-05
32614 2e-05
32615 2e-05
32616 2e-05
32617 2e-05
32618 2e-05
32619 2e-05
32620 2e-05
32621 2e-05
32622 2e-05
32623 2e-05
32624 2e-05
32625 2e-05
32626 2e-05
32627 2e-05
32628 2e-05
32629 2e-05
32630 2e-05
32631 2e-05
32632 2e-05
32633 2e-05
32634 2e-05
32635 2e-05
32636 2e-05
32637 2e-05
32638 2e-05
32639 2e-05
32640 2e-05
32641 2e-05
32642 2e-05
32643 2e-05
32644 2e-05
32645 2e-05
32646 2e-05
32647 2e-05
32648 2e-05
32649 2e-05
32650 2e-05
32651 2e-05
32652 2e-05
32653 2e-05
32654 2e-05
32655 2e-05
32656 2e-05
32657 2e-05
32658 2e-05
32659 2e-05
32660 2e-05
32661 2e-05
32662 2e-05
32663 2e-05
32664 2e-05
32665 2e-05
32666 2e-05
32667 2e-05
32668 2e-05
32669 2e-05
32670 2e-05
32671 2e-05
32672 2e-05
32673 2e-05
32674 2e-05
32675 2e-05
32676 2e-05
32677 2e-05
32678 2e-05
32679 2e-05
32680 2e-05
32681 2e-05
32682 2e-05
32683 2e-05
32684 2e-05
32685 2e-05
32686 2e-05
32687 2e-05
32688 2e-05
32689 2e-05
32690 2e-05
32691 2e-05
32692 2e-05
32693 2e-05
32694 2e-05
32695 2e-05
32696 2e-05
32697 2e-05
32698 2e-05
32699 2e-05
32700 2e-05
32701 2e-05
32702 2e-05
32703 2e-05
32704 2e-05
32705 2e-05
32706 2e-05
32707 2e-05
32708 2e-05
32709 2e-05
32710 2e-05
32711 2e-05
32712 2e-05
32713 2e-05
32714 2e-05
32715 2e-05
32716 2e-05
32717 2e-05
32718 2e-05
32719 2e-05
32720 2e-05
32721 2e-05
32722 2e-05
32723 2e-05
32724 2e-05
32725 2e-05
32726 2e-05
32727 2e-05
32728 2e-05
32729 2e-05
32730 2e-05
32731 2e-05
32732 2e-05
32733 2e-05
32734 2e-05
32735 2e-05
32736 2e-05
32737 2e-05
32738 2e-05
32739 2e-05
32740 2e-05
32741 2e-05
32742 2e-05
32743 2e-05
32744 2e-05
32745 2e-05
32746 2e-05
32747 2e-05
32748 2e-05
32749 2e-05
32750 2e-05
32751 2e-05
32752 2e-05
32753 2e-05
32754 2e-05
32755 2e-05
32756 2e-05
32757 2e-05
32758 2e-05
32759 2e-05
32760 2e-05
32761 2e-05
32762 2e-05
32763 2e-05
32764 2e-05
32765 2e-05
32766 2e-05
32767 2e-05
32768 2e-05
32769 2e-05
32770 2e-05
32771 2e-05
32772 2e-05
32773 2e-05
32774 2e-05
32775 2e-05
32776 2e-05
32777 2e-05
32778 2e-05
32779 2e-05
32780 2e-05
32781 2e-05
32782 2e-05
32783 2e-05
32784 2e-05
32785 2e-05
32786 2e-05
32787 2e-05
32788 2e-05
32789 2e-05
32790 2e-05
32791 2e-05
32792 2e-05
32793 2e-05
32794 2e-05
32795 2e-05
32796 2e-05
32797 2e-05
32798 2e-05
32799 2e-05
32800 2e-05
32801 2e-05
32802 2e-05
32803 2e-05
32804 2e-05
32805 2e-05
32806 2e-05
32807 2e-05
32808 2e-05
32809 2e-05
32810 2e-05
32811 2e-05
32812 2e-05
32813 2e-05
32814 2e-05
32815 2e-05
32816 2e-05
32817 2e-05
32818 2e-05
32819 2e-05
32820 2e-05
32821 2e-05
32822 2e-05
32823 2e-05
32824 2e-05
32825 2e-05
32826 2e-05
32827 2e-05
32828 2e-05
32829 2e-05
32830 2e-05
32831 2e-05
32832 2e-05
32833 2e-05
32834 2e-05
32835 2e-05
32836 2e-05
32837 2e-05
32838 2e-05
32839 2e-05
32840 2e-05
32841 2e-05
32842 2e-05
32843 2e-05
32844 2e-05
32845 2e-05
32846 2e-05
32847 2e-05
32848 2e-05
32849 2e-05
32850 2e-05
32851 2e-05
32852 2e-05
32853 2e-05
32854 2e-05
32855 2e-05
32856 2e-05
32857 2e-05
32858 2e-05
32859 2e-05
32860 2e-05
32861 2e-05
32862 2e-05
32863 2e-05
32864 2e-05
32865 2e-05
32866 2e-05
32867 2e-05
32868 2e-05
32869 2e-05
32870 2e-05
32871 2e-05
32872 2e-05
32873 2e-05
32874 2e-05
32875 2e-05
32876 2e-05
32877 2e-05
32878 2e-05
32879 2e-05
32880 2e-05
32881 2e-05
32882 2e-05
32883 2e-05
32884 2e-05
32885 2e-05
32886 2e-05
32887 2e-05
32888 2e-05
32889 2e-05
32890 2e-05
32891 2e-05
32892 2e-05
32893 2e-05
32894 2e-05
32895 2e-05
32896 2e-05
32897 2e-05
32898 2e-05
32899 2e-05
32900 2e-05
32901 2e-05
32902 2e-05
32903 2e-05
32904 2e-05
32905 2e-05
32906 2e-05
32907 2e-05
32908 2e-05
32909 2e-05
32910 2e-05
32911 2e-05
32912 2e-05
32913 2e-05
32914 2e-05
32915 2e-05
32916 2e-05
32917 2e-05
32918 2e-05
32919 2e-05
32920 2e-05
32921 2e-05
32922 2e-05
32923 2e-05
32924 2e-05
32925 2e-05
32926 2e-05
32927 2e-05
32928 2e-05
32929 2e-05
32930 2e-05
32931 2e-05
32932 2e-05
32933 2e-05
32934 2e-05
32935 2e-05
32936 2e-05
32937 2e-05
32938 2e-05
32939 2e-05
32940 2e-05
32941 2e-05
32942 2e-05
32943 2e-05
32944 2e-05
32945 2e-05
32946 2e-05
32947 2e-05
32948 2e-05
32949 2e-05
32950 2e-05
32951 2e-05
32952 2e-05
32953 2e-05
32954 2e-05
32955 2e-05
32956 2e-05
32957 2e-05
32958 2e-05
32959 2e-05
32960 2e-05
32961 2e-05
32962 2e-05
32963 2e-05
32964 2e-05
32965 2e-05
32966 2e-05
32967 2e-05
32968 2e-05
32969 2e-05
32970 2e-05
32971 2e-05
32972 2e-05
32973 2e-05
32974 2e-05
32975 2e-05
32976 2e-05
32977 2e-05
32978 2e-05
32979 2e-05
32980 2e-05
32981 2e-05
32982 2e-05
32983 2e-05
32984 2e-05
32985 2e-05
32986 2e-05
32987 2e-05
32988 2e-05
32989 2e-05
32990 2e-05
32991 2e-05
32992 2e-05
32993 2e-05
32994 2e-05
32995 2e-05
32996 2e-05
32997 2e-05
32998 2e-05
32999 2e-05
33000 2e-05
33001 2e-05
33002 2e-05
33003 2e-05
33004 2e-05
33005 2e-05
33006 2e-05
33007 2e-05
33008 2e-05
33009 2e-05
33010 2e-05
33011 2e-05
33012 2e-05
33013 2e-05
33014 2e-05
33015 2e-05
33016 2e-05
33017 2e-05
33018 2e-05
33019 2e-05
33020 2e-05
33021 2e-05
33022 2e-05
33023 2e-05
33024 2e-05
33025 2e-05
33026 2e-05
33027 2e-05
33028 2e-05
33029 2e-05
33030 2e-05
33031 2e-05
33032 2e-05
33033 2e-05
33034 2e-05
33035 2e-05
33036 2e-05
33037 2e-05
33038 2e-05
33039 2e-05
33040 2e-05
33041 2e-05
33042 2e-05
33043 2e-05
33044 2e-05
33045 2e-05
33046 2e-05
33047 2e-05
33048 2e-05
33049 2e-05
33050 2e-05
33051 2e-05
33052 2e-05
33053 2e-05
33054 2e-05
33055 2e-05
33056 2e-05
33057 2e-05
33058 2e-05
33059 2e-05
33060 2e-05
33061 2e-05
33062 2e-05
33063 2e-05
33064 2e-05
33065 2e-05
33066 2e-05
33067 2e-05
33068 2e-05
33069 2e-05
33070 2e-05
33071 2e-05
33072 2e-05
33073 2e-05
33074 2e-05
33075 2e-05
33076 2e-05
33077 2e-05
33078 2e-05
33079 2e-05
33080 2e-05
33081 2e-05
33082 2e-05
33083 2e-05
33084 2e-05
33085 2e-05
33086 2e-05
33087 2e-05
33088 2e-05
33089 2e-05
33090 2e-05
33091 2e-05
33092 2e-05
33093 2e-05
33094 2e-05
33095 2e-05
33096 2e-05
33097 2e-05
33098 2e-05
33099 2e-05
33100 2e-05
33101 2e-05
33102 2e-05
33103 2e-05
33104 2e-05
33105 2e-05
33106 2e-05
33107 2e-05
33108 2e-05
33109 2e-05
33110 2e-05
33111 2e-05
33112 2e-05
33113 2e-05
33114 2e-05
33115 2e-05
33116 2e-05
33117 2e-05
33118 2e-05
33119 2e-05
33120 2e-05
33121 2e-05
33122 2e-05
33123 2e-05
33124 2e-05
33125 2e-05
33126 2e-05
33127 2e-05
33128 2e-05
33129 2e-05
33130 2e-05
33131 2e-05
33132 2e-05
33133 2e-05
33134 2e-05
33135 2e-05
33136 2e-05
33137 2e-05
33138 2e-05
33139 2e-05
33140 2e-05
33141 2e-05
33142 2e-05
33143 2e-05
33144 2e-05
33145 2e-05
33146 2e-05
33147 2e-05
33148 2e-05
33149 2e-05
33150 2e-05
33151 2e-05
33152 2e-05
33153 2e-05
33154 2e-05
33155 2e-05
33156 2e-05
33157 2e-05
33158 2e-05
33159 2e-05
33160 2e-05
33161 2e-05
33162 2e-05
33163 2e-05
33164 2e-05
33165 2e-05
33166 2e-05
33167 2e-05
33168 2e-05
33169 2e-05
33170 2e-05
33171 2e-05
33172 2e-05
33173 2e-05
33174 2e-05
33175 2e-05
33176 2e-05
33177 2e-05
33178 2e-05
33179 2e-05
33180 2e-05
33181 2e-05
33182 2e-05
33183 2e-05
33184 2e-05
33185 2e-05
33186 2e-05
33187 2e-05
33188 2e-05
33189 2e-05
33190 2e-05
33191 2e-05
33192 2e-05
33193 2e-05
33194 2e-05
33195 2e-05
33196 2e-05
33197 2e-05
33198 2e-05
33199 2e-05
33200 2e-05
33201 2e-05
33202 2e-05
33203 2e-05
33204 2e-05
33205 2e-05
33206 2e-05
33207 2e-05
33208 2e-05
33209 2e-05
33210 2e-05
33211 2e-05
33212 2e-05
33213 2e-05
33214 2e-05
33215 2e-05
33216 2e-05
33217 2e-05
33218 2e-05
33219 2e-05
33220 2e-05
33221 2e-05
33222 2e-05
33223 2e-05
33224 2e-05
33225 2e-05
33226 2e-05
33227 2e-05
33228 2e-05
33229 2e-05
33230 2e-05
33231 2e-05
33232 2e-05
33233 2e-05
33234 2e-05
33235 2e-05
33236 2e-05
33237 2e-05
33238 2e-05
33239 2e-05
33240 2e-05
33241 2e-05
33242 2e-05
33243 2e-05
33244 2e-05
33245 2e-05
33246 2e-05
33247 2e-05
33248 2e-05
33249 2e-05
33250 2e-05
33251 2e-05
33252 2e-05
33253 2e-05
33254 2e-05
33255 2e-05
33256 2e-05
33257 2e-05
33258 2e-05
33259 2e-05
33260 2e-05
33261 2e-05
33262 2e-05
33263 2e-05
33264 2e-05
33265 2e-05
33266 2e-05
33267 2e-05
33268 2e-05
33269 2e-05
33270 2e-05
33271 2e-05
33272 2e-05
33273 2e-05
33274 2e-05
33275 2e-05
33276 2e-05
33277 2e-05
33278 2e-05
33279 2e-05
33280 2e-05
33281 2e-05
33282 2e-05
33283 2e-05
33284 2e-05
33285 2e-05
33286 2e-05
33287 2e-05
33288 2e-05
33289 2e-05
33290 2e-05
33291 2e-05
33292 2e-05
33293 2e-05
33294 2e-05
33295 2e-05
33296 2e-05
33297 2e-05
33298 2e-05
33299 2e-05
33300 2e-05
33301 2e-05
33302 2e-05
33303 2e-05
33304 2e-05
33305 2e-05
33306 2e-05
33307 2e-05
33308 2e-05
33309 2e-05
33310 2e-05
33311 2e-05
33312 2e-05
33313 2e-05
33314 2e-05
33315 2e-05
33316 2e-05
33317 2e-05
33318 2e-05
33319 2e-05
33320 2e-05
33321 2e-05
33322 2e-05
33323 2e-05
33324 2e-05
33325 2e-05
33326 2e-05
33327 2e-05
33328 2e-05
33329 2e-05
33330 2e-05
33331 2e-05
33332 2e-05
33333 2e-05
33334 2e-05
33335 2e-05
33336 2e-05
33337 2e-05
33338 2e-05
33339 2e-05
33340 2e-05
33341 2e-05
33342 2e-05
33343 2e-05
33344 2e-05
33345 2e-05
33346 2e-05
33347 2e-05
33348 2e-05
33349 2e-05
33350 2e-05
33351 2e-05
33352 2e-05
33353 2e-05
33354 2e-05
33355 2e-05
33356 2e-05
33357 2e-05
33358 2e-05
33359 2e-05
33360 2e-05
33361 2e-05
33362 2e-05
33363 2e-05
33364 2e-05
33365 2e-05
33366 2e-05
33367 2e-05
33368 2e-05
33369 2e-05
33370 2e-05
33371 2e-05
33372 2e-05
33373 2e-05
33374 2e-05
33375 2e-05
33376 2e-05
33377 2e-05
33378 2e-05
33379 2e-05
33380 2e-05
33381 2e-05
33382 2e-05
33383 2e-05
33384 2e-05
33385 2e-05
33386 2e-05
33387 2e-05
33388 2e-05
33389 2e-05
33390 2e-05
33391 2e-05
33392 2e-05
33393 2e-05
33394 2e-05
33395 2e-05
33396 2e-05
33397 2e-05
33398 2e-05
33399 2e-05
33400 2e-05
33401 2e-05
33402 2e-05
33403 2e-05
33404 2e-05
33405 2e-05
33406 2e-05
33407 2e-05
33408 2e-05
33409 2e-05
33410 2e-05
33411 2e-05
33412 2e-05
33413 2e-05
33414 2e-05
33415 2e-05
33416 2e-05
33417 2e-05
33418 2e-05
33419 2e-05
33420 2e-05
33421 2e-05
33422 2e-05
33423 2e-05
33424 2e-05
33425 2e-05
33426 2e-05
33427 2e-05
33428 2e-05
33429 2e-05
33430 2e-05
33431 2e-05
33432 2e-05
33433 2e-05
33434 2e-05
33435 2e-05
33436 2e-05
33437 2e-05
33438 2e-05
33439 2e-05
33440 2e-05
33441 2e-05
33442 2e-05
33443 2e-05
33444 2e-05
33445 2e-05
33446 2e-05
33447 2e-05
33448 2e-05
33449 2e-05
33450 2e-05
33451 2e-05
33452 2e-05
33453 2e-05
33454 2e-05
33455 2e-05
33456 2e-05
33457 2e-05
33458 2e-05
33459 2e-05
33460 2e-05
33461 2e-05
33462 2e-05
33463 2e-05
33464 2e-05
33465 2e-05
33466 2e-05
33467 2e-05
33468 2e-05
33469 2e-05
33470 2e-05
33471 2e-05
33472 2e-05
33473 2e-05
33474 2e-05
33475 2e-05
33476 2e-05
33477 2e-05
33478 2e-05
33479 2e-05
33480 2e-05
33481 2e-05
33482 2e-05
33483 2e-05
33484 2e-05
33485 2e-05
33486 2e-05
33487 2e-05
33488 2e-05
33489 2e-05
33490 2e-05
33491 2e-05
33492 2e-05
33493 2e-05
33494 2e-05
33495 2e-05
33496 2e-05
33497 2e-05
33498 2e-05
33499 2e-05
33500 2e-05
33501 2e-05
33502 2e-05
33503 2e-05
33504 2e-05
33505 2e-05
33506 2e-05
33507 2e-05
33508 2e-05
33509 2e-05
33510 2e-05
33511 2e-05
33512 2e-05
33513 2e-05
33514 2e-05
33515 2e-05
33516 2e-05
33517 2e-05
33518 2e-05
33519 2e-05
33520 2e-05
33521 2e-05
33522 2e-05
33523 2e-05
33524 2e-05
33525 2e-05
33526 2e-05
33527 2e-05
33528 2e-05
33529 2e-05
33530 2e-05
33531 2e-05
33532 2e-05
33533 2e-05
33534 2e-05
33535 2e-05
33536 2e-05
33537 2e-05
33538 2e-05
33539 2e-05
33540 2e-05
33541 2e-05
33542 2e-05
33543 2e-05
33544 2e-05
33545 2e-05
33546 2e-05
33547 2e-05
33548 2e-05
33549 2e-05
33550 2e-05
33551 2e-05
33552 2e-05
33553 2e-05
33554 2e-05
33555 2e-05
33556 2e-05
33557 2e-05
33558 2e-05
33559 2e-05
33560 2e-05
33561 2e-05
33562 2e-05
33563 2e-05
33564 2e-05
33565 2e-05
33566 2e-05
33567 2e-05
33568 2e-05
33569 2e-05
33570 2e-05
33571 2e-05
33572 2e-05
33573 2e-05
33574 2e-05
33575 2e-05
33576 2e-05
33577 2e-05
33578 2e-05
33579 2e-05
33580 2e-05
33581 2e-05
33582 2e-05
33583 2e-05
33584 2e-05
33585 2e-05
33586 2e-05
33587 2e-05
33588 2e-05
33589 2e-05
33590 2e-05
33591 2e-05
33592 2e-05
33593 2e-05
33594 2e-05
33595 2e-05
33596 2e-05
33597 2e-05
33598 2e-05
33599 2e-05
33600 2e-05
33601 2e-05
33602 2e-05
33603 2e-05
33604 2e-05
33605 2e-05
33606 2e-05
33607 2e-05
33608 2e-05
33609 2e-05
33610 2e-05
33611 2e-05
33612 2e-05
33613 2e-05
33614 2e-05
33615 2e-05
33616 2e-05
33617 2e-05
33618 2e-05
33619 2e-05
33620 2e-05
33621 2e-05
33622 2e-05
33623 2e-05
33624 2e-05
33625 2e-05
33626 2e-05
33627 2e-05
33628 2e-05
33629 2e-05
33630 2e-05
33631 2e-05
33632 2e-05
33633 2e-05
33634 2e-05
33635 2e-05
33636 2e-05
33637 2e-05
33638 2e-05
33639 2e-05
33640 2e-05
33641 2e-05
33642 2e-05
33643 2e-05
33644 2e-05
33645 2e-05
33646 2e-05
33647 2e-05
33648 2e-05
33649 2e-05
33650 2e-05
33651 2e-05
33652 2e-05
33653 2e-05
33654 2e-05
33655 2e-05
33656 2e-05
33657 2e-05
33658 2e-05
33659 2e-05
33660 2e-05
33661 2e-05
33662 2e-05
33663 2e-05
33664 2e-05
33665 2e-05
33666 2e-05
33667 2e-05
33668 2e-05
33669 2e-05
33670 2e-05
33671 2e-05
33672 2e-05
33673 2e-05
33674 2e-05
33675 2e-05
33676 2e-05
33677 2e-05
33678 2e-05
33679 2e-05
33680 2e-05
33681 2e-05
33682 2e-05
33683 2e-05
33684 2e-05
33685 2e-05
33686 2e-05
33687 2e-05
33688 2e-05
33689 2e-05
33690 2e-05
33691 2e-05
33692 2e-05
33693 2e-05
33694 2e-05
33695 2e-05
33696 2e-05
33697 2e-05
33698 2e-05
33699 2e-05
33700 2e-05
33701 2e-05
33702 2e-05
33703 2e-05
33704 2e-05
33705 2e-05
33706 2e-05
33707 2e-05
33708 2e-05
33709 2e-05
33710 2e-05
33711 2e-05
33712 2e-05
33713 2e-05
33714 2e-05
33715 2e-05
33716 2e-05
33717 2e-05
33718 2e-05
33719 2e-05
33720 2e-05
33721 2e-05
33722 2e-05
33723 2e-05
33724 2e-05
33725 2e-05
33726 2e-05
33727 2e-05
33728 2e-05
33729 2e-05
33730 2e-05
33731 2e-05
33732 2e-05
33733 2e-05
33734 2e-05
33735 2e-05
33736 2e-05
33737 2e-05
33738 2e-05
33739 2e-05
33740 2e-05
33741 2e-05
33742 2e-05
33743 2e-05
33744 2e-05
33745 2e-05
33746 2e-05
33747 2e-05
33748 2e-05
33749 2e-05
33750 2e-05
33751 2e-05
33752 2e-05
33753 2e-05
33754 2e-05
33755 2e-05
33756 2e-05
33757 2e-05
33758 2e-05
33759 2e-05
33760 2e-05
33761 2e-05
33762 2e-05
33763 2e-05
33764 2e-05
33765 2e-05
33766 2e-05
33767 2e-05
33768 2e-05
33769 2e-05
33770 2e-05
33771 2e-05
33772 2e-05
33773 2e-05
33774 2e-05
33775 2e-05
33776 2e-05
33777 2e-05
33778 2e-05
33779 2e-05
33780 2e-05
33781 2e-05
33782 2e-05
33783 2e-05
33784 2e-05
33785 2e-05
33786 2e-05
33787 2e-05
33788 2e-05
33789 2e-05
33790 2e-05
33791 2e-05
33792 2e-05
33793 2e-05
33794 2e-05
33795 2e-05
33796 2e-05
33797 2e-05
33798 2e-05
33799 2e-05
33800 2e-05
33801 2e-05
33802 2e-05
33803 2e-05
33804 2e-05
33805 2e-05
33806 2e-05
33807 2e-05
33808 2e-05
33809 2e-05
33810 2e-05
33811 2e-05
33812 2e-05
33813 2e-05
33814 2e-05
33815 2e-05
33816 2e-05
33817 2e-05
33818 2e-05
33819 2e-05
33820 2e-05
33821 2e-05
33822 2e-05
33823 2e-05
33824 2e-05
33825 2e-05
33826 2e-05
33827 2e-05
33828 2e-05
33829 2e-05
33830 2e-05
33831 2e-05
33832 2e-05
33833 2e-05
33834 2e-05
33835 2e-05
33836 2e-05
33837 2e-05
33838 2e-05
33839 2e-05
33840 2e-05
33841 2e-05
33842 2e-05
33843 2e-05
33844 2e-05
33845 2e-05
33846 2e-05
33847 2e-05
33848 2e-05
33849 2e-05
33850 2e-05
33851 2e-05
33852 2e-05
33853 2e-05
33854 2e-05
33855 2e-05
33856 2e-05
33857 2e-05
33858 2e-05
33859 2e-05
33860 2e-05
33861 2e-05
33862 2e-05
33863 2e-05
33864 2e-05
33865 2e-05
33866 2e-05
33867 2e-05
33868 2e-05
33869 2e-05
33870 2e-05
33871 2e-05
33872 2e-05
33873 2e-05
33874 2e-05
33875 2e-05
33876 2e-05
33877 2e-05
33878 2e-05
33879 2e-05
33880 2e-05
33881 2e-05
33882 2e-05
33883 2e-05
33884 2e-05
33885 2e-05
33886 2e-05
33887 2e-05
33888 2e-05
33889 2e-05
33890 2e-05
33891 2e-05
33892 2e-05
33893 2e-05
33894 2e-05
33895 2e-05
33896 2e-05
33897 2e-05
33898 2e-05
33899 2e-05
33900 2e-05
33901 2e-05
33902 2e-05
33903 2e-05
33904 2e-05
33905 2e-05
33906 2e-05
33907 2e-05
33908 2e-05
33909 2e-05
33910 2e-05
33911 2e-05
33912 2e-05
33913 2e-05
33914 2e-05
33915 2e-05
33916 2e-05
33917 2e-05
33918 2e-05
33919 2e-05
33920 2e-05
33921 2e-05
33922 2e-05
33923 2e-05
33924 2e-05
33925 2e-05
33926 2e-05
33927 2e-05
33928 2e-05
33929 2e-05
33930 2e-05
33931 2e-05
33932 2e-05
33933 2e-05
33934 2e-05
33935 2e-05
33936 2e-05
33937 2e-05
33938 2e-05
33939 2e-05
33940 2e-05
33941 2e-05
33942 2e-05
33943 2e-05
33944 2e-05
33945 2e-05
33946 2e-05
33947 2e-05
33948 2e-05
33949 2e-05
33950 2e-05
33951 2e-05
33952 2e-05
33953 2e-05
33954 2e-05
33955 2e-05
33956 2e-05
33957 2e-05
33958 2e-05
33959 2e-05
33960 2e-05
33961 2e-05
33962 2e-05
33963 2e-05
33964 2e-05
33965 2e-05
33966 2e-05
33967 2e-05
33968 2e-05
33969 2e-05
33970 2e-05
33971 2e-05
33972 2e-05
33973 2e-05
33974 2e-05
33975 2e-05
33976 2e-05
33977 2e-05
33978 2e-05
33979 2e-05
33980 2e-05
33981 2e-05
33982 2e-05
33983 2e-05
33984 2e-05
33985 2e-05
33986 2e-05
33987 2e-05
33988 2e-05
33989 2e-05
33990 2e-05
33991 2e-05
33992 2e-05
33993 2e-05
33994 2e-05
33995 2e-05
33996 2e-05
33997 2e-05
33998 2e-05
33999 2e-05
34000 2e-05
34001 2e-05
34002 2e-05
34003 2e-05
34004 2e-05
34005 2e-05
34006 2e-05
34007 2e-05
34008 2e-05
34009 2e-05
34010 2e-05
34011 2e-05
34012 2e-05
34013 2e-05
34014 2e-05
34015 2e-05
34016 2e-05
34017 2e-05
34018 2e-05
34019 2e-05
34020 2e-05
34021 2e-05
34022 2e-05
34023 2e-05
34024 2e-05
34025 2e-05
34026 2e-05
34027 2e-05
34028 2e-05
34029 2e-05
34030 2e-05
34031 2e-05
34032 2e-05
34033 2e-05
34034 2e-05
34035 2e-05
34036 2e-05
34037 2e-05
34038 2e-05
34039 2e-05
34040 2e-05
34041 2e-05
34042 2e-05
34043 2e-05
34044 2e-05
34045 2e-05
34046 2e-05
34047 2e-05
34048 2e-05
34049 2e-05
34050 2e-05
34051 2e-05
34052 2e-05
34053 2e-05
34054 2e-05
34055 2e-05
34056 2e-05
34057 2e-05
34058 2e-05
34059 2e-05
34060 2e-05
34061 2e-05
34062 2e-05
34063 2e-05
34064 2e-05
34065 2e-05
34066 2e-05
34067 2e-05
34068 2e-05
34069 2e-05
34070 2e-05
34071 2e-05
34072 2e-05
34073 2e-05
34074 2e-05
34075 2e-05
34076 2e-05
34077 2e-05
34078 2e-05
34079 2e-05
34080 2e-05
34081 2e-05
34082 2e-05
34083 2e-05
34084 2e-05
34085 2e-05
34086 2e-05
34087 2e-05
34088 2e-05
34089 2e-05
34090 2e-05
34091 2e-05
34092 2e-05
34093 2e-05
34094 2e-05
34095 2e-05
34096 2e-05
34097 2e-05
34098 2e-05
34099 2e-05
34100 2e-05
34101 2e-05
34102 2e-05
34103 2e-05
34104 2e-05
34105 2e-05
34106 2e-05
34107 2e-05
34108 2e-05
34109 2e-05
34110 2e-05
34111 2e-05
34112 2e-05
34113 2e-05
34114 2e-05
34115 2e-05
34116 2e-05
34117 2e-05
34118 2e-05
34119 2e-05
34120 2e-05
34121 2e-05
34122 2e-05
34123 2e-05
34124 2e-05
34125 2e-05
34126 2e-05
34127 2e-05
34128 2e-05
34129 2e-05
34130 2e-05
34131 2e-05
34132 2e-05
34133 2e-05
34134 2e-05
34135 2e-05
34136 2e-05
34137 2e-05
34138 2e-05
34139 2e-05
34140 2e-05
34141 2e-05
34142 2e-05
34143 2e-05
34144 2e-05
34145 2e-05
34146 2e-05
34147 2e-05
34148 2e-05
34149 2e-05
34150 2e-05
34151 2e-05
34152 2e-05
34153 2e-05
34154 2e-05
34155 2e-05
34156 2e-05
34157 2e-05
34158 2e-05
34159 2e-05
34160 2e-05
34161 2e-05
34162 2e-05
34163 2e-05
34164 2e-05
34165 2e-05
34166 2e-05
34167 2e-05
34168 2e-05
34169 2e-05
34170 2e-05
34171 2e-05
34172 2e-05
34173 2e-05
34174 2e-05
34175 2e-05
34176 2e-05
34177 2e-05
34178 2e-05
34179 2e-05
34180 2e-05
34181 2e-05
34182 2e-05
34183 2e-05
34184 2e-05
34185 2e-05
34186 2e-05
34187 2e-05
34188 2e-05
34189 2e-05
34190 2e-05
34191 2e-05
34192 2e-05
34193 2e-05
34194 2e-05
34195 2e-05
34196 2e-05
34197 2e-05
34198 2e-05
34199 2e-05
34200 2e-05
34201 2e-05
34202 2e-05
34203 2e-05
34204 2e-05
34205 2e-05
34206 2e-05
34207 2e-05
34208 2e-05
34209 2e-05
34210 2e-05
34211 2e-05
34212 2e-05
34213 2e-05
34214 2e-05
34215 2e-05
34216 2e-05
34217 2e-05
34218 2e-05
34219 2e-05
34220 2e-05
34221 2e-05
34222 2e-05
34223 2e-05
34224 2e-05
34225 2e-05
34226 2e-05
34227 2e-05
34228 2e-05
34229 2e-05
34230 2e-05
34231 2e-05
34232 2e-05
34233 2e-05
34234 2e-05
34235 2e-05
34236 2e-05
34237 2e-05
34238 2e-05
34239 2e-05
34240 2e-05
34241 2e-05
34242 2e-05
34243 2e-05
34244 2e-05
34245 2e-05
34246 2e-05
34247 2e-05
34248 2e-05
34249 2e-05
34250 2e-05
34251 2e-05
34252 2e-05
34253 2e-05
34254 2e-05
34255 2e-05
34256 2e-05
34257 2e-05
34258 2e-05
34259 2e-05
34260 2e-05
34261 2e-05
34262 2e-05
34263 2e-05
34264 2e-05
34265 2e-05
34266 2e-05
34267 2e-05
34268 2e-05
34269 2e-05
34270 2e-05
34271 2e-05
34272 2e-05
34273 2e-05
34274 2e-05
34275 2e-05
34276 2e-05
34277 2e-05
34278 2e-05
34279 2e-05
34280 2e-05
34281 2e-05
34282 2e-05
34283 2e-05
34284 2e-05
34285 2e-05
34286 2e-05
34287 2e-05
34288 2e-05
34289 2e-05
34290 2e-05
34291 2e-05
34292 2e-05
34293 2e-05
34294 2e-05
34295 2e-05
34296 2e-05
34297 2e-05
34298 2e-05
34299 2e-05
34300 2e-05
34301 2e-05
34302 2e-05
34303 2e-05
34304 2e-05
34305 2e-05
34306 2e-05
34307 2e-05
34308 2e-05
34309 2e-05
34310 2e-05
34311 2e-05
34312 2e-05
34313 2e-05
34314 2e-05
34315 2e-05
34316 2e-05
34317 2e-05
34318 2e-05
34319 2e-05
34320 2e-05
34321 2e-05
34322 2e-05
34323 2e-05
34324 2e-05
34325 2e-05
34326 2e-05
34327 2e-05
34328 2e-05
34329 2e-05
34330 2e-05
34331 2e-05
34332 2e-05
34333 2e-05
34334 2e-05
34335 2e-05
34336 2e-05
34337 2e-05
34338 2e-05
34339 2e-05
34340 2e-05
34341 2e-05
34342 2e-05
34343 2e-05
34344 2e-05
34345 2e-05
34346 2e-05
34347 2e-05
34348 2e-05
34349 2e-05
34350 2e-05
34351 2e-05
34352 2e-05
34353 2e-05
34354 2e-05
34355 2e-05
34356 2e-05
34357 2e-05
34358 2e-05
34359 2e-05
34360 2e-05
34361 2e-05
34362 2e-05
34363 2e-05
34364 2e-05
34365 2e-05
34366 2e-05
34367 2e-05
34368 2e-05
34369 2e-05
34370 2e-05
34371 2e-05
34372 2e-05
34373 2e-05
34374 2e-05
34375 2e-05
34376 2e-05
34377 2e-05
34378 2e-05
34379 2e-05
34380 2e-05
34381 2e-05
34382 2e-05
34383 2e-05
34384 2e-05
34385 2e-05
34386 2e-05
34387 2e-05
34388 2e-05
34389 2e-05
34390 2e-05
34391 2e-05
34392 2e-05
34393 2e-05
34394 2e-05
34395 2e-05
34396 2e-05
34397 2e-05
34398 2e-05
34399 2e-05
34400 2e-05
34401 2e-05
34402 2e-05
34403 2e-05
34404 2e-05
34405 2e-05
34406 2e-05
34407 2e-05
34408 2e-05
34409 2e-05
34410 2e-05
34411 2e-05
34412 2e-05
34413 2e-05
34414 2e-05
34415 2e-05
34416 2e-05
34417 2e-05
34418 2e-05
34419 2e-05
34420 2e-05
34421 2e-05
34422 2e-05
34423 2e-05
34424 2e-05
34425 2e-05
34426 2e-05
34427 2e-05
34428 2e-05
34429 2e-05
34430 2e-05
34431 2e-05
34432 2e-05
34433 2e-05
34434 2e-05
34435 2e-05
34436 2e-05
34437 2e-05
34438 2e-05
34439 2e-05
34440 2e-05
34441 2e-05
34442 2e-05
34443 2e-05
34444 2e-05
34445 2e-05
34446 2e-05
34447 2e-05
34448 2e-05
34449 2e-05
34450 2e-05
34451 2e-05
34452 2e-05
34453 2e-05
34454 2e-05
34455 2e-05
34456 2e-05
34457 2e-05
34458 2e-05
34459 2e-05
34460 2e-05
34461 2e-05
34462 2e-05
34463 2e-05
34464 2e-05
34465 2e-05
34466 2e-05
34467 2e-05
34468 2e-05
34469 2e-05
34470 2e-05
34471 2e-05
34472 2e-05
34473 2e-05
34474 2e-05
34475 2e-05
34476 2e-05
34477 2e-05
34478 2e-05
34479 2e-05
34480 2e-05
34481 2e-05
34482 2e-05
34483 2e-05
34484 2e-05
34485 2e-05
34486 2e-05
34487 2e-05
34488 2e-05
34489 2e-05
34490 2e-05
34491 2e-05
34492 2e-05
34493 2e-05
34494 2e-05
34495 2e-05
34496 2e-05
34497 2e-05
34498 2e-05
34499 2e-05
34500 2e-05
34501 2e-05
34502 2e-05
34503 2e-05
34504 2e-05
34505 2e-05
34506 2e-05
34507 2e-05
34508 2e-05
34509 2e-05
34510 2e-05
34511 2e-05
34512 2e-05
34513 2e-05
34514 2e-05
34515 2e-05
34516 2e-05
34517 2e-05
34518 2e-05
34519 2e-05
34520 2e-05
34521 2e-05
34522 2e-05
34523 2e-05
34524 2e-05
34525 2e-05
34526 2e-05
34527 2e-05
34528 2e-05
34529 2e-05
34530 2e-05
34531 2e-05
34532 2e-05
34533 2e-05
34534 2e-05
34535 2e-05
34536 2e-05
34537 2e-05
34538 2e-05
34539 2e-05
34540 2e-05
34541 2e-05
34542 2e-05
34543 2e-05
34544 2e-05
34545 2e-05
34546 2e-05
34547 2e-05
34548 2e-05
34549 2e-05
34550 2e-05
34551 2e-05
34552 2e-05
34553 2e-05
34554 2e-05
34555 2e-05
34556 2e-05
34557 2e-05
34558 2e-05
34559 2e-05
34560 2e-05
34561 2e-05
34562 2e-05
34563 2e-05
34564 2e-05
34565 2e-05
34566 2e-05
34567 2e-05
34568 2e-05
34569 2e-05
34570 2e-05
34571 2e-05
34572 2e-05
34573 2e-05
34574 2e-05
34575 2e-05
34576 2e-05
34577 2e-05
34578 2e-05
34579 2e-05
34580 2e-05
34581 2e-05
34582 2e-05
34583 2e-05
34584 2e-05
34585 2e-05
34586 2e-05
34587 2e-05
34588 2e-05
34589 2e-05
34590 2e-05
34591 2e-05
34592 2e-05
34593 2e-05
34594 2e-05
34595 2e-05
34596 2e-05
34597 2e-05
34598 2e-05
34599 2e-05
34600 2e-05
34601 2e-05
34602 2e-05
34603 2e-05
34604 2e-05
34605 2e-05
34606 2e-05
34607 2e-05
34608 2e-05
34609 2e-05
34610 2e-05
34611 2e-05
34612 2e-05
34613 2e-05
34614 2e-05
34615 2e-05
34616 2e-05
34617 2e-05
34618 2e-05
34619 2e-05
34620 2e-05
34621 2e-05
34622 2e-05
34623 2e-05
34624 2e-05
34625 2e-05
34626 2e-05
34627 2e-05
34628 2e-05
34629 2e-05
34630 2e-05
34631 2e-05
34632 2e-05
34633 2e-05
34634 2e-05
34635 2e-05
34636 2e-05
34637 2e-05
34638 2e-05
34639 2e-05
34640 2e-05
34641 2e-05
34642 2e-05
34643 2e-05
34644 2e-05
34645 2e-05
34646 2e-05
34647 2e-05
34648 2e-05
34649 2e-05
34650 2e-05
34651 2e-05
34652 2e-05
34653 2e-05
34654 2e-05
34655 2e-05
34656 2e-05
34657 2e-05
34658 2e-05
34659 2e-05
34660 2e-05
34661 2e-05
34662 2e-05
34663 2e-05
34664 2e-05
34665 2e-05
34666 2e-05
34667 2e-05
34668 2e-05
34669 2e-05
34670 2e-05
34671 2e-05
34672 2e-05
34673 2e-05
34674 2e-05
34675 2e-05
34676 2e-05
34677 2e-05
34678 2e-05
34679 2e-05
34680 2e-05
34681 2e-05
34682 2e-05
34683 2e-05
34684 2e-05
34685 2e-05
34686 2e-05
34687 2e-05
34688 2e-05
34689 2e-05
34690 2e-05
34691 2e-05
34692 2e-05
34693 2e-05
34694 2e-05
34695 2e-05
34696 2e-05
34697 2e-05
34698 2e-05
34699 2e-05
34700 2e-05
34701 2e-05
34702 2e-05
34703 2e-05
34704 2e-05
34705 2e-05
34706 2e-05
34707 2e-05
34708 2e-05
34709 2e-05
34710 2e-05
34711 2e-05
34712 2e-05
34713 2e-05
34714 2e-05
34715 2e-05
34716 2e-05
34717 2e-05
34718 2e-05
34719 2e-05
34720 2e-05
34721 2e-05
34722 2e-05
34723 2e-05
34724 2e-05
34725 2e-05
34726 2e-05
34727 2e-05
34728 2e-05
34729 2e-05
34730 2e-05
34731 2e-05
34732 2e-05
34733 2e-05
34734 2e-05
34735 2e-05
34736 2e-05
34737 2e-05
34738 2e-05
34739 2e-05
34740 2e-05
34741 2e-05
34742 2e-05
34743 2e-05
34744 2e-05
34745 2e-05
34746 2e-05
34747 2e-05
34748 2e-05
34749 2e-05
34750 2e-05
34751 2e-05
34752 2e-05
34753 2e-05
34754 2e-05
34755 2e-05
34756 2e-05
34757 2e-05
34758 2e-05
34759 2e-05
34760 2e-05
34761 2e-05
34762 2e-05
34763 2e-05
34764 2e-05
34765 2e-05
34766 2e-05
34767 2e-05
34768 2e-05
34769 2e-05
34770 2e-05
34771 2e-05
34772 2e-05
34773 2e-05
34774 2e-05
34775 2e-05
34776 2e-05
34777 2e-05
34778 2e-05
34779 2e-05
34780 2e-05
34781 2e-05
34782 2e-05
34783 2e-05
34784 2e-05
34785 2e-05
34786 2e-05
34787 2e-05
34788 2e-05
34789 2e-05
34790 2e-05
34791 2e-05
34792 2e-05
34793 2e-05
34794 2e-05
34795 2e-05
34796 2e-05
34797 2e-05
34798 2e-05
34799 2e-05
34800 2e-05
34801 2e-05
34802 2e-05
34803 2e-05
34804 2e-05
34805 2e-05
34806 2e-05
34807 2e-05
34808 2e-05
34809 2e-05
34810 2e-05
34811 2e-05
34812 2e-05
34813 2e-05
34814 2e-05
34815 2e-05
34816 2e-05
34817 2e-05
34818 2e-05
34819 2e-05
34820 2e-05
34821 2e-05
34822 2e-05
34823 2e-05
34824 2e-05
34825 2e-05
34826 2e-05
34827 2e-05
34828 2e-05
34829 2e-05
34830 2e-05
34831 2e-05
34832 2e-05
34833 2e-05
34834 2e-05
34835 2e-05
34836 2e-05
34837 2e-05
34838 2e-05
34839 2e-05
34840 2e-05
34841 2e-05
34842 2e-05
34843 2e-05
34844 2e-05
34845 2e-05
34846 2e-05
34847 2e-05
34848 2e-05
34849 2e-05
34850 2e-05
34851 2e-05
34852 2e-05
34853 2e-05
34854 2e-05
34855 2e-05
34856 2e-05
34857 2e-05
34858 2e-05
34859 2e-05
34860 2e-05
34861 2e-05
34862 2e-05
34863 2e-05
34864 2e-05
34865 2e-05
34866 2e-05
34867 2e-05
34868 2e-05
34869 2e-05
34870 2e-05
34871 2e-05
34872 2e-05
34873 2e-05
34874 2e-05
34875 2e-05
34876 2e-05
34877 2e-05
34878 2e-05
34879 2e-05
34880 2e-05
34881 2e-05
34882 2e-05
34883 2e-05
34884 2e-05
34885 2e-05
34886 2e-05
34887 2e-05
34888 2e-05
34889 2e-05
34890 2e-05
34891 2e-05
34892 2e-05
34893 2e-05
34894 2e-05
34895 2e-05
34896 2e-05
34897 2e-05
34898 2e-05
34899 2e-05
34900 2e-05
34901 2e-05
34902 2e-05
34903 2e-05
34904 2e-05
34905 2e-05
34906 2e-05
34907 2e-05
34908 2e-05
34909 2e-05
34910 2e-05
34911 2e-05
34912 2e-05
34913 2e-05
34914 2e-05
34915 2e-05
34916 2e-05
34917 2e-05
34918 2e-05
34919 2e-05
34920 2e-05
34921 2e-05
34922 2e-05
34923 2e-05
34924 2e-05
34925 2e-05
34926 2e-05
34927 2e-05
34928 2e-05
34929 2e-05
34930 2e-05
34931 2e-05
34932 2e-05
34933 2e-05
34934 2e-05
34935 2e-05
34936 2e-05
34937 2e-05
34938 2e-05
34939 2e-05
34940 2e-05
34941 2e-05
34942 2e-05
34943 2e-05
34944 2e-05
34945 2e-05
34946 2e-05
34947 2e-05
34948 2e-05
34949 2e-05
34950 2e-05
34951 2e-05
34952 2e-05
34953 2e-05
34954 2e-05
34955 2e-05
34956 2e-05
34957 2e-05
34958 2e-05
34959 2e-05
34960 2e-05
34961 2e-05
34962 2e-05
34963 2e-05
34964 2e-05
34965 2e-05
34966 2e-05
34967 2e-05
34968 2e-05
34969 2e-05
34970 2e-05
34971 2e-05
34972 2e-05
34973 2e-05
34974 2e-05
34975 2e-05
34976 2e-05
34977 2e-05
34978 2e-05
34979 2e-05
34980 2e-05
34981 2e-05
34982 2e-05
34983 2e-05
34984 2e-05
34985 2e-05
34986 2e-05
34987 2e-05
34988 2e-05
34989 2e-05
34990 2e-05
34991 2e-05
34992 2e-05
34993 2e-05
34994 2e-05
34995 2e-05
34996 2e-05
34997 2e-05
34998 2e-05
34999 2e-05
35000 2e-05
35001 2e-05
35002 2e-05
35003 2e-05
35004 2e-05
35005 2e-05
35006 2e-05
35007 2e-05
35008 2e-05
35009 2e-05
35010 2e-05
35011 2e-05
35012 2e-05
35013 2e-05
35014 2e-05
35015 2e-05
35016 2e-05
35017 2e-05
35018 2e-05
35019 2e-05
35020 2e-05
35021 2e-05
35022 2e-05
35023 2e-05
35024 2e-05
35025 2e-05
35026 2e-05
35027 2e-05
35028 2e-05
35029 2e-05
35030 2e-05
35031 2e-05
35032 2e-05
35033 2e-05
35034 2e-05
35035 2e-05
35036 2e-05
35037 2e-05
35038 2e-05
35039 2e-05
35040 2e-05
35041 2e-05
35042 2e-05
35043 2e-05
35044 2e-05
35045 2e-05
35046 2e-05
35047 2e-05
35048 2e-05
35049 2e-05
35050 2e-05
35051 2e-05
35052 2e-05
35053 2e-05
35054 2e-05
35055 2e-05
35056 2e-05
35057 2e-05
35058 2e-05
35059 2e-05
35060 2e-05
35061 2e-05
35062 2e-05
35063 2e-05
35064 2e-05
35065 2e-05
35066 2e-05
35067 2e-05
35068 2e-05
35069 2e-05
35070 2e-05
35071 2e-05
35072 2e-05
35073 2e-05
35074 2e-05
35075 2e-05
35076 2e-05
35077 2e-05
35078 2e-05
35079 2e-05
35080 2e-05
35081 2e-05
35082 2e-05
35083 2e-05
35084 2e-05
35085 2e-05
35086 2e-05
35087 2e-05
35088 2e-05
35089 2e-05
35090 2e-05
35091 2e-05
35092 2e-05
35093 2e-05
35094 2e-05
35095 2e-05
35096 2e-05
35097 2e-05
35098 2e-05
35099 2e-05
35100 2e-05
35101 2e-05
35102 2e-05
35103 2e-05
35104 2e-05
35105 2e-05
35106 2e-05
35107 2e-05
35108 2e-05
35109 2e-05
35110 2e-05
35111 2e-05
35112 2e-05
35113 2e-05
35114 2e-05
35115 2e-05
35116 2e-05
35117 2e-05
35118 2e-05
35119 2e-05
35120 2e-05
35121 2e-05
35122 2e-05
35123 2e-05
35124 2e-05
35125 2e-05
35126 2e-05
35127 2e-05
35128 2e-05
35129 2e-05
35130 2e-05
35131 2e-05
35132 2e-05
35133 2e-05
35134 2e-05
35135 2e-05
35136 2e-05
35137 2e-05
35138 2e-05
35139 2e-05
35140 2e-05
35141 2e-05
35142 2e-05
35143 2e-05
35144 2e-05
35145 2e-05
35146 2e-05
35147 2e-05
35148 2e-05
35149 2e-05
35150 2e-05
35151 2e-05
35152 2e-05
35153 2e-05
35154 2e-05
35155 2e-05
35156 2e-05
35157 2e-05
35158 2e-05
35159 2e-05
35160 2e-05
35161 2e-05
35162 2e-05
35163 2e-05
35164 2e-05
35165 2e-05
35166 2e-05
35167 2e-05
35168 2e-05
35169 2e-05
35170 2e-05
35171 2e-05
35172 2e-05
35173 2e-05
35174 2e-05
35175 2e-05
35176 2e-05
35177 2e-05
35178 2e-05
35179 2e-05
35180 2e-05
35181 2e-05
35182 2e-05
35183 2e-05
35184 2e-05
35185 2e-05
35186 2e-05
35187 2e-05
35188 2e-05
35189 2e-05
35190 2e-05
35191 2e-05
35192 2e-05
35193 2e-05
35194 2e-05
35195 2e-05
35196 2e-05
35197 2e-05
35198 2e-05
35199 2e-05
35200 2e-05
35201 2e-05
35202 2e-05
35203 2e-05
35204 2e-05
35205 2e-05
35206 2e-05
35207 2e-05
35208 2e-05
35209 2e-05
35210 2e-05
35211 2e-05
35212 2e-05
35213 2e-05
35214 2e-05
35215 2e-05
35216 2e-05
35217 2e-05
35218 2e-05
35219 2e-05
35220 2e-05
35221 2e-05
35222 2e-05
35223 2e-05
35224 2e-05
35225 2e-05
35226 2e-05
35227 2e-05
35228 2e-05
35229 2e-05
35230 2e-05
35231 2e-05
35232 2e-05
35233 2e-05
35234 2e-05
35235 2e-05
35236 2e-05
35237 2e-05
35238 2e-05
35239 2e-05
35240 2e-05
35241 2e-05
35242 2e-05
35243 2e-05
35244 2e-05
35245 2e-05
35246 2e-05
35247 2e-05
35248 2e-05
35249 2e-05
35250 2e-05
35251 2e-05
35252 2e-05
35253 2e-05
35254 2e-05
35255 2e-05
35256 2e-05
35257 2e-05
35258 2e-05
35259 2e-05
35260 2e-05
35261 2e-05
35262 2e-05
35263 2e-05
35264 2e-05
35265 2e-05
35266 2e-05
35267 2e-05
35268 2e-05
35269 2e-05
35270 2e-05
35271 2e-05
35272 2e-05
35273 2e-05
35274 2e-05
35275 2e-05
35276 2e-05
35277 2e-05
35278 2e-05
35279 2e-05
35280 2e-05
35281 2e-05
35282 2e-05
35283 2e-05
35284 2e-05
35285 2e-05
35286 2e-05
35287 2e-05
35288 2e-05
35289 2e-05
35290 2e-05
35291 2e-05
35292 2e-05
35293 2e-05
35294 2e-05
35295 2e-05
35296 2e-05
35297 2e-05
35298 2e-05
35299 2e-05
35300 2e-05
35301 2e-05
35302 2e-05
35303 2e-05
35304 2e-05
35305 2e-05
35306 2e-05
35307 2e-05
35308 2e-05
35309 2e-05
35310 2e-05
35311 2e-05
35312 2e-05
35313 2e-05
35314 2e-05
35315 2e-05
35316 2e-05
35317 2e-05
35318 2e-05
35319 2e-05
35320 2e-05
35321 2e-05
35322 2e-05
35323 2e-05
35324 2e-05
35325 2e-05
35326 2e-05
35327 2e-05
35328 2e-05
35329 2e-05
35330 2e-05
35331 2e-05
35332 2e-05
35333 2e-05
35334 2e-05
35335 2e-05
35336 2e-05
35337 2e-05
35338 2e-05
35339 2e-05
35340 2e-05
35341 2e-05
35342 2e-05
35343 2e-05
35344 2e-05
35345 2e-05
35346 2e-05
35347 2e-05
35348 2e-05
35349 2e-05
35350 2e-05
35351 2e-05
35352 2e-05
35353 2e-05
35354 2e-05
35355 2e-05
35356 2e-05
35357 2e-05
35358 2e-05
35359 2e-05
35360 2e-05
35361 2e-05
35362 2e-05
35363 2e-05
35364 2e-05
35365 2e-05
35366 2e-05
35367 2e-05
35368 2e-05
35369 2e-05
35370 2e-05
35371 2e-05
35372 2e-05
35373 2e-05
35374 2e-05
35375 2e-05
35376 2e-05
35377 2e-05
35378 2e-05
35379 2e-05
35380 2e-05
35381 2e-05
35382 2e-05
35383 2e-05
35384 2e-05
35385 2e-05
35386 2e-05
35387 2e-05
35388 2e-05
35389 2e-05
35390 2e-05
35391 2e-05
35392 2e-05
35393 2e-05
35394 2e-05
35395 2e-05
35396 2e-05
35397 2e-05
35398 2e-05
35399 2e-05
35400 2e-05
35401 2e-05
35402 2e-05
35403 2e-05
35404 2e-05
35405 2e-05
35406 2e-05
35407 2e-05
35408 2e-05
35409 2e-05
35410 2e-05
35411 2e-05
35412 2e-05
35413 2e-05
35414 2e-05
35415 2e-05
35416 2e-05
35417 2e-05
35418 2e-05
35419 2e-05
35420 2e-05
35421 2e-05
35422 2e-05
35423 2e-05
35424 2e-05
35425 2e-05
35426 2e-05
35427 2e-05
35428 2e-05
35429 2e-05
35430 2e-05
35431 2e-05
35432 2e-05
35433 2e-05
35434 2e-05
35435 2e-05
35436 2e-05
35437 2e-05
35438 2e-05
35439 2e-05
35440 2e-05
35441 2e-05
35442 2e-05
35443 2e-05
35444 2e-05
35445 2e-05
35446 2e-05
35447 2e-05
35448 2e-05
35449 2e-05
35450 2e-05
35451 2e-05
35452 2e-05
35453 2e-05
35454 2e-05
35455 2e-05
35456 2e-05
35457 2e-05
35458 2e-05
35459 2e-05
35460 2e-05
35461 2e-05
35462 2e-05
35463 2e-05
35464 2e-05
35465 2e-05
35466 2e-05
35467 2e-05
35468 2e-05
35469 2e-05
35470 2e-05
35471 2e-05
35472 2e-05
35473 2e-05
35474 2e-05
35475 2e-05
35476 2e-05
35477 2e-05
35478 2e-05
35479 2e-05
35480 2e-05
35481 2e-05
35482 2e-05
35483 2e-05
35484 2e-05
35485 2e-05
35486 2e-05
35487 2e-05
35488 2e-05
35489 2e-05
35490 2e-05
35491 2e-05
35492 2e-05
35493 2e-05
35494 2e-05
35495 2e-05
35496 2e-05
35497 2e-05
35498 2e-05
35499 2e-05
35500 2e-05
35501 2e-05
35502 2e-05
35503 2e-05
35504 2e-05
35505 2e-05
35506 2e-05
35507 2e-05
35508 2e-05
35509 2e-05
35510 2e-05
35511 2e-05
35512 2e-05
35513 2e-05
35514 2e-05
35515 2e-05
35516 2e-05
35517 2e-05
35518 2e-05
35519 2e-05
35520 2e-05
35521 2e-05
35522 2e-05
35523 2e-05
35524 2e-05
35525 2e-05
35526 2e-05
35527 2e-05
35528 2e-05
35529 2e-05
35530 2e-05
35531 2e-05
35532 2e-05
35533 2e-05
35534 2e-05
35535 2e-05
35536 2e-05
35537 2e-05
35538 2e-05
35539 2e-05
35540 2e-05
35541 2e-05
35542 2e-05
35543 2e-05
35544 2e-05
35545 2e-05
35546 2e-05
35547 2e-05
35548 2e-05
35549 2e-05
35550 2e-05
35551 2e-05
35552 2e-05
35553 2e-05
35554 2e-05
35555 2e-05
35556 2e-05
35557 2e-05
35558 2e-05
35559 2e-05
35560 2e-05
35561 2e-05
35562 2e-05
35563 2e-05
35564 2e-05
35565 2e-05
35566 2e-05
35567 2e-05
35568 2e-05
35569 2e-05
35570 2e-05
35571 2e-05
35572 2e-05
35573 2e-05
35574 2e-05
35575 2e-05
35576 2e-05
35577 2e-05
35578 2e-05
35579 2e-05
35580 2e-05
35581 2e-05
35582 2e-05
35583 2e-05
35584 2e-05
35585 2e-05
35586 2e-05
35587 2e-05
35588 2e-05
35589 2e-05
35590 2e-05
35591 2e-05
35592 2e-05
35593 2e-05
35594 2e-05
35595 2e-05
35596 2e-05
35597 2e-05
35598 2e-05
35599 2e-05
35600 2e-05
35601 2e-05
35602 2e-05
35603 2e-05
35604 2e-05
35605 2e-05
35606 2e-05
35607 2e-05
35608 2e-05
35609 2e-05
35610 2e-05
35611 2e-05
35612 2e-05
35613 2e-05
35614 2e-05
35615 2e-05
35616 2e-05
35617 2e-05
35618 2e-05
35619 2e-05
35620 2e-05
35621 2e-05
35622 2e-05
35623 2e-05
35624 2e-05
35625 2e-05
35626 2e-05
35627 2e-05
35628 2e-05
35629 2e-05
35630 2e-05
35631 2e-05
35632 2e-05
35633 2e-05
35634 2e-05
35635 2e-05
35636 2e-05
35637 2e-05
35638 2e-05
35639 2e-05
35640 2e-05
35641 2e-05
35642 2e-05
35643 2e-05
35644 2e-05
35645 2e-05
35646 2e-05
35647 2e-05
35648 2e-05
35649 2e-05
35650 2e-05
35651 2e-05
35652 2e-05
35653 2e-05
35654 2e-05
35655 2e-05
35656 2e-05
35657 2e-05
35658 2e-05
35659 2e-05
35660 2e-05
35661 2e-05
35662 2e-05
35663 2e-05
35664 2e-05
35665 2e-05
35666 2e-05
35667 2e-05
35668 2e-05
35669 2e-05
35670 2e-05
35671 2e-05
35672 2e-05
35673 2e-05
35674 2e-05
35675 2e-05
35676 2e-05
35677 2e-05
35678 2e-05
35679 2e-05
35680 2e-05
35681 2e-05
35682 2e-05
35683 2e-05
35684 2e-05
35685 2e-05
35686 2e-05
35687 2e-05
35688 2e-05
35689 2e-05
35690 2e-05
35691 2e-05
35692 2e-05
35693 2e-05
35694 2e-05
35695 2e-05
35696 2e-05
35697 2e-05
35698 2e-05
35699 2e-05
35700 2e-05
35701 2e-05
35702 2e-05
35703 2e-05
35704 2e-05
35705 2e-05
35706 2e-05
35707 2e-05
35708 2e-05
35709 2e-05
35710 2e-05
35711 2e-05
35712 2e-05
35713 2e-05
35714 2e-05
35715 2e-05
35716 2e-05
35717 2e-05
35718 2e-05
35719 2e-05
35720 2e-05
35721 2e-05
35722 2e-05
35723 2e-05
35724 2e-05
35725 2e-05
35726 2e-05
35727 2e-05
35728 2e-05
35729 2e-05
35730 2e-05
35731 2e-05
35732 2e-05
35733 2e-05
35734 2e-05
35735 2e-05
35736 2e-05
35737 2e-05
35738 2e-05
35739 2e-05
35740 2e-05
35741 2e-05
35742 2e-05
35743 2e-05
35744 2e-05
35745 2e-05
35746 2e-05
35747 2e-05
35748 2e-05
35749 2e-05
35750 2e-05
35751 2e-05
35752 2e-05
35753 2e-05
35754 2e-05
35755 2e-05
35756 2e-05
35757 2e-05
35758 2e-05
35759 2e-05
35760 2e-05
35761 2e-05
35762 2e-05
35763 2e-05
35764 2e-05
35765 2e-05
35766 2e-05
35767 2e-05
35768 2e-05
35769 2e-05
35770 2e-05
35771 2e-05
35772 2e-05
35773 2e-05
35774 2e-05
35775 2e-05
35776 2e-05
35777 2e-05
35778 2e-05
35779 2e-05
35780 2e-05
35781 2e-05
35782 2e-05
35783 2e-05
35784 2e-05
35785 2e-05
35786 2e-05
35787 2e-05
35788 2e-05
35789 2e-05
35790 2e-05
35791 2e-05
35792 2e-05
35793 2e-05
35794 2e-05
35795 2e-05
35796 2e-05
35797 2e-05
35798 2e-05
35799 2e-05
35800 2e-05
35801 2e-05
35802 2e-05
35803 2e-05
35804 2e-05
35805 2e-05
35806 2e-05
35807 2e-05
35808 2e-05
35809 2e-05
35810 2e-05
35811 2e-05
35812 2e-05
35813 2e-05
35814 2e-05
35815 2e-05
35816 2e-05
35817 2e-05
35818 2e-05
35819 2e-05
35820 2e-05
35821 2e-05
35822 2e-05
35823 2e-05
35824 2e-05
35825 2e-05
35826 2e-05
35827 2e-05
35828 2e-05
35829 2e-05
35830 2e-05
35831 2e-05
35832 2e-05
35833 2e-05
35834 2e-05
35835 2e-05
35836 2e-05
35837 2e-05
35838 2e-05
35839 2e-05
35840 2e-05
35841 2e-05
35842 2e-05
35843 2e-05
35844 2e-05
35845 2e-05
35846 2e-05
35847 2e-05
35848 2e-05
35849 2e-05
35850 2e-05
35851 2e-05
35852 2e-05
35853 2e-05
35854 2e-05
35855 2e-05
35856 2e-05
35857 2e-05
35858 2e-05
35859 2e-05
35860 2e-05
35861 2e-05
35862 2e-05
35863 2e-05
35864 2e-05
35865 2e-05
35866 2e-05
35867 2e-05
35868 2e-05
35869 2e-05
35870 2e-05
35871 2e-05
35872 2e-05
35873 2e-05
35874 2e-05
35875 2e-05
35876 2e-05
35877 2e-05
35878 2e-05
35879 2e-05
35880 2e-05
35881 2e-05
35882 2e-05
35883 2e-05
35884 2e-05
35885 2e-05
35886 2e-05
35887 2e-05
35888 2e-05
35889 2e-05
35890 2e-05
35891 2e-05
35892 2e-05
35893 2e-05
35894 2e-05
35895 2e-05
35896 2e-05
35897 2e-05
35898 2e-05
35899 2e-05
35900 2e-05
35901 2e-05
35902 2e-05
35903 2e-05
35904 2e-05
35905 2e-05
35906 2e-05
35907 2e-05
35908 2e-05
35909 2e-05
35910 2e-05
35911 2e-05
35912 2e-05
35913 2e-05
35914 2e-05
35915 2e-05
35916 2e-05
35917 2e-05
35918 2e-05
35919 2e-05
35920 2e-05
35921 2e-05
35922 2e-05
35923 2e-05
35924 2e-05
35925 2e-05
35926 2e-05
35927 2e-05
35928 2e-05
35929 2e-05
35930 2e-05
35931 2e-05
35932 2e-05
35933 2e-05
35934 2e-05
35935 2e-05
35936 2e-05
35937 2e-05
35938 2e-05
35939 2e-05
35940 2e-05
35941 2e-05
35942 2e-05
35943 2e-05
35944 2e-05
35945 2e-05
35946 2e-05
35947 2e-05
35948 2e-05
35949 2e-05
35950 2e-05
35951 2e-05
35952 2e-05
35953 2e-05
35954 2e-05
35955 2e-05
35956 2e-05
35957 2e-05
35958 2e-05
35959 2e-05
35960 2e-05
35961 2e-05
35962 2e-05
35963 2e-05
35964 2e-05
35965 2e-05
35966 2e-05
35967 2e-05
35968 2e-05
35969 2e-05
35970 2e-05
35971 2e-05
35972 2e-05
35973 2e-05
35974 2e-05
35975 2e-05
35976 2e-05
35977 2e-05
35978 2e-05
35979 2e-05
35980 2e-05
35981 2e-05
35982 2e-05
35983 2e-05
35984 2e-05
35985 2e-05
35986 2e-05
35987 2e-05
35988 2e-05
35989 2e-05
35990 2e-05
35991 2e-05
35992 2e-05
35993 2e-05
35994 2e-05
35995 2e-05
35996 2e-05
35997 2e-05
35998 2e-05
35999 2e-05
36000 2e-05
36001 2e-05
36002 2e-05
36003 2e-05
36004 2e-05
36005 2e-05
36006 2e-05
36007 2e-05
36008 2e-05
36009 2e-05
36010 2e-05
36011 2e-05
36012 2e-05
36013 2e-05
36014 2e-05
36015 2e-05
36016 2e-05
36017 2e-05
36018 2e-05
36019 2e-05
36020 2e-05
36021 2e-05
36022 2e-05
36023 2e-05
36024 2e-05
36025 2e-05
36026 2e-05
36027 2e-05
36028 2e-05
36029 2e-05
36030 2e-05
36031 2e-05
36032 2e-05
36033 2e-05
36034 2e-05
36035 2e-05
36036 2e-05
36037 2e-05
36038 2e-05
36039 2e-05
36040 2e-05
36041 2e-05
36042 2e-05
36043 2e-05
36044 2e-05
36045 2e-05
36046 2e-05
36047 2e-05
36048 2e-05
36049 2e-05
36050 2e-05
36051 2e-05
36052 2e-05
36053 2e-05
36054 2e-05
36055 2e-05
36056 2e-05
36057 2e-05
36058 2e-05
36059 2e-05
36060 2e-05
36061 2e-05
36062 2e-05
36063 2e-05
36064 2e-05
36065 2e-05
36066 2e-05
36067 2e-05
36068 2e-05
36069 2e-05
36070 2e-05
36071 2e-05
36072 2e-05
36073 2e-05
36074 2e-05
36075 2e-05
36076 2e-05
36077 2e-05
36078 2e-05
36079 2e-05
36080 2e-05
36081 2e-05
36082 2e-05
36083 2e-05
36084 2e-05
36085 2e-05
36086 2e-05
36087 2e-05
36088 2e-05
36089 2e-05
36090 2e-05
36091 2e-05
36092 2e-05
36093 2e-05
36094 2e-05
36095 2e-05
36096 2e-05
36097 2e-05
36098 2e-05
36099 2e-05
36100 2e-05
36101 2e-05
36102 2e-05
36103 2e-05
36104 2e-05
36105 2e-05
36106 2e-05
36107 2e-05
36108 2e-05
36109 2e-05
36110 2e-05
36111 2e-05
36112 2e-05
36113 2e-05
36114 2e-05
36115 2e-05
36116 2e-05
36117 2e-05
36118 2e-05
36119 2e-05
36120 2e-05
36121 2e-05
36122 2e-05
36123 2e-05
36124 2e-05
36125 2e-05
36126 2e-05
36127 2e-05
36128 2e-05
36129 2e-05
36130 2e-05
36131 2e-05
36132 2e-05
36133 2e-05
36134 2e-05
36135 2e-05
36136 2e-05
36137 2e-05
36138 2e-05
36139 2e-05
36140 2e-05
36141 2e-05
36142 2e-05
36143 2e-05
36144 2e-05
36145 2e-05
36146 2e-05
36147 2e-05
36148 2e-05
36149 2e-05
36150 2e-05
36151 2e-05
36152 2e-05
36153 2e-05
36154 2e-05
36155 2e-05
36156 2e-05
36157 2e-05
36158 2e-05
36159 2e-05
36160 2e-05
36161 2e-05
36162 2e-05
36163 2e-05
36164 2e-05
36165 2e-05
36166 2e-05
36167 2e-05
36168 2e-05
36169 2e-05
36170 2e-05
36171 2e-05
36172 2e-05
36173 2e-05
36174 2e-05
36175 2e-05
36176 2e-05
36177 2e-05
36178 2e-05
36179 2e-05
36180 2e-05
36181 2e-05
36182 2e-05
36183 2e-05
36184 2e-05
36185 2e-05
36186 2e-05
36187 2e-05
36188 2e-05
36189 2e-05
36190 2e-05
36191 2e-05
36192 2e-05
36193 2e-05
36194 2e-05
36195 2e-05
36196 2e-05
36197 2e-05
36198 2e-05
36199 2e-05
36200 2e-05
36201 2e-05
36202 2e-05
36203 2e-05
36204 2e-05
36205 2e-05
36206 2e-05
36207 2e-05
36208 2e-05
36209 2e-05
36210 2e-05
36211 2e-05
36212 2e-05
36213 2e-05
36214 2e-05
36215 2e-05
36216 2e-05
36217 2e-05
36218 2e-05
36219 2e-05
36220 2e-05
36221 2e-05
36222 2e-05
36223 2e-05
36224 2e-05
36225 2e-05
36226 2e-05
36227 2e-05
36228 2e-05
36229 2e-05
36230 2e-05
36231 2e-05
36232 2e-05
36233 2e-05
36234 2e-05
36235 2e-05
36236 2e-05
36237 2e-05
36238 2e-05
36239 2e-05
36240 2e-05
36241 2e-05
36242 2e-05
36243 2e-05
36244 2e-05
36245 2e-05
36246 2e-05
36247 2e-05
36248 2e-05
36249 2e-05
36250 2e-05
36251 2e-05
36252 2e-05
36253 2e-05
36254 2e-05
36255 2e-05
36256 2e-05
36257 2e-05
36258 2e-05
36259 2e-05
36260 2e-05
36261 2e-05
36262 2e-05
36263 2e-05
36264 2e-05
36265 2e-05
36266 2e-05
36267 2e-05
36268 2e-05
36269 2e-05
36270 2e-05
36271 2e-05
36272 2e-05
36273 2e-05
36274 2e-05
36275 2e-05
36276 2e-05
36277 2e-05
36278 2e-05
36279 2e-05
36280 2e-05
36281 2e-05
36282 2e-05
36283 2e-05
36284 2e-05
36285 2e-05
36286 2e-05
36287 2e-05
36288 2e-05
36289 2e-05
36290 2e-05
36291 2e-05
36292 2e-05
36293 2e-05
36294 2e-05
36295 2e-05
36296 2e-05
36297 2e-05
36298 2e-05
36299 2e-05
36300 2e-05
36301 2e-05
36302 2e-05
36303 2e-05
36304 2e-05
36305 2e-05
36306 2e-05
36307 2e-05
36308 2e-05
36309 2e-05
36310 2e-05
36311 2e-05
36312 2e-05
36313 2e-05
36314 2e-05
36315 2e-05
36316 2e-05
36317 2e-05
36318 2e-05
36319 2e-05
36320 2e-05
36321 2e-05
36322 2e-05
36323 2e-05
36324 2e-05
36325 2e-05
36326 2e-05
36327 2e-05
36328 2e-05
36329 2e-05
36330 2e-05
36331 2e-05
36332 2e-05
36333 2e-05
36334 2e-05
36335 2e-05
36336 2e-05
36337 2e-05
36338 2e-05
36339 2e-05
36340 2e-05
36341 2e-05
36342 2e-05
36343 2e-05
36344 2e-05
36345 2e-05
36346 2e-05
36347 2e-05
36348 2e-05
36349 2e-05
36350 2e-05
36351 2e-05
36352 2e-05
36353 2e-05
36354 2e-05
36355 2e-05
36356 2e-05
36357 2e-05
36358 2e-05
36359 2e-05
36360 2e-05
36361 2e-05
36362 2e-05
36363 2e-05
36364 2e-05
36365 2e-05
36366 2e-05
36367 2e-05
36368 2e-05
36369 2e-05
36370 2e-05
36371 2e-05
36372 2e-05
36373 2e-05
36374 2e-05
36375 2e-05
36376 2e-05
36377 2e-05
36378 2e-05
36379 2e-05
36380 2e-05
36381 2e-05
36382 2e-05
36383 2e-05
36384 2e-05
36385 2e-05
36386 2e-05
36387 2e-05
36388 2e-05
36389 2e-05
36390 2e-05
36391 2e-05
36392 2e-05
36393 2e-05
36394 2e-05
36395 2e-05
36396 2e-05
36397 2e-05
36398 2e-05
36399 2e-05
36400 2e-05
36401 2e-05
36402 2e-05
36403 2e-05
36404 2e-05
36405 2e-05
36406 2e-05
36407 2e-05
36408 2e-05
36409 2e-05
36410 2e-05
36411 2e-05
36412 2e-05
36413 2e-05
36414 2e-05
36415 2e-05
36416 2e-05
36417 2e-05
36418 2e-05
36419 2e-05
36420 2e-05
36421 2e-05
36422 2e-05
36423 2e-05
36424 2e-05
36425 2e-05
36426 2e-05
36427 2e-05
36428 2e-05
36429 2e-05
36430 2e-05
36431 2e-05
36432 2e-05
36433 2e-05
36434 2e-05
36435 2e-05
36436 2e-05
36437 2e-05
36438 2e-05
36439 2e-05
36440 2e-05
36441 2e-05
36442 2e-05
36443 2e-05
36444 2e-05
36445 2e-05
36446 2e-05
36447 2e-05
36448 2e-05
36449 2e-05
36450 2e-05
36451 2e-05
36452 2e-05
36453 2e-05
36454 2e-05
36455 2e-05
36456 2e-05
36457 2e-05
36458 2e-05
36459 2e-05
36460 2e-05
36461 2e-05
36462 2e-05
36463 2e-05
36464 2e-05
36465 2e-05
36466 2e-05
36467 2e-05
36468 2e-05
36469 2e-05
36470 2e-05
36471 2e-05
36472 2e-05
36473 2e-05
36474 2e-05
36475 2e-05
36476 2e-05
36477 2e-05
36478 2e-05
36479 2e-05
36480 2e-05
36481 2e-05
36482 2e-05
36483 2e-05
36484 2e-05
36485 2e-05
36486 2e-05
36487 2e-05
36488 2e-05
36489 2e-05
36490 2e-05
36491 2e-05
36492 2e-05
36493 2e-05
36494 2e-05
36495 2e-05
36496 2e-05
36497 2e-05
36498 2e-05
36499 2e-05
36500 2e-05
36501 2e-05
36502 2e-05
36503 2e-05
36504 2e-05
36505 2e-05
36506 2e-05
36507 2e-05
36508 2e-05
36509 2e-05
36510 2e-05
36511 2e-05
36512 2e-05
36513 2e-05
36514 2e-05
36515 2e-05
36516 2e-05
36517 2e-05
36518 2e-05
36519 2e-05
36520 2e-05
36521 2e-05
36522 2e-05
36523 2e-05
36524 2e-05
36525 2e-05
36526 2e-05
36527 2e-05
36528 2e-05
36529 2e-05
36530 2e-05
36531 2e-05
36532 2e-05
36533 2e-05
36534 2e-05
36535 2e-05
36536 2e-05
36537 2e-05
36538 2e-05
36539 2e-05
36540 2e-05
36541 2e-05
36542 2e-05
36543 2e-05
36544 2e-05
36545 2e-05
36546 2e-05
36547 2e-05
36548 2e-05
36549 2e-05
36550 2e-05
36551 2e-05
36552 2e-05
36553 2e-05
36554 2e-05
36555 2e-05
36556 2e-05
36557 2e-05
36558 2e-05
36559 2e-05
36560 2e-05
36561 2e-05
36562 2e-05
36563 2e-05
36564 2e-05
36565 2e-05
36566 2e-05
36567 2e-05
36568 2e-05
36569 2e-05
36570 2e-05
36571 2e-05
36572 2e-05
36573 2e-05
36574 2e-05
36575 2e-05
36576 2e-05
36577 2e-05
36578 2e-05
36579 2e-05
36580 2e-05
36581 2e-05
36582 2e-05
36583 2e-05
36584 2e-05
36585 2e-05
36586 2e-05
36587 2e-05
36588 2e-05
36589 2e-05
36590 2e-05
36591 2e-05
36592 2e-05
36593 2e-05
36594 2e-05
36595 2e-05
36596 2e-05
36597 2e-05
36598 2e-05
36599 2e-05
36600 2e-05
36601 2e-05
36602 2e-05
36603 2e-05
36604 2e-05
36605 2e-05
36606 2e-05
36607 2e-05
36608 2e-05
36609 2e-05
36610 2e-05
36611 2e-05
36612 2e-05
36613 2e-05
36614 2e-05
36615 2e-05
36616 2e-05
36617 2e-05
36618 2e-05
36619 2e-05
36620 2e-05
36621 2e-05
36622 2e-05
36623 2e-05
36624 2e-05
36625 2e-05
36626 2e-05
36627 2e-05
36628 2e-05
36629 2e-05
36630 2e-05
36631 2e-05
36632 2e-05
36633 2e-05
36634 2e-05
36635 2e-05
36636 2e-05
36637 2e-05
36638 2e-05
36639 2e-05
36640 2e-05
36641 2e-05
36642 2e-05
36643 2e-05
36644 2e-05
36645 2e-05
36646 2e-05
36647 2e-05
36648 2e-05
36649 2e-05
36650 2e-05
36651 2e-05
36652 2e-05
36653 2e-05
36654 2e-05
36655 2e-05
36656 2e-05
36657 2e-05
36658 2e-05
36659 2e-05
36660 2e-05
36661 2e-05
36662 2e-05
36663 2e-05
36664 2e-05
36665 2e-05
36666 2e-05
36667 2e-05
36668 2e-05
36669 2e-05
36670 2e-05
36671 2e-05
36672 2e-05
36673 2e-05
36674 2e-05
36675 2e-05
36676 2e-05
36677 2e-05
36678 2e-05
36679 2e-05
36680 2e-05
36681 2e-05
36682 2e-05
36683 2e-05
36684 2e-05
36685 2e-05
36686 2e-05
36687 2e-05
36688 2e-05
36689 2e-05
36690 2e-05
36691 2e-05
36692 2e-05
36693 2e-05
36694 2e-05
36695 2e-05
36696 2e-05
36697 2e-05
36698 2e-05
36699 2e-05
36700 2e-05
36701 2e-05
36702 2e-05
36703 2e-05
36704 2e-05
36705 2e-05
36706 2e-05
36707 2e-05
36708 2e-05
36709 2e-05
36710 2e-05
36711 2e-05
36712 2e-05
36713 2e-05
36714 2e-05
36715 2e-05
36716 2e-05
36717 2e-05
36718 2e-05
36719 2e-05
36720 2e-05
36721 2e-05
36722 2e-05
36723 2e-05
36724 2e-05
36725 2e-05
36726 2e-05
36727 2e-05
36728 2e-05
36729 2e-05
36730 2e-05
36731 2e-05
36732 2e-05
36733 2e-05
36734 2e-05
36735 2e-05
36736 2e-05
36737 2e-05
36738 2e-05
36739 2e-05
36740 2e-05
36741 2e-05
36742 2e-05
36743 2e-05
36744 2e-05
36745 2e-05
36746 2e-05
36747 2e-05
36748 2e-05
36749 2e-05
36750 2e-05
36751 2e-05
36752 2e-05
36753 2e-05
36754 2e-05
36755 2e-05
36756 2e-05
36757 2e-05
36758 2e-05
36759 2e-05
36760 2e-05
36761 2e-05
36762 2e-05
36763 2e-05
36764 2e-05
36765 2e-05
36766 2e-05
36767 2e-05
36768 2e-05
36769 2e-05
36770 2e-05
36771 2e-05
36772 2e-05
36773 2e-05
36774 2e-05
36775 2e-05
36776 2e-05
36777 2e-05
36778 2e-05
36779 2e-05
36780 2e-05
36781 2e-05
36782 2e-05
36783 2e-05
36784 2e-05
36785 2e-05
36786 2e-05
36787 2e-05
36788 2e-05
36789 2e-05
36790 2e-05
36791 2e-05
36792 2e-05
36793 2e-05
36794 2e-05
36795 2e-05
36796 2e-05
36797 2e-05
36798 2e-05
36799 2e-05
36800 2e-05
36801 2e-05
36802 2e-05
36803 2e-05
36804 2e-05
36805 2e-05
36806 2e-05
36807 2e-05
36808 2e-05
36809 2e-05
36810 2e-05
36811 2e-05
36812 2e-05
36813 2e-05
36814 2e-05
36815 2e-05
36816 2e-05
36817 2e-05
36818 2e-05
36819 2e-05
36820 2e-05
36821 2e-05
36822 2e-05
36823 2e-05
36824 2e-05
36825 2e-05
36826 2e-05
36827 2e-05
36828 2e-05
36829 2e-05
36830 2e-05
36831 2e-05
36832 2e-05
36833 2e-05
36834 2e-05
36835 2e-05
36836 2e-05
36837 2e-05
36838 2e-05
36839 2e-05
36840 2e-05
36841 2e-05
36842 2e-05
36843 2e-05
36844 2e-05
36845 2e-05
36846 2e-05
36847 2e-05
36848 2e-05
36849 2e-05
36850 2e-05
36851 2e-05
36852 2e-05
36853 2e-05
36854 2e-05
36855 2e-05
36856 2e-05
36857 2e-05
36858 2e-05
36859 2e-05
36860 2e-05
36861 2e-05
36862 2e-05
36863 2e-05
36864 2e-05
36865 2e-05
36866 2e-05
36867 2e-05
36868 2e-05
36869 2e-05
36870 2e-05
36871 2e-05
36872 2e-05
36873 2e-05
36874 2e-05
36875 2e-05
36876 2e-05
36877 2e-05
36878 2e-05
36879 2e-05
36880 2e-05
36881 2e-05
36882 2e-05
36883 2e-05
36884 2e-05
36885 2e-05
36886 2e-05
36887 2e-05
36888 2e-05
36889 2e-05
36890 2e-05
36891 2e-05
36892 2e-05
36893 2e-05
36894 2e-05
36895 2e-05
36896 2e-05
36897 2e-05
36898 2e-05
36899 2e-05
36900 2e-05
36901 2e-05
36902 2e-05
36903 2e-05
36904 2e-05
36905 2e-05
36906 2e-05
36907 2e-05
36908 2e-05
36909 2e-05
36910 2e-05
36911 2e-05
36912 2e-05
36913 2e-05
36914 2e-05
36915 2e-05
36916 2e-05
36917 2e-05
36918 2e-05
36919 2e-05
36920 2e-05
36921 2e-05
36922 2e-05
36923 2e-05
36924 2e-05
36925 2e-05
36926 2e-05
36927 2e-05
36928 2e-05
36929 2e-05
36930 2e-05
36931 2e-05
36932 2e-05
36933 2e-05
36934 2e-05
36935 2e-05
36936 2e-05
36937 2e-05
36938 2e-05
36939 2e-05
36940 2e-05
36941 2e-05
36942 2e-05
36943 2e-05
36944 2e-05
36945 2e-05
36946 2e-05
36947 2e-05
36948 2e-05
36949 2e-05
36950 2e-05
36951 2e-05
36952 2e-05
36953 2e-05
36954 2e-05
36955 2e-05
36956 2e-05
36957 2e-05
36958 2e-05
36959 2e-05
36960 2e-05
36961 2e-05
36962 2e-05
36963 2e-05
36964 2e-05
36965 2e-05
36966 2e-05
36967 2e-05
36968 2e-05
36969 2e-05
36970 2e-05
36971 2e-05
36972 2e-05
36973 2e-05
36974 2e-05
36975 2e-05
36976 2e-05
36977 2e-05
36978 2e-05
36979 2e-05
36980 2e-05
36981 2e-05
36982 2e-05
36983 2e-05
36984 2e-05
36985 2e-05
36986 2e-05
36987 2e-05
36988 2e-05
36989 2e-05
36990 2e-05
36991 2e-05
36992 2e-05
36993 2e-05
36994 2e-05
36995 2e-05
36996 2e-05
36997 2e-05
36998 2e-05
36999 2e-05
37000 2e-05
37001 2e-05
37002 2e-05
37003 2e-05
37004 2e-05
37005 2e-05
37006 2e-05
37007 2e-05
37008 2e-05
37009 2e-05
37010 2e-05
37011 2e-05
37012 2e-05
37013 2e-05
37014 2e-05
37015 2e-05
37016 2e-05
37017 2e-05
37018 2e-05
37019 2e-05
37020 2e-05
37021 2e-05
37022 2e-05
37023 2e-05
37024 2e-05
37025 2e-05
37026 2e-05
37027 2e-05
37028 2e-05
37029 2e-05
37030 2e-05
37031 2e-05
37032 2e-05
37033 2e-05
37034 2e-05
37035 2e-05
37036 2e-05
37037 2e-05
37038 2e-05
37039 2e-05
37040 2e-05
37041 2e-05
37042 2e-05
37043 2e-05
37044 2e-05
37045 2e-05
37046 2e-05
37047 2e-05
37048 2e-05
37049 2e-05
37050 2e-05
37051 2e-05
37052 2e-05
37053 2e-05
37054 2e-05
37055 2e-05
37056 2e-05
37057 2e-05
37058 2e-05
37059 2e-05
37060 2e-05
37061 2e-05
37062 2e-05
37063 2e-05
37064 2e-05
37065 2e-05
37066 2e-05
37067 2e-05
37068 2e-05
37069 2e-05
37070 2e-05
37071 2e-05
37072 2e-05
37073 2e-05
37074 2e-05
37075 2e-05
37076 2e-05
37077 2e-05
37078 2e-05
37079 2e-05
37080 2e-05
37081 2e-05
37082 2e-05
37083 2e-05
37084 2e-05
37085 2e-05
37086 2e-05
37087 2e-05
37088 2e-05
37089 2e-05
37090 2e-05
37091 2e-05
37092 2e-05
37093 2e-05
37094 2e-05
37095 2e-05
37096 2e-05
37097 2e-05
37098 2e-05
37099 2e-05
37100 2e-05
37101 2e-05
37102 2e-05
37103 2e-05
37104 2e-05
37105 2e-05
37106 2e-05
37107 2e-05
37108 2e-05
37109 2e-05
37110 2e-05
37111 2e-05
37112 2e-05
37113 2e-05
37114 2e-05
37115 2e-05
37116 2e-05
37117 2e-05
37118 2e-05
37119 2e-05
37120 2e-05
37121 2e-05
37122 2e-05
37123 2e-05
37124 2e-05
37125 2e-05
37126 2e-05
37127 2e-05
37128 2e-05
37129 2e-05
37130 2e-05
37131 2e-05
37132 2e-05
37133 2e-05
37134 2e-05
37135 2e-05
37136 2e-05
37137 2e-05
37138 2e-05
37139 2e-05
37140 2e-05
37141 2e-05
37142 2e-05
37143 2e-05
37144 2e-05
37145 2e-05
37146 2e-05
37147 2e-05
37148 2e-05
37149 2e-05
37150 2e-05
37151 2e-05
37152 2e-05
37153 2e-05
37154 2e-05
37155 2e-05
37156 2e-05
37157 2e-05
37158 2e-05
37159 2e-05
37160 2e-05
37161 2e-05
37162 2e-05
37163 2e-05
37164 2e-05
37165 2e-05
37166 2e-05
37167 2e-05
37168 2e-05
37169 2e-05
37170 2e-05
37171 2e-05
37172 2e-05
37173 2e-05
37174 2e-05
37175 2e-05
37176 2e-05
37177 2e-05
37178 2e-05
37179 2e-05
37180 2e-05
37181 2e-05
37182 2e-05
37183 2e-05
37184 2e-05
37185 2e-05
37186 2e-05
37187 2e-05
37188 2e-05
37189 2e-05
37190 2e-05
37191 2e-05
37192 2e-05
37193 2e-05
37194 2e-05
37195 2e-05
37196 2e-05
37197 2e-05
37198 2e-05
37199 2e-05
37200 2e-05
37201 2e-05
37202 2e-05
37203 2e-05
37204 2e-05
37205 2e-05
37206 2e-05
37207 2e-05
37208 2e-05
37209 2e-05
37210 2e-05
37211 2e-05
37212 2e-05
37213 2e-05
37214 2e-05
37215 2e-05
37216 2e-05
37217 2e-05
37218 2e-05
37219 2e-05
37220 2e-05
37221 2e-05
37222 2e-05
37223 2e-05
37224 2e-05
37225 2e-05
37226 2e-05
37227 2e-05
37228 2e-05
37229 2e-05
37230 2e-05
37231 2e-05
37232 2e-05
37233 2e-05
37234 2e-05
37235 2e-05
37236 2e-05
37237 2e-05
37238 2e-05
37239 2e-05
37240 2e-05
37241 2e-05
37242 2e-05
37243 2e-05
37244 2e-05
37245 2e-05
37246 2e-05
37247 2e-05
37248 2e-05
37249 2e-05
37250 2e-05
37251 2e-05
37252 2e-05
37253 2e-05
37254 2e-05
37255 2e-05
37256 2e-05
37257 2e-05
37258 2e-05
37259 2e-05
37260 2e-05
37261 2e-05
37262 2e-05
37263 2e-05
37264 2e-05
37265 2e-05
37266 2e-05
37267 2e-05
37268 2e-05
37269 2e-05
37270 2e-05
37271 2e-05
37272 2e-05
37273 2e-05
37274 2e-05
37275 2e-05
37276 2e-05
37277 2e-05
37278 2e-05
37279 2e-05
37280 2e-05
37281 2e-05
37282 2e-05
37283 2e-05
37284 2e-05
37285 2e-05
37286 2e-05
37287 2e-05
37288 2e-05
37289 2e-05
37290 2e-05
37291 2e-05
37292 2e-05
37293 2e-05
37294 2e-05
37295 2e-05
37296 2e-05
37297 2e-05
37298 2e-05
37299 2e-05
37300 2e-05
37301 2e-05
37302 2e-05
37303 2e-05
37304 2e-05
37305 2e-05
37306 2e-05
37307 2e-05
37308 2e-05
37309 2e-05
37310 2e-05
37311 2e-05
37312 2e-05
37313 2e-05
37314 2e-05
37315 2e-05
37316 2e-05
37317 2e-05
37318 2e-05
37319 2e-05
37320 2e-05
37321 2e-05
37322 2e-05
37323 2e-05
37324 2e-05
37325 2e-05
37326 2e-05
37327 2e-05
37328 2e-05
37329 2e-05
37330 2e-05
37331 2e-05
37332 2e-05
37333 2e-05
37334 2e-05
37335 2e-05
37336 2e-05
37337 2e-05
37338 2e-05
37339 2e-05
37340 2e-05
37341 2e-05
37342 2e-05
37343 2e-05
37344 2e-05
37345 2e-05
37346 2e-05
37347 2e-05
37348 2e-05
37349 2e-05
37350 2e-05
37351 2e-05
37352 2e-05
37353 2e-05
37354 2e-05
37355 2e-05
37356 2e-05
37357 2e-05
37358 2e-05
37359 2e-05
37360 2e-05
37361 2e-05
37362 2e-05
37363 2e-05
37364 2e-05
37365 2e-05
37366 2e-05
37367 2e-05
37368 2e-05
37369 2e-05
37370 2e-05
37371 2e-05
37372 2e-05
37373 2e-05
37374 2e-05
37375 2e-05
37376 2e-05
37377 2e-05
37378 2e-05
37379 2e-05
37380 2e-05
37381 2e-05
37382 2e-05
37383 2e-05
37384 2e-05
37385 2e-05
37386 2e-05
37387 2e-05
37388 2e-05
37389 2e-05
37390 2e-05
37391 2e-05
37392 2e-05
37393 2e-05
37394 2e-05
37395 2e-05
37396 2e-05
37397 2e-05
37398 2e-05
37399 2e-05
37400 2e-05
37401 2e-05
37402 2e-05
37403 2e-05
37404 2e-05
37405 2e-05
37406 2e-05
37407 2e-05
37408 2e-05
37409 2e-05
37410 2e-05
37411 2e-05
37412 2e-05
37413 2e-05
37414 2e-05
37415 2e-05
37416 2e-05
37417 2e-05
37418 2e-05
37419 2e-05
37420 2e-05
37421 2e-05
37422 2e-05
37423 2e-05
37424 2e-05
37425 2e-05
37426 2e-05
37427 2e-05
37428 2e-05
37429 2e-05
37430 2e-05
37431 2e-05
37432 2e-05
37433 2e-05
37434 2e-05
37435 2e-05
37436 2e-05
37437 2e-05
37438 2e-05
37439 2e-05
37440 2e-05
37441 2e-05
37442 2e-05
37443 2e-05
37444 2e-05
37445 2e-05
37446 2e-05
37447 2e-05
37448 2e-05
37449 2e-05
37450 2e-05
37451 2e-05
37452 2e-05
37453 2e-05
37454 2e-05
37455 2e-05
37456 2e-05
37457 2e-05
37458 2e-05
37459 2e-05
37460 2e-05
37461 2e-05
37462 2e-05
37463 2e-05
37464 2e-05
37465 2e-05
37466 2e-05
37467 2e-05
37468 2e-05
37469 2e-05
37470 2e-05
37471 2e-05
37472 2e-05
37473 2e-05
37474 2e-05
37475 2e-05
37476 2e-05
37477 2e-05
37478 2e-05
37479 2e-05
37480 2e-05
37481 2e-05
37482 2e-05
37483 2e-05
37484 2e-05
37485 2e-05
37486 2e-05
37487 2e-05
37488 2e-05
37489 2e-05
37490 2e-05
37491 2e-05
37492 2e-05
37493 2e-05
37494 2e-05
37495 2e-05
37496 2e-05
37497 2e-05
37498 2e-05
37499 2e-05
37500 2e-05
37501 2e-05
37502 2e-05
37503 2e-05
37504 2e-05
37505 2e-05
37506 2e-05
37507 2e-05
37508 2e-05
37509 2e-05
37510 2e-05
37511 2e-05
37512 2e-05
37513 2e-05
37514 2e-05
37515 2e-05
37516 2e-05
37517 2e-05
37518 2e-05
37519 2e-05
37520 2e-05
37521 2e-05
37522 2e-05
37523 2e-05
37524 2e-05
37525 2e-05
37526 2e-05
37527 2e-05
37528 2e-05
37529 2e-05
37530 2e-05
37531 2e-05
37532 2e-05
37533 2e-05
37534 2e-05
37535 2e-05
37536 2e-05
37537 2e-05
37538 2e-05
37539 2e-05
37540 2e-05
37541 2e-05
37542 2e-05
37543 2e-05
37544 2e-05
37545 2e-05
37546 2e-05
37547 2e-05
37548 2e-05
37549 2e-05
37550 2e-05
37551 2e-05
37552 2e-05
37553 2e-05
37554 2e-05
37555 2e-05
37556 2e-05
37557 2e-05
37558 2e-05
37559 2e-05
37560 2e-05
37561 2e-05
37562 2e-05
37563 2e-05
37564 2e-05
37565 2e-05
37566 2e-05
37567 2e-05
37568 2e-05
37569 2e-05
37570 2e-05
37571 2e-05
37572 2e-05
37573 2e-05
37574 2e-05
37575 2e-05
37576 2e-05
37577 2e-05
37578 2e-05
37579 2e-05
37580 2e-05
37581 2e-05
37582 2e-05
37583 2e-05
37584 2e-05
37585 2e-05
37586 2e-05
37587 2e-05
37588 2e-05
37589 2e-05
37590 2e-05
37591 2e-05
37592 2e-05
37593 2e-05
37594 2e-05
37595 2e-05
37596 2e-05
37597 2e-05
37598 2e-05
37599 2e-05
37600 2e-05
37601 2e-05
37602 2e-05
37603 2e-05
37604 2e-05
37605 2e-05
37606 2e-05
37607 2e-05
37608 2e-05
37609 2e-05
37610 2e-05
37611 2e-05
37612 2e-05
37613 2e-05
37614 2e-05
37615 2e-05
37616 2e-05
37617 2e-05
37618 2e-05
37619 2e-05
37620 2e-05
37621 2e-05
37622 2e-05
37623 2e-05
37624 2e-05
37625 2e-05
37626 2e-05
37627 2e-05
37628 2e-05
37629 2e-05
37630 2e-05
37631 2e-05
37632 2e-05
37633 2e-05
37634 2e-05
37635 2e-05
37636 2e-05
37637 2e-05
37638 2e-05
37639 2e-05
37640 2e-05
37641 2e-05
37642 2e-05
37643 2e-05
37644 2e-05
37645 2e-05
37646 2e-05
37647 2e-05
37648 2e-05
37649 2e-05
37650 2e-05
37651 2e-05
37652 2e-05
37653 2e-05
37654 2e-05
37655 2e-05
37656 2e-05
37657 2e-05
37658 2e-05
37659 2e-05
37660 2e-05
37661 2e-05
37662 2e-05
37663 2e-05
37664 2e-05
37665 2e-05
37666 2e-05
37667 2e-05
37668 2e-05
37669 2e-05
37670 2e-05
37671 2e-05
37672 2e-05
37673 2e-05
37674 2e-05
37675 2e-05
37676 2e-05
37677 2e-05
37678 2e-05
37679 2e-05
37680 2e-05
37681 2e-05
37682 2e-05
37683 2e-05
37684 2e-05
37685 2e-05
37686 2e-05
37687 2e-05
37688 2e-05
37689 2e-05
37690 2e-05
37691 2e-05
37692 2e-05
37693 2e-05
37694 2e-05
37695 2e-05
37696 2e-05
37697 2e-05
37698 2e-05
37699 2e-05
37700 2e-05
37701 2e-05
37702 2e-05
37703 2e-05
37704 2e-05
37705 2e-05
37706 2e-05
37707 2e-05
37708 2e-05
37709 2e-05
37710 2e-05
37711 2e-05
37712 2e-05
37713 2e-05
37714 2e-05
37715 2e-05
37716 2e-05
37717 2e-05
37718 2e-05
37719 2e-05
37720 2e-05
37721 2e-05
37722 2e-05
37723 2e-05
37724 2e-05
37725 2e-05
37726 2e-05
37727 2e-05
37728 2e-05
37729 2e-05
37730 2e-05
37731 2e-05
37732 2e-05
37733 2e-05
37734 2e-05
37735 2e-05
37736 2e-05
37737 2e-05
37738 2e-05
37739 2e-05
37740 2e-05
37741 2e-05
37742 2e-05
37743 2e-05
37744 2e-05
37745 2e-05
37746 2e-05
37747 2e-05
37748 2e-05
37749 2e-05
37750 2e-05
37751 2e-05
37752 2e-05
37753 2e-05
37754 2e-05
37755 2e-05
37756 2e-05
37757 2e-05
37758 2e-05
37759 2e-05
37760 2e-05
37761 2e-05
37762 2e-05
37763 2e-05
37764 2e-05
37765 2e-05
37766 2e-05
37767 2e-05
37768 2e-05
37769 2e-05
37770 2e-05
37771 2e-05
37772 2e-05
37773 2e-05
37774 2e-05
37775 2e-05
37776 2e-05
37777 2e-05
37778 2e-05
37779 2e-05
37780 2e-05
37781 2e-05
37782 2e-05
37783 2e-05
37784 2e-05
37785 2e-05
37786 2e-05
37787 2e-05
37788 2e-05
37789 2e-05
37790 2e-05
37791 2e-05
37792 2e-05
37793 2e-05
37794 2e-05
37795 2e-05
37796 2e-05
37797 2e-05
37798 2e-05
37799 2e-05
37800 2e-05
37801 2e-05
37802 2e-05
37803 2e-05
37804 2e-05
37805 2e-05
37806 2e-05
37807 2e-05
37808 2e-05
37809 2e-05
37810 2e-05
37811 2e-05
37812 2e-05
37813 2e-05
37814 2e-05
37815 2e-05
37816 2e-05
37817 2e-05
37818 2e-05
37819 2e-05
37820 2e-05
37821 2e-05
37822 2e-05
37823 2e-05
37824 2e-05
37825 2e-05
37826 2e-05
37827 2e-05
37828 2e-05
37829 2e-05
37830 2e-05
37831 2e-05
37832 2e-05
37833 2e-05
37834 2e-05
37835 2e-05
37836 2e-05
37837 2e-05
37838 2e-05
37839 2e-05
37840 2e-05
37841 2e-05
37842 2e-05
37843 2e-05
37844 2e-05
37845 2e-05
37846 2e-05
37847 2e-05
37848 2e-05
37849 2e-05
37850 2e-05
37851 2e-05
37852 2e-05
37853 2e-05
37854 2e-05
37855 2e-05
37856 2e-05
37857 2e-05
37858 2e-05
37859 2e-05
37860 2e-05
37861 2e-05
37862 2e-05
37863 2e-05
37864 2e-05
37865 2e-05
37866 2e-05
37867 2e-05
37868 2e-05
37869 2e-05
37870 2e-05
37871 2e-05
37872 2e-05
37873 2e-05
37874 2e-05
37875 2e-05
37876 2e-05
37877 2e-05
37878 2e-05
37879 2e-05
37880 2e-05
37881 2e-05
37882 2e-05
37883 2e-05
37884 2e-05
37885 2e-05
37886 2e-05
37887 2e-05
37888 2e-05
37889 2e-05
37890 2e-05
37891 2e-05
37892 2e-05
37893 2e-05
37894 2e-05
37895 2e-05
37896 2e-05
37897 2e-05
37898 2e-05
37899 2e-05
37900 2e-05
37901 2e-05
37902 2e-05
37903 2e-05
37904 2e-05
37905 2e-05
37906 2e-05
37907 2e-05
37908 2e-05
37909 2e-05
37910 2e-05
37911 2e-05
37912 2e-05
37913 2e-05
37914 2e-05
37915 2e-05
37916 2e-05
37917 2e-05
37918 2e-05
37919 2e-05
37920 2e-05
37921 2e-05
37922 2e-05
37923 2e-05
37924 2e-05
37925 2e-05
37926 2e-05
37927 2e-05
37928 2e-05
37929 2e-05
37930 2e-05
37931 2e-05
37932 2e-05
37933 2e-05
37934 2e-05
37935 2e-05
37936 2e-05
37937 2e-05
37938 2e-05
37939 2e-05
37940 2e-05
37941 2e-05
37942 2e-05
37943 2e-05
37944 2e-05
37945 2e-05
37946 2e-05
37947 2e-05
37948 2e-05
37949 2e-05
37950 2e-05
37951 2e-05
37952 2e-05
37953 2e-05
37954 2e-05
37955 2e-05
37956 2e-05
37957 2e-05
37958 2e-05
37959 2e-05
37960 2e-05
37961 2e-05
37962 2e-05
37963 2e-05
37964 2e-05
37965 2e-05
37966 2e-05
37967 2e-05
37968 2e-05
37969 2e-05
37970 2e-05
37971 2e-05
37972 2e-05
37973 2e-05
37974 2e-05
37975 2e-05
37976 2e-05
37977 2e-05
37978 2e-05
37979 2e-05
37980 2e-05
37981 2e-05
37982 2e-05
37983 2e-05
37984 2e-05
37985 2e-05
37986 2e-05
37987 2e-05
37988 2e-05
37989 2e-05
37990 2e-05
37991 2e-05
37992 2e-05
37993 2e-05
37994 2e-05
37995 2e-05
37996 2e-05
37997 2e-05
37998 2e-05
37999 2e-05
38000 2e-05
38001 2e-05
38002 2e-05
38003 2e-05
38004 2e-05
38005 2e-05
38006 2e-05
38007 2e-05
38008 2e-05
38009 2e-05
38010 2e-05
38011 2e-05
38012 2e-05
38013 2e-05
38014 2e-05
38015 2e-05
38016 2e-05
38017 2e-05
38018 2e-05
38019 2e-05
38020 2e-05
38021 2e-05
38022 2e-05
38023 2e-05
38024 2e-05
38025 2e-05
38026 2e-05
38027 2e-05
38028 2e-05
38029 2e-05
38030 2e-05
38031 2e-05
38032 2e-05
38033 2e-05
38034 2e-05
38035 2e-05
38036 2e-05
38037 2e-05
38038 2e-05
38039 2e-05
38040 2e-05
38041 2e-05
38042 2e-05
38043 2e-05
38044 2e-05
38045 2e-05
38046 2e-05
38047 2e-05
38048 2e-05
38049 2e-05
38050 2e-05
38051 2e-05
38052 2e-05
38053 2e-05
38054 2e-05
38055 2e-05
38056 2e-05
38057 2e-05
38058 2e-05
38059 2e-05
38060 2e-05
38061 2e-05
38062 2e-05
38063 2e-05
38064 2e-05
38065 2e-05
38066 2e-05
38067 2e-05
38068 2e-05
38069 2e-05
38070 2e-05
38071 2e-05
38072 2e-05
38073 2e-05
38074 2e-05
38075 2e-05
38076 2e-05
38077 2e-05
38078 2e-05
38079 2e-05
38080 2e-05
38081 2e-05
38082 2e-05
38083 2e-05
38084 2e-05
38085 2e-05
38086 2e-05
38087 2e-05
38088 2e-05
38089 2e-05
38090 2e-05
38091 2e-05
38092 2e-05
38093 2e-05
38094 2e-05
38095 2e-05
38096 2e-05
38097 2e-05
38098 2e-05
38099 2e-05
38100 2e-05
38101 2e-05
38102 2e-05
38103 2e-05
38104 2e-05
38105 2e-05
38106 2e-05
38107 2e-05
38108 2e-05
38109 2e-05
38110 2e-05
38111 2e-05
38112 2e-05
38113 2e-05
38114 2e-05
38115 2e-05
38116 2e-05
38117 2e-05
38118 2e-05
38119 2e-05
38120 2e-05
38121 2e-05
38122 2e-05
38123 2e-05
38124 2e-05
38125 2e-05
38126 2e-05
38127 2e-05
38128 2e-05
38129 2e-05
38130 2e-05
38131 2e-05
38132 2e-05
38133 2e-05
38134 2e-05
38135 2e-05
38136 2e-05
38137 2e-05
38138 2e-05
38139 2e-05
38140 2e-05
38141 2e-05
38142 2e-05
38143 2e-05
38144 2e-05
38145 2e-05
38146 2e-05
38147 2e-05
38148 2e-05
38149 2e-05
38150 2e-05
38151 2e-05
38152 2e-05
38153 2e-05
38154 2e-05
38155 2e-05
38156 2e-05
38157 2e-05
38158 2e-05
38159 2e-05
38160 2e-05
38161 2e-05
38162 2e-05
38163 2e-05
38164 2e-05
38165 2e-05
38166 2e-05
38167 2e-05
38168 2e-05
38169 2e-05
38170 2e-05
38171 2e-05
38172 2e-05
38173 2e-05
38174 2e-05
38175 2e-05
38176 2e-05
38177 2e-05
38178 2e-05
38179 2e-05
38180 2e-05
38181 2e-05
38182 2e-05
38183 2e-05
38184 2e-05
38185 2e-05
38186 2e-05
38187 2e-05
38188 2e-05
38189 2e-05
38190 2e-05
38191 2e-05
38192 2e-05
38193 2e-05
38194 2e-05
38195 2e-05
38196 2e-05
38197 2e-05
38198 2e-05
38199 2e-05
38200 2e-05
38201 2e-05
38202 2e-05
38203 2e-05
38204 2e-05
38205 2e-05
38206 2e-05
38207 2e-05
38208 2e-05
38209 2e-05
38210 2e-05
38211 2e-05
38212 2e-05
38213 2e-05
38214 2e-05
38215 2e-05
38216 2e-05
38217 2e-05
38218 2e-05
38219 2e-05
38220 2e-05
38221 2e-05
38222 2e-05
38223 2e-05
38224 2e-05
38225 2e-05
38226 2e-05
38227 2e-05
38228 2e-05
38229 2e-05
38230 2e-05
38231 2e-05
38232 2e-05
38233 2e-05
38234 2e-05
38235 2e-05
38236 2e-05
38237 2e-05
38238 2e-05
38239 2e-05
38240 2e-05
38241 2e-05
38242 2e-05
38243 2e-05
38244 2e-05
38245 2e-05
38246 2e-05
38247 2e-05
38248 2e-05
38249 2e-05
38250 2e-05
38251 2e-05
38252 2e-05
38253 2e-05
38254 2e-05
38255 2e-05
38256 2e-05
38257 2e-05
38258 2e-05
38259 2e-05
38260 2e-05
38261 2e-05
38262 2e-05
38263 2e-05
38264 2e-05
38265 2e-05
38266 2e-05
38267 2e-05
38268 2e-05
38269 2e-05
38270 2e-05
38271 2e-05
38272 2e-05
38273 2e-05
38274 2e-05
38275 2e-05
38276 2e-05
38277 2e-05
38278 2e-05
38279 2e-05
38280 2e-05
38281 2e-05
38282 2e-05
38283 2e-05
38284 2e-05
38285 2e-05
38286 2e-05
38287 2e-05
38288 2e-05
38289 2e-05
38290 2e-05
38291 2e-05
38292 2e-05
38293 2e-05
38294 2e-05
38295 2e-05
38296 2e-05
38297 2e-05
38298 2e-05
38299 2e-05
38300 2e-05
38301 2e-05
38302 2e-05
38303 2e-05
38304 2e-05
38305 2e-05
38306 2e-05
38307 2e-05
38308 2e-05
38309 2e-05
38310 2e-05
38311 2e-05
38312 2e-05
38313 2e-05
38314 2e-05
38315 2e-05
38316 2e-05
38317 2e-05
38318 2e-05
38319 2e-05
38320 2e-05
38321 2e-05
38322 2e-05
38323 2e-05
38324 2e-05
38325 2e-05
38326 2e-05
38327 2e-05
38328 2e-05
38329 2e-05
38330 2e-05
38331 2e-05
38332 2e-05
38333 2e-05
38334 2e-05
38335 2e-05
38336 2e-05
38337 2e-05
38338 2e-05
38339 2e-05
38340 2e-05
38341 2e-05
38342 2e-05
38343 2e-05
38344 2e-05
38345 2e-05
38346 2e-05
38347 2e-05
38348 2e-05
38349 2e-05
38350 2e-05
38351 2e-05
38352 2e-05
38353 2e-05
38354 2e-05
38355 2e-05
38356 2e-05
38357 2e-05
38358 2e-05
38359 2e-05
38360 2e-05
38361 2e-05
38362 2e-05
38363 2e-05
38364 2e-05
38365 2e-05
38366 2e-05
38367 2e-05
38368 2e-05
38369 2e-05
38370 2e-05
38371 2e-05
38372 2e-05
38373 2e-05
38374 2e-05
38375 2e-05
38376 2e-05
38377 2e-05
38378 2e-05
38379 2e-05
38380 2e-05
38381 2e-05
38382 2e-05
38383 2e-05
38384 2e-05
38385 2e-05
38386 2e-05
38387 2e-05
38388 2e-05
38389 2e-05
38390 2e-05
38391 2e-05
38392 2e-05
38393 2e-05
38394 2e-05
38395 2e-05
38396 2e-05
38397 2e-05
38398 2e-05
38399 2e-05
38400 2e-05
38401 2e-05
38402 2e-05
38403 2e-05
38404 2e-05
38405 2e-05
38406 2e-05
38407 2e-05
38408 2e-05
38409 2e-05
38410 2e-05
38411 2e-05
38412 2e-05
38413 2e-05
38414 2e-05
38415 2e-05
38416 2e-05
38417 2e-05
38418 2e-05
38419 2e-05
38420 2e-05
38421 2e-05
38422 2e-05
38423 2e-05
38424 2e-05
38425 2e-05
38426 2e-05
38427 2e-05
38428 2e-05
38429 2e-05
38430 2e-05
38431 2e-05
38432 2e-05
38433 2e-05
38434 2e-05
38435 2e-05
38436 2e-05
38437 2e-05
38438 2e-05
38439 2e-05
38440 2e-05
38441 2e-05
38442 2e-05
38443 2e-05
38444 2e-05
38445 2e-05
38446 2e-05
38447 2e-05
38448 2e-05
38449 2e-05
38450 2e-05
38451 2e-05
38452 2e-05
38453 2e-05
38454 2e-05
38455 2e-05
38456 2e-05
38457 2e-05
38458 2e-05
38459 2e-05
38460 2e-05
38461 2e-05
38462 2e-05
38463 2e-05
38464 2e-05
38465 2e-05
38466 2e-05
38467 2e-05
38468 2e-05
38469 2e-05
38470 2e-05
38471 2e-05
38472 2e-05
38473 2e-05
38474 2e-05
38475 2e-05
38476 2e-05
38477 2e-05
38478 2e-05
38479 2e-05
38480 2e-05
38481 2e-05
38482 2e-05
38483 2e-05
38484 2e-05
38485 2e-05
38486 2e-05
38487 2e-05
38488 2e-05
38489 2e-05
38490 2e-05
38491 2e-05
38492 2e-05
38493 2e-05
38494 2e-05
38495 2e-05
38496 2e-05
38497 2e-05
38498 2e-05
38499 2e-05
38500 2e-05
38501 2e-05
38502 2e-05
38503 2e-05
38504 2e-05
38505 2e-05
38506 2e-05
38507 2e-05
38508 2e-05
38509 2e-05
38510 2e-05
38511 2e-05
38512 2e-05
38513 2e-05
38514 2e-05
38515 2e-05
38516 2e-05
38517 2e-05
38518 2e-05
38519 2e-05
38520 2e-05
38521 2e-05
38522 2e-05
38523 2e-05
38524 2e-05
38525 2e-05
38526 2e-05
38527 2e-05
38528 2e-05
38529 2e-05
38530 2e-05
38531 2e-05
38532 2e-05
38533 2e-05
38534 2e-05
38535 2e-05
38536 2e-05
38537 2e-05
38538 2e-05
38539 2e-05
38540 2e-05
38541 2e-05
38542 2e-05
38543 2e-05
38544 2e-05
38545 2e-05
38546 2e-05
38547 2e-05
38548 2e-05
38549 2e-05
38550 2e-05
38551 2e-05
38552 2e-05
38553 2e-05
38554 2e-05
38555 2e-05
38556 2e-05
38557 2e-05
38558 2e-05
38559 2e-05
38560 2e-05
38561 2e-05
38562 2e-05
38563 2e-05
38564 2e-05
38565 2e-05
38566 2e-05
38567 2e-05
38568 2e-05
38569 2e-05
38570 2e-05
38571 2e-05
38572 2e-05
38573 2e-05
38574 2e-05
38575 2e-05
38576 2e-05
38577 2e-05
38578 2e-05
38579 2e-05
38580 2e-05
38581 2e-05
38582 2e-05
38583 2e-05
38584 2e-05
38585 2e-05
38586 2e-05
38587 2e-05
38588 2e-05
38589 2e-05
38590 2e-05
38591 2e-05
38592 2e-05
38593 2e-05
38594 2e-05
38595 2e-05
38596 2e-05
38597 2e-05
38598 2e-05
38599 2e-05
38600 2e-05
38601 2e-05
38602 2e-05
38603 2e-05
38604 2e-05
38605 2e-05
38606 2e-05
38607 2e-05
38608 2e-05
38609 2e-05
38610 2e-05
38611 2e-05
38612 2e-05
38613 2e-05
38614 2e-05
38615 2e-05
38616 2e-05
38617 2e-05
38618 2e-05
38619 2e-05
38620 2e-05
38621 2e-05
38622 2e-05
38623 2e-05
38624 2e-05
38625 2e-05
38626 2e-05
38627 2e-05
38628 2e-05
38629 2e-05
38630 2e-05
38631 2e-05
38632 2e-05
38633 2e-05
38634 2e-05
38635 2e-05
38636 2e-05
38637 2e-05
38638 2e-05
38639 2e-05
38640 2e-05
38641 2e-05
38642 2e-05
38643 2e-05
38644 2e-05
38645 2e-05
38646 2e-05
38647 2e-05
38648 2e-05
38649 2e-05
38650 2e-05
38651 2e-05
38652 2e-05
38653 2e-05
38654 2e-05
38655 2e-05
38656 2e-05
38657 2e-05
38658 2e-05
38659 2e-05
38660 2e-05
38661 2e-05
38662 2e-05
38663 2e-05
38664 2e-05
38665 2e-05
38666 2e-05
38667 2e-05
38668 2e-05
38669 2e-05
38670 2e-05
38671 2e-05
38672 2e-05
38673 2e-05
38674 2e-05
38675 2e-05
38676 2e-05
38677 2e-05
38678 2e-05
38679 2e-05
38680 2e-05
38681 2e-05
38682 2e-05
38683 2e-05
38684 2e-05
38685 2e-05
38686 2e-05
38687 2e-05
38688 2e-05
38689 2e-05
38690 2e-05
38691 2e-05
38692 2e-05
38693 2e-05
38694 2e-05
38695 2e-05
38696 2e-05
38697 2e-05
38698 2e-05
38699 2e-05
38700 2e-05
38701 2e-05
38702 2e-05
38703 2e-05
38704 2e-05
38705 2e-05
38706 2e-05
38707 2e-05
38708 2e-05
38709 2e-05
38710 2e-05
38711 2e-05
38712 2e-05
38713 2e-05
38714 2e-05
38715 2e-05
38716 2e-05
38717 2e-05
38718 2e-05
38719 2e-05
38720 2e-05
38721 2e-05
38722 2e-05
38723 2e-05
38724 2e-05
38725 2e-05
38726 2e-05
38727 2e-05
38728 2e-05
38729 2e-05
38730 2e-05
38731 2e-05
38732 2e-05
38733 2e-05
38734 2e-05
38735 2e-05
38736 2e-05
38737 2e-05
38738 2e-05
38739 2e-05
38740 2e-05
38741 2e-05
38742 2e-05
38743 2e-05
38744 2e-05
38745 2e-05
38746 2e-05
38747 2e-05
38748 2e-05
38749 2e-05
38750 2e-05
38751 2e-05
38752 2e-05
38753 2e-05
38754 2e-05
38755 2e-05
38756 2e-05
38757 2e-05
38758 2e-05
38759 2e-05
38760 2e-05
38761 2e-05
38762 2e-05
38763 2e-05
38764 2e-05
38765 2e-05
38766 2e-05
38767 2e-05
38768 2e-05
38769 2e-05
38770 2e-05
38771 2e-05
38772 2e-05
38773 2e-05
38774 2e-05
38775 2e-05
38776 2e-05
38777 2e-05
38778 2e-05
38779 2e-05
38780 2e-05
38781 2e-05
38782 2e-05
38783 2e-05
38784 2e-05
38785 2e-05
38786 2e-05
38787 2e-05
38788 2e-05
38789 2e-05
38790 2e-05
38791 2e-05
38792 2e-05
38793 2e-05
38794 2e-05
38795 2e-05
38796 2e-05
38797 2e-05
38798 2e-05
38799 2e-05
38800 2e-05
38801 2e-05
38802 2e-05
38803 2e-05
38804 2e-05
38805 2e-05
38806 2e-05
38807 2e-05
38808 2e-05
38809 2e-05
38810 2e-05
38811 2e-05
38812 2e-05
38813 2e-05
38814 2e-05
38815 2e-05
38816 2e-05
38817 2e-05
38818 2e-05
38819 2e-05
38820 2e-05
38821 2e-05
38822 2e-05
38823 2e-05
38824 2e-05
38825 2e-05
38826 2e-05
38827 2e-05
38828 2e-05
38829 2e-05
38830 2e-05
38831 2e-05
38832 2e-05
38833 2e-05
38834 2e-05
38835 2e-05
38836 2e-05
38837 2e-05
38838 2e-05
38839 2e-05
38840 2e-05
38841 2e-05
38842 2e-05
38843 2e-05
38844 2e-05
38845 2e-05
38846 2e-05
38847 2e-05
38848 2e-05
38849 2e-05
38850 2e-05
38851 2e-05
38852 2e-05
38853 2e-05
38854 2e-05
38855 2e-05
38856 2e-05
38857 2e-05
38858 2e-05
38859 2e-05
38860 2e-05
38861 2e-05
38862 2e-05
38863 2e-05
38864 2e-05
38865 2e-05
38866 2e-05
38867 2e-05
38868 2e-05
38869 2e-05
38870 2e-05
38871 2e-05
38872 2e-05
38873 2e-05
38874 2e-05
38875 2e-05
38876 2e-05
38877 2e-05
38878 2e-05
38879 2e-05
38880 2e-05
38881 2e-05
38882 2e-05
38883 2e-05
38884 2e-05
38885 2e-05
38886 2e-05
38887 2e-05
38888 2e-05
38889 2e-05
38890 2e-05
38891 2e-05
38892 2e-05
38893 2e-05
38894 2e-05
38895 2e-05
38896 2e-05
38897 2e-05
38898 2e-05
38899 2e-05
38900 2e-05
38901 2e-05
38902 2e-05
38903 2e-05
38904 2e-05
38905 2e-05
38906 2e-05
38907 2e-05
38908 2e-05
38909 2e-05
38910 2e-05
38911 2e-05
38912 2e-05
38913 2e-05
38914 2e-05
38915 2e-05
38916 2e-05
38917 2e-05
38918 2e-05
38919 2e-05
38920 2e-05
38921 2e-05
38922 2e-05
38923 2e-05
38924 2e-05
38925 2e-05
38926 2e-05
38927 2e-05
38928 2e-05
38929 2e-05
38930 2e-05
38931 2e-05
38932 2e-05
38933 2e-05
38934 2e-05
38935 2e-05
38936 2e-05
38937 2e-05
38938 2e-05
38939 2e-05
38940 2e-05
38941 2e-05
38942 2e-05
38943 2e-05
38944 2e-05
38945 2e-05
38946 2e-05
38947 2e-05
38948 2e-05
38949 2e-05
38950 2e-05
38951 2e-05
38952 2e-05
38953 2e-05
38954 2e-05
38955 2e-05
38956 2e-05
38957 2e-05
38958 2e-05
38959 2e-05
38960 2e-05
38961 2e-05
38962 2e-05
38963 2e-05
38964 2e-05
38965 2e-05
38966 2e-05
38967 2e-05
38968 2e-05
38969 2e-05
38970 2e-05
38971 2e-05
38972 2e-05
38973 2e-05
38974 2e-05
38975 2e-05
38976 2e-05
38977 2e-05
38978 2e-05
38979 2e-05
38980 2e-05
38981 2e-05
38982 2e-05
38983 2e-05
38984 2e-05
38985 2e-05
38986 2e-05
38987 2e-05
38988 2e-05
38989 2e-05
38990 2e-05
38991 2e-05
38992 2e-05
38993 2e-05
38994 2e-05
38995 2e-05
38996 2e-05
38997 2e-05
38998 2e-05
38999 2e-05
39000 2e-05
39001 2e-05
39002 2e-05
39003 2e-05
39004 2e-05
39005 2e-05
39006 2e-05
39007 2e-05
39008 2e-05
39009 2e-05
39010 2e-05
39011 2e-05
39012 2e-05
39013 2e-05
39014 2e-05
39015 2e-05
39016 2e-05
39017 2e-05
39018 2e-05
39019 2e-05
39020 2e-05
39021 2e-05
39022 2e-05
39023 2e-05
39024 2e-05
39025 2e-05
39026 2e-05
39027 2e-05
39028 2e-05
39029 2e-05
39030 2e-05
39031 2e-05
39032 2e-05
39033 2e-05
39034 2e-05
39035 2e-05
39036 2e-05
39037 2e-05
39038 2e-05
39039 2e-05
39040 2e-05
39041 2e-05
39042 2e-05
39043 2e-05
39044 2e-05
39045 2e-05
39046 2e-05
39047 2e-05
39048 2e-05
39049 2e-05
39050 2e-05
39051 2e-05
39052 2e-05
39053 2e-05
39054 2e-05
39055 2e-05
39056 2e-05
39057 2e-05
39058 2e-05
39059 2e-05
39060 2e-05
39061 2e-05
39062 2e-05
39063 2e-05
39064 2e-05
39065 2e-05
39066 2e-05
39067 2e-05
39068 2e-05
39069 2e-05
39070 2e-05
39071 2e-05
39072 2e-05
39073 2e-05
39074 2e-05
39075 2e-05
39076 2e-05
39077 2e-05
39078 2e-05
39079 2e-05
39080 2e-05
39081 2e-05
39082 2e-05
39083 2e-05
39084 2e-05
39085 2e-05
39086 2e-05
39087 2e-05
39088 2e-05
39089 2e-05
39090 2e-05
39091 2e-05
39092 2e-05
39093 2e-05
39094 2e-05
39095 2e-05
39096 2e-05
39097 2e-05
39098 2e-05
39099 2e-05
39100 2e-05
39101 2e-05
39102 2e-05
39103 2e-05
39104 2e-05
39105 2e-05
39106 2e-05
39107 2e-05
39108 2e-05
39109 2e-05
39110 2e-05
39111 2e-05
39112 2e-05
39113 2e-05
39114 2e-05
39115 2e-05
39116 2e-05
39117 2e-05
39118 2e-05
39119 2e-05
39120 2e-05
39121 2e-05
39122 2e-05
39123 2e-05
39124 2e-05
39125 2e-05
39126 2e-05
39127 2e-05
39128 2e-05
39129 2e-05
39130 2e-05
39131 2e-05
39132 2e-05
39133 2e-05
39134 2e-05
39135 2e-05
39136 2e-05
39137 2e-05
39138 2e-05
39139 2e-05
39140 2e-05
39141 2e-05
39142 2e-05
39143 2e-05
39144 2e-05
39145 2e-05
39146 2e-05
39147 2e-05
39148 2e-05
39149 2e-05
39150 2e-05
39151 2e-05
39152 2e-05
39153 2e-05
39154 2e-05
39155 2e-05
39156 2e-05
39157 2e-05
39158 2e-05
39159 2e-05
39160 2e-05
39161 2e-05
39162 2e-05
39163 2e-05
39164 2e-05
39165 2e-05
39166 2e-05
39167 2e-05
39168 2e-05
39169 2e-05
39170 2e-05
39171 2e-05
39172 2e-05
39173 2e-05
39174 2e-05
39175 2e-05
39176 2e-05
39177 2e-05
39178 2e-05
39179 2e-05
39180 2e-05
39181 2e-05
39182 2e-05
39183 2e-05
39184 2e-05
39185 2e-05
39186 2e-05
39187 2e-05
39188 2e-05
39189 2e-05
39190 2e-05
39191 2e-05
39192 2e-05
39193 2e-05
39194 2e-05
39195 2e-05
39196 2e-05
39197 2e-05
39198 2e-05
39199 2e-05
39200 2e-05
39201 2e-05
39202 2e-05
39203 2e-05
39204 2e-05
39205 2e-05
39206 2e-05
39207 2e-05
39208 2e-05
39209 2e-05
39210 2e-05
39211 2e-05
39212 2e-05
39213 2e-05
39214 2e-05
39215 2e-05
39216 2e-05
39217 2e-05
39218 2e-05
39219 2e-05
39220 2e-05
39221 2e-05
39222 2e-05
39223 2e-05
39224 2e-05
39225 2e-05
39226 2e-05
39227 2e-05
39228 2e-05
39229 2e-05
39230 2e-05
39231 2e-05
39232 2e-05
39233 2e-05
39234 2e-05
39235 2e-05
39236 2e-05
39237 2e-05
39238 2e-05
39239 2e-05
39240 2e-05
39241 2e-05
39242 2e-05
39243 2e-05
39244 2e-05
39245 2e-05
39246 2e-05
39247 2e-05
39248 2e-05
39249 2e-05
39250 2e-05
39251 2e-05
39252 2e-05
39253 2e-05
39254 2e-05
39255 2e-05
39256 2e-05
39257 2e-05
39258 2e-05
39259 2e-05
39260 2e-05
39261 2e-05
39262 2e-05
39263 2e-05
39264 2e-05
39265 2e-05
39266 2e-05
39267 2e-05
39268 2e-05
39269 2e-05
39270 2e-05
39271 2e-05
39272 2e-05
39273 2e-05
39274 2e-05
39275 2e-05
39276 2e-05
39277 2e-05
39278 2e-05
39279 2e-05
39280 2e-05
39281 2e-05
39282 2e-05
39283 2e-05
39284 2e-05
39285 2e-05
39286 2e-05
39287 2e-05
39288 2e-05
39289 2e-05
39290 2e-05
39291 2e-05
39292 2e-05
39293 2e-05
39294 2e-05
39295 2e-05
39296 2e-05
39297 2e-05
39298 2e-05
39299 2e-05
39300 2e-05
39301 2e-05
39302 2e-05
39303 2e-05
39304 2e-05
39305 2e-05
39306 2e-05
39307 2e-05
39308 2e-05
39309 2e-05
39310 2e-05
39311 2e-05
39312 2e-05
39313 2e-05
39314 2e-05
39315 2e-05
39316 2e-05
39317 2e-05
39318 2e-05
39319 2e-05
39320 2e-05
39321 2e-05
39322 2e-05
39323 2e-05
39324 2e-05
39325 2e-05
39326 2e-05
39327 2e-05
39328 2e-05
39329 2e-05
39330 2e-05
39331 2e-05
39332 2e-05
39333 2e-05
39334 2e-05
39335 2e-05
39336 2e-05
39337 2e-05
39338 2e-05
39339 2e-05
39340 2e-05
39341 2e-05
39342 2e-05
39343 2e-05
39344 2e-05
39345 2e-05
39346 2e-05
39347 2e-05
39348 2e-05
39349 2e-05
39350 2e-05
39351 2e-05
39352 2e-05
39353 2e-05
39354 2e-05
39355 2e-05
39356 2e-05
39357 2e-05
39358 2e-05
39359 2e-05
39360 2e-05
39361 2e-05
39362 2e-05
39363 2e-05
39364 2e-05
39365 2e-05
39366 2e-05
39367 2e-05
39368 2e-05
39369 2e-05
39370 2e-05
39371 2e-05
39372 2e-05
39373 2e-05
39374 2e-05
39375 2e-05
39376 2e-05
39377 2e-05
39378 2e-05
39379 2e-05
39380 2e-05
39381 2e-05
39382 2e-05
39383 2e-05
39384 2e-05
39385 2e-05
39386 2e-05
39387 2e-05
39388 2e-05
39389 2e-05
39390 2e-05
39391 2e-05
39392 2e-05
39393 2e-05
39394 2e-05
39395 2e-05
39396 2e-05
39397 2e-05
39398 2e-05
39399 2e-05
39400 2e-05
39401 2e-05
39402 2e-05
39403 2e-05
39404 2e-05
39405 2e-05
39406 2e-05
39407 2e-05
39408 2e-05
39409 2e-05
39410 2e-05
39411 2e-05
39412 2e-05
39413 2e-05
39414 2e-05
39415 2e-05
39416 2e-05
39417 2e-05
39418 2e-05
39419 2e-05
39420 2e-05
39421 2e-05
39422 2e-05
39423 2e-05
39424 2e-05
39425 2e-05
39426 2e-05
39427 2e-05
39428 2e-05
39429 2e-05
39430 2e-05
39431 2e-05
39432 2e-05
39433 2e-05
39434 2e-05
39435 2e-05
39436 2e-05
39437 2e-05
39438 2e-05
39439 2e-05
39440 2e-05
39441 2e-05
39442 2e-05
39443 2e-05
39444 2e-05
39445 2e-05
39446 2e-05
39447 2e-05
39448 2e-05
39449 2e-05
39450 2e-05
39451 2e-05
39452 2e-05
39453 2e-05
39454 2e-05
39455 2e-05
39456 2e-05
39457 2e-05
39458 2e-05
39459 2e-05
39460 2e-05
39461 2e-05
39462 2e-05
39463 2e-05
39464 2e-05
39465 2e-05
39466 2e-05
39467 2e-05
39468 2e-05
39469 2e-05
39470 2e-05
39471 2e-05
39472 2e-05
39473 2e-05
39474 2e-05
39475 2e-05
39476 2e-05
39477 2e-05
39478 2e-05
39479 2e-05
39480 2e-05
39481 2e-05
39482 2e-05
39483 2e-05
39484 2e-05
39485 2e-05
39486 2e-05
39487 2e-05
39488 2e-05
39489 2e-05
39490 2e-05
39491 2e-05
39492 2e-05
39493 2e-05
39494 2e-05
39495 2e-05
39496 2e-05
39497 2e-05
39498 2e-05
39499 2e-05
39500 2e-05
39501 2e-05
39502 2e-05
39503 2e-05
39504 2e-05
39505 2e-05
39506 2e-05
39507 2e-05
39508 2e-05
39509 2e-05
39510 2e-05
39511 2e-05
39512 2e-05
39513 2e-05
39514 2e-05
39515 2e-05
39516 2e-05
39517 2e-05
39518 2e-05
39519 2e-05
39520 2e-05
39521 2e-05
39522 2e-05
39523 2e-05
39524 2e-05
39525 2e-05
39526 2e-05
39527 2e-05
39528 2e-05
39529 2e-05
39530 2e-05
39531 2e-05
39532 2e-05
39533 2e-05
39534 2e-05
39535 2e-05
39536 2e-05
39537 2e-05
39538 2e-05
39539 2e-05
39540 2e-05
39541 2e-05
39542 2e-05
39543 2e-05
39544 2e-05
39545 2e-05
39546 2e-05
39547 2e-05
39548 2e-05
39549 2e-05
39550 2e-05
39551 2e-05
39552 2e-05
39553 2e-05
39554 2e-05
39555 2e-05
39556 2e-05
39557 2e-05
39558 2e-05
39559 2e-05
39560 2e-05
39561 2e-05
39562 2e-05
39563 2e-05
39564 2e-05
39565 2e-05
39566 2e-05
39567 2e-05
39568 2e-05
39569 2e-05
39570 2e-05
39571 2e-05
39572 2e-05
39573 2e-05
39574 2e-05
39575 2e-05
39576 2e-05
39577 2e-05
39578 2e-05
39579 2e-05
39580 2e-05
39581 2e-05
39582 2e-05
39583 2e-05
39584 2e-05
39585 2e-05
39586 2e-05
39587 2e-05
39588 2e-05
39589 2e-05
39590 2e-05
39591 2e-05
39592 2e-05
39593 2e-05
39594 2e-05
39595 2e-05
39596 2e-05
39597 2e-05
39598 2e-05
39599 2e-05
39600 2e-05
39601 2e-05
39602 2e-05
39603 2e-05
39604 2e-05
39605 2e-05
39606 2e-05
39607 2e-05
39608 2e-05
39609 2e-05
39610 2e-05
39611 2e-05
39612 2e-05
39613 2e-05
39614 2e-05
39615 2e-05
39616 2e-05
39617 2e-05
39618 2e-05
39619 2e-05
39620 2e-05
39621 2e-05
39622 2e-05
39623 2e-05
39624 2e-05
39625 2e-05
39626 2e-05
39627 2e-05
39628 2e-05
39629 2e-05
39630 2e-05
39631 2e-05
39632 2e-05
39633 2e-05
39634 2e-05
39635 2e-05
39636 2e-05
39637 2e-05
39638 2e-05
39639 2e-05
39640 2e-05
39641 2e-05
39642 2e-05
39643 2e-05
39644 2e-05
39645 2e-05
39646 2e-05
39647 2e-05
39648 2e-05
39649 2e-05
39650 2e-05
39651 2e-05
39652 2e-05
39653 2e-05
39654 2e-05
39655 2e-05
39656 2e-05
39657 2e-05
39658 2e-05
39659 2e-05
39660 2e-05
39661 2e-05
39662 2e-05
39663 2e-05
39664 2e-05
39665 2e-05
39666 2e-05
39667 2e-05
39668 2e-05
39669 2e-05
39670 2e-05
39671 2e-05
39672 2e-05
39673 2e-05
39674 2e-05
39675 2e-05
39676 2e-05
39677 2e-05
39678 2e-05
39679 2e-05
39680 2e-05
39681 2e-05
39682 2e-05
39683 2e-05
39684 2e-05
39685 2e-05
39686 2e-05
39687 2e-05
39688 2e-05
39689 2e-05
39690 2e-05
39691 2e-05
39692 2e-05
39693 2e-05
39694 2e-05
39695 2e-05
39696 2e-05
39697 2e-05
39698 2e-05
39699 2e-05
39700 2e-05
39701 2e-05
39702 2e-05
39703 2e-05
39704 2e-05
39705 2e-05
39706 2e-05
39707 2e-05
39708 2e-05
39709 2e-05
39710 2e-05
39711 2e-05
39712 2e-05
39713 2e-05
39714 2e-05
39715 2e-05
39716 2e-05
39717 2e-05
39718 2e-05
39719 2e-05
39720 2e-05
39721 2e-05
39722 2e-05
39723 2e-05
39724 2e-05
39725 2e-05
39726 2e-05
39727 2e-05
39728 2e-05
39729 2e-05
39730 2e-05
39731 2e-05
39732 2e-05
39733 2e-05
39734 2e-05
39735 2e-05
39736 2e-05
39737 2e-05
39738 2e-05
39739 2e-05
39740 2e-05
39741 2e-05
39742 2e-05
39743 2e-05
39744 2e-05
39745 2e-05
39746 2e-05
39747 2e-05
39748 2e-05
39749 2e-05
39750 2e-05
39751 2e-05
39752 2e-05
39753 2e-05
39754 2e-05
39755 2e-05
39756 2e-05
39757 2e-05
39758 2e-05
39759 2e-05
39760 2e-05
39761 2e-05
39762 2e-05
39763 2e-05
39764 2e-05
39765 2e-05
39766 2e-05
39767 2e-05
39768 2e-05
39769 2e-05
39770 2e-05
39771 2e-05
39772 2e-05
39773 2e-05
39774 2e-05
39775 2e-05
39776 2e-05
39777 2e-05
39778 2e-05
39779 2e-05
39780 2e-05
39781 2e-05
39782 2e-05
39783 2e-05
39784 2e-05
39785 2e-05
39786 2e-05
39787 2e-05
39788 2e-05
39789 2e-05
39790 2e-05
39791 2e-05
39792 2e-05
39793 2e-05
39794 2e-05
39795 2e-05
39796 2e-05
39797 2e-05
39798 2e-05
39799 2e-05
39800 2e-05
39801 2e-05
39802 2e-05
39803 2e-05
39804 2e-05
39805 2e-05
39806 2e-05
39807 2e-05
39808 2e-05
39809 2e-05
39810 2e-05
39811 2e-05
39812 2e-05
39813 2e-05
39814 2e-05
39815 2e-05
39816 2e-05
39817 2e-05
39818 2e-05
39819 2e-05
39820 2e-05
39821 2e-05
39822 2e-05
39823 2e-05
39824 2e-05
39825 2e-05
39826 2e-05
39827 2e-05
39828 2e-05
39829 2e-05
39830 2e-05
39831 2e-05
39832 2e-05
39833 2e-05
39834 2e-05
39835 2e-05
39836 2e-05
39837 2e-05
39838 2e-05
39839 2e-05
39840 2e-05
39841 2e-05
39842 2e-05
39843 2e-05
39844 2e-05
39845 2e-05
39846 2e-05
39847 2e-05
39848 2e-05
39849 2e-05
39850 2e-05
39851 2e-05
39852 2e-05
39853 2e-05
39854 2e-05
39855 2e-05
39856 2e-05
39857 2e-05
39858 2e-05
39859 2e-05
39860 2e-05
39861 2e-05
39862 2e-05
39863 2e-05
39864 2e-05
39865 2e-05
39866 2e-05
39867 2e-05
39868 2e-05
39869 2e-05
39870 2e-05
39871 2e-05
39872 2e-05
39873 2e-05
39874 2e-05
39875 2e-05
39876 2e-05
39877 2e-05
39878 2e-05
39879 2e-05
39880 2e-05
39881 2e-05
39882 2e-05
39883 2e-05
39884 2e-05
39885 2e-05
39886 2e-05
39887 2e-05
39888 2e-05
39889 2e-05
39890 2e-05
39891 2e-05
39892 2e-05
39893 2e-05
39894 2e-05
39895 2e-05
39896 2e-05
39897 2e-05
39898 2e-05
39899 2e-05
39900 2e-05
39901 2e-05
39902 2e-05
39903 2e-05
39904 2e-05
39905 2e-05
39906 2e-05
39907 2e-05
39908 2e-05
39909 2e-05
39910 2e-05
39911 2e-05
39912 2e-05
39913 2e-05
39914 2e-05
39915 2e-05
39916 2e-05
39917 2e-05
39918 2e-05
39919 2e-05
39920 2e-05
39921 2e-05
39922 2e-05
39923 2e-05
39924 2e-05
39925 2e-05
39926 2e-05
39927 2e-05
39928 2e-05
39929 2e-05
39930 2e-05
39931 2e-05
39932 2e-05
39933 2e-05
39934 2e-05
39935 2e-05
39936 2e-05
39937 2e-05
39938 2e-05
39939 2e-05
39940 2e-05
39941 2e-05
39942 2e-05
39943 2e-05
39944 2e-05
39945 2e-05
39946 2e-05
39947 2e-05
39948 2e-05
39949 2e-05
39950 2e-05
39951 2e-05
39952 2e-05
39953 2e-05
39954 2e-05
39955 2e-05
39956 2e-05
39957 2e-05
39958 2e-05
39959 2e-05
39960 2e-05
39961 2e-05
39962 2e-05
39963 2e-05
39964 2e-05
39965 2e-05
39966 2e-05
39967 2e-05
39968 2e-05
39969 2e-05
39970 2e-05
39971 2e-05
39972 2e-05
39973 2e-05
39974 2e-05
39975 2e-05
39976 2e-05
39977 2e-05
39978 2e-05
39979 2e-05
39980 2e-05
39981 2e-05
39982 2e-05
39983 2e-05
39984 2e-05
39985 2e-05
39986 2e-05
39987 2e-05
39988 2e-05
39989 2e-05
39990 2e-05
39991 2e-05
39992 2e-05
39993 2e-05
39994 2e-05
39995 2e-05
39996 2e-05
39997 2e-05
39998 2e-05
39999 2e-05
40000 2e-05
40001 2e-05
40002 2e-05
40003 2e-05
40004 2e-05
40005 2e-05
40006 2e-05
40007 2e-05
40008 2e-05
40009 2e-05
40010 2e-05
40011 2e-05
40012 2e-05
40013 2e-05
40014 2e-05
40015 2e-05
40016 2e-05
40017 2e-05
40018 2e-05
40019 2e-05
40020 2e-05
40021 2e-05
40022 2e-05
40023 2e-05
40024 2e-05
40025 2e-05
40026 2e-05
40027 2e-05
40028 2e-05
40029 2e-05
40030 2e-05
40031 2e-05
40032 2e-05
40033 2e-05
40034 2e-05
40035 2e-05
40036 2e-05
40037 2e-05
40038 2e-05
40039 2e-05
40040 2e-05
40041 2e-05
40042 2e-05
40043 2e-05
40044 2e-05
40045 2e-05
40046 2e-05
40047 2e-05
40048 2e-05
40049 2e-05
40050 2e-05
40051 2e-05
40052 2e-05
40053 2e-05
40054 2e-05
40055 2e-05
40056 2e-05
40057 2e-05
40058 2e-05
40059 2e-05
40060 2e-05
40061 2e-05
40062 2e-05
40063 2e-05
40064 2e-05
40065 2e-05
40066 2e-05
40067 2e-05
40068 2e-05
40069 2e-05
40070 2e-05
40071 2e-05
40072 2e-05
40073 2e-05
40074 2e-05
40075 2e-05
40076 2e-05
40077 2e-05
40078 2e-05
40079 2e-05
40080 2e-05
40081 2e-05
40082 2e-05
40083 2e-05
40084 2e-05
40085 2e-05
40086 2e-05
40087 2e-05
40088 2e-05
40089 2e-05
40090 2e-05
40091 2e-05
40092 2e-05
40093 2e-05
40094 2e-05
40095 2e-05
40096 2e-05
40097 2e-05
40098 2e-05
40099 2e-05
40100 2e-05
40101 2e-05
40102 2e-05
40103 2e-05
40104 2e-05
40105 2e-05
40106 2e-05
40107 2e-05
40108 2e-05
40109 2e-05
40110 2e-05
40111 2e-05
40112 2e-05
40113 2e-05
40114 2e-05
40115 2e-05
40116 2e-05
40117 2e-05
40118 2e-05
40119 2e-05
40120 2e-05
40121 2e-05
40122 2e-05
40123 2e-05
40124 2e-05
40125 2e-05
40126 2e-05
40127 2e-05
40128 2e-05
40129 2e-05
40130 2e-05
40131 2e-05
40132 2e-05
40133 2e-05
40134 2e-05
40135 2e-05
40136 2e-05
40137 2e-05
40138 2e-05
40139 2e-05
40140 2e-05
40141 2e-05
40142 2e-05
40143 2e-05
40144 2e-05
40145 2e-05
40146 2e-05
40147 2e-05
40148 2e-05
40149 2e-05
40150 2e-05
40151 2e-05
40152 2e-05
40153 2e-05
40154 2e-05
40155 2e-05
40156 2e-05
40157 2e-05
40158 2e-05
40159 2e-05
40160 2e-05
40161 2e-05
40162 2e-05
40163 2e-05
40164 2e-05
40165 2e-05
40166 2e-05
40167 2e-05
40168 2e-05
40169 2e-05
40170 2e-05
40171 2e-05
40172 2e-05
40173 2e-05
40174 2e-05
40175 2e-05
40176 2e-05
40177 2e-05
40178 2e-05
40179 2e-05
40180 2e-05
40181 2e-05
40182 2e-05
40183 2e-05
40184 2e-05
40185 2e-05
40186 2e-05
40187 2e-05
40188 2e-05
40189 2e-05
40190 2e-05
40191 2e-05
40192 2e-05
40193 2e-05
40194 2e-05
40195 2e-05
40196 2e-05
40197 2e-05
40198 2e-05
40199 2e-05
40200 2e-05
40201 2e-05
40202 2e-05
40203 2e-05
40204 2e-05
40205 2e-05
40206 2e-05
40207 2e-05
40208 2e-05
40209 2e-05
40210 2e-05
40211 2e-05
40212 2e-05
40213 2e-05
40214 2e-05
40215 2e-05
40216 2e-05
40217 2e-05
40218 2e-05
40219 2e-05
40220 2e-05
40221 2e-05
40222 2e-05
40223 2e-05
40224 2e-05
40225 2e-05
40226 2e-05
40227 2e-05
40228 2e-05
40229 2e-05
40230 2e-05
40231 2e-05
40232 2e-05
40233 2e-05
40234 2e-05
40235 2e-05
40236 2e-05
40237 2e-05
40238 2e-05
40239 2e-05
40240 2e-05
40241 2e-05
40242 2e-05
40243 2e-05
40244 2e-05
40245 2e-05
40246 2e-05
40247 2e-05
40248 2e-05
40249 2e-05
40250 2e-05
40251 2e-05
40252 2e-05
40253 2e-05
40254 2e-05
40255 2e-05
40256 2e-05
40257 2e-05
40258 2e-05
40259 2e-05
40260 2e-05
40261 2e-05
40262 2e-05
40263 2e-05
40264 2e-05
40265 2e-05
40266 2e-05
40267 2e-05
40268 2e-05
40269 2e-05
40270 2e-05
40271 2e-05
40272 2e-05
40273 2e-05
40274 2e-05
40275 2e-05
40276 2e-05
40277 2e-05
40278 2e-05
40279 2e-05
40280 2e-05
40281 2e-05
40282 2e-05
40283 2e-05
40284 2e-05
40285 2e-05
40286 2e-05
40287 2e-05
40288 2e-05
40289 2e-05
40290 2e-05
40291 2e-05
40292 2e-05
40293 2e-05
40294 2e-05
40295 2e-05
40296 2e-05
40297 2e-05
40298 2e-05
40299 2e-05
40300 2e-05
40301 2e-05
40302 2e-05
40303 2e-05
40304 2e-05
40305 2e-05
40306 2e-05
40307 2e-05
40308 2e-05
40309 2e-05
40310 2e-05
40311 2e-05
40312 2e-05
40313 2e-05
40314 2e-05
40315 2e-05
40316 2e-05
40317 2e-05
40318 2e-05
40319 2e-05
40320 2e-05
40321 2e-05
40322 2e-05
40323 2e-05
40324 2e-05
40325 2e-05
40326 2e-05
40327 2e-05
40328 2e-05
40329 2e-05
40330 2e-05
40331 2e-05
40332 2e-05
40333 2e-05
40334 2e-05
40335 2e-05
40336 2e-05
40337 2e-05
40338 2e-05
40339 2e-05
40340 2e-05
40341 2e-05
40342 2e-05
40343 2e-05
40344 2e-05
40345 2e-05
40346 2e-05
40347 2e-05
40348 2e-05
40349 2e-05
40350 2e-05
40351 2e-05
40352 2e-05
40353 2e-05
40354 2e-05
40355 2e-05
40356 2e-05
40357 2e-05
40358 2e-05
40359 2e-05
40360 2e-05
40361 2e-05
40362 2e-05
40363 2e-05
40364 2e-05
40365 2e-05
40366 2e-05
40367 2e-05
40368 2e-05
40369 2e-05
40370 2e-05
40371 2e-05
40372 2e-05
40373 2e-05
40374 2e-05
40375 2e-05
40376 2e-05
40377 2e-05
40378 2e-05
40379 2e-05
40380 2e-05
40381 2e-05
40382 2e-05
40383 2e-05
40384 2e-05
40385 2e-05
40386 2e-05
40387 2e-05
40388 2e-05
40389 2e-05
40390 2e-05
40391 2e-05
40392 2e-05
40393 2e-05
40394 2e-05
40395 2e-05
40396 2e-05
40397 2e-05
40398 2e-05
40399 2e-05
40400 2e-05
40401 2e-05
40402 2e-05
40403 2e-05
40404 2e-05
40405 2e-05
40406 2e-05
40407 2e-05
40408 2e-05
40409 2e-05
40410 2e-05
40411 2e-05
40412 2e-05
40413 2e-05
40414 2e-05
40415 2e-05
40416 2e-05
40417 2e-05
40418 2e-05
40419 2e-05
40420 2e-05
40421 2e-05
40422 2e-05
40423 2e-05
40424 2e-05
40425 2e-05
40426 2e-05
40427 2e-05
40428 2e-05
40429 2e-05
40430 2e-05
40431 2e-05
40432 2e-05
40433 2e-05
40434 2e-05
40435 2e-05
40436 2e-05
40437 2e-05
40438 2e-05
40439 2e-05
40440 2e-05
40441 2e-05
40442 2e-05
40443 2e-05
40444 2e-05
40445 2e-05
40446 2e-05
40447 2e-05
40448 2e-05
40449 2e-05
40450 2e-05
40451 2e-05
40452 2e-05
40453 2e-05
40454 2e-05
40455 2e-05
40456 2e-05
40457 2e-05
40458 2e-05
40459 2e-05
40460 2e-05
40461 2e-05
40462 2e-05
40463 2e-05
40464 2e-05
40465 2e-05
40466 2e-05
40467 2e-05
40468 2e-05
40469 2e-05
40470 2e-05
40471 2e-05
40472 2e-05
40473 2e-05
40474 2e-05
40475 2e-05
40476 2e-05
40477 2e-05
40478 2e-05
40479 2e-05
40480 2e-05
40481 2e-05
40482 2e-05
40483 2e-05
40484 2e-05
40485 2e-05
40486 2e-05
40487 2e-05
40488 2e-05
40489 2e-05
40490 2e-05
40491 2e-05
40492 2e-05
40493 2e-05
40494 2e-05
40495 2e-05
40496 2e-05
40497 2e-05
40498 2e-05
40499 2e-05
40500 2e-05
40501 2e-05
40502 2e-05
40503 2e-05
40504 2e-05
40505 2e-05
40506 2e-05
40507 2e-05
40508 2e-05
40509 2e-05
40510 2e-05
40511 2e-05
40512 2e-05
40513 2e-05
40514 2e-05
40515 2e-05
40516 2e-05
40517 2e-05
40518 2e-05
40519 2e-05
40520 2e-05
40521 2e-05
40522 2e-05
40523 2e-05
40524 2e-05
40525 2e-05
40526 2e-05
40527 2e-05
40528 2e-05
40529 2e-05
40530 2e-05
40531 2e-05
40532 2e-05
40533 2e-05
40534 2e-05
40535 2e-05
40536 2e-05
40537 2e-05
40538 2e-05
40539 2e-05
40540 2e-05
40541 2e-05
40542 2e-05
40543 2e-05
40544 2e-05
40545 2e-05
40546 2e-05
40547 2e-05
40548 2e-05
40549 2e-05
40550 2e-05
40551 2e-05
40552 2e-05
40553 2e-05
40554 2e-05
40555 2e-05
40556 2e-05
40557 2e-05
40558 2e-05
40559 2e-05
40560 2e-05
40561 2e-05
40562 2e-05
40563 2e-05
40564 2e-05
40565 2e-05
40566 2e-05
40567 2e-05
40568 2e-05
40569 2e-05
40570 2e-05
40571 2e-05
40572 2e-05
40573 2e-05
40574 2e-05
40575 2e-05
40576 2e-05
40577 2e-05
40578 2e-05
40579 2e-05
40580 2e-05
40581 2e-05
40582 2e-05
40583 2e-05
40584 2e-05
40585 2e-05
40586 2e-05
40587 2e-05
40588 2e-05
40589 2e-05
40590 2e-05
40591 2e-05
40592 2e-05
40593 2e-05
40594 2e-05
40595 2e-05
40596 2e-05
40597 2e-05
40598 2e-05
40599 2e-05
40600 2e-05
40601 2e-05
40602 2e-05
40603 2e-05
40604 2e-05
40605 2e-05
40606 2e-05
40607 2e-05
40608 2e-05
40609 2e-05
40610 2e-05
40611 2e-05
40612 2e-05
40613 2e-05
40614 2e-05
40615 2e-05
40616 2e-05
40617 2e-05
40618 2e-05
40619 2e-05
40620 2e-05
40621 2e-05
40622 2e-05
40623 2e-05
40624 2e-05
40625 2e-05
40626 2e-05
40627 2e-05
40628 2e-05
40629 2e-05
40630 2e-05
40631 2e-05
40632 2e-05
40633 2e-05
40634 2e-05
40635 2e-05
40636 2e-05
40637 2e-05
40638 2e-05
40639 2e-05
40640 2e-05
40641 2e-05
40642 2e-05
40643 2e-05
40644 2e-05
40645 2e-05
40646 2e-05
40647 2e-05
40648 2e-05
40649 2e-05
40650 2e-05
40651 2e-05
40652 2e-05
40653 2e-05
40654 2e-05
40655 2e-05
40656 2e-05
40657 2e-05
40658 2e-05
40659 2e-05
40660 2e-05
40661 2e-05
40662 2e-05
40663 2e-05
40664 2e-05
40665 2e-05
40666 2e-05
40667 2e-05
40668 2e-05
40669 2e-05
40670 2e-05
40671 2e-05
40672 2e-05
40673 2e-05
40674 2e-05
40675 2e-05
40676 2e-05
40677 2e-05
40678 2e-05
40679 2e-05
40680 2e-05
40681 2e-05
40682 2e-05
40683 2e-05
40684 2e-05
40685 2e-05
40686 2e-05
40687 2e-05
40688 2e-05
40689 2e-05
40690 2e-05
40691 2e-05
40692 2e-05
40693 2e-05
40694 2e-05
40695 2e-05
40696 2e-05
40697 2e-05
40698 2e-05
40699 2e-05
40700 2e-05
40701 2e-05
40702 2e-05
40703 2e-05
40704 2e-05
40705 2e-05
40706 2e-05
40707 2e-05
40708 2e-05
40709 2e-05
40710 2e-05
40711 2e-05
40712 2e-05
40713 2e-05
40714 2e-05
40715 2e-05
40716 2e-05
40717 2e-05
40718 2e-05
40719 2e-05
40720 2e-05
40721 2e-05
40722 2e-05
40723 2e-05
40724 2e-05
40725 2e-05
40726 2e-05
40727 2e-05
40728 2e-05
40729 2e-05
40730 2e-05
40731 2e-05
40732 2e-05
40733 2e-05
40734 2e-05
40735 2e-05
40736 2e-05
40737 2e-05
40738 2e-05
40739 2e-05
40740 2e-05
40741 2e-05
40742 2e-05
40743 2e-05
40744 2e-05
40745 2e-05
40746 2e-05
40747 2e-05
40748 2e-05
40749 2e-05
40750 2e-05
40751 2e-05
40752 2e-05
40753 2e-05
40754 2e-05
40755 2e-05
40756 2e-05
40757 2e-05
40758 2e-05
40759 2e-05
40760 2e-05
40761 2e-05
40762 2e-05
40763 2e-05
40764 2e-05
40765 2e-05
40766 2e-05
40767 2e-05
40768 2e-05
40769 2e-05
40770 2e-05
40771 2e-05
40772 2e-05
40773 2e-05
40774 2e-05
40775 2e-05
40776 2e-05
40777 2e-05
40778 2e-05
40779 2e-05
40780 2e-05
40781 2e-05
40782 2e-05
40783 2e-05
40784 2e-05
40785 2e-05
40786 2e-05
40787 2e-05
40788 2e-05
40789 2e-05
40790 2e-05
40791 2e-05
40792 2e-05
40793 2e-05
40794 2e-05
40795 2e-05
40796 2e-05
40797 2e-05
40798 2e-05
40799 2e-05
40800 2e-05
40801 2e-05
40802 2e-05
40803 2e-05
40804 2e-05
40805 2e-05
40806 2e-05
40807 2e-05
40808 2e-05
40809 2e-05
40810 2e-05
40811 2e-05
40812 2e-05
40813 2e-05
40814 2e-05
40815 2e-05
40816 2e-05
40817 2e-05
40818 2e-05
40819 2e-05
40820 2e-05
40821 2e-05
40822 2e-05
40823 2e-05
40824 2e-05
40825 2e-05
40826 2e-05
40827 2e-05
40828 2e-05
40829 2e-05
40830 2e-05
40831 2e-05
40832 2e-05
40833 2e-05
40834 2e-05
40835 2e-05
40836 2e-05
40837 2e-05
40838 2e-05
40839 2e-05
40840 2e-05
40841 2e-05
40842 2e-05
40843 2e-05
40844 2e-05
40845 2e-05
40846 2e-05
40847 2e-05
40848 2e-05
40849 2e-05
40850 2e-05
40851 2e-05
40852 2e-05
40853 2e-05
40854 2e-05
40855 2e-05
40856 2e-05
40857 2e-05
40858 2e-05
40859 2e-05
40860 2e-05
40861 2e-05
40862 2e-05
40863 2e-05
40864 2e-05
40865 2e-05
40866 2e-05
40867 2e-05
40868 2e-05
40869 2e-05
40870 2e-05
40871 2e-05
40872 2e-05
40873 2e-05
40874 2e-05
40875 2e-05
40876 2e-05
40877 2e-05
40878 2e-05
40879 2e-05
40880 2e-05
40881 2e-05
40882 2e-05
40883 2e-05
40884 2e-05
40885 2e-05
40886 2e-05
40887 2e-05
40888 2e-05
40889 2e-05
40890 2e-05
40891 2e-05
40892 2e-05
40893 2e-05
40894 2e-05
40895 2e-05
40896 2e-05
40897 2e-05
40898 2e-05
40899 2e-05
40900 2e-05
40901 2e-05
40902 2e-05
40903 2e-05
40904 2e-05
40905 2e-05
40906 2e-05
40907 2e-05
40908 2e-05
40909 2e-05
40910 2e-05
40911 2e-05
40912 2e-05
40913 2e-05
40914 2e-05
40915 2e-05
40916 2e-05
40917 2e-05
40918 2e-05
40919 2e-05
40920 2e-05
40921 2e-05
40922 2e-05
40923 2e-05
40924 2e-05
40925 2e-05
40926 2e-05
40927 2e-05
40928 2e-05
40929 2e-05
40930 2e-05
40931 2e-05
40932 2e-05
40933 2e-05
40934 2e-05
40935 2e-05
40936 2e-05
40937 2e-05
40938 2e-05
40939 2e-05
40940 2e-05
40941 2e-05
40942 2e-05
40943 2e-05
40944 2e-05
40945 2e-05
40946 2e-05
40947 2e-05
40948 2e-05
40949 2e-05
40950 2e-05
40951 2e-05
40952 2e-05
40953 2e-05
40954 2e-05
40955 2e-05
40956 2e-05
40957 2e-05
40958 2e-05
40959 2e-05
40960 2e-05
40961 2e-05
40962 2e-05
40963 2e-05
40964 2e-05
40965 2e-05
40966 2e-05
40967 2e-05
40968 2e-05
40969 2e-05
40970 2e-05
40971 2e-05
40972 2e-05
40973 2e-05
40974 2e-05
40975 2e-05
40976 2e-05
40977 2e-05
40978 2e-05
40979 2e-05
40980 2e-05
40981 2e-05
40982 2e-05
40983 2e-05
40984 2e-05
40985 2e-05
40986 2e-05
40987 2e-05
40988 2e-05
40989 2e-05
40990 2e-05
40991 2e-05
40992 2e-05
40993 2e-05
40994 2e-05
40995 2e-05
40996 2e-05
40997 2e-05
40998 2e-05
40999 2e-05
41000 2e-05
41001 2e-05
41002 2e-05
41003 2e-05
41004 2e-05
41005 2e-05
41006 2e-05
41007 2e-05
41008 2e-05
41009 2e-05
41010 2e-05
41011 2e-05
41012 2e-05
41013 2e-05
41014 2e-05
41015 2e-05
41016 2e-05
41017 2e-05
41018 2e-05
41019 2e-05
41020 2e-05
41021 2e-05
41022 2e-05
41023 2e-05
41024 2e-05
41025 2e-05
41026 2e-05
41027 2e-05
41028 2e-05
41029 2e-05
41030 2e-05
41031 2e-05
41032 2e-05
41033 2e-05
41034 2e-05
41035 2e-05
41036 2e-05
41037 2e-05
41038 2e-05
41039 2e-05
41040 2e-05
41041 2e-05
41042 2e-05
41043 2e-05
41044 2e-05
41045 2e-05
41046 2e-05
41047 2e-05
41048 2e-05
41049 2e-05
41050 2e-05
41051 2e-05
41052 2e-05
41053 2e-05
41054 2e-05
41055 2e-05
41056 2e-05
41057 2e-05
41058 2e-05
41059 2e-05
41060 2e-05
41061 2e-05
41062 2e-05
41063 2e-05
41064 2e-05
41065 2e-05
41066 2e-05
41067 2e-05
41068 2e-05
41069 2e-05
41070 2e-05
41071 2e-05
41072 2e-05
41073 2e-05
41074 2e-05
41075 2e-05
41076 2e-05
41077 2e-05
41078 2e-05
41079 2e-05
41080 2e-05
41081 2e-05
41082 2e-05
41083 2e-05
41084 2e-05
41085 2e-05
41086 2e-05
41087 2e-05
41088 2e-05
41089 2e-05
41090 2e-05
41091 2e-05
41092 2e-05
41093 2e-05
41094 2e-05
41095 2e-05
41096 2e-05
41097 2e-05
41098 2e-05
41099 2e-05
41100 2e-05
41101 2e-05
41102 2e-05
41103 2e-05
41104 2e-05
41105 2e-05
41106 2e-05
41107 2e-05
41108 2e-05
41109 2e-05
41110 2e-05
41111 2e-05
41112 2e-05
41113 2e-05
41114 2e-05
41115 2e-05
41116 2e-05
41117 2e-05
41118 2e-05
41119 2e-05
41120 2e-05
41121 2e-05
41122 2e-05
41123 2e-05
41124 2e-05
41125 2e-05
41126 2e-05
41127 2e-05
41128 2e-05
41129 2e-05
41130 2e-05
41131 2e-05
41132 2e-05
41133 2e-05
41134 2e-05
41135 2e-05
41136 2e-05
41137 2e-05
41138 2e-05
41139 2e-05
41140 2e-05
41141 2e-05
41142 2e-05
41143 2e-05
41144 2e-05
41145 2e-05
41146 2e-05
41147 2e-05
41148 2e-05
41149 2e-05
41150 2e-05
41151 2e-05
41152 2e-05
41153 2e-05
41154 2e-05
41155 2e-05
41156 2e-05
41157 2e-05
41158 2e-05
41159 2e-05
41160 2e-05
41161 2e-05
41162 2e-05
41163 2e-05
41164 2e-05
41165 2e-05
41166 2e-05
41167 2e-05
41168 2e-05
41169 2e-05
41170 2e-05
41171 2e-05
41172 2e-05
41173 2e-05
41174 2e-05
41175 2e-05
41176 2e-05
41177 2e-05
41178 2e-05
41179 2e-05
41180 2e-05
41181 2e-05
41182 2e-05
41183 2e-05
41184 2e-05
41185 2e-05
41186 2e-05
41187 2e-05
41188 2e-05
41189 2e-05
41190 2e-05
41191 2e-05
41192 2e-05
41193 2e-05
41194 2e-05
41195 2e-05
41196 2e-05
41197 2e-05
41198 2e-05
41199 2e-05
41200 2e-05
41201 2e-05
41202 2e-05
41203 2e-05
41204 2e-05
41205 2e-05
41206 2e-05
41207 2e-05
41208 2e-05
41209 2e-05
41210 2e-05
41211 2e-05
41212 2e-05
41213 2e-05
41214 2e-05
41215 2e-05
41216 2e-05
41217 2e-05
41218 2e-05
41219 2e-05
41220 2e-05
41221 2e-05
41222 2e-05
41223 2e-05
41224 2e-05
41225 2e-05
41226 2e-05
41227 2e-05
41228 2e-05
41229 2e-05
41230 2e-05
41231 2e-05
41232 2e-05
41233 2e-05
41234 2e-05
41235 2e-05
41236 2e-05
41237 2e-05
41238 2e-05
41239 2e-05
41240 2e-05
41241 2e-05
41242 2e-05
41243 2e-05
41244 2e-05
41245 2e-05
41246 2e-05
41247 2e-05
41248 2e-05
41249 2e-05
41250 2e-05
41251 2e-05
41252 2e-05
41253 2e-05
41254 2e-05
41255 2e-05
41256 2e-05
41257 2e-05
41258 2e-05
41259 2e-05
41260 2e-05
41261 2e-05
41262 2e-05
41263 2e-05
41264 2e-05
41265 2e-05
41266 2e-05
41267 2e-05
41268 2e-05
41269 2e-05
41270 2e-05
41271 2e-05
41272 2e-05
41273 2e-05
41274 2e-05
41275 2e-05
41276 2e-05
41277 2e-05
41278 2e-05
41279 2e-05
41280 2e-05
41281 2e-05
41282 2e-05
41283 2e-05
41284 2e-05
41285 2e-05
41286 2e-05
41287 2e-05
41288 2e-05
41289 2e-05
41290 2e-05
41291 2e-05
41292 2e-05
41293 2e-05
41294 2e-05
41295 2e-05
41296 2e-05
41297 2e-05
41298 2e-05
41299 2e-05
41300 2e-05
41301 2e-05
41302 2e-05
41303 2e-05
41304 2e-05
41305 2e-05
41306 2e-05
41307 2e-05
41308 2e-05
41309 2e-05
41310 2e-05
41311 2e-05
41312 2e-05
41313 2e-05
41314 2e-05
41315 2e-05
41316 2e-05
41317 2e-05
41318 2e-05
41319 2e-05
41320 2e-05
41321 2e-05
41322 2e-05
41323 2e-05
41324 2e-05
41325 2e-05
41326 2e-05
41327 2e-05
41328 2e-05
41329 2e-05
41330 2e-05
41331 2e-05
41332 2e-05
41333 2e-05
41334 2e-05
41335 2e-05
41336 2e-05
41337 2e-05
41338 2e-05
41339 2e-05
41340 2e-05
41341 2e-05
41342 2e-05
41343 2e-05
41344 2e-05
41345 2e-05
41346 2e-05
41347 2e-05
41348 2e-05
41349 2e-05
41350 2e-05
41351 2e-05
41352 2e-05
41353 2e-05
41354 2e-05
41355 2e-05
41356 2e-05
41357 2e-05
41358 2e-05
41359 2e-05
41360 2e-05
41361 2e-05
41362 2e-05
41363 2e-05
41364 2e-05
41365 2e-05
41366 2e-05
41367 2e-05
41368 2e-05
41369 2e-05
41370 2e-05
41371 2e-05
41372 2e-05
41373 2e-05
41374 2e-05
41375 2e-05
41376 2e-05
41377 2e-05
41378 2e-05
41379 2e-05
41380 2e-05
41381 2e-05
41382 2e-05
41383 2e-05
41384 2e-05
41385 2e-05
41386 2e-05
41387 2e-05
41388 2e-05
41389 2e-05
41390 2e-05
41391 2e-05
41392 2e-05
41393 2e-05
41394 2e-05
41395 2e-05
41396 2e-05
41397 2e-05
41398 2e-05
41399 2e-05
41400 2e-05
41401 2e-05
41402 2e-05
41403 2e-05
41404 2e-05
41405 2e-05
41406 2e-05
41407 2e-05
41408 2e-05
41409 2e-05
41410 2e-05
41411 2e-05
41412 2e-05
41413 2e-05
41414 2e-05
41415 2e-05
41416 2e-05
41417 2e-05
41418 2e-05
41419 2e-05
41420 2e-05
41421 2e-05
41422 2e-05
41423 2e-05
41424 2e-05
41425 2e-05
41426 2e-05
41427 2e-05
41428 2e-05
41429 2e-05
41430 2e-05
41431 2e-05
41432 2e-05
41433 2e-05
41434 2e-05
41435 2e-05
41436 2e-05
41437 2e-05
41438 2e-05
41439 2e-05
41440 2e-05
41441 2e-05
41442 2e-05
41443 2e-05
41444 2e-05
41445 2e-05
41446 2e-05
41447 2e-05
41448 2e-05
41449 2e-05
41450 2e-05
41451 2e-05
41452 2e-05
41453 2e-05
41454 2e-05
41455 2e-05
41456 2e-05
41457 2e-05
41458 2e-05
41459 2e-05
41460 2e-05
41461 2e-05
41462 2e-05
41463 2e-05
41464 2e-05
41465 2e-05
41466 2e-05
41467 2e-05
41468 2e-05
41469 2e-05
41470 2e-05
41471 2e-05
41472 2e-05
41473 2e-05
41474 2e-05
41475 2e-05
41476 2e-05
41477 2e-05
41478 2e-05
41479 2e-05
41480 2e-05
41481 2e-05
41482 2e-05
41483 2e-05
41484 2e-05
41485 2e-05
41486 2e-05
41487 2e-05
41488 2e-05
41489 2e-05
41490 2e-05
41491 2e-05
41492 2e-05
41493 2e-05
41494 2e-05
41495 2e-05
41496 2e-05
41497 2e-05
41498 2e-05
41499 2e-05
41500 2e-05
41501 2e-05
41502 2e-05
41503 2e-05
41504 2e-05
41505 2e-05
41506 2e-05
41507 2e-05
41508 2e-05
41509 2e-05
41510 2e-05
41511 2e-05
41512 2e-05
41513 2e-05
41514 2e-05
41515 2e-05
41516 2e-05
41517 2e-05
41518 2e-05
41519 2e-05
41520 2e-05
41521 2e-05
41522 2e-05
41523 2e-05
41524 2e-05
41525 2e-05
41526 2e-05
41527 2e-05
41528 2e-05
41529 2e-05
41530 2e-05
41531 2e-05
41532 2e-05
41533 2e-05
41534 2e-05
41535 2e-05
41536 2e-05
41537 2e-05
41538 2e-05
41539 2e-05
41540 2e-05
41541 2e-05
41542 2e-05
41543 2e-05
41544 2e-05
41545 2e-05
41546 2e-05
41547 2e-05
41548 2e-05
41549 2e-05
41550 2e-05
41551 2e-05
41552 2e-05
41553 2e-05
41554 2e-05
41555 2e-05
41556 2e-05
41557 2e-05
41558 2e-05
41559 2e-05
41560 2e-05
41561 2e-05
41562 2e-05
41563 2e-05
41564 2e-05
41565 2e-05
41566 2e-05
41567 2e-05
41568 2e-05
41569 2e-05
41570 2e-05
41571 2e-05
41572 2e-05
41573 2e-05
41574 2e-05
41575 2e-05
41576 2e-05
41577 2e-05
41578 2e-05
41579 2e-05
41580 2e-05
41581 2e-05
41582 2e-05
41583 2e-05
41584 2e-05
41585 2e-05
41586 2e-05
41587 2e-05
41588 2e-05
41589 2e-05
41590 2e-05
41591 2e-05
41592 2e-05
41593 2e-05
41594 2e-05
41595 2e-05
41596 2e-05
41597 2e-05
41598 2e-05
41599 2e-05
41600 2e-05
41601 2e-05
41602 2e-05
41603 2e-05
41604 2e-05
41605 2e-05
41606 2e-05
41607 2e-05
41608 2e-05
41609 2e-05
41610 2e-05
41611 2e-05
41612 2e-05
41613 2e-05
41614 2e-05
41615 2e-05
41616 2e-05
41617 2e-05
41618 2e-05
41619 2e-05
41620 2e-05
41621 2e-05
41622 2e-05
41623 2e-05
41624 2e-05
41625 2e-05
41626 2e-05
41627 2e-05
41628 2e-05
41629 2e-05
41630 2e-05
41631 2e-05
41632 2e-05
41633 2e-05
41634 2e-05
41635 2e-05
41636 2e-05
41637 2e-05
41638 2e-05
41639 2e-05
41640 2e-05
41641 2e-05
41642 2e-05
41643 2e-05
41644 2e-05
41645 2e-05
41646 2e-05
41647 2e-05
41648 2e-05
41649 2e-05
41650 2e-05
41651 2e-05
41652 2e-05
41653 2e-05
41654 2e-05
41655 2e-05
41656 2e-05
41657 2e-05
41658 2e-05
41659 2e-05
41660 2e-05
41661 2e-05
41662 2e-05
41663 2e-05
41664 2e-05
41665 2e-05
41666 2e-05
41667 2e-05
41668 2e-05
41669 2e-05
41670 2e-05
41671 2e-05
41672 2e-05
41673 2e-05
41674 2e-05
41675 2e-05
41676 2e-05
41677 2e-05
41678 2e-05
41679 2e-05
41680 2e-05
41681 2e-05
41682 2e-05
41683 2e-05
41684 2e-05
41685 2e-05
41686 2e-05
41687 2e-05
41688 2e-05
41689 2e-05
41690 2e-05
41691 2e-05
41692 2e-05
41693 2e-05
41694 2e-05
41695 2e-05
41696 2e-05
41697 2e-05
41698 2e-05
41699 2e-05
41700 2e-05
41701 2e-05
41702 2e-05
41703 2e-05
41704 2e-05
41705 2e-05
41706 2e-05
41707 2e-05
41708 2e-05
41709 2e-05
41710 2e-05
41711 2e-05
41712 2e-05
41713 2e-05
41714 2e-05
41715 2e-05
41716 2e-05
41717 2e-05
41718 2e-05
41719 2e-05
41720 2e-05
41721 2e-05
41722 2e-05
41723 2e-05
41724 2e-05
41725 2e-05
41726 2e-05
41727 2e-05
41728 2e-05
41729 2e-05
41730 2e-05
41731 2e-05
41732 2e-05
41733 2e-05
41734 2e-05
41735 2e-05
41736 2e-05
41737 2e-05
41738 2e-05
41739 2e-05
41740 2e-05
41741 2e-05
41742 2e-05
41743 2e-05
41744 2e-05
41745 2e-05
41746 2e-05
41747 2e-05
41748 2e-05
41749 2e-05
41750 2e-05
41751 2e-05
41752 2e-05
41753 2e-05
41754 2e-05
41755 2e-05
41756 2e-05
41757 2e-05
41758 2e-05
41759 2e-05
41760 2e-05
41761 2e-05
41762 2e-05
41763 2e-05
41764 2e-05
41765 2e-05
41766 2e-05
41767 2e-05
41768 2e-05
41769 2e-05
41770 2e-05
41771 2e-05
41772 2e-05
41773 2e-05
41774 2e-05
41775 2e-05
41776 2e-05
41777 2e-05
41778 2e-05
41779 2e-05
41780 2e-05
41781 2e-05
41782 2e-05
41783 2e-05
41784 2e-05
41785 2e-05
41786 2e-05
41787 2e-05
41788 2e-05
41789 2e-05
41790 2e-05
41791 2e-05
41792 2e-05
41793 2e-05
41794 2e-05
41795 2e-05
41796 2e-05
41797 2e-05
41798 2e-05
41799 2e-05
41800 2e-05
41801 2e-05
41802 2e-05
41803 2e-05
41804 2e-05
41805 2e-05
41806 2e-05
41807 2e-05
41808 2e-05
41809 2e-05
41810 2e-05
41811 2e-05
41812 2e-05
41813 2e-05
41814 2e-05
41815 2e-05
41816 2e-05
41817 2e-05
41818 2e-05
41819 2e-05
41820 2e-05
41821 2e-05
41822 2e-05
41823 2e-05
41824 2e-05
41825 2e-05
41826 2e-05
41827 2e-05
41828 2e-05
41829 2e-05
41830 2e-05
41831 2e-05
41832 2e-05
41833 2e-05
41834 2e-05
41835 2e-05
41836 2e-05
41837 2e-05
41838 2e-05
41839 2e-05
41840 2e-05
41841 2e-05
41842 2e-05
41843 2e-05
41844 2e-05
41845 2e-05
41846 2e-05
41847 2e-05
41848 2e-05
41849 2e-05
41850 2e-05
41851 2e-05
41852 2e-05
41853 2e-05
41854 2e-05
41855 2e-05
41856 2e-05
41857 2e-05
41858 2e-05
41859 2e-05
41860 2e-05
41861 2e-05
41862 2e-05
41863 2e-05
41864 2e-05
41865 2e-05
41866 2e-05
41867 2e-05
41868 2e-05
41869 2e-05
41870 2e-05
41871 2e-05
41872 2e-05
41873 2e-05
41874 2e-05
41875 2e-05
41876 2e-05
41877 2e-05
41878 2e-05
41879 2e-05
41880 2e-05
41881 2e-05
41882 2e-05
41883 2e-05
41884 2e-05
41885 2e-05
41886 2e-05
41887 2e-05
41888 2e-05
41889 2e-05
41890 2e-05
41891 2e-05
41892 2e-05
41893 2e-05
41894 2e-05
41895 2e-05
41896 2e-05
41897 2e-05
41898 2e-05
41899 2e-05
41900 2e-05
41901 2e-05
41902 2e-05
41903 2e-05
41904 2e-05
41905 2e-05
41906 2e-05
41907 2e-05
41908 2e-05
41909 2e-05
41910 2e-05
41911 2e-05
41912 2e-05
41913 2e-05
41914 2e-05
41915 2e-05
41916 2e-05
41917 2e-05
41918 2e-05
41919 2e-05
41920 2e-05
41921 2e-05
41922 2e-05
41923 2e-05
41924 2e-05
41925 2e-05
41926 2e-05
41927 2e-05
41928 2e-05
41929 2e-05
41930 2e-05
41931 2e-05
41932 2e-05
41933 2e-05
41934 2e-05
41935 2e-05
41936 2e-05
41937 2e-05
41938 2e-05
41939 2e-05
41940 2e-05
41941 2e-05
41942 2e-05
41943 2e-05
41944 2e-05
41945 2e-05
41946 2e-05
41947 2e-05
41948 2e-05
41949 2e-05
41950 2e-05
41951 2e-05
41952 2e-05
41953 2e-05
41954 2e-05
41955 2e-05
41956 2e-05
41957 2e-05
41958 2e-05
41959 2e-05
41960 2e-05
41961 2e-05
41962 2e-05
41963 2e-05
41964 2e-05
41965 2e-05
41966 2e-05
41967 2e-05
41968 2e-05
41969 2e-05
41970 2e-05
41971 2e-05
41972 2e-05
41973 2e-05
41974 2e-05
41975 2e-05
41976 2e-05
41977 2e-05
41978 2e-05
41979 2e-05
41980 2e-05
41981 2e-05
41982 2e-05
41983 2e-05
41984 2e-05
41985 2e-05
41986 2e-05
41987 2e-05
41988 2e-05
41989 2e-05
41990 2e-05
41991 2e-05
41992 2e-05
41993 2e-05
41994 2e-05
41995 2e-05
41996 2e-05
41997 2e-05
41998 2e-05
41999 2e-05
42000 2e-05
42001 2e-05
42002 2e-05
42003 2e-05
42004 2e-05
42005 2e-05
42006 2e-05
42007 2e-05
42008 2e-05
42009 2e-05
42010 2e-05
42011 2e-05
42012 2e-05
42013 2e-05
42014 2e-05
42015 2e-05
42016 2e-05
42017 2e-05
42018 2e-05
42019 2e-05
42020 2e-05
42021 2e-05
42022 2e-05
42023 2e-05
42024 2e-05
42025 2e-05
42026 2e-05
42027 2e-05
42028 2e-05
42029 2e-05
42030 2e-05
42031 2e-05
42032 2e-05
42033 2e-05
42034 2e-05
42035 2e-05
42036 2e-05
42037 2e-05
42038 2e-05
42039 2e-05
42040 2e-05
42041 2e-05
42042 2e-05
42043 2e-05
42044 2e-05
42045 2e-05
42046 2e-05
42047 2e-05
42048 2e-05
42049 2e-05
42050 2e-05
42051 2e-05
42052 2e-05
42053 2e-05
42054 2e-05
42055 2e-05
42056 2e-05
42057 2e-05
42058 2e-05
42059 2e-05
42060 2e-05
42061 2e-05
42062 2e-05
42063 2e-05
42064 2e-05
42065 2e-05
42066 2e-05
42067 2e-05
42068 2e-05
42069 2e-05
42070 2e-05
42071 2e-05
42072 2e-05
42073 2e-05
42074 2e-05
42075 2e-05
42076 2e-05
42077 2e-05
42078 2e-05
42079 2e-05
42080 2e-05
42081 2e-05
42082 2e-05
42083 2e-05
42084 2e-05
42085 2e-05
42086 2e-05
42087 2e-05
42088 2e-05
42089 2e-05
42090 2e-05
42091 2e-05
42092 2e-05
42093 2e-05
42094 2e-05
42095 2e-05
42096 2e-05
42097 2e-05
42098 2e-05
42099 2e-05
42100 2e-05
42101 2e-05
42102 2e-05
42103 2e-05
42104 2e-05
42105 2e-05
42106 2e-05
42107 2e-05
42108 2e-05
42109 2e-05
42110 2e-05
42111 2e-05
42112 2e-05
42113 2e-05
42114 2e-05
42115 2e-05
42116 2e-05
42117 2e-05
42118 2e-05
42119 2e-05
42120 2e-05
42121 2e-05
42122 2e-05
42123 2e-05
42124 2e-05
42125 2e-05
42126 2e-05
42127 2e-05
42128 2e-05
42129 2e-05
42130 2e-05
42131 2e-05
42132 2e-05
42133 2e-05
42134 2e-05
42135 2e-05
42136 2e-05
42137 2e-05
42138 2e-05
42139 2e-05
42140 2e-05
42141 2e-05
42142 2e-05
42143 2e-05
42144 2e-05
42145 2e-05
42146 2e-05
42147 2e-05
42148 2e-05
42149 2e-05
42150 2e-05
42151 2e-05
42152 2e-05
42153 2e-05
42154 2e-05
42155 2e-05
42156 2e-05
42157 2e-05
42158 2e-05
42159 2e-05
42160 2e-05
42161 2e-05
42162 2e-05
42163 2e-05
42164 2e-05
42165 2e-05
42166 2e-05
42167 2e-05
42168 2e-05
42169 2e-05
42170 2e-05
42171 2e-05
42172 2e-05
42173 2e-05
42174 2e-05
42175 2e-05
42176 2e-05
42177 2e-05
42178 2e-05
42179 2e-05
42180 2e-05
42181 2e-05
42182 2e-05
42183 2e-05
42184 2e-05
42185 2e-05
42186 2e-05
42187 2e-05
42188 2e-05
42189 2e-05
42190 2e-05
42191 2e-05
42192 2e-05
42193 2e-05
42194 2e-05
42195 2e-05
42196 2e-05
42197 2e-05
42198 2e-05
42199 2e-05
42200 2e-05
42201 2e-05
42202 2e-05
42203 2e-05
42204 2e-05
42205 2e-05
42206 2e-05
42207 2e-05
42208 2e-05
42209 2e-05
42210 2e-05
42211 2e-05
42212 2e-05
42213 2e-05
42214 2e-05
42215 2e-05
42216 2e-05
42217 2e-05
42218 2e-05
42219 2e-05
42220 2e-05
42221 2e-05
42222 2e-05
42223 2e-05
42224 2e-05
42225 2e-05
42226 2e-05
42227 2e-05
42228 2e-05
42229 2e-05
42230 2e-05
42231 2e-05
42232 2e-05
42233 2e-05
42234 2e-05
42235 2e-05
42236 2e-05
42237 2e-05
42238 2e-05
42239 2e-05
42240 2e-05
42241 2e-05
42242 2e-05
42243 2e-05
42244 2e-05
42245 2e-05
42246 2e-05
42247 2e-05
42248 2e-05
42249 2e-05
42250 2e-05
42251 2e-05
42252 2e-05
42253 2e-05
42254 2e-05
42255 2e-05
42256 2e-05
42257 2e-05
42258 2e-05
42259 2e-05
42260 2e-05
42261 2e-05
42262 2e-05
42263 2e-05
42264 2e-05
42265 2e-05
42266 2e-05
42267 2e-05
42268 2e-05
42269 2e-05
42270 2e-05
42271 2e-05
42272 2e-05
42273 2e-05
42274 2e-05
42275 2e-05
42276 2e-05
42277 2e-05
42278 2e-05
42279 2e-05
42280 2e-05
42281 2e-05
42282 2e-05
42283 2e-05
42284 2e-05
42285 2e-05
42286 2e-05
42287 2e-05
42288 2e-05
42289 2e-05
42290 2e-05
42291 2e-05
42292 2e-05
42293 2e-05
42294 2e-05
42295 2e-05
42296 2e-05
42297 2e-05
42298 2e-05
42299 2e-05
42300 2e-05
42301 2e-05
42302 2e-05
42303 2e-05
42304 2e-05
42305 2e-05
42306 2e-05
42307 2e-05
42308 2e-05
42309 2e-05
42310 2e-05
42311 2e-05
42312 2e-05
42313 2e-05
42314 2e-05
42315 2e-05
42316 2e-05
42317 2e-05
42318 2e-05
42319 2e-05
42320 2e-05
42321 2e-05
42322 2e-05
42323 2e-05
42324 2e-05
42325 2e-05
42326 2e-05
42327 2e-05
42328 2e-05
42329 2e-05
42330 2e-05
42331 2e-05
42332 2e-05
42333 2e-05
42334 2e-05
42335 2e-05
42336 2e-05
42337 2e-05
42338 2e-05
42339 2e-05
42340 2e-05
42341 2e-05
42342 2e-05
42343 2e-05
42344 2e-05
42345 2e-05
42346 2e-05
42347 2e-05
42348 2e-05
42349 2e-05
42350 2e-05
42351 2e-05
42352 2e-05
42353 2e-05
42354 2e-05
42355 2e-05
42356 2e-05
42357 2e-05
42358 2e-05
42359 2e-05
42360 2e-05
42361 2e-05
42362 2e-05
42363 2e-05
42364 2e-05
42365 2e-05
42366 2e-05
42367 2e-05
42368 2e-05
42369 2e-05
42370 2e-05
42371 2e-05
42372 2e-05
42373 2e-05
42374 2e-05
42375 2e-05
42376 2e-05
42377 2e-05
42378 2e-05
42379 2e-05
42380 2e-05
42381 2e-05
42382 2e-05
42383 2e-05
42384 2e-05
42385 2e-05
42386 2e-05
42387 2e-05
42388 2e-05
42389 2e-05
42390 2e-05
42391 2e-05
42392 2e-05
42393 2e-05
42394 2e-05
42395 2e-05
42396 2e-05
42397 2e-05
42398 2e-05
42399 2e-05
42400 2e-05
42401 2e-05
42402 2e-05
42403 2e-05
42404 2e-05
42405 2e-05
42406 2e-05
42407 2e-05
42408 2e-05
42409 2e-05
42410 2e-05
42411 2e-05
42412 2e-05
42413 2e-05
42414 2e-05
42415 2e-05
42416 2e-05
42417 2e-05
42418 2e-05
42419 2e-05
42420 2e-05
42421 2e-05
42422 2e-05
42423 2e-05
42424 2e-05
42425 2e-05
42426 2e-05
42427 2e-05
42428 2e-05
42429 2e-05
42430 2e-05
42431 2e-05
42432 2e-05
42433 2e-05
42434 2e-05
42435 2e-05
42436 2e-05
42437 2e-05
42438 2e-05
42439 2e-05
42440 2e-05
42441 2e-05
42442 2e-05
42443 2e-05
42444 2e-05
42445 2e-05
42446 2e-05
42447 2e-05
42448 2e-05
42449 2e-05
42450 2e-05
42451 2e-05
42452 2e-05
42453 2e-05
42454 2e-05
42455 2e-05
42456 2e-05
42457 2e-05
42458 2e-05
42459 2e-05
42460 2e-05
42461 2e-05
42462 2e-05
42463 2e-05
42464 2e-05
42465 2e-05
42466 2e-05
42467 2e-05
42468 2e-05
42469 2e-05
42470 2e-05
42471 2e-05
42472 2e-05
42473 2e-05
42474 2e-05
42475 2e-05
42476 2e-05
42477 2e-05
42478 2e-05
42479 2e-05
42480 2e-05
42481 2e-05
42482 2e-05
42483 2e-05
42484 2e-05
42485 2e-05
42486 2e-05
42487 2e-05
42488 2e-05
42489 2e-05
42490 2e-05
42491 2e-05
42492 2e-05
42493 2e-05
42494 2e-05
42495 2e-05
42496 2e-05
42497 2e-05
42498 2e-05
42499 2e-05
42500 2e-05
42501 2e-05
42502 2e-05
42503 2e-05
42504 2e-05
42505 2e-05
42506 2e-05
42507 2e-05
42508 2e-05
42509 2e-05
42510 2e-05
42511 2e-05
42512 2e-05
42513 2e-05
42514 2e-05
42515 2e-05
42516 2e-05
42517 2e-05
42518 2e-05
42519 2e-05
42520 2e-05
42521 2e-05
42522 2e-05
42523 2e-05
42524 2e-05
42525 2e-05
42526 2e-05
42527 2e-05
42528 2e-05
42529 2e-05
42530 2e-05
42531 2e-05
42532 2e-05
42533 2e-05
42534 2e-05
42535 2e-05
42536 2e-05
42537 2e-05
42538 2e-05
42539 2e-05
42540 2e-05
42541 2e-05
42542 2e-05
42543 2e-05
42544 2e-05
42545 2e-05
42546 2e-05
42547 2e-05
42548 2e-05
42549 2e-05
42550 2e-05
42551 2e-05
42552 2e-05
42553 2e-05
42554 2e-05
42555 2e-05
42556 2e-05
42557 2e-05
42558 2e-05
42559 2e-05
42560 2e-05
42561 2e-05
42562 2e-05
42563 2e-05
42564 2e-05
42565 2e-05
42566 2e-05
42567 2e-05
42568 2e-05
42569 2e-05
42570 2e-05
42571 2e-05
42572 2e-05
42573 2e-05
42574 2e-05
42575 2e-05
42576 2e-05
42577 2e-05
42578 2e-05
42579 2e-05
42580 2e-05
42581 2e-05
42582 2e-05
42583 2e-05
42584 2e-05
42585 2e-05
42586 2e-05
42587 2e-05
42588 2e-05
42589 2e-05
42590 2e-05
42591 2e-05
42592 2e-05
42593 2e-05
42594 2e-05
42595 2e-05
42596 2e-05
42597 2e-05
42598 2e-05
42599 2e-05
42600 2e-05
42601 2e-05
42602 2e-05
42603 2e-05
42604 2e-05
42605 2e-05
42606 2e-05
42607 2e-05
42608 2e-05
42609 2e-05
42610 2e-05
42611 2e-05
42612 2e-05
42613 2e-05
42614 2e-05
42615 2e-05
42616 2e-05
42617 2e-05
42618 2e-05
42619 2e-05
42620 2e-05
42621 2e-05
42622 2e-05
42623 2e-05
42624 2e-05
42625 2e-05
42626 2e-05
42627 2e-05
42628 2e-05
42629 2e-05
42630 2e-05
42631 2e-05
42632 2e-05
42633 2e-05
42634 2e-05
42635 2e-05
42636 2e-05
42637 2e-05
42638 2e-05
42639 2e-05
42640 2e-05
42641 2e-05
42642 2e-05
42643 2e-05
42644 2e-05
42645 2e-05
42646 2e-05
42647 2e-05
42648 2e-05
42649 2e-05
42650 2e-05
42651 2e-05
42652 2e-05
42653 2e-05
42654 2e-05
42655 2e-05
42656 2e-05
42657 2e-05
42658 2e-05
42659 2e-05
42660 2e-05
42661 2e-05
42662 2e-05
42663 2e-05
42664 2e-05
42665 2e-05
42666 2e-05
42667 2e-05
42668 2e-05
42669 2e-05
42670 2e-05
42671 2e-05
42672 2e-05
42673 2e-05
42674 2e-05
42675 2e-05
42676 2e-05
42677 2e-05
42678 2e-05
42679 2e-05
42680 2e-05
42681 2e-05
42682 2e-05
42683 2e-05
42684 2e-05
42685 2e-05
42686 2e-05
42687 2e-05
42688 2e-05
42689 2e-05
42690 2e-05
42691 2e-05
42692 2e-05
42693 2e-05
42694 2e-05
42695 2e-05
42696 2e-05
42697 2e-05
42698 2e-05
42699 2e-05
42700 2e-05
42701 2e-05
42702 2e-05
42703 2e-05
42704 2e-05
42705 2e-05
42706 2e-05
42707 2e-05
42708 2e-05
42709 2e-05
42710 2e-05
42711 2e-05
42712 2e-05
42713 2e-05
42714 2e-05
42715 2e-05
42716 2e-05
42717 2e-05
42718 2e-05
42719 2e-05
42720 2e-05
42721 2e-05
42722 2e-05
42723 2e-05
42724 2e-05
42725 2e-05
42726 2e-05
42727 2e-05
42728 2e-05
42729 2e-05
42730 2e-05
42731 2e-05
42732 2e-05
42733 2e-05
42734 2e-05
42735 2e-05
42736 2e-05
42737 2e-05
42738 2e-05
42739 2e-05
42740 2e-05
42741 2e-05
42742 2e-05
42743 2e-05
42744 2e-05
42745 2e-05
42746 2e-05
42747 2e-05
42748 2e-05
42749 2e-05
42750 2e-05
42751 2e-05
42752 2e-05
42753 2e-05
42754 2e-05
42755 2e-05
42756 2e-05
42757 2e-05
42758 2e-05
42759 2e-05
42760 2e-05
42761 2e-05
42762 2e-05
42763 2e-05
42764 2e-05
42765 2e-05
42766 2e-05
42767 2e-05
42768 2e-05
42769 2e-05
42770 2e-05
42771 2e-05
42772 2e-05
42773 2e-05
42774 2e-05
42775 2e-05
42776 2e-05
42777 2e-05
42778 2e-05
42779 2e-05
42780 2e-05
42781 2e-05
42782 2e-05
42783 2e-05
42784 2e-05
42785 2e-05
42786 2e-05
42787 2e-05
42788 2e-05
42789 2e-05
42790 2e-05
42791 2e-05
42792 2e-05
42793 2e-05
42794 2e-05
42795 2e-05
42796 2e-05
42797 2e-05
42798 2e-05
42799 2e-05
42800 2e-05
42801 2e-05
42802 2e-05
42803 2e-05
42804 2e-05
42805 2e-05
42806 2e-05
42807 2e-05
42808 2e-05
42809 2e-05
42810 2e-05
42811 2e-05
42812 2e-05
42813 2e-05
42814 2e-05
42815 2e-05
42816 2e-05
42817 2e-05
42818 2e-05
42819 2e-05
42820 2e-05
42821 2e-05
42822 2e-05
42823 2e-05
42824 2e-05
42825 2e-05
42826 2e-05
42827 2e-05
42828 2e-05
42829 2e-05
42830 2e-05
42831 2e-05
42832 2e-05
42833 2e-05
42834 2e-05
42835 2e-05
42836 2e-05
42837 2e-05
42838 2e-05
42839 2e-05
42840 2e-05
42841 2e-05
42842 2e-05
42843 2e-05
42844 2e-05
42845 2e-05
42846 2e-05
42847 2e-05
42848 2e-05
42849 2e-05
42850 2e-05
42851 2e-05
42852 2e-05
42853 2e-05
42854 2e-05
42855 2e-05
42856 2e-05
42857 2e-05
42858 2e-05
42859 2e-05
42860 2e-05
42861 2e-05
42862 2e-05
42863 2e-05
42864 2e-05
42865 2e-05
42866 2e-05
42867 2e-05
42868 2e-05
42869 2e-05
42870 2e-05
42871 2e-05
42872 2e-05
42873 2e-05
42874 2e-05
42875 2e-05
42876 2e-05
42877 2e-05
42878 2e-05
42879 2e-05
42880 2e-05
42881 2e-05
42882 2e-05
42883 2e-05
42884 2e-05
42885 2e-05
42886 2e-05
42887 2e-05
42888 2e-05
42889 2e-05
42890 2e-05
42891 2e-05
42892 2e-05
42893 2e-05
42894 2e-05
42895 2e-05
42896 2e-05
42897 2e-05
42898 2e-05
42899 2e-05
42900 2e-05
42901 2e-05
42902 2e-05
42903 2e-05
42904 2e-05
42905 2e-05
42906 2e-05
42907 2e-05
42908 2e-05
42909 2e-05
42910 2e-05
42911 2e-05
42912 2e-05
42913 2e-05
42914 2e-05
42915 2e-05
42916 2e-05
42917 2e-05
42918 2e-05
42919 2e-05
42920 2e-05
42921 2e-05
42922 2e-05
42923 2e-05
42924 2e-05
42925 2e-05
42926 2e-05
42927 2e-05
42928 2e-05
42929 2e-05
42930 2e-05
42931 2e-05
42932 2e-05
42933 2e-05
42934 2e-05
42935 2e-05
42936 2e-05
42937 2e-05
42938 2e-05
42939 2e-05
42940 2e-05
42941 2e-05
42942 2e-05
42943 2e-05
42944 2e-05
42945 2e-05
42946 2e-05
42947 2e-05
42948 2e-05
42949 2e-05
42950 2e-05
42951 2e-05
42952 2e-05
42953 2e-05
42954 2e-05
42955 2e-05
42956 2e-05
42957 2e-05
42958 2e-05
42959 2e-05
42960 2e-05
42961 2e-05
42962 2e-05
42963 2e-05
42964 2e-05
42965 2e-05
42966 2e-05
42967 2e-05
42968 2e-05
42969 2e-05
42970 2e-05
42971 2e-05
42972 2e-05
42973 2e-05
42974 2e-05
42975 2e-05
42976 2e-05
42977 2e-05
42978 2e-05
42979 2e-05
42980 2e-05
42981 2e-05
42982 2e-05
42983 2e-05
42984 2e-05
42985 2e-05
42986 2e-05
42987 2e-05
42988 2e-05
42989 2e-05
42990 2e-05
42991 2e-05
42992 2e-05
42993 2e-05
42994 2e-05
42995 2e-05
42996 2e-05
42997 2e-05
42998 2e-05
42999 2e-05
43000 2e-05
43001 2e-05
43002 2e-05
43003 2e-05
43004 2e-05
43005 2e-05
43006 2e-05
43007 2e-05
43008 2e-05
43009 2e-05
43010 2e-05
43011 2e-05
43012 2e-05
43013 2e-05
43014 2e-05
43015 2e-05
43016 2e-05
43017 2e-05
43018 2e-05
43019 2e-05
43020 2e-05
43021 2e-05
43022 2e-05
43023 2e-05
43024 2e-05
43025 2e-05
43026 2e-05
43027 2e-05
43028 2e-05
43029 2e-05
43030 2e-05
43031 2e-05
43032 2e-05
43033 2e-05
43034 2e-05
43035 2e-05
43036 2e-05
43037 2e-05
43038 2e-05
43039 2e-05
43040 2e-05
43041 2e-05
43042 2e-05
43043 2e-05
43044 2e-05
43045 2e-05
43046 2e-05
43047 2e-05
43048 2e-05
43049 2e-05
43050 2e-05
43051 2e-05
43052 2e-05
43053 2e-05
43054 2e-05
43055 2e-05
43056 2e-05
43057 2e-05
43058 2e-05
43059 2e-05
43060 2e-05
43061 2e-05
43062 2e-05
43063 2e-05
43064 2e-05
43065 2e-05
43066 2e-05
43067 2e-05
43068 2e-05
43069 2e-05
43070 2e-05
43071 2e-05
43072 2e-05
43073 2e-05
43074 2e-05
43075 2e-05
43076 2e-05
43077 2e-05
43078 2e-05
43079 2e-05
43080 2e-05
43081 2e-05
43082 2e-05
43083 2e-05
43084 2e-05
43085 2e-05
43086 2e-05
43087 2e-05
43088 2e-05
43089 2e-05
43090 2e-05
43091 2e-05
43092 2e-05
43093 2e-05
43094 2e-05
43095 2e-05
43096 2e-05
43097 2e-05
43098 2e-05
43099 2e-05
43100 2e-05
43101 2e-05
43102 2e-05
43103 2e-05
43104 2e-05
43105 2e-05
43106 2e-05
43107 2e-05
43108 2e-05
43109 2e-05
43110 2e-05
43111 2e-05
43112 2e-05
43113 2e-05
43114 2e-05
43115 2e-05
43116 2e-05
43117 2e-05
43118 2e-05
43119 2e-05
43120 2e-05
43121 2e-05
43122 2e-05
43123 2e-05
43124 2e-05
43125 2e-05
43126 2e-05
43127 2e-05
43128 2e-05
43129 2e-05
43130 2e-05
43131 2e-05
43132 2e-05
43133 2e-05
43134 2e-05
43135 2e-05
43136 2e-05
43137 2e-05
43138 2e-05
43139 2e-05
43140 2e-05
43141 2e-05
43142 2e-05
43143 2e-05
43144 2e-05
43145 2e-05
43146 2e-05
43147 2e-05
43148 2e-05
43149 2e-05
43150 2e-05
43151 2e-05
43152 2e-05
43153 2e-05
43154 2e-05
43155 2e-05
43156 2e-05
43157 2e-05
43158 2e-05
43159 2e-05
43160 2e-05
43161 2e-05
43162 2e-05
43163 2e-05
43164 2e-05
43165 2e-05
43166 2e-05
43167 2e-05
43168 2e-05
43169 2e-05
43170 2e-05
43171 2e-05
43172 2e-05
43173 2e-05
43174 2e-05
43175 2e-05
43176 2e-05
43177 2e-05
43178 2e-05
43179 2e-05
43180 2e-05
43181 2e-05
43182 2e-05
43183 2e-05
43184 2e-05
43185 2e-05
43186 2e-05
43187 2e-05
43188 2e-05
43189 2e-05
43190 2e-05
43191 2e-05
43192 2e-05
43193 2e-05
43194 2e-05
43195 2e-05
43196 2e-05
43197 2e-05
43198 2e-05
43199 2e-05
43200 2e-05
43201 2e-05
43202 2e-05
43203 2e-05
43204 2e-05
43205 2e-05
43206 2e-05
43207 2e-05
43208 2e-05
43209 2e-05
43210 2e-05
43211 2e-05
43212 2e-05
43213 2e-05
43214 2e-05
43215 2e-05
43216 2e-05
43217 2e-05
43218 2e-05
43219 2e-05
43220 2e-05
43221 2e-05
43222 2e-05
43223 2e-05
43224 2e-05
43225 2e-05
43226 2e-05
43227 2e-05
43228 2e-05
43229 2e-05
43230 2e-05
43231 2e-05
43232 2e-05
43233 2e-05
43234 2e-05
43235 2e-05
43236 2e-05
43237 2e-05
43238 2e-05
43239 2e-05
43240 2e-05
43241 2e-05
43242 2e-05
43243 2e-05
43244 2e-05
43245 2e-05
43246 2e-05
43247 2e-05
43248 2e-05
43249 2e-05
43250 2e-05
43251 2e-05
43252 2e-05
43253 2e-05
43254 2e-05
43255 2e-05
43256 2e-05
43257 2e-05
43258 2e-05
43259 2e-05
43260 2e-05
43261 2e-05
43262 2e-05
43263 2e-05
43264 2e-05
43265 2e-05
43266 2e-05
43267 2e-05
43268 2e-05
43269 2e-05
43270 2e-05
43271 2e-05
43272 2e-05
43273 2e-05
43274 2e-05
43275 2e-05
43276 2e-05
43277 2e-05
43278 2e-05
43279 2e-05
43280 2e-05
43281 2e-05
43282 2e-05
43283 2e-05
43284 2e-05
43285 2e-05
43286 2e-05
43287 2e-05
43288 2e-05
43289 2e-05
43290 2e-05
43291 2e-05
43292 2e-05
43293 2e-05
43294 2e-05
43295 2e-05
43296 2e-05
43297 2e-05
43298 2e-05
43299 2e-05
43300 2e-05
43301 2e-05
43302 2e-05
43303 2e-05
43304 2e-05
43305 2e-05
43306 2e-05
43307 2e-05
43308 2e-05
43309 2e-05
43310 2e-05
43311 2e-05
43312 2e-05
43313 2e-05
43314 2e-05
43315 2e-05
43316 2e-05
43317 2e-05
43318 2e-05
43319 2e-05
43320 2e-05
43321 2e-05
43322 2e-05
43323 2e-05
43324 2e-05
43325 2e-05
43326 2e-05
43327 2e-05
43328 2e-05
43329 2e-05
43330 2e-05
43331 2e-05
43332 2e-05
43333 2e-05
43334 2e-05
43335 2e-05
43336 2e-05
43337 2e-05
43338 2e-05
43339 2e-05
43340 2e-05
43341 2e-05
43342 2e-05
43343 2e-05
43344 2e-05
43345 2e-05
43346 2e-05
43347 2e-05
43348 2e-05
43349 2e-05
43350 2e-05
43351 2e-05
43352 2e-05
43353 2e-05
43354 2e-05
43355 2e-05
43356 2e-05
43357 2e-05
43358 2e-05
43359 2e-05
43360 2e-05
43361 2e-05
43362 2e-05
43363 2e-05
43364 2e-05
43365 2e-05
43366 2e-05
43367 2e-05
43368 2e-05
43369 2e-05
43370 2e-05
43371 2e-05
43372 2e-05
43373 2e-05
43374 2e-05
43375 2e-05
43376 2e-05
43377 2e-05
43378 2e-05
43379 2e-05
43380 2e-05
43381 2e-05
43382 2e-05
43383 2e-05
43384 2e-05
43385 2e-05
43386 2e-05
43387 2e-05
43388 2e-05
43389 2e-05
43390 2e-05
43391 2e-05
43392 2e-05
43393 2e-05
43394 2e-05
43395 2e-05
43396 2e-05
43397 2e-05
43398 2e-05
43399 2e-05
43400 2e-05
43401 2e-05
43402 2e-05
43403 2e-05
43404 2e-05
43405 2e-05
43406 2e-05
43407 2e-05
43408 2e-05
43409 2e-05
43410 2e-05
43411 2e-05
43412 2e-05
43413 2e-05
43414 2e-05
43415 2e-05
43416 2e-05
43417 2e-05
43418 2e-05
43419 2e-05
43420 2e-05
43421 2e-05
43422 2e-05
43423 2e-05
43424 2e-05
43425 2e-05
43426 2e-05
43427 2e-05
43428 2e-05
43429 2e-05
43430 2e-05
43431 2e-05
43432 2e-05
43433 2e-05
43434 2e-05
43435 2e-05
43436 2e-05
43437 2e-05
43438 2e-05
43439 2e-05
43440 2e-05
43441 2e-05
43442 2e-05
43443 2e-05
43444 2e-05
43445 2e-05
43446 2e-05
43447 2e-05
43448 2e-05
43449 2e-05
43450 2e-05
43451 2e-05
43452 2e-05
43453 2e-05
43454 2e-05
43455 2e-05
43456 2e-05
43457 2e-05
43458 2e-05
43459 2e-05
43460 2e-05
43461 2e-05
43462 2e-05
43463 2e-05
43464 2e-05
43465 2e-05
43466 2e-05
43467 2e-05
43468 2e-05
43469 2e-05
43470 2e-05
43471 2e-05
43472 2e-05
43473 2e-05
43474 2e-05
43475 2e-05
43476 2e-05
43477 2e-05
43478 2e-05
43479 2e-05
43480 2e-05
43481 2e-05
43482 2e-05
43483 2e-05
43484 2e-05
43485 2e-05
43486 2e-05
43487 2e-05
43488 2e-05
43489 2e-05
43490 2e-05
43491 2e-05
43492 2e-05
43493 2e-05
43494 2e-05
43495 2e-05
43496 2e-05
43497 2e-05
43498 2e-05
43499 2e-05
43500 2e-05
43501 2e-05
43502 2e-05
43503 2e-05
43504 2e-05
43505 2e-05
43506 2e-05
43507 2e-05
43508 2e-05
43509 2e-05
43510 2e-05
43511 2e-05
43512 2e-05
43513 2e-05
43514 2e-05
43515 2e-05
43516 2e-05
43517 2e-05
43518 2e-05
43519 2e-05
43520 2e-05
43521 2e-05
43522 2e-05
43523 2e-05
43524 2e-05
43525 2e-05
43526 2e-05
43527 2e-05
43528 2e-05
43529 2e-05
43530 2e-05
43531 2e-05
43532 2e-05
43533 2e-05
43534 2e-05
43535 2e-05
43536 2e-05
43537 2e-05
43538 2e-05
43539 2e-05
43540 2e-05
43541 2e-05
43542 2e-05
43543 2e-05
43544 2e-05
43545 2e-05
43546 2e-05
43547 2e-05
43548 2e-05
43549 2e-05
43550 2e-05
43551 2e-05
43552 2e-05
43553 2e-05
43554 2e-05
43555 2e-05
43556 2e-05
43557 2e-05
43558 2e-05
43559 2e-05
43560 2e-05
43561 2e-05
43562 2e-05
43563 2e-05
43564 2e-05
43565 2e-05
43566 2e-05
43567 2e-05
43568 2e-05
43569 2e-05
43570 2e-05
43571 2e-05
43572 2e-05
43573 2e-05
43574 2e-05
43575 2e-05
43576 2e-05
43577 2e-05
43578 2e-05
43579 2e-05
43580 2e-05
43581 2e-05
43582 2e-05
43583 2e-05
43584 2e-05
43585 2e-05
43586 2e-05
43587 2e-05
43588 2e-05
43589 2e-05
43590 2e-05
43591 2e-05
43592 2e-05
43593 2e-05
43594 2e-05
43595 2e-05
43596 2e-05
43597 2e-05
43598 2e-05
43599 2e-05
43600 2e-05
43601 2e-05
43602 2e-05
43603 2e-05
43604 2e-05
43605 2e-05
43606 2e-05
43607 2e-05
43608 2e-05
43609 2e-05
43610 2e-05
43611 2e-05
43612 2e-05
43613 2e-05
43614 2e-05
43615 2e-05
43616 2e-05
43617 2e-05
43618 2e-05
43619 2e-05
43620 2e-05
43621 2e-05
43622 2e-05
43623 2e-05
43624 2e-05
43625 2e-05
43626 2e-05
43627 2e-05
43628 2e-05
43629 2e-05
43630 2e-05
43631 2e-05
43632 2e-05
43633 2e-05
43634 2e-05
43635 2e-05
43636 2e-05
43637 2e-05
43638 2e-05
43639 2e-05
43640 2e-05
43641 2e-05
43642 2e-05
43643 2e-05
43644 2e-05
43645 2e-05
43646 2e-05
43647 2e-05
43648 2e-05
43649 2e-05
43650 2e-05
43651 2e-05
43652 2e-05
43653 2e-05
43654 2e-05
43655 2e-05
43656 2e-05
43657 2e-05
43658 2e-05
43659 2e-05
43660 2e-05
43661 2e-05
43662 2e-05
43663 2e-05
43664 2e-05
43665 2e-05
43666 2e-05
43667 2e-05
43668 2e-05
43669 2e-05
43670 2e-05
43671 2e-05
43672 2e-05
43673 2e-05
43674 2e-05
43675 2e-05
43676 2e-05
43677 2e-05
43678 2e-05
43679 2e-05
43680 2e-05
43681 2e-05
43682 2e-05
43683 2e-05
43684 2e-05
43685 2e-05
43686 2e-05
43687 2e-05
43688 2e-05
43689 2e-05
43690 2e-05
43691 2e-05
43692 2e-05
43693 2e-05
43694 2e-05
43695 2e-05
43696 2e-05
43697 2e-05
43698 2e-05
43699 2e-05
43700 2e-05
43701 2e-05
43702 2e-05
43703 2e-05
43704 2e-05
43705 2e-05
43706 2e-05
43707 2e-05
43708 2e-05
43709 2e-05
43710 2e-05
43711 2e-05
43712 2e-05
43713 2e-05
43714 2e-05
43715 2e-05
43716 2e-05
43717 2e-05
43718 2e-05
43719 2e-05
43720 2e-05
43721 2e-05
43722 2e-05
43723 2e-05
43724 2e-05
43725 2e-05
43726 2e-05
43727 2e-05
43728 2e-05
43729 2e-05
43730 2e-05
43731 2e-05
43732 2e-05
43733 2e-05
43734 2e-05
43735 2e-05
43736 2e-05
43737 2e-05
43738 2e-05
43739 2e-05
43740 2e-05
43741 2e-05
43742 2e-05
43743 2e-05
43744 2e-05
43745 2e-05
43746 2e-05
43747 2e-05
43748 2e-05
43749 2e-05
43750 2e-05
43751 2e-05
43752 2e-05
43753 2e-05
43754 2e-05
43755 2e-05
43756 2e-05
43757 2e-05
43758 2e-05
43759 2e-05
43760 2e-05
43761 2e-05
43762 2e-05
43763 2e-05
43764 2e-05
43765 2e-05
43766 2e-05
43767 2e-05
43768 2e-05
43769 2e-05
43770 2e-05
43771 2e-05
43772 2e-05
43773 2e-05
43774 2e-05
43775 2e-05
43776 2e-05
43777 2e-05
43778 2e-05
43779 2e-05
43780 2e-05
43781 2e-05
43782 2e-05
43783 2e-05
43784 2e-05
43785 2e-05
43786 2e-05
43787 2e-05
43788 2e-05
43789 2e-05
43790 2e-05
43791 2e-05
43792 2e-05
43793 2e-05
43794 2e-05
43795 2e-05
43796 2e-05
43797 2e-05
43798 2e-05
43799 2e-05
43800 2e-05
43801 2e-05
43802 2e-05
43803 2e-05
43804 2e-05
43805 2e-05
43806 2e-05
43807 2e-05
43808 2e-05
43809 2e-05
43810 2e-05
43811 2e-05
43812 2e-05
43813 2e-05
43814 2e-05
43815 2e-05
43816 2e-05
43817 2e-05
43818 2e-05
43819 2e-05
43820 2e-05
43821 2e-05
43822 2e-05
43823 2e-05
43824 2e-05
43825 2e-05
43826 2e-05
43827 2e-05
43828 2e-05
43829 2e-05
43830 2e-05
43831 2e-05
43832 2e-05
43833 2e-05
43834 2e-05
43835 2e-05
43836 2e-05
43837 2e-05
43838 2e-05
43839 2e-05
43840 2e-05
43841 2e-05
43842 2e-05
43843 2e-05
43844 2e-05
43845 2e-05
43846 2e-05
43847 2e-05
43848 2e-05
43849 2e-05
43850 2e-05
43851 2e-05
43852 2e-05
43853 2e-05
43854 2e-05
43855 2e-05
43856 2e-05
43857 2e-05
43858 2e-05
43859 2e-05
43860 2e-05
43861 2e-05
43862 2e-05
43863 2e-05
43864 2e-05
43865 2e-05
43866 2e-05
43867 2e-05
43868 2e-05
43869 2e-05
43870 2e-05
43871 2e-05
43872 2e-05
43873 2e-05
43874 2e-05
43875 2e-05
43876 2e-05
43877 2e-05
43878 2e-05
43879 2e-05
43880 2e-05
43881 2e-05
43882 2e-05
43883 2e-05
43884 2e-05
43885 2e-05
43886 2e-05
43887 2e-05
43888 2e-05
43889 2e-05
43890 2e-05
43891 2e-05
43892 2e-05
43893 2e-05
43894 2e-05
43895 2e-05
43896 2e-05
43897 2e-05
43898 2e-05
43899 2e-05
43900 2e-05
43901 2e-05
43902 2e-05
43903 2e-05
43904 2e-05
43905 2e-05
43906 2e-05
43907 2e-05
43908 2e-05
43909 2e-05
43910 2e-05
43911 2e-05
43912 2e-05
43913 2e-05
43914 2e-05
43915 2e-05
43916 2e-05
43917 2e-05
43918 2e-05
43919 2e-05
43920 2e-05
43921 2e-05
43922 2e-05
43923 2e-05
43924 2e-05
43925 2e-05
43926 2e-05
43927 2e-05
43928 2e-05
43929 2e-05
43930 2e-05
43931 2e-05
43932 2e-05
43933 2e-05
43934 2e-05
43935 2e-05
43936 2e-05
43937 2e-05
43938 2e-05
43939 2e-05
43940 2e-05
43941 2e-05
43942 2e-05
43943 2e-05
43944 2e-05
43945 2e-05
43946 2e-05
43947 2e-05
43948 2e-05
43949 2e-05
43950 2e-05
43951 2e-05
43952 2e-05
43953 2e-05
43954 2e-05
43955 2e-05
43956 2e-05
43957 2e-05
43958 2e-05
43959 2e-05
43960 2e-05
43961 2e-05
43962 2e-05
43963 2e-05
43964 2e-05
43965 2e-05
43966 2e-05
43967 2e-05
43968 2e-05
43969 2e-05
43970 2e-05
43971 2e-05
43972 2e-05
43973 2e-05
43974 2e-05
43975 2e-05
43976 2e-05
43977 2e-05
43978 2e-05
43979 2e-05
43980 2e-05
43981 2e-05
43982 2e-05
43983 2e-05
43984 2e-05
43985 2e-05
43986 2e-05
43987 2e-05
43988 2e-05
43989 2e-05
43990 2e-05
43991 2e-05
43992 2e-05
43993 2e-05
43994 2e-05
43995 2e-05
43996 2e-05
43997 2e-05
43998 2e-05
43999 2e-05
44000 2e-05
44001 2e-05
44002 2e-05
44003 2e-05
44004 2e-05
44005 2e-05
44006 2e-05
44007 2e-05
44008 2e-05
44009 2e-05
44010 2e-05
44011 2e-05
44012 2e-05
44013 2e-05
44014 2e-05
44015 2e-05
44016 2e-05
44017 2e-05
44018 2e-05
44019 2e-05
44020 2e-05
44021 2e-05
44022 2e-05
44023 2e-05
44024 2e-05
44025 2e-05
44026 2e-05
44027 2e-05
44028 2e-05
44029 2e-05
44030 2e-05
44031 2e-05
44032 2e-05
44033 2e-05
44034 2e-05
44035 2e-05
44036 2e-05
44037 2e-05
44038 2e-05
44039 2e-05
44040 2e-05
44041 2e-05
44042 2e-05
44043 2e-05
44044 2e-05
44045 2e-05
44046 2e-05
44047 2e-05
44048 2e-05
44049 2e-05
44050 2e-05
44051 2e-05
44052 2e-05
44053 2e-05
44054 2e-05
44055 2e-05
44056 2e-05
44057 2e-05
44058 2e-05
44059 2e-05
44060 2e-05
44061 2e-05
44062 2e-05
44063 2e-05
44064 2e-05
44065 2e-05
44066 2e-05
44067 2e-05
44068 2e-05
44069 2e-05
44070 2e-05
44071 2e-05
44072 2e-05
44073 2e-05
44074 2e-05
44075 2e-05
44076 2e-05
44077 2e-05
44078 2e-05
44079 2e-05
44080 2e-05
44081 2e-05
44082 2e-05
44083 2e-05
44084 2e-05
44085 2e-05
44086 2e-05
44087 2e-05
44088 2e-05
44089 2e-05
44090 2e-05
44091 2e-05
44092 2e-05
44093 2e-05
44094 2e-05
44095 2e-05
44096 2e-05
44097 2e-05
44098 2e-05
44099 2e-05
44100 2e-05
44101 2e-05
44102 2e-05
44103 2e-05
44104 2e-05
44105 2e-05
44106 2e-05
44107 2e-05
44108 2e-05
44109 2e-05
44110 2e-05
44111 2e-05
44112 2e-05
44113 2e-05
44114 2e-05
44115 2e-05
44116 2e-05
44117 2e-05
44118 2e-05
44119 2e-05
44120 2e-05
44121 2e-05
44122 2e-05
44123 2e-05
44124 2e-05
44125 2e-05
44126 2e-05
44127 2e-05
44128 2e-05
44129 2e-05
44130 2e-05
44131 2e-05
44132 2e-05
44133 2e-05
44134 2e-05
44135 2e-05
44136 2e-05
44137 2e-05
44138 2e-05
44139 2e-05
44140 2e-05
44141 2e-05
44142 2e-05
44143 2e-05
44144 2e-05
44145 2e-05
44146 2e-05
44147 2e-05
44148 2e-05
44149 2e-05
44150 2e-05
44151 2e-05
44152 2e-05
44153 2e-05
44154 2e-05
44155 2e-05
44156 2e-05
44157 2e-05
44158 2e-05
44159 2e-05
44160 2e-05
44161 2e-05
44162 2e-05
44163 2e-05
44164 2e-05
44165 2e-05
44166 2e-05
44167 2e-05
44168 2e-05
44169 2e-05
44170 2e-05
44171 2e-05
44172 2e-05
44173 2e-05
44174 2e-05
44175 2e-05
44176 2e-05
44177 2e-05
44178 2e-05
44179 2e-05
44180 2e-05
44181 2e-05
44182 2e-05
44183 2e-05
44184 2e-05
44185 2e-05
44186 2e-05
44187 2e-05
44188 2e-05
44189 2e-05
44190 2e-05
44191 2e-05
44192 2e-05
44193 2e-05
44194 2e-05
44195 2e-05
44196 2e-05
44197 2e-05
44198 2e-05
44199 2e-05
44200 2e-05
44201 2e-05
44202 2e-05
44203 2e-05
44204 2e-05
44205 2e-05
44206 2e-05
44207 2e-05
44208 2e-05
44209 2e-05
44210 2e-05
44211 2e-05
44212 2e-05
44213 2e-05
44214 2e-05
44215 2e-05
44216 2e-05
44217 2e-05
44218 2e-05
44219 2e-05
44220 2e-05
44221 2e-05
44222 2e-05
44223 2e-05
44224 2e-05
44225 2e-05
44226 2e-05
44227 2e-05
44228 2e-05
44229 2e-05
44230 2e-05
44231 2e-05
44232 2e-05
44233 2e-05
44234 2e-05
44235 2e-05
44236 2e-05
44237 2e-05
44238 2e-05
44239 2e-05
44240 2e-05
44241 2e-05
44242 2e-05
44243 2e-05
44244 2e-05
44245 2e-05
44246 2e-05
44247 2e-05
44248 2e-05
44249 2e-05
44250 2e-05
44251 2e-05
44252 2e-05
44253 2e-05
44254 2e-05
44255 2e-05
44256 2e-05
44257 2e-05
44258 2e-05
44259 2e-05
44260 2e-05
44261 2e-05
44262 2e-05
44263 2e-05
44264 2e-05
44265 2e-05
44266 2e-05
44267 2e-05
44268 2e-05
44269 2e-05
44270 2e-05
44271 2e-05
44272 2e-05
44273 2e-05
44274 2e-05
44275 2e-05
44276 2e-05
44277 2e-05
44278 2e-05
44279 2e-05
44280 2e-05
44281 2e-05
44282 2e-05
44283 2e-05
44284 2e-05
44285 2e-05
44286 2e-05
44287 2e-05
44288 2e-05
44289 2e-05
44290 2e-05
44291 2e-05
44292 2e-05
44293 2e-05
44294 2e-05
44295 2e-05
44296 2e-05
44297 2e-05
44298 2e-05
44299 2e-05
44300 2e-05
44301 2e-05
44302 2e-05
44303 2e-05
44304 2e-05
44305 2e-05
44306 2e-05
44307 2e-05
44308 2e-05
44309 2e-05
44310 2e-05
44311 2e-05
44312 2e-05
44313 2e-05
44314 2e-05
44315 2e-05
44316 2e-05
44317 2e-05
44318 2e-05
44319 2e-05
44320 2e-05
44321 2e-05
44322 2e-05
44323 2e-05
44324 2e-05
44325 2e-05
44326 2e-05
44327 2e-05
44328 2e-05
44329 2e-05
44330 2e-05
44331 2e-05
44332 2e-05
44333 2e-05
44334 2e-05
44335 2e-05
44336 2e-05
44337 2e-05
44338 2e-05
44339 2e-05
44340 2e-05
44341 2e-05
44342 2e-05
44343 2e-05
44344 2e-05
44345 2e-05
44346 2e-05
44347 2e-05
44348 2e-05
44349 2e-05
44350 2e-05
44351 2e-05
44352 2e-05
44353 2e-05
44354 2e-05
44355 2e-05
44356 2e-05
44357 2e-05
44358 2e-05
44359 2e-05
44360 2e-05
44361 2e-05
44362 2e-05
44363 2e-05
44364 2e-05
44365 2e-05
44366 2e-05
44367 2e-05
44368 2e-05
44369 2e-05
44370 2e-05
44371 2e-05
44372 2e-05
44373 2e-05
44374 2e-05
44375 2e-05
44376 2e-05
44377 2e-05
44378 2e-05
44379 2e-05
44380 2e-05
44381 2e-05
44382 2e-05
44383 2e-05
44384 2e-05
44385 2e-05
44386 2e-05
44387 2e-05
44388 2e-05
44389 2e-05
44390 2e-05
44391 2e-05
44392 2e-05
44393 2e-05
44394 2e-05
44395 2e-05
44396 2e-05
44397 2e-05
44398 2e-05
44399 2e-05
44400 2e-05
44401 2e-05
44402 2e-05
44403 2e-05
44404 2e-05
44405 2e-05
44406 2e-05
44407 2e-05
44408 2e-05
44409 2e-05
44410 2e-05
44411 2e-05
44412 2e-05
44413 2e-05
44414 2e-05
44415 2e-05
44416 2e-05
44417 2e-05
44418 2e-05
44419 2e-05
44420 2e-05
44421 2e-05
44422 2e-05
44423 2e-05
44424 2e-05
44425 2e-05
44426 2e-05
44427 2e-05
44428 2e-05
44429 2e-05
44430 2e-05
44431 2e-05
44432 2e-05
44433 2e-05
44434 2e-05
44435 2e-05
44436 2e-05
44437 2e-05
44438 2e-05
44439 2e-05
44440 2e-05
44441 2e-05
44442 2e-05
44443 2e-05
44444 2e-05
44445 2e-05
44446 2e-05
44447 2e-05
44448 2e-05
44449 2e-05
44450 2e-05
44451 2e-05
44452 2e-05
44453 2e-05
44454 2e-05
44455 2e-05
44456 2e-05
44457 2e-05
44458 2e-05
44459 2e-05
44460 2e-05
44461 2e-05
44462 2e-05
44463 2e-05
44464 2e-05
44465 2e-05
44466 2e-05
44467 2e-05
44468 2e-05
44469 2e-05
44470 2e-05
44471 2e-05
44472 2e-05
44473 2e-05
44474 2e-05
44475 2e-05
44476 2e-05
44477 2e-05
44478 2e-05
44479 2e-05
44480 2e-05
44481 2e-05
44482 2e-05
44483 2e-05
44484 2e-05
44485 2e-05
44486 2e-05
44487 2e-05
44488 2e-05
44489 2e-05
44490 2e-05
44491 2e-05
44492 2e-05
44493 2e-05
44494 2e-05
44495 2e-05
44496 2e-05
44497 2e-05
44498 2e-05
44499 2e-05
44500 2e-05
44501 2e-05
44502 2e-05
44503 2e-05
44504 2e-05
44505 2e-05
44506 2e-05
44507 2e-05
44508 2e-05
44509 2e-05
44510 2e-05
44511 2e-05
44512 2e-05
44513 2e-05
44514 2e-05
44515 2e-05
44516 2e-05
44517 2e-05
44518 2e-05
44519 2e-05
44520 2e-05
44521 2e-05
44522 2e-05
44523 2e-05
44524 2e-05
44525 2e-05
44526 2e-05
44527 2e-05
44528 2e-05
44529 2e-05
44530 2e-05
44531 2e-05
44532 2e-05
44533 2e-05
44534 2e-05
44535 2e-05
44536 2e-05
44537 2e-05
44538 2e-05
44539 2e-05
44540 2e-05
44541 2e-05
44542 2e-05
44543 2e-05
44544 2e-05
44545 2e-05
44546 2e-05
44547 2e-05
44548 2e-05
44549 2e-05
44550 2e-05
44551 2e-05
44552 2e-05
44553 2e-05
44554 2e-05
44555 2e-05
44556 2e-05
44557 2e-05
44558 2e-05
44559 2e-05
44560 2e-05
44561 2e-05
44562 2e-05
44563 2e-05
44564 2e-05
44565 2e-05
44566 2e-05
44567 2e-05
44568 2e-05
44569 2e-05
44570 2e-05
44571 2e-05
44572 2e-05
44573 2e-05
44574 2e-05
44575 2e-05
44576 2e-05
44577 2e-05
44578 2e-05
44579 2e-05
44580 2e-05
44581 2e-05
44582 2e-05
44583 2e-05
44584 2e-05
44585 2e-05
44586 2e-05
44587 2e-05
44588 2e-05
44589 2e-05
44590 2e-05
44591 2e-05
44592 2e-05
44593 2e-05
44594 2e-05
44595 2e-05
44596 2e-05
44597 2e-05
44598 2e-05
44599 2e-05
44600 2e-05
44601 2e-05
44602 2e-05
44603 2e-05
44604 2e-05
44605 2e-05
44606 2e-05
44607 2e-05
44608 2e-05
44609 2e-05
44610 2e-05
44611 2e-05
44612 2e-05
44613 2e-05
44614 2e-05
44615 2e-05
44616 2e-05
44617 2e-05
44618 2e-05
44619 2e-05
44620 2e-05
44621 2e-05
44622 2e-05
44623 2e-05
44624 2e-05
44625 2e-05
44626 2e-05
44627 2e-05
44628 2e-05
44629 2e-05
44630 2e-05
44631 2e-05
44632 2e-05
44633 2e-05
44634 2e-05
44635 2e-05
44636 2e-05
44637 2e-05
44638 2e-05
44639 2e-05
44640 2e-05
44641 2e-05
44642 2e-05
44643 2e-05
44644 2e-05
44645 2e-05
44646 2e-05
44647 2e-05
44648 2e-05
44649 2e-05
44650 2e-05
44651 2e-05
44652 2e-05
44653 2e-05
44654 2e-05
44655 2e-05
44656 2e-05
44657 2e-05
44658 2e-05
44659 2e-05
44660 2e-05
44661 2e-05
44662 2e-05
44663 2e-05
44664 2e-05
44665 2e-05
44666 2e-05
44667 2e-05
44668 2e-05
44669 2e-05
44670 2e-05
44671 2e-05
44672 2e-05
44673 2e-05
44674 2e-05
44675 2e-05
44676 2e-05
44677 2e-05
44678 2e-05
44679 2e-05
44680 2e-05
44681 2e-05
44682 2e-05
44683 2e-05
44684 2e-05
44685 2e-05
44686 2e-05
44687 2e-05
44688 2e-05
44689 2e-05
44690 2e-05
44691 2e-05
44692 2e-05
44693 2e-05
44694 2e-05
44695 2e-05
44696 2e-05
44697 2e-05
44698 2e-05
44699 2e-05
44700 2e-05
44701 2e-05
44702 2e-05
44703 2e-05
44704 2e-05
44705 2e-05
44706 2e-05
44707 2e-05
44708 2e-05
44709 2e-05
44710 2e-05
44711 2e-05
44712 2e-05
44713 2e-05
44714 2e-05
44715 2e-05
44716 2e-05
44717 2e-05
44718 2e-05
44719 2e-05
44720 2e-05
44721 2e-05
44722 2e-05
44723 2e-05
44724 2e-05
44725 2e-05
44726 2e-05
44727 2e-05
44728 2e-05
44729 2e-05
44730 2e-05
44731 2e-05
44732 2e-05
44733 2e-05
44734 2e-05
44735 2e-05
44736 2e-05
44737 2e-05
44738 2e-05
44739 2e-05
44740 2e-05
44741 2e-05
44742 2e-05
44743 2e-05
44744 2e-05
44745 2e-05
44746 2e-05
44747 2e-05
44748 2e-05
44749 2e-05
44750 2e-05
44751 2e-05
44752 2e-05
44753 2e-05
44754 2e-05
44755 2e-05
44756 2e-05
44757 2e-05
44758 2e-05
44759 2e-05
44760 2e-05
44761 2e-05
44762 2e-05
44763 2e-05
44764 2e-05
44765 2e-05
44766 2e-05
44767 2e-05
44768 2e-05
44769 2e-05
44770 2e-05
44771 2e-05
44772 2e-05
44773 2e-05
44774 2e-05
44775 2e-05
44776 2e-05
44777 2e-05
44778 2e-05
44779 2e-05
44780 2e-05
44781 2e-05
44782 2e-05
44783 2e-05
44784 2e-05
44785 2e-05
44786 2e-05
44787 2e-05
44788 2e-05
44789 2e-05
44790 2e-05
44791 2e-05
44792 2e-05
44793 2e-05
44794 2e-05
44795 2e-05
44796 2e-05
44797 2e-05
44798 2e-05
44799 2e-05
44800 2e-05
44801 2e-05
44802 2e-05
44803 2e-05
44804 2e-05
44805 2e-05
44806 2e-05
44807 2e-05
44808 2e-05
44809 2e-05
44810 2e-05
44811 2e-05
44812 2e-05
44813 2e-05
44814 2e-05
44815 2e-05
44816 2e-05
44817 2e-05
44818 2e-05
44819 2e-05
44820 2e-05
44821 2e-05
44822 2e-05
44823 2e-05
44824 2e-05
44825 2e-05
44826 2e-05
44827 2e-05
44828 2e-05
44829 2e-05
44830 2e-05
44831 2e-05
44832 2e-05
44833 2e-05
44834 2e-05
44835 2e-05
44836 2e-05
44837 2e-05
44838 2e-05
44839 2e-05
44840 2e-05
44841 2e-05
44842 2e-05
44843 2e-05
44844 2e-05
44845 2e-05
44846 2e-05
44847 2e-05
44848 2e-05
44849 2e-05
44850 2e-05
44851 2e-05
44852 2e-05
44853 2e-05
44854 2e-05
44855 2e-05
44856 2e-05
44857 2e-05
44858 2e-05
44859 2e-05
44860 2e-05
44861 2e-05
44862 2e-05
44863 2e-05
44864 2e-05
44865 2e-05
44866 2e-05
44867 2e-05
44868 2e-05
44869 2e-05
44870 2e-05
44871 2e-05
44872 2e-05
44873 2e-05
44874 2e-05
44875 2e-05
44876 2e-05
44877 2e-05
44878 2e-05
44879 2e-05
44880 2e-05
44881 2e-05
44882 2e-05
44883 2e-05
44884 2e-05
44885 2e-05
44886 2e-05
44887 2e-05
44888 2e-05
44889 2e-05
44890 2e-05
44891 2e-05
44892 2e-05
44893 2e-05
44894 2e-05
44895 2e-05
44896 2e-05
44897 2e-05
44898 2e-05
44899 2e-05
44900 2e-05
44901 2e-05
44902 2e-05
44903 2e-05
44904 2e-05
44905 2e-05
44906 2e-05
44907 2e-05
44908 2e-05
44909 2e-05
44910 2e-05
44911 2e-05
44912 2e-05
44913 2e-05
44914 2e-05
44915 2e-05
44916 2e-05
44917 2e-05
44918 2e-05
44919 2e-05
44920 2e-05
44921 2e-05
44922 2e-05
44923 2e-05
44924 2e-05
44925 2e-05
44926 2e-05
44927 2e-05
44928 2e-05
44929 2e-05
44930 2e-05
44931 2e-05
44932 2e-05
44933 2e-05
44934 2e-05
44935 2e-05
44936 2e-05
44937 2e-05
44938 2e-05
44939 2e-05
44940 2e-05
44941 2e-05
44942 2e-05
44943 2e-05
44944 2e-05
44945 2e-05
44946 2e-05
44947 2e-05
44948 2e-05
44949 2e-05
44950 2e-05
44951 2e-05
44952 2e-05
44953 2e-05
44954 2e-05
44955 2e-05
44956 2e-05
44957 2e-05
44958 2e-05
44959 2e-05
44960 2e-05
44961 2e-05
44962 2e-05
44963 2e-05
44964 2e-05
44965 2e-05
44966 2e-05
44967 2e-05
44968 2e-05
44969 2e-05
44970 2e-05
44971 2e-05
44972 2e-05
44973 2e-05
44974 2e-05
44975 2e-05
44976 2e-05
44977 2e-05
44978 2e-05
44979 2e-05
44980 2e-05
44981 2e-05
44982 2e-05
44983 2e-05
44984 2e-05
44985 2e-05
44986 2e-05
44987 2e-05
44988 2e-05
44989 2e-05
44990 2e-05
44991 2e-05
44992 2e-05
44993 2e-05
44994 2e-05
44995 2e-05
44996 2e-05
44997 2e-05
44998 2e-05
44999 2e-05
45000 2e-05
45001 2e-05
45002 2e-05
45003 2e-05
45004 2e-05
45005 2e-05
45006 2e-05
45007 2e-05
45008 2e-05
45009 2e-05
45010 2e-05
45011 2e-05
45012 2e-05
45013 2e-05
45014 2e-05
45015 2e-05
45016 2e-05
45017 2e-05
45018 2e-05
45019 2e-05
45020 2e-05
45021 2e-05
45022 2e-05
45023 2e-05
45024 2e-05
45025 2e-05
45026 2e-05
45027 2e-05
45028 2e-05
45029 2e-05
45030 2e-05
45031 2e-05
45032 2e-05
45033 2e-05
45034 2e-05
45035 2e-05
45036 2e-05
45037 2e-05
45038 2e-05
45039 2e-05
45040 2e-05
45041 2e-05
45042 2e-05
45043 2e-05
45044 2e-05
45045 2e-05
45046 2e-05
45047 2e-05
45048 2e-05
45049 2e-05
45050 2e-05
45051 2e-05
45052 2e-05
45053 2e-05
45054 2e-05
45055 2e-05
45056 2e-05
45057 2e-05
45058 2e-05
45059 2e-05
45060 2e-05
45061 2e-05
45062 2e-05
45063 2e-05
45064 2e-05
45065 2e-05
45066 2e-05
45067 2e-05
45068 2e-05
45069 2e-05
45070 2e-05
45071 2e-05
45072 2e-05
45073 2e-05
45074 2e-05
45075 2e-05
45076 2e-05
45077 2e-05
45078 2e-05
45079 2e-05
45080 2e-05
45081 2e-05
45082 2e-05
45083 2e-05
45084 2e-05
45085 2e-05
45086 2e-05
45087 2e-05
45088 2e-05
45089 2e-05
45090 2e-05
45091 2e-05
45092 2e-05
45093 2e-05
45094 2e-05
45095 2e-05
45096 2e-05
45097 2e-05
45098 2e-05
45099 2e-05
45100 2e-05
45101 2e-05
45102 2e-05
45103 2e-05
45104 2e-05
45105 2e-05
45106 2e-05
45107 2e-05
45108 2e-05
45109 2e-05
45110 2e-05
45111 2e-05
45112 2e-05
45113 2e-05
45114 2e-05
45115 2e-05
45116 2e-05
45117 2e-05
45118 2e-05
45119 2e-05
45120 2e-05
45121 2e-05
45122 2e-05
45123 2e-05
45124 2e-05
45125 2e-05
45126 2e-05
45127 2e-05
45128 2e-05
45129 2e-05
45130 2e-05
45131 2e-05
45132 2e-05
45133 2e-05
45134 2e-05
45135 2e-05
45136 2e-05
45137 2e-05
45138 2e-05
45139 2e-05
45140 2e-05
45141 2e-05
45142 2e-05
45143 2e-05
45144 2e-05
45145 2e-05
45146 2e-05
45147 2e-05
45148 2e-05
45149 2e-05
45150 2e-05
45151 2e-05
45152 2e-05
45153 2e-05
45154 2e-05
45155 2e-05
45156 2e-05
45157 2e-05
45158 2e-05
45159 2e-05
45160 2e-05
45161 2e-05
45162 2e-05
45163 2e-05
45164 2e-05
45165 2e-05
45166 2e-05
45167 2e-05
45168 2e-05
45169 2e-05
45170 2e-05
45171 2e-05
45172 2e-05
45173 2e-05
45174 2e-05
45175 2e-05
45176 2e-05
45177 2e-05
45178 2e-05
45179 2e-05
45180 2e-05
45181 2e-05
45182 2e-05
45183 2e-05
45184 2e-05
45185 2e-05
45186 2e-05
45187 2e-05
45188 2e-05
45189 2e-05
45190 2e-05
45191 2e-05
45192 2e-05
45193 2e-05
45194 2e-05
45195 2e-05
45196 2e-05
45197 2e-05
45198 2e-05
45199 2e-05
45200 2e-05
45201 2e-05
45202 2e-05
45203 2e-05
45204 2e-05
45205 2e-05
45206 2e-05
45207 2e-05
45208 2e-05
45209 2e-05
45210 2e-05
45211 2e-05
45212 2e-05
45213 2e-05
45214 2e-05
45215 2e-05
45216 2e-05
45217 2e-05
45218 2e-05
45219 2e-05
45220 2e-05
45221 2e-05
45222 2e-05
45223 2e-05
45224 2e-05
45225 2e-05
45226 2e-05
45227 2e-05
45228 2e-05
45229 2e-05
45230 2e-05
45231 2e-05
45232 2e-05
45233 2e-05
45234 2e-05
45235 2e-05
45236 2e-05
45237 2e-05
45238 2e-05
45239 2e-05
45240 2e-05
45241 2e-05
45242 2e-05
45243 2e-05
45244 2e-05
45245 2e-05
45246 2e-05
45247 2e-05
45248 2e-05
45249 2e-05
45250 2e-05
45251 2e-05
45252 2e-05
45253 2e-05
45254 2e-05
45255 2e-05
45256 2e-05
45257 2e-05
45258 2e-05
45259 2e-05
45260 2e-05
45261 2e-05
45262 2e-05
45263 2e-05
45264 2e-05
45265 2e-05
45266 2e-05
45267 2e-05
45268 2e-05
45269 2e-05
45270 2e-05
45271 2e-05
45272 2e-05
45273 2e-05
45274 2e-05
45275 2e-05
45276 2e-05
45277 2e-05
45278 2e-05
45279 2e-05
45280 2e-05
45281 2e-05
45282 2e-05
45283 2e-05
45284 2e-05
45285 2e-05
45286 2e-05
45287 2e-05
45288 2e-05
45289 2e-05
45290 2e-05
45291 2e-05
45292 2e-05
45293 2e-05
45294 2e-05
45295 2e-05
45296 2e-05
45297 2e-05
45298 2e-05
45299 2e-05
45300 2e-05
45301 2e-05
45302 2e-05
45303 2e-05
45304 2e-05
45305 2e-05
45306 2e-05
45307 2e-05
45308 2e-05
45309 2e-05
45310 2e-05
45311 2e-05
45312 2e-05
45313 2e-05
45314 2e-05
45315 2e-05
45316 2e-05
45317 2e-05
45318 2e-05
45319 2e-05
45320 2e-05
45321 2e-05
45322 2e-05
45323 2e-05
45324 2e-05
45325 2e-05
45326 2e-05
45327 2e-05
45328 2e-05
45329 2e-05
45330 2e-05
45331 2e-05
45332 2e-05
45333 2e-05
45334 2e-05
45335 2e-05
45336 2e-05
45337 2e-05
45338 2e-05
45339 2e-05
45340 2e-05
45341 2e-05
45342 2e-05
45343 2e-05
45344 2e-05
45345 2e-05
45346 2e-05
45347 2e-05
45348 2e-05
45349 2e-05
45350 2e-05
45351 2e-05
45352 2e-05
45353 2e-05
45354 2e-05
45355 2e-05
45356 2e-05
45357 2e-05
45358 2e-05
45359 2e-05
45360 2e-05
45361 2e-05
45362 2e-05
45363 2e-05
45364 2e-05
45365 2e-05
45366 2e-05
45367 2e-05
45368 2e-05
45369 2e-05
45370 2e-05
45371 2e-05
45372 2e-05
45373 2e-05
45374 2e-05
45375 2e-05
45376 2e-05
45377 2e-05
45378 2e-05
45379 2e-05
45380 2e-05
45381 2e-05
45382 2e-05
45383 2e-05
45384 2e-05
45385 2e-05
45386 2e-05
45387 2e-05
45388 2e-05
45389 2e-05
45390 2e-05
45391 2e-05
45392 2e-05
45393 2e-05
45394 2e-05
45395 2e-05
45396 2e-05
45397 2e-05
45398 2e-05
45399 2e-05
45400 2e-05
45401 2e-05
45402 2e-05
45403 2e-05
45404 2e-05
45405 2e-05
45406 2e-05
45407 2e-05
45408 2e-05
45409 2e-05
45410 2e-05
45411 2e-05
45412 2e-05
45413 2e-05
45414 2e-05
45415 2e-05
45416 2e-05
45417 2e-05
45418 2e-05
45419 2e-05
45420 2e-05
45421 2e-05
45422 2e-05
45423 2e-05
45424 2e-05
45425 2e-05
45426 2e-05
45427 2e-05
45428 2e-05
45429 2e-05
45430 2e-05
45431 2e-05
45432 2e-05
45433 2e-05
45434 2e-05
45435 2e-05
45436 2e-05
45437 2e-05
45438 2e-05
45439 2e-05
45440 2e-05
45441 2e-05
45442 2e-05
45443 2e-05
45444 2e-05
45445 2e-05
45446 2e-05
45447 2e-05
45448 2e-05
45449 2e-05
45450 2e-05
45451 2e-05
45452 2e-05
45453 2e-05
45454 2e-05
45455 2e-05
45456 2e-05
45457 2e-05
45458 2e-05
45459 2e-05
45460 2e-05
45461 2e-05
45462 2e-05
45463 2e-05
45464 2e-05
45465 2e-05
45466 2e-05
45467 2e-05
45468 2e-05
45469 2e-05
45470 2e-05
45471 2e-05
45472 2e-05
45473 2e-05
45474 2e-05
45475 2e-05
45476 2e-05
45477 2e-05
45478 2e-05
45479 2e-05
45480 2e-05
45481 2e-05
45482 2e-05
45483 2e-05
45484 2e-05
45485 2e-05
45486 2e-05
45487 2e-05
45488 2e-05
45489 2e-05
45490 2e-05
45491 2e-05
45492 2e-05
45493 2e-05
45494 2e-05
45495 2e-05
45496 2e-05
45497 2e-05
45498 2e-05
45499 2e-05
45500 2e-05
45501 2e-05
45502 2e-05
45503 2e-05
45504 2e-05
45505 2e-05
45506 2e-05
45507 2e-05
45508 2e-05
45509 2e-05
45510 2e-05
45511 2e-05
45512 2e-05
45513 2e-05
45514 2e-05
45515 2e-05
45516 2e-05
45517 2e-05
45518 2e-05
45519 2e-05
45520 2e-05
45521 2e-05
45522 2e-05
45523 2e-05
45524 2e-05
45525 2e-05
45526 2e-05
45527 2e-05
45528 2e-05
45529 2e-05
45530 2e-05
45531 2e-05
45532 2e-05
45533 2e-05
45534 2e-05
45535 2e-05
45536 2e-05
45537 2e-05
45538 2e-05
45539 2e-05
45540 2e-05
45541 2e-05
45542 2e-05
45543 2e-05
45544 2e-05
45545 2e-05
45546 2e-05
45547 2e-05
45548 2e-05
45549 2e-05
45550 2e-05
45551 2e-05
45552 2e-05
45553 2e-05
45554 2e-05
45555 2e-05
45556 2e-05
45557 2e-05
45558 2e-05
45559 2e-05
45560 2e-05
45561 2e-05
45562 2e-05
45563 2e-05
45564 2e-05
45565 2e-05
45566 2e-05
45567 2e-05
45568 2e-05
45569 2e-05
45570 2e-05
45571 2e-05
45572 2e-05
45573 2e-05
45574 2e-05
45575 2e-05
45576 2e-05
45577 2e-05
45578 2e-05
45579 2e-05
45580 2e-05
45581 2e-05
45582 2e-05
45583 2e-05
45584 2e-05
45585 2e-05
45586 2e-05
45587 2e-05
45588 2e-05
45589 2e-05
45590 2e-05
45591 2e-05
45592 2e-05
45593 2e-05
45594 2e-05
45595 2e-05
45596 2e-05
45597 2e-05
45598 2e-05
45599 2e-05
45600 2e-05
45601 2e-05
45602 2e-05
45603 2e-05
45604 2e-05
45605 2e-05
45606 2e-05
45607 2e-05
45608 2e-05
45609 2e-05
45610 2e-05
45611 2e-05
45612 2e-05
45613 2e-05
45614 2e-05
45615 2e-05
45616 2e-05
45617 2e-05
45618 2e-05
45619 2e-05
45620 2e-05
45621 2e-05
45622 2e-05
45623 2e-05
45624 2e-05
45625 2e-05
45626 2e-05
45627 2e-05
45628 2e-05
45629 2e-05
45630 2e-05
45631 2e-05
45632 2e-05
45633 2e-05
45634 2e-05
45635 2e-05
45636 2e-05
45637 2e-05
45638 2e-05
45639 2e-05
45640 2e-05
45641 2e-05
45642 2e-05
45643 2e-05
45644 2e-05
45645 2e-05
45646 2e-05
45647 2e-05
45648 2e-05
45649 2e-05
45650 2e-05
45651 2e-05
45652 2e-05
45653 2e-05
45654 2e-05
45655 2e-05
45656 2e-05
45657 2e-05
45658 2e-05
45659 2e-05
45660 2e-05
45661 2e-05
45662 2e-05
45663 2e-05
45664 2e-05
45665 2e-05
45666 2e-05
45667 2e-05
45668 2e-05
45669 2e-05
45670 2e-05
45671 2e-05
45672 2e-05
45673 2e-05
45674 2e-05
45675 2e-05
45676 2e-05
45677 2e-05
45678 2e-05
45679 2e-05
45680 2e-05
45681 2e-05
45682 2e-05
45683 2e-05
45684 2e-05
45685 2e-05
45686 2e-05
45687 2e-05
45688 2e-05
45689 2e-05
45690 2e-05
45691 2e-05
45692 2e-05
45693 2e-05
45694 2e-05
45695 2e-05
45696 2e-05
45697 2e-05
45698 2e-05
45699 2e-05
45700 2e-05
45701 2e-05
45702 2e-05
45703 2e-05
45704 2e-05
45705 2e-05
45706 2e-05
45707 2e-05
45708 2e-05
45709 2e-05
45710 2e-05
45711 2e-05
45712 2e-05
45713 2e-05
45714 2e-05
45715 2e-05
45716 2e-05
45717 2e-05
45718 2e-05
45719 2e-05
45720 2e-05
45721 2e-05
45722 2e-05
45723 2e-05
45724 2e-05
45725 2e-05
45726 2e-05
45727 2e-05
45728 2e-05
45729 2e-05
45730 2e-05
45731 2e-05
45732 2e-05
45733 2e-05
45734 2e-05
45735 2e-05
45736 2e-05
45737 2e-05
45738 2e-05
45739 2e-05
45740 2e-05
45741 2e-05
45742 2e-05
45743 2e-05
45744 2e-05
45745 2e-05
45746 2e-05
45747 2e-05
45748 2e-05
45749 2e-05
45750 2e-05
45751 2e-05
45752 2e-05
45753 2e-05
45754 2e-05
45755 2e-05
45756 2e-05
45757 2e-05
45758 2e-05
45759 2e-05
45760 2e-05
45761 2e-05
45762 2e-05
45763 2e-05
45764 2e-05
45765 2e-05
45766 2e-05
45767 2e-05
45768 2e-05
45769 2e-05
45770 2e-05
45771 2e-05
45772 2e-05
45773 2e-05
45774 2e-05
45775 2e-05
45776 2e-05
45777 2e-05
45778 2e-05
45779 2e-05
45780 2e-05
45781 2e-05
45782 2e-05
45783 2e-05
45784 2e-05
45785 2e-05
45786 2e-05
45787 2e-05
45788 2e-05
45789 2e-05
45790 2e-05
45791 2e-05
45792 2e-05
45793 2e-05
45794 2e-05
45795 2e-05
45796 2e-05
45797 2e-05
45798 2e-05
45799 2e-05
45800 2e-05
45801 2e-05
45802 2e-05
45803 2e-05
45804 2e-05
45805 2e-05
45806 2e-05
45807 2e-05
45808 2e-05
45809 2e-05
45810 2e-05
45811 2e-05
45812 2e-05
45813 2e-05
45814 2e-05
45815 2e-05
45816 2e-05
45817 2e-05
45818 2e-05
45819 2e-05
45820 2e-05
45821 2e-05
45822 2e-05
45823 2e-05
45824 2e-05
45825 2e-05
45826 2e-05
45827 2e-05
45828 2e-05
45829 2e-05
45830 2e-05
45831 2e-05
45832 2e-05
45833 2e-05
45834 2e-05
45835 2e-05
45836 2e-05
45837 2e-05
45838 2e-05
45839 2e-05
45840 2e-05
45841 2e-05
45842 2e-05
45843 2e-05
45844 2e-05
45845 2e-05
45846 2e-05
45847 2e-05
45848 2e-05
45849 2e-05
45850 2e-05
45851 2e-05
45852 2e-05
45853 2e-05
45854 2e-05
45855 2e-05
45856 2e-05
45857 2e-05
45858 2e-05
45859 2e-05
45860 2e-05
45861 2e-05
45862 2e-05
45863 2e-05
45864 2e-05
45865 2e-05
45866 2e-05
45867 2e-05
45868 2e-05
45869 2e-05
45870 2e-05
45871 2e-05
45872 2e-05
45873 2e-05
45874 2e-05
45875 2e-05
45876 2e-05
45877 2e-05
45878 2e-05
45879 2e-05
45880 2e-05
45881 2e-05
45882 2e-05
45883 2e-05
45884 2e-05
45885 2e-05
45886 2e-05
45887 2e-05
45888 2e-05
45889 2e-05
45890 2e-05
45891 2e-05
45892 2e-05
45893 2e-05
45894 2e-05
45895 2e-05
45896 2e-05
45897 2e-05
45898 2e-05
45899 2e-05
45900 2e-05
45901 2e-05
45902 2e-05
45903 2e-05
45904 2e-05
45905 2e-05
45906 2e-05
45907 2e-05
45908 2e-05
45909 2e-05
45910 2e-05
45911 2e-05
45912 2e-05
45913 2e-05
45914 2e-05
45915 2e-05
45916 2e-05
45917 2e-05
45918 2e-05
45919 2e-05
45920 2e-05
45921 2e-05
45922 2e-05
45923 2e-05
45924 2e-05
45925 2e-05
45926 2e-05
45927 2e-05
45928 2e-05
45929 2e-05
45930 2e-05
45931 2e-05
45932 2e-05
45933 2e-05
45934 2e-05
45935 2e-05
45936 2e-05
45937 2e-05
45938 2e-05
45939 2e-05
45940 2e-05
45941 2e-05
45942 2e-05
45943 2e-05
45944 2e-05
45945 2e-05
45946 2e-05
45947 2e-05
45948 2e-05
45949 2e-05
45950 2e-05
45951 2e-05
45952 2e-05
45953 2e-05
45954 2e-05
45955 2e-05
45956 2e-05
45957 2e-05
45958 2e-05
45959 2e-05
45960 2e-05
45961 2e-05
45962 2e-05
45963 2e-05
45964 2e-05
45965 2e-05
45966 2e-05
45967 2e-05
45968 2e-05
45969 2e-05
45970 2e-05
45971 2e-05
45972 2e-05
45973 2e-05
45974 2e-05
45975 2e-05
45976 2e-05
45977 2e-05
45978 2e-05
45979 2e-05
45980 2e-05
45981 2e-05
45982 2e-05
45983 2e-05
45984 2e-05
45985 2e-05
45986 2e-05
45987 2e-05
45988 2e-05
45989 2e-05
45990 2e-05
45991 2e-05
45992 2e-05
45993 2e-05
45994 2e-05
45995 2e-05
45996 2e-05
45997 2e-05
45998 2e-05
45999 2e-05
46000 2e-05
46001 2e-05
46002 2e-05
46003 2e-05
46004 2e-05
46005 2e-05
46006 2e-05
46007 2e-05
46008 2e-05
46009 2e-05
46010 2e-05
46011 2e-05
46012 2e-05
46013 2e-05
46014 2e-05
46015 2e-05
46016 2e-05
46017 2e-05
46018 2e-05
46019 2e-05
46020 2e-05
46021 2e-05
46022 2e-05
46023 2e-05
46024 2e-05
46025 2e-05
46026 2e-05
46027 2e-05
46028 2e-05
46029 2e-05
46030 2e-05
46031 2e-05
46032 2e-05
46033 2e-05
46034 2e-05
46035 2e-05
46036 2e-05
46037 2e-05
46038 2e-05
46039 2e-05
46040 2e-05
46041 2e-05
46042 2e-05
46043 2e-05
46044 2e-05
46045 2e-05
46046 2e-05
46047 2e-05
46048 2e-05
46049 2e-05
46050 2e-05
46051 2e-05
46052 2e-05
46053 2e-05
46054 2e-05
46055 2e-05
46056 2e-05
46057 2e-05
46058 2e-05
46059 2e-05
46060 2e-05
46061 2e-05
46062 2e-05
46063 2e-05
46064 2e-05
46065 2e-05
46066 2e-05
46067 2e-05
46068 2e-05
46069 2e-05
46070 2e-05
46071 2e-05
46072 2e-05
46073 2e-05
46074 2e-05
46075 2e-05
46076 2e-05
46077 2e-05
46078 2e-05
46079 2e-05
46080 2e-05
46081 2e-05
46082 2e-05
46083 2e-05
46084 2e-05
46085 2e-05
46086 2e-05
46087 2e-05
46088 2e-05
46089 2e-05
46090 2e-05
46091 2e-05
46092 2e-05
46093 2e-05
46094 2e-05
46095 2e-05
46096 2e-05
46097 2e-05
46098 2e-05
46099 2e-05
46100 2e-05
46101 2e-05
46102 2e-05
46103 2e-05
46104 2e-05
46105 2e-05
46106 2e-05
46107 2e-05
46108 2e-05
46109 2e-05
46110 2e-05
46111 2e-05
46112 2e-05
46113 2e-05
46114 2e-05
46115 2e-05
46116 2e-05
46117 2e-05
46118 2e-05
46119 2e-05
46120 2e-05
46121 2e-05
46122 2e-05
46123 2e-05
46124 2e-05
46125 2e-05
46126 2e-05
46127 2e-05
46128 2e-05
46129 2e-05
46130 2e-05
46131 2e-05
46132 2e-05
46133 2e-05
46134 2e-05
46135 2e-05
46136 2e-05
46137 2e-05
46138 2e-05
46139 2e-05
46140 2e-05
46141 2e-05
46142 2e-05
46143 2e-05
46144 2e-05
46145 2e-05
46146 2e-05
46147 2e-05
46148 2e-05
46149 2e-05
46150 2e-05
46151 2e-05
46152 2e-05
46153 2e-05
46154 2e-05
46155 2e-05
46156 2e-05
46157 2e-05
46158 2e-05
46159 2e-05
46160 2e-05
46161 2e-05
46162 2e-05
46163 2e-05
46164 2e-05
46165 2e-05
46166 2e-05
46167 2e-05
46168 2e-05
46169 2e-05
46170 2e-05
46171 2e-05
46172 2e-05
46173 2e-05
46174 2e-05
46175 2e-05
46176 2e-05
46177 2e-05
46178 2e-05
46179 2e-05
46180 2e-05
46181 2e-05
46182 2e-05
46183 2e-05
46184 2e-05
46185 2e-05
46186 2e-05
46187 2e-05
46188 2e-05
46189 2e-05
46190 2e-05
46191 2e-05
46192 2e-05
46193 2e-05
46194 2e-05
46195 2e-05
46196 2e-05
46197 2e-05
46198 2e-05
46199 2e-05
46200 2e-05
46201 2e-05
46202 2e-05
46203 2e-05
46204 2e-05
46205 2e-05
46206 2e-05
46207 2e-05
46208 2e-05
46209 2e-05
46210 2e-05
46211 2e-05
46212 2e-05
46213 2e-05
46214 2e-05
46215 2e-05
46216 2e-05
46217 2e-05
46218 2e-05
46219 2e-05
46220 2e-05
46221 2e-05
46222 2e-05
46223 2e-05
46224 2e-05
46225 2e-05
46226 2e-05
46227 2e-05
46228 2e-05
46229 2e-05
46230 2e-05
46231 2e-05
46232 2e-05
46233 2e-05
46234 2e-05
46235 2e-05
46236 2e-05
46237 2e-05
46238 2e-05
46239 2e-05
46240 2e-05
46241 2e-05
46242 2e-05
46243 2e-05
46244 2e-05
46245 2e-05
46246 2e-05
46247 2e-05
46248 2e-05
46249 2e-05
46250 2e-05
46251 2e-05
46252 2e-05
46253 2e-05
46254 2e-05
46255 2e-05
46256 2e-05
46257 2e-05
46258 2e-05
46259 2e-05
46260 2e-05
46261 2e-05
46262 2e-05
46263 2e-05
46264 2e-05
46265 2e-05
46266 2e-05
46267 2e-05
46268 2e-05
46269 2e-05
46270 2e-05
46271 2e-05
46272 2e-05
46273 2e-05
46274 2e-05
46275 2e-05
46276 2e-05
46277 2e-05
46278 2e-05
46279 2e-05
46280 2e-05
46281 2e-05
46282 2e-05
46283 2e-05
46284 2e-05
46285 2e-05
46286 2e-05
46287 2e-05
46288 2e-05
46289 2e-05
46290 2e-05
46291 2e-05
46292 2e-05
46293 2e-05
46294 2e-05
46295 2e-05
46296 2e-05
46297 2e-05
46298 2e-05
46299 2e-05
46300 2e-05
46301 2e-05
46302 2e-05
46303 2e-05
46304 2e-05
46305 2e-05
46306 2e-05
46307 2e-05
46308 2e-05
46309 2e-05
46310 2e-05
46311 2e-05
46312 2e-05
46313 2e-05
46314 2e-05
46315 2e-05
46316 2e-05
46317 2e-05
46318 2e-05
46319 2e-05
46320 2e-05
46321 2e-05
46322 2e-05
46323 2e-05
46324 2e-05
46325 2e-05
46326 2e-05
46327 2e-05
46328 2e-05
46329 2e-05
46330 2e-05
46331 2e-05
46332 2e-05
46333 2e-05
46334 2e-05
46335 2e-05
46336 2e-05
46337 2e-05
46338 2e-05
46339 2e-05
46340 2e-05
46341 2e-05
46342 2e-05
46343 2e-05
46344 2e-05
46345 2e-05
46346 2e-05
46347 2e-05
46348 2e-05
46349 2e-05
46350 2e-05
46351 2e-05
46352 2e-05
46353 2e-05
46354 2e-05
46355 2e-05
46356 2e-05
46357 2e-05
46358 2e-05
46359 2e-05
46360 2e-05
46361 2e-05
46362 2e-05
46363 2e-05
46364 2e-05
46365 2e-05
46366 2e-05
46367 2e-05
46368 2e-05
46369 2e-05
46370 2e-05
46371 2e-05
46372 2e-05
46373 2e-05
46374 2e-05
46375 2e-05
46376 2e-05
46377 2e-05
46378 2e-05
46379 2e-05
46380 2e-05
46381 2e-05
46382 2e-05
46383 2e-05
46384 2e-05
46385 2e-05
46386 2e-05
46387 2e-05
46388 2e-05
46389 2e-05
46390 2e-05
46391 2e-05
46392 2e-05
46393 2e-05
46394 2e-05
46395 2e-05
46396 2e-05
46397 2e-05
46398 2e-05
46399 2e-05
46400 2e-05
46401 2e-05
46402 2e-05
46403 2e-05
46404 2e-05
46405 2e-05
46406 2e-05
46407 2e-05
46408 2e-05
46409 2e-05
46410 2e-05
46411 2e-05
46412 2e-05
46413 2e-05
46414 2e-05
46415 2e-05
46416 2e-05
46417 2e-05
46418 2e-05
46419 2e-05
46420 2e-05
46421 2e-05
46422 2e-05
46423 2e-05
46424 2e-05
46425 2e-05
46426 2e-05
46427 2e-05
46428 2e-05
46429 2e-05
46430 2e-05
46431 2e-05
46432 2e-05
46433 2e-05
46434 2e-05
46435 2e-05
46436 2e-05
46437 2e-05
46438 2e-05
46439 2e-05
46440 2e-05
46441 2e-05
46442 2e-05
46443 2e-05
46444 2e-05
46445 2e-05
46446 2e-05
46447 2e-05
46448 2e-05
46449 2e-05
46450 2e-05
46451 2e-05
46452 2e-05
46453 2e-05
46454 2e-05
46455 2e-05
46456 2e-05
46457 2e-05
46458 2e-05
46459 2e-05
46460 2e-05
46461 2e-05
46462 2e-05
46463 2e-05
46464 2e-05
46465 2e-05
46466 2e-05
46467 2e-05
46468 2e-05
46469 2e-05
46470 2e-05
46471 2e-05
46472 2e-05
46473 2e-05
46474 2e-05
46475 2e-05
46476 2e-05
46477 2e-05
46478 2e-05
46479 2e-05
46480 2e-05
46481 2e-05
46482 2e-05
46483 2e-05
46484 2e-05
46485 2e-05
46486 2e-05
46487 2e-05
46488 2e-05
46489 2e-05
46490 2e-05
46491 2e-05
46492 2e-05
46493 2e-05
46494 2e-05
46495 2e-05
46496 2e-05
46497 2e-05
46498 2e-05
46499 2e-05
46500 2e-05
46501 2e-05
46502 2e-05
46503 2e-05
46504 2e-05
46505 2e-05
46506 2e-05
46507 2e-05
46508 2e-05
46509 2e-05
46510 2e-05
46511 2e-05
46512 2e-05
46513 2e-05
46514 2e-05
46515 2e-05
46516 2e-05
46517 2e-05
46518 2e-05
46519 2e-05
46520 2e-05
46521 2e-05
46522 2e-05
46523 2e-05
46524 2e-05
46525 2e-05
46526 2e-05
46527 2e-05
46528 2e-05
46529 2e-05
46530 2e-05
46531 2e-05
46532 2e-05
46533 2e-05
46534 2e-05
46535 2e-05
46536 2e-05
46537 2e-05
46538 2e-05
46539 2e-05
46540 2e-05
46541 2e-05
46542 2e-05
46543 2e-05
46544 2e-05
46545 2e-05
46546 2e-05
46547 2e-05
46548 2e-05
46549 2e-05
46550 2e-05
46551 2e-05
46552 2e-05
46553 2e-05
46554 2e-05
46555 2e-05
46556 2e-05
46557 2e-05
46558 2e-05
46559 2e-05
46560 2e-05
46561 2e-05
46562 2e-05
46563 2e-05
46564 2e-05
46565 2e-05
46566 2e-05
46567 2e-05
46568 2e-05
46569 2e-05
46570 2e-05
46571 2e-05
46572 2e-05
46573 2e-05
46574 2e-05
46575 2e-05
46576 2e-05
46577 2e-05
46578 2e-05
46579 2e-05
46580 2e-05
46581 2e-05
46582 2e-05
46583 2e-05
46584 2e-05
46585 2e-05
46586 2e-05
46587 2e-05
46588 2e-05
46589 2e-05
46590 2e-05
46591 2e-05
46592 2e-05
46593 2e-05
46594 2e-05
46595 2e-05
46596 2e-05
46597 2e-05
46598 2e-05
46599 2e-05
46600 2e-05
46601 2e-05
46602 2e-05
46603 2e-05
46604 2e-05
46605 2e-05
46606 2e-05
46607 2e-05
46608 2e-05
46609 2e-05
46610 2e-05
46611 2e-05
46612 2e-05
46613 2e-05
46614 2e-05
46615 2e-05
46616 2e-05
46617 2e-05
46618 2e-05
46619 2e-05
46620 2e-05
46621 2e-05
46622 2e-05
46623 2e-05
46624 2e-05
46625 2e-05
46626 2e-05
46627 2e-05
46628 2e-05
46629 2e-05
46630 2e-05
46631 2e-05
46632 2e-05
46633 2e-05
46634 2e-05
46635 2e-05
46636 2e-05
46637 2e-05
46638 2e-05
46639 2e-05
46640 2e-05
46641 2e-05
46642 2e-05
46643 2e-05
46644 2e-05
46645 2e-05
46646 2e-05
46647 2e-05
46648 2e-05
46649 2e-05
46650 2e-05
46651 2e-05
46652 2e-05
46653 2e-05
46654 2e-05
46655 2e-05
46656 2e-05
46657 2e-05
46658 2e-05
46659 2e-05
46660 2e-05
46661 2e-05
46662 2e-05
46663 2e-05
46664 2e-05
46665 2e-05
46666 2e-05
46667 2e-05
46668 2e-05
46669 2e-05
46670 2e-05
46671 2e-05
46672 2e-05
46673 2e-05
46674 2e-05
46675 2e-05
46676 2e-05
46677 2e-05
46678 2e-05
46679 2e-05
46680 2e-05
46681 2e-05
46682 2e-05
46683 2e-05
46684 2e-05
46685 2e-05
46686 2e-05
46687 2e-05
46688 2e-05
46689 2e-05
46690 2e-05
46691 2e-05
46692 2e-05
46693 2e-05
46694 2e-05
46695 2e-05
46696 2e-05
46697 2e-05
46698 2e-05
46699 2e-05
46700 2e-05
46701 2e-05
46702 2e-05
46703 2e-05
46704 2e-05
46705 2e-05
46706 2e-05
46707 2e-05
46708 2e-05
46709 2e-05
46710 2e-05
46711 2e-05
46712 2e-05
46713 2e-05
46714 2e-05
46715 2e-05
46716 2e-05
46717 2e-05
46718 2e-05
46719 2e-05
46720 2e-05
46721 2e-05
46722 2e-05
46723 2e-05
46724 2e-05
46725 2e-05
46726 2e-05
46727 2e-05
46728 2e-05
46729 2e-05
46730 2e-05
46731 2e-05
46732 2e-05
46733 2e-05
46734 2e-05
46735 2e-05
46736 2e-05
46737 2e-05
46738 2e-05
46739 2e-05
46740 2e-05
46741 2e-05
46742 2e-05
46743 2e-05
46744 2e-05
46745 2e-05
46746 2e-05
46747 2e-05
46748 2e-05
46749 2e-05
46750 2e-05
46751 2e-05
46752 2e-05
46753 2e-05
46754 2e-05
46755 2e-05
46756 2e-05
46757 2e-05
46758 2e-05
46759 2e-05
46760 2e-05
46761 2e-05
46762 2e-05
46763 2e-05
46764 2e-05
46765 2e-05
46766 2e-05
46767 2e-05
46768 2e-05
46769 2e-05
46770 2e-05
46771 2e-05
46772 2e-05
46773 2e-05
46774 2e-05
46775 2e-05
46776 2e-05
46777 2e-05
46778 2e-05
46779 2e-05
46780 2e-05
46781 2e-05
46782 2e-05
46783 2e-05
46784 2e-05
46785 2e-05
46786 2e-05
46787 2e-05
46788 2e-05
46789 2e-05
46790 2e-05
46791 2e-05
46792 2e-05
46793 2e-05
46794 2e-05
46795 2e-05
46796 2e-05
46797 2e-05
46798 2e-05
46799 2e-05
46800 2e-05
46801 2e-05
46802 2e-05
46803 2e-05
46804 2e-05
46805 2e-05
46806 2e-05
46807 2e-05
46808 2e-05
46809 2e-05
46810 2e-05
46811 2e-05
46812 2e-05
46813 2e-05
46814 2e-05
46815 2e-05
46816 2e-05
46817 2e-05
46818 2e-05
46819 2e-05
46820 2e-05
46821 2e-05
46822 2e-05
46823 2e-05
46824 2e-05
46825 2e-05
46826 2e-05
46827 2e-05
46828 2e-05
46829 2e-05
46830 2e-05
46831 2e-05
46832 2e-05
46833 2e-05
46834 2e-05
46835 2e-05
46836 2e-05
46837 2e-05
46838 2e-05
46839 2e-05
46840 2e-05
46841 2e-05
46842 2e-05
46843 2e-05
46844 2e-05
46845 2e-05
46846 2e-05
46847 2e-05
46848 2e-05
46849 2e-05
46850 2e-05
46851 2e-05
46852 2e-05
46853 2e-05
46854 2e-05
46855 2e-05
46856 2e-05
46857 2e-05
46858 2e-05
46859 2e-05
46860 2e-05
46861 2e-05
46862 2e-05
46863 2e-05
46864 2e-05
46865 2e-05
46866 2e-05
46867 2e-05
46868 2e-05
46869 2e-05
46870 2e-05
46871 2e-05
46872 2e-05
46873 2e-05
46874 2e-05
46875 2e-05
46876 2e-05
46877 2e-05
46878 2e-05
46879 2e-05
46880 2e-05
46881 2e-05
46882 2e-05
46883 2e-05
46884 2e-05
46885 2e-05
46886 2e-05
46887 2e-05
46888 2e-05
46889 2e-05
46890 2e-05
46891 2e-05
46892 2e-05
46893 2e-05
46894 2e-05
46895 2e-05
46896 2e-05
46897 2e-05
46898 2e-05
46899 2e-05
46900 2e-05
46901 2e-05
46902 2e-05
46903 2e-05
46904 2e-05
46905 2e-05
46906 2e-05
46907 2e-05
46908 2e-05
46909 2e-05
46910 2e-05
46911 2e-05
46912 2e-05
46913 2e-05
46914 2e-05
46915 2e-05
46916 2e-05
46917 2e-05
46918 2e-05
46919 2e-05
46920 2e-05
46921 2e-05
46922 2e-05
46923 2e-05
46924 2e-05
46925 2e-05
46926 2e-05
46927 2e-05
46928 2e-05
46929 2e-05
46930 2e-05
46931 2e-05
46932 2e-05
46933 2e-05
46934 2e-05
46935 2e-05
46936 2e-05
46937 2e-05
46938 2e-05
46939 2e-05
46940 2e-05
46941 2e-05
46942 2e-05
46943 2e-05
46944 2e-05
46945 2e-05
46946 2e-05
46947 2e-05
46948 2e-05
46949 2e-05
46950 2e-05
46951 2e-05
46952 2e-05
46953 2e-05
46954 2e-05
46955 2e-05
46956 2e-05
46957 2e-05
46958 2e-05
46959 2e-05
46960 2e-05
46961 2e-05
46962 2e-05
46963 2e-05
46964 2e-05
46965 2e-05
46966 2e-05
46967 2e-05
46968 2e-05
46969 2e-05
46970 2e-05
46971 2e-05
46972 2e-05
46973 2e-05
46974 2e-05
46975 2e-05
46976 2e-05
46977 2e-05
46978 2e-05
46979 2e-05
46980 2e-05
46981 2e-05
46982 2e-05
46983 2e-05
46984 2e-05
46985 2e-05
46986 2e-05
46987 2e-05
46988 2e-05
46989 2e-05
46990 2e-05
46991 2e-05
46992 2e-05
46993 2e-05
46994 2e-05
46995 2e-05
46996 2e-05
46997 2e-05
46998 2e-05
46999 2e-05
47000 2e-05
47001 2e-05
47002 2e-05
47003 2e-05
47004 2e-05
47005 2e-05
47006 2e-05
47007 2e-05
47008 2e-05
47009 2e-05
47010 2e-05
47011 2e-05
47012 2e-05
47013 2e-05
47014 2e-05
47015 2e-05
47016 2e-05
47017 2e-05
47018 2e-05
47019 2e-05
47020 2e-05
47021 2e-05
47022 2e-05
47023 2e-05
47024 2e-05
47025 2e-05
47026 2e-05
47027 2e-05
47028 2e-05
47029 2e-05
47030 2e-05
47031 2e-05
47032 2e-05
47033 2e-05
47034 2e-05
47035 2e-05
47036 2e-05
47037 2e-05
47038 2e-05
47039 2e-05
47040 2e-05
47041 2e-05
47042 2e-05
47043 2e-05
47044 2e-05
47045 2e-05
47046 2e-05
47047 2e-05
47048 2e-05
47049 2e-05
47050 2e-05
47051 2e-05
47052 2e-05
47053 2e-05
47054 2e-05
47055 2e-05
47056 2e-05
47057 2e-05
47058 2e-05
47059 2e-05
47060 2e-05
47061 2e-05
47062 2e-05
47063 2e-05
47064 2e-05
47065 2e-05
47066 2e-05
47067 2e-05
47068 2e-05
47069 2e-05
47070 2e-05
47071 2e-05
47072 2e-05
47073 2e-05
47074 2e-05
47075 2e-05
47076 2e-05
47077 2e-05
47078 2e-05
47079 2e-05
47080 2e-05
47081 2e-05
47082 2e-05
47083 2e-05
47084 2e-05
47085 2e-05
47086 2e-05
47087 2e-05
47088 2e-05
47089 2e-05
47090 2e-05
47091 2e-05
47092 2e-05
47093 2e-05
47094 2e-05
47095 2e-05
47096 2e-05
47097 2e-05
47098 2e-05
47099 2e-05
47100 2e-05
47101 2e-05
47102 2e-05
47103 2e-05
47104 2e-05
47105 2e-05
47106 2e-05
47107 2e-05
47108 2e-05
47109 2e-05
47110 2e-05
47111 2e-05
47112 2e-05
47113 2e-05
47114 2e-05
47115 2e-05
47116 2e-05
47117 2e-05
47118 2e-05
47119 2e-05
47120 2e-05
47121 2e-05
47122 2e-05
47123 2e-05
47124 2e-05
47125 2e-05
47126 2e-05
47127 2e-05
47128 2e-05
47129 2e-05
47130 2e-05
47131 2e-05
47132 2e-05
47133 2e-05
47134 2e-05
47135 2e-05
47136 2e-05
47137 2e-05
47138 2e-05
47139 2e-05
47140 2e-05
47141 2e-05
47142 2e-05
47143 2e-05
47144 2e-05
47145 2e-05
47146 2e-05
47147 2e-05
47148 2e-05
47149 2e-05
47150 2e-05
47151 2e-05
47152 2e-05
47153 2e-05
47154 2e-05
47155 2e-05
47156 2e-05
47157 2e-05
47158 2e-05
47159 2e-05
47160 2e-05
47161 2e-05
47162 2e-05
47163 2e-05
47164 2e-05
47165 2e-05
47166 2e-05
47167 2e-05
47168 2e-05
47169 2e-05
47170 2e-05
47171 2e-05
47172 2e-05
47173 2e-05
47174 2e-05
47175 2e-05
47176 2e-05
47177 2e-05
47178 2e-05
47179 2e-05
47180 2e-05
47181 2e-05
47182 2e-05
47183 2e-05
47184 2e-05
47185 2e-05
47186 2e-05
47187 2e-05
47188 2e-05
47189 2e-05
47190 2e-05
47191 2e-05
47192 2e-05
47193 2e-05
47194 2e-05
47195 2e-05
47196 2e-05
47197 2e-05
47198 2e-05
47199 2e-05
47200 2e-05
47201 2e-05
47202 2e-05
47203 2e-05
47204 2e-05
47205 2e-05
47206 2e-05
47207 2e-05
47208 2e-05
47209 2e-05
47210 2e-05
47211 2e-05
47212 2e-05
47213 2e-05
47214 2e-05
47215 2e-05
47216 2e-05
47217 2e-05
47218 2e-05
47219 2e-05
47220 2e-05
47221 2e-05
47222 2e-05
47223 2e-05
47224 2e-05
47225 2e-05
47226 2e-05
47227 2e-05
47228 2e-05
47229 2e-05
47230 2e-05
47231 2e-05
47232 2e-05
47233 2e-05
47234 2e-05
47235 2e-05
47236 2e-05
47237 2e-05
47238 2e-05
47239 2e-05
47240 2e-05
47241 2e-05
47242 2e-05
47243 2e-05
47244 2e-05
47245 2e-05
47246 2e-05
47247 2e-05
47248 2e-05
47249 2e-05
47250 2e-05
47251 2e-05
47252 2e-05
47253 2e-05
47254 2e-05
47255 2e-05
47256 2e-05
47257 2e-05
47258 2e-05
47259 2e-05
47260 2e-05
47261 2e-05
47262 2e-05
47263 2e-05
47264 2e-05
47265 2e-05
47266 2e-05
47267 2e-05
47268 2e-05
47269 2e-05
47270 2e-05
47271 2e-05
47272 2e-05
47273 2e-05
47274 2e-05
47275 2e-05
47276 2e-05
47277 2e-05
47278 2e-05
47279 2e-05
47280 2e-05
47281 2e-05
47282 2e-05
47283 2e-05
47284 2e-05
47285 2e-05
47286 2e-05
47287 2e-05
47288 2e-05
47289 2e-05
47290 2e-05
47291 2e-05
47292 2e-05
47293 2e-05
47294 2e-05
47295 2e-05
47296 2e-05
47297 2e-05
47298 2e-05
47299 2e-05
47300 2e-05
47301 2e-05
47302 2e-05
47303 2e-05
47304 2e-05
47305 2e-05
47306 2e-05
47307 2e-05
47308 2e-05
47309 2e-05
47310 2e-05
47311 2e-05
47312 2e-05
47313 2e-05
47314 2e-05
47315 2e-05
47316 2e-05
47317 2e-05
47318 2e-05
47319 2e-05
47320 2e-05
47321 2e-05
47322 2e-05
47323 2e-05
47324 2e-05
47325 2e-05
47326 2e-05
47327 2e-05
47328 2e-05
47329 2e-05
47330 2e-05
47331 2e-05
47332 2e-05
47333 2e-05
47334 2e-05
47335 2e-05
47336 2e-05
47337 2e-05
47338 2e-05
47339 2e-05
47340 2e-05
47341 2e-05
47342 2e-05
47343 2e-05
47344 2e-05
47345 2e-05
47346 2e-05
47347 2e-05
47348 2e-05
47349 2e-05
47350 2e-05
47351 2e-05
47352 2e-05
47353 2e-05
47354 2e-05
47355 2e-05
47356 2e-05
47357 2e-05
47358 2e-05
47359 2e-05
47360 2e-05
47361 2e-05
47362 2e-05
47363 2e-05
47364 2e-05
47365 2e-05
47366 2e-05
47367 2e-05
47368 2e-05
47369 2e-05
47370 2e-05
47371 2e-05
47372 2e-05
47373 2e-05
47374 2e-05
47375 2e-05
47376 2e-05
47377 2e-05
47378 2e-05
47379 2e-05
47380 2e-05
47381 2e-05
47382 2e-05
47383 2e-05
47384 2e-05
47385 2e-05
47386 2e-05
47387 2e-05
47388 2e-05
47389 2e-05
47390 2e-05
47391 2e-05
47392 2e-05
47393 2e-05
47394 2e-05
47395 2e-05
47396 2e-05
47397 2e-05
47398 2e-05
47399 2e-05
47400 2e-05
47401 2e-05
47402 2e-05
47403 2e-05
47404 2e-05
47405 2e-05
47406 2e-05
47407 2e-05
47408 2e-05
47409 2e-05
47410 2e-05
47411 2e-05
47412 2e-05
47413 2e-05
47414 2e-05
47415 2e-05
47416 2e-05
47417 2e-05
47418 2e-05
47419 2e-05
47420 2e-05
47421 2e-05
47422 2e-05
47423 2e-05
47424 2e-05
47425 2e-05
47426 2e-05
47427 2e-05
47428 2e-05
47429 2e-05
47430 2e-05
47431 2e-05
47432 2e-05
47433 2e-05
47434 2e-05
47435 2e-05
47436 2e-05
47437 2e-05
47438 2e-05
47439 2e-05
47440 2e-05
47441 2e-05
47442 2e-05
47443 2e-05
47444 2e-05
47445 2e-05
47446 2e-05
47447 2e-05
47448 2e-05
47449 2e-05
47450 2e-05
47451 2e-05
47452 2e-05
47453 2e-05
47454 2e-05
47455 2e-05
47456 2e-05
47457 2e-05
47458 2e-05
47459 2e-05
47460 2e-05
47461 2e-05
47462 2e-05
47463 2e-05
47464 2e-05
47465 2e-05
47466 2e-05
47467 2e-05
47468 2e-05
47469 2e-05
47470 2e-05
47471 2e-05
47472 2e-05
47473 2e-05
47474 2e-05
47475 2e-05
47476 2e-05
47477 2e-05
47478 2e-05
47479 2e-05
47480 2e-05
47481 2e-05
47482 2e-05
47483 2e-05
47484 2e-05
47485 2e-05
47486 2e-05
47487 2e-05
47488 2e-05
47489 2e-05
47490 2e-05
47491 2e-05
47492 2e-05
47493 2e-05
47494 2e-05
47495 2e-05
47496 2e-05
47497 2e-05
47498 2e-05
47499 2e-05
47500 2e-05
47501 2e-05
47502 2e-05
47503 2e-05
47504 2e-05
47505 2e-05
47506 2e-05
47507 2e-05
47508 2e-05
47509 2e-05
47510 2e-05
47511 2e-05
47512 2e-05
47513 2e-05
47514 2e-05
47515 2e-05
47516 2e-05
47517 2e-05
47518 2e-05
47519 2e-05
47520 2e-05
47521 2e-05
47522 2e-05
47523 2e-05
47524 2e-05
47525 2e-05
47526 2e-05
47527 2e-05
47528 2e-05
47529 2e-05
47530 2e-05
47531 2e-05
47532 2e-05
47533 2e-05
47534 2e-05
47535 2e-05
47536 2e-05
47537 2e-05
47538 2e-05
47539 2e-05
47540 2e-05
47541 2e-05
47542 2e-05
47543 2e-05
47544 2e-05
47545 2e-05
47546 2e-05
47547 2e-05
47548 2e-05
47549 2e-05
47550 2e-05
47551 2e-05
47552 2e-05
47553 2e-05
47554 2e-05
47555 2e-05
47556 2e-05
47557 2e-05
47558 2e-05
47559 2e-05
47560 2e-05
47561 2e-05
47562 2e-05
47563 2e-05
47564 2e-05
47565 2e-05
47566 2e-05
47567 2e-05
47568 2e-05
47569 2e-05
47570 2e-05
47571 2e-05
47572 2e-05
47573 2e-05
47574 2e-05
47575 2e-05
47576 2e-05
47577 2e-05
47578 2e-05
47579 2e-05
47580 2e-05
47581 2e-05
47582 2e-05
47583 2e-05
47584 2e-05
47585 2e-05
47586 2e-05
47587 2e-05
47588 2e-05
47589 2e-05
47590 2e-05
47591 2e-05
47592 2e-05
47593 2e-05
47594 2e-05
47595 2e-05
47596 2e-05
47597 2e-05
47598 2e-05
47599 2e-05
47600 2e-05
47601 2e-05
47602 2e-05
47603 2e-05
47604 2e-05
47605 2e-05
47606 2e-05
47607 2e-05
47608 2e-05
47609 2e-05
47610 2e-05
47611 2e-05
47612 2e-05
47613 2e-05
47614 2e-05
47615 2e-05
47616 2e-05
47617 2e-05
47618 2e-05
47619 2e-05
47620 2e-05
47621 2e-05
47622 2e-05
47623 2e-05
47624 2e-05
47625 2e-05
47626 2e-05
47627 2e-05
47628 2e-05
47629 2e-05
47630 2e-05
47631 2e-05
47632 2e-05
47633 2e-05
47634 2e-05
47635 2e-05
47636 2e-05
47637 2e-05
47638 2e-05
47639 2e-05
47640 2e-05
47641 2e-05
47642 2e-05
47643 2e-05
47644 2e-05
47645 2e-05
47646 2e-05
47647 2e-05
47648 2e-05
47649 2e-05
47650 2e-05
47651 2e-05
47652 2e-05
47653 2e-05
47654 2e-05
47655 2e-05
47656 2e-05
47657 2e-05
47658 2e-05
47659 2e-05
47660 2e-05
47661 2e-05
47662 2e-05
47663 2e-05
47664 2e-05
47665 2e-05
47666 2e-05
47667 2e-05
47668 2e-05
47669 2e-05
47670 2e-05
47671 2e-05
47672 2e-05
47673 2e-05
47674 2e-05
47675 2e-05
47676 2e-05
47677 2e-05
47678 2e-05
47679 2e-05
47680 2e-05
47681 2e-05
47682 2e-05
47683 2e-05
47684 2e-05
47685 2e-05
47686 2e-05
47687 2e-05
47688 2e-05
47689 2e-05
47690 2e-05
47691 2e-05
47692 2e-05
47693 2e-05
47694 2e-05
47695 2e-05
47696 2e-05
47697 2e-05
47698 2e-05
47699 2e-05
47700 2e-05
47701 2e-05
47702 2e-05
47703 2e-05
47704 2e-05
47705 2e-05
47706 2e-05
47707 2e-05
47708 2e-05
47709 2e-05
47710 2e-05
47711 2e-05
47712 2e-05
47713 2e-05
47714 2e-05
47715 2e-05
47716 2e-05
47717 2e-05
47718 2e-05
47719 2e-05
47720 2e-05
47721 2e-05
47722 2e-05
47723 2e-05
47724 2e-05
47725 2e-05
47726 2e-05
47727 2e-05
47728 2e-05
47729 2e-05
47730 2e-05
47731 2e-05
47732 2e-05
47733 2e-05
47734 2e-05
47735 2e-05
47736 2e-05
47737 2e-05
47738 2e-05
47739 2e-05
47740 2e-05
47741 2e-05
47742 2e-05
47743 2e-05
47744 2e-05
47745 2e-05
47746 2e-05
47747 2e-05
47748 2e-05
47749 2e-05
47750 2e-05
47751 2e-05
47752 2e-05
47753 2e-05
47754 2e-05
47755 2e-05
47756 2e-05
47757 2e-05
47758 2e-05
47759 2e-05
47760 2e-05
47761 2e-05
47762 2e-05
47763 2e-05
47764 2e-05
47765 2e-05
47766 2e-05
47767 2e-05
47768 2e-05
47769 2e-05
47770 2e-05
47771 2e-05
47772 2e-05
47773 2e-05
47774 2e-05
47775 2e-05
47776 2e-05
47777 2e-05
47778 2e-05
47779 2e-05
47780 2e-05
47781 2e-05
47782 2e-05
47783 2e-05
47784 2e-05
47785 2e-05
47786 2e-05
47787 2e-05
47788 2e-05
47789 2e-05
47790 2e-05
47791 2e-05
47792 2e-05
47793 2e-05
47794 2e-05
47795 2e-05
47796 2e-05
47797 2e-05
47798 2e-05
47799 2e-05
47800 2e-05
47801 2e-05
47802 2e-05
47803 2e-05
47804 2e-05
47805 2e-05
47806 2e-05
47807 2e-05
47808 2e-05
47809 2e-05
47810 2e-05
47811 2e-05
47812 2e-05
47813 2e-05
47814 2e-05
47815 2e-05
47816 2e-05
47817 2e-05
47818 2e-05
47819 2e-05
47820 2e-05
47821 2e-05
47822 2e-05
47823 2e-05
47824 2e-05
47825 2e-05
47826 2e-05
47827 2e-05
47828 2e-05
47829 2e-05
47830 2e-05
47831 2e-05
47832 2e-05
47833 2e-05
47834 2e-05
47835 2e-05
47836 2e-05
47837 2e-05
47838 2e-05
47839 2e-05
47840 2e-05
47841 2e-05
47842 2e-05
47843 2e-05
47844 2e-05
47845 2e-05
47846 2e-05
47847 2e-05
47848 2e-05
47849 2e-05
47850 2e-05
47851 2e-05
47852 2e-05
47853 2e-05
47854 2e-05
47855 2e-05
47856 2e-05
47857 2e-05
47858 2e-05
47859 2e-05
47860 2e-05
47861 2e-05
47862 2e-05
47863 2e-05
47864 2e-05
47865 2e-05
47866 2e-05
47867 2e-05
47868 2e-05
47869 2e-05
47870 2e-05
47871 2e-05
47872 2e-05
47873 2e-05
47874 2e-05
47875 2e-05
47876 2e-05
47877 2e-05
47878 2e-05
47879 2e-05
47880 2e-05
47881 2e-05
47882 2e-05
47883 2e-05
47884 2e-05
47885 2e-05
47886 2e-05
47887 2e-05
47888 2e-05
47889 2e-05
47890 2e-05
47891 2e-05
47892 2e-05
47893 2e-05
47894 2e-05
47895 2e-05
47896 2e-05
47897 2e-05
47898 2e-05
47899 2e-05
47900 2e-05
47901 2e-05
47902 2e-05
47903 2e-05
47904 2e-05
47905 2e-05
47906 2e-05
47907 2e-05
47908 2e-05
47909 2e-05
47910 2e-05
47911 2e-05
47912 2e-05
47913 2e-05
47914 2e-05
47915 2e-05
47916 2e-05
47917 2e-05
47918 2e-05
47919 2e-05
47920 2e-05
47921 2e-05
47922 2e-05
47923 2e-05
47924 2e-05
47925 2e-05
47926 2e-05
47927 2e-05
47928 2e-05
47929 2e-05
47930 2e-05
47931 2e-05
47932 2e-05
47933 2e-05
47934 2e-05
47935 2e-05
47936 2e-05
47937 2e-05
47938 2e-05
47939 2e-05
47940 2e-05
47941 2e-05
47942 2e-05
47943 2e-05
47944 2e-05
47945 2e-05
47946 2e-05
47947 2e-05
47948 2e-05
47949 2e-05
47950 2e-05
47951 2e-05
47952 2e-05
47953 2e-05
47954 2e-05
47955 2e-05
47956 2e-05
47957 2e-05
47958 2e-05
47959 2e-05
47960 2e-05
47961 2e-05
47962 2e-05
47963 2e-05
47964 2e-05
47965 2e-05
47966 2e-05
47967 2e-05
47968 2e-05
47969 2e-05
47970 2e-05
47971 2e-05
47972 2e-05
47973 2e-05
47974 2e-05
47975 2e-05
47976 2e-05
47977 2e-05
47978 2e-05
47979 2e-05
47980 2e-05
47981 2e-05
47982 2e-05
47983 2e-05
47984 2e-05
47985 2e-05
47986 2e-05
47987 2e-05
47988 2e-05
47989 2e-05
47990 2e-05
47991 2e-05
47992 2e-05
47993 2e-05
47994 2e-05
47995 2e-05
47996 2e-05
47997 2e-05
47998 2e-05
47999 2e-05
48000 2e-05
48001 2e-05
48002 2e-05
48003 2e-05
48004 2e-05
48005 2e-05
48006 2e-05
48007 2e-05
48008 2e-05
48009 2e-05
48010 2e-05
48011 2e-05
48012 2e-05
48013 2e-05
48014 2e-05
48015 2e-05
48016 2e-05
48017 2e-05
48018 2e-05
48019 2e-05
48020 2e-05
48021 2e-05
48022 2e-05
48023 2e-05
48024 2e-05
48025 2e-05
48026 2e-05
48027 2e-05
48028 2e-05
48029 2e-05
48030 2e-05
48031 2e-05
48032 2e-05
48033 2e-05
48034 2e-05
48035 2e-05
48036 2e-05
48037 2e-05
48038 2e-05
48039 2e-05
48040 2e-05
48041 2e-05
48042 2e-05
48043 2e-05
48044 2e-05
48045 2e-05
48046 2e-05
48047 2e-05
48048 2e-05
48049 2e-05
48050 2e-05
48051 2e-05
48052 2e-05
48053 2e-05
48054 2e-05
48055 2e-05
48056 2e-05
48057 2e-05
48058 2e-05
48059 2e-05
48060 2e-05
48061 2e-05
48062 2e-05
48063 2e-05
48064 2e-05
48065 2e-05
48066 2e-05
48067 2e-05
48068 2e-05
48069 2e-05
48070 2e-05
48071 2e-05
48072 2e-05
48073 2e-05
48074 2e-05
48075 2e-05
48076 2e-05
48077 2e-05
48078 2e-05
48079 2e-05
48080 2e-05
48081 2e-05
48082 2e-05
48083 2e-05
48084 2e-05
48085 2e-05
48086 2e-05
48087 2e-05
48088 2e-05
48089 2e-05
48090 2e-05
48091 2e-05
48092 2e-05
48093 2e-05
48094 2e-05
48095 2e-05
48096 2e-05
48097 2e-05
48098 2e-05
48099 2e-05
48100 2e-05
48101 2e-05
48102 2e-05
48103 2e-05
48104 2e-05
48105 2e-05
48106 2e-05
48107 2e-05
48108 2e-05
48109 2e-05
48110 2e-05
48111 2e-05
48112 2e-05
48113 2e-05
48114 2e-05
48115 2e-05
48116 2e-05
48117 2e-05
48118 2e-05
48119 2e-05
48120 2e-05
48121 2e-05
48122 2e-05
48123 2e-05
48124 2e-05
48125 2e-05
48126 2e-05
48127 2e-05
48128 2e-05
48129 2e-05
48130 2e-05
48131 2e-05
48132 2e-05
48133 2e-05
48134 2e-05
48135 2e-05
48136 2e-05
48137 2e-05
48138 2e-05
48139 2e-05
48140 2e-05
48141 2e-05
48142 2e-05
48143 2e-05
48144 2e-05
48145 2e-05
48146 2e-05
48147 2e-05
48148 2e-05
48149 2e-05
48150 2e-05
48151 2e-05
48152 2e-05
48153 2e-05
48154 2e-05
48155 2e-05
48156 2e-05
48157 2e-05
48158 2e-05
48159 2e-05
48160 2e-05
48161 2e-05
48162 2e-05
48163 2e-05
48164 2e-05
48165 2e-05
48166 2e-05
48167 2e-05
48168 2e-05
48169 2e-05
48170 2e-05
48171 2e-05
48172 2e-05
48173 2e-05
48174 2e-05
48175 2e-05
48176 2e-05
48177 2e-05
48178 2e-05
48179 2e-05
48180 2e-05
48181 2e-05
48182 2e-05
48183 2e-05
48184 2e-05
48185 2e-05
48186 2e-05
48187 2e-05
48188 2e-05
48189 2e-05
48190 2e-05
48191 2e-05
48192 2e-05
48193 2e-05
48194 2e-05
48195 2e-05
48196 2e-05
48197 2e-05
48198 2e-05
48199 2e-05
48200 2e-05
48201 2e-05
48202 2e-05
48203 2e-05
48204 2e-05
48205 2e-05
48206 2e-05
48207 2e-05
48208 2e-05
48209 2e-05
48210 2e-05
48211 2e-05
48212 2e-05
48213 2e-05
48214 2e-05
48215 2e-05
48216 2e-05
48217 2e-05
48218 2e-05
48219 2e-05
48220 2e-05
48221 2e-05
48222 2e-05
48223 2e-05
48224 2e-05
48225 2e-05
48226 2e-05
48227 2e-05
48228 2e-05
48229 2e-05
48230 2e-05
48231 2e-05
48232 2e-05
48233 2e-05
48234 2e-05
48235 2e-05
48236 2e-05
48237 2e-05
48238 2e-05
48239 2e-05
48240 2e-05
48241 2e-05
48242 2e-05
48243 2e-05
48244 2e-05
48245 2e-05
48246 2e-05
48247 2e-05
48248 2e-05
48249 2e-05
48250 2e-05
48251 2e-05
48252 2e-05
48253 2e-05
48254 2e-05
48255 2e-05
48256 2e-05
48257 2e-05
48258 2e-05
48259 2e-05
48260 2e-05
48261 2e-05
48262 2e-05
48263 2e-05
48264 2e-05
48265 2e-05
48266 2e-05
48267 2e-05
48268 2e-05
48269 2e-05
48270 2e-05
48271 2e-05
48272 2e-05
48273 2e-05
48274 2e-05
48275 2e-05
48276 2e-05
48277 2e-05
48278 2e-05
48279 2e-05
48280 2e-05
48281 2e-05
48282 2e-05
48283 2e-05
48284 2e-05
48285 2e-05
48286 2e-05
48287 2e-05
48288 2e-05
48289 2e-05
48290 2e-05
48291 2e-05
48292 2e-05
48293 2e-05
48294 2e-05
48295 2e-05
48296 2e-05
48297 2e-05
48298 2e-05
48299 2e-05
48300 2e-05
48301 2e-05
48302 2e-05
48303 2e-05
48304 2e-05
48305 2e-05
48306 2e-05
48307 2e-05
48308 2e-05
48309 2e-05
48310 2e-05
48311 2e-05
48312 2e-05
48313 2e-05
48314 2e-05
48315 2e-05
48316 2e-05
48317 2e-05
48318 2e-05
48319 2e-05
48320 2e-05
48321 2e-05
48322 2e-05
48323 2e-05
48324 2e-05
48325 2e-05
48326 2e-05
48327 2e-05
48328 2e-05
48329 2e-05
48330 2e-05
48331 2e-05
48332 2e-05
48333 2e-05
48334 2e-05
48335 2e-05
48336 2e-05
48337 2e-05
48338 2e-05
48339 2e-05
48340 2e-05
48341 2e-05
48342 2e-05
48343 2e-05
48344 2e-05
48345 2e-05
48346 2e-05
48347 2e-05
48348 2e-05
48349 2e-05
48350 2e-05
48351 2e-05
48352 2e-05
48353 2e-05
48354 2e-05
48355 2e-05
48356 2e-05
48357 2e-05
48358 2e-05
48359 2e-05
48360 2e-05
48361 2e-05
48362 2e-05
48363 2e-05
48364 2e-05
48365 2e-05
48366 2e-05
48367 2e-05
48368 2e-05
48369 2e-05
48370 2e-05
48371 2e-05
48372 2e-05
48373 2e-05
48374 2e-05
48375 2e-05
48376 2e-05
48377 2e-05
48378 2e-05
48379 2e-05
48380 2e-05
48381 2e-05
48382 2e-05
48383 2e-05
48384 2e-05
48385 2e-05
48386 2e-05
48387 2e-05
48388 2e-05
48389 2e-05
48390 2e-05
48391 2e-05
48392 2e-05
48393 2e-05
48394 2e-05
48395 2e-05
48396 2e-05
48397 2e-05
48398 2e-05
48399 2e-05
48400 2e-05
48401 2e-05
48402 2e-05
48403 2e-05
48404 2e-05
48405 2e-05
48406 2e-05
48407 2e-05
48408 2e-05
48409 2e-05
48410 2e-05
48411 2e-05
48412 2e-05
48413 2e-05
48414 2e-05
48415 2e-05
48416 2e-05
48417 2e-05
48418 2e-05
48419 2e-05
48420 2e-05
48421 2e-05
48422 2e-05
48423 2e-05
48424 2e-05
48425 2e-05
48426 2e-05
48427 2e-05
48428 2e-05
48429 2e-05
48430 2e-05
48431 2e-05
48432 2e-05
48433 2e-05
48434 2e-05
48435 2e-05
48436 2e-05
48437 2e-05
48438 2e-05
48439 2e-05
48440 2e-05
48441 2e-05
48442 2e-05
48443 2e-05
48444 2e-05
48445 2e-05
48446 2e-05
48447 2e-05
48448 2e-05
48449 2e-05
48450 2e-05
48451 2e-05
48452 2e-05
48453 2e-05
48454 2e-05
48455 2e-05
48456 2e-05
48457 2e-05
48458 2e-05
48459 2e-05
48460 2e-05
48461 2e-05
48462 2e-05
48463 2e-05
48464 2e-05
48465 2e-05
48466 2e-05
48467 2e-05
48468 2e-05
48469 2e-05
48470 2e-05
48471 2e-05
48472 2e-05
48473 2e-05
48474 2e-05
48475 2e-05
48476 2e-05
48477 2e-05
48478 2e-05
48479 2e-05
48480 2e-05
48481 2e-05
48482 2e-05
48483 2e-05
48484 2e-05
48485 2e-05
48486 2e-05
48487 2e-05
48488 2e-05
48489 2e-05
48490 2e-05
48491 2e-05
48492 2e-05
48493 2e-05
48494 2e-05
48495 2e-05
48496 2e-05
48497 2e-05
48498 2e-05
48499 2e-05
48500 2e-05
48501 2e-05
48502 2e-05
48503 2e-05
48504 2e-05
48505 2e-05
48506 2e-05
48507 2e-05
48508 2e-05
48509 2e-05
48510 2e-05
48511 2e-05
48512 2e-05
48513 2e-05
48514 2e-05
48515 2e-05
48516 2e-05
48517 2e-05
48518 2e-05
48519 2e-05
48520 2e-05
48521 2e-05
48522 2e-05
48523 2e-05
48524 2e-05
48525 2e-05
48526 2e-05
48527 2e-05
48528 2e-05
48529 2e-05
48530 2e-05
48531 2e-05
48532 2e-05
48533 2e-05
48534 2e-05
48535 2e-05
48536 2e-05
48537 2e-05
48538 2e-05
48539 2e-05
48540 2e-05
48541 2e-05
48542 2e-05
48543 2e-05
48544 2e-05
48545 2e-05
48546 2e-05
48547 2e-05
48548 2e-05
48549 2e-05
48550 2e-05
48551 2e-05
48552 2e-05
48553 2e-05
48554 2e-05
48555 2e-05
48556 2e-05
48557 2e-05
48558 2e-05
48559 2e-05
48560 2e-05
48561 2e-05
48562 2e-05
48563 2e-05
48564 2e-05
48565 2e-05
48566 2e-05
48567 2e-05
48568 2e-05
48569 2e-05
48570 2e-05
48571 2e-05
48572 2e-05
48573 2e-05
48574 2e-05
48575 2e-05
48576 2e-05
48577 2e-05
48578 2e-05
48579 2e-05
48580 2e-05
48581 2e-05
48582 2e-05
48583 2e-05
48584 2e-05
48585 2e-05
48586 2e-05
48587 2e-05
48588 2e-05
48589 2e-05
48590 2e-05
48591 2e-05
48592 2e-05
48593 2e-05
48594 2e-05
48595 2e-05
48596 2e-05
48597 2e-05
48598 2e-05
48599 2e-05
48600 2e-05
48601 2e-05
48602 2e-05
48603 2e-05
48604 2e-05
48605 2e-05
48606 2e-05
48607 2e-05
48608 2e-05
48609 2e-05
48610 2e-05
48611 2e-05
48612 2e-05
48613 2e-05
48614 2e-05
48615 2e-05
48616 2e-05
48617 2e-05
48618 2e-05
48619 2e-05
48620 2e-05
48621 2e-05
48622 2e-05
48623 2e-05
48624 2e-05
48625 2e-05
48626 2e-05
48627 2e-05
48628 2e-05
48629 2e-05
48630 2e-05
48631 2e-05
48632 2e-05
48633 2e-05
48634 2e-05
48635 2e-05
48636 2e-05
48637 2e-05
48638 2e-05
48639 2e-05
48640 2e-05
48641 2e-05
48642 2e-05
48643 2e-05
48644 2e-05
48645 2e-05
48646 2e-05
48647 2e-05
48648 2e-05
48649 2e-05
48650 2e-05
48651 2e-05
48652 2e-05
48653 2e-05
48654 2e-05
48655 2e-05
48656 2e-05
48657 2e-05
48658 2e-05
48659 2e-05
48660 2e-05
48661 2e-05
48662 2e-05
48663 2e-05
48664 2e-05
48665 2e-05
48666 2e-05
48667 2e-05
48668 2e-05
48669 2e-05
48670 2e-05
48671 2e-05
48672 2e-05
48673 2e-05
48674 2e-05
48675 2e-05
48676 2e-05
48677 2e-05
48678 2e-05
48679 2e-05
48680 2e-05
48681 2e-05
48682 2e-05
48683 2e-05
48684 2e-05
48685 2e-05
48686 2e-05
48687 2e-05
48688 2e-05
48689 2e-05
48690 2e-05
48691 2e-05
48692 2e-05
48693 2e-05
48694 2e-05
48695 2e-05
48696 2e-05
48697 2e-05
48698 2e-05
48699 2e-05
48700 2e-05
48701 2e-05
48702 2e-05
48703 2e-05
48704 2e-05
48705 2e-05
48706 2e-05
48707 2e-05
48708 2e-05
48709 2e-05
48710 2e-05
48711 2e-05
48712 2e-05
48713 2e-05
48714 2e-05
48715 2e-05
48716 2e-05
48717 2e-05
48718 2e-05
48719 2e-05
48720 2e-05
48721 2e-05
48722 2e-05
48723 2e-05
48724 2e-05
48725 2e-05
48726 2e-05
48727 2e-05
48728 2e-05
48729 2e-05
48730 2e-05
48731 2e-05
48732 2e-05
48733 2e-05
48734 2e-05
48735 2e-05
48736 2e-05
48737 2e-05
48738 2e-05
48739 2e-05
48740 2e-05
48741 2e-05
48742 2e-05
48743 2e-05
48744 2e-05
48745 2e-05
48746 2e-05
48747 2e-05
48748 2e-05
48749 2e-05
48750 2e-05
48751 2e-05
48752 2e-05
48753 2e-05
48754 2e-05
48755 2e-05
48756 2e-05
48757 2e-05
48758 2e-05
48759 2e-05
48760 2e-05
48761 2e-05
48762 2e-05
48763 2e-05
48764 2e-05
48765 2e-05
48766 2e-05
48767 2e-05
48768 2e-05
48769 2e-05
48770 2e-05
48771 2e-05
48772 2e-05
48773 2e-05
48774 2e-05
48775 2e-05
48776 2e-05
48777 2e-05
48778 2e-05
48779 2e-05
48780 2e-05
48781 2e-05
48782 2e-05
48783 2e-05
48784 2e-05
48785 2e-05
48786 2e-05
48787 2e-05
48788 2e-05
48789 2e-05
48790 2e-05
48791 2e-05
48792 2e-05
48793 2e-05
48794 2e-05
48795 2e-05
48796 2e-05
48797 2e-05
48798 2e-05
48799 2e-05
48800 2e-05
48801 2e-05
48802 2e-05
48803 2e-05
48804 2e-05
48805 2e-05
48806 2e-05
48807 2e-05
48808 2e-05
48809 2e-05
48810 2e-05
48811 2e-05
48812 2e-05
48813 2e-05
48814 2e-05
48815 2e-05
48816 2e-05
48817 2e-05
48818 2e-05
48819 2e-05
48820 2e-05
48821 2e-05
48822 2e-05
48823 2e-05
48824 2e-05
48825 2e-05
48826 2e-05
48827 2e-05
48828 2e-05
48829 2e-05
48830 2e-05
48831 2e-05
48832 2e-05
48833 2e-05
48834 2e-05
48835 2e-05
48836 2e-05
48837 2e-05
48838 2e-05
48839 2e-05
48840 2e-05
48841 2e-05
48842 2e-05
48843 2e-05
48844 2e-05
48845 2e-05
48846 2e-05
48847 2e-05
48848 2e-05
48849 2e-05
48850 2e-05
48851 2e-05
48852 2e-05
48853 2e-05
48854 2e-05
48855 2e-05
48856 2e-05
48857 2e-05
48858 2e-05
48859 2e-05
48860 2e-05
48861 2e-05
48862 2e-05
48863 2e-05
48864 2e-05
48865 2e-05
48866 2e-05
48867 2e-05
48868 2e-05
48869 2e-05
48870 2e-05
48871 2e-05
48872 2e-05
48873 2e-05
48874 2e-05
48875 2e-05
48876 2e-05
48877 2e-05
48878 2e-05
48879 2e-05
48880 2e-05
48881 2e-05
48882 2e-05
48883 2e-05
48884 2e-05
48885 2e-05
48886 2e-05
48887 2e-05
48888 2e-05
48889 2e-05
48890 2e-05
48891 2e-05
48892 2e-05
48893 2e-05
48894 2e-05
48895 2e-05
48896 2e-05
48897 2e-05
48898 2e-05
48899 2e-05
48900 2e-05
48901 2e-05
48902 2e-05
48903 2e-05
48904 2e-05
48905 2e-05
48906 2e-05
48907 2e-05
48908 2e-05
48909 2e-05
48910 2e-05
48911 2e-05
48912 2e-05
48913 2e-05
48914 2e-05
48915 2e-05
48916 2e-05
48917 2e-05
48918 2e-05
48919 2e-05
48920 2e-05
48921 2e-05
48922 2e-05
48923 2e-05
48924 2e-05
48925 2e-05
48926 2e-05
48927 2e-05
48928 2e-05
48929 2e-05
48930 2e-05
48931 2e-05
48932 2e-05
48933 2e-05
48934 2e-05
48935 2e-05
48936 2e-05
48937 2e-05
48938 2e-05
48939 2e-05
48940 2e-05
48941 2e-05
48942 2e-05
48943 2e-05
48944 2e-05
48945 2e-05
48946 2e-05
48947 2e-05
48948 2e-05
48949 2e-05
48950 2e-05
48951 2e-05
48952 2e-05
48953 2e-05
48954 2e-05
48955 2e-05
48956 2e-05
48957 2e-05
48958 2e-05
48959 2e-05
48960 2e-05
48961 2e-05
48962 2e-05
48963 2e-05
48964 2e-05
48965 2e-05
48966 2e-05
48967 2e-05
48968 2e-05
48969 2e-05
48970 2e-05
48971 2e-05
48972 2e-05
48973 2e-05
48974 2e-05
48975 2e-05
48976 2e-05
48977 2e-05
48978 2e-05
48979 2e-05
48980 2e-05
48981 2e-05
48982 2e-05
48983 2e-05
48984 2e-05
48985 2e-05
48986 2e-05
48987 2e-05
48988 2e-05
48989 2e-05
48990 2e-05
48991 2e-05
48992 2e-05
48993 2e-05
48994 2e-05
48995 2e-05
48996 2e-05
48997 2e-05
48998 2e-05
48999 2e-05
49000 2e-05
49001 2e-05
49002 2e-05
49003 2e-05
49004 2e-05
49005 2e-05
49006 2e-05
49007 2e-05
49008 2e-05
49009 2e-05
49010 2e-05
49011 2e-05
49012 2e-05
49013 2e-05
49014 2e-05
49015 2e-05
49016 2e-05
49017 2e-05
49018 2e-05
49019 2e-05
49020 2e-05
49021 2e-05
49022 2e-05
49023 2e-05
49024 2e-05
49025 2e-05
49026 2e-05
49027 2e-05
49028 2e-05
49029 2e-05
49030 2e-05
49031 2e-05
49032 2e-05
49033 2e-05
49034 2e-05
49035 2e-05
49036 2e-05
49037 2e-05
49038 2e-05
49039 2e-05
49040 2e-05
49041 2e-05
49042 2e-05
49043 2e-05
49044 2e-05
49045 2e-05
49046 2e-05
49047 2e-05
49048 2e-05
49049 2e-05
49050 2e-05
49051 2e-05
49052 2e-05
49053 2e-05
49054 2e-05
49055 2e-05
49056 2e-05
49057 2e-05
49058 2e-05
49059 2e-05
49060 2e-05
49061 2e-05
49062 2e-05
49063 2e-05
49064 2e-05
49065 2e-05
49066 2e-05
49067 2e-05
49068 2e-05
49069 2e-05
49070 2e-05
49071 2e-05
49072 2e-05
49073 2e-05
49074 2e-05
49075 2e-05
49076 2e-05
49077 2e-05
49078 2e-05
49079 2e-05
49080 2e-05
49081 2e-05
49082 2e-05
49083 2e-05
49084 2e-05
49085 2e-05
49086 2e-05
49087 2e-05
49088 2e-05
49089 2e-05
49090 2e-05
49091 2e-05
49092 2e-05
49093 2e-05
49094 2e-05
49095 2e-05
49096 2e-05
49097 2e-05
49098 2e-05
49099 2e-05
49100 2e-05
49101 2e-05
49102 2e-05
49103 2e-05
49104 2e-05
49105 2e-05
49106 2e-05
49107 2e-05
49108 2e-05
49109 2e-05
49110 2e-05
49111 2e-05
49112 2e-05
49113 2e-05
49114 2e-05
49115 2e-05
49116 2e-05
49117 2e-05
49118 2e-05
49119 2e-05
49120 2e-05
49121 2e-05
49122 2e-05
49123 2e-05
49124 2e-05
49125 2e-05
49126 2e-05
49127 2e-05
49128 2e-05
49129 2e-05
49130 2e-05
49131 2e-05
49132 2e-05
49133 2e-05
49134 2e-05
49135 2e-05
49136 2e-05
49137 2e-05
49138 2e-05
49139 2e-05
49140 2e-05
49141 2e-05
49142 2e-05
49143 2e-05
49144 2e-05
49145 2e-05
49146 2e-05
49147 2e-05
49148 2e-05
49149 2e-05
49150 2e-05
49151 2e-05
49152 2e-05
49153 2e-05
49154 2e-05
49155 2e-05
49156 2e-05
49157 2e-05
49158 2e-05
49159 2e-05
49160 2e-05
49161 2e-05
49162 2e-05
49163 2e-05
49164 2e-05
49165 2e-05
49166 2e-05
49167 2e-05
49168 2e-05
49169 2e-05
49170 2e-05
49171 2e-05
49172 2e-05
49173 2e-05
49174 2e-05
49175 2e-05
49176 2e-05
49177 2e-05
49178 2e-05
49179 2e-05
49180 2e-05
49181 2e-05
49182 2e-05
49183 2e-05
49184 2e-05
49185 2e-05
49186 2e-05
49187 2e-05
49188 2e-05
49189 2e-05
49190 2e-05
49191 2e-05
49192 2e-05
49193 2e-05
49194 2e-05
49195 2e-05
49196 2e-05
49197 2e-05
49198 2e-05
49199 2e-05
49200 2e-05
49201 2e-05
49202 2e-05
49203 2e-05
49204 2e-05
49205 2e-05
49206 2e-05
49207 2e-05
49208 2e-05
49209 2e-05
49210 2e-05
49211 2e-05
49212 2e-05
49213 2e-05
49214 2e-05
49215 2e-05
49216 2e-05
49217 2e-05
49218 2e-05
49219 2e-05
49220 2e-05
49221 2e-05
49222 2e-05
49223 2e-05
49224 2e-05
49225 2e-05
49226 2e-05
49227 2e-05
49228 2e-05
49229 2e-05
49230 2e-05
49231 2e-05
49232 2e-05
49233 2e-05
49234 2e-05
49235 2e-05
49236 2e-05
49237 2e-05
49238 2e-05
49239 2e-05
49240 2e-05
49241 2e-05
49242 2e-05
49243 2e-05
49244 2e-05
49245 2e-05
49246 2e-05
49247 2e-05
49248 2e-05
49249 2e-05
49250 2e-05
49251 2e-05
49252 2e-05
49253 2e-05
49254 2e-05
49255 2e-05
49256 2e-05
49257 2e-05
49258 2e-05
49259 2e-05
49260 2e-05
49261 2e-05
49262 2e-05
49263 2e-05
49264 2e-05
49265 2e-05
49266 2e-05
49267 2e-05
49268 2e-05
49269 2e-05
49270 2e-05
49271 2e-05
49272 2e-05
49273 2e-05
49274 2e-05
49275 2e-05
49276 2e-05
49277 2e-05
49278 2e-05
49279 2e-05
49280 2e-05
49281 2e-05
49282 2e-05
49283 2e-05
49284 2e-05
49285 2e-05
49286 2e-05
49287 2e-05
49288 2e-05
49289 2e-05
49290 2e-05
49291 2e-05
49292 2e-05
49293 2e-05
49294 2e-05
49295 2e-05
49296 2e-05
49297 2e-05
49298 2e-05
49299 2e-05
49300 2e-05
49301 2e-05
49302 2e-05
49303 2e-05
49304 2e-05
49305 2e-05
49306 2e-05
49307 2e-05
49308 2e-05
49309 2e-05
49310 2e-05
49311 2e-05
49312 2e-05
49313 2e-05
49314 2e-05
49315 2e-05
49316 2e-05
49317 2e-05
49318 2e-05
49319 2e-05
49320 2e-05
49321 2e-05
49322 2e-05
49323 2e-05
49324 2e-05
49325 2e-05
49326 2e-05
49327 2e-05
49328 2e-05
49329 2e-05
49330 2e-05
49331 2e-05
49332 2e-05
49333 2e-05
49334 2e-05
49335 2e-05
49336 2e-05
49337 2e-05
49338 2e-05
49339 2e-05
49340 2e-05
49341 2e-05
49342 2e-05
49343 2e-05
49344 2e-05
49345 2e-05
49346 2e-05
49347 2e-05
49348 2e-05
49349 2e-05
49350 2e-05
49351 2e-05
49352 2e-05
49353 2e-05
49354 2e-05
49355 2e-05
49356 2e-05
49357 2e-05
49358 2e-05
49359 2e-05
49360 2e-05
49361 2e-05
49362 2e-05
49363 2e-05
49364 2e-05
49365 2e-05
49366 2e-05
49367 2e-05
49368 2e-05
49369 2e-05
49370 2e-05
49371 2e-05
49372 2e-05
49373 2e-05
49374 2e-05
49375 2e-05
49376 2e-05
49377 2e-05
49378 2e-05
49379 2e-05
49380 2e-05
49381 2e-05
49382 2e-05
49383 2e-05
49384 2e-05
49385 2e-05
49386 2e-05
49387 2e-05
49388 2e-05
49389 2e-05
49390 2e-05
49391 2e-05
49392 2e-05
49393 2e-05
49394 2e-05
49395 2e-05
49396 2e-05
49397 2e-05
49398 2e-05
49399 2e-05
49400 2e-05
49401 2e-05
49402 2e-05
49403 2e-05
49404 2e-05
49405 2e-05
49406 2e-05
49407 2e-05
49408 2e-05
49409 2e-05
49410 2e-05
49411 2e-05
49412 2e-05
49413 2e-05
49414 2e-05
49415 2e-05
49416 2e-05
49417 2e-05
49418 2e-05
49419 2e-05
49420 2e-05
49421 2e-05
49422 2e-05
49423 2e-05
49424 2e-05
49425 2e-05
49426 2e-05
49427 2e-05
49428 2e-05
49429 2e-05
49430 2e-05
49431 2e-05
49432 2e-05
49433 2e-05
49434 2e-05
49435 2e-05
49436 2e-05
49437 2e-05
49438 2e-05
49439 2e-05
49440 2e-05
49441 2e-05
49442 2e-05
49443 2e-05
49444 2e-05
49445 2e-05
49446 2e-05
49447 2e-05
49448 2e-05
49449 2e-05
49450 2e-05
49451 2e-05
49452 2e-05
49453 2e-05
49454 2e-05
49455 2e-05
49456 2e-05
49457 2e-05
49458 2e-05
49459 2e-05
49460 2e-05
49461 2e-05
49462 2e-05
49463 2e-05
49464 2e-05
49465 2e-05
49466 2e-05
49467 2e-05
49468 2e-05
49469 2e-05
49470 2e-05
49471 2e-05
49472 2e-05
49473 2e-05
49474 2e-05
49475 2e-05
49476 2e-05
49477 2e-05
49478 2e-05
49479 2e-05
49480 2e-05
49481 2e-05
49482 2e-05
49483 2e-05
49484 2e-05
49485 2e-05
49486 2e-05
49487 2e-05
49488 2e-05
49489 2e-05
49490 2e-05
49491 2e-05
49492 2e-05
49493 2e-05
49494 2e-05
49495 2e-05
49496 2e-05
49497 2e-05
49498 2e-05
49499 2e-05
49500 2e-05
49501 2e-05
49502 2e-05
49503 2e-05
49504 2e-05
49505 2e-05
49506 2e-05
49507 2e-05
49508 2e-05
49509 2e-05
49510 2e-05
49511 2e-05
49512 2e-05
49513 2e-05
49514 2e-05
49515 2e-05
49516 2e-05
49517 2e-05
49518 2e-05
49519 2e-05
49520 2e-05
49521 2e-05
49522 2e-05
49523 2e-05
49524 2e-05
49525 2e-05
49526 2e-05
49527 2e-05
49528 2e-05
49529 2e-05
49530 2e-05
49531 2e-05
49532 2e-05
49533 2e-05
49534 2e-05
49535 2e-05
49536 2e-05
49537 2e-05
49538 2e-05
49539 2e-05
49540 2e-05
49541 2e-05
49542 2e-05
49543 2e-05
49544 2e-05
49545 2e-05
49546 2e-05
49547 2e-05
49548 2e-05
49549 2e-05
49550 2e-05
49551 2e-05
49552 2e-05
49553 2e-05
49554 2e-05
49555 2e-05
49556 2e-05
49557 2e-05
49558 2e-05
49559 2e-05
49560 2e-05
49561 2e-05
49562 2e-05
49563 2e-05
49564 2e-05
49565 2e-05
49566 2e-05
49567 2e-05
49568 2e-05
49569 2e-05
49570 2e-05
49571 2e-05
49572 2e-05
49573 2e-05
49574 2e-05
49575 2e-05
49576 2e-05
49577 2e-05
49578 2e-05
49579 2e-05
49580 2e-05
49581 2e-05
49582 2e-05
49583 2e-05
49584 2e-05
49585 2e-05
49586 2e-05
49587 2e-05
49588 2e-05
49589 2e-05
49590 2e-05
49591 2e-05
49592 2e-05
49593 2e-05
49594 2e-05
49595 2e-05
49596 2e-05
49597 2e-05
49598 2e-05
49599 2e-05
49600 2e-05
49601 2e-05
49602 2e-05
49603 2e-05
49604 2e-05
49605 2e-05
49606 2e-05
49607 2e-05
49608 2e-05
49609 2e-05
49610 2e-05
49611 2e-05
49612 2e-05
49613 2e-05
49614 2e-05
49615 2e-05
49616 2e-05
49617 2e-05
49618 2e-05
49619 2e-05
49620 2e-05
49621 2e-05
49622 2e-05
49623 2e-05
49624 2e-05
49625 2e-05
49626 2e-05
49627 2e-05
49628 2e-05
49629 2e-05
49630 2e-05
49631 2e-05
49632 2e-05
49633 2e-05
49634 2e-05
49635 2e-05
49636 2e-05
49637 2e-05
49638 2e-05
49639 2e-05
49640 2e-05
49641 2e-05
49642 2e-05
49643 2e-05
49644 2e-05
49645 2e-05
49646 2e-05
49647 2e-05
49648 2e-05
49649 2e-05
49650 2e-05
49651 2e-05
49652 2e-05
49653 2e-05
49654 2e-05
49655 2e-05
49656 2e-05
49657 2e-05
49658 2e-05
49659 2e-05
49660 2e-05
49661 2e-05
49662 2e-05
49663 2e-05
49664 2e-05
49665 2e-05
49666 2e-05
49667 2e-05
49668 2e-05
49669 2e-05
49670 2e-05
49671 2e-05
49672 2e-05
49673 2e-05
49674 2e-05
49675 2e-05
49676 2e-05
49677 2e-05
49678 2e-05
49679 2e-05
49680 2e-05
49681 2e-05
49682 2e-05
49683 2e-05
49684 2e-05
49685 2e-05
49686 2e-05
49687 2e-05
49688 2e-05
49689 2e-05
49690 2e-05
49691 2e-05
49692 2e-05
49693 2e-05
49694 2e-05
49695 2e-05
49696 2e-05
49697 2e-05
49698 2e-05
49699 2e-05
49700 2e-05
49701 2e-05
49702 2e-05
49703 2e-05
49704 2e-05
49705 2e-05
49706 2e-05
49707 2e-05
49708 2e-05
49709 2e-05
49710 2e-05
49711 2e-05
49712 2e-05
49713 2e-05
49714 2e-05
49715 2e-05
49716 2e-05
49717 2e-05
49718 2e-05
49719 2e-05
49720 2e-05
49721 2e-05
49722 2e-05
49723 2e-05
49724 2e-05
49725 2e-05
49726 2e-05
49727 2e-05
49728 2e-05
49729 2e-05
49730 2e-05
49731 2e-05
49732 2e-05
49733 2e-05
49734 2e-05
49735 2e-05
49736 2e-05
49737 2e-05
49738 2e-05
49739 2e-05
49740 2e-05
49741 2e-05
49742 2e-05
49743 2e-05
49744 2e-05
49745 2e-05
49746 2e-05
49747 2e-05
49748 2e-05
49749 2e-05
49750 2e-05
49751 2e-05
49752 2e-05
49753 2e-05
49754 2e-05
49755 2e-05
49756 2e-05
49757 2e-05
49758 2e-05
49759 2e-05
49760 2e-05
49761 2e-05
49762 2e-05
49763 2e-05
49764 2e-05
49765 2e-05
49766 2e-05
49767 2e-05
49768 2e-05
49769 2e-05
49770 2e-05
49771 2e-05
49772 2e-05
49773 2e-05
49774 2e-05
49775 2e-05
49776 2e-05
49777 2e-05
49778 2e-05
49779 2e-05
49780 2e-05
49781 2e-05
49782 2e-05
49783 2e-05
49784 2e-05
49785 2e-05
49786 2e-05
49787 2e-05
49788 2e-05
49789 2e-05
49790 2e-05
49791 2e-05
49792 2e-05
49793 2e-05
49794 2e-05
49795 2e-05
49796 2e-05
49797 2e-05
49798 2e-05
49799 2e-05
49800 2e-05
49801 2e-05
49802 2e-05
49803 2e-05
49804 2e-05
49805 2e-05
49806 2e-05
49807 2e-05
49808 2e-05
49809 2e-05
49810 2e-05
49811 2e-05
49812 2e-05
49813 2e-05
49814 2e-05
49815 2e-05
49816 2e-05
49817 2e-05
49818 2e-05
49819 2e-05
49820 2e-05
49821 2e-05
49822 2e-05
49823 2e-05
49824 2e-05
49825 2e-05
49826 2e-05
49827 2e-05
49828 2e-05
49829 2e-05
49830 2e-05
49831 2e-05
49832 2e-05
49833 2e-05
49834 2e-05
49835 2e-05
49836 2e-05
49837 2e-05
49838 2e-05
49839 2e-05
49840 2e-05
49841 2e-05
49842 2e-05
49843 2e-05
49844 2e-05
49845 2e-05
49846 2e-05
49847 2e-05
49848 2e-05
49849 2e-05
49850 2e-05
49851 2e-05
49852 2e-05
49853 2e-05
49854 2e-05
49855 2e-05
49856 2e-05
49857 2e-05
49858 2e-05
49859 2e-05
49860 2e-05
49861 2e-05
49862 2e-05
49863 2e-05
49864 2e-05
49865 2e-05
49866 2e-05
49867 2e-05
49868 2e-05
49869 2e-05
49870 2e-05
49871 2e-05
49872 2e-05
49873 2e-05
49874 2e-05
49875 2e-05
49876 2e-05
49877 2e-05
49878 2e-05
49879 2e-05
49880 2e-05
49881 2e-05
49882 2e-05
49883 2e-05
49884 2e-05
49885 2e-05
49886 2e-05
49887 2e-05
49888 2e-05
49889 2e-05
49890 2e-05
49891 2e-05
49892 2e-05
49893 2e-05
49894 2e-05
49895 2e-05
49896 2e-05
49897 2e-05
49898 2e-05
49899 2e-05
49900 2e-05
49901 2e-05
49902 2e-05
49903 2e-05
49904 2e-05
49905 2e-05
49906 2e-05
49907 2e-05
49908 2e-05
49909 2e-05
49910 2e-05
49911 2e-05
49912 2e-05
49913 2e-05
49914 2e-05
49915 2e-05
49916 2e-05
49917 2e-05
49918 2e-05
49919 2e-05
49920 2e-05
49921 2e-05
49922 2e-05
49923 2e-05
49924 2e-05
49925 2e-05
49926 2e-05
49927 2e-05
49928 2e-05
49929 2e-05
49930 2e-05
49931 2e-05
49932 2e-05
49933 2e-05
49934 2e-05
49935 2e-05
49936 2e-05
49937 2e-05
49938 2e-05
49939 2e-05
49940 2e-05
49941 2e-05
49942 2e-05
49943 2e-05
49944 2e-05
49945 2e-05
49946 2e-05
49947 2e-05
49948 2e-05
49949 2e-05
49950 2e-05
49951 2e-05
49952 2e-05
49953 2e-05
49954 2e-05
49955 2e-05
49956 2e-05
49957 2e-05
49958 2e-05
49959 2e-05
49960 2e-05
49961 2e-05
49962 2e-05
49963 2e-05
49964 2e-05
49965 2e-05
49966 2e-05
49967 2e-05
49968 2e-05
49969 2e-05
49970 2e-05
49971 2e-05
49972 2e-05
49973 2e-05
49974 2e-05
49975 2e-05
49976 2e-05
49977 2e-05
49978 2e-05
49979 2e-05
49980 2e-05
49981 2e-05
49982 2e-05
49983 2e-05
49984 2e-05
49985 2e-05
49986 2e-05
49987 2e-05
49988 2e-05
49989 2e-05
49990 2e-05
49991 2e-05
49992 2e-05
49993 2e-05
49994 2e-05
49995 2e-05
49996 2e-05
49997 2e-05
49998 2e-05
49999 2e-05
Sum of ranks: 1
Iterations: 0
Converged: false
Execution time: 420 microseconds
