Algorithm: Welsh-Powell Vertex Coloring
Vertex colors:
0 1
1 2
2 3
3 0
4 1
5 2
6 3
7 0
8 1
9 2
10 3
11 4
12 0
13 1
14 2
15 3
16 0
17 1
18 2
19 3
20 0
21 1
22 2
23 4
24 3
25 0
26 1
27 2
28 3
29 0
30 1
31 2
32 3
33 0
34 1
35 2
36 3
37 0
38 1
39 2
40 3
41 0
42 1
43 2
44 3
45 0
46 1
47 2
48 3
49 0
50 1
51 2
52 3
53 0
54 1
55 2
56 3
57 0
58 1
59 2
60 3
61 0
62 1
63 2
64 3
65 0
66 1
67 2
68 3
69 0
70 1
71 2
72 4
73 3
74 0
75 1
76 2
77 3
78 0
79 1
80 2
81 3
82 4
83 1
84 2
85 0
86 3
87 1
88 2
89 0
90 3
91 1
92 2
93 0
94 4
95 1
96 2
97 3
98 0
99 1
100 2
101 3
102 0
103 1
104 2
105 3
106 4
107 1
108 2
109 0
110 3
111 1
112 2
113 0
114 3
115 1
116 2
117 0
118 4
119 1
120 2
121 3
122 0
123 1
124 2
125 3
126 0
127 1
128 2
129 3
130 0
131 1
132 2
133 3
134 0
135 1
136 2
137 3
138 0
139 1
140 2
141 3
142 0
143 1
144 2
145 3
146 0
147 1
148 2
149 3
150 0
151 1
152 2
153 3
154 0
155 1
156 2
157 3
158 0
159 1
160 2
161 3
162 0
163 1
164 2
165 3
166 0
167 1
168 2
169 4
170 3
171 0
172 1
173 2
174 3
175 0
176 1
177 2
178 3
179 0
180 1
181 2
182 3
183 0
184 1
185 2
186 3
187 0
188 1
189 2
190 3
191 0
192 1
193 2
194 3
195 0
196 1
197 2
198 3
199 0
200 1
201 2
202 3
203 0
204 1
205 2
206 3
207 0
208 1
209 2
210 3
211 0
212 1
213 2
214 3
215 0
216 1
217 2
218 4
219 3
220 0
221 1
222 2
223 3
224 0
225 1
226 2
227 3
228 0
229 1
230 2
231 3
232 0
233 1
234 2
235 3
236 0
237 1
238 2
239 3
240 0
241 1
242 2
243 3
244 0
245 1
246 2
247 3
248 0
249 1
250 2
251 3
252 0
253 1
254 2
255 3
256 0
257 1
258 2
259 3
260 0
261 1
262 2
263 3
264 0
265 1
266 2
267 4
268 3
269 0
270 1
271 2
272 3
273 0
274 1
275 2
276 3
277 4
278 1
279 2
280 0
281 3
282 1
283 2
284 0
285 3
286 1
287 2
288 0
289 4
290 1
291 2
292 3
293 0
294 1
295 2
296 3
297 0
298 1
299 2
300 3
301 4
302 1
303 2
304 0
305 3
306 1
307 2
308 0
309 3
310 1
311 2
312 0
313 4
314 1
315 2
316 3
317 0
318 1
319 2
320 3
321 0
322 1
323 2
324 3
325 0
326 1
327 2
328 3
329 0
330 1
331 2
332 3
333 0
334 1
335 2
336 3
337 0
338 1
339 2
340 3
341 0
342 1
343 2
344 3
345 0
346 1
347 2
348 3
349 0
350 1
351 2
352 3
353 0
354 1
355 2
356 3
357 0
358 1
359 2
360 3
361 0
362 1
363 2
364 4
365 3
366 0
367 1
368 2
369 3
370 0
371 1
372 2
373 3
374 0
375 1
376 2
377 3
378 0
379 1
380 2
381 3
382 0
383 1
384 2
385 3
386 0
387 1
388 2
389 4
390 3
391 0
392 1
393 2
394 3
395 0
396 1
397 2
398 3
399 4
400 1
401 2
402 0
403 3
404 1
405 2
406 0
407 3
408 1
409 2
410 0
411 4
412 1
413 2
414 3
415 0
416 1
417 2
418 3
419 0
420 1
421 2
422 3
423 0
424 1
425 2
426 3
427 0
428 1
429 2
430 3
431 0
432 1
433 2
434 3
435 0
436 1
437 2
438 3
439 0
440 1
441 2
442 3
443 0
444 1
445 2
446 3
447 0
448 1
449 2
450 3
451 0
452 1
453 2
454 3
455 0
456 1
457 2
458 3
459 0
460 1
461 2
462 4
463 3
464 0
465 1
466 2
467 3
468 0
469 1
470 2
471 3
472 0
473 1
474 2
475 3
476 0
477 1
478 2
479 3
480 0
481 1
482 2
483 3
484 0
485 1
486 2
487 4
488 3
489 0
490 1
491 2
492 3
493 0
494 1
495 2
496 3
497 4
498 1
499 2
500 0
501 3
502 1
503 2
504 0
505 3
506 1
507 2
508 0
509 4
510 1
511 2
512 3
513 0
514 1
515 2
516 3
517 0
518 1
519 2
520 3
521 0
522 1
523 2
524 3
525 0
526 1
527 2
528 3
529 0
530 1
531 2
532 3
533 0
534 1
535 2
536 3
537 0
538 1
539 2
540 3
541 0
542 1
543 2
544 3
545 0
546 1
547 2
548 3
549 0
550 1
551 2
552 3
553 0
554 1
555 2
556 3
557 0
558 1
559 2
560 4
561 3
562 0
563 1
564 2
565 3
566 0
567 1
568 2
569 3
570 0
571 1
572 2
573 3
574 0
575 1
576 2
577 3
578 0
579 1
580 2
581 3
582 0
583 1
584 2
585 3
586 0
587 1
588 2
589 3
590 0
591 1
592 2
593 3
594 0
595 1
596 2
597 3
598 0
599 1
600 2
601 3
602 0
603 1
604 2
605 3
606 0
607 1
608 2
609 4
610 3
611 0
612 1
613 2
614 3
615 0
616 1
617 2
618 3
619 0
620 1
621 2
622 3
623 0
624 1
625 2
626 3
627 0
628 1
629 2
630 3
631 0
632 1
633 2
634 3
635 0
636 1
637 2
638 3
639 0
640 1
641 2
642 3
643 0
644 1
645 2
646 3
647 0
648 1
649 2
650 3
651 0
652 1
653 2
654 3
655 0
656 1
657 2
658 4
659 3
660 0
661 1
662 2
663 3
664 0
665 1
666 2
667 3
668 4
669 1
670 2
671 0
672 3
673 1
674 2
675 0
676 3
677 1
678 2
679 0
680 4
681 1
682 2
683 3
684 0
685 1
686 2
687 3
688 0
689 1
690 2
691 3
692 4
693 1
694 2
695 0
696 3
697 1
698 2
699 0
700 3
701 1
702 2
703 0
704 4
705 1
706 2
707 3
708 0
709 1
710 2
711 3
712 0
713 1
714 2
715 3
716 0
717 1
718 2
719 3
720 0
721 1
722 2
723 3
724 0
725 1
726 2
727 3
728 0
729 1
730 2
731 3
732 0
733 1
734 2
735 3
736 0
737 1
738 2
739 3
740 0
741 1
742 2
743 3
744 0
745 1
746 2
747 3
748 0
749 1
750 2
751 3
752 0
753 1
754 2
755 4
756 3
757 0
758 1
759 2
760 3
761 0
762 1
763 2
764 3
765 0
766 1
767 2
768 3
769 0
770 1
771 2
772 3
773 0
774 1
775 2
776 3
777 0
778 1
779 2
780 3
781 0
782 1
783 2
784 3
785 0
786 1
787 2
788 3
789 0
790 1
791 2
792 3
793 0
794 1
795 2
796 3
797 0
798 1
799 2
800 3
801 0
802 1
803 2
804 4
805 3
806 0
807 1
808 2
809 3
810 0
811 1
812 2
813 3
814 0
815 1
816 2
817 3
818 0
819 1
820 2
821 3
822 0
823 1
824 2
825 3
826 0
827 1
828 2
829 3
830 0
831 1
832 2
833 3
834 0
835 1
836 2
837 3
838 0
839 1
840 2
841 3
842 0
843 1
844 2
845 3
846 0
847 1
848 2
849 3
850 0
851 1
852 2
853 4
854 3
855 0
856 1
857 2
858 3
859 0
860 1
861 2
862 3
863 4
864 1
865 2
866 0
867 3
868 1
869 2
870 0
871 3
872 1
873 2
874 0
875 4
876 1
877 2
878 3
879 0
880 1
881 2
882 3
883 0
884 1
885 2
886 3
887 4
888 1
889 2
890 0
891 3
892 1
893 2
894 0
895 3
896 1
897 2
898 0
899 4
900 1
901 2
902 3
903 0
904 1
905 2
906 3
907 0
908 1
909 2
910 3
911 0
912 1
913 2
914 3
915 0
916 1
917 2
918 3
919 0
920 1
921 2
922 3
923 0
924 1
925 2
926 3
927 0
928 1
929 2
930 3
931 0
932 1
933 2
934 3
935 0
936 1
937 2
938 3
939 0
940 1
941 2
942 3
943 0
944 1
945 2
946 3
947 0
948 1
949 2
950 4
951 3
952 0
953 1
954 2
955 3
956 0
957 1
958 2
959 3
960 0
961 1
962 2
963 3
964 0
965 1
966 2
967 3
968 0
969 1
970 2
971 3
972 0
973 1
974 2
975 3
976 0
977 1
978 2
979 3
980 0
981 1
982 2
983 3
984 0
985 1
986 2
987 3
988 0
989 1
990 2
991 3
992 0
993 1
994 2
995 3
996 0
997 1
998 2
999 4
1000 3
1001 0
1002 1
1003 2
1004 3
1005 0
1006 1
1007 2
1008 3
1009 0
1010 1
1011 2
1012 3
1013 0
1014 1
1015 2
1016 3
1017 0
1018 1
1019 2
1020 3
1021 0
1022 1
1023 2
1024 3
1025 0
1026 1
1027 2
1028 3
1029 0
1030 1
1031 2
1032 3
1033 0
1034 1
1035 2
1036 3
1037 0
1038 1
1039 2
1040 3
1041 0
1042 1
1043 2
1044 3
1045 0
1046 1
1047 2
1048 4
1049 3
1050 0
1051 1
1052 2
1053 3
1054 0
1055 1
1056 2
1057 3
1058 4
1059 1
1060 2
1061 0
1062 3
1063 1
1064 2
1065 0
1066 3
1067 1
1068 2
1069 0
1070 4
1071 1
1072 2
1073 3
1074 0
1075 1
1076 2
1077 3
1078 0
1079 1
1080 2
1081 3
1082 4
1083 1
1084 2
1085 0
1086 3
1087 1
1088 2
1089 0
1090 3
1091 1
1092 2
1093 0
1094 4
1095 1
1096 2
1097 3
1098 0
1099 1
1100 2
1101 3
1102 0
1103 1
1104 2
1105 3
1106 0
1107 1
1108 2
1109 3
1110 0
1111 1
1112 2
1113 3
1114 0
1115 1
1116 2
1117 3
1118 0
1119 1
1120 2
1121 3
1122 0
1123 1
1124 2
1125 3
1126 0
1127 1
1128 2
1129 3
1130 0
1131 1
1132 2
1133 3
1134 0
1135 1
1136 2
1137 3
1138 0
1139 1
1140 2
1141 3
1142 0
1143 1
1144 2
1145 4
1146 3
1147 0
1148 1
1149 2
1150 3
1151 0
1152 1
1153 2
1154 3
1155 0
1156 1
1157 2
1158 3
1159 0
1160 1
1161 2
1162 3
1163 0
1164 1
1165 2
1166 3
1167 0
1168 1
1169 2
1170 4
1171 3
1172 0
1173 1
1174 2
1175 3
1176 0
1177 1
1178 2
1179 3
1180 4
1181 1
1182 2
1183 0
1184 3
1185 1
1186 2
1187 0
1188 3
1189 1
1190 2
1191 0
1192 4
1193 1
1194 2
1195 3
1196 0
1197 1
1198 2
1199 3
1200 0
1201 1
1202 2
1203 3
1204 0
1205 1
1206 2
1207 3
1208 0
1209 1
1210 2
1211 3
1212 0
1213 1
1214 2
1215 3
1216 0
1217 1
1218 2
1219 3
1220 0
1221 1
1222 2
1223 3
1224 0
1225 1
1226 2
1227 3
1228 0
1229 1
1230 2
1231 3
1232 0
1233 1
1234 2
1235 3
1236 0
1237 1
1238 2
1239 3
1240 0
1241 1
1242 2
1243 4
1244 3
1245 0
1246 1
1247 2
1248 3
1249 0
1250 1
1251 2
1252 3
1253 0
1254 1
1255 2
1256 3
1257 0
1258 1
1259 2
1260 3
1261 0
1262 1
1263 2
1264 3
1265 0
1266 1
1267 2
1268 4
1269 3
1270 0
1271 1
1272 2
1273 3
1274 0
1275 1
1276 2
1277 3
1278 4
1279 1
1280 2
1281 0
1282 3
1283 1
1284 2
1285 0
1286 3
1287 1
1288 2
1289 0
1290 4
1291 1
1292 2
1293 3
1294 0
1295 1
1296 2
1297 3
1298 0
1299 1
1300 2
1301 3
1302 0
1303 1
1304 2
1305 3
1306 0
1307 1
1308 2
1309 3
1310 0
1311 1
1312 2
1313 3
1314 0
1315 1
1316 2
1317 3
1318 0
1319 1
1320 2
1321 3
1322 0
1323 1
1324 2
1325 3
1326 0
1327 1
1328 2
1329 3
1330 0
1331 1
1332 2
1333 3
1334 0
1335 1
1336 2
1337 3
1338 0
1339 1
1340 2
1341 4
1342 3
1343 0
1344 1
1345 2
1346 3
1347 0
1348 1
1349 2
1350 3
1351 0
1352 1
1353 2
1354 3
1355 0
1356 1
1357 2
1358 3
1359 0
1360 1
1361 2
1362 3
1363 0
1364 1
1365 2
1366 3
1367 0
1368 1
1369 2
1370 3
1371 0
1372 1
1373 2
1374 3
1375 0
1376 1
1377 2
1378 3
1379 0
1380 1
1381 2
1382 3
1383 0
1384 1
1385 2
1386 3
1387 0
1388 1
1389 2
1390 4
1391 3
1392 0
1393 1
1394 2
1395 3
1396 0
1397 1
1398 2
1399 3
1400 0
1401 1
1402 2
1403 3
1404 0
1405 1
1406 2
1407 3
1408 0
1409 1
1410 2
1411 3
1412 0
1413 1
1414 2
1415 3
1416 0
1417 1
1418 2
1419 3
1420 0
1421 1
1422 2
1423 3
1424 0
1425 1
1426 2
1427 3
1428 0
1429 1
1430 2
1431 3
1432 0
1433 1
1434 2
1435 3
1436 0
1437 1
1438 2
1439 4
1440 3
1441 0
1442 1
1443 2
1444 3
1445 0
1446 1
1447 2
1448 3
1449 4
1450 1
1451 2
1452 0
1453 3
1454 1
1455 2
1456 0
1457 3
1458 1
1459 2
1460 0
1461 4
1462 1
1463 2
1464 3
1465 0
1466 1
1467 2
1468 3
1469 0
1470 1
1471 2
1472 3
1473 4
1474 1
1475 2
1476 0
1477 3
1478 1
1479 2
1480 0
1481 3
1482 1
1483 2
1484 0
1485 4
1486 1
1487 2
1488 3
1489 0
1490 1
1491 2
1492 3
1493 0
1494 1
1495 2
1496 3
1497 0
1498 1
1499 2
1500 3
1501 0
1502 1
1503 2
1504 3
1505 0
1506 1
1507 2
1508 3
1509 0
1510 1
1511 2
1512 3
1513 0
1514 1
1515 2
1516 3
1517 0
1518 1
1519 2
1520 3
1521 0
1522 1
1523 2
1524 3
1525 0
1526 1
1527 2
1528 3
1529 0
1530 1
1531 2
1532 3
1533 0
1534 1
1535 2
1536 4
1537 3
1538 0
1539 1
1540 2
1541 3
1542 0
1543 1
1544 2
1545 3
1546 0
1547 1
1548 2
1549 3
1550 0
1551 1
1552 2
1553 3
1554 0
1555 1
1556 2
1557 3
1558 0
1559 1
1560 2
1561 4
1562 3
1563 0
1564 1
1565 2
1566 3
1567 0
1568 1
1569 2
1570 3
1571 4
1572 1
1573 2
1574 0
1575 3
1576 1
1577 2
1578 0
1579 3
1580 1
1581 2
1582 0
1583 4
1584 1
1585 2
1586 3
1587 0
1588 1
1589 2
1590 3
1591 0
1592 1
1593 2
1594 3
1595 0
1596 1
1597 2
1598 3
1599 0
1600 1
1601 2
1602 3
1603 0
1604 1
1605 2
1606 3
1607 0
1608 1
1609 2
1610 3
1611 0
1612 1
1613 2
1614 3
1615 0
1616 1
1617 2
1618 3
1619 0
1620 1
1621 2
1622 3
1623 0
1624 1
1625 2
1626 3
1627 0
1628 1
1629 2
1630 3
1631 0
1632 1
1633 2
1634 4
1635 3
1636 0
1637 1
1638 2
1639 3
1640 0
1641 1
1642 2
1643 3
1644 0
1645 1
1646 2
1647 3
1648 0
1649 1
1650 2
1651 3
1652 0
1653 1
1654 2
1655 3
1656 0
1657 1
1658 2
1659 4
1660 3
1661 0
1662 1
1663 2
1664 3
1665 0
1666 1
1667 2
1668 3
1669 4
1670 1
1671 2
1672 0
1673 3
1674 1
1675 2
1676 0
1677 3
1678 1
1679 2
1680 0
1681 4
1682 1
1683 2
1684 3
1685 0
1686 1
1687 2
1688 3
1689 0
1690 1
1691 2
1692 3
1693 0
1694 1
1695 2
1696 3
1697 0
1698 1
1699 2
1700 3
1701 0
1702 1
1703 2
1704 3
1705 0
1706 1
1707 2
1708 3
1709 0
1710 1
1711 2
1712 3
1713 0
1714 1
1715 2
1716 3
1717 0
1718 1
1719 2
1720 3
1721 0
1722 1
1723 2
1724 3
1725 0
1726 1
1727 2
1728 3
1729 0
1730 1
1731 2
1732 4
1733 3
1734 0
1735 1
1736 2
1737 3
1738 0
1739 1
1740 2
1741 3
1742 0
1743 1
1744 2
1745 3
1746 0
1747 1
1748 2
1749 3
1750 0
1751 1
1752 2
1753 3
1754 0
1755 1
1756 2
1757 3
1758 0
1759 1
1760 2
1761 3
1762 0
1763 1
1764 2
1765 3
1766 0
1767 1
1768 2
1769 3
1770 0
1771 1
1772 2
1773 3
1774 0
1775 1
1776 2
1777 3
1778 0
1779 1
1780 2
1781 4
1782 3
1783 0
1784 1
1785 2
1786 3
1787 0
1788 1
1789 2
1790 3
1791 0
1792 1
1793 2
1794 3
1795 0
1796 1
1797 2
1798 3
1799 0
1800 1
1801 2
1802 3
1803 0
1804 1
1805 2
1806 3
1807 0
1808 1
1809 2
1810 3
1811 0
1812 1
1813 2
1814 3
1815 0
1816 1
1817 2
1818 3
1819 0
1820 1
1821 2
1822 3
1823 0
1824 1
1825 2
1826 3
1827 0
1828 1
1829 2
1830 4
1831 3
1832 0
1833 1
1834 2
1835 3
1836 0
1837 1
1838 2
1839 3
1840 4
1841 1
1842 2
1843 0
1844 3
1845 1
1846 2
1847 0
1848 3
1849 1
1850 2
1851 0
1852 4
1853 1
1854 2
1855 3
1856 0
1857 1
1858 2
1859 3
1860 0
1861 1
1862 2
1863 3
1864 4
1865 1
1866 2
1867 0
1868 3
1869 1
1870 2
1871 0
1872 3
1873 1
1874 2
1875 0
1876 4
1877 1
1878 2
1879 3
1880 0
1881 1
1882 2
1883 3
1884 0
1885 1
1886 2
1887 3
1888 0
1889 1
1890 2
1891 3
1892 0
1893 1
1894 2
1895 3
1896 0
1897 1
1898 2
1899 3
1900 0
1901 1
1902 2
1903 3
1904 0
1905 1
1906 2
1907 3
1908 0
1909 1
1910 2
1911 3
1912 0
1913 1
1914 2
1915 3
1916 0
1917 1
1918 2
1919 3
1920 0
1921 1
1922 2
1923 3
1924 0
1925 1
1926 2
1927 4
1928 3
1929 0
1930 1
1931 2
1932 3
1933 0
1934 1
1935 2
1936 3
1937 0
1938 1
1939 2
1940 3
1941 0
1942 1
1943 2
1944 3
1945 0
1946 1
1947 2
1948 3
1949 0
1950 1
1951 2
1952 4
1953 3
1954 0
1955 1
1956 2
1957 3
1958 0
1959 1
1960 2
1961 3
1962 4
1963 1
1964 2
1965 0
1966 3
1967 1
1968 2
1969 0
1970 3
1971 1
1972 2
1973 0
1974 4
1975 1
1976 2
1977 3
1978 0
1979 1
1980 2
1981 3
1982 0
1983 1
1984 2
1985 3
1986 0
1987 1
1988 2
1989 3
1990 0
1991 1
1992 2
1993 3
1994 0
1995 1
1996 2
1997 3
1998 0
1999 1
2000 2
2001 3
2002 0
2003 1
2004 2
2005 3
2006 0
2007 1
2008 2
2009 3
2010 0
2011 1
2012 2
2013 3
2014 0
2015 1
2016 2
2017 3
2018 0
2019 1
2020 2
2021 3
2022 0
2023 1
2024 2
2025 4
2026 3
2027 0
2028 1
2029 2
2030 3
2031 0
2032 1
2033 2
2034 3
2035 0
2036 1
2037 2
2038 3
2039 0
2040 1
2041 2
2042 3
2043 0
2044 1
2045 2
2046 3
2047 0
2048 1
2049 2
2050 4
2051 3
2052 0
2053 1
2054 2
2055 3
2056 0
2057 1
2058 2
2059 3
2060 4
2061 1
2062 2
2063 0
2064 3
2065 1
2066 2
2067 0
2068 3
2069 1
2070 2
2071 0
2072 4
2073 1
2074 2
2075 3
2076 0
2077 1
2078 2
2079 3
2080 0
2081 1
2082 2
2083 3
2084 0
2085 1
2086 2
2087 3
2088 0
2089 1
2090 2
2091 3
2092 0
2093 1
2094 2
2095 3
2096 0
2097 1
2098 2
2099 3
2100 0
2101 1
2102 2
2103 3
2104 0
2105 1
2106 2
2107 3
2108 0
2109 1
2110 2
2111 3
2112 0
2113 1
2114 2
2115 3
2116 0
2117 1
2118 2
2119 3
2120 0
2121 1
2122 2
2123 4
2124 3
2125 0
2126 1
2127 2
2128 3
2129 0
2130 1
2131 2
2132 3
2133 0
2134 1
2135 2
2136 3
2137 0
2138 1
2139 2
2140 3
2141 0
2142 1
2143 2
2144 3
2145 0
2146 1
2147 2
2148 3
2149 0
2150 1
2151 2
2152 3
2153 0
2154 1
2155 2
2156 3
2157 0
2158 1
2159 2
2160 3
2161 0
2162 1
2163 2
2164 3
2165 0
2166 1
2167 2
2168 3
2169 0
2170 1
2171 2
2172 4
2173 3
2174 0
2175 1
2176 2
2177 3
2178 0
2179 1
2180 2
2181 3
2182 0
2183 1
2184 2
2185 3
2186 0
2187 1
2188 2
2189 3
2190 0
2191 1
2192 2
2193 3
2194 0
2195 1
2196 2
2197 3
2198 0
2199 1
2200 2
2201 3
2202 0
2203 1
2204 2
2205 3
2206 0
2207 1
2208 2
2209 3
2210 0
2211 1
2212 2
2213 3
2214 0
2215 1
2216 2
2217 3
2218 0
2219 1
2220 2
2221 4
2222 3
2223 0
2224 1
2225 2
2226 3
2227 0
2228 1
2229 2
2230 3
2231 4
2232 1
2233 2
2234 0
2235 3
2236 1
2237 2
2238 0
2239 3
2240 1
2241 2
2242 0
2243 4
2244 1
2245 2
2246 3
2247 0
2248 1
2249 2
2250 3
2251 0
2252 1
2253 2
2254 3
2255 4
2256 1
2257 2
2258 0
2259 3
2260 1
2261 2
2262 0
2263 3
2264 1
2265 2
2266 0
2267 4
2268 1
2269 2
2270 3
2271 0
2272 1
2273 2
2274 3
2275 0
2276 1
2277 2
2278 3
2279 0
2280 1
2281 2
2282 3
2283 0
2284 1
2285 2
2286 3
2287 0
2288 1
2289 2
2290 3
2291 0
2292 1
2293 2
2294 3
2295 0
2296 1
2297 2
2298 3
2299 0
2300 1
2301 2
2302 3
2303 0
2304 1
2305 2
2306 3
2307 0
2308 1
2309 2
2310 3
2311 0
2312 1
2313 2
2314 3
2315 0
2316 1
2317 2
2318 4
2319 3
2320 0
2321 1
2322 2
2323 3
2324 0
2325 1
2326 2
2327 3
2328 0
2329 1
2330 2
2331 3
2332 0
2333 1
2334 2
2335 3
2336 0
2337 1
2338 2
2339 3
2340 0
2341 1
2342 2
2343 3
2344 0
2345 1
2346 2
2347 3
2348 0
2349 1
2350 2
2351 3
2352 0
2353 1
2354 2
2355 3
2356 0
2357 1
2358 2
2359 3
2360 0
2361 1
2362 2
2363 3
2364 0
2365 1
2366 2
2367 4
2368 3
2369 0
2370 1
2371 2
2372 3
2373 0
2374 1
2375 2
2376 3
2377 0
2378 1
2379 2
2380 3
2381 0
2382 1
2383 2
2384 3
2385 0
2386 1
2387 2
2388 3
2389 0
2390 1
2391 2
2392 3
2393 0
2394 1
2395 2
2396 3
2397 0
2398 1
2399 2
2400 3
2401 0
2402 1
2403 2
2404 3
2405 0
2406 1
2407 2
2408 3
2409 0
2410 1
2411 2
2412 3
2413 0
2414 1
2415 2
2416 4
2417 3
2418 0
2419 1
2420 2
2421 3
2422 0
2423 1
2424 2
2425 3
2426 4
2427 1
2428 2
2429 0
2430 3
2431 1
2432 2
2433 0
2434 3
2435 1
2436 2
2437 0
2438 4
2439 1
2440 2
2441 3
2442 0
2443 1
2444 2
2445 3
2446 0
2447 1
2448 2
2449 3
2450 4
2451 1
2452 2
2453 0
2454 3
2455 1
2456 2
2457 0
2458 3
2459 1
2460 2
2461 0
2462 4
2463 1
2464 2
2465 3
2466 0
2467 1
2468 2
2469 3
2470 0
2471 1
2472 2
2473 3
2474 0
2475 1
2476 2
2477 3
2478 0
2479 1
2480 2
2481 3
2482 0
2483 1
2484 2
2485 3
2486 0
2487 1
2488 2
2489 3
2490 0
2491 1
2492 2
2493 3
2494 0
2495 1
2496 2
2497 3
2498 0
2499 1
2500 2
2501 3
2502 0
2503 1
2504 2
2505 3
2506 0
2507 1
2508 2
2509 3
2510 0
2511 1
2512 2
2513 4
2514 3
2515 0
2516 1
2517 2
2518 3
2519 0
2520 1
2521 2
2522 3
2523 0
2524 1
2525 2
2526 3
2527 0
2528 1
2529 2
2530 3
2531 0
2532 1
2533 2
2534 3
2535 0
2536 1
2537 2
2538 3
2539 0
2540 1
2541 2
2542 3
2543 0
2544 1
2545 2
2546 3
2547 0
2548 1
2549 2
2550 3
2551 0
2552 1
2553 2
2554 3
2555 0
2556 1
2557 2
2558 3
2559 0
2560 1
2561 2
2562 4
2563 3
2564 0
2565 1
2566 2
2567 3
2568 0
2569 1
2570 2
2571 3
2572 0
2573 1
2574 2
2575 3
2576 0
2577 1
2578 2
2579 3
2580 0
2581 1
2582 2
2583 3
2584 0
2585 1
2586 2
2587 3
2588 0
2589 1
2590 2
2591 3
2592 0
2593 1
2594 2
2595 3
2596 0
2597 1
2598 2
2599 3
2600 0
2601 1
2602 2
2603 3
2604 0
2605 1
2606 2
2607 3
2608 0
2609 1
2610 2
2611 4
2612 3
2613 0
2614 1
2615 2
2616 3
2617 0
2618 1
2619 2
2620 3
2621 4
2622 1
2623 2
2624 0
2625 3
2626 1
2627 2
2628 0
2629 3
2630 1
2631 2
2632 0
2633 4
2634 1
2635 2
2636 3
2637 0
2638 1
2639 2
2640 3
2641 0
2642 1
2643 2
2644 3
2645 4
2646 1
2647 2
2648 0
2649 3
2650 1
2651 2
2652 0
2653 3
2654 1
2655 2
2656 0
2657 4
2658 1
2659 2
2660 3
2661 0
2662 1
2663 2
2664 3
2665 0
2666 1
2667 2
2668 3
2669 0
2670 1
2671 2
2672 3
2673 0
2674 1
2675 2
2676 3
2677 0
2678 1
2679 2
2680 3
2681 0
2682 1
2683 2
2684 3
2685 0
2686 1
2687 2
2688 3
2689 0
2690 1
2691 2
2692 3
2693 0
2694 1
2695 2
2696 3
2697 0
2698 1
2699 2
2700 3
2701 0
2702 1
2703 2
2704 3
2705 0
2706 1
2707 2
2708 4
2709 3
2710 0
2711 1
2712 2
2713 3
2714 0
2715 1
2716 2
2717 3
2718 0
2719 1
2720 2
2721 3
2722 0
2723 1
2724 2
2725 3
2726 0
2727 1
2728 2
2729 3
2730 0
2731 1
2732 2
2733 4
2734 3
2735 0
2736 1
2737 2
2738 3
2739 0
2740 1
2741 2
2742 3
2743 4
2744 1
2745 2
2746 0
2747 3
2748 1
2749 2
2750 0
2751 3
2752 1
2753 2
2754 0
2755 4
2756 1
2757 2
2758 3
2759 0
2760 1
2761 2
2762 3
2763 0
2764 1
2765 2
2766 3
2767 0
2768 1
2769 2
2770 3
2771 0
2772 1
2773 2
2774 3
2775 0
2776 1
2777 2
2778 3
2779 0
2780 1
2781 2
2782 3
2783 0
2784 1
2785 2
2786 3
2787 0
2788 1
2789 2
2790 3
2791 0
2792 1
2793 2
2794 3
2795 0
2796 1
2797 2
2798 3
2799 0
2800 1
2801 2
2802 3
2803 0
2804 1
2805 2
2806 4
2807 3
2808 0
2809 1
2810 2
2811 3
2812 0
2813 1
2814 2
2815 3
2816 0
2817 1
2818 2
2819 3
2820 0
2821 1
2822 2
2823 3
2824 0
2825 1
2826 2
2827 3
2828 0
2829 1
2830 2
2831 4
2832 3
2833 0
2834 1
2835 2
2836 3
2837 0
2838 1
2839 2
2840 3
2841 4
2842 1
2843 2
2844 0
2845 3
2846 1
2847 2
2848 0
2849 3
2850 1
2851 2
2852 0
2853 4
2854 1
2855 2
2856 3
2857 0
2858 1
2859 2
2860 3
2861 0
2862 1
2863 2
2864 3
2865 0
2866 1
2867 2
2868 3
2869 0
2870 1
2871 2
2872 3
2873 0
2874 1
2875 2
2876 3
2877 0
2878 1
2879 2
2880 3
2881 0
2882 1
2883 2
2884 3
2885 0
2886 1
2887 2
2888 3
2889 0
2890 1
2891 2
2892 3
2893 0
2894 1
2895 2
2896 3
2897 0
2898 1
2899 2
2900 3
2901 0
2902 1
2903 2
2904 4
2905 3
2906 0
2907 1
2908 2
2909 3
2910 0
2911 1
2912 2
2913 3
2914 0
2915 1
2916 2
2917 3
2918 0
2919 1
2920 2
2921 3
2922 0
2923 1
2924 2
2925 3
2926 0
2927 1
2928 2
2929 3
2930 0
2931 1
2932 2
2933 3
2934 0
2935 1
2936 2
2937 3
2938 0
2939 1
2940 2
2941 3
2942 0
2943 1
2944 2
2945 3
2946 0
2947 1
2948 2
2949 3
2950 0
2951 1
2952 2
2953 4
2954 3
2955 0
2956 1
2957 2
2958 3
2959 0
2960 1
2961 2
2962 3
2963 0
2964 1
2965 2
2966 3
2967 0
2968 1
2969 2
2970 3
2971 0
2972 1
2973 2
2974 3
2975 0
2976 1
2977 2
2978 3
2979 0
2980 1
2981 2
2982 3
2983 0
2984 1
2985 2
2986 3
2987 0
2988 1
2989 2
2990 3
2991 0
2992 1
2993 2
2994 3
2995 0
2996 1
2997 2
2998 3
2999 0
3000 1
3001 2
3002 4
3003 3
3004 0
3005 1
3006 2
3007 3
3008 0
3009 1
3010 2
3011 3
3012 4
3013 1
3014 2
3015 0
3016 3
3017 1
3018 2
3019 0
3020 3
3021 1
3022 2
3023 0
3024 4
3025 1
3026 2
3027 3
3028 0
3029 1
3030 2
3031 3
3032 0
3033 1
3034 2
3035 3
3036 4
3037 1
3038 2
3039 0
3040 3
3041 1
3042 2
3043 0
3044 3
3045 1
3046 2
3047 0
3048 4
3049 1
3050 2
3051 3
3052 0
3053 1
3054 2
3055 3
3056 0
3057 1
3058 2
3059 3
3060 0
3061 1
3062 2
3063 3
3064 0
3065 1
3066 2
3067 3
3068 0
3069 1
3070 2
3071 3
3072 0
3073 1
3074 2
3075 3
3076 0
3077 1
3078 2
3079 3
3080 0
3081 1
3082 2
3083 3
3084 0
3085 1
3086 2
3087 3
3088 0
3089 1
3090 2
3091 3
3092 0
3093 1
3094 2
3095 3
3096 0
3097 1
3098 2
3099 4
3100 3
3101 0
3102 1
3103 2
3104 3
3105 0
3106 1
3107 2
3108 3
3109 0
3110 1
3111 2
3112 3
3113 0
3114 1
3115 2
3116 3
3117 0
3118 1
3119 2
3120 3
3121 0
3122 1
3123 2
3124 3
3125 0
3126 1
3127 2
3128 3
3129 0
3130 1
3131 2
3132 3
3133 0
3134 1
3135 2
3136 3
3137 0
3138 1
3139 2
3140 3
3141 0
3142 1
3143 2
3144 3
3145 0
3146 1
3147 2
3148 4
3149 3
3150 0
3151 1
3152 2
3153 3
3154 0
3155 1
3156 2
3157 3
3158 0
3159 1
3160 2
3161 3
3162 0
3163 1
3164 2
3165 3
3166 0
3167 1
3168 2
3169 3
3170 0
3171 1
3172 2
3173 3
3174 0
3175 1
3176 2
3177 3
3178 0
3179 1
3180 2
3181 3
3182 0
3183 1
3184 2
3185 3
3186 0
3187 1
3188 2
3189 3
3190 0
3191 1
3192 2
3193 3
3194 0
3195 1
3196 2
3197 4
3198 3
3199 0
3200 1
3201 2
3202 3
3203 0
3204 1
3205 2
3206 3
3207 4
3208 1
3209 2
3210 0
3211 3
3212 1
3213 2
3214 0
3215 3
3216 1
3217 2
3218 0
3219 4
3220 1
3221 2
3222 3
3223 0
3224 1
3225 2
3226 3
3227 0
3228 1
3229 2
3230 3
3231 4
3232 1
3233 2
3234 0
3235 3
3236 1
3237 2
3238 0
3239 3
3240 1
3241 2
3242 0
3243 4
3244 1
3245 2
3246 3
3247 0
3248 1
3249 2
3250 3
3251 0
3252 1
3253 2
3254 3
3255 0
3256 1
3257 2
3258 3
3259 0
3260 1
3261 2
3262 3
3263 0
3264 1
3265 2
3266 3
3267 0
3268 1
3269 2
3270 3
3271 0
3272 1
3273 2
3274 3
3275 0
3276 1
3277 2
3278 3
3279 0
3280 1
3281 2
3282 3
3283 0
3284 1
3285 2
3286 3
3287 0
3288 1
3289 2
3290 3
3291 0
3292 1
3293 2
3294 4
3295 3
3296 0
3297 1
3298 2
3299 3
3300 0
3301 1
3302 2
3303 3
3304 0
3305 1
3306 2
3307 3
3308 0
3309 1
3310 2
3311 3
3312 0
3313 1
3314 2
3315 3
3316 0
3317 1
3318 2
3319 3
3320 0
3321 1
3322 2
3323 3
3324 0
3325 1
3326 2
3327 3
3328 0
3329 1
3330 2
3331 3
3332 0
3333 1
3334 2
3335 3
3336 0
3337 1
3338 2
3339 3
3340 0
3341 1
3342 2
3343 4
3344 3
3345 0
3346 1
3347 2
3348 3
3349 0
3350 1
3351 2
3352 3
3353 0
3354 1
3355 2
3356 3
3357 0
3358 1
3359 2
3360 3
3361 0
3362 1
3363 2
3364 3
3365 0
3366 1
3367 2
3368 3
3369 0
3370 1
3371 2
3372 3
3373 0
3374 1
3375 2
3376 3
3377 0
3378 1
3379 2
3380 3
3381 0
3382 1
3383 2
3384 3
3385 0
3386 1
3387 2
3388 3
3389 0
3390 1
3391 2
3392 4
3393 3
3394 0
3395 1
3396 2
3397 3
3398 0
3399 1
3400 2
3401 3
3402 4
3403 1
3404 2
3405 0
3406 3
3407 1
3408 2
3409 0
3410 3
3411 1
3412 2
3413 0
3414 4
3415 1
3416 2
3417 3
3418 0
3419 1
3420 2
3421 3
3422 0
3423 1
3424 2
3425 3
3426 4
3427 1
3428 2
3429 0
3430 3
3431 1
3432 2
3433 0
3434 3
3435 1
3436 2
3437 0
3438 4
3439 1
3440 2
3441 3
3442 0
3443 1
3444 2
3445 3
3446 0
3447 1
3448 2
3449 3
3450 0
3451 1
3452 2
3453 3
3454 0
3455 1
3456 2
3457 3
3458 0
3459 1
3460 2
3461 3
3462 0
3463 1
3464 2
3465 3
3466 0
3467 1
3468 2
3469 3
3470 0
3471 1
3472 2
3473 3
3474 0
3475 1
3476 2
3477 3
3478 0
3479 1
3480 2
3481 3
3482 0
3483 1
3484 2
3485 3
3486 0
3487 1
3488 2
3489 4
3490 3
3491 0
3492 1
3493 2
3494 3
3495 0
3496 1
3497 2
3498 3
3499 0
3500 1
3501 2
3502 3
3503 0
3504 1
3505 2
3506 3
3507 0
3508 1
3509 2
3510 3
3511 0
3512 1
3513 2
3514 4
3515 3
3516 0
3517 1
3518 2
3519 3
3520 0
3521 1
3522 2
3523 3
3524 4
3525 1
3526 2
3527 0
3528 3
3529 1
3530 2
3531 0
3532 3
3533 1
3534 2
3535 0
3536 4
3537 1
3538 2
3539 3
3540 0
3541 1
3542 2
3543 3
3544 0
3545 1
3546 2
3547 3
3548 0
3549 1
3550 2
3551 3
3552 0
3553 1
3554 2
3555 3
3556 0
3557 1
3558 2
3559 3
3560 0
3561 1
3562 2
3563 3
3564 0
3565 1
3566 2
3567 3
3568 0
3569 1
3570 2
3571 3
3572 0
3573 1
3574 2
3575 3
3576 0
3577 1
3578 2
3579 3
3580 0
3581 1
3582 2
3583 3
3584 0
3585 1
3586 2
3587 4
3588 3
3589 0
3590 1
3591 2
3592 3
3593 0
3594 1
3595 2
3596 3
3597 0
3598 1
3599 2
3600 3
3601 0
3602 1
3603 2
3604 3
3605 0
3606 1
3607 2
3608 3
3609 0
3610 1
3611 2
3612 4
3613 3
3614 0
3615 1
3616 2
3617 3
3618 0
3619 1
3620 2
3621 3
3622 4
3623 1
3624 2
3625 0
3626 3
3627 1
3628 2
3629 0
3630 3
3631 1
3632 2
3633 0
3634 4
3635 1
3636 2
3637 3
3638 0
3639 1
3640 2
3641 3
3642 0
3643 1
3644 2
3645 3
3646 0
3647 1
3648 2
3649 3
3650 0
3651 1
3652 2
3653 3
3654 0
3655 1
3656 2
3657 3
3658 0
3659 1
3660 2
3661 3
3662 0
3663 1
3664 2
3665 3
3666 0
3667 1
3668 2
3669 3
3670 0
3671 1
3672 2
3673 3
3674 0
3675 1
3676 2
3677 3
3678 0
3679 1
3680 2
3681 3
3682 0
3683 1
3684 2
3685 4
3686 3
3687 0
3688 1
3689 2
3690 3
3691 0
3692 1
3693 2
3694 3
3695 0
3696 1
3697 2
3698 3
3699 0
3700 1
3701 2
3702 3
3703 0
3704 1
3705 2
3706 3
3707 0
3708 1
3709 2
3710 3
3711 0
3712 1
3713 2
3714 3
3715 0
3716 1
3717 2
3718 3
3719 0
3720 1
3721 2
3722 3
3723 0
3724 1
3725 2
3726 3
3727 0
3728 1
3729 2
3730 3
3731 0
3732 1
3733 2
3734 4
3735 3
3736 0
3737 1
3738 2
3739 3
3740 0
3741 1
3742 2
3743 3
3744 0
3745 1
3746 2
3747 3
3748 0
3749 1
3750 2
3751 3
3752 0
3753 1
3754 2
3755 3
3756 0
3757 1
3758 2
3759 3
3760 0
3761 1
3762 2
3763 3
3764 0
3765 1
3766 2
3767 3
3768 0
3769 1
3770 2
3771 3
3772 0
3773 1
3774 2
3775 3
3776 0
3777 1
3778 2
3779 3
3780 0
3781 1
3782 2
3783 4
3784 3
3785 0
3786 1
3787 2
3788 3
3789 0
3790 1
3791 2
3792 3
3793 4
3794 1
3795 2
3796 0
3797 3
3798 1
3799 2
3800 0
3801 3
3802 1
3803 2
3804 0
3805 4
3806 1
3807 2
3808 3
3809 0
3810 1
3811 2
3812 3
3813 0
3814 1
3815 2
3816 3
3817 4
3818 1
3819 2
3820 0
3821 3
3822 1
3823 2
3824 0
3825 3
3826 1
3827 2
3828 0
3829 4
3830 1
3831 2
3832 3
3833 0
3834 1
3835 2
3836 3
3837 0
3838 1
3839 2
3840 3
3841 0
3842 1
3843 2
3844 3
3845 0
3846 1
3847 2
3848 3
3849 0
3850 1
3851 2
3852 3
3853 0
3854 1
3855 2
3856 3
3857 0
3858 1
3859 2
3860 3
3861 0
3862 1
3863 2
3864 3
3865 0
3866 1
3867 2
3868 3
3869 0
3870 1
3871 2
3872 3
3873 0
3874 1
3875 2
3876 3
3877 0
3878 1
3879 2
3880 4
3881 3
3882 0
3883 1
3884 2
3885 3
3886 0
3887 1
3888 2
3889 3
3890 0
3891 1
3892 2
3893 3
3894 0
3895 1
3896 2
3897 3
3898 0
3899 1
3900 2
3901 3
3902 0
3903 1
3904 2
3905 3
3906 0
3907 1
3908 2
3909 3
3910 0
3911 1
3912 2
3913 3
3914 0
3915 1
3916 2
3917 3
3918 0
3919 1
3920 2
3921 3
3922 0
3923 1
3924 2
3925 3
3926 0
3927 1
3928 2
3929 4
3930 3
3931 0
3932 1
3933 2
3934 3
3935 0
3936 1
3937 2
3938 3
3939 0
3940 1
3941 2
3942 3
3943 0
3944 1
3945 2
3946 3
3947 0
3948 1
3949 2
3950 3
3951 0
3952 1
3953 2
3954 3
3955 0
3956 1
3957 2
3958 3
3959 0
3960 1
3961 2
3962 3
3963 0
3964 1
3965 2
3966 3
3967 0
3968 1
3969 2
3970 3
3971 0
3972 1
3973 2
3974 3
3975 0
3976 1
3977 2
3978 4
3979 3
3980 0
3981 1
3982 2
3983 3
3984 0
3985 1
3986 2
3987 3
3988 4
3989 1
3990 2
3991 0
3992 3
3993 1
3994 2
3995 0
3996 3
3997 1
3998 2
3999 0
4000 4
4001 1
4002 2
4003 3
4004 0
4005 1
4006 2
4007 3
4008 0
4009 1
4010 2
4011 3
4012 4
4013 1
4014 2
4015 0
4016 3
4017 1
4018 2
4019 0
4020 3
4021 1
4022 2
4023 0
4024 4
4025 1
4026 2
4027 3
4028 0
4029 1
4030 2
4031 3
4032 0
4033 1
4034 2
4035 3
4036 0
4037 1
4038 2
4039 3
4040 0
4041 1
4042 2
4043 3
4044 0
4045 1
4046 2
4047 3
4048 0
4049 1
4050 2
4051 3
4052 0
4053 1
4054 2
4055 3
4056 0
4057 1
4058 2
4059 3
4060 0
4061 1
4062 2
4063 3
4064 0
4065 1
4066 2
4067 3
4068 0
4069 1
4070 2
4071 3
4072 0
4073 1
4074 2
4075 4
4076 3
4077 0
4078 1
4079 2
4080 3
4081 0
4082 1
4083 2
4084 3
4085 0
4086 1
4087 2
4088 3
4089 0
4090 1
4091 2
4092 3
4093 0
4094 1
4095 2
4096 3
4097 0
4098 1
4099 2
4100 3
4101 0
4102 1
4103 2
4104 3
4105 0
4106 1
4107 2
4108 3
4109 0
4110 1
4111 2
4112 3
4113 0
4114 1
4115 2
4116 3
4117 0
4118 1
4119 2
4120 3
4121 0
4122 1
4123 2
4124 4
4125 3
4126 0
4127 1
4128 2
4129 3
4130 0
4131 1
4132 2
4133 3
4134 0
4135 1
4136 2
4137 3
4138 0
4139 1
4140 2
4141 3
4142 0
4143 1
4144 2
4145 3
4146 0
4147 1
4148 2
4149 3
4150 0
4151 1
4152 2
4153 3
4154 0
4155 1
4156 2
4157 3
4158 0
4159 1
4160 2
4161 3
4162 0
4163 1
4164 2
4165 3
4166 0
4167 1
4168 2
4169 3
4170 0
4171 1
4172 2
4173 4
4174 3
4175 0
4176 1
4177 2
4178 3
4179 0
4180 1
4181 2
4182 3
4183 4
4184 1
4185 2
4186 0
4187 3
4188 1
4189 2
4190 0
4191 3
4192 1
4193 2
4194 0
4195 4
4196 1
4197 2
4198 3
4199 0
4200 1
4201 2
4202 3
4203 0
4204 1
4205 2
4206 3
4207 4
4208 1
4209 2
4210 0
4211 3
4212 1
4213 2
4214 0
4215 3
4216 1
4217 2
4218 0
4219 4
4220 1
4221 2
4222 3
4223 0
4224 1
4225 2
4226 3
4227 0
4228 1
4229 2
4230 3
4231 0
4232 1
4233 2
4234 3
4235 0
4236 1
4237 2
4238 3
4239 0
4240 1
4241 2
4242 3
4243 0
4244 1
4245 2
4246 3
4247 0
4248 1
4249 2
4250 3
4251 0
4252 1
4253 2
4254 3
4255 0
4256 1
4257 2
4258 3
4259 0
4260 1
4261 2
4262 3
4263 0
4264 1
4265 2
4266 3
4267 0
4268 1
4269 2
4270 4
4271 3
4272 0
4273 1
4274 2
4275 3
4276 0
4277 1
4278 2
4279 3
4280 0
4281 1
4282 2
4283 3
4284 0
4285 1
4286 2
4287 3
4288 0
4289 1
4290 2
4291 3
4292 0
4293 1
4294 2
4295 4
4296 3
4297 0
4298 1
4299 2
4300 3
4301 0
4302 1
4303 2
4304 3
4305 4
4306 1
4307 2
4308 0
4309 3
4310 1
4311 2
4312 0
4313 3
4314 1
4315 2
4316 0
4317 4
4318 1
4319 2
4320 3
4321 0
4322 1
4323 2
4324 3
4325 0
4326 1
4327 2
4328 3
4329 0
4330 1
4331 2
4332 3
4333 0
4334 1
4335 2
4336 3
4337 0
4338 1
4339 2
4340 3
4341 0
4342 1
4343 2
4344 3
4345 0
4346 1
4347 2
4348 3
4349 0
4350 1
4351 2
4352 3
4353 0
4354 1
4355 2
4356 3
4357 0
4358 1
4359 2
4360 3
4361 0
4362 1
4363 2
4364 3
4365 0
4366 1
4367 2
4368 4
4369 3
4370 0
4371 1
4372 2
4373 3
4374 0
4375 1
4376 2
4377 3
4378 0
4379 1
4380 2
4381 3
4382 0
4383 1
4384 2
4385 3
4386 0
4387 1
4388 2
4389 3
4390 0
4391 1
4392 2
4393 4
4394 3
4395 0
4396 1
4397 2
4398 3
4399 0
4400 1
4401 2
4402 3
4403 4
4404 1
4405 2
4406 0
4407 3
4408 1
4409 2
4410 0
4411 3
4412 1
4413 2
4414 0
4415 4
4416 1
4417 2
4418 3
4419 0
4420 1
4421 2
4422 3
4423 0
4424 1
4425 2
4426 3
4427 0
4428 1
4429 2
4430 3
4431 0
4432 1
4433 2
4434 3
4435 0
4436 1
4437 2
4438 3
4439 0
4440 1
4441 2
4442 3
4443 0
4444 1
4445 2
4446 3
4447 0
4448 1
4449 2
4450 3
4451 0
4452 1
4453 2
4454 3
4455 0
4456 1
4457 2
4458 3
4459 0
4460 1
4461 2
4462 3
4463 0
4464 1
4465 2
4466 4
4467 3
4468 0
4469 1
4470 2
4471 3
4472 0
4473 1
4474 2
4475 3
4476 0
4477 1
4478 2
4479 3
4480 0
4481 1
4482 2
4483 3
4484 0
4485 1
4486 2
4487 3
4488 0
4489 1
4490 2
4491 3
4492 0
4493 1
4494 2
4495 3
4496 0
4497 1
4498 2
4499 3
4500 0
4501 1
4502 2
4503 3
4504 0
4505 1
4506 2
4507 3
4508 0
4509 1
4510 2
4511 3
4512 0
4513 1
4514 2
4515 4
4516 3
4517 0
4518 1
4519 2
4520 3
4521 0
4522 1
4523 2
4524 3
4525 0
4526 1
4527 2
4528 3
4529 0
4530 1
4531 2
4532 3
4533 0
4534 1
4535 2
4536 3
4537 0
4538 1
4539 2
4540 3
4541 0
4542 1
4543 2
4544 3
4545 0
4546 1
4547 2
4548 3
4549 0
4550 1
4551 2
4552 3
4553 0
4554 1
4555 2
4556 3
4557 0
4558 1
4559 2
4560 3
4561 0
4562 1
4563 2
4564 4
4565 3
4566 0
4567 1
4568 2
4569 3
4570 0
4571 1
4572 2
4573 3
4574 4
4575 1
4576 2
4577 0
4578 3
4579 1
4580 2
4581 0
4582 3
4583 1
4584 2
4585 0
4586 4
4587 1
4588 2
4589 3
4590 0
4591 1
4592 2
4593 3
4594 0
4595 1
4596 2
4597 3
4598 4
4599 1
4600 2
4601 0
4602 3
4603 1
4604 2
4605 0
4606 3
4607 1
4608 2
4609 0
4610 4
4611 1
4612 2
4613 3
4614 0
4615 1
4616 2
4617 3
4618 0
4619 1
4620 2
4621 3
4622 0
4623 1
4624 2
4625 3
4626 0
4627 1
4628 2
4629 3
4630 0
4631 1
4632 2
4633 3
4634 0
4635 1
4636 2
4637 3
4638 0
4639 1
4640 2
4641 3
4642 0
4643 1
4644 2
4645 3
4646 0
4647 1
4648 2
4649 3
4650 0
4651 1
4652 2
4653 3
4654 0
4655 1
4656 2
4657 3
4658 0
4659 1
4660 2
4661 4
4662 3
4663 0
4664 1
4665 2
4666 3
4667 0
4668 1
4669 2
4670 3
4671 0
4672 1
4673 2
4674 3
4675 0
4676 1
4677 2
4678 3
4679 0
4680 1
4681 2
4682 3
4683 0
4684 1
4685 2
4686 4
4687 3
4688 0
4689 1
4690 2
4691 3
4692 0
4693 1
4694 2
4695 3
4696 4
4697 1
4698 2
4699 0
4700 3
4701 1
4702 2
4703 0
4704 3
4705 1
4706 2
4707 0
4708 4
4709 1
4710 2
4711 3
4712 0
4713 1
4714 2
4715 3
4716 0
4717 1
4718 2
4719 3
4720 0
4721 1
4722 2
4723 3
4724 0
4725 1
4726 2
4727 3
4728 0
4729 1
4730 2
4731 3
4732 0
4733 1
4734 2
4735 3
4736 0
4737 1
4738 2
4739 3
4740 0
4741 1
4742 2
4743 3
4744 0
4745 1
4746 2
4747 3
4748 0
4749 1
4750 2
4751 3
4752 0
4753 1
4754 2
4755 3
4756 0
4757 1
4758 2
4759 4
4760 3
4761 0
4762 1
4763 2
4764 3
4765 0
4766 1
4767 2
4768 3
4769 4
4770 1
4771 2
4772 0
4773 3
4774 1
4775 2
4776 0
4777 3
4778 1
4779 2
4780 0
4781 4
4782 1
4783 2
4784 3
4785 0
4786 1
4787 2
4788 3
4789 0
4790 1
4791 2
4792 3
4793 4
4794 1
4795 2
4796 0
4797 3
4798 1
4799 2
4800 0
4801 3
4802 1
4803 2
4804 0
4805 4
4806 1
4807 2
4808 3
4809 0
4810 1
4811 2
4812 3
4813 0
4814 1
4815 2
4816 3
4817 0
4818 1
4819 2
4820 3
4821 0
4822 1
4823 2
4824 3
4825 0
4826 1
4827 2
4828 3
4829 0
4830 1
4831 2
4832 3
4833 0
4834 1
4835 2
4836 3
4837 0
4838 1
4839 2
4840 3
4841 0
4842 1
4843 2
4844 3
4845 0
4846 1
4847 2
4848 3
4849 0
4850 1
4851 2
4852 3
4853 0
4854 1
4855 2
4856 4
4857 3
4858 0
4859 1
4860 2
4861 3
4862 0
4863 1
4864 2
4865 3
4866 0
4867 1
4868 2
4869 3
4870 0
4871 1
4872 2
4873 3
4874 0
4875 1
4876 2
4877 3
4878 0
4879 1
4880 2
4881 3
4882 0
4883 1
4884 2
4885 3
4886 0
4887 1
4888 2
4889 3
4890 0
4891 1
4892 2
4893 3
4894 0
4895 1
4896 2
4897 3
4898 0
4899 1
4900 2
4901 3
4902 0
4903 1
4904 2
4905 4
4906 3
4907 0
4908 1
4909 2
4910 3
4911 0
4912 1
4913 2
4914 3
4915 0
4916 1
4917 2
4918 3
4919 0
4920 1
4921 2
4922 3
4923 0
4924 1
4925 2
4926 3
4927 0
4928 1
4929 2
4930 3
4931 0
4932 1
4933 2
4934 3
4935 0
4936 1
4937 2
4938 3
4939 0
4940 1
4941 2
4942 3
4943 0
4944 1
4945 2
4946 3
4947 0
4948 1
4949 2
4950 3
4951 0
4952 1
4953 2
4954 4
4955 3
4956 0
4957 1
4958 2
4959 3
4960 0
4961 1
4962 2
4963 3
4964 4
4965 1
4966 2
4967 0
4968 3
4969 1
4970 2
4971 0
4972 3
4973 1
4974 2
4975 0
4976 4
4977 1
4978 2
4979 3
4980 0
4981 1
4982 2
4983 3
4984 0
4985 1
4986 2
4987 3
4988 4
4989 1
4990 2
4991 0
4992 3
4993 1
4994 2
4995 0
4996 3
4997 1
4998 2
4999 0
5000 4
5001 1
5002 2
5003 3
5004 0
5005 1
5006 2
5007 3
5008 0
5009 1
5010 2
5011 3
5012 0
5013 1
5014 2
5015 3
5016 0
5017 1
5018 2
5019 3
5020 0
5021 1
5022 2
5023 3
5024 0
5025 1
5026 2
5027 3
5028 0
5029 1
5030 2
5031 3
5032 0
5033 1
5034 2
5035 3
5036 0
5037 1
5038 2
5039 3
5040 0
5041 1
5042 2
5043 3
5044 0
5045 1
5046 2
5047 3
5048 0
5049 1
5050 2
5051 4
5052 3
5053 0
5054 1
5055 2
5056 3
5057 0
5058 1
5059 2
5060 3
5061 0
5062 1
5063 2
5064 3
5065 0
5066 1
5067 2
5068 3
5069 0
5070 1
5071 2
5072 3
5073 0
5074 1
5075 2
5076 4
5077 3
5078 0
5079 1
5080 2
5081 3
5082 0
5083 1
5084 2
5085 3
5086 4
5087 1
5088 2
5089 0
5090 3
5091 1
5092 2
5093 0
5094 3
5095 1
5096 2
5097 0
5098 4
5099 1
5100 2
5101 3
5102 0
5103 1
5104 2
5105 3
5106 0
5107 1
5108 2
5109 3
5110 0
5111 1
5112 2
5113 3
5114 0
5115 1
5116 2
5117 3
5118 0
5119 1
5120 2
5121 3
5122 0
5123 1
5124 2
5125 3
5126 0
5127 1
5128 2
5129 3
5130 0
5131 1
5132 2
5133 3
5134 0
5135 1
5136 2
5137 3
5138 0
5139 1
5140 2
5141 3
5142 0
5143 1
5144 2
5145 3
5146 0
5147 1
5148 2
5149 4
5150 3
5151 0
5152 1
5153 2
5154 3
5155 0
5156 1
5157 2
5158 3
5159 0
5160 1
5161 2
5162 3
5163 0
5164 1
5165 2
5166 3
5167 0
5168 1
5169 2
5170 3
5171 0
5172 1
5173 2
5174 4
5175 3
5176 0
5177 1
5178 2
5179 3
5180 0
5181 1
5182 2
5183 3
5184 4
5185 1
5186 2
5187 0
5188 3
5189 1
5190 2
5191 0
5192 3
5193 1
5194 2
5195 0
5196 4
5197 1
5198 2
5199 3
5200 0
5201 1
5202 2
5203 3
5204 0
5205 1
5206 2
5207 3
5208 0
5209 1
5210 2
5211 3
5212 0
5213 1
5214 2
5215 3
5216 0
5217 1
5218 2
5219 3
5220 0
5221 1
5222 2
5223 3
5224 0
5225 1
5226 2
5227 3
5228 0
5229 1
5230 2
5231 3
5232 0
5233 1
5234 2
5235 3
5236 0
5237 1
5238 2
5239 3
5240 0
5241 1
5242 2
5243 3
5244 0
5245 1
5246 2
5247 4
5248 3
5249 0
5250 1
5251 2
5252 3
5253 0
5254 1
5255 2
5256 3
5257 0
5258 1
5259 2
5260 3
5261 0
5262 1
5263 2
5264 3
5265 0
5266 1
5267 2
5268 3
5269 0
5270 1
5271 2
5272 3
5273 0
5274 1
5275 2
5276 3
5277 0
5278 1
5279 2
5280 3
5281 0
5282 1
5283 2
5284 3
5285 0
5286 1
5287 2
5288 3
5289 0
5290 1
5291 2
5292 3
5293 0
5294 1
5295 2
5296 4
5297 3
5298 0
5299 1
5300 2
5301 3
5302 0
5303 1
5304 2
5305 3
5306 0
5307 1
5308 2
5309 3
5310 0
5311 1
5312 2
5313 3
5314 0
5315 1
5316 2
5317 3
5318 0
5319 1
5320 2
5321 3
5322 0
5323 1
5324 2
5325 3
5326 0
5327 1
5328 2
5329 3
5330 0
5331 1
5332 2
5333 3
5334 0
5335 1
5336 2
5337 3
5338 0
5339 1
5340 2
5341 3
5342 0
5343 1
5344 2
5345 4
5346 3
5347 0
5348 1
5349 2
5350 3
5351 0
5352 1
5353 2
5354 3
5355 4
5356 1
5357 2
5358 0
5359 3
5360 1
5361 2
5362 0
5363 3
5364 1
5365 2
5366 0
5367 4
5368 1
5369 2
5370 3
5371 0
5372 1
5373 2
5374 3
5375 0
5376 1
5377 2
5378 3
5379 4
5380 1
5381 2
5382 0
5383 3
5384 1
5385 2
5386 0
5387 3
5388 1
5389 2
5390 0
5391 4
5392 1
5393 2
5394 3
5395 0
5396 1
5397 2
5398 3
5399 0
5400 1
5401 2
5402 3
5403 0
5404 1
5405 2
5406 3
5407 0
5408 1
5409 2
5410 3
5411 0
5412 1
5413 2
5414 3
5415 0
5416 1
5417 2
5418 3
5419 0
5420 1
5421 2
5422 3
5423 0
5424 1
5425 2
5426 3
5427 0
5428 1
5429 2
5430 3
5431 0
5432 1
5433 2
5434 3
5435 0
5436 1
5437 2
5438 3
5439 0
5440 1
5441 2
5442 4
5443 3
5444 0
5445 1
5446 2
5447 3
5448 0
5449 1
5450 2
5451 3
5452 0
5453 1
5454 2
5455 3
5456 0
5457 1
5458 2
5459 3
5460 0
5461 1
5462 2
5463 3
5464 0
5465 1
5466 2
5467 3
5468 0
5469 1
5470 2
5471 3
5472 0
5473 1
5474 2
5475 3
5476 0
5477 1
5478 2
5479 3
5480 0
5481 1
5482 2
5483 3
5484 0
5485 1
5486 2
5487 3
5488 0
5489 1
5490 2
5491 4
5492 3
5493 0
5494 1
5495 2
5496 3
5497 0
5498 1
5499 2
5500 3
5501 0
5502 1
5503 2
5504 3
5505 0
5506 1
5507 2
5508 3
5509 0
5510 1
5511 2
5512 3
5513 0
5514 1
5515 2
5516 3
5517 0
5518 1
5519 2
5520 3
5521 0
5522 1
5523 2
5524 3
5525 0
5526 1
5527 2
5528 3
5529 0
5530 1
5531 2
5532 3
5533 0
5534 1
5535 2
5536 3
5537 0
5538 1
5539 2
5540 4
5541 3
5542 0
5543 1
5544 2
5545 3
5546 0
5547 1
5548 2
5549 3
5550 4
5551 1
5552 2
5553 0
5554 3
5555 1
5556 2
5557 0
5558 3
5559 1
5560 2
5561 0
5562 4
5563 1
5564 2
5565 3
5566 0
5567 1
5568 2
5569 3
5570 0
5571 1
5572 2
5573 3
5574 4
5575 1
5576 2
5577 0
5578 3
5579 1
5580 2
5581 0
5582 3
5583 1
5584 2
5585 0
5586 4
5587 1
5588 2
5589 3
5590 0
5591 1
5592 2
5593 3
5594 0
5595 1
5596 2
5597 3
5598 0
5599 1
5600 2
5601 3
5602 0
5603 1
5604 2
5605 3
5606 0
5607 1
5608 2
5609 3
5610 0
5611 1
5612 2
5613 3
5614 0
5615 1
5616 2
5617 3
5618 0
5619 1
5620 2
5621 3
5622 0
5623 1
5624 2
5625 3
5626 0
5627 1
5628 2
5629 3
5630 0
5631 1
5632 2
5633 3
5634 0
5635 1
5636 2
5637 4
5638 3
5639 0
5640 1
5641 2
5642 3
5643 0
5644 1
5645 2
5646 3
5647 0
5648 1
5649 2
5650 3
5651 0
5652 1
5653 2
5654 3
5655 0
5656 1
5657 2
5658 3
5659 0
5660 1
5661 2
5662 3
5663 0
5664 1
5665 2
5666 3
5667 0
5668 1
5669 2
5670 3
5671 0
5672 1
5673 2
5674 3
5675 0
5676 1
5677 2
5678 3
5679 0
5680 1
5681 2
5682 3
5683 0
5684 1
5685 2
5686 4
5687 3
5688 0
5689 1
5690 2
5691 3
5692 0
5693 1
5694 2
5695 3
5696 0
5697 1
5698 2
5699 3
5700 0
5701 1
5702 2
5703 3
5704 0
5705 1
5706 2
5707 3
5708 0
5709 1
5710 2
5711 3
5712 0
5713 1
5714 2
5715 3
5716 0
5717 1
5718 2
5719 3
5720 0
5721 1
5722 2
5723 3
5724 0
5725 1
5726 2
5727 3
5728 0
5729 1
5730 2
5731 3
5732 0
5733 1
5734 2
5735 4
5736 3
5737 0
5738 1
5739 2
5740 3
5741 0
5742 1
5743 2
5744 3
5745 4
5746 1
5747 2
5748 0
5749 3
5750 1
5751 2
5752 0
5753 3
5754 1
5755 2
5756 0
5757 4
5758 1
5759 2
5760 3
5761 0
5762 1
5763 2
5764 3
5765 0
5766 1
5767 2
5768 3
5769 4
5770 1
5771 2
5772 0
5773 3
5774 1
5775 2
5776 0
5777 3
5778 1
5779 2
5780 0
5781 4
5782 1
5783 2
5784 3
5785 0
5786 1
5787 2
5788 3
5789 0
5790 1
5791 2
5792 3
5793 0
5794 1
5795 2
5796 3
5797 0
5798 1
5799 2
5800 3
5801 0
5802 1
5803 2
5804 3
5805 0
5806 1
5807 2
5808 3
5809 0
5810 1
5811 2
5812 3
5813 0
5814 1
5815 2
5816 3
5817 0
5818 1
5819 2
5820 3
5821 0
5822 1
5823 2
5824 3
5825 0
5826 1
5827 2
5828 3
5829 0
5830 1
5831 2
5832 4
5833 3
5834 0
5835 1
5836 2
5837 3
5838 0
5839 1
5840 2
5841 3
5842 0
5843 1
5844 2
5845 3
5846 0
5847 1
5848 2
5849 3
5850 0
5851 1
5852 2
5853 3
5854 0
5855 1
5856 2
5857 4
5858 3
5859 0
5860 1
5861 2
5862 3
5863 0
5864 1
5865 2
5866 3
5867 4
5868 1
5869 2
5870 0
5871 3
5872 1
5873 2
5874 0
5875 3
5876 1
5877 2
5878 0
5879 4
5880 1
5881 2
5882 3
5883 0
5884 1
5885 2
5886 3
5887 0
5888 1
5889 2
5890 3
5891 0
5892 1
5893 2
5894 3
5895 0
5896 1
5897 2
5898 3
5899 0
5900 1
5901 2
5902 3
5903 0
5904 1
5905 2
5906 3
5907 0
5908 1
5909 2
5910 3
5911 0
5912 1
5913 2
5914 3
5915 0
5916 1
5917 2
5918 3
5919 0
5920 1
5921 2
5922 3
5923 0
5924 1
5925 2
5926 3
5927 0
5928 1
5929 2
5930 4
5931 3
5932 0
5933 1
5934 2
5935 3
5936 0
5937 1
5938 2
5939 3
5940 0
5941 1
5942 2
5943 3
5944 0
5945 1
5946 2
5947 3
5948 0
5949 1
5950 2
5951 3
5952 0
5953 1
5954 2
5955 4
5956 3
5957 0
5958 1
5959 2
5960 3
5961 0
5962 1
5963 2
5964 3
5965 4
5966 1
5967 2
5968 0
5969 3
5970 1
5971 2
5972 0
5973 3
5974 1
5975 2
5976 0
5977 4
5978 1
5979 2
5980 3
5981 0
5982 1
5983 2
5984 3
5985 0
5986 1
5987 2
5988 3
5989 0
5990 1
5991 2
5992 3
5993 0
5994 1
5995 2
5996 3
5997 0
5998 1
5999 2
6000 3
6001 0
6002 1
6003 2
6004 3
6005 0
6006 1
6007 2
6008 3
6009 0
6010 1
6011 2
6012 3
6013 0
6014 1
6015 2
6016 3
6017 0
6018 1
6019 2
6020 3
6021 0
6022 1
6023 2
6024 3
6025 0
6026 1
6027 2
6028 4
6029 3
6030 0
6031 1
6032 2
6033 3
6034 0
6035 1
6036 2
6037 3
6038 0
6039 1
6040 2
6041 3
6042 0
6043 1
6044 2
6045 3
6046 0
6047 1
6048 2
6049 3
6050 0
6051 1
6052 2
6053 3
6054 0
6055 1
6056 2
6057 3
6058 0
6059 1
6060 2
6061 3
6062 0
6063 1
6064 2
6065 3
6066 0
6067 1
6068 2
6069 3
6070 0
6071 1
6072 2
6073 3
6074 0
6075 1
6076 2
6077 4
6078 3
6079 0
6080 1
6081 2
6082 3
6083 0
6084 1
6085 2
6086 3
6087 0
6088 1
6089 2
6090 3
6091 0
6092 1
6093 2
6094 3
6095 0
6096 1
6097 2
6098 3
6099 0
6100 1
6101 2
6102 3
6103 0
6104 1
6105 2
6106 3
6107 0
6108 1
6109 2
6110 3
6111 0
6112 1
6113 2
6114 3
6115 0
6116 1
6117 2
6118 3
6119 0
6120 1
6121 2
6122 3
6123 0
6124 1
6125 2
6126 4
6127 3
6128 0
6129 1
6130 2
6131 3
6132 0
6133 1
6134 2
6135 3
6136 4
6137 1
6138 2
6139 0
6140 3
6141 1
6142 2
6143 0
6144 3
6145 1
6146 2
6147 0
6148 4
6149 1
6150 2
6151 3
6152 0
6153 1
6154 2
6155 3
6156 0
6157 1
6158 2
6159 3
6160 4
6161 1
6162 2
6163 0
6164 3
6165 1
6166 2
6167 0
6168 3
6169 1
6170 2
6171 0
6172 4
6173 1
6174 2
6175 3
6176 0
6177 1
6178 2
6179 3
6180 0
6181 1
6182 2
6183 3
6184 0
6185 1
6186 2
6187 3
6188 0
6189 1
6190 2
6191 3
6192 0
6193 1
6194 2
6195 3
6196 0
6197 1
6198 2
6199 3
6200 0
6201 1
6202 2
6203 3
6204 0
6205 1
6206 2
6207 3
6208 0
6209 1
6210 2
6211 3
6212 0
6213 1
6214 2
6215 3
6216 0
6217 1
6218 2
6219 3
6220 0
6221 1
6222 2
6223 4
6224 3
6225 0
6226 1
6227 2
6228 3
6229 0
6230 1
6231 2
6232 3
6233 0
6234 1
6235 2
6236 3
6237 0
6238 1
6239 2
6240 3
6241 0
6242 1
6243 2
6244 3
6245 0
6246 1
6247 2
6248 4
6249 3
6250 0
6251 1
6252 2
6253 3
6254 0
6255 1
6256 2
6257 3
6258 4
6259 1
6260 2
6261 0
6262 3
6263 1
6264 2
6265 0
6266 3
6267 1
6268 2
6269 0
6270 4
6271 1
6272 2
6273 3
6274 0
6275 1
6276 2
6277 3
6278 0
6279 1
6280 2
6281 3
6282 0
6283 1
6284 2
6285 3
6286 0
6287 1
6288 2
6289 3
6290 0
6291 1
6292 2
6293 3
6294 0
6295 1
6296 2
6297 3
6298 0
6299 1
6300 2
6301 3
6302 0
6303 1
6304 2
6305 3
6306 0
6307 1
6308 2
6309 3
6310 0
6311 1
6312 2
6313 3
6314 0
6315 1
6316 2
6317 3
6318 0
6319 1
6320 2
6321 4
6322 3
6323 0
6324 1
6325 2
6326 3
6327 0
6328 1
6329 2
6330 3
6331 4
6332 1
6333 2
6334 0
6335 3
6336 1
6337 2
6338 0
6339 3
6340 1
6341 2
6342 0
6343 4
6344 1
6345 2
6346 3
6347 0
6348 1
6349 2
6350 3
6351 0
6352 1
6353 2
6354 3
6355 4
6356 1
6357 2
6358 0
6359 3
6360 1
6361 2
6362 0
6363 3
6364 1
6365 2
6366 0
6367 4
6368 1
6369 2
6370 3
6371 0
6372 1
6373 2
6374 3
6375 0
6376 1
6377 2
6378 3
6379 0
6380 1
6381 2
6382 3
6383 0
6384 1
6385 2
6386 3
6387 0
6388 1
6389 2
6390 3
6391 0
6392 1
6393 2
6394 3
6395 0
6396 1
6397 2
6398 3
6399 0
6400 1
6401 2
6402 3
6403 0
6404 1
6405 2
6406 3
6407 0
6408 1
6409 2
6410 3
6411 0
6412 1
6413 2
6414 3
6415 0
6416 1
6417 2
6418 4
6419 3
6420 0
6421 1
6422 2
6423 3
6424 0
6425 1
6426 2
6427 3
6428 0
6429 1
6430 2
6431 3
6432 0
6433 1
6434 2
6435 3
6436 0
6437 1
6438 2
6439 3
6440 0
6441 1
6442 2
6443 3
6444 0
6445 1
6446 2
6447 3
6448 0
6449 1
6450 2
6451 3
6452 0
6453 1
6454 2
6455 3
6456 0
6457 1
6458 2
6459 3
6460 0
6461 1
6462 2
6463 3
6464 0
6465 1
6466 2
6467 4
6468 3
6469 0
6470 1
6471 2
6472 3
6473 0
6474 1
6475 2
6476 3
6477 0
6478 1
6479 2
6480 3
6481 0
6482 1
6483 2
6484 3
6485 0
6486 1
6487 2
6488 3
6489 0
6490 1
6491 2
6492 3
6493 0
6494 1
6495 2
6496 3
6497 0
6498 1
6499 2
6500 3
6501 0
6502 1
6503 2
6504 3
6505 0
6506 1
6507 2
6508 3
6509 0
6510 1
6511 2
6512 3
6513 0
6514 1
6515 2
6516 4
6517 3
6518 0
6519 1
6520 2
6521 3
6522 0
6523 1
6524 2
6525 3
6526 4
6527 1
6528 2
6529 0
6530 3
6531 1
6532 2
6533 0
6534 3
6535 1
6536 2
6537 0
6538 4
6539 1
6540 2
6541 3
6542 0
6543 1
6544 2
6545 3
6546 0
6547 1
6548 2
6549 3
6550 4
6551 1
6552 2
6553 0
6554 3
6555 1
6556 2
6557 0
6558 3
6559 1
6560 2
6561 0
6562 4
6563 1
6564 2
6565 3
6566 0
6567 1
6568 2
6569 3
6570 0
6571 1
6572 2
6573 3
6574 0
6575 1
6576 2
6577 3
6578 0
6579 1
6580 2
6581 3
6582 0
6583 1
6584 2
6585 3
6586 0
6587 1
6588 2
6589 3
6590 0
6591 1
6592 2
6593 3
6594 0
6595 1
6596 2
6597 3
6598 0
6599 1
6600 2
6601 3
6602 0
6603 1
6604 2
6605 3
6606 0
6607 1
6608 2
6609 3
6610 0
6611 1
6612 2
6613 4
6614 3
6615 0
6616 1
6617 2
6618 3
6619 0
6620 1
6621 2
6622 3
6623 0
6624 1
6625 2
6626 3
6627 0
6628 1
6629 2
6630 3
6631 0
6632 1
6633 2
6634 3
6635 0
6636 1
6637 2
6638 4
6639 3
6640 0
6641 1
6642 2
6643 3
6644 0
6645 1
6646 2
6647 3
6648 4
6649 1
6650 2
6651 0
6652 3
6653 1
6654 2
6655 0
6656 3
6657 1
6658 2
6659 0
6660 4
6661 1
6662 2
6663 3
6664 0
6665 1
6666 2
6667 3
6668 0
6669 1
6670 2
6671 3
6672 0
6673 1
6674 2
6675 3
6676 0
6677 1
6678 2
6679 3
6680 0
6681 1
6682 2
6683 3
6684 0
6685 1
6686 2
6687 3
6688 0
6689 1
6690 2
6691 3
6692 0
6693 1
6694 2
6695 3
6696 0
6697 1
6698 2
6699 3
6700 0
6701 1
6702 2
6703 3
6704 0
6705 1
6706 2
6707 3
6708 0
6709 1
6710 2
6711 4
6712 3
6713 0
6714 1
6715 2
6716 3
6717 0
6718 1
6719 2
6720 3
6721 0
6722 1
6723 2
6724 3
6725 0
6726 1
6727 2
6728 3
6729 0
6730 1
6731 2
6732 3
6733 0
6734 1
6735 2
6736 4
6737 3
6738 0
6739 1
6740 2
6741 3
6742 0
6743 1
6744 2
6745 3
6746 4
6747 1
6748 2
6749 0
6750 3
6751 1
6752 2
6753 0
6754 3
6755 1
6756 2
6757 0
6758 4
6759 1
6760 2
6761 3
6762 0
6763 1
6764 2
6765 3
6766 0
6767 1
6768 2
6769 3
6770 0
6771 1
6772 2
6773 3
6774 0
6775 1
6776 2
6777 3
6778 0
6779 1
6780 2
6781 3
6782 0
6783 1
6784 2
6785 3
6786 0
6787 1
6788 2
6789 3
6790 0
6791 1
6792 2
6793 3
6794 0
6795 1
6796 2
6797 3
6798 0
6799 1
6800 2
6801 3
6802 0
6803 1
6804 2
6805 3
6806 0
6807 1
6808 2
6809 4
6810 3
6811 0
6812 1
6813 2
6814 3
6815 0
6816 1
6817 2
6818 3
6819 0
6820 1
6821 2
6822 3
6823 0
6824 1
6825 2
6826 3
6827 0
6828 1
6829 2
6830 3
6831 0
6832 1
6833 2
6834 3
6835 0
6836 1
6837 2
6838 3
6839 0
6840 1
6841 2
6842 3
6843 0
6844 1
6845 2
6846 3
6847 0
6848 1
6849 2
6850 3
6851 0
6852 1
6853 2
6854 3
6855 0
6856 1
6857 2
6858 4
6859 3
6860 0
6861 1
6862 2
6863 3
6864 0
6865 1
6866 2
6867 3
6868 0
6869 1
6870 2
6871 3
6872 0
6873 1
6874 2
6875 3
6876 0
6877 1
6878 2
6879 3
6880 0
6881 1
6882 2
6883 3
6884 0
6885 1
6886 2
6887 3
6888 0
6889 1
6890 2
6891 3
6892 0
6893 1
6894 2
6895 3
6896 0
6897 1
6898 2
6899 3
6900 0
6901 1
6902 2
6903 3
6904 0
6905 1
6906 2
6907 4
6908 3
6909 0
6910 1
6911 2
6912 3
6913 0
6914 1
6915 2
6916 3
6917 4
6918 1
6919 2
6920 0
6921 3
6922 1
6923 2
6924 0
6925 3
6926 1
6927 2
6928 0
6929 4
6930 1
6931 2
6932 3
6933 0
6934 1
6935 2
6936 3
6937 0
6938 1
6939 2
6940 3
6941 4
6942 1
6943 2
6944 0
6945 3
6946 1
6947 2
6948 0
6949 3
6950 1
6951 2
6952 0
6953 4
6954 1
6955 2
6956 3
6957 0
6958 1
6959 2
6960 3
6961 0
6962 1
6963 2
6964 3
6965 0
6966 1
6967 2
6968 3
6969 0
6970 1
6971 2
6972 3
6973 0
6974 1
6975 2
6976 3
6977 0
6978 1
6979 2
6980 3
6981 0
6982 1
6983 2
6984 3
6985 0
6986 1
6987 2
6988 3
6989 0
6990 1
6991 2
6992 3
6993 0
6994 1
6995 2
6996 3
6997 0
6998 1
6999 2
7000 3
7001 0
7002 1
7003 2
7004 4
7005 3
7006 0
7007 1
7008 2
7009 3
7010 0
7011 1
7012 2
7013 3
7014 0
7015 1
7016 2
7017 3
7018 0
7019 1
7020 2
7021 3
7022 0
7023 1
7024 2
7025 3
7026 0
7027 1
7028 2
7029 3
7030 0
7031 1
7032 2
7033 3
7034 0
7035 1
7036 2
7037 3
7038 0
7039 1
7040 2
7041 3
7042 0
7043 1
7044 2
7045 3
7046 0
7047 1
7048 2
7049 3
7050 0
7051 1
7052 2
7053 4
7054 3
7055 0
7056 1
7057 2
7058 3
7059 0
7060 1
7061 2
7062 3
7063 0
7064 1
7065 2
7066 3
7067 0
7068 1
7069 2
7070 3
7071 0
7072 1
7073 2
7074 3
7075 0
7076 1
7077 2
7078 3
7079 0
7080 1
7081 2
7082 3
7083 0
7084 1
7085 2
7086 3
7087 0
7088 1
7089 2
7090 3
7091 0
7092 1
7093 2
7094 3
7095 0
7096 1
7097 2
7098 3
7099 0
7100 1
7101 2
7102 4
7103 3
7104 0
7105 1
7106 2
7107 3
7108 0
7109 1
7110 2
7111 3
7112 4
7113 1
7114 2
7115 0
7116 3
7117 1
7118 2
7119 0
7120 3
7121 1
7122 2
7123 0
7124 4
7125 1
7126 2
7127 3
7128 0
7129 1
7130 2
7131 3
7132 0
7133 1
7134 2
7135 3
7136 4
7137 1
7138 2
7139 0
7140 3
7141 1
7142 2
7143 0
7144 3
7145 1
7146 2
7147 0
7148 4
7149 1
7150 2
7151 3
7152 0
7153 1
7154 2
7155 3
7156 0
7157 1
7158 2
7159 3
7160 0
7161 1
7162 2
7163 3
7164 0
7165 1
7166 2
7167 3
7168 0
7169 1
7170 2
7171 3
7172 0
7173 1
7174 2
7175 3
7176 0
7177 1
7178 2
7179 3
7180 0
7181 1
7182 2
7183 3
7184 0
7185 1
7186 2
7187 3
7188 0
7189 1
7190 2
7191 3
7192 0
7193 1
7194 2
7195 3
7196 0
7197 1
7198 2
7199 4
7200 3
7201 0
7202 1
7203 2
7204 3
7205 0
7206 1
7207 2
7208 3
7209 0
7210 1
7211 2
7212 3
7213 0
7214 1
7215 2
7216 3
7217 0
7218 1
7219 2
7220 3
7221 0
7222 1
7223 2
7224 3
7225 0
7226 1
7227 2
7228 3
7229 0
7230 1
7231 2
7232 3
7233 0
7234 1
7235 2
7236 3
7237 0
7238 1
7239 2
7240 3
7241 0
7242 1
7243 2
7244 3
7245 0
7246 1
7247 2
7248 4
7249 3
7250 0
7251 1
7252 2
7253 3
7254 0
7255 1
7256 2
7257 3
7258 0
7259 1
7260 2
7261 3
7262 0
7263 1
7264 2
7265 3
7266 0
7267 1
7268 2
7269 3
7270 0
7271 1
7272 2
7273 3
7274 0
7275 1
7276 2
7277 3
7278 0
7279 1
7280 2
7281 3
7282 0
7283 1
7284 2
7285 3
7286 0
7287 1
7288 2
7289 3
7290 0
7291 1
7292 2
7293 3
7294 0
7295 1
7296 2
7297 4
7298 3
7299 0
7300 1
7301 2
7302 3
7303 0
7304 1
7305 2
7306 3
7307 4
7308 1
7309 2
7310 0
7311 3
7312 1
7313 2
7314 0
7315 3
7316 1
7317 2
7318 0
7319 4
7320 1
7321 2
7322 3
7323 0
7324 1
7325 2
7326 3
7327 0
7328 1
7329 2
7330 3
7331 4
7332 1
7333 2
7334 0
7335 3
7336 1
7337 2
7338 0
7339 3
7340 1
7341 2
7342 0
7343 4
7344 1
7345 2
7346 3
7347 0
7348 1
7349 2
7350 3
7351 0
7352 1
7353 2
7354 3
7355 0
7356 1
7357 2
7358 3
7359 0
7360 1
7361 2
7362 3
7363 0
7364 1
7365 2
7366 3
7367 0
7368 1
7369 2
7370 3
7371 0
7372 1
7373 2
7374 3
7375 0
7376 1
7377 2
7378 3
7379 0
7380 1
7381 2
7382 3
7383 0
7384 1
7385 2
7386 3
7387 0
7388 1
7389 2
7390 3
7391 0
7392 1
7393 2
7394 4
7395 3
7396 0
7397 1
7398 2
7399 3
7400 0
7401 1
7402 2
7403 3
7404 0
7405 1
7406 2
7407 3
7408 0
7409 1
7410 2
7411 3
7412 0
7413 1
7414 2
7415 3
7416 0
7417 1
7418 2
7419 4
7420 3
7421 0
7422 1
7423 2
7424 3
7425 0
7426 1
7427 2
7428 3
7429 4
7430 1
7431 2
7432 0
7433 3
7434 1
7435 2
7436 0
7437 3
7438 1
7439 2
7440 0
7441 4
7442 1
7443 2
7444 3
7445 0
7446 1
7447 2
7448 3
7449 0
7450 1
7451 2
7452 3
7453 0
7454 1
7455 2
7456 3
7457 0
7458 1
7459 2
7460 3
7461 0
7462 1
7463 2
7464 3
7465 0
7466 1
7467 2
7468 3
7469 0
7470 1
7471 2
7472 3
7473 0
7474 1
7475 2
7476 3
7477 0
7478 1
7479 2
7480 3
7481 0
7482 1
7483 2
7484 3
7485 0
7486 1
7487 2
7488 3
7489 0
7490 1
7491 2
7492 4
7493 3
7494 0
7495 1
7496 2
7497 3
7498 0
7499 1
7500 2
7501 3
7502 0
7503 1
7504 2
7505 3
7506 0
7507 1
7508 2
7509 3
7510 0
7511 1
7512 2
7513 3
7514 0
7515 1
7516 2
7517 4
7518 3
7519 0
7520 1
7521 2
7522 3
7523 0
7524 1
7525 2
7526 3
7527 4
7528 1
7529 2
7530 0
7531 3
7532 1
7533 2
7534 0
7535 3
7536 1
7537 2
7538 0
7539 4
7540 1
7541 2
7542 3
7543 0
7544 1
7545 2
7546 3
7547 0
7548 1
7549 2
7550 3
7551 0
7552 1
7553 2
7554 3
7555 0
7556 1
7557 2
7558 3
7559 0
7560 1
7561 2
7562 3
7563 0
7564 1
7565 2
7566 3
7567 0
7568 1
7569 2
7570 3
7571 0
7572 1
7573 2
7574 3
7575 0
7576 1
7577 2
7578 3
7579 0
7580 1
7581 2
7582 3
7583 0
7584 1
7585 2
7586 3
7587 0
7588 1
7589 2
7590 4
7591 3
7592 0
7593 1
7594 2
7595 3
7596 0
7597 1
7598 2
7599 3
7600 0
7601 1
7602 2
7603 3
7604 0
7605 1
7606 2
7607 3
7608 0
7609 1
7610 2
7611 3
7612 0
7613 1
7614 2
7615 3
7616 0
7617 1
7618 2
7619 3
7620 0
7621 1
7622 2
7623 3
7624 0
7625 1
7626 2
7627 3
7628 0
7629 1
7630 2
7631 3
7632 0
7633 1
7634 2
7635 3
7636 0
7637 1
7638 2
7639 4
7640 3
7641 0
7642 1
7643 2
7644 3
7645 0
7646 1
7647 2
7648 3
7649 0
7650 1
7651 2
7652 3
7653 0
7654 1
7655 2
7656 3
7657 0
7658 1
7659 2
7660 3
7661 0
7662 1
7663 2
7664 3
7665 0
7666 1
7667 2
7668 3
7669 0
7670 1
7671 2
7672 3
7673 0
7674 1
7675 2
7676 3
7677 0
7678 1
7679 2
7680 3
7681 0
7682 1
7683 2
7684 3
7685 0
7686 1
7687 2
7688 4
7689 3
7690 0
7691 1
7692 2
7693 3
7694 0
7695 1
7696 2
7697 3
7698 4
7699 1
7700 2
7701 0
7702 3
7703 1
7704 2
7705 0
7706 3
7707 1
7708 2
7709 0
7710 4
7711 1
7712 2
7713 3
7714 0
7715 1
7716 2
7717 3
7718 0
7719 1
7720 2
7721 3
7722 4
7723 1
7724 2
7725 0
7726 3
7727 1
7728 2
7729 0
7730 3
7731 1
7732 2
7733 0
7734 4
7735 1
7736 2
7737 3
7738 0
7739 1
7740 2
7741 3
7742 0
7743 1
7744 2
7745 3
7746 0
7747 1
7748 2
7749 3
7750 0
7751 1
7752 2
7753 3
7754 0
7755 1
7756 2
7757 3
7758 0
7759 1
7760 2
7761 3
7762 0
7763 1
7764 2
7765 3
7766 0
7767 1
7768 2
7769 3
7770 0
7771 1
7772 2
7773 3
7774 0
7775 1
7776 2
7777 3
7778 0
7779 1
7780 2
7781 3
7782 0
7783 1
7784 2
7785 4
7786 3
7787 0
7788 1
7789 2
7790 3
7791 0
7792 1
7793 2
7794 3
7795 0
7796 1
7797 2
7798 3
7799 0
7800 1
7801 2
7802 3
7803 0
7804 1
7805 2
7806 3
7807 0
7808 1
7809 2
7810 4
7811 3
7812 0
7813 1
7814 2
7815 3
7816 0
7817 1
7818 2
7819 3
7820 4
7821 1
7822 2
7823 0
7824 3
7825 1
7826 2
7827 0
7828 3
7829 1
7830 2
7831 0
7832 4
7833 1
7834 2
7835 3
7836 0
7837 1
7838 2
7839 3
7840 0
7841 1
7842 2
7843 3
7844 0
7845 1
7846 2
7847 3
7848 0
7849 1
7850 2
7851 3
7852 0
7853 1
7854 2
7855 3
7856 0
7857 1
7858 2
7859 3
7860 0
7861 1
7862 2
7863 3
7864 0
7865 1
7866 2
7867 3
7868 0
7869 1
7870 2
7871 3
7872 0
7873 1
7874 2
7875 3
7876 0
7877 1
7878 2
7879 3
7880 0
7881 1
7882 2
7883 4
7884 3
7885 0
7886 1
7887 2
7888 3
7889 0
7890 1
7891 2
7892 3
7893 0
7894 1
7895 2
7896 3
7897 0
7898 1
7899 2
7900 3
7901 0
7902 1
7903 2
7904 3
7905 0
7906 1
7907 2
7908 4
7909 3
7910 0
7911 1
7912 2
7913 3
7914 0
7915 1
7916 2
7917 3
7918 4
7919 1
7920 2
7921 0
7922 3
7923 1
7924 2
7925 0
7926 3
7927 1
7928 2
7929 0
7930 4
7931 1
7932 2
7933 3
7934 0
7935 1
7936 2
7937 3
7938 0
7939 1
7940 2
7941 3
7942 0
7943 1
7944 2
7945 3
7946 0
7947 1
7948 2
7949 3
7950 0
7951 1
7952 2
7953 3
7954 0
7955 1
7956 2
7957 3
7958 0
7959 1
7960 2
7961 3
7962 0
7963 1
7964 2
7965 3
7966 0
7967 1
7968 2
7969 3
7970 0
7971 1
7972 2
7973 3
7974 0
7975 1
7976 2
7977 3
7978 0
7979 1
7980 2
7981 4
7982 3
7983 0
7984 1
7985 2
7986 3
7987 0
7988 1
7989 2
7990 3
7991 0
7992 1
7993 2
7994 3
7995 0
7996 1
7997 2
7998 3
7999 0
8000 1
8001 2
8002 3
8003 0
8004 1
8005 2
8006 3
8007 0
8008 1
8009 2
8010 3
8011 0
8012 1
8013 2
8014 3
8015 0
8016 1
8017 2
8018 3
8019 0
8020 1
8021 2
8022 3
8023 0
8024 1
8025 2
8026 3
8027 0
8028 1
8029 2
8030 4
8031 3
8032 0
8033 1
8034 2
8035 3
8036 0
8037 1
8038 2
8039 3
8040 0
8041 1
8042 2
8043 3
8044 0
8045 1
8046 2
8047 3
8048 0
8049 1
8050 2
8051 3
8052 0
8053 1
8054 2
8055 3
8056 0
8057 1
8058 2
8059 3
8060 0
8061 1
8062 2
8063 3
8064 0
8065 1
8066 2
8067 3
8068 0
8069 1
8070 2
8071 3
8072 0
8073 1
8074 2
8075 3
8076 0
8077 1
8078 2
8079 4
8080 3
8081 0
8082 1
8083 2
8084 3
8085 0
8086 1
8087 2
8088 3
8089 4
8090 1
8091 2
8092 0
8093 3
8094 1
8095 2
8096 0
8097 3
8098 1
8099 2
8100 0
8101 4
8102 1
8103 2
8104 3
8105 0
8106 1
8107 2
8108 3
8109 0
8110 1
8111 2
8112 3
8113 4
8114 1
8115 2
8116 0
8117 3
8118 1
8119 2
8120 0
8121 3
8122 1
8123 2
8124 0
8125 4
8126 1
8127 2
8128 3
8129 0
8130 1
8131 2
8132 3
8133 0
8134 1
8135 2
8136 3
8137 0
8138 1
8139 2
8140 3
8141 0
8142 1
8143 2
8144 3
8145 0
8146 1
8147 2
8148 3
8149 0
8150 1
8151 2
8152 3
8153 0
8154 1
8155 2
8156 3
8157 0
8158 1
8159 2
8160 3
8161 0
8162 1
8163 2
8164 3
8165 0
8166 1
8167 2
8168 3
8169 0
8170 1
8171 2
8172 3
8173 0
8174 1
8175 2
8176 4
8177 3
8178 0
8179 1
8180 2
8181 3
8182 0
8183 1
8184 2
8185 3
8186 0
8187 1
8188 2
8189 3
8190 0
8191 1
8192 2
8193 3
8194 0
8195 1
8196 2
8197 3
8198 0
8199 1
8200 2
8201 4
8202 3
8203 0
8204 1
8205 2
8206 3
8207 0
8208 1
8209 2
8210 3
8211 4
8212 1
8213 2
8214 0
8215 3
8216 1
8217 2
8218 0
8219 3
8220 1
8221 2
8222 0
8223 4
8224 1
8225 2
8226 3
8227 0
8228 1
8229 2
8230 3
8231 0
8232 1
8233 2
8234 3
8235 0
8236 1
8237 2
8238 3
8239 0
8240 1
8241 2
8242 3
8243 0
8244 1
8245 2
8246 3
8247 0
8248 1
8249 2
8250 3
8251 0
8252 1
8253 2
8254 3
8255 0
8256 1
8257 2
8258 3
8259 0
8260 1
8261 2
8262 3
8263 0
8264 1
8265 2
8266 3
8267 0
8268 1
8269 2
8270 3
8271 0
8272 1
8273 2
8274 4
8275 3
8276 0
8277 1
8278 2
8279 3
8280 0
8281 1
8282 2
8283 3
8284 0
8285 1
8286 2
8287 3
8288 0
8289 1
8290 2
8291 3
8292 0
8293 1
8294 2
8295 3
8296 0
8297 1
8298 2
8299 4
8300 3
8301 0
8302 1
8303 2
8304 3
8305 0
8306 1
8307 2
8308 3
8309 4
8310 1
8311 2
8312 0
8313 3
8314 1
8315 2
8316 0
8317 3
8318 1
8319 2
8320 0
8321 4
8322 1
8323 2
8324 3
8325 0
8326 1
8327 2
8328 3
8329 0
8330 1
8331 2
8332 3
8333 0
8334 1
8335 2
8336 3
8337 0
8338 1
8339 2
8340 3
8341 0
8342 1
8343 2
8344 3
8345 0
8346 1
8347 2
8348 3
8349 0
8350 1
8351 2
8352 3
8353 0
8354 1
8355 2
8356 3
8357 0
8358 1
8359 2
8360 3
8361 0
8362 1
8363 2
8364 3
8365 0
8366 1
8367 2
8368 3
8369 0
8370 1
8371 2
8372 4
8373 3
8374 0
8375 1
8376 2
8377 3
8378 0
8379 1
8380 2
8381 3
8382 0
8383 1
8384 2
8385 3
8386 0
8387 1
8388 2
8389 3
8390 0
8391 1
8392 2
8393 3
8394 0
8395 1
8396 2
8397 3
8398 0
8399 1
8400 2
8401 3
8402 0
8403 1
8404 2
8405 3
8406 0
8407 1
8408 2
8409 3
8410 0
8411 1
8412 2
8413 3
8414 0
8415 1
8416 2
8417 3
8418 0
8419 1
8420 2
8421 4
8422 3
8423 0
8424 1
8425 2
8426 3
8427 0
8428 1
8429 2
8430 3
8431 0
8432 1
8433 2
8434 3
8435 0
8436 1
8437 2
8438 3
8439 0
8440 1
8441 2
8442 3
8443 0
8444 1
8445 2
8446 3
8447 0
8448 1
8449 2
8450 3
8451 0
8452 1
8453 2
8454 3
8455 0
8456 1
8457 2
8458 3
8459 0
8460 1
8461 2
8462 3
8463 0
8464 1
8465 2
8466 3
8467 0
8468 1
8469 2
8470 4
8471 3
8472 0
8473 1
8474 2
8475 3
8476 0
8477 1
8478 2
8479 3
8480 4
8481 1
8482 2
8483 0
8484 3
8485 1
8486 2
8487 0
8488 3
8489 1
8490 2
8491 0
8492 4
8493 1
8494 2
8495 3
8496 0
8497 1
8498 2
8499 3
8500 0
8501 1
8502 2
8503 3
8504 4
8505 1
8506 2
8507 0
8508 3
8509 1
8510 2
8511 0
8512 3
8513 1
8514 2
8515 0
8516 4
8517 1
8518 2
8519 3
8520 0
8521 1
8522 2
8523 3
8524 0
8525 1
8526 2
8527 3
8528 0
8529 1
8530 2
8531 3
8532 0
8533 1
8534 2
8535 3
8536 0
8537 1
8538 2
8539 3
8540 0
8541 1
8542 2
8543 3
8544 0
8545 1
8546 2
8547 3
8548 0
8549 1
8550 2
8551 3
8552 0
8553 1
8554 2
8555 3
8556 0
8557 1
8558 2
8559 3
8560 0
8561 1
8562 2
8563 3
8564 0
8565 1
8566 2
8567 4
8568 3
8569 0
8570 1
8571 2
8572 3
8573 0
8574 1
8575 2
8576 3
8577 0
8578 1
8579 2
8580 3
8581 0
8582 1
8583 2
8584 3
8585 0
8586 1
8587 2
8588 3
8589 0
8590 1
8591 2
8592 3
8593 0
8594 1
8595 2
8596 3
8597 0
8598 1
8599 2
8600 3
8601 0
8602 1
8603 2
8604 3
8605 0
8606 1
8607 2
8608 3
8609 0
8610 1
8611 2
8612 3
8613 0
8614 1
8615 2
8616 4
8617 3
8618 0
8619 1
8620 2
8621 3
8622 0
8623 1
8624 2
8625 3
8626 0
8627 1
8628 2
8629 3
8630 0
8631 1
8632 2
8633 3
8634 0
8635 1
8636 2
8637 3
8638 0
8639 1
8640 2
8641 3
8642 0
8643 1
8644 2
8645 3
8646 0
8647 1
8648 2
8649 3
8650 0
8651 1
8652 2
8653 3
8654 0
8655 1
8656 2
8657 3
8658 0
8659 1
8660 2
8661 3
8662 0
8663 1
8664 2
8665 4
8666 3
8667 0
8668 1
8669 2
8670 3
8671 0
8672 1
8673 2
8674 3
8675 4
8676 1
8677 2
8678 0
8679 3
8680 1
8681 2
8682 0
8683 3
8684 1
8685 2
8686 0
8687 4
8688 1
8689 2
8690 3
8691 0
8692 1
8693 2
8694 3
8695 0
8696 1
8697 2
8698 3
8699 4
8700 1
8701 2
8702 0
8703 3
8704 1
8705 2
8706 0
8707 3
8708 1
8709 2
8710 0
8711 4
8712 1
8713 2
8714 3
8715 0
8716 1
8717 2
8718 3
8719 0
8720 1
8721 2
8722 3
8723 0
8724 1
8725 2
8726 3
8727 0
8728 1
8729 2
8730 3
8731 0
8732 1
8733 2
8734 3
8735 0
8736 1
8737 2
8738 3
8739 0
8740 1
8741 2
8742 3
8743 0
8744 1
8745 2
8746 3
8747 0
8748 1
8749 2
8750 3
8751 0
8752 1
8753 2
8754 3
8755 0
8756 1
8757 2
8758 3
8759 0
8760 1
8761 2
8762 4
8763 3
8764 0
8765 1
8766 2
8767 3
8768 0
8769 1
8770 2
8771 3
8772 0
8773 1
8774 2
8775 3
8776 0
8777 1
8778 2
8779 3
8780 0
8781 1
8782 2
8783 3
8784 0
8785 1
8786 2
8787 3
8788 0
8789 1
8790 2
8791 3
8792 0
8793 1
8794 2
8795 3
8796 0
8797 1
8798 2
8799 3
8800 0
8801 1
8802 2
8803 3
8804 0
8805 1
8806 2
8807 3
8808 0
8809 1
8810 2
8811 4
8812 3
8813 0
8814 1
8815 2
8816 3
8817 0
8818 1
8819 2
8820 3
8821 0
8822 1
8823 2
8824 3
8825 0
8826 1
8827 2
8828 3
8829 0
8830 1
8831 2
8832 3
8833 0
8834 1
8835 2
8836 3
8837 0
8838 1
8839 2
8840 3
8841 0
8842 1
8843 2
8844 3
8845 0
8846 1
8847 2
8848 3
8849 0
8850 1
8851 2
8852 3
8853 0
8854 1
8855 2
8856 3
8857 0
8858 1
8859 2
8860 4
8861 3
8862 0
8863 1
8864 2
8865 3
8866 0
8867 1
8868 2
8869 3
8870 4
8871 1
8872 2
8873 0
8874 3
8875 1
8876 2
8877 0
8878 3
8879 1
8880 2
8881 0
8882 4
8883 1
8884 2
8885 3
8886 0
8887 1
8888 2
8889 3
8890 0
8891 1
8892 2
8893 3
8894 4
8895 1
8896 2
8897 0
8898 3
8899 1
8900 2
8901 0
8902 3
8903 1
8904 2
8905 0
8906 4
8907 1
8908 2
8909 3
8910 0
8911 1
8912 2
8913 3
8914 0
8915 1
8916 2
8917 3
8918 0
8919 1
8920 2
8921 3
8922 0
8923 1
8924 2
8925 3
8926 0
8927 1
8928 2
8929 3
8930 0
8931 1
8932 2
8933 3
8934 0
8935 1
8936 2
8937 3
8938 0
8939 1
8940 2
8941 3
8942 0
8943 1
8944 2
8945 3
8946 0
8947 1
8948 2
8949 3
8950 0
8951 1
8952 2
8953 3
8954 0
8955 1
8956 2
8957 4
8958 3
8959 0
8960 1
8961 2
8962 3
8963 0
8964 1
8965 2
8966 3
8967 0
8968 1
8969 2
8970 3
8971 0
8972 1
8973 2
8974 3
8975 0
8976 1
8977 2
8978 3
8979 0
8980 1
8981 2
8982 4
8983 3
8984 0
8985 1
8986 2
8987 3
8988 0
8989 1
8990 2
8991 3
8992 4
8993 1
8994 2
8995 0
8996 3
8997 1
8998 2
8999 0
9000 3
9001 1
9002 2
9003 0
9004 4
9005 1
9006 2
9007 3
9008 0
9009 1
9010 2
9011 3
9012 0
9013 1
9014 2
9015 3
9016 0
9017 1
9018 2
9019 3
9020 0
9021 1
9022 2
9023 3
9024 0
9025 1
9026 2
9027 3
9028 0
9029 1
9030 2
9031 3
9032 0
9033 1
9034 2
9035 3
9036 0
9037 1
9038 2
9039 3
9040 0
9041 1
9042 2
9043 3
9044 0
9045 1
9046 2
9047 3
9048 0
9049 1
9050 2
9051 3
9052 0
9053 1
9054 2
9055 4
9056 3
9057 0
9058 1
9059 2
9060 3
9061 0
9062 1
9063 2
9064 3
9065 0
9066 1
9067 2
9068 3
9069 0
9070 1
9071 2
9072 3
9073 0
9074 1
9075 2
9076 3
9077 0
9078 1
9079 2
9080 4
9081 3
9082 0
9083 1
9084 2
9085 3
9086 0
9087 1
9088 2
9089 3
9090 4
9091 1
9092 2
9093 0
9094 3
9095 1
9096 2
9097 0
9098 3
9099 1
9100 2
9101 0
9102 4
9103 1
9104 2
9105 3
9106 0
9107 1
9108 2
9109 3
9110 0
9111 1
9112 2
9113 3
9114 0
9115 1
9116 2
9117 3
9118 0
9119 1
9120 2
9121 3
9122 0
9123 1
9124 2
9125 3
9126 0
9127 1
9128 2
9129 3
9130 0
9131 1
9132 2
9133 3
9134 0
9135 1
9136 2
9137 3
9138 0
9139 1
9140 2
9141 3
9142 0
9143 1
9144 2
9145 3
9146 0
9147 1
9148 2
9149 3
9150 0
9151 1
9152 2
9153 4
9154 3
9155 0
9156 1
9157 2
9158 3
9159 0
9160 1
9161 2
9162 3
9163 0
9164 1
9165 2
9166 3
9167 0
9168 1
9169 2
9170 3
9171 0
9172 1
9173 2
9174 3
9175 0
9176 1
9177 2
9178 3
9179 0
9180 1
9181 2
9182 3
9183 0
9184 1
9185 2
9186 3
9187 0
9188 1
9189 2
9190 3
9191 0
9192 1
9193 2
9194 3
9195 0
9196 1
9197 2
9198 3
9199 0
9200 1
9201 2
9202 4
9203 3
9204 0
9205 1
9206 2
9207 3
9208 0
9209 1
9210 2
9211 3
9212 0
9213 1
9214 2
9215 3
9216 0
9217 1
9218 2
9219 3
9220 0
9221 1
9222 2
9223 3
9224 0
9225 1
9226 2
9227 3
9228 0
9229 1
9230 2
9231 3
9232 0
9233 1
9234 2
9235 3
9236 0
9237 1
9238 2
9239 3
9240 0
9241 1
9242 2
9243 3
9244 0
9245 1
9246 2
9247 3
9248 0
9249 1
9250 2
9251 4
9252 3
9253 0
9254 1
9255 2
9256 3
9257 0
9258 1
9259 2
9260 3
9261 4
9262 1
9263 2
9264 0
9265 3
9266 1
9267 2
9268 0
9269 3
9270 1
9271 2
9272 0
9273 4
9274 1
9275 2
9276 3
9277 0
9278 1
9279 2
9280 3
9281 0
9282 1
9283 2
9284 3
9285 4
9286 1
9287 2
9288 0
9289 3
9290 1
9291 2
9292 0
9293 3
9294 1
9295 2
9296 0
9297 4
9298 1
9299 2
9300 3
9301 0
9302 1
9303 2
9304 3
9305 0
9306 1
9307 2
9308 3
9309 0
9310 1
9311 2
9312 3
9313 0
9314 1
9315 2
9316 3
9317 0
9318 1
9319 2
9320 3
9321 0
9322 1
9323 2
9324 3
9325 0
9326 1
9327 2
9328 3
9329 0
9330 1
9331 2
9332 3
9333 0
9334 1
9335 2
9336 3
9337 0
9338 1
9339 2
9340 3
9341 0
9342 1
9343 2
9344 3
9345 0
9346 1
9347 2
9348 4
9349 3
9350 0
9351 1
9352 2
9353 3
9354 0
9355 1
9356 2
9357 3
9358 0
9359 1
9360 2
9361 3
9362 0
9363 1
9364 2
9365 3
9366 0
9367 1
9368 2
9369 3
9370 0
9371 1
9372 2
9373 3
9374 0
9375 1
9376 2
9377 3
9378 0
9379 1
9380 2
9381 3
9382 0
9383 1
9384 2
9385 3
9386 0
9387 1
9388 2
9389 3
9390 0
9391 1
9392 2
9393 3
9394 0
9395 1
9396 2
9397 4
9398 3
9399 0
9400 1
9401 2
9402 3
9403 0
9404 1
9405 2
9406 3
9407 0
9408 1
9409 2
9410 3
9411 0
9412 1
9413 2
9414 3
9415 0
9416 1
9417 2
9418 3
9419 0
9420 1
9421 2
9422 3
9423 0
9424 1
9425 2
9426 3
9427 0
9428 1
9429 2
9430 3
9431 0
9432 1
9433 2
9434 3
9435 0
9436 1
9437 2
9438 3
9439 0
9440 1
9441 2
9442 3
9443 0
9444 1
9445 2
9446 4
9447 3
9448 0
9449 1
9450 2
9451 3
9452 0
9453 1
9454 2
9455 3
9456 4
9457 1
9458 2
9459 0
9460 3
9461 1
9462 2
9463 0
9464 3
9465 1
9466 2
9467 0
9468 4
9469 1
9470 2
9471 3
9472 0
9473 1
9474 2
9475 3
9476 0
9477 1
9478 2
9479 3
9480 4
9481 1
9482 2
9483 0
9484 3
9485 1
9486 2
9487 0
9488 3
9489 1
9490 2
9491 0
9492 4
9493 1
9494 2
9495 3
9496 0
9497 1
9498 2
9499 3
9500 0
9501 1
9502 2
9503 3
9504 0
9505 1
9506 2
9507 3
9508 0
9509 1
9510 2
9511 3
9512 0
9513 1
9514 2
9515 3
9516 0
9517 1
9518 2
9519 3
9520 0
9521 1
9522 2
9523 3
9524 0
9525 1
9526 2
9527 3
9528 0
9529 1
9530 2
9531 3
9532 0
9533 1
9534 2
9535 3
9536 0
9537 1
9538 2
9539 3
9540 0
9541 1
9542 2
9543 4
9544 3
9545 0
9546 1
9547 2
9548 3
9549 0
9550 1
9551 2
9552 3
9553 0
9554 1
9555 2
9556 3
9557 0
9558 1
9559 2
9560 3
9561 0
9562 1
9563 2
9564 3
9565 0
9566 1
9567 2
9568 3
9569 0
9570 1
9571 2
9572 3
9573 0
9574 1
9575 2
9576 3
9577 0
9578 1
9579 2
9580 3
9581 0
9582 1
9583 2
9584 3
9585 0
9586 1
9587 2
9588 3
9589 0
9590 1
9591 2
9592 4
9593 3
9594 0
9595 1
9596 2
9597 3
9598 0
9599 1
9600 2
9601 3
9602 0
9603 1
9604 2
9605 3
9606 0
9607 1
9608 2
9609 3
9610 0
9611 1
9612 2
9613 3
9614 0
9615 1
9616 2
9617 3
9618 0
9619 1
9620 2
9621 3
9622 0
9623 1
9624 2
9625 3
9626 0
9627 1
9628 2
9629 3
9630 0
9631 1
9632 2
9633 3
9634 0
9635 1
9636 2
9637 3
9638 0
9639 1
9640 2
9641 4
9642 3
9643 0
9644 1
9645 2
9646 3
9647 0
9648 1
9649 2
9650 3
9651 4
9652 1
9653 2
9654 0
9655 3
9656 1
9657 2
9658 0
9659 3
9660 1
9661 2
9662 0
9663 4
9664 1
9665 2
9666 3
9667 0
9668 1
9669 2
9670 3
9671 0
9672 1
9673 2
9674 3
9675 4
9676 1
9677 2
9678 0
9679 3
9680 1
9681 2
9682 0
9683 3
9684 1
9685 2
9686 0
9687 4
9688 1
9689 2
9690 3
9691 0
9692 1
9693 2
9694 3
9695 0
9696 1
9697 2
9698 3
9699 0
9700 1
9701 2
9702 3
9703 0
9704 1
9705 2
9706 3
9707 0
9708 1
9709 2
9710 3
9711 0
9712 1
9713 2
9714 3
9715 0
9716 1
9717 2
9718 3
9719 0
9720 1
9721 2
9722 3
9723 0
9724 1
9725 2
9726 3
9727 0
9728 1
9729 2
9730 3
9731 0
9732 1
9733 2
9734 3
9735 0
9736 1
9737 2
9738 4
9739 3
9740 0
9741 1
9742 2
9743 3
9744 0
9745 1
9746 2
9747 3
9748 0
9749 1
9750 2
9751 3
9752 0
9753 1
9754 2
9755 3
9756 0
9757 1
9758 2
9759 3
9760 0
9761 1
9762 2
9763 4
9764 3
9765 0
9766 1
9767 2
9768 3
9769 0
9770 1
9771 2
9772 3
9773 4
9774 1
9775 2
9776 0
9777 3
9778 1
9779 2
9780 0
9781 3
9782 1
9783 2
9784 0
9785 4
9786 1
9787 2
9788 3
9789 0
9790 1
9791 2
9792 3
9793 0
9794 1
9795 2
9796 3
9797 0
9798 1
9799 2
9800 3
9801 0
9802 1
9803 2
9804 3
9805 0
9806 1
9807 2
9808 3
9809 0
9810 1
9811 2
9812 3
9813 0
9814 1
9815 2
9816 3
9817 0
9818 1
9819 2
9820 3
9821 0
9822 1
9823 2
9824 3
9825 0
9826 1
9827 2
9828 3
9829 0
9830 1
9831 2
9832 3
9833 0
9834 1
9835 2
9836 4
9837 3
9838 0
9839 1
9840 2
9841 3
9842 0
9843 1
9844 2
9845 3
9846 0
9847 1
9848 2
9849 3
9850 0
9851 1
9852 2
9853 3
9854 0
9855 1
9856 2
9857 3
9858 0
9859 1
9860 2
9861 4
9862 3
9863 0
9864 1
9865 2
9866 3
9867 0
9868 1
9869 2
9870 3
9871 4
9872 1
9873 2
9874 0
9875 3
9876 1
9877 2
9878 0
9879 3
9880 1
9881 2
9882 0
9883 4
9884 1
9885 2
9886 3
9887 0
9888 1
9889 2
9890 3
9891 0
9892 1
9893 2
9894 3
9895 0
9896 1
9897 2
9898 3
9899 0
9900 1
9901 2
9902 3
9903 0
9904 1
9905 2
9906 3
9907 0
9908 1
9909 2
9910 3
9911 0
9912 1
9913 2
9914 3
9915 0
9916 1
9917 2
9918 3
9919 0
9920 1
9921 2
9922 3
9923 0
9924 1
9925 2
9926 3
9927 0
9928 1
9929 2
9930 3
9931 0
9932 1
9933 2
9934 4
9935 3
9936 0
9937 1
9938 2
9939 3
9940 0
9941 1
9942 2
9943 3
9944 0
9945 1
9946 2
9947 3
9948 0
9949 1
9950 2
9951 3
9952 0
9953 1
9954 2
9955 3
9956 0
9957 1
9958 2
9959 3
9960 0
9961 1
9962 2
9963 3
9964 0
9965 1
9966 2
9967 3
9968 0
9969 1
9970 2
9971 3
9972 0
9973 1
9974 2
9975 3
9976 0
9977 1
9978 2
9979 3
9980 0
9981 1
9982 2
9983 4
9984 3
9985 0
9986 1
9987 2
9988 3
9989 0
9990 1
9991 2
9992 3
9993 0
9994 1
9995 2
9996 3
9997 0
9998 1
9999 2
10000 3
10001 0
10002 1
10003 2
10004 3
10005 0
10006 1
10007 2
10008 3
10009 0
10010 1
10011 2
10012 3
10013 0
10014 1
10015 2
10016 3
10017 0
10018 1
10019 2
10020 3
10021 0
10022 1
10023 2
10024 3
10025 0
10026 1
10027 2
10028 3
10029 0
10030 1
10031 2
10032 4
10033 3
10034 0
10035 1
10036 2
10037 3
10038 0
10039 1
10040 2
10041 3
10042 4
10043 1
10044 2
10045 0
10046 3
10047 1
10048 2
10049 0
10050 3
10051 1
10052 2
10053 0
10054 4
10055 1
10056 2
10057 3
10058 0
10059 1
10060 2
10061 3
10062 0
10063 1
10064 2
10065 3
10066 4
10067 1
10068 2
10069 0
10070 3
10071 1
10072 2
10073 0
10074 3
10075 1
10076 2
10077 0
10078 4
10079 1
10080 2
10081 3
10082 0
10083 1
10084 2
10085 3
10086 0
10087 1
10088 2
10089 3
10090 0
10091 1
10092 2
10093 3
10094 0
10095 1
10096 2
10097 3
10098 0
10099 1
10100 2
10101 3
10102 0
10103 1
10104 2
10105 3
10106 0
10107 1
10108 2
10109 3
10110 0
10111 1
10112 2
10113 3
10114 0
10115 1
10116 2
10117 3
10118 0
10119 1
10120 2
10121 3
10122 0
10123 1
10124 2
10125 3
10126 0
10127 1
10128 2
10129 4
10130 3
10131 0
10132 1
10133 2
10134 3
10135 0
10136 1
10137 2
10138 3
10139 0
10140 1
10141 2
10142 3
10143 0
10144 1
10145 2
10146 3
10147 0
10148 1
10149 2
10150 3
10151 0
10152 1
10153 2
10154 3
10155 0
10156 1
10157 2
10158 3
10159 0
10160 1
10161 2
10162 3
10163 0
10164 1
10165 2
10166 3
10167 0
10168 1
10169 2
10170 3
10171 0
10172 1
10173 2
10174 3
10175 0
10176 1
10177 2
10178 4
10179 3
10180 0
10181 1
10182 2
10183 3
10184 0
10185 1
10186 2
10187 3
10188 0
10189 1
10190 2
10191 3
10192 0
10193 1
10194 2
10195 3
10196 0
10197 1
10198 2
10199 3
10200 0
10201 1
10202 2
10203 3
10204 0
10205 1
10206 2
10207 3
10208 0
10209 1
10210 2
10211 3
10212 0
10213 1
10214 2
10215 3
10216 0
10217 1
10218 2
10219 3
10220 0
10221 1
10222 2
10223 3
10224 0
10225 1
10226 2
10227 4
10228 3
10229 0
10230 1
10231 2
10232 3
10233 0
10234 1
10235 2
10236 3
10237 4
10238 1
10239 2
10240 0
10241 3
10242 1
10243 2
10244 0
10245 3
10246 1
10247 2
10248 0
10249 4
10250 1
10251 2
10252 3
10253 0
10254 1
10255 2
10256 3
10257 0
10258 1
10259 2
10260 3
10261 4
10262 1
10263 2
10264 0
10265 3
10266 1
10267 2
10268 0
10269 3
10270 1
10271 2
10272 0
10273 4
10274 1
10275 2
10276 3
10277 0
10278 1
10279 2
10280 3
10281 0
10282 1
10283 2
10284 3
10285 0
10286 1
10287 2
10288 3
10289 0
10290 1
10291 2
10292 3
10293 0
10294 1
10295 2
10296 3
10297 0
10298 1
10299 2
10300 3
10301 0
10302 1
10303 2
10304 3
10305 0
10306 1
10307 2
10308 3
10309 0
10310 1
10311 2
10312 3
10313 0
10314 1
10315 2
10316 3
10317 0
10318 1
10319 2
10320 3
10321 0
10322 1
10323 2
10324 4
10325 3
10326 0
10327 1
10328 2
10329 3
10330 0
10331 1
10332 2
10333 3
10334 0
10335 1
10336 2
10337 3
10338 0
10339 1
10340 2
10341 3
10342 0
10343 1
10344 2
10345 3
10346 0
10347 1
10348 2
10349 3
10350 0
10351 1
10352 2
10353 3
10354 0
10355 1
10356 2
10357 3
10358 0
10359 1
10360 2
10361 3
10362 0
10363 1
10364 2
10365 3
10366 0
10367 1
10368 2
10369 3
10370 0
10371 1
10372 2
10373 4
10374 3
10375 0
10376 1
10377 2
10378 3
10379 0
10380 1
10381 2
10382 3
10383 0
10384 1
10385 2
10386 3
10387 0
10388 1
10389 2
10390 3
10391 0
10392 1
10393 2
10394 3
10395 0
10396 1
10397 2
10398 3
10399 0
10400 1
10401 2
10402 3
10403 0
10404 1
10405 2
10406 3
10407 0
10408 1
10409 2
10410 3
10411 0
10412 1
10413 2
10414 3
10415 0
10416 1
10417 2
10418 3
10419 0
10420 1
10421 2
10422 4
10423 3
10424 0
10425 1
10426 2
10427 3
10428 0
10429 1
10430 2
10431 3
10432 4
10433 1
10434 2
10435 0
10436 3
10437 1
10438 2
10439 0
10440 3
10441 1
10442 2
10443 0
10444 4
10445 1
10446 2
10447 3
10448 0
10449 1
10450 2
10451 3
10452 0
10453 1
10454 2
10455 3
10456 4
10457 1
10458 2
10459 0
10460 3
10461 1
10462 2
10463 0
10464 3
10465 1
10466 2
10467 0
10468 4
10469 1
10470 2
10471 3
10472 0
10473 1
10474 2
10475 3
10476 0
10477 1
10478 2
10479 3
10480 0
10481 1
10482 2
10483 3
10484 0
10485 1
10486 2
10487 3
10488 0
10489 1
10490 2
10491 3
10492 0
10493 1
10494 2
10495 3
10496 0
10497 1
10498 2
10499 3
10500 0
10501 1
10502 2
10503 3
10504 0
10505 1
10506 2
10507 3
10508 0
10509 1
10510 2
10511 3
10512 0
10513 1
10514 2
10515 3
10516 0
10517 1
10518 2
10519 4
10520 3
10521 0
10522 1
10523 2
10524 3
10525 0
10526 1
10527 2
10528 3
10529 0
10530 1
10531 2
10532 3
10533 0
10534 1
10535 2
10536 3
10537 0
10538 1
10539 2
10540 3
10541 0
10542 1
10543 2
10544 4
10545 3
10546 0
10547 1
10548 2
10549 3
10550 0
10551 1
10552 2
10553 3
10554 4
10555 1
10556 2
10557 0
10558 3
10559 1
10560 2
10561 0
10562 3
10563 1
10564 2
10565 0
10566 4
10567 1
10568 2
10569 3
10570 0
10571 1
10572 2
10573 3
10574 0
10575 1
10576 2
10577 3
10578 0
10579 1
10580 2
10581 3
10582 0
10583 1
10584 2
10585 3
10586 0
10587 1
10588 2
10589 3
10590 0
10591 1
10592 2
10593 3
10594 0
10595 1
10596 2
10597 3
10598 0
10599 1
10600 2
10601 3
10602 0
10603 1
10604 2
10605 3
10606 0
10607 1
10608 2
10609 3
10610 0
10611 1
10612 2
10613 3
10614 0
10615 1
10616 2
10617 4
10618 3
10619 0
10620 1
10621 2
10622 3
10623 0
10624 1
10625 2
10626 3
10627 0
10628 1
10629 2
10630 3
10631 0
10632 1
10633 2
10634 3
10635 0
10636 1
10637 2
10638 3
10639 0
10640 1
10641 2
10642 4
10643 3
10644 0
10645 1
10646 2
10647 3
10648 0
10649 1
10650 2
10651 3
10652 4
10653 1
10654 2
10655 0
10656 3
10657 1
10658 2
10659 0
10660 3
10661 1
10662 2
10663 0
10664 4
10665 1
10666 2
10667 3
10668 0
10669 1
10670 2
10671 3
10672 0
10673 1
10674 2
10675 3
10676 0
10677 1
10678 2
10679 3
10680 0
10681 1
10682 2
10683 3
10684 0
10685 1
10686 2
10687 3
10688 0
10689 1
10690 2
10691 3
10692 0
10693 1
10694 2
10695 3
10696 0
10697 1
10698 2
10699 3
10700 0
10701 1
10702 2
10703 3
10704 0
10705 1
10706 2
10707 3
10708 0
10709 1
10710 2
10711 3
10712 0
10713 1
10714 2
10715 4
10716 3
10717 0
10718 1
10719 2
10720 3
10721 0
10722 1
10723 2
10724 3
10725 0
10726 1
10727 2
10728 3
10729 0
10730 1
10731 2
10732 3
10733 0
10734 1
10735 2
10736 3
10737 0
10738 1
10739 2
10740 3
10741 0
10742 1
10743 2
10744 3
10745 0
10746 1
10747 2
10748 3
10749 0
10750 1
10751 2
10752 3
10753 0
10754 1
10755 2
10756 3
10757 0
10758 1
10759 2
10760 3
10761 0
10762 1
10763 2
10764 4
10765 3
10766 0
10767 1
10768 2
10769 3
10770 0
10771 1
10772 2
10773 3
10774 0
10775 1
10776 2
10777 3
10778 0
10779 1
10780 2
10781 3
10782 0
10783 1
10784 2
10785 3
10786 0
10787 1
10788 2
10789 3
10790 0
10791 1
10792 2
10793 3
10794 0
10795 1
10796 2
10797 3
10798 0
10799 1
10800 2
10801 3
10802 0
10803 1
10804 2
10805 3
10806 0
10807 1
10808 2
10809 3
10810 0
10811 1
10812 2
10813 4
10814 3
10815 0
10816 1
10817 2
10818 3
10819 0
10820 1
10821 2
10822 3
10823 4
10824 1
10825 2
10826 0
10827 3
10828 1
10829 2
10830 0
10831 3
10832 1
10833 2
10834 0
10835 4
10836 1
10837 2
10838 3
10839 0
10840 1
10841 2
10842 3
10843 0
10844 1
10845 2
10846 3
10847 4
10848 1
10849 2
10850 0
10851 3
10852 1
10853 2
10854 0
10855 3
10856 1
10857 2
10858 0
10859 4
10860 1
10861 2
10862 3
10863 0
10864 1
10865 2
10866 3
10867 0
10868 1
10869 2
10870 3
10871 0
10872 1
10873 2
10874 3
10875 0
10876 1
10877 2
10878 3
10879 0
10880 1
10881 2
10882 3
10883 0
10884 1
10885 2
10886 3
10887 0
10888 1
10889 2
10890 3
10891 0
10892 1
10893 2
10894 3
10895 0
10896 1
10897 2
10898 3
10899 0
10900 1
10901 2
10902 3
10903 0
10904 1
10905 2
10906 3
10907 0
10908 1
10909 2
10910 4
10911 3
10912 0
10913 1
10914 2
10915 3
10916 0
10917 1
10918 2
10919 3
10920 0
10921 1
10922 2
10923 3
10924 0
10925 1
10926 2
10927 3
10928 0
10929 1
10930 2
10931 3
10932 0
10933 1
10934 2
10935 4
10936 3
10937 0
10938 1
10939 2
10940 3
10941 0
10942 1
10943 2
10944 3
10945 4
10946 1
10947 2
10948 0
10949 3
10950 1
10951 2
10952 0
10953 3
10954 1
10955 2
10956 0
10957 4
10958 1
10959 2
10960 3
10961 0
10962 1
10963 2
10964 3
10965 0
10966 1
10967 2
10968 3
10969 0
10970 1
10971 2
10972 3
10973 0
10974 1
10975 2
10976 3
10977 0
10978 1
10979 2
10980 3
10981 0
10982 1
10983 2
10984 3
10985 0
10986 1
10987 2
10988 3
10989 0
10990 1
10991 2
10992 3
10993 0
10994 1
10995 2
10996 3
10997 0
10998 1
10999 2
11000 3
11001 0
11002 1
11003 2
11004 3
11005 0
11006 1
11007 2
11008 4
11009 3
11010 0
11011 1
11012 2
11013 3
11014 0
11015 1
11016 2
11017 3
11018 0
11019 1
11020 2
11021 3
11022 0
11023 1
11024 2
11025 3
11026 0
11027 1
11028 2
11029 3
11030 0
11031 1
11032 2
11033 4
11034 3
11035 0
11036 1
11037 2
11038 3
11039 0
11040 1
11041 2
11042 3
11043 4
11044 1
11045 2
11046 0
11047 3
11048 1
11049 2
11050 0
11051 3
11052 1
11053 2
11054 0
11055 4
11056 1
11057 2
11058 3
11059 0
11060 1
11061 2
11062 3
11063 0
11064 1
11065 2
11066 3
11067 0
11068 1
11069 2
11070 3
11071 0
11072 1
11073 2
11074 3
11075 0
11076 1
11077 2
11078 3
11079 0
11080 1
11081 2
11082 3
11083 0
11084 1
11085 2
11086 3
11087 0
11088 1
11089 2
11090 3
11091 0
11092 1
11093 2
11094 3
11095 0
11096 1
11097 2
11098 3
11099 0
11100 1
11101 2
11102 3
11103 0
11104 1
11105 2
11106 4
11107 3
11108 0
11109 1
11110 2
11111 3
11112 0
11113 1
11114 2
11115 3
11116 0
11117 1
11118 2
11119 3
11120 0
11121 1
11122 2
11123 3
11124 0
11125 1
11126 2
11127 3
11128 0
11129 1
11130 2
11131 3
11132 0
11133 1
11134 2
11135 3
11136 0
11137 1
11138 2
11139 3
11140 0
11141 1
11142 2
11143 3
11144 0
11145 1
11146 2
11147 3
11148 0
11149 1
11150 2
11151 3
11152 0
11153 1
11154 2
11155 4
11156 3
11157 0
11158 1
11159 2
11160 3
11161 0
11162 1
11163 2
11164 3
11165 0
11166 1
11167 2
11168 3
11169 0
11170 1
11171 2
11172 3
11173 0
11174 1
11175 2
11176 3
11177 0
11178 1
11179 2
11180 3
11181 0
11182 1
11183 2
11184 3
11185 0
11186 1
11187 2
11188 3
11189 0
11190 1
11191 2
11192 3
11193 0
11194 1
11195 2
11196 3
11197 0
11198 1
11199 2
11200 3
11201 0
11202 1
11203 2
11204 4
11205 3
11206 0
11207 1
11208 2
11209 3
11210 0
11211 1
11212 2
11213 3
11214 4
11215 1
11216 2
11217 0
11218 3
11219 1
11220 2
11221 0
11222 3
11223 1
11224 2
11225 0
11226 4
11227 1
11228 2
11229 3
11230 0
11231 1
11232 2
11233 3
11234 0
11235 1
11236 2
11237 3
11238 4
11239 1
11240 2
11241 0
11242 3
11243 1
11244 2
11245 0
11246 3
11247 1
11248 2
11249 0
11250 4
11251 1
11252 2
11253 3
11254 0
11255 1
11256 2
11257 3
11258 0
11259 1
11260 2
11261 3
11262 0
11263 1
11264 2
11265 3
11266 0
11267 1
11268 2
11269 3
11270 0
11271 1
11272 2
11273 3
11274 0
11275 1
11276 2
11277 3
11278 0
11279 1
11280 2
11281 3
11282 0
11283 1
11284 2
11285 3
11286 0
11287 1
11288 2
11289 3
11290 0
11291 1
11292 2
11293 3
11294 0
11295 1
11296 2
11297 3
11298 0
11299 1
11300 2
11301 4
11302 3
11303 0
11304 1
11305 2
11306 3
11307 0
11308 1
11309 2
11310 3
11311 0
11312 1
11313 2
11314 3
11315 0
11316 1
11317 2
11318 3
11319 0
11320 1
11321 2
11322 3
11323 0
11324 1
11325 2
11326 4
11327 3
11328 0
11329 1
11330 2
11331 3
11332 0
11333 1
11334 2
11335 3
11336 4
11337 1
11338 2
11339 0
11340 3
11341 1
11342 2
11343 0
11344 3
11345 1
11346 2
11347 0
11348 4
11349 1
11350 2
11351 3
11352 0
11353 1
11354 2
11355 3
11356 0
11357 1
11358 2
11359 3
11360 0
11361 1
11362 2
11363 3
11364 0
11365 1
11366 2
11367 3
11368 0
11369 1
11370 2
11371 3
11372 0
11373 1
11374 2
11375 3
11376 0
11377 1
11378 2
11379 3
11380 0
11381 1
11382 2
11383 3
11384 0
11385 1
11386 2
11387 3
11388 0
11389 1
11390 2
11391 3
11392 0
11393 1
11394 2
11395 3
11396 0
11397 1
11398 2
11399 4
11400 3
11401 0
11402 1
11403 2
11404 3
11405 0
11406 1
11407 2
11408 3
11409 0
11410 1
11411 2
11412 3
11413 0
11414 1
11415 2
11416 3
11417 0
11418 1
11419 2
11420 3
11421 0
11422 1
11423 2
11424 4
11425 3
11426 0
11427 1
11428 2
11429 3
11430 0
11431 1
11432 2
11433 3
11434 4
11435 1
11436 2
11437 0
11438 3
11439 1
11440 2
11441 0
11442 3
11443 1
11444 2
11445 0
11446 4
11447 1
11448 2
11449 3
11450 0
11451 1
11452 2
11453 3
11454 0
11455 1
11456 2
11457 3
11458 0
11459 1
11460 2
11461 3
11462 0
11463 1
11464 2
11465 3
11466 0
11467 1
11468 2
11469 3
11470 0
11471 1
11472 2
11473 3
11474 0
11475 1
11476 2
11477 3
11478 0
11479 1
11480 2
11481 3
11482 0
11483 1
11484 2
11485 3
11486 0
11487 1
11488 2
11489 3
11490 0
11491 1
11492 2
11493 3
11494 0
11495 1
11496 2
11497 4
11498 3
11499 0
11500 1
11501 2
11502 3
11503 0
11504 1
11505 2
11506 3
11507 0
11508 1
11509 2
11510 3
11511 0
11512 1
11513 2
11514 3
11515 0
11516 1
11517 2
11518 3
11519 0
11520 1
11521 2
11522 3
11523 0
11524 1
11525 2
11526 3
11527 0
11528 1
11529 2
11530 3
11531 0
11532 1
11533 2
11534 3
11535 0
11536 1
11537 2
11538 3
11539 0
11540 1
11541 2
11542 3
11543 0
11544 1
11545 2
11546 4
11547 3
11548 0
11549 1
11550 2
11551 3
11552 0
11553 1
11554 2
11555 3
11556 0
11557 1
11558 2
11559 3
11560 0
11561 1
11562 2
11563 3
11564 0
11565 1
11566 2
11567 3
11568 0
11569 1
11570 2
11571 3
11572 0
11573 1
11574 2
11575 3
11576 0
11577 1
11578 2
11579 3
11580 0
11581 1
11582 2
11583 3
11584 0
11585 1
11586 2
11587 3
11588 0
11589 1
11590 2
11591 3
11592 0
11593 1
11594 2
11595 4
11596 3
11597 0
11598 1
11599 2
11600 3
11601 0
11602 1
11603 2
11604 3
11605 4
11606 1
11607 2
11608 0
11609 3
11610 1
11611 2
11612 0
11613 3
11614 1
11615 2
11616 0
11617 4
11618 1
11619 2
11620 3
11621 0
11622 1
11623 2
11624 3
11625 0
11626 1
11627 2
11628 3
11629 4
11630 1
11631 2
11632 0
11633 3
11634 1
11635 2
11636 0
11637 3
11638 1
11639 2
11640 0
11641 4
11642 1
11643 2
11644 3
11645 0
11646 1
11647 2
11648 3
11649 0
11650 1
11651 2
11652 3
11653 0
11654 1
11655 2
11656 3
11657 0
11658 1
11659 2
11660 3
11661 0
11662 1
11663 2
11664 3
11665 0
11666 1
11667 2
11668 3
11669 0
11670 1
11671 2
11672 3
11673 0
11674 1
11675 2
11676 3
11677 0
11678 1
11679 2
11680 3
11681 0
11682 1
11683 2
11684 3
11685 0
11686 1
11687 2
11688 3
11689 0
11690 1
11691 2
11692 4
11693 3
11694 0
11695 1
11696 2
11697 3
11698 0
11699 1
11700 2
11701 3
11702 0
11703 1
11704 2
11705 3
11706 0
11707 1
11708 2
11709 3
11710 0
11711 1
11712 2
11713 3
11714 0
11715 1
11716 2
11717 3
11718 0
11719 1
11720 2
11721 3
11722 0
11723 1
11724 2
11725 3
11726 0
11727 1
11728 2
11729 3
11730 0
11731 1
11732 2
11733 3
11734 0
11735 1
11736 2
11737 3
11738 0
11739 1
11740 2
11741 4
11742 3
11743 0
11744 1
11745 2
11746 3
11747 0
11748 1
11749 2
11750 3
11751 0
11752 1
11753 2
11754 3
11755 0
11756 1
11757 2
11758 3
11759 0
11760 1
11761 2
11762 3
11763 0
11764 1
11765 2
11766 3
11767 0
11768 1
11769 2
11770 3
11771 0
11772 1
11773 2
11774 3
11775 0
11776 1
11777 2
11778 3
11779 0
11780 1
11781 2
11782 3
11783 0
11784 1
11785 2
11786 3
11787 0
11788 1
11789 2
11790 4
11791 3
11792 0
11793 1
11794 2
11795 3
11796 0
11797 1
11798 2
11799 3
11800 4
11801 1
11802 2
11803 0
11804 3
11805 1
11806 2
11807 0
11808 3
11809 1
11810 2
11811 0
11812 4
11813 1
11814 2
11815 3
11816 0
11817 1
11818 2
11819 3
11820 0
11821 1
11822 2
11823 3
11824 4
11825 1
11826 2
11827 0
11828 3
11829 1
11830 2
11831 0
11832 3
11833 1
11834 2
11835 0
11836 4
11837 1
11838 2
11839 3
11840 0
11841 1
11842 2
11843 3
11844 0
11845 1
11846 2
11847 3
11848 0
11849 1
11850 2
11851 3
11852 0
11853 1
11854 2
11855 3
11856 0
11857 1
11858 2
11859 3
11860 0
11861 1
11862 2
11863 3
11864 0
11865 1
11866 2
11867 3
11868 0
11869 1
11870 2
11871 3
11872 0
11873 1
11874 2
11875 3
11876 0
11877 1
11878 2
11879 3
11880 0
11881 1
11882 2
11883 3
11884 0
11885 1
11886 2
11887 4
11888 3
11889 0
11890 1
11891 2
11892 3
11893 0
11894 1
11895 2
11896 3
11897 0
11898 1
11899 2
11900 3
11901 0
11902 1
11903 2
11904 3
11905 0
11906 1
11907 2
11908 3
11909 0
11910 1
11911 2
11912 3
11913 0
11914 1
11915 2
11916 3
11917 0
11918 1
11919 2
11920 3
11921 0
11922 1
11923 2
11924 3
11925 0
11926 1
11927 2
11928 3
11929 0
11930 1
11931 2
11932 3
11933 0
11934 1
11935 2
11936 4
11937 3
11938 0
11939 1
11940 2
11941 3
11942 0
11943 1
11944 2
11945 3
11946 0
11947 1
11948 2
11949 3
11950 0
11951 1
11952 2
11953 3
11954 0
11955 1
11956 2
11957 3
11958 0
11959 1
11960 2
11961 3
11962 0
11963 1
11964 2
11965 3
11966 0
11967 1
11968 2
11969 3
11970 0
11971 1
11972 2
11973 3
11974 0
11975 1
11976 2
11977 3
11978 0
11979 1
11980 2
11981 3
11982 0
11983 1
11984 2
11985 4
11986 3
11987 0
11988 1
11989 2
11990 3
11991 0
11992 1
11993 2
11994 3
11995 4
11996 1
11997 2
11998 0
11999 3
12000 1
12001 2
12002 0
12003 3
12004 1
12005 2
12006 0
12007 4
12008 1
12009 2
12010 3
12011 0
12012 1
12013 2
12014 3
12015 0
12016 1
12017 2
12018 3
12019 4
12020 1
12021 2
12022 0
12023 3
12024 1
12025 2
12026 0
12027 3
12028 1
12029 2
12030 0
12031 4
12032 1
12033 2
12034 3
12035 0
12036 1
12037 2
12038 3
12039 0
12040 1
12041 2
12042 3
12043 0
12044 1
12045 2
12046 3
12047 0
12048 1
12049 2
12050 3
12051 0
12052 1
12053 2
12054 3
12055 0
12056 1
12057 2
12058 3
12059 0
12060 1
12061 2
12062 3
12063 0
12064 1
12065 2
12066 3
12067 0
12068 1
12069 2
12070 3
12071 0
12072 1
12073 2
12074 3
12075 0
12076 1
12077 2
12078 3
12079 0
12080 1
12081 2
12082 4
12083 3
12084 0
12085 1
12086 2
12087 3
12088 0
12089 1
12090 2
12091 3
12092 0
12093 1
12094 2
12095 3
12096 0
12097 1
12098 2
12099 3
12100 0
12101 1
12102 2
12103 3
12104 0
12105 1
12106 2
12107 4
12108 3
12109 0
12110 1
12111 2
12112 3
12113 0
12114 1
12115 2
12116 3
12117 4
12118 1
12119 2
12120 0
12121 3
12122 1
12123 2
12124 0
12125 3
12126 1
12127 2
12128 0
12129 4
12130 1
12131 2
12132 3
12133 0
12134 1
12135 2
12136 3
12137 0
12138 1
12139 2
12140 3
12141 0
12142 1
12143 2
12144 3
12145 0
12146 1
12147 2
12148 3
12149 0
12150 1
12151 2
12152 3
12153 0
12154 1
12155 2
12156 3
12157 0
12158 1
12159 2
12160 3
12161 0
12162 1
12163 2
12164 3
12165 0
12166 1
12167 2
12168 3
12169 0
12170 1
12171 2
12172 3
12173 0
12174 1
12175 2
12176 3
12177 0
12178 1
12179 2
12180 4
12181 3
12182 0
12183 1
12184 2
12185 3
12186 0
12187 1
12188 2
12189 3
12190 0
12191 1
12192 2
12193 3
12194 0
12195 1
12196 2
12197 3
12198 0
12199 1
12200 2
12201 3
12202 0
12203 1
12204 2
12205 4
12206 3
12207 0
12208 1
12209 2
12210 3
12211 0
12212 1
12213 2
12214 3
12215 4
12216 1
12217 2
12218 0
12219 3
12220 1
12221 2
12222 0
12223 3
12224 1
12225 2
12226 0
12227 4
12228 1
12229 2
12230 3
12231 0
12232 1
12233 2
12234 3
12235 0
12236 1
12237 2
12238 3
12239 0
12240 1
12241 2
12242 3
12243 0
12244 1
12245 2
12246 3
12247 0
12248 1
12249 2
12250 3
12251 0
12252 1
12253 2
12254 3
12255 0
12256 1
12257 2
12258 3
12259 0
12260 1
12261 2
12262 3
12263 0
12264 1
12265 2
12266 3
12267 0
12268 1
12269 2
12270 3
12271 0
12272 1
12273 2
12274 3
12275 0
12276 1
12277 2
12278 4
12279 3
12280 0
12281 1
12282 2
12283 3
12284 0
12285 1
12286 2
12287 3
12288 0
12289 1
12290 2
12291 3
12292 0
12293 1
12294 2
12295 3
12296 0
12297 1
12298 2
12299 3
12300 0
12301 1
12302 2
12303 3
12304 0
12305 1
12306 2
12307 3
12308 0
12309 1
12310 2
12311 3
12312 0
12313 1
12314 2
12315 3
12316 0
12317 1
12318 2
12319 3
12320 0
12321 1
12322 2
12323 3
12324 0
12325 1
12326 2
12327 4
12328 3
12329 0
12330 1
12331 2
12332 3
12333 0
12334 1
12335 2
12336 3
12337 0
12338 1
12339 2
12340 3
12341 0
12342 1
12343 2
12344 3
12345 0
12346 1
12347 2
12348 3
12349 0
12350 1
12351 2
12352 3
12353 0
12354 1
12355 2
12356 3
12357 0
12358 1
12359 2
12360 3
12361 0
12362 1
12363 2
12364 3
12365 0
12366 1
12367 2
12368 3
12369 0
12370 1
12371 2
12372 3
12373 0
12374 1
12375 2
12376 4
12377 3
12378 0
12379 1
12380 2
12381 3
12382 0
12383 1
12384 2
12385 3
12386 4
12387 1
12388 2
12389 0
12390 3
12391 1
12392 2
12393 0
12394 3
12395 1
12396 2
12397 0
12398 4
12399 1
12400 2
12401 3
12402 0
12403 1
12404 2
12405 3
12406 0
12407 1
12408 2
12409 3
12410 4
12411 1
12412 2
12413 0
12414 3
12415 1
12416 2
12417 0
12418 3
12419 1
12420 2
12421 0
12422 4
12423 1
12424 2
12425 3
12426 0
12427 1
12428 2
12429 3
12430 0
12431 1
12432 2
12433 3
12434 0
12435 1
12436 2
12437 3
12438 0
12439 1
12440 2
12441 3
12442 0
12443 1
12444 2
12445 3
12446 0
12447 1
12448 2
12449 3
12450 0
12451 1
12452 2
12453 3
12454 0
12455 1
12456 2
12457 3
12458 0
12459 1
12460 2
12461 3
12462 0
12463 1
12464 2
12465 3
12466 0
12467 1
12468 2
12469 3
12470 0
12471 1
12472 2
12473 4
12474 3
12475 0
12476 1
12477 2
12478 3
12479 0
12480 1
12481 2
12482 3
12483 0
12484 1
12485 2
12486 3
12487 0
12488 1
12489 2
12490 3
12491 0
12492 1
12493 2
12494 3
12495 0
12496 1
12497 2
12498 3
12499 0
12500 1
12501 2
12502 3
12503 0
12504 1
12505 2
12506 3
12507 0
12508 1
12509 2
12510 3
12511 0
12512 1
12513 2
12514 3
12515 0
12516 1
12517 2
12518 3
12519 0
12520 1
12521 2
12522 4
12523 3
12524 0
12525 1
12526 2
12527 3
12528 0
12529 1
12530 2
12531 3
12532 0
12533 1
12534 2
12535 3
12536 0
12537 1
12538 2
12539 3
12540 0
12541 1
12542 2
12543 3
12544 0
12545 1
12546 2
12547 3
12548 0
12549 1
12550 2
12551 3
12552 0
12553 1
12554 2
12555 3
12556 0
12557 1
12558 2
12559 3
12560 0
12561 1
12562 2
12563 3
12564 0
12565 1
12566 2
12567 3
12568 0
12569 1
12570 2
12571 4
12572 3
12573 0
12574 1
12575 2
12576 3
12577 0
12578 1
12579 2
12580 3
12581 4
12582 1
12583 2
12584 0
12585 3
12586 1
12587 2
12588 0
12589 3
12590 1
12591 2
12592 0
12593 4
12594 1
12595 2
12596 3
12597 0
12598 1
12599 2
12600 3
12601 0
12602 1
12603 2
12604 3
12605 4
12606 1
12607 2
12608 0
12609 3
12610 1
12611 2
12612 0
12613 3
12614 1
12615 2
12616 0
12617 4
12618 1
12619 2
12620 3
12621 0
12622 1
12623 2
12624 3
12625 0
12626 1
12627 2
12628 3
12629 0
12630 1
12631 2
12632 3
12633 0
12634 1
12635 2
12636 3
12637 0
12638 1
12639 2
12640 3
12641 0
12642 1
12643 2
12644 3
12645 0
12646 1
12647 2
12648 3
12649 0
12650 1
12651 2
12652 3
12653 0
12654 1
12655 2
12656 3
12657 0
12658 1
12659 2
12660 3
12661 0
12662 1
12663 2
12664 3
12665 0
12666 1
12667 2
12668 4
12669 3
12670 0
12671 1
12672 2
12673 3
12674 0
12675 1
12676 2
12677 3
12678 0
12679 1
12680 2
12681 3
12682 0
12683 1
12684 2
12685 3
12686 0
12687 1
12688 2
12689 3
12690 0
12691 1
12692 2
12693 3
12694 0
12695 1
12696 2
12697 3
12698 0
12699 1
12700 2
12701 3
12702 0
12703 1
12704 2
12705 3
12706 0
12707 1
12708 2
12709 3
12710 0
12711 1
12712 2
12713 3
12714 0
12715 1
12716 2
12717 4
12718 3
12719 0
12720 1
12721 2
12722 3
12723 0
12724 1
12725 2
12726 3
12727 0
12728 1
12729 2
12730 3
12731 0
12732 1
12733 2
12734 3
12735 0
12736 1
12737 2
12738 3
12739 0
12740 1
12741 2
12742 3
12743 0
12744 1
12745 2
12746 3
12747 0
12748 1
12749 2
12750 3
12751 0
12752 1
12753 2
12754 3
12755 0
12756 1
12757 2
12758 3
12759 0
12760 1
12761 2
12762 3
12763 0
12764 1
12765 2
12766 4
12767 3
12768 0
12769 1
12770 2
12771 3
12772 0
12773 1
12774 2
12775 3
12776 4
12777 1
12778 2
12779 0
12780 3
12781 1
12782 2
12783 0
12784 3
12785 1
12786 2
12787 0
12788 4
12789 1
12790 2
12791 3
12792 0
12793 1
12794 2
12795 3
12796 0
12797 1
12798 2
12799 3
12800 4
12801 1
12802 2
12803 0
12804 3
12805 1
12806 2
12807 0
12808 3
12809 1
12810 2
12811 0
12812 4
12813 1
12814 2
12815 3
12816 0
12817 1
12818 2
12819 3
12820 0
12821 1
12822 2
12823 3
12824 0
12825 1
12826 2
12827 3
12828 0
12829 1
12830 2
12831 3
12832 0
12833 1
12834 2
12835 3
12836 0
12837 1
12838 2
12839 3
12840 0
12841 1
12842 2
12843 3
12844 0
12845 1
12846 2
12847 3
12848 0
12849 1
12850 2
12851 3
12852 0
12853 1
12854 2
12855 3
12856 0
12857 1
12858 2
12859 3
12860 0
12861 1
12862 2
12863 4
12864 3
12865 0
12866 1
12867 2
12868 3
12869 0
12870 1
12871 2
12872 3
12873 0
12874 1
12875 2
12876 3
12877 0
12878 1
12879 2
12880 3
12881 0
12882 1
12883 2
12884 3
12885 0
12886 1
12887 2
12888 4
12889 3
12890 0
12891 1
12892 2
12893 3
12894 0
12895 1
12896 2
12897 3
12898 4
12899 1
12900 2
12901 0
12902 3
12903 1
12904 2
12905 0
12906 3
12907 1
12908 2
12909 0
12910 4
12911 1
12912 2
12913 3
12914 0
12915 1
12916 2
12917 3
12918 0
12919 1
12920 2
12921 3
12922 0
12923 1
12924 2
12925 3
12926 0
12927 1
12928 2
12929 3
12930 0
12931 1
12932 2
12933 3
12934 0
12935 1
12936 2
12937 3
12938 0
12939 1
12940 2
12941 3
12942 0
12943 1
12944 2
12945 3
12946 0
12947 1
12948 2
12949 3
12950 0
12951 1
12952 2
12953 3
12954 0
12955 1
12956 2
12957 3
12958 0
12959 1
12960 2
12961 4
12962 3
12963 0
12964 1
12965 2
12966 3
12967 0
12968 1
12969 2
12970 3
12971 0
12972 1
12973 2
12974 3
12975 0
12976 1
12977 2
12978 3
12979 0
12980 1
12981 2
12982 3
12983 0
12984 1
12985 2
12986 4
12987 3
12988 0
12989 1
12990 2
12991 3
12992 0
12993 1
12994 2
12995 3
12996 4
12997 1
12998 2
12999 0
13000 3
13001 1
13002 2
13003 0
13004 3
13005 1
13006 2
13007 0
13008 4
13009 1
13010 2
13011 3
13012 0
13013 1
13014 2
13015 3
13016 0
13017 1
13018 2
13019 3
13020 0
13021 1
13022 2
13023 3
13024 0
13025 1
13026 2
13027 3
13028 0
13029 1
13030 2
13031 3
13032 0
13033 1
13034 2
13035 3
13036 0
13037 1
13038 2
13039 3
13040 0
13041 1
13042 2
13043 3
13044 0
13045 1
13046 2
13047 3
13048 0
13049 1
13050 2
13051 3
13052 0
13053 1
13054 2
13055 3
13056 0
13057 1
13058 2
13059 4
13060 3
13061 0
13062 1
13063 2
13064 3
13065 0
13066 1
13067 2
13068 3
13069 0
13070 1
13071 2
13072 3
13073 0
13074 1
13075 2
13076 3
13077 0
13078 1
13079 2
13080 3
13081 0
13082 1
13083 2
13084 3
13085 0
13086 1
13087 2
13088 3
13089 0
13090 1
13091 2
13092 3
13093 0
13094 1
13095 2
13096 3
13097 0
13098 1
13099 2
13100 3
13101 0
13102 1
13103 2
13104 3
13105 0
13106 1
13107 2
13108 4
13109 3
13110 0
13111 1
13112 2
13113 3
13114 0
13115 1
13116 2
13117 3
13118 0
13119 1
13120 2
13121 3
13122 0
13123 1
13124 2
13125 3
13126 0
13127 1
13128 2
13129 3
13130 0
13131 1
13132 2
13133 3
13134 0
13135 1
13136 2
13137 3
13138 0
13139 1
13140 2
13141 3
13142 0
13143 1
13144 2
13145 3
13146 0
13147 1
13148 2
13149 3
13150 0
13151 1
13152 2
13153 3
13154 0
13155 1
13156 2
13157 4
13158 3
13159 0
13160 1
13161 2
13162 3
13163 0
13164 1
13165 2
13166 3
13167 4
13168 1
13169 2
13170 0
13171 3
13172 1
13173 2
13174 0
13175 3
13176 1
13177 2
13178 0
13179 4
13180 1
13181 2
13182 3
13183 0
13184 1
13185 2
13186 3
13187 0
13188 1
13189 2
13190 3
13191 4
13192 1
13193 2
13194 0
13195 3
13196 1
13197 2
13198 0
13199 3
13200 1
13201 2
13202 0
13203 4
13204 1
13205 2
13206 3
13207 0
13208 1
13209 2
13210 3
13211 0
13212 1
13213 2
13214 3
13215 0
13216 1
13217 2
13218 3
13219 0
13220 1
13221 2
13222 3
13223 0
13224 1
13225 2
13226 3
13227 0
13228 1
13229 2
13230 3
13231 0
13232 1
13233 2
13234 3
13235 0
13236 1
13237 2
13238 3
13239 0
13240 1
13241 2
13242 3
13243 0
13244 1
13245 2
13246 3
13247 0
13248 1
13249 2
13250 3
13251 0
13252 1
13253 2
13254 4
13255 3
13256 0
13257 1
13258 2
13259 3
13260 0
13261 1
13262 2
13263 3
13264 0
13265 1
13266 2
13267 3
13268 0
13269 1
13270 2
13271 3
13272 0
13273 1
13274 2
13275 3
13276 0
13277 1
13278 2
13279 3
13280 0
13281 1
13282 2
13283 3
13284 0
13285 1
13286 2
13287 3
13288 0
13289 1
13290 2
13291 3
13292 0
13293 1
13294 2
13295 3
13296 0
13297 1
13298 2
13299 3
13300 0
13301 1
13302 2
13303 4
13304 3
13305 0
13306 1
13307 2
13308 3
13309 0
13310 1
13311 2
13312 3
13313 0
13314 1
13315 2
13316 3
13317 0
13318 1
13319 2
13320 3
13321 0
13322 1
13323 2
13324 3
13325 0
13326 1
13327 2
13328 3
13329 0
13330 1
13331 2
13332 3
13333 0
13334 1
13335 2
13336 3
13337 0
13338 1
13339 2
13340 3
13341 0
13342 1
13343 2
13344 3
13345 0
13346 1
13347 2
13348 3
13349 0
13350 1
13351 2
13352 4
13353 3
13354 0
13355 1
13356 2
13357 3
13358 0
13359 1
13360 2
13361 3
13362 4
13363 1
13364 2
13365 0
13366 3
13367 1
13368 2
13369 0
13370 3
13371 1
13372 2
13373 0
13374 4
13375 1
13376 2
13377 3
13378 0
13379 1
13380 2
13381 3
13382 0
13383 1
13384 2
13385 3
13386 4
13387 1
13388 2
13389 0
13390 3
13391 1
13392 2
13393 0
13394 3
13395 1
13396 2
13397 0
13398 4
13399 1
13400 2
13401 3
13402 0
13403 1
13404 2
13405 3
13406 0
13407 1
13408 2
13409 3
13410 0
13411 1
13412 2
13413 3
13414 0
13415 1
13416 2
13417 3
13418 0
13419 1
13420 2
13421 3
13422 0
13423 1
13424 2
13425 3
13426 0
13427 1
13428 2
13429 3
13430 0
13431 1
13432 2
13433 3
13434 0
13435 1
13436 2
13437 3
13438 0
13439 1
13440 2
13441 3
13442 0
13443 1
13444 2
13445 3
13446 0
13447 1
13448 2
13449 4
13450 3
13451 0
13452 1
13453 2
13454 3
13455 0
13456 1
13457 2
13458 3
13459 0
13460 1
13461 2
13462 3
13463 0
13464 1
13465 2
13466 3
13467 0
13468 1
13469 2
13470 3
13471 0
13472 1
13473 2
13474 3
13475 0
13476 1
13477 2
13478 3
13479 0
13480 1
13481 2
13482 3
13483 0
13484 1
13485 2
13486 3
13487 0
13488 1
13489 2
13490 3
13491 0
13492 1
13493 2
13494 3
13495 0
13496 1
13497 2
13498 4
13499 3
13500 0
13501 1
13502 2
13503 3
13504 0
13505 1
13506 2
13507 3
13508 0
13509 1
13510 2
13511 3
13512 0
13513 1
13514 2
13515 3
13516 0
13517 1
13518 2
13519 3
13520 0
13521 1
13522 2
13523 3
13524 0
13525 1
13526 2
13527 3
13528 0
13529 1
13530 2
13531 3
13532 0
13533 1
13534 2
13535 3
13536 0
13537 1
13538 2
13539 3
13540 0
13541 1
13542 2
13543 3
13544 0
13545 1
13546 2
13547 4
13548 3
13549 0
13550 1
13551 2
13552 3
13553 0
13554 1
13555 2
13556 3
13557 4
13558 1
13559 2
13560 0
13561 3
13562 1
13563 2
13564 0
13565 3
13566 1
13567 2
13568 0
13569 4
13570 1
13571 2
13572 3
13573 0
13574 1
13575 2
13576 3
13577 0
13578 1
13579 2
13580 3
13581 4
13582 1
13583 2
13584 0
13585 3
13586 1
13587 2
13588 0
13589 3
13590 1
13591 2
13592 0
13593 4
13594 1
13595 2
13596 3
13597 0
13598 1
13599 2
13600 3
13601 0
13602 1
13603 2
13604 3
13605 0
13606 1
13607 2
13608 3
13609 0
13610 1
13611 2
13612 3
13613 0
13614 1
13615 2
13616 3
13617 0
13618 1
13619 2
13620 3
13621 0
13622 1
13623 2
13624 3
13625 0
13626 1
13627 2
13628 3
13629 0
13630 1
13631 2
13632 3
13633 0
13634 1
13635 2
13636 3
13637 0
13638 1
13639 2
13640 3
13641 0
13642 1
13643 2
13644 4
13645 3
13646 0
13647 1
13648 2
13649 3
13650 0
13651 1
13652 2
13653 3
13654 0
13655 1
13656 2
13657 3
13658 0
13659 1
13660 2
13661 3
13662 0
13663 1
13664 2
13665 3
13666 0
13667 1
13668 2
13669 4
13670 3
13671 0
13672 1
13673 2
13674 3
13675 0
13676 1
13677 2
13678 3
13679 4
13680 1
13681 2
13682 0
13683 3
13684 1
13685 2
13686 0
13687 3
13688 1
13689 2
13690 0
13691 4
13692 1
13693 2
13694 3
13695 0
13696 1
13697 2
13698 3
13699 0
13700 1
13701 2
13702 3
13703 0
13704 1
13705 2
13706 3
13707 0
13708 1
13709 2
13710 3
13711 0
13712 1
13713 2
13714 3
13715 0
13716 1
13717 2
13718 3
13719 0
13720 1
13721 2
13722 3
13723 0
13724 1
13725 2
13726 3
13727 0
13728 1
13729 2
13730 3
13731 0
13732 1
13733 2
13734 3
13735 0
13736 1
13737 2
13738 3
13739 0
13740 1
13741 2
13742 4
13743 3
13744 0
13745 1
13746 2
13747 3
13748 0
13749 1
13750 2
13751 3
13752 0
13753 1
13754 2
13755 3
13756 0
13757 1
13758 2
13759 3
13760 0
13761 1
13762 2
13763 3
13764 0
13765 1
13766 2
13767 4
13768 3
13769 0
13770 1
13771 2
13772 3
13773 0
13774 1
13775 2
13776 3
13777 4
13778 1
13779 2
13780 0
13781 3
13782 1
13783 2
13784 0
13785 3
13786 1
13787 2
13788 0
13789 4
13790 1
13791 2
13792 3
13793 0
13794 1
13795 2
13796 3
13797 0
13798 1
13799 2
13800 3
13801 0
13802 1
13803 2
13804 3
13805 0
13806 1
13807 2
13808 3
13809 0
13810 1
13811 2
13812 3
13813 0
13814 1
13815 2
13816 3
13817 0
13818 1
13819 2
13820 3
13821 0
13822 1
13823 2
13824 3
13825 0
13826 1
13827 2
13828 3
13829 0
13830 1
13831 2
13832 3
13833 0
13834 1
13835 2
13836 3
13837 0
13838 1
13839 2
13840 4
13841 3
13842 0
13843 1
13844 2
13845 3
13846 0
13847 1
13848 2
13849 3
13850 0
13851 1
13852 2
13853 3
13854 0
13855 1
13856 2
13857 3
13858 0
13859 1
13860 2
13861 3
13862 0
13863 1
13864 2
13865 3
13866 0
13867 1
13868 2
13869 3
13870 0
13871 1
13872 2
13873 3
13874 0
13875 1
13876 2
13877 3
13878 0
13879 1
13880 2
13881 3
13882 0
13883 1
13884 2
13885 3
13886 0
13887 1
13888 2
13889 4
13890 3
13891 0
13892 1
13893 2
13894 3
13895 0
13896 1
13897 2
13898 3
13899 0
13900 1
13901 2
13902 3
13903 0
13904 1
13905 2
13906 3
13907 0
13908 1
13909 2
13910 3
13911 0
13912 1
13913 2
13914 3
13915 0
13916 1
13917 2
13918 3
13919 0
13920 1
13921 2
13922 3
13923 0
13924 1
13925 2
13926 3
13927 0
13928 1
13929 2
13930 3
13931 0
13932 1
13933 2
13934 3
13935 0
13936 1
13937 2
13938 4
13939 3
13940 0
13941 1
13942 2
13943 3
13944 0
13945 1
13946 2
13947 3
13948 4
13949 1
13950 2
13951 0
13952 3
13953 1
13954 2
13955 0
13956 3
13957 1
13958 2
13959 0
13960 4
13961 1
13962 2
13963 3
13964 0
13965 1
13966 2
13967 3
13968 0
13969 1
13970 2
13971 3
13972 4
13973 1
13974 2
13975 0
13976 3
13977 1
13978 2
13979 0
13980 3
13981 1
13982 2
13983 0
13984 4
13985 1
13986 2
13987 3
13988 0
13989 1
13990 2
13991 3
13992 0
13993 1
13994 2
13995 3
13996 0
13997 1
13998 2
13999 3
14000 0
14001 1
14002 2
14003 3
14004 0
14005 1
14006 2
14007 3
14008 0
14009 1
14010 2
14011 3
14012 0
14013 1
14014 2
14015 3
14016 0
14017 1
14018 2
14019 3
14020 0
14021 1
14022 2
14023 3
14024 0
14025 1
14026 2
14027 3
14028 0
14029 1
14030 2
14031 3
14032 0
14033 1
14034 2
14035 4
14036 3
14037 0
14038 1
14039 2
14040 3
14041 0
14042 1
14043 2
14044 3
14045 0
14046 1
14047 2
14048 3
14049 0
14050 1
14051 2
14052 3
14053 0
14054 1
14055 2
14056 3
14057 0
14058 1
14059 2
14060 4
14061 3
14062 0
14063 1
14064 2
14065 3
14066 0
14067 1
14068 2
14069 3
14070 4
14071 1
14072 2
14073 0
14074 3
14075 1
14076 2
14077 0
14078 3
14079 1
14080 2
14081 0
14082 4
14083 1
14084 2
14085 3
14086 0
14087 1
14088 2
14089 3
14090 0
14091 1
14092 2
14093 3
14094 0
14095 1
14096 2
14097 3
14098 0
14099 1
14100 2
14101 3
14102 0
14103 1
14104 2
14105 3
14106 0
14107 1
14108 2
14109 3
14110 0
14111 1
14112 2
14113 3
14114 0
14115 1
14116 2
14117 3
14118 0
14119 1
14120 2
14121 3
14122 0
14123 1
14124 2
14125 3
14126 0
14127 1
14128 2
14129 3
14130 0
14131 1
14132 2
14133 4
14134 3
14135 0
14136 1
14137 2
14138 3
14139 0
14140 1
14141 2
14142 3
14143 0
14144 1
14145 2
14146 3
14147 0
14148 1
14149 2
14150 3
14151 0
14152 1
14153 2
14154 3
14155 0
14156 1
14157 2
14158 4
14159 3
14160 0
14161 1
14162 2
14163 3
14164 0
14165 1
14166 2
14167 3
14168 4
14169 1
14170 2
14171 0
14172 3
14173 1
14174 2
14175 0
14176 3
14177 1
14178 2
14179 0
14180 4
14181 1
14182 2
14183 3
14184 0
14185 1
14186 2
14187 3
14188 0
14189 1
14190 2
14191 3
14192 0
14193 1
14194 2
14195 3
14196 0
14197 1
14198 2
14199 3
14200 0
14201 1
14202 2
14203 3
14204 0
14205 1
14206 2
14207 3
14208 0
14209 1
14210 2
14211 3
14212 0
14213 1
14214 2
14215 3
14216 0
14217 1
14218 2
14219 3
14220 0
14221 1
14222 2
14223 3
14224 0
14225 1
14226 2
14227 3
14228 0
14229 1
14230 2
14231 4
14232 3
14233 0
14234 1
14235 2
14236 3
14237 0
14238 1
14239 2
14240 3
14241 0
14242 1
14243 2
14244 3
14245 0
14246 1
14247 2
14248 3
14249 0
14250 1
14251 2
14252 3
14253 0
14254 1
14255 2
14256 3
14257 0
14258 1
14259 2
14260 3
14261 0
14262 1
14263 2
14264 3
14265 0
14266 1
14267 2
14268 3
14269 0
14270 1
14271 2
14272 3
14273 0
14274 1
14275 2
14276 3
14277 0
14278 1
14279 2
14280 4
14281 3
14282 0
14283 1
14284 2
14285 3
14286 0
14287 1
14288 2
14289 3
14290 0
14291 1
14292 2
14293 3
14294 0
14295 1
14296 2
14297 3
14298 0
14299 1
14300 2
14301 3
14302 0
14303 1
14304 2
14305 3
14306 0
14307 1
14308 2
14309 3
14310 0
14311 1
14312 2
14313 3
14314 0
14315 1
14316 2
14317 3
14318 0
14319 1
14320 2
14321 3
14322 0
14323 1
14324 2
14325 3
14326 0
14327 1
14328 2
14329 4
14330 3
14331 0
14332 1
14333 2
14334 3
14335 0
14336 1
14337 2
14338 3
14339 4
14340 1
14341 2
14342 0
14343 3
14344 1
14345 2
14346 0
14347 3
14348 1
14349 2
14350 0
14351 4
14352 1
14353 2
14354 3
14355 0
14356 1
14357 2
14358 3
14359 0
14360 1
14361 2
14362 3
14363 4
14364 1
14365 2
14366 0
14367 3
14368 1
14369 2
14370 0
14371 3
14372 1
14373 2
14374 0
14375 4
14376 1
14377 2
14378 3
14379 0
14380 1
14381 2
14382 3
14383 0
14384 1
14385 2
14386 3
14387 0
14388 1
14389 2
14390 3
14391 0
14392 1
14393 2
14394 3
14395 0
14396 1
14397 2
14398 3
14399 0
14400 1
14401 2
14402 3
14403 0
14404 1
14405 2
14406 3
14407 0
14408 1
14409 2
14410 3
14411 0
14412 1
14413 2
14414 3
14415 0
14416 1
14417 2
14418 3
14419 0
14420 1
14421 2
14422 3
14423 0
14424 1
14425 2
14426 4
14427 3
14428 0
14429 1
14430 2
14431 3
14432 0
14433 1
14434 2
14435 3
14436 0
14437 1
14438 2
14439 3
14440 0
14441 1
14442 2
14443 3
14444 0
14445 1
14446 2
14447 3
14448 0
14449 1
14450 2
14451 4
14452 3
14453 0
14454 1
14455 2
14456 3
14457 0
14458 1
14459 2
14460 3
14461 4
14462 1
14463 2
14464 0
14465 3
14466 1
14467 2
14468 0
14469 3
14470 1
14471 2
14472 0
14473 4
14474 1
14475 2
14476 3
14477 0
14478 1
14479 2
14480 3
14481 0
14482 1
14483 2
14484 3
14485 0
14486 1
14487 2
14488 3
14489 0
14490 1
14491 2
14492 3
14493 0
14494 1
14495 2
14496 3
14497 0
14498 1
14499 2
14500 3
14501 0
14502 1
14503 2
14504 3
14505 0
14506 1
14507 2
14508 3
14509 0
14510 1
14511 2
14512 3
14513 0
14514 1
14515 2
14516 3
14517 0
14518 1
14519 2
14520 3
14521 0
14522 1
14523 2
14524 4
14525 3
14526 0
14527 1
14528 2
14529 3
14530 0
14531 1
14532 2
14533 3
14534 0
14535 1
14536 2
14537 3
14538 0
14539 1
14540 2
14541 3
14542 0
14543 1
14544 2
14545 3
14546 0
14547 1
14548 2
14549 4
14550 3
14551 0
14552 1
14553 2
14554 3
14555 0
14556 1
14557 2
14558 3
14559 4
14560 1
14561 2
14562 0
14563 3
14564 1
14565 2
14566 0
14567 3
14568 1
14569 2
14570 0
14571 4
14572 1
14573 2
14574 3
14575 0
14576 1
14577 2
14578 3
14579 0
14580 1
14581 2
14582 3
14583 0
14584 1
14585 2
14586 3
14587 0
14588 1
14589 2
14590 3
14591 0
14592 1
14593 2
14594 3
14595 0
14596 1
14597 2
14598 3
14599 0
14600 1
14601 2
14602 3
14603 0
14604 1
14605 2
14606 3
14607 0
14608 1
14609 2
14610 3
14611 0
14612 1
14613 2
14614 3
14615 0
14616 1
14617 2
14618 3
14619 0
14620 1
14621 2
14622 4
14623 3
14624 0
14625 1
14626 2
14627 3
14628 0
14629 1
14630 2
14631 3
14632 0
14633 1
14634 2
14635 3
14636 0
14637 1
14638 2
14639 3
14640 0
14641 1
14642 2
14643 3
14644 0
14645 1
14646 2
14647 3
14648 0
14649 1
14650 2
14651 3
14652 0
14653 1
14654 2
14655 3
14656 0
14657 1
14658 2
14659 3
14660 0
14661 1
14662 2
14663 3
14664 0
14665 1
14666 2
14667 3
14668 0
14669 1
14670 2
14671 4
14672 3
14673 0
14674 1
14675 2
14676 3
14677 0
14678 1
14679 2
14680 3
14681 0
14682 1
14683 2
14684 3
14685 0
14686 1
14687 2
14688 3
14689 0
14690 1
14691 2
14692 3
14693 0
14694 1
14695 2
14696 3
14697 0
14698 1
14699 2
14700 3
14701 0
14702 1
14703 2
14704 3
14705 0
14706 1
14707 2
14708 3
14709 0
14710 1
14711 2
14712 3
14713 0
14714 1
14715 2
14716 3
14717 0
14718 1
14719 2
14720 4
14721 3
14722 0
14723 1
14724 2
14725 3
14726 0
14727 1
14728 2
14729 3
14730 4
14731 1
14732 2
14733 0
14734 3
14735 1
14736 2
14737 0
14738 3
14739 1
14740 2
14741 0
14742 4
14743 1
14744 2
14745 3
14746 0
14747 1
14748 2
14749 3
14750 0
14751 1
14752 2
14753 3
14754 4
14755 1
14756 2
14757 0
14758 3
14759 1
14760 2
14761 0
14762 3
14763 1
14764 2
14765 0
14766 4
14767 1
14768 2
14769 3
14770 0
14771 1
14772 2
14773 3
14774 0
14775 1
14776 2
14777 3
14778 0
14779 1
14780 2
14781 3
14782 0
14783 1
14784 2
14785 3
14786 0
14787 1
14788 2
14789 3
14790 0
14791 1
14792 2
14793 3
14794 0
14795 1
14796 2
14797 3
14798 0
14799 1
14800 2
14801 3
14802 0
14803 1
14804 2
14805 3
14806 0
14807 1
14808 2
14809 3
14810 0
14811 1
14812 2
14813 3
14814 0
14815 1
14816 2
14817 4
14818 3
14819 0
14820 1
14821 2
14822 3
14823 0
14824 1
14825 2
14826 3
14827 0
14828 1
14829 2
14830 3
14831 0
14832 1
14833 2
14834 3
14835 0
14836 1
14837 2
14838 3
14839 0
14840 1
14841 2
14842 3
14843 0
14844 1
14845 2
14846 3
14847 0
14848 1
14849 2
14850 3
14851 0
14852 1
14853 2
14854 3
14855 0
14856 1
14857 2
14858 3
14859 0
14860 1
14861 2
14862 3
14863 0
14864 1
14865 2
14866 4
14867 3
14868 0
14869 1
14870 2
14871 3
14872 0
14873 1
14874 2
14875 3
14876 0
14877 1
14878 2
14879 3
14880 0
14881 1
14882 2
14883 3
14884 0
14885 1
14886 2
14887 3
14888 0
14889 1
14890 2
14891 3
14892 0
14893 1
14894 2
14895 3
14896 0
14897 1
14898 2
14899 3
14900 0
14901 1
14902 2
14903 3
14904 0
14905 1
14906 2
14907 3
14908 0
14909 1
14910 2
14911 3
14912 0
14913 1
14914 2
14915 4
14916 3
14917 0
14918 1
14919 2
14920 3
14921 0
14922 1
14923 2
14924 3
14925 4
14926 1
14927 2
14928 0
14929 3
14930 1
14931 2
14932 0
14933 3
14934 1
14935 2
14936 0
14937 4
14938 1
14939 2
14940 3
14941 0
14942 1
14943 2
14944 3
14945 0
14946 1
14947 2
14948 3
14949 4
14950 1
14951 2
14952 0
14953 3
14954 1
14955 2
14956 0
14957 3
14958 1
14959 2
14960 0
14961 4
14962 1
14963 2
14964 3
14965 0
14966 1
14967 2
14968 3
14969 0
14970 1
14971 2
14972 3
14973 0
14974 1
14975 2
14976 3
14977 0
14978 1
14979 2
14980 3
14981 0
14982 1
14983 2
14984 3
14985 0
14986 1
14987 2
14988 3
14989 0
14990 1
14991 2
14992 3
14993 0
14994 1
14995 2
14996 3
14997 0
14998 1
14999 2
15000 3
15001 0
15002 1
15003 2
15004 3
15005 0
15006 1
15007 2
15008 3
15009 0
15010 1
15011 2
15012 4
15013 3
15014 0
15015 1
15016 2
15017 3
15018 0
15019 1
15020 2
15021 3
15022 0
15023 1
15024 2
15025 3
15026 0
15027 1
15028 2
15029 3
15030 0
15031 1
15032 2
15033 3
15034 0
15035 1
15036 2
15037 3
15038 0
15039 1
15040 2
15041 3
15042 0
15043 1
15044 2
15045 3
15046 0
15047 1
15048 2
15049 3
15050 0
15051 1
15052 2
15053 3
15054 0
15055 1
15056 2
15057 3
15058 0
15059 1
15060 2
15061 4
15062 3
15063 0
15064 1
15065 2
15066 3
15067 0
15068 1
15069 2
15070 3
15071 0
15072 1
15073 2
15074 3
15075 0
15076 1
15077 2
15078 3
15079 0
15080 1
15081 2
15082 3
15083 0
15084 1
15085 2
15086 3
15087 0
15088 1
15089 2
15090 3
15091 0
15092 1
15093 2
15094 3
15095 0
15096 1
15097 2
15098 3
15099 0
15100 1
15101 2
15102 3
15103 0
15104 1
15105 2
15106 3
15107 0
15108 1
15109 2
15110 4
15111 3
15112 0
15113 1
15114 2
15115 3
15116 0
15117 1
15118 2
15119 3
15120 4
15121 1
15122 2
15123 0
15124 3
15125 1
15126 2
15127 0
15128 3
15129 1
15130 2
15131 0
15132 4
15133 1
15134 2
15135 3
15136 0
15137 1
15138 2
15139 3
15140 0
15141 1
15142 2
15143 3
15144 4
15145 1
15146 2
15147 0
15148 3
15149 1
15150 2
15151 0
15152 3
15153 1
15154 2
15155 0
15156 4
15157 1
15158 2
15159 3
15160 0
15161 1
15162 2
15163 3
15164 0
15165 1
15166 2
15167 3
15168 0
15169 1
15170 2
15171 3
15172 0
15173 1
15174 2
15175 3
15176 0
15177 1
15178 2
15179 3
15180 0
15181 1
15182 2
15183 3
15184 0
15185 1
15186 2
15187 3
15188 0
15189 1
15190 2
15191 3
15192 0
15193 1
15194 2
15195 3
15196 0
15197 1
15198 2
15199 3
15200 0
15201 1
15202 2
15203 3
15204 0
15205 1
15206 2
15207 4
15208 3
15209 0
15210 1
15211 2
15212 3
15213 0
15214 1
15215 2
15216 3
15217 0
15218 1
15219 2
15220 3
15221 0
15222 1
15223 2
15224 3
15225 0
15226 1
15227 2
15228 3
15229 0
15230 1
15231 2
15232 4
15233 3
15234 0
15235 1
15236 2
15237 3
15238 0
15239 1
15240 2
15241 3
15242 4
15243 1
15244 2
15245 0
15246 3
15247 1
15248 2
15249 0
15250 3
15251 1
15252 2
15253 0
15254 4
15255 1
15256 2
15257 3
15258 0
15259 1
15260 2
15261 3
15262 0
15263 1
15264 2
15265 3
15266 0
15267 1
15268 2
15269 3
15270 0
15271 1
15272 2
15273 3
15274 0
15275 1
15276 2
15277 3
15278 0
15279 1
15280 2
15281 3
15282 0
15283 1
15284 2
15285 3
15286 0
15287 1
15288 2
15289 3
15290 0
15291 1
15292 2
15293 3
15294 0
15295 1
15296 2
15297 3
15298 0
15299 1
15300 2
15301 3
15302 0
15303 1
15304 2
15305 4
15306 3
15307 0
15308 1
15309 2
15310 3
15311 0
15312 1
15313 2
15314 3
15315 0
15316 1
15317 2
15318 3
15319 0
15320 1
15321 2
15322 3
15323 0
15324 1
15325 2
15326 3
15327 0
15328 1
15329 2
15330 4
15331 3
15332 0
15333 1
15334 2
15335 3
15336 0
15337 1
15338 2
15339 3
15340 4
15341 1
15342 2
15343 0
15344 3
15345 1
15346 2
15347 0
15348 3
15349 1
15350 2
15351 0
15352 4
15353 1
15354 2
15355 3
15356 0
15357 1
15358 2
15359 3
15360 0
15361 1
15362 2
15363 3
15364 0
15365 1
15366 2
15367 3
15368 0
15369 1
15370 2
15371 3
15372 0
15373 1
15374 2
15375 3
15376 0
15377 1
15378 2
15379 3
15380 0
15381 1
15382 2
15383 3
15384 0
15385 1
15386 2
15387 3
15388 0
15389 1
15390 2
15391 3
15392 0
15393 1
15394 2
15395 3
15396 0
15397 1
15398 2
15399 3
15400 0
15401 1
15402 2
15403 4
15404 3
15405 0
15406 1
15407 2
15408 3
15409 0
15410 1
15411 2
15412 3
15413 0
15414 1
15415 2
15416 3
15417 0
15418 1
15419 2
15420 3
15421 0
15422 1
15423 2
15424 3
15425 0
15426 1
15427 2
15428 3
15429 0
15430 1
15431 2
15432 3
15433 0
15434 1
15435 2
15436 3
15437 0
15438 1
15439 2
15440 3
15441 0
15442 1
15443 2
15444 3
15445 0
15446 1
15447 2
15448 3
15449 0
15450 1
15451 2
15452 4
15453 3
15454 0
15455 1
15456 2
15457 3
15458 0
15459 1
15460 2
15461 3
15462 0
15463 1
15464 2
15465 3
15466 0
15467 1
15468 2
15469 3
15470 0
15471 1
15472 2
15473 3
15474 0
15475 1
15476 2
15477 3
15478 0
15479 1
15480 2
15481 3
15482 0
15483 1
15484 2
15485 3
15486 0
15487 1
15488 2
15489 3
15490 0
15491 1
15492 2
15493 3
15494 0
15495 1
15496 2
15497 3
15498 0
15499 1
15500 2
15501 4
15502 3
15503 0
15504 1
15505 2
15506 3
15507 0
15508 1
15509 2
15510 3
15511 4
15512 1
15513 2
15514 0
15515 3
15516 1
15517 2
15518 0
15519 3
15520 1
15521 2
15522 0
15523 4
15524 1
15525 2
15526 3
15527 0
15528 1
15529 2
15530 3
15531 0
15532 1
15533 2
15534 3
15535 4
15536 1
15537 2
15538 0
15539 3
15540 1
15541 2
15542 0
15543 3
15544 1
15545 2
15546 0
15547 4
15548 1
15549 2
15550 3
15551 0
15552 1
15553 2
15554 3
15555 0
15556 1
15557 2
15558 3
15559 0
15560 1
15561 2
15562 3
15563 0
15564 1
15565 2
15566 3
15567 0
15568 1
15569 2
15570 3
15571 0
15572 1
15573 2
15574 3
15575 0
15576 1
15577 2
15578 3
15579 0
15580 1
15581 2
15582 3
15583 0
15584 1
15585 2
15586 3
15587 0
15588 1
15589 2
15590 3
15591 0
15592 1
15593 2
15594 3
15595 0
15596 1
15597 2
15598 4
15599 3
15600 0
15601 1
15602 2
15603 3
15604 0
15605 1
15606 2
15607 3
15608 0
15609 1
15610 2
15611 3
15612 0
15613 1
15614 2
15615 3
15616 0
15617 1
15618 2
15619 3
15620 0
15621 1
15622 2
15623 3
15624 0
15625 1
15626 2
15627 3
15628 0
15629 1
15630 2
15631 3
15632 0
15633 1
15634 2
15635 3
15636 0
15637 1
15638 2
15639 3
15640 0
15641 1
15642 2
15643 3
15644 0
15645 1
15646 2
15647 4
15648 3
15649 0
15650 1
15651 2
15652 3
15653 0
15654 1
15655 2
15656 3
15657 0
15658 1
15659 2
15660 3
15661 0
15662 1
15663 2
15664 3
15665 0
15666 1
15667 2
15668 3
15669 0
15670 1
15671 2
15672 3
15673 0
15674 1
15675 2
15676 3
15677 0
15678 1
15679 2
15680 3
15681 0
15682 1
15683 2
15684 3
15685 0
15686 1
15687 2
15688 3
15689 0
15690 1
15691 2
15692 3
15693 0
15694 1
15695 2
15696 4
15697 3
15698 0
15699 1
15700 2
15701 3
15702 0
15703 1
15704 2
15705 3
15706 4
15707 1
15708 2
15709 0
15710 3
15711 1
15712 2
15713 0
15714 3
15715 1
15716 2
15717 0
15718 4
15719 1
15720 2
15721 3
15722 0
15723 1
15724 2
15725 3
15726 0
15727 1
15728 2
15729 3
15730 4
15731 1
15732 2
15733 0
15734 3
15735 1
15736 2
15737 0
15738 3
15739 1
15740 2
15741 0
15742 4
15743 1
15744 2
15745 3
15746 0
15747 1
15748 2
15749 3
15750 0
15751 1
15752 2
15753 3
15754 0
15755 1
15756 2
15757 3
15758 0
15759 1
15760 2
15761 3
15762 0
15763 1
15764 2
15765 3
15766 0
15767 1
15768 2
15769 3
15770 0
15771 1
15772 2
15773 3
15774 0
15775 1
15776 2
15777 3
15778 0
15779 1
15780 2
15781 3
15782 0
15783 1
15784 2
15785 3
15786 0
15787 1
15788 2
15789 3
15790 0
15791 1
15792 2
15793 4
15794 3
15795 0
15796 1
15797 2
15798 3
15799 0
15800 1
15801 2
15802 3
15803 0
15804 1
15805 2
15806 3
15807 0
15808 1
15809 2
15810 3
15811 0
15812 1
15813 2
15814 3
15815 0
15816 1
15817 2
15818 3
15819 0
15820 1
15821 2
15822 3
15823 0
15824 1
15825 2
15826 3
15827 0
15828 1
15829 2
15830 3
15831 0
15832 1
15833 2
15834 3
15835 0
15836 1
15837 2
15838 3
15839 0
15840 1
15841 2
15842 4
15843 3
15844 0
15845 1
15846 2
15847 3
15848 0
15849 1
15850 2
15851 3
15852 0
15853 1
15854 2
15855 3
15856 0
15857 1
15858 2
15859 3
15860 0
15861 1
15862 2
15863 3
15864 0
15865 1
15866 2
15867 3
15868 0
15869 1
15870 2
15871 3
15872 0
15873 1
15874 2
15875 3
15876 0
15877 1
15878 2
15879 3
15880 0
15881 1
15882 2
15883 3
15884 0
15885 1
15886 2
15887 3
15888 0
15889 1
15890 2
15891 4
15892 3
15893 0
15894 1
15895 2
15896 3
15897 0
15898 1
15899 2
15900 3
15901 4
15902 1
15903 2
15904 0
15905 3
15906 1
15907 2
15908 0
15909 3
15910 1
15911 2
15912 0
15913 4
15914 1
15915 2
15916 3
15917 0
15918 1
15919 2
15920 3
15921 0
15922 1
15923 2
15924 3
15925 4
15926 1
15927 2
15928 0
15929 3
15930 1
15931 2
15932 0
15933 3
15934 1
15935 2
15936 0
15937 4
15938 1
15939 2
15940 3
15941 0
15942 1
15943 2
15944 3
15945 0
15946 1
15947 2
15948 3
15949 0
15950 1
15951 2
15952 3
15953 0
15954 1
15955 2
15956 3
15957 0
15958 1
15959 2
15960 3
15961 0
15962 1
15963 2
15964 3
15965 0
15966 1
15967 2
15968 3
15969 0
15970 1
15971 2
15972 3
15973 0
15974 1
15975 2
15976 3
15977 0
15978 1
15979 2
15980 3
15981 0
15982 1
15983 2
15984 3
15985 0
15986 1
15987 2
15988 4
15989 3
15990 0
15991 1
15992 2
15993 3
15994 0
15995 1
15996 2
15997 3
15998 0
15999 1
16000 2
16001 3
16002 0
16003 1
16004 2
16005 3
16006 0
16007 1
16008 2
16009 3
16010 0
16011 1
16012 2
16013 4
16014 3
16015 0
16016 1
16017 2
16018 3
16019 0
16020 1
16021 2
16022 3
16023 4
16024 1
16025 2
16026 0
16027 3
16028 1
16029 2
16030 0
16031 3
16032 1
16033 2
16034 0
16035 4
16036 1
16037 2
16038 3
16039 0
16040 1
16041 2
16042 3
16043 0
16044 1
16045 2
16046 3
16047 0
16048 1
16049 2
16050 3
16051 0
16052 1
16053 2
16054 3
16055 0
16056 1
16057 2
16058 3
16059 0
16060 1
16061 2
16062 3
16063 0
16064 1
16065 2
16066 3
16067 0
16068 1
16069 2
16070 3
16071 0
16072 1
16073 2
16074 3
16075 0
16076 1
16077 2
16078 3
16079 0
16080 1
16081 2
16082 3
16083 0
16084 1
16085 2
16086 4
16087 3
16088 0
16089 1
16090 2
16091 3
16092 0
16093 1
16094 2
16095 3
16096 0
16097 1
16098 2
16099 3
16100 0
16101 1
16102 2
16103 3
16104 0
16105 1
16106 2
16107 3
16108 0
16109 1
16110 2
16111 4
16112 3
16113 0
16114 1
16115 2
16116 3
16117 0
16118 1
16119 2
16120 3
16121 4
16122 1
16123 2
16124 0
16125 3
16126 1
16127 2
16128 0
16129 3
16130 1
16131 2
16132 0
16133 4
16134 1
16135 2
16136 3
16137 0
16138 1
16139 2
16140 3
16141 0
16142 1
16143 2
16144 3
16145 0
16146 1
16147 2
16148 3
16149 0
16150 1
16151 2
16152 3
16153 0
16154 1
16155 2
16156 3
16157 0
16158 1
16159 2
16160 3
16161 0
16162 1
16163 2
16164 3
16165 0
16166 1
16167 2
16168 3
16169 0
16170 1
16171 2
16172 3
16173 0
16174 1
16175 2
16176 3
16177 0
16178 1
16179 2
16180 3
16181 0
16182 1
16183 2
16184 4
16185 3
16186 0
16187 1
16188 2
16189 3
16190 0
16191 1
16192 2
16193 3
16194 0
16195 1
16196 2
16197 3
16198 0
16199 1
16200 2
16201 3
16202 0
16203 1
16204 2
16205 3
16206 0
16207 1
16208 2
16209 3
16210 0
16211 1
16212 2
16213 3
16214 0
16215 1
16216 2
16217 3
16218 0
16219 1
16220 2
16221 3
16222 0
16223 1
16224 2
16225 3
16226 0
16227 1
16228 2
16229 3
16230 0
16231 1
16232 2
16233 4
16234 3
16235 0
16236 1
16237 2
16238 3
16239 0
16240 1
16241 2
16242 3
16243 0
16244 1
16245 2
16246 3
16247 0
16248 1
16249 2
16250 3
16251 0
16252 1
16253 2
16254 3
16255 0
16256 1
16257 2
16258 3
16259 0
16260 1
16261 2
16262 3
16263 0
16264 1
16265 2
16266 3
16267 0
16268 1
16269 2
16270 3
16271 0
16272 1
16273 2
16274 3
16275 0
16276 1
16277 2
16278 3
16279 0
16280 1
16281 2
16282 4
16283 3
16284 0
16285 1
16286 2
16287 3
16288 0
16289 1
16290 2
16291 3
16292 4
16293 1
16294 2
16295 0
16296 3
16297 1
16298 2
16299 0
16300 3
16301 1
16302 2
16303 0
16304 4
16305 1
16306 2
16307 3
16308 0
16309 1
16310 2
16311 3
16312 0
16313 1
16314 2
16315 3
16316 4
16317 1
16318 2
16319 0
16320 3
16321 1
16322 2
16323 0
16324 3
16325 1
16326 2
16327 0
16328 4
16329 1
16330 2
16331 3
16332 0
16333 1
16334 2
16335 3
16336 0
16337 1
16338 2
16339 3
16340 0
16341 1
16342 2
16343 3
16344 0
16345 1
16346 2
16347 3
16348 0
16349 1
16350 2
16351 3
16352 0
16353 1
16354 2
16355 3
16356 0
16357 1
16358 2
16359 3
16360 0
16361 1
16362 2
16363 3
16364 0
16365 1
16366 2
16367 3
16368 0
16369 1
16370 2
16371 3
16372 0
16373 1
16374 2
16375 3
16376 0
16377 1
16378 2
16379 4
16380 3
16381 0
16382 1
16383 2
16384 3
16385 0
16386 1
16387 2
16388 3
16389 0
16390 1
16391 2
16392 3
16393 0
16394 1
16395 2
16396 3
16397 0
16398 1
16399 2
16400 3
16401 0
16402 1
16403 2
16404 3
16405 0
16406 1
16407 2
16408 3
16409 0
16410 1
16411 2
16412 3
16413 0
16414 1
16415 2
16416 3
16417 0
16418 1
16419 2
16420 3
16421 0
16422 1
16423 2
16424 3
16425 0
16426 1
16427 2
16428 4
16429 3
16430 0
16431 1
16432 2
16433 3
16434 0
16435 1
16436 2
16437 3
16438 0
16439 1
16440 2
16441 3
16442 0
16443 1
16444 2
16445 3
16446 0
16447 1
16448 2
16449 3
16450 0
16451 1
16452 2
16453 3
16454 0
16455 1
16456 2
16457 3
16458 0
16459 1
16460 2
16461 3
16462 0
16463 1
16464 2
16465 3
16466 0
16467 1
16468 2
16469 3
16470 0
16471 1
16472 2
16473 3
16474 0
16475 1
16476 2
16477 4
16478 3
16479 0
16480 1
16481 2
16482 3
16483 0
16484 1
16485 2
16486 3
16487 4
16488 1
16489 2
16490 0
16491 3
16492 1
16493 2
16494 0
16495 3
16496 1
16497 2
16498 0
16499 4
16500 1
16501 2
16502 3
16503 0
16504 1
16505 2
16506 3
16507 0
16508 1
16509 2
16510 3
16511 4
16512 1
16513 2
16514 0
16515 3
16516 1
16517 2
16518 0
16519 3
16520 1
16521 2
16522 0
16523 4
16524 1
16525 2
16526 3
16527 0
16528 1
16529 2
16530 3
16531 0
16532 1
16533 2
16534 3
16535 0
16536 1
16537 2
16538 3
16539 0
16540 1
16541 2
16542 3
16543 0
16544 1
16545 2
16546 3
16547 0
16548 1
16549 2
16550 3
16551 0
16552 1
16553 2
16554 3
16555 0
16556 1
16557 2
16558 3
16559 0
16560 1
16561 2
16562 3
16563 0
16564 1
16565 2
16566 3
16567 0
16568 1
16569 2
16570 3
16571 0
16572 1
16573 2
16574 4
16575 3
16576 0
16577 1
16578 2
16579 3
16580 0
16581 1
16582 2
16583 3
16584 0
16585 1
16586 2
16587 3
16588 0
16589 1
16590 2
16591 3
16592 0
16593 1
16594 2
16595 3
16596 0
16597 1
16598 2
16599 3
16600 0
16601 1
16602 2
16603 3
16604 0
16605 1
16606 2
16607 3
16608 0
16609 1
16610 2
16611 3
16612 0
16613 1
16614 2
16615 3
16616 0
16617 1
16618 2
16619 3
16620 0
16621 1
16622 2
16623 4
16624 3
16625 0
16626 1
16627 2
16628 3
16629 0
16630 1
16631 2
16632 3
16633 0
16634 1
16635 2
16636 3
16637 0
16638 1
16639 2
16640 3
16641 0
16642 1
16643 2
16644 3
16645 0
16646 1
16647 2
16648 3
16649 0
16650 1
16651 2
16652 3
16653 0
16654 1
16655 2
16656 3
16657 0
16658 1
16659 2
16660 3
16661 0
16662 1
16663 2
16664 3
16665 0
16666 1
16667 2
16668 3
16669 0
16670 1
16671 2
16672 4
16673 3
16674 0
16675 1
16676 2
16677 3
16678 0
16679 1
16680 2
16681 3
16682 4
16683 1
16684 2
16685 0
16686 3
16687 1
16688 2
16689 0
16690 3
16691 1
16692 2
16693 0
16694 4
16695 1
16696 2
16697 3
16698 0
16699 1
16700 2
16701 3
16702 0
16703 1
16704 2
16705 3
16706 4
16707 1
16708 2
16709 0
16710 3
16711 1
16712 2
16713 0
16714 3
16715 1
16716 2
16717 0
16718 4
16719 1
16720 2
16721 3
16722 0
16723 1
16724 2
16725 3
16726 0
16727 1
16728 2
16729 3
16730 0
16731 1
16732 2
16733 3
16734 0
16735 1
16736 2
16737 3
16738 0
16739 1
16740 2
16741 3
16742 0
16743 1
16744 2
16745 3
16746 0
16747 1
16748 2
16749 3
16750 0
16751 1
16752 2
16753 3
16754 0
16755 1
16756 2
16757 3
16758 0
16759 1
16760 2
16761 3
16762 0
16763 1
16764 2
16765 3
16766 0
16767 1
16768 2
16769 4
16770 3
16771 0
16772 1
16773 2
16774 3
16775 0
16776 1
16777 2
16778 3
16779 0
16780 1
16781 2
16782 3
16783 0
16784 1
16785 2
16786 3
16787 0
16788 1
16789 2
16790 3
16791 0
16792 1
16793 2
16794 4
16795 3
16796 0
16797 1
16798 2
16799 3
16800 0
16801 1
16802 2
16803 3
16804 4
16805 1
16806 2
16807 0
16808 3
16809 1
16810 2
16811 0
16812 3
16813 1
16814 2
16815 0
16816 4
16817 1
16818 2
16819 3
16820 0
16821 1
16822 2
16823 3
16824 0
16825 1
16826 2
16827 3
16828 0
16829 1
16830 2
16831 3
16832 0
16833 1
16834 2
16835 3
16836 0
16837 1
16838 2
16839 3
16840 0
16841 1
16842 2
16843 3
16844 0
16845 1
16846 2
16847 3
16848 0
16849 1
16850 2
16851 3
16852 0
16853 1
16854 2
16855 3
16856 0
16857 1
16858 2
16859 3
16860 0
16861 1
16862 2
16863 3
16864 0
16865 1
16866 2
16867 4
16868 3
16869 0
16870 1
16871 2
16872 3
16873 0
16874 1
16875 2
16876 3
16877 0
16878 1
16879 2
16880 3
16881 0
16882 1
16883 2
16884 3
16885 0
16886 1
16887 2
16888 3
16889 0
16890 1
16891 2
16892 4
16893 3
16894 0
16895 1
16896 2
16897 3
16898 0
16899 1
16900 2
16901 3
16902 4
16903 1
16904 2
16905 0
16906 3
16907 1
16908 2
16909 0
16910 3
16911 1
16912 2
16913 0
16914 4
16915 1
16916 2
16917 3
16918 0
16919 1
16920 2
16921 3
16922 0
16923 1
16924 2
16925 3
16926 0
16927 1
16928 2
16929 3
16930 0
16931 1
16932 2
16933 3
16934 0
16935 1
16936 2
16937 3
16938 0
16939 1
16940 2
16941 3
16942 0
16943 1
16944 2
16945 3
16946 0
16947 1
16948 2
16949 3
16950 0
16951 1
16952 2
16953 3
16954 0
16955 1
16956 2
16957 3
16958 0
16959 1
16960 2
16961 3
16962 0
16963 1
16964 2
16965 4
16966 3
16967 0
16968 1
16969 2
16970 3
16971 0
16972 1
16973 2
16974 3
16975 0
16976 1
16977 2
16978 3
16979 0
16980 1
16981 2
16982 3
16983 0
16984 1
16985 2
16986 3
16987 0
16988 1
16989 2
16990 3
16991 0
16992 1
16993 2
16994 3
16995 0
16996 1
16997 2
16998 3
16999 0
17000 1
17001 2
17002 3
17003 0
17004 1
17005 2
17006 3
17007 0
17008 1
17009 2
17010 3
17011 0
17012 1
17013 2
17014 4
17015 3
17016 0
17017 1
17018 2
17019 3
17020 0
17021 1
17022 2
17023 3
17024 0
17025 1
17026 2
17027 3
17028 0
17029 1
17030 2
17031 3
17032 0
17033 1
17034 2
17035 3
17036 0
17037 1
17038 2
17039 3
17040 0
17041 1
17042 2
17043 3
17044 0
17045 1
17046 2
17047 3
17048 0
17049 1
17050 2
17051 3
17052 0
17053 1
17054 2
17055 3
17056 0
17057 1
17058 2
17059 3
17060 0
17061 1
17062 2
17063 4
17064 3
17065 0
17066 1
17067 2
17068 3
17069 0
17070 1
17071 2
17072 3
17073 4
17074 1
17075 2
17076 0
17077 3
17078 1
17079 2
17080 0
17081 3
17082 1
17083 2
17084 0
17085 4
17086 1
17087 2
17088 3
17089 0
17090 1
17091 2
17092 3
17093 0
17094 1
17095 2
17096 3
17097 4
17098 1
17099 2
17100 0
17101 3
17102 1
17103 2
17104 0
17105 3
17106 1
17107 2
17108 0
17109 4
17110 1
17111 2
17112 3
17113 0
17114 1
17115 2
17116 3
17117 0
17118 1
17119 2
17120 3
17121 0
17122 1
17123 2
17124 3
17125 0
17126 1
17127 2
17128 3
17129 0
17130 1
17131 2
17132 3
17133 0
17134 1
17135 2
17136 3
17137 0
17138 1
17139 2
17140 3
17141 0
17142 1
17143 2
17144 3
17145 0
17146 1
17147 2
17148 3
17149 0
17150 1
17151 2
17152 3
17153 0
17154 1
17155 2
17156 3
17157 0
17158 1
17159 2
17160 4
17161 3
17162 0
17163 1
17164 2
17165 3
17166 0
17167 1
17168 2
17169 3
17170 0
17171 1
17172 2
17173 3
17174 0
17175 1
17176 2
17177 3
17178 0
17179 1
17180 2
17181 3
17182 0
17183 1
17184 2
17185 4
17186 3
17187 0
17188 1
17189 2
17190 3
17191 0
17192 1
17193 2
17194 3
17195 4
17196 1
17197 2
17198 0
17199 3
17200 1
17201 2
17202 0
17203 3
17204 1
17205 2
17206 0
17207 4
17208 1
17209 2
17210 3
17211 0
17212 1
17213 2
17214 3
17215 0
17216 1
17217 2
17218 3
17219 0
17220 1
17221 2
17222 3
17223 0
17224 1
17225 2
17226 3
17227 0
17228 1
17229 2
17230 3
17231 0
17232 1
17233 2
17234 3
17235 0
17236 1
17237 2
17238 3
17239 0
17240 1
17241 2
17242 3
17243 0
17244 1
17245 2
17246 3
17247 0
17248 1
17249 2
17250 3
17251 0
17252 1
17253 2
17254 3
17255 0
17256 1
17257 2
17258 4
17259 3
17260 0
17261 1
17262 2
17263 3
17264 0
17265 1
17266 2
17267 3
17268 4
17269 1
17270 2
17271 0
17272 3
17273 1
17274 2
17275 0
17276 3
17277 1
17278 2
17279 0
17280 4
17281 1
17282 2
17283 3
17284 0
17285 1
17286 2
17287 3
17288 0
17289 1
17290 2
17291 3
17292 4
17293 1
17294 2
17295 0
17296 3
17297 1
17298 2
17299 0
17300 3
17301 1
17302 2
17303 0
17304 4
17305 1
17306 2
17307 3
17308 0
17309 1
17310 2
17311 3
17312 0
17313 1
17314 2
17315 3
17316 0
17317 1
17318 2
17319 3
17320 0
17321 1
17322 2
17323 3
17324 0
17325 1
17326 2
17327 3
17328 0
17329 1
17330 2
17331 3
17332 0
17333 1
17334 2
17335 3
17336 0
17337 1
17338 2
17339 3
17340 0
17341 1
17342 2
17343 3
17344 0
17345 1
17346 2
17347 3
17348 0
17349 1
17350 2
17351 3
17352 0
17353 1
17354 2
17355 4
17356 3
17357 0
17358 1
17359 2
17360 3
17361 0
17362 1
17363 2
17364 3
17365 0
17366 1
17367 2
17368 3
17369 0
17370 1
17371 2
17372 3
17373 0
17374 1
17375 2
17376 3
17377 0
17378 1
17379 2
17380 3
17381 0
17382 1
17383 2
17384 3
17385 0
17386 1
17387 2
17388 3
17389 0
17390 1
17391 2
17392 3
17393 0
17394 1
17395 2
17396 3
17397 0
17398 1
17399 2
17400 3
17401 0
17402 1
17403 2
17404 4
17405 3
17406 0
17407 1
17408 2
17409 3
17410 0
17411 1
17412 2
17413 3
17414 0
17415 1
17416 2
17417 3
17418 0
17419 1
17420 2
17421 3
17422 0
17423 1
17424 2
17425 3
17426 0
17427 1
17428 2
17429 3
17430 0
17431 1
17432 2
17433 3
17434 0
17435 1
17436 2
17437 3
17438 0
17439 1
17440 2
17441 3
17442 0
17443 1
17444 2
17445 3
17446 0
17447 1
17448 2
17449 3
17450 0
17451 1
17452 2
17453 4
17454 3
17455 0
17456 1
17457 2
17458 3
17459 0
17460 1
17461 2
17462 3
17463 4
17464 1
17465 2
17466 0
17467 3
17468 1
17469 2
17470 0
17471 3
17472 1
17473 2
17474 0
17475 4
17476 1
17477 2
17478 3
17479 0
17480 1
17481 2
17482 3
17483 0
17484 1
17485 2
17486 3
17487 4
17488 1
17489 2
17490 0
17491 3
17492 1
17493 2
17494 0
17495 3
17496 1
17497 2
17498 0
17499 4
17500 1
17501 2
17502 3
17503 0
17504 1
17505 2
17506 3
17507 0
17508 1
17509 2
17510 3
17511 0
17512 1
17513 2
17514 3
17515 0
17516 1
17517 2
17518 3
17519 0
17520 1
17521 2
17522 3
17523 0
17524 1
17525 2
17526 3
17527 0
17528 1
17529 2
17530 3
17531 0
17532 1
17533 2
17534 3
17535 0
17536 1
17537 2
17538 3
17539 0
17540 1
17541 2
17542 3
17543 0
17544 1
17545 2
17546 3
17547 0
17548 1
17549 2
17550 4
17551 3
17552 0
17553 1
17554 2
17555 3
17556 0
17557 1
17558 2
17559 3
17560 0
17561 1
17562 2
17563 3
17564 0
17565 1
17566 2
17567 3
17568 0
17569 1
17570 2
17571 3
17572 0
17573 1
17574 2
17575 4
17576 3
17577 0
17578 1
17579 2
17580 3
17581 0
17582 1
17583 2
17584 3
17585 4
17586 1
17587 2
17588 0
17589 3
17590 1
17591 2
17592 0
17593 3
17594 1
17595 2
17596 0
17597 4
17598 1
17599 2
17600 3
17601 0
17602 1
17603 2
17604 3
17605 0
17606 1
17607 2
17608 3
17609 0
17610 1
17611 2
17612 3
17613 0
17614 1
17615 2
17616 3
17617 0
17618 1
17619 2
17620 3
17621 0
17622 1
17623 2
17624 3
17625 0
17626 1
17627 2
17628 3
17629 0
17630 1
17631 2
17632 3
17633 0
17634 1
17635 2
17636 3
17637 0
17638 1
17639 2
17640 3
17641 0
17642 1
17643 2
17644 3
17645 0
17646 1
17647 2
17648 4
17649 3
17650 0
17651 1
17652 2
17653 3
17654 0
17655 1
17656 2
17657 3
17658 0
17659 1
17660 2
17661 3
17662 0
17663 1
17664 2
17665 3
17666 0
17667 1
17668 2
17669 3
17670 0
17671 1
17672 2
17673 4
17674 3
17675 0
17676 1
17677 2
17678 3
17679 0
17680 1
17681 2
17682 3
17683 4
17684 1
17685 2
17686 0
17687 3
17688 1
17689 2
17690 0
17691 3
17692 1
17693 2
17694 0
17695 4
17696 1
17697 2
17698 3
17699 0
17700 1
17701 2
17702 3
17703 0
17704 1
17705 2
17706 3
17707 0
17708 1
17709 2
17710 3
17711 0
17712 1
17713 2
17714 3
17715 0
17716 1
17717 2
17718 3
17719 0
17720 1
17721 2
17722 3
17723 0
17724 1
17725 2
17726 3
17727 0
17728 1
17729 2
17730 3
17731 0
17732 1
17733 2
17734 3
17735 0
17736 1
17737 2
17738 3
17739 0
17740 1
17741 2
17742 3
17743 0
17744 1
17745 2
17746 4
17747 3
17748 0
17749 1
17750 2
17751 3
17752 0
17753 1
17754 2
17755 3
17756 0
17757 1
17758 2
17759 3
17760 0
17761 1
17762 2
17763 3
17764 0
17765 1
17766 2
17767 3
17768 0
17769 1
17770 2
17771 3
17772 0
17773 1
17774 2
17775 3
17776 0
17777 1
17778 2
17779 3
17780 0
17781 1
17782 2
17783 3
17784 0
17785 1
17786 2
17787 3
17788 0
17789 1
17790 2
17791 3
17792 0
17793 1
17794 2
17795 4
17796 3
17797 0
17798 1
17799 2
17800 3
17801 0
17802 1
17803 2
17804 3
17805 0
17806 1
17807 2
17808 3
17809 0
17810 1
17811 2
17812 3
17813 0
17814 1
17815 2
17816 3
17817 0
17818 1
17819 2
17820 3
17821 0
17822 1
17823 2
17824 3
17825 0
17826 1
17827 2
17828 3
17829 0
17830 1
17831 2
17832 3
17833 0
17834 1
17835 2
17836 3
17837 0
17838 1
17839 2
17840 3
17841 0
17842 1
17843 2
17844 4
17845 3
17846 0
17847 1
17848 2
17849 3
17850 0
17851 1
17852 2
17853 3
17854 4
17855 1
17856 2
17857 0
17858 3
17859 1
17860 2
17861 0
17862 3
17863 1
17864 2
17865 0
17866 4
17867 1
17868 2
17869 3
17870 0
17871 1
17872 2
17873 3
17874 0
17875 1
17876 2
17877 3
17878 4
17879 1
17880 2
17881 0
17882 3
17883 1
17884 2
17885 0
17886 3
17887 1
17888 2
17889 0
17890 4
17891 1
17892 2
17893 3
17894 0
17895 1
17896 2
17897 3
17898 0
17899 1
17900 2
17901 3
17902 0
17903 1
17904 2
17905 3
17906 0
17907 1
17908 2
17909 3
17910 0
17911 1
17912 2
17913 3
17914 0
17915 1
17916 2
17917 3
17918 0
17919 1
17920 2
17921 3
17922 0
17923 1
17924 2
17925 3
17926 0
17927 1
17928 2
17929 3
17930 0
17931 1
17932 2
17933 3
17934 0
17935 1
17936 2
17937 3
17938 0
17939 1
17940 2
17941 4
17942 3
17943 0
17944 1
17945 2
17946 3
17947 0
17948 1
17949 2
17950 3
17951 0
17952 1
17953 2
17954 3
17955 0
17956 1
17957 2
17958 3
17959 0
17960 1
17961 2
17962 3
17963 0
17964 1
17965 2
17966 3
17967 0
17968 1
17969 2
17970 3
17971 0
17972 1
17973 2
17974 3
17975 0
17976 1
17977 2
17978 3
17979 0
17980 1
17981 2
17982 3
17983 0
17984 1
17985 2
17986 3
17987 0
17988 1
17989 2
17990 4
17991 3
17992 0
17993 1
17994 2
17995 3
17996 0
17997 1
17998 2
17999 3
18000 0
18001 1
18002 2
18003 3
18004 0
18005 1
18006 2
18007 3
18008 0
18009 1
18010 2
18011 3
18012 0
18013 1
18014 2
18015 3
18016 0
18017 1
18018 2
18019 3
18020 0
18021 1
18022 2
18023 3
18024 0
18025 1
18026 2
18027 3
18028 0
18029 1
18030 2
18031 3
18032 0
18033 1
18034 2
18035 3
18036 0
18037 1
18038 2
18039 4
18040 3
18041 0
18042 1
18043 2
18044 3
18045 0
18046 1
18047 2
18048 3
18049 4
18050 1
18051 2
18052 0
18053 3
18054 1
18055 2
18056 0
18057 3
18058 1
18059 2
18060 0
18061 4
18062 1
18063 2
18064 3
18065 0
18066 1
18067 2
18068 3
18069 0
18070 1
18071 2
18072 3
18073 4
18074 1
18075 2
18076 0
18077 3
18078 1
18079 2
18080 0
18081 3
18082 1
18083 2
18084 0
18085 4
18086 1
18087 2
18088 3
18089 0
18090 1
18091 2
18092 3
18093 0
18094 1
18095 2
18096 3
18097 0
18098 1
18099 2
18100 3
18101 0
18102 1
18103 2
18104 3
18105 0
18106 1
18107 2
18108 3
18109 0
18110 1
18111 2
18112 3
18113 0
18114 1
18115 2
18116 3
18117 0
18118 1
18119 2
18120 3
18121 0
18122 1
18123 2
18124 3
18125 0
18126 1
18127 2
18128 3
18129 0
18130 1
18131 2
18132 3
18133 0
18134 1
18135 2
18136 4
18137 3
18138 0
18139 1
18140 2
18141 3
18142 0
18143 1
18144 2
18145 3
18146 0
18147 1
18148 2
18149 3
18150 0
18151 1
18152 2
18153 3
18154 0
18155 1
18156 2
18157 3
18158 0
18159 1
18160 2
18161 3
18162 0
18163 1
18164 2
18165 3
18166 0
18167 1
18168 2
18169 3
18170 0
18171 1
18172 2
18173 3
18174 0
18175 1
18176 2
18177 3
18178 0
18179 1
18180 2
18181 3
18182 0
18183 1
18184 2
18185 4
18186 3
18187 0
18188 1
18189 2
18190 3
18191 0
18192 1
18193 2
18194 3
18195 0
18196 1
18197 2
18198 3
18199 0
18200 1
18201 2
18202 3
18203 0
18204 1
18205 2
18206 3
18207 0
18208 1
18209 2
18210 3
18211 0
18212 1
18213 2
18214 3
18215 0
18216 1
18217 2
18218 3
18219 0
18220 1
18221 2
18222 3
18223 0
18224 1
18225 2
18226 3
18227 0
18228 1
18229 2
18230 3
18231 0
18232 1
18233 2
18234 4
18235 3
18236 0
18237 1
18238 2
18239 3
18240 0
18241 1
18242 2
18243 3
18244 4
18245 1
18246 2
18247 0
18248 3
18249 1
18250 2
18251 0
18252 3
18253 1
18254 2
18255 0
18256 4
18257 1
18258 2
18259 3
18260 0
18261 1
18262 2
18263 3
18264 0
18265 1
18266 2
18267 3
18268 4
18269 1
18270 2
18271 0
18272 3
18273 1
18274 2
18275 0
18276 3
18277 1
18278 2
18279 0
18280 4
18281 1
18282 2
18283 3
18284 0
18285 1
18286 2
18287 3
18288 0
18289 1
18290 2
18291 3
18292 0
18293 1
18294 2
18295 3
18296 0
18297 1
18298 2
18299 3
18300 0
18301 1
18302 2
18303 3
18304 0
18305 1
18306 2
18307 3
18308 0
18309 1
18310 2
18311 3
18312 0
18313 1
18314 2
18315 3
18316 0
18317 1
18318 2
18319 3
18320 0
18321 1
18322 2
18323 3
18324 0
18325 1
18326 2
18327 3
18328 0
18329 1
18330 2
18331 4
18332 3
18333 0
18334 1
18335 2
18336 3
18337 0
18338 1
18339 2
18340 3
18341 0
18342 1
18343 2
18344 3
18345 0
18346 1
18347 2
18348 3
18349 0
18350 1
18351 2
18352 3
18353 0
18354 1
18355 2
18356 4
18357 3
18358 0
18359 1
18360 2
18361 3
18362 0
18363 1
18364 2
18365 3
18366 4
18367 1
18368 2
18369 0
18370 3
18371 1
18372 2
18373 0
18374 3
18375 1
18376 2
18377 0
18378 4
18379 1
18380 2
18381 3
18382 0
18383 1
18384 2
18385 3
18386 0
18387 1
18388 2
18389 3
18390 0
18391 1
18392 2
18393 3
18394 0
18395 1
18396 2
18397 3
18398 0
18399 1
18400 2
18401 3
18402 0
18403 1
18404 2
18405 3
18406 0
18407 1
18408 2
18409 3
18410 0
18411 1
18412 2
18413 3
18414 0
18415 1
18416 2
18417 3
18418 0
18419 1
18420 2
18421 3
18422 0
18423 1
18424 2
18425 3
18426 0
18427 1
18428 2
18429 4
18430 3
18431 0
18432 1
18433 2
18434 3
18435 0
18436 1
18437 2
18438 3
18439 0
18440 1
18441 2
18442 3
18443 0
18444 1
18445 2
18446 3
18447 0
18448 1
18449 2
18450 3
18451 0
18452 1
18453 2
18454 4
18455 3
18456 0
18457 1
18458 2
18459 3
18460 0
18461 1
18462 2
18463 3
18464 4
18465 1
18466 2
18467 0
18468 3
18469 1
18470 2
18471 0
18472 3
18473 1
18474 2
18475 0
18476 4
18477 1
18478 2
18479 3
18480 0
18481 1
18482 2
18483 3
18484 0
18485 1
18486 2
18487 3
18488 0
18489 1
18490 2
18491 3
18492 0
18493 1
18494 2
18495 3
18496 0
18497 1
18498 2
18499 3
18500 0
18501 1
18502 2
18503 3
18504 0
18505 1
18506 2
18507 3
18508 0
18509 1
18510 2
18511 3
18512 0
18513 1
18514 2
18515 3
18516 0
18517 1
18518 2
18519 3
18520 0
18521 1
18522 2
18523 3
18524 0
18525 1
18526 2
18527 4
18528 3
18529 0
18530 1
18531 2
18532 3
18533 0
18534 1
18535 2
18536 3
18537 0
18538 1
18539 2
18540 3
18541 0
18542 1
18543 2
18544 3
18545 0
18546 1
18547 2
18548 3
18549 0
18550 1
18551 2
18552 3
18553 0
18554 1
18555 2
18556 3
18557 0
18558 1
18559 2
18560 3
18561 0
18562 1
18563 2
18564 3
18565 0
18566 1
18567 2
18568 3
18569 0
18570 1
18571 2
18572 3
18573 0
18574 1
18575 2
18576 4
18577 3
18578 0
18579 1
18580 2
18581 3
18582 0
18583 1
18584 2
18585 3
18586 0
18587 1
18588 2
18589 3
18590 0
18591 1
18592 2
18593 3
18594 0
18595 1
18596 2
18597 3
18598 0
18599 1
18600 2
18601 3
18602 0
18603 1
18604 2
18605 3
18606 0
18607 1
18608 2
18609 3
18610 0
18611 1
18612 2
18613 3
18614 0
18615 1
18616 2
18617 3
18618 0
18619 1
18620 2
18621 3
18622 0
18623 1
18624 2
18625 4
18626 3
18627 0
18628 1
18629 2
18630 3
18631 0
18632 1
18633 2
18634 3
18635 4
18636 1
18637 2
18638 0
18639 3
18640 1
18641 2
18642 0
18643 3
18644 1
18645 2
18646 0
18647 4
18648 1
18649 2
18650 3
18651 0
18652 1
18653 2
18654 3
18655 0
18656 1
18657 2
18658 3
18659 4
18660 1
18661 2
18662 0
18663 3
18664 1
18665 2
18666 0
18667 3
18668 1
18669 2
18670 0
18671 4
18672 1
18673 2
18674 3
18675 0
18676 1
18677 2
18678 3
18679 0
18680 1
18681 2
18682 3
18683 0
18684 1
18685 2
18686 3
18687 0
18688 1
18689 2
18690 3
18691 0
18692 1
18693 2
18694 3
18695 0
18696 1
18697 2
18698 3
18699 0
18700 1
18701 2
18702 3
18703 0
18704 1
18705 2
18706 3
18707 0
18708 1
18709 2
18710 3
18711 0
18712 1
18713 2
18714 3
18715 0
18716 1
18717 2
18718 3
18719 0
18720 1
18721 2
18722 4
18723 3
18724 0
18725 1
18726 2
18727 3
18728 0
18729 1
18730 2
18731 3
18732 0
18733 1
18734 2
18735 3
18736 0
18737 1
18738 2
18739 3
18740 0
18741 1
18742 2
18743 3
18744 0
18745 1
18746 2
18747 4
18748 3
18749 0
18750 1
18751 2
18752 3
18753 0
18754 1
18755 2
18756 3
18757 4
18758 1
18759 2
18760 0
18761 3
18762 1
18763 2
18764 0
18765 3
18766 1
18767 2
18768 0
18769 4
18770 1
18771 2
18772 3
18773 0
18774 1
18775 2
18776 3
18777 0
18778 1
18779 2
18780 3
18781 0
18782 1
18783 2
18784 3
18785 0
18786 1
18787 2
18788 3
18789 0
18790 1
18791 2
18792 3
18793 0
18794 1
18795 2
18796 3
18797 0
18798 1
18799 2
18800 3
18801 0
18802 1
18803 2
18804 3
18805 0
18806 1
18807 2
18808 3
18809 0
18810 1
18811 2
18812 3
18813 0
18814 1
18815 2
18816 3
18817 0
18818 1
18819 2
18820 4
18821 3
18822 0
18823 1
18824 2
18825 3
18826 0
18827 1
18828 2
18829 3
18830 4
18831 1
18832 2
18833 0
18834 3
18835 1
18836 2
18837 0
18838 3
18839 1
18840 2
18841 0
18842 4
18843 1
18844 2
18845 3
18846 0
18847 1
18848 2
18849 3
18850 0
18851 1
18852 2
18853 3
18854 4
18855 1
18856 2
18857 0
18858 3
18859 1
18860 2
18861 0
18862 3
18863 1
18864 2
18865 0
18866 4
18867 1
18868 2
18869 3
18870 0
18871 1
18872 2
18873 3
18874 0
18875 1
18876 2
18877 3
18878 0
18879 1
18880 2
18881 3
18882 0
18883 1
18884 2
18885 3
18886 0
18887 1
18888 2
18889 3
18890 0
18891 1
18892 2
18893 3
18894 0
18895 1
18896 2
18897 3
18898 0
18899 1
18900 2
18901 3
18902 0
18903 1
18904 2
18905 3
18906 0
18907 1
18908 2
18909 3
18910 0
18911 1
18912 2
18913 3
18914 0
18915 1
18916 2
18917 4
18918 3
18919 0
18920 1
18921 2
18922 3
18923 0
18924 1
18925 2
18926 3
18927 0
18928 1
18929 2
18930 3
18931 0
18932 1
18933 2
18934 3
18935 0
18936 1
18937 2
18938 3
18939 0
18940 1
18941 2
18942 3
18943 0
18944 1
18945 2
18946 3
18947 0
18948 1
18949 2
18950 3
18951 0
18952 1
18953 2
18954 3
18955 0
18956 1
18957 2
18958 3
18959 0
18960 1
18961 2
18962 3
18963 0
18964 1
18965 2
18966 4
18967 3
18968 0
18969 1
18970 2
18971 3
18972 0
18973 1
18974 2
18975 3
18976 0
18977 1
18978 2
18979 3
18980 0
18981 1
18982 2
18983 3
18984 0
18985 1
18986 2
18987 3
18988 0
18989 1
18990 2
18991 3
18992 0
18993 1
18994 2
18995 3
18996 0
18997 1
18998 2
18999 3
19000 0
19001 1
19002 2
19003 3
19004 0
19005 1
19006 2
19007 3
19008 0
19009 1
19010 2
19011 3
19012 0
19013 1
19014 2
19015 4
19016 3
19017 0
19018 1
19019 2
19020 3
19021 0
19022 1
19023 2
19024 3
19025 4
19026 1
19027 2
19028 0
19029 3
19030 1
19031 2
19032 0
19033 3
19034 1
19035 2
19036 0
19037 4
19038 1
19039 2
19040 3
19041 0
19042 1
19043 2
19044 3
19045 0
19046 1
19047 2
19048 3
19049 4
19050 1
19051 2
19052 0
19053 3
19054 1
19055 2
19056 0
19057 3
19058 1
19059 2
19060 0
19061 4
19062 1
19063 2
19064 3
19065 0
19066 1
19067 2
19068 3
19069 0
19070 1
19071 2
19072 3
19073 0
19074 1
19075 2
19076 3
19077 0
19078 1
19079 2
19080 3
19081 0
19082 1
19083 2
19084 3
19085 0
19086 1
19087 2
19088 3
19089 0
19090 1
19091 2
19092 3
19093 0
19094 1
19095 2
19096 3
19097 0
19098 1
19099 2
19100 3
19101 0
19102 1
19103 2
19104 3
19105 0
19106 1
19107 2
19108 3
19109 0
19110 1
19111 2
19112 4
19113 3
19114 0
19115 1
19116 2
19117 3
19118 0
19119 1
19120 2
19121 3
19122 0
19123 1
19124 2
19125 3
19126 0
19127 1
19128 2
19129 3
19130 0
19131 1
19132 2
19133 3
19134 0
19135 1
19136 2
19137 4
19138 3
19139 0
19140 1
19141 2
19142 3
19143 0
19144 1
19145 2
19146 3
19147 4
19148 1
19149 2
19150 0
19151 3
19152 1
19153 2
19154 0
19155 3
19156 1
19157 2
19158 0
19159 4
19160 1
19161 2
19162 3
19163 0
19164 1
19165 2
19166 3
19167 0
19168 1
19169 2
19170 3
19171 0
19172 1
19173 2
19174 3
19175 0
19176 1
19177 2
19178 3
19179 0
19180 1
19181 2
19182 3
19183 0
19184 1
19185 2
19186 3
19187 0
19188 1
19189 2
19190 3
19191 0
19192 1
19193 2
19194 3
19195 0
19196 1
19197 2
19198 3
19199 0
19200 1
19201 2
19202 3
19203 0
19204 1
19205 2
19206 3
19207 0
19208 1
19209 2
19210 4
19211 3
19212 0
19213 1
19214 2
19215 3
19216 0
19217 1
19218 2
19219 3
19220 0
19221 1
19222 2
19223 3
19224 0
19225 1
19226 2
19227 3
19228 0
19229 1
19230 2
19231 3
19232 0
19233 1
19234 2
19235 4
19236 3
19237 0
19238 1
19239 2
19240 3
19241 0
19242 1
19243 2
19244 3
19245 4
19246 1
19247 2
19248 0
19249 3
19250 1
19251 2
19252 0
19253 3
19254 1
19255 2
19256 0
19257 4
19258 1
19259 2
19260 3
19261 0
19262 1
19263 2
19264 3
19265 0
19266 1
19267 2
19268 3
19269 0
19270 1
19271 2
19272 3
19273 0
19274 1
19275 2
19276 3
19277 0
19278 1
19279 2
19280 3
19281 0
19282 1
19283 2
19284 3
19285 0
19286 1
19287 2
19288 3
19289 0
19290 1
19291 2
19292 3
19293 0
19294 1
19295 2
19296 3
19297 0
19298 1
19299 2
19300 3
19301 0
19302 1
19303 2
19304 3
19305 0
19306 1
19307 2
19308 4
19309 3
19310 0
19311 1
19312 2
19313 3
19314 0
19315 1
19316 2
19317 3
19318 0
19319 1
19320 2
19321 3
19322 0
19323 1
19324 2
19325 3
19326 0
19327 1
19328 2
19329 3
19330 0
19331 1
19332 2
19333 3
19334 0
19335 1
19336 2
19337 3
19338 0
19339 1
19340 2
19341 3
19342 0
19343 1
19344 2
19345 3
19346 0
19347 1
19348 2
19349 3
19350 0
19351 1
19352 2
19353 3
19354 0
19355 1
19356 2
19357 4
19358 3
19359 0
19360 1
19361 2
19362 3
19363 0
19364 1
19365 2
19366 3
19367 0
19368 1
19369 2
19370 3
19371 0
19372 1
19373 2
19374 3
19375 0
19376 1
19377 2
19378 3
19379 0
19380 1
19381 2
19382 3
19383 0
19384 1
19385 2
19386 3
19387 0
19388 1
19389 2
19390 3
19391 0
19392 1
19393 2
19394 3
19395 0
19396 1
19397 2
19398 3
19399 0
19400 1
19401 2
19402 3
19403 0
19404 1
19405 2
19406 4
19407 3
19408 0
19409 1
19410 2
19411 3
19412 0
19413 1
19414 2
19415 3
19416 4
19417 1
19418 2
19419 0
19420 3
19421 1
19422 2
19423 0
19424 3
19425 1
19426 2
19427 0
19428 4
19429 1
19430 2
19431 3
19432 0
19433 1
19434 2
19435 3
19436 0
19437 1
19438 2
19439 3
19440 4
19441 1
19442 2
19443 0
19444 3
19445 1
19446 2
19447 0
19448 3
19449 1
19450 2
19451 0
19452 4
19453 1
19454 2
19455 3
19456 0
19457 1
19458 2
19459 3
19460 0
19461 1
19462 2
19463 3
19464 0
19465 1
19466 2
19467 3
19468 0
19469 1
19470 2
19471 3
19472 0
19473 1
19474 2
19475 3
19476 0
19477 1
19478 2
19479 3
19480 0
19481 1
19482 2
19483 3
19484 0
19485 1
19486 2
19487 3
19488 0
19489 1
19490 2
19491 3
19492 0
19493 1
19494 2
19495 3
19496 0
19497 1
19498 2
19499 3
19500 0
19501 1
19502 2
19503 4
19504 3
19505 0
19506 1
19507 2
19508 3
19509 0
19510 1
19511 2
19512 3
19513 0
19514 1
19515 2
19516 3
19517 0
19518 1
19519 2
19520 3
19521 0
19522 1
19523 2
19524 3
19525 0
19526 1
19527 2
19528 3
19529 0
19530 1
19531 2
19532 3
19533 0
19534 1
19535 2
19536 3
19537 0
19538 1
19539 2
19540 3
19541 0
19542 1
19543 2
19544 3
19545 0
19546 1
19547 2
19548 3
19549 0
19550 1
19551 2
19552 4
19553 3
19554 0
19555 1
19556 2
19557 3
19558 0
19559 1
19560 2
19561 3
19562 0
19563 1
19564 2
19565 3
19566 0
19567 1
19568 2
19569 3
19570 0
19571 1
19572 2
19573 3
19574 0
19575 1
19576 2
19577 3
19578 0
19579 1
19580 2
19581 3
19582 0
19583 1
19584 2
19585 3
19586 0
19587 1
19588 2
19589 3
19590 0
19591 1
19592 2
19593 3
19594 0
19595 1
19596 2
19597 3
19598 0
19599 1
19600 2
19601 4
19602 3
19603 0
19604 1
19605 2
19606 3
19607 0
19608 1
19609 2
19610 3
19611 4
19612 1
19613 2
19614 0
19615 3
19616 1
19617 2
19618 0
19619 3
19620 1
19621 2
19622 0
19623 4
19624 1
19625 2
19626 3
19627 0
19628 1
19629 2
19630 3
19631 0
19632 1
19633 2
19634 3
19635 4
19636 1
19637 2
19638 0
19639 3
19640 1
19641 2
19642 0
19643 3
19644 1
19645 2
19646 0
19647 4
19648 1
19649 2
19650 3
19651 0
19652 1
19653 2
19654 3
19655 0
19656 1
19657 2
19658 3
19659 0
19660 1
19661 2
19662 3
19663 0
19664 1
19665 2
19666 3
19667 0
19668 1
19669 2
19670 3
19671 0
19672 1
19673 2
19674 3
19675 0
19676 1
19677 2
19678 3
19679 0
19680 1
19681 2
19682 3
19683 0
19684 1
19685 2
19686 3
19687 0
19688 1
19689 2
19690 3
19691 0
19692 1
19693 2
19694 3
19695 0
19696 1
19697 2
19698 4
19699 3
19700 0
19701 1
19702 2
19703 3
19704 0
19705 1
19706 2
19707 3
19708 0
19709 1
19710 2
19711 3
19712 0
19713 1
19714 2
19715 3
19716 0
19717 1
19718 2
19719 3
19720 0
19721 1
19722 2
19723 3
19724 0
19725 1
19726 2
19727 3
19728 0
19729 1
19730 2
19731 3
19732 0
19733 1
19734 2
19735 3
19736 0
19737 1
19738 2
19739 3
19740 0
19741 1
19742 2
19743 3
19744 0
19745 1
19746 2
19747 4
19748 3
19749 0
19750 1
19751 2
19752 3
19753 0
19754 1
19755 2
19756 3
19757 0
19758 1
19759 2
19760 3
19761 0
19762 1
19763 2
19764 3
19765 0
19766 1
19767 2
19768 3
19769 0
19770 1
19771 2
19772 3
19773 0
19774 1
19775 2
19776 3
19777 0
19778 1
19779 2
19780 3
19781 0
19782 1
19783 2
19784 3
19785 0
19786 1
19787 2
19788 3
19789 0
19790 1
19791 2
19792 3
19793 0
19794 1
19795 2
19796 4
19797 3
19798 0
19799 1
19800 2
19801 3
19802 0
19803 1
19804 2
19805 3
19806 4
19807 1
19808 2
19809 0
19810 3
19811 1
19812 2
19813 0
19814 3
19815 1
19816 2
19817 0
19818 4
19819 1
19820 2
19821 3
19822 0
19823 1
19824 2
19825 3
19826 0
19827 1
19828 2
19829 3
19830 4
19831 1
19832 2
19833 0
19834 3
19835 1
19836 2
19837 0
19838 3
19839 1
19840 2
19841 0
19842 4
19843 1
19844 2
19845 3
19846 0
19847 1
19848 2
19849 3
19850 0
19851 1
19852 2
19853 3
19854 0
19855 1
19856 2
19857 3
19858 0
19859 1
19860 2
19861 3
19862 0
19863 1
19864 2
19865 3
19866 0
19867 1
19868 2
19869 3
19870 0
19871 1
19872 2
19873 3
19874 0
19875 1
19876 2
19877 3
19878 0
19879 1
19880 2
19881 3
19882 0
19883 1
19884 2
19885 3
19886 0
19887 1
19888 2
19889 3
19890 0
19891 1
19892 2
19893 4
19894 3
19895 0
19896 1
19897 2
19898 3
19899 0
19900 1
19901 2
19902 3
19903 0
19904 1
19905 2
19906 3
19907 0
19908 1
19909 2
19910 3
19911 0
19912 1
19913 2
19914 3
19915 0
19916 1
19917 2
19918 4
19919 3
19920 0
19921 1
19922 2
19923 3
19924 0
19925 1
19926 2
19927 3
19928 4
19929 1
19930 2
19931 0
19932 3
19933 1
19934 2
19935 0
19936 3
19937 1
19938 2
19939 0
19940 4
19941 1
19942 2
19943 3
19944 0
19945 1
19946 2
19947 3
19948 0
19949 1
19950 2
19951 3
19952 0
19953 1
19954 2
19955 3
19956 0
19957 1
19958 2
19959 3
19960 0
19961 1
19962 2
19963 3
19964 0
19965 1
19966 2
19967 3
19968 0
19969 1
19970 2
19971 3
19972 0
19973 1
19974 2
19975 3
19976 0
19977 1
19978 2
19979 3
19980 0
19981 1
19982 2
19983 3
19984 0
19985 1
19986 2
19987 3
19988 0
19989 1
19990 2
19991 4
19992 3
19993 0
19994 1
19995 2
19996 3
19997 0
19998 1
19999 2
20000 3
20001 0
20002 1
20003 2
20004 3
20005 0
20006 1
20007 2
20008 3
20009 0
20010 1
20011 2
20012 3
20013 0
20014 1
20015 2
20016 4
20017 3
20018 0
20019 1
20020 2
20021 3
20022 0
20023 1
20024 2
20025 3
20026 4
20027 1
20028 2
20029 0
20030 3
20031 1
20032 2
20033 0
20034 3
20035 1
20036 2
20037 0
20038 4
20039 1
20040 2
20041 3
20042 0
20043 1
20044 2
20045 3
20046 0
20047 1
20048 2
20049 3
20050 0
20051 1
20052 2
20053 3
20054 0
20055 1
20056 2
20057 3
20058 0
20059 1
20060 2
20061 3
20062 0
20063 1
20064 2
20065 3
20066 0
20067 1
20068 2
20069 3
20070 0
20071 1
20072 2
20073 3
20074 0
20075 1
20076 2
20077 3
20078 0
20079 1
20080 2
20081 3
20082 0
20083 1
20084 2
20085 3
20086 0
20087 1
20088 2
20089 4
20090 3
20091 0
20092 1
20093 2
20094 3
20095 0
20096 1
20097 2
20098 3
20099 0
20100 1
20101 2
20102 3
20103 0
20104 1
20105 2
20106 3
20107 0
20108 1
20109 2
20110 3
20111 0
20112 1
20113 2
20114 3
20115 0
20116 1
20117 2
20118 3
20119 0
20120 1
20121 2
20122 3
20123 0
20124 1
20125 2
20126 3
20127 0
20128 1
20129 2
20130 3
20131 0
20132 1
20133 2
20134 3
20135 0
20136 1
20137 2
20138 4
20139 3
20140 0
20141 1
20142 2
20143 3
20144 0
20145 1
20146 2
20147 3
20148 0
20149 1
20150 2
20151 3
20152 0
20153 1
20154 2
20155 3
20156 0
20157 1
20158 2
20159 3
20160 0
20161 1
20162 2
20163 3
20164 0
20165 1
20166 2
20167 3
20168 0
20169 1
20170 2
20171 3
20172 0
20173 1
20174 2
20175 3
20176 0
20177 1
20178 2
20179 3
20180 0
20181 1
20182 2
20183 3
20184 0
20185 1
20186 2
20187 4
20188 3
20189 0
20190 1
20191 2
20192 3
20193 0
20194 1
20195 2
20196 3
20197 4
20198 1
20199 2
20200 0
20201 3
20202 1
20203 2
20204 0
20205 3
20206 1
20207 2
20208 0
20209 4
20210 1
20211 2
20212 3
20213 0
20214 1
20215 2
20216 3
20217 0
20218 1
20219 2
20220 3
20221 4
20222 1
20223 2
20224 0
20225 3
20226 1
20227 2
20228 0
20229 3
20230 1
20231 2
20232 0
20233 4
20234 1
20235 2
20236 3
20237 0
20238 1
20239 2
20240 3
20241 0
20242 1
20243 2
20244 3
20245 0
20246 1
20247 2
20248 3
20249 0
20250 1
20251 2
20252 3
20253 0
20254 1
20255 2
20256 3
20257 0
20258 1
20259 2
20260 3
20261 0
20262 1
20263 2
20264 3
20265 0
20266 1
20267 2
20268 3
20269 0
20270 1
20271 2
20272 3
20273 0
20274 1
20275 2
20276 3
20277 0
20278 1
20279 2
20280 3
20281 0
20282 1
20283 2
20284 4
20285 3
20286 0
20287 1
20288 2
20289 3
20290 0
20291 1
20292 2
20293 3
20294 0
20295 1
20296 2
20297 3
20298 0
20299 1
20300 2
20301 3
20302 0
20303 1
20304 2
20305 3
20306 0
20307 1
20308 2
20309 4
20310 3
20311 0
20312 1
20313 2
20314 3
20315 0
20316 1
20317 2
20318 3
20319 4
20320 1
20321 2
20322 0
20323 3
20324 1
20325 2
20326 0
20327 3
20328 1
20329 2
20330 0
20331 4
20332 1
20333 2
20334 3
20335 0
20336 1
20337 2
20338 3
20339 0
20340 1
20341 2
20342 3
20343 0
20344 1
20345 2
20346 3
20347 0
20348 1
20349 2
20350 3
20351 0
20352 1
20353 2
20354 3
20355 0
20356 1
20357 2
20358 3
20359 0
20360 1
20361 2
20362 3
20363 0
20364 1
20365 2
20366 3
20367 0
20368 1
20369 2
20370 3
20371 0
20372 1
20373 2
20374 3
20375 0
20376 1
20377 2
20378 3
20379 0
20380 1
20381 2
20382 4
20383 3
20384 0
20385 1
20386 2
20387 3
20388 0
20389 1
20390 2
20391 3
20392 0
20393 1
20394 2
20395 3
20396 0
20397 1
20398 2
20399 3
20400 0
20401 1
20402 2
20403 3
20404 0
20405 1
20406 2
20407 4
20408 3
20409 0
20410 1
20411 2
20412 3
20413 0
20414 1
20415 2
20416 3
20417 4
20418 1
20419 2
20420 0
20421 3
20422 1
20423 2
20424 0
20425 3
20426 1
20427 2
20428 0
20429 4
20430 1
20431 2
20432 3
20433 0
20434 1
20435 2
20436 3
20437 0
20438 1
20439 2
20440 3
20441 0
20442 1
20443 2
20444 3
20445 0
20446 1
20447 2
20448 3
20449 0
20450 1
20451 2
20452 3
20453 0
20454 1
20455 2
20456 3
20457 0
20458 1
20459 2
20460 3
20461 0
20462 1
20463 2
20464 3
20465 0
20466 1
20467 2
20468 3
20469 0
20470 1
20471 2
20472 3
20473 0
20474 1
20475 2
20476 3
20477 0
20478 1
20479 2
20480 4
20481 3
20482 0
20483 1
20484 2
20485 3
20486 0
20487 1
20488 2
20489 3
20490 0
20491 1
20492 2
20493 3
20494 0
20495 1
20496 2
20497 3
20498 0
20499 1
20500 2
20501 3
20502 0
20503 1
20504 2
20505 3
20506 0
20507 1
20508 2
20509 3
20510 0
20511 1
20512 2
20513 3
20514 0
20515 1
20516 2
20517 3
20518 0
20519 1
20520 2
20521 3
20522 0
20523 1
20524 2
20525 3
20526 0
20527 1
20528 2
20529 4
20530 3
20531 0
20532 1
20533 2
20534 3
20535 0
20536 1
20537 2
20538 3
20539 0
20540 1
20541 2
20542 3
20543 0
20544 1
20545 2
20546 3
20547 0
20548 1
20549 2
20550 3
20551 0
20552 1
20553 2
20554 3
20555 0
20556 1
20557 2
20558 3
20559 0
20560 1
20561 2
20562 3
20563 0
20564 1
20565 2
20566 3
20567 0
20568 1
20569 2
20570 3
20571 0
20572 1
20573 2
20574 3
20575 0
20576 1
20577 2
20578 4
20579 3
20580 0
20581 1
20582 2
20583 3
20584 0
20585 1
20586 2
20587 3
20588 4
20589 1
20590 2
20591 0
20592 3
20593 1
20594 2
20595 0
20596 3
20597 1
20598 2
20599 0
20600 4
20601 1
20602 2
20603 3
20604 0
20605 1
20606 2
20607 3
20608 0
20609 1
20610 2
20611 3
20612 4
20613 1
20614 2
20615 0
20616 3
20617 1
20618 2
20619 0
20620 3
20621 1
20622 2
20623 0
20624 4
20625 1
20626 2
20627 3
20628 0
20629 1
20630 2
20631 3
20632 0
20633 1
20634 2
20635 3
20636 0
20637 1
20638 2
20639 3
20640 0
20641 1
20642 2
20643 3
20644 0
20645 1
20646 2
20647 3
20648 0
20649 1
20650 2
20651 3
20652 0
20653 1
20654 2
20655 3
20656 0
20657 1
20658 2
20659 3
20660 0
20661 1
20662 2
20663 3
20664 0
20665 1
20666 2
20667 3
20668 0
20669 1
20670 2
20671 3
20672 0
20673 1
20674 2
20675 4
20676 3
20677 0
20678 1
20679 2
20680 3
20681 0
20682 1
20683 2
20684 3
20685 0
20686 1
20687 2
20688 3
20689 0
20690 1
20691 2
20692 3
20693 0
20694 1
20695 2
20696 3
20697 0
20698 1
20699 2
20700 4
20701 3
20702 0
20703 1
20704 2
20705 3
20706 0
20707 1
20708 2
20709 3
20710 4
20711 1
20712 2
20713 0
20714 3
20715 1
20716 2
20717 0
20718 3
20719 1
20720 2
20721 0
20722 4
20723 1
20724 2
20725 3
20726 0
20727 1
20728 2
20729 3
20730 0
20731 1
20732 2
20733 3
20734 0
20735 1
20736 2
20737 3
20738 0
20739 1
20740 2
20741 3
20742 0
20743 1
20744 2
20745 3
20746 0
20747 1
20748 2
20749 3
20750 0
20751 1
20752 2
20753 3
20754 0
20755 1
20756 2
20757 3
20758 0
20759 1
20760 2
20761 3
20762 0
20763 1
20764 2
20765 3
20766 0
20767 1
20768 2
20769 3
20770 0
20771 1
20772 2
20773 4
20774 3
20775 0
20776 1
20777 2
20778 3
20779 0
20780 1
20781 2
20782 3
20783 0
20784 1
20785 2
20786 3
20787 0
20788 1
20789 2
20790 3
20791 0
20792 1
20793 2
20794 3
20795 0
20796 1
20797 2
20798 4
20799 3
20800 0
20801 1
20802 2
20803 3
20804 0
20805 1
20806 2
20807 3
20808 4
20809 1
20810 2
20811 0
20812 3
20813 1
20814 2
20815 0
20816 3
20817 1
20818 2
20819 0
20820 4
20821 1
20822 2
20823 3
20824 0
20825 1
20826 2
20827 3
20828 0
20829 1
20830 2
20831 3
20832 0
20833 1
20834 2
20835 3
20836 0
20837 1
20838 2
20839 3
20840 0
20841 1
20842 2
20843 3
20844 0
20845 1
20846 2
20847 3
20848 0
20849 1
20850 2
20851 3
20852 0
20853 1
20854 2
20855 3
20856 0
20857 1
20858 2
20859 3
20860 0
20861 1
20862 2
20863 3
20864 0
20865 1
20866 2
20867 3
20868 0
20869 1
20870 2
20871 4
20872 3
20873 0
20874 1
20875 2
20876 3
20877 0
20878 1
20879 2
20880 3
20881 0
20882 1
20883 2
20884 3
20885 0
20886 1
20887 2
20888 3
20889 0
20890 1
20891 2
20892 3
20893 0
20894 1
20895 2
20896 3
20897 0
20898 1
20899 2
20900 3
20901 0
20902 1
20903 2
20904 3
20905 0
20906 1
20907 2
20908 3
20909 0
20910 1
20911 2
20912 3
20913 0
20914 1
20915 2
20916 3
20917 0
20918 1
20919 2
20920 4
20921 3
20922 0
20923 1
20924 2
20925 3
20926 0
20927 1
20928 2
20929 3
20930 0
20931 1
20932 2
20933 3
20934 0
20935 1
20936 2
20937 3
20938 0
20939 1
20940 2
20941 3
20942 0
20943 1
20944 2
20945 3
20946 0
20947 1
20948 2
20949 3
20950 0
20951 1
20952 2
20953 3
20954 0
20955 1
20956 2
20957 3
20958 0
20959 1
20960 2
20961 3
20962 0
20963 1
20964 2
20965 3
20966 0
20967 1
20968 2
20969 4
20970 3
20971 0
20972 1
20973 2
20974 3
20975 0
20976 1
20977 2
20978 3
20979 4
20980 1
20981 2
20982 0
20983 3
20984 1
20985 2
20986 0
20987 3
20988 1
20989 2
20990 0
20991 4
20992 1
20993 2
20994 3
20995 0
20996 1
20997 2
20998 3
20999 0
21000 1
21001 2
21002 3
21003 4
21004 1
21005 2
21006 0
21007 3
21008 1
21009 2
21010 0
21011 3
21012 1
21013 2
21014 0
21015 4
21016 1
21017 2
21018 3
21019 0
21020 1
21021 2
21022 3
21023 0
21024 1
21025 2
21026 3
21027 0
21028 1
21029 2
21030 3
21031 0
21032 1
21033 2
21034 3
21035 0
21036 1
21037 2
21038 3
21039 0
21040 1
21041 2
21042 3
21043 0
21044 1
21045 2
21046 3
21047 0
21048 1
21049 2
21050 3
21051 0
21052 1
21053 2
21054 3
21055 0
21056 1
21057 2
21058 3
21059 0
21060 1
21061 2
21062 3
21063 0
21064 1
21065 2
21066 4
21067 3
21068 0
21069 1
21070 2
21071 3
21072 0
21073 1
21074 2
21075 3
21076 0
21077 1
21078 2
21079 3
21080 0
21081 1
21082 2
21083 3
21084 0
21085 1
21086 2
21087 3
21088 0
21089 1
21090 2
21091 3
21092 0
21093 1
21094 2
21095 3
21096 0
21097 1
21098 2
21099 3
21100 0
21101 1
21102 2
21103 3
21104 0
21105 1
21106 2
21107 3
21108 0
21109 1
21110 2
21111 3
21112 0
21113 1
21114 2
21115 4
21116 3
21117 0
21118 1
21119 2
21120 3
21121 0
21122 1
21123 2
21124 3
21125 0
21126 1
21127 2
21128 3
21129 0
21130 1
21131 2
21132 3
21133 0
21134 1
21135 2
21136 3
21137 0
21138 1
21139 2
21140 3
21141 0
21142 1
21143 2
21144 3
21145 0
21146 1
21147 2
21148 3
21149 0
21150 1
21151 2
21152 3
21153 0
21154 1
21155 2
21156 3
21157 0
21158 1
21159 2
21160 3
21161 0
21162 1
21163 2
21164 4
21165 3
21166 0
21167 1
21168 2
21169 3
21170 0
21171 1
21172 2
21173 3
21174 4
21175 1
21176 2
21177 0
21178 3
21179 1
21180 2
21181 0
21182 3
21183 1
21184 2
21185 0
21186 4
21187 1
21188 2
21189 3
21190 0
21191 1
21192 2
21193 3
21194 0
21195 1
21196 2
21197 3
21198 4
21199 1
21200 2
21201 0
21202 3
21203 1
21204 2
21205 0
21206 3
21207 1
21208 2
21209 0
21210 4
21211 1
21212 2
21213 3
21214 0
21215 1
21216 2
21217 3
21218 0
21219 1
21220 2
21221 3
21222 0
21223 1
21224 2
21225 3
21226 0
21227 1
21228 2
21229 3
21230 0
21231 1
21232 2
21233 3
21234 0
21235 1
21236 2
21237 3
21238 0
21239 1
21240 2
21241 3
21242 0
21243 1
21244 2
21245 3
21246 0
21247 1
21248 2
21249 3
21250 0
21251 1
21252 2
21253 3
21254 0
21255 1
21256 2
21257 3
21258 0
21259 1
21260 2
21261 4
21262 3
21263 0
21264 1
21265 2
21266 3
21267 0
21268 1
21269 2
21270 3
21271 0
21272 1
21273 2
21274 3
21275 0
21276 1
21277 2
21278 3
21279 0
21280 1
21281 2
21282 3
21283 0
21284 1
21285 2
21286 3
21287 0
21288 1
21289 2
21290 3
21291 0
21292 1
21293 2
21294 3
21295 0
21296 1
21297 2
21298 3
21299 0
21300 1
21301 2
21302 3
21303 0
21304 1
21305 2
21306 3
21307 0
21308 1
21309 2
21310 4
21311 3
21312 0
21313 1
21314 2
21315 3
21316 0
21317 1
21318 2
21319 3
21320 0
21321 1
21322 2
21323 3
21324 0
21325 1
21326 2
21327 3
21328 0
21329 1
21330 2
21331 3
21332 0
21333 1
21334 2
21335 3
21336 0
21337 1
21338 2
21339 3
21340 0
21341 1
21342 2
21343 3
21344 0
21345 1
21346 2
21347 3
21348 0
21349 1
21350 2
21351 3
21352 0
21353 1
21354 2
21355 3
21356 0
21357 1
21358 2
21359 4
21360 3
21361 0
21362 1
21363 2
21364 3
21365 0
21366 1
21367 2
21368 3
21369 4
21370 1
21371 2
21372 0
21373 3
21374 1
21375 2
21376 0
21377 3
21378 1
21379 2
21380 0
21381 4
21382 1
21383 2
21384 3
21385 0
21386 1
21387 2
21388 3
21389 0
21390 1
21391 2
21392 3
21393 4
21394 1
21395 2
21396 0
21397 3
21398 1
21399 2
21400 0
21401 3
21402 1
21403 2
21404 0
21405 4
21406 1
21407 2
21408 3
21409 0
21410 1
21411 2
21412 3
21413 0
21414 1
21415 2
21416 3
21417 0
21418 1
21419 2
21420 3
21421 0
21422 1
21423 2
21424 3
21425 0
21426 1
21427 2
21428 3
21429 0
21430 1
21431 2
21432 3
21433 0
21434 1
21435 2
21436 3
21437 0
21438 1
21439 2
21440 3
21441 0
21442 1
21443 2
21444 3
21445 0
21446 1
21447 2
21448 3
21449 0
21450 1
21451 2
21452 3
21453 0
21454 1
21455 2
21456 4
21457 3
21458 0
21459 1
21460 2
21461 3
21462 0
21463 1
21464 2
21465 3
21466 0
21467 1
21468 2
21469 3
21470 0
21471 1
21472 2
21473 3
21474 0
21475 1
21476 2
21477 3
21478 0
21479 1
21480 2
21481 4
21482 3
21483 0
21484 1
21485 2
21486 3
21487 0
21488 1
21489 2
21490 3
21491 4
21492 1
21493 2
21494 0
21495 3
21496 1
21497 2
21498 0
21499 3
21500 1
21501 2
21502 0
21503 4
21504 1
21505 2
21506 3
21507 0
21508 1
21509 2
21510 3
21511 0
21512 1
21513 2
21514 3
21515 0
21516 1
21517 2
21518 3
21519 0
21520 1
21521 2
21522 3
21523 0
21524 1
21525 2
21526 3
21527 0
21528 1
21529 2
21530 3
21531 0
21532 1
21533 2
21534 3
21535 0
21536 1
21537 2
21538 3
21539 0
21540 1
21541 2
21542 3
21543 0
21544 1
21545 2
21546 3
21547 0
21548 1
21549 2
21550 3
21551 0
21552 1
21553 2
21554 4
21555 3
21556 0
21557 1
21558 2
21559 3
21560 0
21561 1
21562 2
21563 3
21564 0
21565 1
21566 2
21567 3
21568 0
21569 1
21570 2
21571 3
21572 0
21573 1
21574 2
21575 3
21576 0
21577 1
21578 2
21579 4
21580 3
21581 0
21582 1
21583 2
21584 3
21585 0
21586 1
21587 2
21588 3
21589 4
21590 1
21591 2
21592 0
21593 3
21594 1
21595 2
21596 0
21597 3
21598 1
21599 2
21600 0
21601 4
21602 1
21603 2
21604 3
21605 0
21606 1
21607 2
21608 3
21609 0
21610 1
21611 2
21612 3
21613 0
21614 1
21615 2
21616 3
21617 0
21618 1
21619 2
21620 3
21621 0
21622 1
21623 2
21624 3
21625 0
21626 1
21627 2
21628 3
21629 0
21630 1
21631 2
21632 3
21633 0
21634 1
21635 2
21636 3
21637 0
21638 1
21639 2
21640 3
21641 0
21642 1
21643 2
21644 3
21645 0
21646 1
21647 2
21648 3
21649 0
21650 1
21651 2
21652 4
21653 3
21654 0
21655 1
21656 2
21657 3
21658 0
21659 1
21660 2
21661 3
21662 0
21663 1
21664 2
21665 3
21666 0
21667 1
21668 2
21669 3
21670 0
21671 1
21672 2
21673 3
21674 0
21675 1
21676 2
21677 3
21678 0
21679 1
21680 2
21681 3
21682 0
21683 1
21684 2
21685 3
21686 0
21687 1
21688 2
21689 3
21690 0
21691 1
21692 2
21693 3
21694 0
21695 1
21696 2
21697 3
21698 0
21699 1
21700 2
21701 4
21702 3
21703 0
21704 1
21705 2
21706 3
21707 0
21708 1
21709 2
21710 3
21711 0
21712 1
21713 2
21714 3
21715 0
21716 1
21717 2
21718 3
21719 0
21720 1
21721 2
21722 3
21723 0
21724 1
21725 2
21726 3
21727 0
21728 1
21729 2
21730 3
21731 0
21732 1
21733 2
21734 3
21735 0
21736 1
21737 2
21738 3
21739 0
21740 1
21741 2
21742 3
21743 0
21744 1
21745 2
21746 3
21747 0
21748 1
21749 2
21750 4
21751 3
21752 0
21753 1
21754 2
21755 3
21756 0
21757 1
21758 2
21759 3
21760 4
21761 1
21762 2
21763 0
21764 3
21765 1
21766 2
21767 0
21768 3
21769 1
21770 2
21771 0
21772 4
21773 1
21774 2
21775 3
21776 0
21777 1
21778 2
21779 3
21780 0
21781 1
21782 2
21783 3
21784 4
21785 1
21786 2
21787 0
21788 3
21789 1
21790 2
21791 0
21792 3
21793 1
21794 2
21795 0
21796 4
21797 1
21798 2
21799 3
21800 0
21801 1
21802 2
21803 3
21804 0
21805 1
21806 2
21807 3
21808 0
21809 1
21810 2
21811 3
21812 0
21813 1
21814 2
21815 3
21816 0
21817 1
21818 2
21819 3
21820 0
21821 1
21822 2
21823 3
21824 0
21825 1
21826 2
21827 3
21828 0
21829 1
21830 2
21831 3
21832 0
21833 1
21834 2
21835 3
21836 0
21837 1
21838 2
21839 3
21840 0
21841 1
21842 2
21843 3
21844 0
21845 1
21846 2
21847 4
21848 3
21849 0
21850 1
21851 2
21852 3
21853 0
21854 1
21855 2
21856 3
21857 0
21858 1
21859 2
21860 3
21861 0
21862 1
21863 2
21864 3
21865 0
21866 1
21867 2
21868 3
21869 0
21870 1
21871 2
21872 3
21873 0
21874 1
21875 2
21876 3
21877 0
21878 1
21879 2
21880 3
21881 0
21882 1
21883 2
21884 3
21885 0
21886 1
21887 2
21888 3
21889 0
21890 1
21891 2
21892 3
21893 0
21894 1
21895 2
21896 4
21897 3
21898 0
21899 1
21900 2
21901 3
21902 0
21903 1
21904 2
21905 3
21906 0
21907 1
21908 2
21909 3
21910 0
21911 1
21912 2
21913 3
21914 0
21915 1
21916 2
21917 3
21918 0
21919 1
21920 2
21921 3
21922 0
21923 1
21924 2
21925 3
21926 0
21927 1
21928 2
21929 3
21930 0
21931 1
21932 2
21933 3
21934 0
21935 1
21936 2
21937 3
21938 0
21939 1
21940 2
21941 3
21942 0
21943 1
21944 2
21945 4
21946 3
21947 0
21948 1
21949 2
21950 3
21951 0
21952 1
21953 2
21954 3
21955 4
21956 1
21957 2
21958 0
21959 3
21960 1
21961 2
21962 0
21963 3
21964 1
21965 2
21966 0
21967 4
21968 1
21969 2
21970 3
21971 0
21972 1
21973 2
21974 3
21975 0
21976 1
21977 2
21978 3
21979 4
21980 1
21981 2
21982 0
21983 3
21984 1
21985 2
21986 0
21987 3
21988 1
21989 2
21990 0
21991 4
21992 1
21993 2
21994 3
21995 0
21996 1
21997 2
21998 3
21999 0
22000 1
22001 2
22002 3
22003 0
22004 1
22005 2
22006 3
22007 0
22008 1
22009 2
22010 3
22011 0
22012 1
22013 2
22014 3
22015 0
22016 1
22017 2
22018 3
22019 0
22020 1
22021 2
22022 3
22023 0
22024 1
22025 2
22026 3
22027 0
22028 1
22029 2
22030 3
22031 0
22032 1
22033 2
22034 3
22035 0
22036 1
22037 2
22038 3
22039 0
22040 1
22041 2
22042 4
22043 3
22044 0
22045 1
22046 2
22047 3
22048 0
22049 1
22050 2
22051 3
22052 0
22053 1
22054 2
22055 3
22056 0
22057 1
22058 2
22059 3
22060 0
22061 1
22062 2
22063 3
22064 0
22065 1
22066 2
22067 3
22068 0
22069 1
22070 2
22071 3
22072 0
22073 1
22074 2
22075 3
22076 0
22077 1
22078 2
22079 3
22080 0
22081 1
22082 2
22083 3
22084 0
22085 1
22086 2
22087 3
22088 0
22089 1
22090 2
22091 4
22092 3
22093 0
22094 1
22095 2
22096 3
22097 0
22098 1
22099 2
22100 3
22101 0
22102 1
22103 2
22104 3
22105 0
22106 1
22107 2
22108 3
22109 0
22110 1
22111 2
22112 3
22113 0
22114 1
22115 2
22116 3
22117 0
22118 1
22119 2
22120 3
22121 0
22122 1
22123 2
22124 3
22125 0
22126 1
22127 2
22128 3
22129 0
22130 1
22131 2
22132 3
22133 0
22134 1
22135 2
22136 3
22137 0
22138 1
22139 2
22140 4
22141 3
22142 0
22143 1
22144 2
22145 3
22146 0
22147 1
22148 2
22149 3
22150 4
22151 1
22152 2
22153 0
22154 3
22155 1
22156 2
22157 0
22158 3
22159 1
22160 2
22161 0
22162 4
22163 1
22164 2
22165 3
22166 0
22167 1
22168 2
22169 3
22170 0
22171 1
22172 2
22173 3
22174 4
22175 1
22176 2
22177 0
22178 3
22179 1
22180 2
22181 0
22182 3
22183 1
22184 2
22185 0
22186 4
22187 1
22188 2
22189 3
22190 0
22191 1
22192 2
22193 3
22194 0
22195 1
22196 2
22197 3
22198 0
22199 1
22200 2
22201 3
22202 0
22203 1
22204 2
22205 3
22206 0
22207 1
22208 2
22209 3
22210 0
22211 1
22212 2
22213 3
22214 0
22215 1
22216 2
22217 3
22218 0
22219 1
22220 2
22221 3
22222 0
22223 1
22224 2
22225 3
22226 0
22227 1
22228 2
22229 3
22230 0
22231 1
22232 2
22233 3
22234 0
22235 1
22236 2
22237 4
22238 3
22239 0
22240 1
22241 2
22242 3
22243 0
22244 1
22245 2
22246 3
22247 0
22248 1
22249 2
22250 3
22251 0
22252 1
22253 2
22254 3
22255 0
22256 1
22257 2
22258 3
22259 0
22260 1
22261 2
22262 4
22263 3
22264 0
22265 1
22266 2
22267 3
22268 0
22269 1
22270 2
22271 3
22272 4
22273 1
22274 2
22275 0
22276 3
22277 1
22278 2
22279 0
22280 3
22281 1
22282 2
22283 0
22284 4
22285 1
22286 2
22287 3
22288 0
22289 1
22290 2
22291 3
22292 0
22293 1
22294 2
22295 3
22296 0
22297 1
22298 2
22299 3
22300 0
22301 1
22302 2
22303 3
22304 0
22305 1
22306 2
22307 3
22308 0
22309 1
22310 2
22311 3
22312 0
22313 1
22314 2
22315 3
22316 0
22317 1
22318 2
22319 3
22320 0
22321 1
22322 2
22323 3
22324 0
22325 1
22326 2
22327 3
22328 0
22329 1
22330 2
22331 3
22332 0
22333 1
22334 2
22335 4
22336 3
22337 0
22338 1
22339 2
22340 3
22341 0
22342 1
22343 2
22344 3
22345 0
22346 1
22347 2
22348 3
22349 0
22350 1
22351 2
22352 3
22353 0
22354 1
22355 2
22356 3
22357 0
22358 1
22359 2
22360 4
22361 3
22362 0
22363 1
22364 2
22365 3
22366 0
22367 1
22368 2
22369 3
22370 4
22371 1
22372 2
22373 0
22374 3
22375 1
22376 2
22377 0
22378 3
22379 1
22380 2
22381 0
22382 4
22383 1
22384 2
22385 3
22386 0
22387 1
22388 2
22389 3
22390 0
22391 1
22392 2
22393 3
22394 0
22395 1
22396 2
22397 3
22398 0
22399 1
22400 2
22401 3
22402 0
22403 1
22404 2
22405 3
22406 0
22407 1
22408 2
22409 3
22410 0
22411 1
22412 2
22413 3
22414 0
22415 1
22416 2
22417 3
22418 0
22419 1
22420 2
22421 3
22422 0
22423 1
22424 2
22425 3
22426 0
22427 1
22428 2
22429 3
22430 0
22431 1
22432 2
22433 4
22434 3
22435 0
22436 1
22437 2
22438 3
22439 0
22440 1
22441 2
22442 3
22443 0
22444 1
22445 2
22446 3
22447 0
22448 1
22449 2
22450 3
22451 0
22452 1
22453 2
22454 3
22455 0
22456 1
22457 2
22458 3
22459 0
22460 1
22461 2
22462 3
22463 0
22464 1
22465 2
22466 3
22467 0
22468 1
22469 2
22470 3
22471 0
22472 1
22473 2
22474 3
22475 0
22476 1
22477 2
22478 3
22479 0
22480 1
22481 2
22482 4
22483 3
22484 0
22485 1
22486 2
22487 3
22488 0
22489 1
22490 2
22491 3
22492 0
22493 1
22494 2
22495 3
22496 0
22497 1
22498 2
22499 3
22500 0
22501 1
22502 2
22503 3
22504 0
22505 1
22506 2
22507 3
22508 0
22509 1
22510 2
22511 3
22512 0
22513 1
22514 2
22515 3
22516 0
22517 1
22518 2
22519 3
22520 0
22521 1
22522 2
22523 3
22524 0
22525 1
22526 2
22527 3
22528 0
22529 1
22530 2
22531 4
22532 3
22533 0
22534 1
22535 2
22536 3
22537 0
22538 1
22539 2
22540 3
22541 4
22542 1
22543 2
22544 0
22545 3
22546 1
22547 2
22548 0
22549 3
22550 1
22551 2
22552 0
22553 4
22554 1
22555 2
22556 3
22557 0
22558 1
22559 2
22560 3
22561 0
22562 1
22563 2
22564 3
22565 4
22566 1
22567 2
22568 0
22569 3
22570 1
22571 2
22572 0
22573 3
22574 1
22575 2
22576 0
22577 4
22578 1
22579 2
22580 3
22581 0
22582 1
22583 2
22584 3
22585 0
22586 1
22587 2
22588 3
22589 0
22590 1
22591 2
22592 3
22593 0
22594 1
22595 2
22596 3
22597 0
22598 1
22599 2
22600 3
22601 0
22602 1
22603 2
22604 3
22605 0
22606 1
22607 2
22608 3
22609 0
22610 1
22611 2
22612 3
22613 0
22614 1
22615 2
22616 3
22617 0
22618 1
22619 2
22620 3
22621 0
22622 1
22623 2
22624 3
22625 0
22626 1
22627 2
22628 4
22629 3
22630 0
22631 1
22632 2
22633 3
22634 0
22635 1
22636 2
22637 3
22638 0
22639 1
22640 2
22641 3
22642 0
22643 1
22644 2
22645 3
22646 0
22647 1
22648 2
22649 3
22650 0
22651 1
22652 2
22653 3
22654 0
22655 1
22656 2
22657 3
22658 0
22659 1
22660 2
22661 3
22662 0
22663 1
22664 2
22665 3
22666 0
22667 1
22668 2
22669 3
22670 0
22671 1
22672 2
22673 3
22674 0
22675 1
22676 2
22677 4
22678 3
22679 0
22680 1
22681 2
22682 3
22683 0
22684 1
22685 2
22686 3
22687 0
22688 1
22689 2
22690 3
22691 0
22692 1
22693 2
22694 3
22695 0
22696 1
22697 2
22698 3
22699 0
22700 1
22701 2
22702 3
22703 0
22704 1
22705 2
22706 3
22707 0
22708 1
22709 2
22710 3
22711 0
22712 1
22713 2
22714 3
22715 0
22716 1
22717 2
22718 3
22719 0
22720 1
22721 2
22722 3
22723 0
22724 1
22725 2
22726 4
22727 3
22728 0
22729 1
22730 2
22731 3
22732 0
22733 1
22734 2
22735 3
22736 4
22737 1
22738 2
22739 0
22740 3
22741 1
22742 2
22743 0
22744 3
22745 1
22746 2
22747 0
22748 4
22749 1
22750 2
22751 3
22752 0
22753 1
22754 2
22755 3
22756 0
22757 1
22758 2
22759 3
22760 4
22761 1
22762 2
22763 0
22764 3
22765 1
22766 2
22767 0
22768 3
22769 1
22770 2
22771 0
22772 4
22773 1
22774 2
22775 3
22776 0
22777 1
22778 2
22779 3
22780 0
22781 1
22782 2
22783 3
22784 0
22785 1
22786 2
22787 3
22788 0
22789 1
22790 2
22791 3
22792 0
22793 1
22794 2
22795 3
22796 0
22797 1
22798 2
22799 3
22800 0
22801 1
22802 2
22803 3
22804 0
22805 1
22806 2
22807 3
22808 0
22809 1
22810 2
22811 3
22812 0
22813 1
22814 2
22815 3
22816 0
22817 1
22818 2
22819 3
22820 0
22821 1
22822 2
22823 4
22824 3
22825 0
22826 1
22827 2
22828 3
22829 0
22830 1
22831 2
22832 3
22833 0
22834 1
22835 2
22836 3
22837 0
22838 1
22839 2
22840 3
22841 0
22842 1
22843 2
22844 3
22845 0
22846 1
22847 2
22848 3
22849 0
22850 1
22851 2
22852 3
22853 0
22854 1
22855 2
22856 3
22857 0
22858 1
22859 2
22860 3
22861 0
22862 1
22863 2
22864 3
22865 0
22866 1
22867 2
22868 3
22869 0
22870 1
22871 2
22872 4
22873 3
22874 0
22875 1
22876 2
22877 3
22878 0
22879 1
22880 2
22881 3
22882 0
22883 1
22884 2
22885 3
22886 0
22887 1
22888 2
22889 3
22890 0
22891 1
22892 2
22893 3
22894 0
22895 1
22896 2
22897 3
22898 0
22899 1
22900 2
22901 3
22902 0
22903 1
22904 2
22905 3
22906 0
22907 1
22908 2
22909 3
22910 0
22911 1
22912 2
22913 3
22914 0
22915 1
22916 2
22917 3
22918 0
22919 1
22920 2
22921 4
22922 3
22923 0
22924 1
22925 2
22926 3
22927 0
22928 1
22929 2
22930 3
22931 4
22932 1
22933 2
22934 0
22935 3
22936 1
22937 2
22938 0
22939 3
22940 1
22941 2
22942 0
22943 4
22944 1
22945 2
22946 3
22947 0
22948 1
22949 2
22950 3
22951 0
22952 1
22953 2
22954 3
22955 4
22956 1
22957 2
22958 0
22959 3
22960 1
22961 2
22962 0
22963 3
22964 1
22965 2
22966 0
22967 4
22968 1
22969 2
22970 3
22971 0
22972 1
22973 2
22974 3
22975 0
22976 1
22977 2
22978 3
22979 0
22980 1
22981 2
22982 3
22983 0
22984 1
22985 2
22986 3
22987 0
22988 1
22989 2
22990 3
22991 0
22992 1
22993 2
22994 3
22995 0
22996 1
22997 2
22998 3
22999 0
23000 1
23001 2
23002 3
23003 0
23004 1
23005 2
23006 3
23007 0
23008 1
23009 2
23010 3
23011 0
23012 1
23013 2
23014 3
23015 0
23016 1
23017 2
23018 4
23019 3
23020 0
23021 1
23022 2
23023 3
23024 0
23025 1
23026 2
23027 3
23028 0
23029 1
23030 2
23031 3
23032 0
23033 1
23034 2
23035 3
23036 0
23037 1
23038 2
23039 3
23040 0
23041 1
23042 2
23043 4
23044 3
23045 0
23046 1
23047 2
23048 3
23049 0
23050 1
23051 2
23052 3
23053 4
23054 1
23055 2
23056 0
23057 3
23058 1
23059 2
23060 0
23061 3
23062 1
23063 2
23064 0
23065 4
23066 1
23067 2
23068 3
23069 0
23070 1
23071 2
23072 3
23073 0
23074 1
23075 2
23076 3
23077 0
23078 1
23079 2
23080 3
23081 0
23082 1
23083 2
23084 3
23085 0
23086 1
23087 2
23088 3
23089 0
23090 1
23091 2
23092 3
23093 0
23094 1
23095 2
23096 3
23097 0
23098 1
23099 2
23100 3
23101 0
23102 1
23103 2
23104 3
23105 0
23106 1
23107 2
23108 3
23109 0
23110 1
23111 2
23112 3
23113 0
23114 1
23115 2
23116 4
23117 3
23118 0
23119 1
23120 2
23121 3
23122 0
23123 1
23124 2
23125 3
23126 0
23127 1
23128 2
23129 3
23130 0
23131 1
23132 2
23133 3
23134 0
23135 1
23136 2
23137 3
23138 0
23139 1
23140 2
23141 4
23142 3
23143 0
23144 1
23145 2
23146 3
23147 0
23148 1
23149 2
23150 3
23151 4
23152 1
23153 2
23154 0
23155 3
23156 1
23157 2
23158 0
23159 3
23160 1
23161 2
23162 0
23163 4
23164 1
23165 2
23166 3
23167 0
23168 1
23169 2
23170 3
23171 0
23172 1
23173 2
23174 3
23175 0
23176 1
23177 2
23178 3
23179 0
23180 1
23181 2
23182 3
23183 0
23184 1
23185 2
23186 3
23187 0
23188 1
23189 2
23190 3
23191 0
23192 1
23193 2
23194 3
23195 0
23196 1
23197 2
23198 3
23199 0
23200 1
23201 2
23202 3
23203 0
23204 1
23205 2
23206 3
23207 0
23208 1
23209 2
23210 3
23211 0
23212 1
23213 2
23214 4
23215 3
23216 0
23217 1
23218 2
23219 3
23220 0
23221 1
23222 2
23223 3
23224 0
23225 1
23226 2
23227 3
23228 0
23229 1
23230 2
23231 3
23232 0
23233 1
23234 2
23235 3
23236 0
23237 1
23238 2
23239 3
23240 0
23241 1
23242 2
23243 3
23244 0
23245 1
23246 2
23247 3
23248 0
23249 1
23250 2
23251 3
23252 0
23253 1
23254 2
23255 3
23256 0
23257 1
23258 2
23259 3
23260 0
23261 1
23262 2
23263 4
23264 3
23265 0
23266 1
23267 2
23268 3
23269 0
23270 1
23271 2
23272 3
23273 0
23274 1
23275 2
23276 3
23277 0
23278 1
23279 2
23280 3
23281 0
23282 1
23283 2
23284 3
23285 0
23286 1
23287 2
23288 3
23289 0
23290 1
23291 2
23292 3
23293 0
23294 1
23295 2
23296 3
23297 0
23298 1
23299 2
23300 3
23301 0
23302 1
23303 2
23304 3
23305 0
23306 1
23307 2
23308 3
23309 0
23310 1
23311 2
23312 4
23313 3
23314 0
23315 1
23316 2
23317 3
23318 0
23319 1
23320 2
23321 3
23322 4
23323 1
23324 2
23325 0
23326 3
23327 1
23328 2
23329 0
23330 3
23331 1
23332 2
23333 0
23334 4
23335 1
23336 2
23337 3
23338 0
23339 1
23340 2
23341 3
23342 0
23343 1
23344 2
23345 3
23346 4
23347 1
23348 2
23349 0
23350 3
23351 1
23352 2
23353 0
23354 3
23355 1
23356 2
23357 0
23358 4
23359 1
23360 2
23361 3
23362 0
23363 1
23364 2
23365 3
23366 0
23367 1
23368 2
23369 3
23370 0
23371 1
23372 2
23373 3
23374 0
23375 1
23376 2
23377 3
23378 0
23379 1
23380 2
23381 3
23382 0
23383 1
23384 2
23385 3
23386 0
23387 1
23388 2
23389 3
23390 0
23391 1
23392 2
23393 3
23394 0
23395 1
23396 2
23397 3
23398 0
23399 1
23400 2
23401 3
23402 0
23403 1
23404 2
23405 3
23406 0
23407 1
23408 2
23409 4
23410 3
23411 0
23412 1
23413 2
23414 3
23415 0
23416 1
23417 2
23418 3
23419 0
23420 1
23421 2
23422 3
23423 0
23424 1
23425 2
23426 3
23427 0
23428 1
23429 2
23430 3
23431 0
23432 1
23433 2
23434 4
23435 3
23436 0
23437 1
23438 2
23439 3
23440 0
23441 1
23442 2
23443 3
23444 4
23445 1
23446 2
23447 0
23448 3
23449 1
23450 2
23451 0
23452 3
23453 1
23454 2
23455 0
23456 4
23457 1
23458 2
23459 3
23460 0
23461 1
23462 2
23463 3
23464 0
23465 1
23466 2
23467 3
23468 0
23469 1
23470 2
23471 3
23472 0
23473 1
23474 2
23475 3
23476 0
23477 1
23478 2
23479 3
23480 0
23481 1
23482 2
23483 3
23484 0
23485 1
23486 2
23487 3
23488 0
23489 1
23490 2
23491 3
23492 0
23493 1
23494 2
23495 3
23496 0
23497 1
23498 2
23499 3
23500 0
23501 1
23502 2
23503 3
23504 0
23505 1
23506 2
23507 4
23508 3
23509 0
23510 1
23511 2
23512 3
23513 0
23514 1
23515 2
23516 3
23517 4
23518 1
23519 2
23520 0
23521 3
23522 1
23523 2
23524 0
23525 3
23526 1
23527 2
23528 0
23529 4
23530 1
23531 2
23532 3
23533 0
23534 1
23535 2
23536 3
23537 0
23538 1
23539 2
23540 3
23541 4
23542 1
23543 2
23544 0
23545 3
23546 1
23547 2
23548 0
23549 3
23550 1
23551 2
23552 0
23553 4
23554 1
23555 2
23556 3
23557 0
23558 1
23559 2
23560 3
23561 0
23562 1
23563 2
23564 3
23565 0
23566 1
23567 2
23568 3
23569 0
23570 1
23571 2
23572 3
23573 0
23574 1
23575 2
23576 3
23577 0
23578 1
23579 2
23580 3
23581 0
23582 1
23583 2
23584 3
23585 0
23586 1
23587 2
23588 3
23589 0
23590 1
23591 2
23592 3
23593 0
23594 1
23595 2
23596 3
23597 0
23598 1
23599 2
23600 3
23601 0
23602 1
23603 2
23604 4
23605 3
23606 0
23607 1
23608 2
23609 3
23610 0
23611 1
23612 2
23613 3
23614 0
23615 1
23616 2
23617 3
23618 0
23619 1
23620 2
23621 3
23622 0
23623 1
23624 2
23625 3
23626 0
23627 1
23628 2
23629 3
23630 0
23631 1
23632 2
23633 3
23634 0
23635 1
23636 2
23637 3
23638 0
23639 1
23640 2
23641 3
23642 0
23643 1
23644 2
23645 3
23646 0
23647 1
23648 2
23649 3
23650 0
23651 1
23652 2
23653 4
23654 3
23655 0
23656 1
23657 2
23658 3
23659 0
23660 1
23661 2
23662 3
23663 0
23664 1
23665 2
23666 3
23667 0
23668 1
23669 2
23670 3
23671 0
23672 1
23673 2
23674 3
23675 0
23676 1
23677 2
23678 3
23679 0
23680 1
23681 2
23682 3
23683 0
23684 1
23685 2
23686 3
23687 0
23688 1
23689 2
23690 3
23691 0
23692 1
23693 2
23694 3
23695 0
23696 1
23697 2
23698 3
23699 0
23700 1
23701 2
23702 4
23703 3
23704 0
23705 1
23706 2
23707 3
23708 0
23709 1
23710 2
23711 3
23712 4
23713 1
23714 2
23715 0
23716 3
23717 1
23718 2
23719 0
23720 3
23721 1
23722 2
23723 0
23724 4
23725 1
23726 2
23727 3
23728 0
23729 1
23730 2
23731 3
23732 0
23733 1
23734 2
23735 3
23736 4
23737 1
23738 2
23739 0
23740 3
23741 1
23742 2
23743 0
23744 3
23745 1
23746 2
23747 0
23748 4
23749 1
23750 2
23751 3
23752 0
23753 1
23754 2
23755 3
23756 0
23757 1
23758 2
23759 3
23760 0
23761 1
23762 2
23763 3
23764 0
23765 1
23766 2
23767 3
23768 0
23769 1
23770 2
23771 3
23772 0
23773 1
23774 2
23775 3
23776 0
23777 1
23778 2
23779 3
23780 0
23781 1
23782 2
23783 3
23784 0
23785 1
23786 2
23787 3
23788 0
23789 1
23790 2
23791 3
23792 0
23793 1
23794 2
23795 3
23796 0
23797 1
23798 2
23799 4
23800 3
23801 0
23802 1
23803 2
23804 3
23805 0
23806 1
23807 2
23808 3
23809 0
23810 1
23811 2
23812 3
23813 0
23814 1
23815 2
23816 3
23817 0
23818 1
23819 2
23820 3
23821 0
23822 1
23823 2
23824 4
23825 3
23826 0
23827 1
23828 2
23829 3
23830 0
23831 1
23832 2
23833 3
23834 4
23835 1
23836 2
23837 0
23838 3
23839 1
23840 2
23841 0
23842 3
23843 1
23844 2
23845 0
23846 4
23847 1
23848 2
23849 3
23850 0
23851 1
23852 2
23853 3
23854 0
23855 1
23856 2
23857 3
23858 0
23859 1
23860 2
23861 3
23862 0
23863 1
23864 2
23865 3
23866 0
23867 1
23868 2
23869 3
23870 0
23871 1
23872 2
23873 3
23874 0
23875 1
23876 2
23877 3
23878 0
23879 1
23880 2
23881 3
23882 0
23883 1
23884 2
23885 3
23886 0
23887 1
23888 2
23889 3
23890 0
23891 1
23892 2
23893 3
23894 0
23895 1
23896 2
23897 4
23898 3
23899 0
23900 1
23901 2
23902 3
23903 0
23904 1
23905 2
23906 3
23907 0
23908 1
23909 2
23910 3
23911 0
23912 1
23913 2
23914 3
23915 0
23916 1
23917 2
23918 3
23919 0
23920 1
23921 2
23922 4
23923 3
23924 0
23925 1
23926 2
23927 3
23928 0
23929 1
23930 2
23931 3
23932 4
23933 1
23934 2
23935 0
23936 3
23937 1
23938 2
23939 0
23940 3
23941 1
23942 2
23943 0
23944 4
23945 1
23946 2
23947 3
23948 0
23949 1
23950 2
23951 3
23952 0
23953 1
23954 2
23955 3
23956 0
23957 1
23958 2
23959 3
23960 0
23961 1
23962 2
23963 3
23964 0
23965 1
23966 2
23967 3
23968 0
23969 1
23970 2
23971 3
23972 0
23973 1
23974 2
23975 3
23976 0
23977 1
23978 2
23979 3
23980 0
23981 1
23982 2
23983 3
23984 0
23985 1
23986 2
23987 3
23988 0
23989 1
23990 2
23991 3
23992 0
23993 1
23994 2
23995 4
23996 3
23997 0
23998 1
23999 2
24000 3
24001 0
24002 1
24003 2
24004 3
24005 0
24006 1
24007 2
24008 3
24009 0
24010 1
24011 2
24012 3
24013 0
24014 1
24015 2
24016 3
24017 0
24018 1
24019 2
24020 3
24021 0
24022 1
24023 2
24024 3
24025 0
24026 1
24027 2
24028 3
24029 0
24030 1
24031 2
24032 3
24033 0
24034 1
24035 2
24036 3
24037 0
24038 1
24039 2
24040 3
24041 0
24042 1
24043 2
24044 4
24045 3
24046 0
24047 1
24048 2
24049 3
24050 0
24051 1
24052 2
24053 3
24054 0
24055 1
24056 2
24057 3
24058 0
24059 1
24060 2
24061 3
24062 0
24063 1
24064 2
24065 3
24066 0
24067 1
24068 2
24069 3
24070 0
24071 1
24072 2
24073 3
24074 0
24075 1
24076 2
24077 3
24078 0
24079 1
24080 2
24081 3
24082 0
24083 1
24084 2
24085 3
24086 0
24087 1
24088 2
24089 3
24090 0
24091 1
24092 2
24093 4
24094 3
24095 0
24096 1
24097 2
24098 3
24099 0
24100 1
24101 2
24102 3
24103 4
24104 1
24105 2
24106 0
24107 3
24108 1
24109 2
24110 0
24111 3
24112 1
24113 2
24114 0
24115 4
24116 1
24117 2
24118 3
24119 0
24120 1
24121 2
24122 3
24123 0
24124 1
24125 2
24126 3
24127 4
24128 1
24129 2
24130 0
24131 3
24132 1
24133 2
24134 0
24135 3
24136 1
24137 2
24138 0
24139 4
24140 1
24141 2
24142 3
24143 0
24144 1
24145 2
24146 3
24147 0
24148 1
24149 2
24150 3
24151 0
24152 1
24153 2
24154 3
24155 0
24156 1
24157 2
24158 3
24159 0
24160 1
24161 2
24162 3
24163 0
24164 1
24165 2
24166 3
24167 0
24168 1
24169 2
24170 3
24171 0
24172 1
24173 2
24174 3
24175 0
24176 1
24177 2
24178 3
24179 0
24180 1
24181 2
24182 3
24183 0
24184 1
24185 2
24186 3
24187 0
24188 1
24189 2
24190 4
24191 3
24192 0
24193 1
24194 2
24195 3
24196 0
24197 1
24198 2
24199 3
24200 0
24201 1
24202 2
24203 3
24204 0
24205 1
24206 2
24207 3
24208 0
24209 1
24210 2
24211 3
24212 0
24213 1
24214 2
24215 3
24216 0
24217 1
24218 2
24219 3
24220 0
24221 1
24222 2
24223 3
24224 0
24225 1
24226 2
24227 3
24228 0
24229 1
24230 2
24231 3
24232 0
24233 1
24234 2
24235 3
24236 0
24237 1
24238 2
24239 4
24240 3
24241 0
24242 1
24243 2
24244 3
24245 0
24246 1
24247 2
24248 3
24249 0
24250 1
24251 2
24252 3
24253 0
24254 1
24255 2
24256 3
24257 0
24258 1
24259 2
24260 3
24261 0
24262 1
24263 2
24264 3
24265 0
24266 1
24267 2
24268 3
24269 0
24270 1
24271 2
24272 3
24273 0
24274 1
24275 2
24276 3
24277 0
24278 1
24279 2
24280 3
24281 0
24282 1
24283 2
24284 3
24285 0
24286 1
24287 2
24288 4
24289 3
24290 0
24291 1
24292 2
24293 3
24294 0
24295 1
24296 2
24297 3
24298 4
24299 1
24300 2
24301 0
24302 3
24303 1
24304 2
24305 0
24306 3
24307 1
24308 2
24309 0
24310 4
24311 1
24312 2
24313 3
24314 0
24315 1
24316 2
24317 3
24318 0
24319 1
24320 2
24321 3
24322 4
24323 1
24324 2
24325 0
24326 3
24327 1
24328 2
24329 0
24330 3
24331 1
24332 2
24333 0
24334 4
24335 1
24336 2
24337 3
24338 0
24339 1
24340 2
24341 3
24342 0
24343 1
24344 2
24345 3
24346 0
24347 1
24348 2
24349 3
24350 0
24351 1
24352 2
24353 3
24354 0
24355 1
24356 2
24357 3
24358 0
24359 1
24360 2
24361 3
24362 0
24363 1
24364 2
24365 3
24366 0
24367 1
24368 2
24369 3
24370 0
24371 1
24372 2
24373 3
24374 0
24375 1
24376 2
24377 3
24378 0
24379 1
24380 2
24381 3
24382 0
24383 1
24384 2
24385 4
24386 3
24387 0
24388 1
24389 2
24390 3
24391 0
24392 1
24393 2
24394 3
24395 0
24396 1
24397 2
24398 3
24399 0
24400 1
24401 2
24402 3
24403 0
24404 1
24405 2
24406 3
24407 0
24408 1
24409 2
24410 3
24411 0
24412 1
24413 2
24414 3
24415 0
24416 1
24417 2
24418 3
24419 0
24420 1
24421 2
24422 3
24423 0
24424 1
24425 2
24426 3
24427 0
24428 1
24429 2
24430 3
24431 0
24432 1
24433 2
24434 4
24435 3
24436 0
24437 1
24438 2
24439 3
24440 0
24441 1
24442 2
24443 3
24444 0
24445 1
24446 2
24447 3
24448 0
24449 1
24450 2
24451 3
24452 0
24453 1
24454 2
24455 3
24456 0
24457 1
24458 2
24459 3
24460 0
24461 1
24462 2
24463 3
24464 0
24465 1
24466 2
24467 3
24468 0
24469 1
24470 2
24471 3
24472 0
24473 1
24474 2
24475 3
24476 0
24477 1
24478 2
24479 3
24480 0
24481 1
24482 2
24483 4
24484 3
24485 0
24486 1
24487 2
24488 3
24489 0
24490 1
24491 2
24492 3
24493 4
24494 1
24495 2
24496 0
24497 3
24498 1
24499 2
24500 0
24501 3
24502 1
24503 2
24504 0
24505 4
24506 1
24507 2
24508 3
24509 0
24510 1
24511 2
24512 3
24513 0
24514 1
24515 2
24516 3
24517 4
24518 1
24519 2
24520 0
24521 3
24522 1
24523 2
24524 0
24525 3
24526 1
24527 2
24528 0
24529 4
24530 1
24531 2
24532 3
24533 0
24534 1
24535 2
24536 3
24537 0
24538 1
24539 2
24540 3
24541 0
24542 1
24543 2
24544 3
24545 0
24546 1
24547 2
24548 3
24549 0
24550 1
24551 2
24552 3
24553 0
24554 1
24555 2
24556 3
24557 0
24558 1
24559 2
24560 3
24561 0
24562 1
24563 2
24564 3
24565 0
24566 1
24567 2
24568 3
24569 0
24570 1
24571 2
24572 3
24573 0
24574 1
24575 2
24576 3
24577 0
24578 1
24579 2
24580 4
24581 3
24582 0
24583 1
24584 2
24585 3
24586 0
24587 1
24588 2
24589 3
24590 0
24591 1
24592 2
24593 3
24594 0
24595 1
24596 2
24597 3
24598 0
24599 1
24600 2
24601 3
24602 0
24603 1
24604 2
24605 4
24606 3
24607 0
24608 1
24609 2
24610 3
24611 0
24612 1
24613 2
24614 3
24615 4
24616 1
24617 2
24618 0
24619 3
24620 1
24621 2
24622 0
24623 3
24624 1
24625 2
24626 0
24627 4
24628 1
24629 2
24630 3
24631 0
24632 1
24633 2
24634 3
24635 0
24636 1
24637 2
24638 3
24639 0
24640 1
24641 2
24642 3
24643 0
24644 1
24645 2
24646 3
24647 0
24648 1
24649 2
24650 3
24651 0
24652 1
24653 2
24654 3
24655 0
24656 1
24657 2
24658 3
24659 0
24660 1
24661 2
24662 3
24663 0
24664 1
24665 2
24666 3
24667 0
24668 1
24669 2
24670 3
24671 0
24672 1
24673 2
24674 3
24675 0
24676 1
24677 2
24678 4
24679 3
24680 0
24681 1
24682 2
24683 3
24684 0
24685 1
24686 2
24687 3
24688 0
24689 1
24690 2
24691 3
24692 0
24693 1
24694 2
24695 3
24696 0
24697 1
24698 2
24699 3
24700 0
24701 1
24702 2
24703 4
24704 3
24705 0
24706 1
24707 2
24708 3
24709 0
24710 1
24711 2
24712 3
24713 4
24714 1
24715 2
24716 0
24717 3
24718 1
24719 2
24720 0
24721 3
24722 1
24723 2
24724 0
24725 4
24726 1
24727 2
24728 3
24729 0
24730 1
24731 2
24732 3
24733 0
24734 1
24735 2
24736 3
24737 0
24738 1
24739 2
24740 3
24741 0
24742 1
24743 2
24744 3
24745 0
24746 1
24747 2
24748 3
24749 0
24750 1
24751 2
24752 3
24753 0
24754 1
24755 2
24756 3
24757 0
24758 1
24759 2
24760 3
24761 0
24762 1
24763 2
24764 3
24765 0
24766 1
24767 2
24768 3
24769 0
24770 1
24771 2
24772 3
24773 0
24774 1
24775 2
24776 4
24777 3
24778 0
24779 1
24780 2
24781 3
24782 0
24783 1
24784 2
24785 3
24786 0
24787 1
24788 2
24789 3
24790 0
24791 1
24792 2
24793 3
24794 0
24795 1
24796 2
24797 3
24798 0
24799 1
24800 2
24801 3
24802 0
24803 1
24804 2
24805 3
24806 0
24807 1
24808 2
24809 3
24810 0
24811 1
24812 2
24813 3
24814 0
24815 1
24816 2
24817 3
24818 0
24819 1
24820 2
24821 3
24822 0
24823 1
24824 2
24825 4
24826 3
24827 0
24828 1
24829 2
24830 3
24831 0
24832 1
24833 2
24834 3
24835 0
24836 1
24837 2
24838 3
24839 0
24840 1
24841 2
24842 3
24843 0
24844 1
24845 2
24846 3
24847 0
24848 1
24849 2
24850 3
24851 0
24852 1
24853 2
24854 3
24855 0
24856 1
24857 2
24858 3
24859 0
24860 1
24861 2
24862 3
24863 0
24864 1
24865 2
24866 3
24867 0
24868 1
24869 2
24870 3
24871 0
24872 1
24873 2
24874 4
24875 3
24876 0
24877 1
24878 2
24879 3
24880 0
24881 1
24882 2
24883 3
24884 4
24885 1
24886 2
24887 0
24888 3
24889 1
24890 2
24891 0
24892 3
24893 1
24894 2
24895 0
24896 4
24897 1
24898 2
24899 3
24900 0
24901 1
24902 2
24903 3
24904 0
24905 1
24906 2
24907 3
24908 4
24909 1
24910 2
24911 0
24912 3
24913 1
24914 2
24915 0
24916 3
24917 1
24918 2
24919 0
24920 4
24921 1
24922 2
24923 3
24924 0
24925 1
24926 2
24927 3
24928 0
24929 1
24930 2
24931 3
24932 0
24933 1
24934 2
24935 3
24936 0
24937 1
24938 2
24939 3
24940 0
24941 1
24942 2
24943 3
24944 0
24945 1
24946 2
24947 3
24948 0
24949 1
24950 2
24951 3
24952 0
24953 1
24954 2
24955 3
24956 0
24957 1
24958 2
24959 3
24960 0
24961 1
24962 2
24963 3
24964 0
24965 1
24966 2
24967 3
24968 0
24969 1
24970 2
24971 4
24972 3
24973 0
24974 1
24975 2
24976 3
24977 0
24978 1
24979 2
24980 3
24981 0
24982 1
24983 2
24984 3
24985 0
24986 1
24987 2
24988 3
24989 0
24990 1
24991 2
24992 3
24993 0
24994 1
24995 2
24996 4
24997 3
24998 0
24999 1
25000 2
25001 3
25002 0
25003 1
25004 2
25005 3
25006 4
25007 1
25008 2
25009 0
25010 3
25011 1
25012 2
25013 0
25014 3
25015 1
25016 2
25017 0
25018 4
25019 1
25020 2
25021 3
25022 0
25023 1
25024 2
25025 3
25026 0
25027 1
25028 2
25029 3
25030 0
25031 1
25032 2
25033 3
25034 0
25035 1
25036 2
25037 3
25038 0
25039 1
25040 2
25041 3
25042 0
25043 1
25044 2
25045 3
25046 0
25047 1
25048 2
25049 3
25050 0
25051 1
25052 2
25053 3
25054 0
25055 1
25056 2
25057 3
25058 0
25059 1
25060 2
25061 3
25062 0
25063 1
25064 2
25065 3
25066 0
25067 1
25068 2
25069 4
25070 3
25071 0
25072 1
25073 2
25074 3
25075 0
25076 1
25077 2
25078 3
25079 4
25080 1
25081 2
25082 0
25083 3
25084 1
25085 2
25086 0
25087 3
25088 1
25089 2
25090 0
25091 4
25092 1
25093 2
25094 3
25095 0
25096 1
25097 2
25098 3
25099 0
25100 1
25101 2
25102 3
25103 4
25104 1
25105 2
25106 0
25107 3
25108 1
25109 2
25110 0
25111 3
25112 1
25113 2
25114 0
25115 4
25116 1
25117 2
25118 3
25119 0
25120 1
25121 2
25122 3
25123 0
25124 1
25125 2
25126 3
25127 0
25128 1
25129 2
25130 3
25131 0
25132 1
25133 2
25134 3
25135 0
25136 1
25137 2
25138 3
25139 0
25140 1
25141 2
25142 3
25143 0
25144 1
25145 2
25146 3
25147 0
25148 1
25149 2
25150 3
25151 0
25152 1
25153 2
25154 3
25155 0
25156 1
25157 2
25158 3
25159 0
25160 1
25161 2
25162 3
25163 0
25164 1
25165 2
25166 4
25167 3
25168 0
25169 1
25170 2
25171 3
25172 0
25173 1
25174 2
25175 3
25176 0
25177 1
25178 2
25179 3
25180 0
25181 1
25182 2
25183 3
25184 0
25185 1
25186 2
25187 3
25188 0
25189 1
25190 2
25191 3
25192 0
25193 1
25194 2
25195 3
25196 0
25197 1
25198 2
25199 3
25200 0
25201 1
25202 2
25203 3
25204 0
25205 1
25206 2
25207 3
25208 0
25209 1
25210 2
25211 3
25212 0
25213 1
25214 2
25215 4
25216 3
25217 0
25218 1
25219 2
25220 3
25221 0
25222 1
25223 2
25224 3
25225 0
25226 1
25227 2
25228 3
25229 0
25230 1
25231 2
25232 3
25233 0
25234 1
25235 2
25236 3
25237 0
25238 1
25239 2
25240 3
25241 0
25242 1
25243 2
25244 3
25245 0
25246 1
25247 2
25248 3
25249 0
25250 1
25251 2
25252 3
25253 0
25254 1
25255 2
25256 3
25257 0
25258 1
25259 2
25260 3
25261 0
25262 1
25263 2
25264 4
25265 3
25266 0
25267 1
25268 2
25269 3
25270 0
25271 1
25272 2
25273 3
25274 4
25275 1
25276 2
25277 0
25278 3
25279 1
25280 2
25281 0
25282 3
25283 1
25284 2
25285 0
25286 4
25287 1
25288 2
25289 3
25290 0
25291 1
25292 2
25293 3
25294 0
25295 1
25296 2
25297 3
25298 4
25299 1
25300 2
25301 0
25302 3
25303 1
25304 2
25305 0
25306 3
25307 1
25308 2
25309 0
25310 4
25311 1
25312 2
25313 3
25314 0
25315 1
25316 2
25317 3
25318 0
25319 1
25320 2
25321 3
25322 0
25323 1
25324 2
25325 3
25326 0
25327 1
25328 2
25329 3
25330 0
25331 1
25332 2
25333 3
25334 0
25335 1
25336 2
25337 3
25338 0
25339 1
25340 2
25341 3
25342 0
25343 1
25344 2
25345 3
25346 0
25347 1
25348 2
25349 3
25350 0
25351 1
25352 2
25353 3
25354 0
25355 1
25356 2
25357 3
25358 0
25359 1
25360 2
25361 4
25362 3
25363 0
25364 1
25365 2
25366 3
25367 0
25368 1
25369 2
25370 3
25371 0
25372 1
25373 2
25374 3
25375 0
25376 1
25377 2
25378 3
25379 0
25380 1
25381 2
25382 3
25383 0
25384 1
25385 2
25386 4
25387 3
25388 0
25389 1
25390 2
25391 3
25392 0
25393 1
25394 2
25395 3
25396 4
25397 1
25398 2
25399 0
25400 3
25401 1
25402 2
25403 0
25404 3
25405 1
25406 2
25407 0
25408 4
25409 1
25410 2
25411 3
25412 0
25413 1
25414 2
25415 3
25416 0
25417 1
25418 2
25419 3
25420 0
25421 1
25422 2
25423 3
25424 0
25425 1
25426 2
25427 3
25428 0
25429 1
25430 2
25431 3
25432 0
25433 1
25434 2
25435 3
25436 0
25437 1
25438 2
25439 3
25440 0
25441 1
25442 2
25443 3
25444 0
25445 1
25446 2
25447 3
25448 0
25449 1
25450 2
25451 3
25452 0
25453 1
25454 2
25455 3
25456 0
25457 1
25458 2
25459 4
25460 3
25461 0
25462 1
25463 2
25464 3
25465 0
25466 1
25467 2
25468 3
25469 0
25470 1
25471 2
25472 3
25473 0
25474 1
25475 2
25476 3
25477 0
25478 1
25479 2
25480 3
25481 0
25482 1
25483 2
25484 4
25485 3
25486 0
25487 1
25488 2
25489 3
25490 0
25491 1
25492 2
25493 3
25494 4
25495 1
25496 2
25497 0
25498 3
25499 1
25500 2
25501 0
25502 3
25503 1
25504 2
25505 0
25506 4
25507 1
25508 2
25509 3
25510 0
25511 1
25512 2
25513 3
25514 0
25515 1
25516 2
25517 3
25518 0
25519 1
25520 2
25521 3
25522 0
25523 1
25524 2
25525 3
25526 0
25527 1
25528 2
25529 3
25530 0
25531 1
25532 2
25533 3
25534 0
25535 1
25536 2
25537 3
25538 0
25539 1
25540 2
25541 3
25542 0
25543 1
25544 2
25545 3
25546 0
25547 1
25548 2
25549 3
25550 0
25551 1
25552 2
25553 3
25554 0
25555 1
25556 2
25557 4
25558 3
25559 0
25560 1
25561 2
25562 3
25563 0
25564 1
25565 2
25566 3
25567 0
25568 1
25569 2
25570 3
25571 0
25572 1
25573 2
25574 3
25575 0
25576 1
25577 2
25578 3
25579 0
25580 1
25581 2
25582 3
25583 0
25584 1
25585 2
25586 3
25587 0
25588 1
25589 2
25590 3
25591 0
25592 1
25593 2
25594 3
25595 0
25596 1
25597 2
25598 3
25599 0
25600 1
25601 2
25602 3
25603 0
25604 1
25605 2
25606 4
25607 3
25608 0
25609 1
25610 2
25611 3
25612 0
25613 1
25614 2
25615 3
25616 0
25617 1
25618 2
25619 3
25620 0
25621 1
25622 2
25623 3
25624 0
25625 1
25626 2
25627 3
25628 0
25629 1
25630 2
25631 3
25632 0
25633 1
25634 2
25635 3
25636 0
25637 1
25638 2
25639 3
25640 0
25641 1
25642 2
25643 3
25644 0
25645 1
25646 2
25647 3
25648 0
25649 1
25650 2
25651 3
25652 0
25653 1
25654 2
25655 4
25656 3
25657 0
25658 1
25659 2
25660 3
25661 0
25662 1
25663 2
25664 3
25665 4
25666 1
25667 2
25668 0
25669 3
25670 1
25671 2
25672 0
25673 3
25674 1
25675 2
25676 0
25677 4
25678 1
25679 2
25680 3
25681 0
25682 1
25683 2
25684 3
25685 0
25686 1
25687 2
25688 3
25689 4
25690 1
25691 2
25692 0
25693 3
25694 1
25695 2
25696 0
25697 3
25698 1
25699 2
25700 0
25701 4
25702 1
25703 2
25704 3
25705 0
25706 1
25707 2
25708 3
25709 0
25710 1
25711 2
25712 3
25713 0
25714 1
25715 2
25716 3
25717 0
25718 1
25719 2
25720 3
25721 0
25722 1
25723 2
25724 3
25725 0
25726 1
25727 2
25728 3
25729 0
25730 1
25731 2
25732 3
25733 0
25734 1
25735 2
25736 3
25737 0
25738 1
25739 2
25740 3
25741 0
25742 1
25743 2
25744 3
25745 0
25746 1
25747 2
25748 3
25749 0
25750 1
25751 2
25752 4
25753 3
25754 0
25755 1
25756 2
25757 3
25758 0
25759 1
25760 2
25761 3
25762 0
25763 1
25764 2
25765 3
25766 0
25767 1
25768 2
25769 3
25770 0
25771 1
25772 2
25773 3
25774 0
25775 1
25776 2
25777 3
25778 0
25779 1
25780 2
25781 3
25782 0
25783 1
25784 2
25785 3
25786 0
25787 1
25788 2
25789 3
25790 0
25791 1
25792 2
25793 3
25794 0
25795 1
25796 2
25797 3
25798 0
25799 1
25800 2
25801 4
25802 3
25803 0
25804 1
25805 2
25806 3
25807 0
25808 1
25809 2
25810 3
25811 0
25812 1
25813 2
25814 3
25815 0
25816 1
25817 2
25818 3
25819 0
25820 1
25821 2
25822 3
25823 0
25824 1
25825 2
25826 3
25827 0
25828 1
25829 2
25830 3
25831 0
25832 1
25833 2
25834 3
25835 0
25836 1
25837 2
25838 3
25839 0
25840 1
25841 2
25842 3
25843 0
25844 1
25845 2
25846 3
25847 0
25848 1
25849 2
25850 4
25851 3
25852 0
25853 1
25854 2
25855 3
25856 0
25857 1
25858 2
25859 3
25860 4
25861 1
25862 2
25863 0
25864 3
25865 1
25866 2
25867 0
25868 3
25869 1
25870 2
25871 0
25872 4
25873 1
25874 2
25875 3
25876 0
25877 1
25878 2
25879 3
25880 0
25881 1
25882 2
25883 3
25884 4
25885 1
25886 2
25887 0
25888 3
25889 1
25890 2
25891 0
25892 3
25893 1
25894 2
25895 0
25896 4
25897 1
25898 2
25899 3
25900 0
25901 1
25902 2
25903 3
25904 0
25905 1
25906 2
25907 3
25908 0
25909 1
25910 2
25911 3
25912 0
25913 1
25914 2
25915 3
25916 0
25917 1
25918 2
25919 3
25920 0
25921 1
25922 2
25923 3
25924 0
25925 1
25926 2
25927 3
25928 0
25929 1
25930 2
25931 3
25932 0
25933 1
25934 2
25935 3
25936 0
25937 1
25938 2
25939 3
25940 0
25941 1
25942 2
25943 3
25944 0
25945 1
25946 2
25947 4
25948 3
25949 0
25950 1
25951 2
25952 3
25953 0
25954 1
25955 2
25956 3
25957 0
25958 1
25959 2
25960 3
25961 0
25962 1
25963 2
25964 3
25965 0
25966 1
25967 2
25968 3
25969 0
25970 1
25971 2
25972 3
25973 0
25974 1
25975 2
25976 3
25977 0
25978 1
25979 2
25980 3
25981 0
25982 1
25983 2
25984 3
25985 0
25986 1
25987 2
25988 3
25989 0
25990 1
25991 2
25992 3
25993 0
25994 1
25995 2
25996 4
25997 3
25998 0
25999 1
26000 2
26001 3
26002 0
26003 1
26004 2
26005 3
26006 0
26007 1
26008 2
26009 3
26010 0
26011 1
26012 2
26013 3
26014 0
26015 1
26016 2
26017 3
26018 0
26019 1
26020 2
26021 3
26022 0
26023 1
26024 2
26025 3
26026 0
26027 1
26028 2
26029 3
26030 0
26031 1
26032 2
26033 3
26034 0
26035 1
26036 2
26037 3
26038 0
26039 1
26040 2
26041 3
26042 0
26043 1
26044 2
26045 4
26046 3
26047 0
26048 1
26049 2
26050 3
26051 0
26052 1
26053 2
26054 3
26055 4
26056 1
26057 2
26058 0
26059 3
26060 1
26061 2
26062 0
26063 3
26064 1
26065 2
26066 0
26067 4
26068 1
26069 2
26070 3
26071 0
26072 1
26073 2
26074 3
26075 0
26076 1
26077 2
26078 3
26079 4
26080 1
26081 2
26082 0
26083 3
26084 1
26085 2
26086 0
26087 3
26088 1
26089 2
26090 0
26091 4
26092 1
26093 2
26094 3
26095 0
26096 1
26097 2
26098 3
26099 0
26100 1
26101 2
26102 3
26103 0
26104 1
26105 2
26106 3
26107 0
26108 1
26109 2
26110 3
26111 0
26112 1
26113 2
26114 3
26115 0
26116 1
26117 2
26118 3
26119 0
26120 1
26121 2
26122 3
26123 0
26124 1
26125 2
26126 3
26127 0
26128 1
26129 2
26130 3
26131 0
26132 1
26133 2
26134 3
26135 0
26136 1
26137 2
26138 3
26139 0
26140 1
26141 2
26142 4
26143 3
26144 0
26145 1
26146 2
26147 3
26148 0
26149 1
26150 2
26151 3
26152 0
26153 1
26154 2
26155 3
26156 0
26157 1
26158 2
26159 3
26160 0
26161 1
26162 2
26163 3
26164 0
26165 1
26166 2
26167 4
26168 3
26169 0
26170 1
26171 2
26172 3
26173 0
26174 1
26175 2
26176 3
26177 4
26178 1
26179 2
26180 0
26181 3
26182 1
26183 2
26184 0
26185 3
26186 1
26187 2
26188 0
26189 4
26190 1
26191 2
26192 3
26193 0
26194 1
26195 2
26196 3
26197 0
26198 1
26199 2
26200 3
26201 0
26202 1
26203 2
26204 3
26205 0
26206 1
26207 2
26208 3
26209 0
26210 1
26211 2
26212 3
26213 0
26214 1
26215 2
26216 3
26217 0
26218 1
26219 2
26220 3
26221 0
26222 1
26223 2
26224 3
26225 0
26226 1
26227 2
26228 3
26229 0
26230 1
26231 2
26232 3
26233 0
26234 1
26235 2
26236 3
26237 0
26238 1
26239 2
26240 4
26241 3
26242 0
26243 1
26244 2
26245 3
26246 0
26247 1
26248 2
26249 3
26250 0
26251 1
26252 2
26253 3
26254 0
26255 1
26256 2
26257 3
26258 0
26259 1
26260 2
26261 3
26262 0
26263 1
26264 2
26265 4
26266 3
26267 0
26268 1
26269 2
26270 3
26271 0
26272 1
26273 2
26274 3
26275 4
26276 1
26277 2
26278 0
26279 3
26280 1
26281 2
26282 0
26283 3
26284 1
26285 2
26286 0
26287 4
26288 1
26289 2
26290 3
26291 0
26292 1
26293 2
26294 3
26295 0
26296 1
26297 2
26298 3
26299 0
26300 1
26301 2
26302 3
26303 0
26304 1
26305 2
26306 3
26307 0
26308 1
26309 2
26310 3
26311 0
26312 1
26313 2
26314 3
26315 0
26316 1
26317 2
26318 3
26319 0
26320 1
26321 2
26322 3
26323 0
26324 1
26325 2
26326 3
26327 0
26328 1
26329 2
26330 3
26331 0
26332 1
26333 2
26334 3
26335 0
26336 1
26337 2
26338 4
26339 3
26340 0
26341 1
26342 2
26343 3
26344 0
26345 1
26346 2
26347 3
26348 0
26349 1
26350 2
26351 3
26352 0
26353 1
26354 2
26355 3
26356 0
26357 1
26358 2
26359 3
26360 0
26361 1
26362 2
26363 3
26364 0
26365 1
26366 2
26367 3
26368 0
26369 1
26370 2
26371 3
26372 0
26373 1
26374 2
26375 3
26376 0
26377 1
26378 2
26379 3
26380 0
26381 1
26382 2
26383 3
26384 0
26385 1
26386 2
26387 4
26388 3
26389 0
26390 1
26391 2
26392 3
26393 0
26394 1
26395 2
26396 3
26397 0
26398 1
26399 2
26400 3
26401 0
26402 1
26403 2
26404 3
26405 0
26406 1
26407 2
26408 3
26409 0
26410 1
26411 2
26412 3
26413 0
26414 1
26415 2
26416 3
26417 0
26418 1
26419 2
26420 3
26421 0
26422 1
26423 2
26424 3
26425 0
26426 1
26427 2
26428 3
26429 0
26430 1
26431 2
26432 3
26433 0
26434 1
26435 2
26436 4
26437 3
26438 0
26439 1
26440 2
26441 3
26442 0
26443 1
26444 2
26445 3
26446 4
26447 1
26448 2
26449 0
26450 3
26451 1
26452 2
26453 0
26454 3
26455 1
26456 2
26457 0
26458 4
26459 1
26460 2
26461 3
26462 0
26463 1
26464 2
26465 3
26466 0
26467 1
26468 2
26469 3
26470 4
26471 1
26472 2
26473 0
26474 3
26475 1
26476 2
26477 0
26478 3
26479 1
26480 2
26481 0
26482 4
26483 1
26484 2
26485 3
26486 0
26487 1
26488 2
26489 3
26490 0
26491 1
26492 2
26493 3
26494 0
26495 1
26496 2
26497 3
26498 0
26499 1
26500 2
26501 3
26502 0
26503 1
26504 2
26505 3
26506 0
26507 1
26508 2
26509 3
26510 0
26511 1
26512 2
26513 3
26514 0
26515 1
26516 2
26517 3
26518 0
26519 1
26520 2
26521 3
26522 0
26523 1
26524 2
26525 3
26526 0
26527 1
26528 2
26529 3
26530 0
26531 1
26532 2
26533 4
26534 3
26535 0
26536 1
26537 2
26538 3
26539 0
26540 1
26541 2
26542 3
26543 0
26544 1
26545 2
26546 3
26547 0
26548 1
26549 2
26550 3
26551 0
26552 1
26553 2
26554 3
26555 0
26556 1
26557 2
26558 4
26559 3
26560 0
26561 1
26562 2
26563 3
26564 0
26565 1
26566 2
26567 3
26568 4
26569 1
26570 2
26571 0
26572 3
26573 1
26574 2
26575 0
26576 3
26577 1
26578 2
26579 0
26580 4
26581 1
26582 2
26583 3
26584 0
26585 1
26586 2
26587 3
26588 0
26589 1
26590 2
26591 3
26592 0
26593 1
26594 2
26595 3
26596 0
26597 1
26598 2
26599 3
26600 0
26601 1
26602 2
26603 3
26604 0
26605 1
26606 2
26607 3
26608 0
26609 1
26610 2
26611 3
26612 0
26613 1
26614 2
26615 3
26616 0
26617 1
26618 2
26619 3
26620 0
26621 1
26622 2
26623 3
26624 0
26625 1
26626 2
26627 3
26628 0
26629 1
26630 2
26631 4
26632 3
26633 0
26634 1
26635 2
26636 3
26637 0
26638 1
26639 2
26640 3
26641 0
26642 1
26643 2
26644 3
26645 0
26646 1
26647 2
26648 3
26649 0
26650 1
26651 2
26652 3
26653 0
26654 1
26655 2
26656 4
26657 3
26658 0
26659 1
26660 2
26661 3
26662 0
26663 1
26664 2
26665 3
26666 4
26667 1
26668 2
26669 0
26670 3
26671 1
26672 2
26673 0
26674 3
26675 1
26676 2
26677 0
26678 4
26679 1
26680 2
26681 3
26682 0
26683 1
26684 2
26685 3
26686 0
26687 1
26688 2
26689 3
26690 0
26691 1
26692 2
26693 3
26694 0
26695 1
26696 2
26697 3
26698 0
26699 1
26700 2
26701 3
26702 0
26703 1
26704 2
26705 3
26706 0
26707 1
26708 2
26709 3
26710 0
26711 1
26712 2
26713 3
26714 0
26715 1
26716 2
26717 3
26718 0
26719 1
26720 2
26721 3
26722 0
26723 1
26724 2
26725 3
26726 0
26727 1
26728 2
26729 4
26730 3
26731 0
26732 1
26733 2
26734 3
26735 0
26736 1
26737 2
26738 3
26739 0
26740 1
26741 2
26742 3
26743 0
26744 1
26745 2
26746 3
26747 0
26748 1
26749 2
26750 3
26751 0
26752 1
26753 2
26754 3
26755 0
26756 1
26757 2
26758 3
26759 0
26760 1
26761 2
26762 3
26763 0
26764 1
26765 2
26766 3
26767 0
26768 1
26769 2
26770 3
26771 0
26772 1
26773 2
26774 3
26775 0
26776 1
26777 2
26778 4
26779 3
26780 0
26781 1
26782 2
26783 3
26784 0
26785 1
26786 2
26787 3
26788 0
26789 1
26790 2
26791 3
26792 0
26793 1
26794 2
26795 3
26796 0
26797 1
26798 2
26799 3
26800 0
26801 1
26802 2
26803 3
26804 0
26805 1
26806 2
26807 3
26808 0
26809 1
26810 2
26811 3
26812 0
26813 1
26814 2
26815 3
26816 0
26817 1
26818 2
26819 3
26820 0
26821 1
26822 2
26823 3
26824 0
26825 1
26826 2
26827 4
26828 3
26829 0
26830 1
26831 2
26832 3
26833 0
26834 1
26835 2
26836 3
26837 4
26838 1
26839 2
26840 0
26841 3
26842 1
26843 2
26844 0
26845 3
26846 1
26847 2
26848 0
26849 4
26850 1
26851 2
26852 3
26853 0
26854 1
26855 2
26856 3
26857 0
26858 1
26859 2
26860 3
26861 4
26862 1
26863 2
26864 0
26865 3
26866 1
26867 2
26868 0
26869 3
26870 1
26871 2
26872 0
26873 4
26874 1
26875 2
26876 3
26877 0
26878 1
26879 2
26880 3
26881 0
26882 1
26883 2
26884 3
26885 0
26886 1
26887 2
26888 3
26889 0
26890 1
26891 2
26892 3
26893 0
26894 1
26895 2
26896 3
26897 0
26898 1
26899 2
26900 3
26901 0
26902 1
26903 2
26904 3
26905 0
26906 1
26907 2
26908 3
26909 0
26910 1
26911 2
26912 3
26913 0
26914 1
26915 2
26916 3
26917 0
26918 1
26919 2
26920 3
26921 0
26922 1
26923 2
26924 4
26925 3
26926 0
26927 1
26928 2
26929 3
26930 0
26931 1
26932 2
26933 3
26934 0
26935 1
26936 2
26937 3
26938 0
26939 1
26940 2
26941 3
26942 0
26943 1
26944 2
26945 3
26946 0
26947 1
26948 2
26949 4
26950 3
26951 0
26952 1
26953 2
26954 3
26955 0
26956 1
26957 2
26958 3
26959 4
26960 1
26961 2
26962 0
26963 3
26964 1
26965 2
26966 0
26967 3
26968 1
26969 2
26970 0
26971 4
26972 1
26973 2
26974 3
26975 0
26976 1
26977 2
26978 3
26979 0
26980 1
26981 2
26982 3
26983 0
26984 1
26985 2
26986 3
26987 0
26988 1
26989 2
26990 3
26991 0
26992 1
26993 2
26994 3
26995 0
26996 1
26997 2
26998 3
26999 0
27000 1
27001 2
27002 3
27003 0
27004 1
27005 2
27006 3
27007 0
27008 1
27009 2
27010 3
27011 0
27012 1
27013 2
27014 3
27015 0
27016 1
27017 2
27018 3
27019 0
27020 1
27021 2
27022 4
27023 3
27024 0
27025 1
27026 2
27027 3
27028 0
27029 1
27030 2
27031 3
27032 0
27033 1
27034 2
27035 3
27036 0
27037 1
27038 2
27039 3
27040 0
27041 1
27042 2
27043 3
27044 0
27045 1
27046 2
27047 4
27048 3
27049 0
27050 1
27051 2
27052 3
27053 0
27054 1
27055 2
27056 3
27057 4
27058 1
27059 2
27060 0
27061 3
27062 1
27063 2
27064 0
27065 3
27066 1
27067 2
27068 0
27069 4
27070 1
27071 2
27072 3
27073 0
27074 1
27075 2
27076 3
27077 0
27078 1
27079 2
27080 3
27081 0
27082 1
27083 2
27084 3
27085 0
27086 1
27087 2
27088 3
27089 0
27090 1
27091 2
27092 3
27093 0
27094 1
27095 2
27096 3
27097 0
27098 1
27099 2
27100 3
27101 0
27102 1
27103 2
27104 3
27105 0
27106 1
27107 2
27108 3
27109 0
27110 1
27111 2
27112 3
27113 0
27114 1
27115 2
27116 3
27117 0
27118 1
27119 2
27120 4
27121 3
27122 0
27123 1
27124 2
27125 3
27126 0
27127 1
27128 2
27129 3
27130 0
27131 1
27132 2
27133 3
27134 0
27135 1
27136 2
27137 3
27138 0
27139 1
27140 2
27141 3
27142 0
27143 1
27144 2
27145 3
27146 0
27147 1
27148 2
27149 3
27150 0
27151 1
27152 2
27153 3
27154 0
27155 1
27156 2
27157 3
27158 0
27159 1
27160 2
27161 3
27162 0
27163 1
27164 2
27165 3
27166 0
27167 1
27168 2
27169 4
27170 3
27171 0
27172 1
27173 2
27174 3
27175 0
27176 1
27177 2
27178 3
27179 0
27180 1
27181 2
27182 3
27183 0
27184 1
27185 2
27186 3
27187 0
27188 1
27189 2
27190 3
27191 0
27192 1
27193 2
27194 3
27195 0
27196 1
27197 2
27198 3
27199 0
27200 1
27201 2
27202 3
27203 0
27204 1
27205 2
27206 3
27207 0
27208 1
27209 2
27210 3
27211 0
27212 1
27213 2
27214 3
27215 0
27216 1
27217 2
27218 4
27219 3
27220 0
27221 1
27222 2
27223 3
27224 0
27225 1
27226 2
27227 3
27228 4
27229 1
27230 2
27231 0
27232 3
27233 1
27234 2
27235 0
27236 3
27237 1
27238 2
27239 0
27240 4
27241 1
27242 2
27243 3
27244 0
27245 1
27246 2
27247 3
27248 0
27249 1
27250 2
27251 3
27252 4
27253 1
27254 2
27255 0
27256 3
27257 1
27258 2
27259 0
27260 3
27261 1
27262 2
27263 0
27264 4
27265 1
27266 2
27267 3
27268 0
27269 1
27270 2
27271 3
27272 0
27273 1
27274 2
27275 3
27276 0
27277 1
27278 2
27279 3
27280 0
27281 1
27282 2
27283 3
27284 0
27285 1
27286 2
27287 3
27288 0
27289 1
27290 2
27291 3
27292 0
27293 1
27294 2
27295 3
27296 0
27297 1
27298 2
27299 3
27300 0
27301 1
27302 2
27303 3
27304 0
27305 1
27306 2
27307 3
27308 0
27309 1
27310 2
27311 3
27312 0
27313 1
27314 2
27315 4
27316 3
27317 0
27318 1
27319 2
27320 3
27321 0
27322 1
27323 2
27324 3
27325 0
27326 1
27327 2
27328 3
27329 0
27330 1
27331 2
27332 3
27333 0
27334 1
27335 2
27336 3
27337 0
27338 1
27339 2
27340 3
27341 0
27342 1
27343 2
27344 3
27345 0
27346 1
27347 2
27348 3
27349 0
27350 1
27351 2
27352 3
27353 0
27354 1
27355 2
27356 3
27357 0
27358 1
27359 2
27360 3
27361 0
27362 1
27363 2
27364 4
27365 3
27366 0
27367 1
27368 2
27369 3
27370 0
27371 1
27372 2
27373 3
27374 0
27375 1
27376 2
27377 3
27378 0
27379 1
27380 2
27381 3
27382 0
27383 1
27384 2
27385 3
27386 0
27387 1
27388 2
27389 3
27390 0
27391 1
27392 2
27393 3
27394 0
27395 1
27396 2
27397 3
27398 0
27399 1
27400 2
27401 3
27402 0
27403 1
27404 2
27405 3
27406 0
27407 1
27408 2
27409 3
27410 0
27411 1
27412 2
27413 4
27414 3
27415 0
27416 1
27417 2
27418 3
27419 0
27420 1
27421 2
27422 3
27423 4
27424 1
27425 2
27426 0
27427 3
27428 1
27429 2
27430 0
27431 3
27432 1
27433 2
27434 0
27435 4
27436 1
27437 2
27438 3
27439 0
27440 1
27441 2
27442 3
27443 0
27444 1
27445 2
27446 3
27447 4
27448 1
27449 2
27450 0
27451 3
27452 1
27453 2
27454 0
27455 3
27456 1
27457 2
27458 0
27459 4
27460 1
27461 2
27462 3
27463 0
27464 1
27465 2
27466 3
27467 0
27468 1
27469 2
27470 3
27471 0
27472 1
27473 2
27474 3
27475 0
27476 1
27477 2
27478 3
27479 0
27480 1
27481 2
27482 3
27483 0
27484 1
27485 2
27486 3
27487 0
27488 1
27489 2
27490 3
27491 0
27492 1
27493 2
27494 3
27495 0
27496 1
27497 2
27498 3
27499 0
27500 1
27501 2
27502 3
27503 0
27504 1
27505 2
27506 3
27507 0
27508 1
27509 2
27510 4
27511 3
27512 0
27513 1
27514 2
27515 3
27516 0
27517 1
27518 2
27519 3
27520 0
27521 1
27522 2
27523 3
27524 0
27525 1
27526 2
27527 3
27528 0
27529 1
27530 2
27531 3
27532 0
27533 1
27534 2
27535 3
27536 0
27537 1
27538 2
27539 3
27540 0
27541 1
27542 2
27543 3
27544 0
27545 1
27546 2
27547 3
27548 0
27549 1
27550 2
27551 3
27552 0
27553 1
27554 2
27555 3
27556 0
27557 1
27558 2
27559 4
27560 3
27561 0
27562 1
27563 2
27564 3
27565 0
27566 1
27567 2
27568 3
27569 0
27570 1
27571 2
27572 3
27573 0
27574 1
27575 2
27576 3
27577 0
27578 1
27579 2
27580 3
27581 0
27582 1
27583 2
27584 3
27585 0
27586 1
27587 2
27588 3
27589 0
27590 1
27591 2
27592 3
27593 0
27594 1
27595 2
27596 3
27597 0
27598 1
27599 2
27600 3
27601 0
27602 1
27603 2
27604 3
27605 0
27606 1
27607 2
27608 4
27609 3
27610 0
27611 1
27612 2
27613 3
27614 0
27615 1
27616 2
27617 3
27618 4
27619 1
27620 2
27621 0
27622 3
27623 1
27624 2
27625 0
27626 3
27627 1
27628 2
27629 0
27630 4
27631 1
27632 2
27633 3
27634 0
27635 1
27636 2
27637 3
27638 0
27639 1
27640 2
27641 3
27642 4
27643 1
27644 2
27645 0
27646 3
27647 1
27648 2
27649 0
27650 3
27651 1
27652 2
27653 0
27654 4
27655 1
27656 2
27657 3
27658 0
27659 1
27660 2
27661 3
27662 0
27663 1
27664 2
27665 3
27666 0
27667 1
27668 2
27669 3
27670 0
27671 1
27672 2
27673 3
27674 0
27675 1
27676 2
27677 3
27678 0
27679 1
27680 2
27681 3
27682 0
27683 1
27684 2
27685 3
27686 0
27687 1
27688 2
27689 3
27690 0
27691 1
27692 2
27693 3
27694 0
27695 1
27696 2
27697 3
27698 0
27699 1
27700 2
27701 3
27702 0
27703 1
27704 2
27705 4
27706 3
27707 0
27708 1
27709 2
27710 3
27711 0
27712 1
27713 2
27714 3
27715 0
27716 1
27717 2
27718 3
27719 0
27720 1
27721 2
27722 3
27723 0
27724 1
27725 2
27726 3
27727 0
27728 1
27729 2
27730 4
27731 3
27732 0
27733 1
27734 2
27735 3
27736 0
27737 1
27738 2
27739 3
27740 4
27741 1
27742 2
27743 0
27744 3
27745 1
27746 2
27747 0
27748 3
27749 1
27750 2
27751 0
27752 4
27753 1
27754 2
27755 3
27756 0
27757 1
27758 2
27759 3
27760 0
27761 1
27762 2
27763 3
27764 0
27765 1
27766 2
27767 3
27768 0
27769 1
27770 2
27771 3
27772 0
27773 1
27774 2
27775 3
27776 0
27777 1
27778 2
27779 3
27780 0
27781 1
27782 2
27783 3
27784 0
27785 1
27786 2
27787 3
27788 0
27789 1
27790 2
27791 3
27792 0
27793 1
27794 2
27795 3
27796 0
27797 1
27798 2
27799 3
27800 0
27801 1
27802 2
27803 4
27804 3
27805 0
27806 1
27807 2
27808 3
27809 0
27810 1
27811 2
27812 3
27813 0
27814 1
27815 2
27816 3
27817 0
27818 1
27819 2
27820 3
27821 0
27822 1
27823 2
27824 3
27825 0
27826 1
27827 2
27828 4
27829 3
27830 0
27831 1
27832 2
27833 3
27834 0
27835 1
27836 2
27837 3
27838 4
27839 1
27840 2
27841 0
27842 3
27843 1
27844 2
27845 0
27846 3
27847 1
27848 2
27849 0
27850 4
27851 1
27852 2
27853 3
27854 0
27855 1
27856 2
27857 3
27858 0
27859 1
27860 2
27861 3
27862 0
27863 1
27864 2
27865 3
27866 0
27867 1
27868 2
27869 3
27870 0
27871 1
27872 2
27873 3
27874 0
27875 1
27876 2
27877 3
27878 0
27879 1
27880 2
27881 3
27882 0
27883 1
27884 2
27885 3
27886 0
27887 1
27888 2
27889 3
27890 0
27891 1
27892 2
27893 3
27894 0
27895 1
27896 2
27897 3
27898 0
27899 1
27900 2
27901 4
27902 3
27903 0
27904 1
27905 2
27906 3
27907 0
27908 1
27909 2
27910 3
27911 0
27912 1
27913 2
27914 3
27915 0
27916 1
27917 2
27918 3
27919 0
27920 1
27921 2
27922 3
27923 0
27924 1
27925 2
27926 3
27927 0
27928 1
27929 2
27930 3
27931 0
27932 1
27933 2
27934 3
27935 0
27936 1
27937 2
27938 3
27939 0
27940 1
27941 2
27942 3
27943 0
27944 1
27945 2
27946 3
27947 0
27948 1
27949 2
27950 4
27951 3
27952 0
27953 1
27954 2
27955 3
27956 0
27957 1
27958 2
27959 3
27960 0
27961 1
27962 2
27963 3
27964 0
27965 1
27966 2
27967 3
27968 0
27969 1
27970 2
27971 3
27972 0
27973 1
27974 2
27975 3
27976 0
27977 1
27978 2
27979 3
27980 0
27981 1
27982 2
27983 3
27984 0
27985 1
27986 2
27987 3
27988 0
27989 1
27990 2
27991 3
27992 0
27993 1
27994 2
27995 3
27996 0
27997 1
27998 2
27999 4
28000 3
28001 0
28002 1
28003 2
28004 3
28005 0
28006 1
28007 2
28008 3
28009 4
28010 1
28011 2
28012 0
28013 3
28014 1
28015 2
28016 0
28017 3
28018 1
28019 2
28020 0
28021 4
28022 1
28023 2
28024 3
28025 0
28026 1
28027 2
28028 3
28029 0
28030 1
28031 2
28032 3
28033 4
28034 1
28035 2
28036 0
28037 3
28038 1
28039 2
28040 0
28041 3
28042 1
28043 2
28044 0
28045 4
28046 1
28047 2
28048 3
28049 0
28050 1
28051 2
28052 3
28053 0
28054 1
28055 2
28056 3
28057 0
28058 1
28059 2
28060 3
28061 0
28062 1
28063 2
28064 3
28065 0
28066 1
28067 2
28068 3
28069 0
28070 1
28071 2
28072 3
28073 0
28074 1
28075 2
28076 3
28077 0
28078 1
28079 2
28080 3
28081 0
28082 1
28083 2
28084 3
28085 0
28086 1
28087 2
28088 3
28089 0
28090 1
28091 2
28092 3
28093 0
28094 1
28095 2
28096 4
28097 3
28098 0
28099 1
28100 2
28101 3
28102 0
28103 1
28104 2
28105 3
28106 0
28107 1
28108 2
28109 3
28110 0
28111 1
28112 2
28113 3
28114 0
28115 1
28116 2
28117 3
28118 0
28119 1
28120 2
28121 3
28122 0
28123 1
28124 2
28125 3
28126 0
28127 1
28128 2
28129 3
28130 0
28131 1
28132 2
28133 3
28134 0
28135 1
28136 2
28137 3
28138 0
28139 1
28140 2
28141 3
28142 0
28143 1
28144 2
28145 4
28146 3
28147 0
28148 1
28149 2
28150 3
28151 0
28152 1
28153 2
28154 3
28155 0
28156 1
28157 2
28158 3
28159 0
28160 1
28161 2
28162 3
28163 0
28164 1
28165 2
28166 3
28167 0
28168 1
28169 2
28170 3
28171 0
28172 1
28173 2
28174 3
28175 0
28176 1
28177 2
28178 3
28179 0
28180 1
28181 2
28182 3
28183 0
28184 1
28185 2
28186 3
28187 0
28188 1
28189 2
28190 3
28191 0
28192 1
28193 2
28194 4
28195 3
28196 0
28197 1
28198 2
28199 3
28200 0
28201 1
28202 2
28203 3
28204 4
28205 1
28206 2
28207 0
28208 3
28209 1
28210 2
28211 0
28212 3
28213 1
28214 2
28215 0
28216 4
28217 1
28218 2
28219 3
28220 0
28221 1
28222 2
28223 3
28224 0
28225 1
28226 2
28227 3
28228 4
28229 1
28230 2
28231 0
28232 3
28233 1
28234 2
28235 0
28236 3
28237 1
28238 2
28239 0
28240 4
28241 1
28242 2
28243 3
28244 0
28245 1
28246 2
28247 3
28248 0
28249 1
28250 2
28251 3
28252 0
28253 1
28254 2
28255 3
28256 0
28257 1
28258 2
28259 3
28260 0
28261 1
28262 2
28263 3
28264 0
28265 1
28266 2
28267 3
28268 0
28269 1
28270 2
28271 3
28272 0
28273 1
28274 2
28275 3
28276 0
28277 1
28278 2
28279 3
28280 0
28281 1
28282 2
28283 3
28284 0
28285 1
28286 2
28287 3
28288 0
28289 1
28290 2
28291 4
28292 3
28293 0
28294 1
28295 2
28296 3
28297 0
28298 1
28299 2
28300 3
28301 0
28302 1
28303 2
28304 3
28305 0
28306 1
28307 2
28308 3
28309 0
28310 1
28311 2
28312 3
28313 0
28314 1
28315 2
28316 3
28317 0
28318 1
28319 2
28320 3
28321 0
28322 1
28323 2
28324 3
28325 0
28326 1
28327 2
28328 3
28329 0
28330 1
28331 2
28332 3
28333 0
28334 1
28335 2
28336 3
28337 0
28338 1
28339 2
28340 4
28341 3
28342 0
28343 1
28344 2
28345 3
28346 0
28347 1
28348 2
28349 3
28350 0
28351 1
28352 2
28353 3
28354 0
28355 1
28356 2
28357 3
28358 0
28359 1
28360 2
28361 3
28362 0
28363 1
28364 2
28365 3
28366 0
28367 1
28368 2
28369 3
28370 0
28371 1
28372 2
28373 3
28374 0
28375 1
28376 2
28377 3
28378 0
28379 1
28380 2
28381 3
28382 0
28383 1
28384 2
28385 3
28386 0
28387 1
28388 2
28389 4
28390 3
28391 0
28392 1
28393 2
28394 3
28395 0
28396 1
28397 2
28398 3
28399 4
28400 1
28401 2
28402 0
28403 3
28404 1
28405 2
28406 0
28407 3
28408 1
28409 2
28410 0
28411 4
28412 1
28413 2
28414 3
28415 0
28416 1
28417 2
28418 3
28419 0
28420 1
28421 2
28422 3
28423 4
28424 1
28425 2
28426 0
28427 3
28428 1
28429 2
28430 0
28431 3
28432 1
28433 2
28434 0
28435 4
28436 1
28437 2
28438 3
28439 0
28440 1
28441 2
28442 3
28443 0
28444 1
28445 2
28446 3
28447 0
28448 1
28449 2
28450 3
28451 0
28452 1
28453 2
28454 3
28455 0
28456 1
28457 2
28458 3
28459 0
28460 1
28461 2
28462 3
28463 0
28464 1
28465 2
28466 3
28467 0
28468 1
28469 2
28470 3
28471 0
28472 1
28473 2
28474 3
28475 0
28476 1
28477 2
28478 3
28479 0
28480 1
28481 2
28482 3
28483 0
28484 1
28485 2
28486 4
28487 3
28488 0
28489 1
28490 2
28491 3
28492 0
28493 1
28494 2
28495 3
28496 0
28497 1
28498 2
28499 3
28500 0
28501 1
28502 2
28503 3
28504 0
28505 1
28506 2
28507 3
28508 0
28509 1
28510 2
28511 4
28512 3
28513 0
28514 1
28515 2
28516 3
28517 0
28518 1
28519 2
28520 3
28521 4
28522 1
28523 2
28524 0
28525 3
28526 1
28527 2
28528 0
28529 3
28530 1
28531 2
28532 0
28533 4
28534 1
28535 2
28536 3
28537 0
28538 1
28539 2
28540 3
28541 0
28542 1
28543 2
28544 3
28545 0
28546 1
28547 2
28548 3
28549 0
28550 1
28551 2
28552 3
28553 0
28554 1
28555 2
28556 3
28557 0
28558 1
28559 2
28560 3
28561 0
28562 1
28563 2
28564 3
28565 0
28566 1
28567 2
28568 3
28569 0
28570 1
28571 2
28572 3
28573 0
28574 1
28575 2
28576 3
28577 0
28578 1
28579 2
28580 3
28581 0
28582 1
28583 2
28584 4
28585 3
28586 0
28587 1
28588 2
28589 3
28590 0
28591 1
28592 2
28593 3
28594 0
28595 1
28596 2
28597 3
28598 0
28599 1
28600 2
28601 3
28602 0
28603 1
28604 2
28605 3
28606 0
28607 1
28608 2
28609 4
28610 3
28611 0
28612 1
28613 2
28614 3
28615 0
28616 1
28617 2
28618 3
28619 4
28620 1
28621 2
28622 0
28623 3
28624 1
28625 2
28626 0
28627 3
28628 1
28629 2
28630 0
28631 4
28632 1
28633 2
28634 3
28635 0
28636 1
28637 2
28638 3
28639 0
28640 1
28641 2
28642 3
28643 0
28644 1
28645 2
28646 3
28647 0
28648 1
28649 2
28650 3
28651 0
28652 1
28653 2
28654 3
28655 0
28656 1
28657 2
28658 3
28659 0
28660 1
28661 2
28662 3
28663 0
28664 1
28665 2
28666 3
28667 0
28668 1
28669 2
28670 3
28671 0
28672 1
28673 2
28674 3
28675 0
28676 1
28677 2
28678 3
28679 0
28680 1
28681 2
28682 4
28683 3
28684 0
28685 1
28686 2
28687 3
28688 0
28689 1
28690 2
28691 3
28692 0
28693 1
28694 2
28695 3
28696 0
28697 1
28698 2
28699 3
28700 0
28701 1
28702 2
28703 3
28704 0
28705 1
28706 2
28707 3
28708 0
28709 1
28710 2
28711 3
28712 0
28713 1
28714 2
28715 3
28716 0
28717 1
28718 2
28719 3
28720 0
28721 1
28722 2
28723 3
28724 0
28725 1
28726 2
28727 3
28728 0
28729 1
28730 2
28731 4
28732 3
28733 0
28734 1
28735 2
28736 3
28737 0
28738 1
28739 2
28740 3
28741 0
28742 1
28743 2
28744 3
28745 0
28746 1
28747 2
28748 3
28749 0
28750 1
28751 2
28752 3
28753 0
28754 1
28755 2
28756 3
28757 0
28758 1
28759 2
28760 3
28761 0
28762 1
28763 2
28764 3
28765 0
28766 1
28767 2
28768 3
28769 0
28770 1
28771 2
28772 3
28773 0
28774 1
28775 2
28776 3
28777 0
28778 1
28779 2
28780 4
28781 3
28782 0
28783 1
28784 2
28785 3
28786 0
28787 1
28788 2
28789 3
28790 4
28791 1
28792 2
28793 0
28794 3
28795 1
28796 2
28797 0
28798 3
28799 1
28800 2
28801 0
28802 4
28803 1
28804 2
28805 3
28806 0
28807 1
28808 2
28809 3
28810 0
28811 1
28812 2
28813 3
28814 4
28815 1
28816 2
28817 0
28818 3
28819 1
28820 2
28821 0
28822 3
28823 1
28824 2
28825 0
28826 4
28827 1
28828 2
28829 3
28830 0
28831 1
28832 2
28833 3
28834 0
28835 1
28836 2
28837 3
28838 0
28839 1
28840 2
28841 3
28842 0
28843 1
28844 2
28845 3
28846 0
28847 1
28848 2
28849 3
28850 0
28851 1
28852 2
28853 3
28854 0
28855 1
28856 2
28857 3
28858 0
28859 1
28860 2
28861 3
28862 0
28863 1
28864 2
28865 3
28866 0
28867 1
28868 2
28869 3
28870 0
28871 1
28872 2
28873 3
28874 0
28875 1
28876 2
28877 4
28878 3
28879 0
28880 1
28881 2
28882 3
28883 0
28884 1
28885 2
28886 3
28887 0
28888 1
28889 2
28890 3
28891 0
28892 1
28893 2
28894 3
28895 0
28896 1
28897 2
28898 3
28899 0
28900 1
28901 2
28902 3
28903 0
28904 1
28905 2
28906 3
28907 0
28908 1
28909 2
28910 3
28911 0
28912 1
28913 2
28914 3
28915 0
28916 1
28917 2
28918 3
28919 0
28920 1
28921 2
28922 3
28923 0
28924 1
28925 2
28926 4
28927 3
28928 0
28929 1
28930 2
28931 3
28932 0
28933 1
28934 2
28935 3
28936 0
28937 1
28938 2
28939 3
28940 0
28941 1
28942 2
28943 3
28944 0
28945 1
28946 2
28947 3
28948 0
28949 1
28950 2
28951 3
28952 0
28953 1
28954 2
28955 3
28956 0
28957 1
28958 2
28959 3
28960 0
28961 1
28962 2
28963 3
28964 0
28965 1
28966 2
28967 3
28968 0
28969 1
28970 2
28971 3
28972 0
28973 1
28974 2
28975 4
28976 3
28977 0
28978 1
28979 2
28980 3
28981 0
28982 1
28983 2
28984 3
28985 4
28986 1
28987 2
28988 0
28989 3
28990 1
28991 2
28992 0
28993 3
28994 1
28995 2
28996 0
28997 4
28998 1
28999 2
29000 3
29001 0
29002 1
29003 2
29004 3
29005 0
29006 1
29007 2
29008 3
29009 4
29010 1
29011 2
29012 0
29013 3
29014 1
29015 2
29016 0
29017 3
29018 1
29019 2
29020 0
29021 4
29022 1
29023 2
29024 3
29025 0
29026 1
29027 2
29028 3
29029 0
29030 1
29031 2
29032 3
29033 0
29034 1
29035 2
29036 3
29037 0
29038 1
29039 2
29040 3
29041 0
29042 1
29043 2
29044 3
29045 0
29046 1
29047 2
29048 3
29049 0
29050 1
29051 2
29052 3
29053 0
29054 1
29055 2
29056 3
29057 0
29058 1
29059 2
29060 3
29061 0
29062 1
29063 2
29064 3
29065 0
29066 1
29067 2
29068 3
29069 0
29070 1
29071 2
29072 4
29073 3
29074 0
29075 1
29076 2
29077 3
29078 0
29079 1
29080 2
29081 3
29082 0
29083 1
29084 2
29085 3
29086 0
29087 1
29088 2
29089 3
29090 0
29091 1
29092 2
29093 3
29094 0
29095 1
29096 2
29097 3
29098 0
29099 1
29100 2
29101 3
29102 0
29103 1
29104 2
29105 3
29106 0
29107 1
29108 2
29109 3
29110 0
29111 1
29112 2
29113 3
29114 0
29115 1
29116 2
29117 3
29118 0
29119 1
29120 2
29121 4
29122 3
29123 0
29124 1
29125 2
29126 3
29127 0
29128 1
29129 2
29130 3
29131 0
29132 1
29133 2
29134 3
29135 0
29136 1
29137 2
29138 3
29139 0
29140 1
29141 2
29142 3
29143 0
29144 1
29145 2
29146 3
29147 0
29148 1
29149 2
29150 3
29151 0
29152 1
29153 2
29154 3
29155 0
29156 1
29157 2
29158 3
29159 0
29160 1
29161 2
29162 3
29163 0
29164 1
29165 2
29166 3
29167 0
29168 1
29169 2
29170 4
29171 3
29172 0
29173 1
29174 2
29175 3
29176 0
29177 1
29178 2
29179 3
29180 4
29181 1
29182 2
29183 0
29184 3
29185 1
29186 2
29187 0
29188 3
29189 1
29190 2
29191 0
29192 4
29193 1
29194 2
29195 3
29196 0
29197 1
29198 2
29199 3
29200 0
29201 1
29202 2
29203 3
29204 4
29205 1
29206 2
29207 0
29208 3
29209 1
29210 2
29211 0
29212 3
29213 1
29214 2
29215 0
29216 4
29217 1
29218 2
29219 3
29220 0
29221 1
29222 2
29223 3
29224 0
29225 1
29226 2
29227 3
29228 0
29229 1
29230 2
29231 3
29232 0
29233 1
29234 2
29235 3
29236 0
29237 1
29238 2
29239 3
29240 0
29241 1
29242 2
29243 3
29244 0
29245 1
29246 2
29247 3
29248 0
29249 1
29250 2
29251 3
29252 0
29253 1
29254 2
29255 3
29256 0
29257 1
29258 2
29259 3
29260 0
29261 1
29262 2
29263 3
29264 0
29265 1
29266 2
29267 4
29268 3
29269 0
29270 1
29271 2
29272 3
29273 0
29274 1
29275 2
29276 3
29277 0
29278 1
29279 2
29280 3
29281 0
29282 1
29283 2
29284 3
29285 0
29286 1
29287 2
29288 3
29289 0
29290 1
29291 2
29292 4
29293 3
29294 0
29295 1
29296 2
29297 3
29298 0
29299 1
29300 2
29301 3
29302 4
29303 1
29304 2
29305 0
29306 3
29307 1
29308 2
29309 0
29310 3
29311 1
29312 2
29313 0
29314 4
29315 1
29316 2
29317 3
29318 0
29319 1
29320 2
29321 3
29322 0
29323 1
29324 2
29325 3
29326 0
29327 1
29328 2
29329 3
29330 0
29331 1
29332 2
29333 3
29334 0
29335 1
29336 2
29337 3
29338 0
29339 1
29340 2
29341 3
29342 0
29343 1
29344 2
29345 3
29346 0
29347 1
29348 2
29349 3
29350 0
29351 1
29352 2
29353 3
29354 0
29355 1
29356 2
29357 3
29358 0
29359 1
29360 2
29361 3
29362 0
29363 1
29364 2
29365 4
29366 3
29367 0
29368 1
29369 2
29370 3
29371 0
29372 1
29373 2
29374 3
29375 0
29376 1
29377 2
29378 3
29379 0
29380 1
29381 2
29382 3
29383 0
29384 1
29385 2
29386 3
29387 0
29388 1
29389 2
29390 4
29391 3
29392 0
29393 1
29394 2
29395 3
29396 0
29397 1
29398 2
29399 3
29400 4
29401 1
29402 2
29403 0
29404 3
29405 1
29406 2
29407 0
29408 3
29409 1
29410 2
29411 0
29412 4
29413 1
29414 2
29415 3
29416 0
29417 1
29418 2
29419 3
29420 0
29421 1
29422 2
29423 3
29424 0
29425 1
29426 2
29427 3
29428 0
29429 1
29430 2
29431 3
29432 0
29433 1
29434 2
29435 3
29436 0
29437 1
29438 2
29439 3
29440 0
29441 1
29442 2
29443 3
29444 0
29445 1
29446 2
29447 3
29448 0
29449 1
29450 2
29451 3
29452 0
29453 1
29454 2
29455 3
29456 0
29457 1
29458 2
29459 3
29460 0
29461 1
29462 2
29463 4
29464 3
29465 0
29466 1
29467 2
29468 3
29469 0
29470 1
29471 2
29472 3
29473 0
29474 1
29475 2
29476 3
29477 0
29478 1
29479 2
29480 3
29481 0
29482 1
29483 2
29484 3
29485 0
29486 1
29487 2
29488 3
29489 0
29490 1
29491 2
29492 3
29493 0
29494 1
29495 2
29496 3
29497 0
29498 1
29499 2
29500 3
29501 0
29502 1
29503 2
29504 3
29505 0
29506 1
29507 2
29508 3
29509 0
29510 1
29511 2
29512 4
29513 3
29514 0
29515 1
29516 2
29517 3
29518 0
29519 1
29520 2
29521 3
29522 0
29523 1
29524 2
29525 3
29526 0
29527 1
29528 2
29529 3
29530 0
29531 1
29532 2
29533 3
29534 0
29535 1
29536 2
29537 3
29538 0
29539 1
29540 2
29541 3
29542 0
29543 1
29544 2
29545 3
29546 0
29547 1
29548 2
29549 3
29550 0
29551 1
29552 2
29553 3
29554 0
29555 1
29556 2
29557 3
29558 0
29559 1
29560 2
29561 4
29562 3
29563 0
29564 1
29565 2
29566 3
29567 0
29568 1
29569 2
29570 3
29571 4
29572 1
29573 2
29574 0
29575 3
29576 1
29577 2
29578 0
29579 3
29580 1
29581 2
29582 0
29583 4
29584 1
29585 2
29586 3
29587 0
29588 1
29589 2
29590 3
29591 0
29592 1
29593 2
29594 3
29595 4
29596 1
29597 2
29598 0
29599 3
29600 1
29601 2
29602 0
29603 3
29604 1
29605 2
29606 0
29607 4
29608 1
29609 2
29610 3
29611 0
29612 1
29613 2
29614 3
29615 0
29616 1
29617 2
29618 3
29619 0
29620 1
29621 2
29622 3
29623 0
29624 1
29625 2
29626 3
29627 0
29628 1
29629 2
29630 3
29631 0
29632 1
29633 2
29634 3
29635 0
29636 1
29637 2
29638 3
29639 0
29640 1
29641 2
29642 3
29643 0
29644 1
29645 2
29646 3
29647 0
29648 1
29649 2
29650 3
29651 0
29652 1
29653 2
29654 3
29655 0
29656 1
29657 2
29658 4
29659 3
29660 0
29661 1
29662 2
29663 3
29664 0
29665 1
29666 2
29667 3
29668 0
29669 1
29670 2
29671 3
29672 0
29673 1
29674 2
29675 3
29676 0
29677 1
29678 2
29679 3
29680 0
29681 1
29682 2
29683 4
29684 3
29685 0
29686 1
29687 2
29688 3
29689 0
29690 1
29691 2
29692 3
29693 4
29694 1
29695 2
29696 0
29697 3
29698 1
29699 2
29700 0
29701 3
29702 1
29703 2
29704 0
29705 4
29706 1
29707 2
29708 3
29709 0
29710 1
29711 2
29712 3
29713 0
29714 1
29715 2
29716 3
29717 0
29718 1
29719 2
29720 3
29721 0
29722 1
29723 2
29724 3
29725 0
29726 1
29727 2
29728 3
29729 0
29730 1
29731 2
29732 3
29733 0
29734 1
29735 2
29736 3
29737 0
29738 1
29739 2
29740 3
29741 0
29742 1
29743 2
29744 3
29745 0
29746 1
29747 2
29748 3
29749 0
29750 1
29751 2
29752 3
29753 0
29754 1
29755 2
29756 4
29757 3
29758 0
29759 1
29760 2
29761 3
29762 0
29763 1
29764 2
29765 3
29766 4
29767 1
29768 2
29769 0
29770 3
29771 1
29772 2
29773 0
29774 3
29775 1
29776 2
29777 0
29778 4
29779 1
29780 2
29781 3
29782 0
29783 1
29784 2
29785 3
29786 0
29787 1
29788 2
29789 3
29790 4
29791 1
29792 2
29793 0
29794 3
29795 1
29796 2
29797 0
29798 3
29799 1
29800 2
29801 0
29802 4
29803 1
29804 2
29805 3
29806 0
29807 1
29808 2
29809 3
29810 0
29811 1
29812 2
29813 3
29814 0
29815 1
29816 2
29817 3
29818 0
29819 1
29820 2
29821 3
29822 0
29823 1
29824 2
29825 3
29826 0
29827 1
29828 2
29829 3
29830 0
29831 1
29832 2
29833 3
29834 0
29835 1
29836 2
29837 3
29838 0
29839 1
29840 2
29841 3
29842 0
29843 1
29844 2
29845 3
29846 0
29847 1
29848 2
29849 3
29850 0
29851 1
29852 2
29853 4
29854 3
29855 0
29856 1
29857 2
29858 3
29859 0
29860 1
29861 2
29862 3
29863 0
29864 1
29865 2
29866 3
29867 0
29868 1
29869 2
29870 3
29871 0
29872 1
29873 2
29874 3
29875 0
29876 1
29877 2
29878 3
29879 0
29880 1
29881 2
29882 3
29883 0
29884 1
29885 2
29886 3
29887 0
29888 1
29889 2
29890 3
29891 0
29892 1
29893 2
29894 3
29895 0
29896 1
29897 2
29898 3
29899 0
29900 1
29901 2
29902 4
29903 3
29904 0
29905 1
29906 2
29907 3
29908 0
29909 1
29910 2
29911 3
29912 0
29913 1
29914 2
29915 3
29916 0
29917 1
29918 2
29919 3
29920 0
29921 1
29922 2
29923 3
29924 0
29925 1
29926 2
29927 3
29928 0
29929 1
29930 2
29931 3
29932 0
29933 1
29934 2
29935 3
29936 0
29937 1
29938 2
29939 3
29940 0
29941 1
29942 2
29943 3
29944 0
29945 1
29946 2
29947 3
29948 0
29949 1
29950 2
29951 4
29952 3
29953 0
29954 1
29955 2
29956 3
29957 0
29958 1
29959 2
29960 3
29961 4
29962 1
29963 2
29964 0
29965 3
29966 1
29967 2
29968 0
29969 3
29970 1
29971 2
29972 0
29973 4
29974 1
29975 2
29976 3
29977 0
29978 1
29979 2
29980 3
29981 0
29982 1
29983 2
29984 3
29985 4
29986 1
29987 2
29988 0
29989 3
29990 1
29991 2
29992 0
29993 3
29994 1
29995 2
29996 0
29997 4
29998 1
29999 2
30000 3
30001 0
30002 1
30003 2
30004 3
30005 0
30006 1
30007 2
30008 3
30009 0
30010 1
30011 2
30012 3
30013 0
30014 1
30015 2
30016 3
30017 0
30018 1
30019 2
30020 3
30021 0
30022 1
30023 2
30024 3
30025 0
30026 1
30027 2
30028 3
30029 0
30030 1
30031 2
30032 3
30033 0
30034 1
30035 2
30036 3
30037 0
30038 1
30039 2
30040 3
30041 0
30042 1
30043 2
30044 3
30045 0
30046 1
30047 2
30048 4
30049 3
30050 0
30051 1
30052 2
30053 3
30054 0
30055 1
30056 2
30057 3
30058 0
30059 1
30060 2
30061 3
30062 0
30063 1
30064 2
30065 3
30066 0
30067 1
30068 2
30069 3
30070 0
30071 1
30072 2
30073 4
30074 3
30075 0
30076 1
30077 2
30078 3
30079 0
30080 1
30081 2
30082 3
30083 4
30084 1
30085 2
30086 0
30087 3
30088 1
30089 2
30090 0
30091 3
30092 1
30093 2
30094 0
30095 4
30096 1
30097 2
30098 3
30099 0
30100 1
30101 2
30102 3
30103 0
30104 1
30105 2
30106 3
30107 0
30108 1
30109 2
30110 3
30111 0
30112 1
30113 2
30114 3
30115 0
30116 1
30117 2
30118 3
30119 0
30120 1
30121 2
30122 3
30123 0
30124 1
30125 2
30126 3
30127 0
30128 1
30129 2
30130 3
30131 0
30132 1
30133 2
30134 3
30135 0
30136 1
30137 2
30138 3
30139 0
30140 1
30141 2
30142 3
30143 0
30144 1
30145 2
30146 4
30147 3
30148 0
30149 1
30150 2
30151 3
30152 0
30153 1
30154 2
30155 3
30156 0
30157 1
30158 2
30159 3
30160 0
30161 1
30162 2
30163 3
30164 0
30165 1
30166 2
30167 3
30168 0
30169 1
30170 2
30171 4
30172 3
30173 0
30174 1
30175 2
30176 3
30177 0
30178 1
30179 2
30180 3
30181 4
30182 1
30183 2
30184 0
30185 3
30186 1
30187 2
30188 0
30189 3
30190 1
30191 2
30192 0
30193 4
30194 1
30195 2
30196 3
30197 0
30198 1
30199 2
30200 3
30201 0
30202 1
30203 2
30204 3
30205 0
30206 1
30207 2
30208 3
30209 0
30210 1
30211 2
30212 3
30213 0
30214 1
30215 2
30216 3
30217 0
30218 1
30219 2
30220 3
30221 0
30222 1
30223 2
30224 3
30225 0
30226 1
30227 2
30228 3
30229 0
30230 1
30231 2
30232 3
30233 0
30234 1
30235 2
30236 3
30237 0
30238 1
30239 2
30240 3
30241 0
30242 1
30243 2
30244 4
30245 3
30246 0
30247 1
30248 2
30249 3
30250 0
30251 1
30252 2
30253 3
30254 0
30255 1
30256 2
30257 3
30258 0
30259 1
30260 2
30261 3
30262 0
30263 1
30264 2
30265 3
30266 0
30267 1
30268 2
30269 3
30270 0
30271 1
30272 2
30273 3
30274 0
30275 1
30276 2
30277 3
30278 0
30279 1
30280 2
30281 3
30282 0
30283 1
30284 2
30285 3
30286 0
30287 1
30288 2
30289 3
30290 0
30291 1
30292 2
30293 4
30294 3
30295 0
30296 1
30297 2
30298 3
30299 0
30300 1
30301 2
30302 3
30303 0
30304 1
30305 2
30306 3
30307 0
30308 1
30309 2
30310 3
30311 0
30312 1
30313 2
30314 3
30315 0
30316 1
30317 2
30318 3
30319 0
30320 1
30321 2
30322 3
30323 0
30324 1
30325 2
30326 3
30327 0
30328 1
30329 2
30330 3
30331 0
30332 1
30333 2
30334 3
30335 0
30336 1
30337 2
30338 3
30339 0
30340 1
30341 2
30342 4
30343 3
30344 0
30345 1
30346 2
30347 3
30348 0
30349 1
30350 2
30351 3
30352 4
30353 1
30354 2
30355 0
30356 3
30357 1
30358 2
30359 0
30360 3
30361 1
30362 2
30363 0
30364 4
30365 1
30366 2
30367 3
30368 0
30369 1
30370 2
30371 3
30372 0
30373 1
30374 2
30375 3
30376 4
30377 1
30378 2
30379 0
30380 3
30381 1
30382 2
30383 0
30384 3
30385 1
30386 2
30387 0
30388 4
30389 1
30390 2
30391 3
30392 0
30393 1
30394 2
30395 3
30396 0
30397 1
30398 2
30399 3
30400 0
30401 1
30402 2
30403 3
30404 0
30405 1
30406 2
30407 3
30408 0
30409 1
30410 2
30411 3
30412 0
30413 1
30414 2
30415 3
30416 0
30417 1
30418 2
30419 3
30420 0
30421 1
30422 2
30423 3
30424 0
30425 1
30426 2
30427 3
30428 0
30429 1
30430 2
30431 3
30432 0
30433 1
30434 2
30435 3
30436 0
30437 1
30438 2
30439 4
30440 3
30441 0
30442 1
30443 2
30444 3
30445 0
30446 1
30447 2
30448 3
30449 0
30450 1
30451 2
30452 3
30453 0
30454 1
30455 2
30456 3
30457 0
30458 1
30459 2
30460 3
30461 0
30462 1
30463 2
30464 3
30465 0
30466 1
30467 2
30468 3
30469 0
30470 1
30471 2
30472 3
30473 0
30474 1
30475 2
30476 3
30477 0
30478 1
30479 2
30480 3
30481 0
30482 1
30483 2
30484 3
30485 0
30486 1
30487 2
30488 4
30489 3
30490 0
30491 1
30492 2
30493 3
30494 0
30495 1
30496 2
30497 3
30498 0
30499 1
30500 2
30501 3
30502 0
30503 1
30504 2
30505 3
30506 0
30507 1
30508 2
30509 3
30510 0
30511 1
30512 2
30513 3
30514 0
30515 1
30516 2
30517 3
30518 0
30519 1
30520 2
30521 3
30522 0
30523 1
30524 2
30525 3
30526 0
30527 1
30528 2
30529 3
30530 0
30531 1
30532 2
30533 3
30534 0
30535 1
30536 2
30537 4
30538 3
30539 0
30540 1
30541 2
30542 3
30543 0
30544 1
30545 2
30546 3
30547 4
30548 1
30549 2
30550 0
30551 3
30552 1
30553 2
30554 0
30555 3
30556 1
30557 2
30558 0
30559 4
30560 1
30561 2
30562 3
30563 0
30564 1
30565 2
30566 3
30567 0
30568 1
30569 2
30570 3
30571 4
30572 1
30573 2
30574 0
30575 3
30576 1
30577 2
30578 0
30579 3
30580 1
30581 2
30582 0
30583 4
30584 1
30585 2
30586 3
30587 0
30588 1
30589 2
30590 3
30591 0
30592 1
30593 2
30594 3
30595 0
30596 1
30597 2
30598 3
30599 0
30600 1
30601 2
30602 3
30603 0
30604 1
30605 2
30606 3
30607 0
30608 1
30609 2
30610 3
30611 0
30612 1
30613 2
30614 3
30615 0
30616 1
30617 2
30618 3
30619 0
30620 1
30621 2
30622 3
30623 0
30624 1
30625 2
30626 3
30627 0
30628 1
30629 2
30630 3
30631 0
30632 1
30633 2
30634 4
30635 3
30636 0
30637 1
30638 2
30639 3
30640 0
30641 1
30642 2
30643 3
30644 0
30645 1
30646 2
30647 3
30648 0
30649 1
30650 2
30651 3
30652 0
30653 1
30654 2
30655 3
30656 0
30657 1
30658 2
30659 3
30660 0
30661 1
30662 2
30663 3
30664 0
30665 1
30666 2
30667 3
30668 0
30669 1
30670 2
30671 3
30672 0
30673 1
30674 2
30675 3
30676 0
30677 1
30678 2
30679 3
30680 0
30681 1
30682 2
30683 4
30684 3
30685 0
30686 1
30687 2
30688 3
30689 0
30690 1
30691 2
30692 3
30693 0
30694 1
30695 2
30696 3
30697 0
30698 1
30699 2
30700 3
30701 0
30702 1
30703 2
30704 3
30705 0
30706 1
30707 2
30708 3
30709 0
30710 1
30711 2
30712 3
30713 0
30714 1
30715 2
30716 3
30717 0
30718 1
30719 2
30720 3
30721 0
30722 1
30723 2
30724 3
30725 0
30726 1
30727 2
30728 3
30729 0
30730 1
30731 2
30732 4
30733 3
30734 0
30735 1
30736 2
30737 3
30738 0
30739 1
30740 2
30741 3
30742 4
30743 1
30744 2
30745 0
30746 3
30747 1
30748 2
30749 0
30750 3
30751 1
30752 2
30753 0
30754 4
30755 1
30756 2
30757 3
30758 0
30759 1
30760 2
30761 3
30762 0
30763 1
30764 2
30765 3
30766 4
30767 1
30768 2
30769 0
30770 3
30771 1
30772 2
30773 0
30774 3
30775 1
30776 2
30777 0
30778 4
30779 1
30780 2
30781 3
30782 0
30783 1
30784 2
30785 3
30786 0
30787 1
30788 2
30789 3
30790 0
30791 1
30792 2
30793 3
30794 0
30795 1
30796 2
30797 3
30798 0
30799 1
30800 2
30801 3
30802 0
30803 1
30804 2
30805 3
30806 0
30807 1
30808 2
30809 3
30810 0
30811 1
30812 2
30813 3
30814 0
30815 1
30816 2
30817 3
30818 0
30819 1
30820 2
30821 3
30822 0
30823 1
30824 2
30825 3
30826 0
30827 1
30828 2
30829 4
30830 3
30831 0
30832 1
30833 2
30834 3
30835 0
30836 1
30837 2
30838 3
30839 0
30840 1
30841 2
30842 3
30843 0
30844 1
30845 2
30846 3
30847 0
30848 1
30849 2
30850 3
30851 0
30852 1
30853 2
30854 4
30855 3
30856 0
30857 1
30858 2
30859 3
30860 0
30861 1
30862 2
30863 3
30864 4
30865 1
30866 2
30867 0
30868 3
30869 1
30870 2
30871 0
30872 3
30873 1
30874 2
30875 0
30876 4
30877 1
30878 2
30879 3
30880 0
30881 1
30882 2
30883 3
30884 0
30885 1
30886 2
30887 3
30888 0
30889 1
30890 2
30891 3
30892 0
30893 1
30894 2
30895 3
30896 0
30897 1
30898 2
30899 3
30900 0
30901 1
30902 2
30903 3
30904 0
30905 1
30906 2
30907 3
30908 0
30909 1
30910 2
30911 3
30912 0
30913 1
30914 2
30915 3
30916 0
30917 1
30918 2
30919 3
30920 0
30921 1
30922 2
30923 3
30924 0
30925 1
30926 2
30927 4
30928 3
30929 0
30930 1
30931 2
30932 3
30933 0
30934 1
30935 2
30936 3
30937 0
30938 1
30939 2
30940 3
30941 0
30942 1
30943 2
30944 3
30945 0
30946 1
30947 2
30948 3
30949 0
30950 1
30951 2
30952 4
30953 3
30954 0
30955 1
30956 2
30957 3
30958 0
30959 1
30960 2
30961 3
30962 4
30963 1
30964 2
30965 0
30966 3
30967 1
30968 2
30969 0
30970 3
30971 1
30972 2
30973 0
30974 4
30975 1
30976 2
30977 3
30978 0
30979 1
30980 2
30981 3
30982 0
30983 1
30984 2
30985 3
30986 0
30987 1
30988 2
30989 3
30990 0
30991 1
30992 2
30993 3
30994 0
30995 1
30996 2
30997 3
30998 0
30999 1
31000 2
31001 3
31002 0
31003 1
31004 2
31005 3
31006 0
31007 1
31008 2
31009 3
31010 0
31011 1
31012 2
31013 3
31014 0
31015 1
31016 2
31017 3
31018 0
31019 1
31020 2
31021 3
31022 0
31023 1
31024 2
31025 4
31026 3
31027 0
31028 1
31029 2
31030 3
31031 0
31032 1
31033 2
31034 3
31035 0
31036 1
31037 2
31038 3
31039 0
31040 1
31041 2
31042 3
31043 0
31044 1
31045 2
31046 3
31047 0
31048 1
31049 2
31050 3
31051 0
31052 1
31053 2
31054 3
31055 0
31056 1
31057 2
31058 3
31059 0
31060 1
31061 2
31062 3
31063 0
31064 1
31065 2
31066 3
31067 0
31068 1
31069 2
31070 3
31071 0
31072 1
31073 2
31074 4
31075 3
31076 0
31077 1
31078 2
31079 3
31080 0
31081 1
31082 2
31083 3
31084 0
31085 1
31086 2
31087 3
31088 0
31089 1
31090 2
31091 3
31092 0
31093 1
31094 2
31095 3
31096 0
31097 1
31098 2
31099 3
31100 0
31101 1
31102 2
31103 3
31104 0
31105 1
31106 2
31107 3
31108 0
31109 1
31110 2
31111 3
31112 0
31113 1
31114 2
31115 3
31116 0
31117 1
31118 2
31119 3
31120 0
31121 1
31122 2
31123 4
31124 3
31125 0
31126 1
31127 2
31128 3
31129 0
31130 1
31131 2
31132 3
31133 4
31134 1
31135 2
31136 0
31137 3
31138 1
31139 2
31140 0
31141 3
31142 1
31143 2
31144 0
31145 4
31146 1
31147 2
31148 3
31149 0
31150 1
31151 2
31152 3
31153 0
31154 1
31155 2
31156 3
31157 4
31158 1
31159 2
31160 0
31161 3
31162 1
31163 2
31164 0
31165 3
31166 1
31167 2
31168 0
31169 4
31170 1
31171 2
31172 3
31173 0
31174 1
31175 2
31176 3
31177 0
31178 1
31179 2
31180 3
31181 0
31182 1
31183 2
31184 3
31185 0
31186 1
31187 2
31188 3
31189 0
31190 1
31191 2
31192 3
31193 0
31194 1
31195 2
31196 3
31197 0
31198 1
31199 2
31200 3
31201 0
31202 1
31203 2
31204 3
31205 0
31206 1
31207 2
31208 3
31209 0
31210 1
31211 2
31212 3
31213 0
31214 1
31215 2
31216 3
31217 0
31218 1
31219 2
31220 4
31221 3
31222 0
31223 1
31224 2
31225 3
31226 0
31227 1
31228 2
31229 3
31230 0
31231 1
31232 2
31233 3
31234 0
31235 1
31236 2
31237 3
31238 0
31239 1
31240 2
31241 3
31242 0
31243 1
31244 2
31245 4
31246 3
31247 0
31248 1
31249 2
31250 3
31251 0
31252 1
31253 2
31254 3
31255 4
31256 1
31257 2
31258 0
31259 3
31260 1
31261 2
31262 0
31263 3
31264 1
31265 2
31266 0
31267 4
31268 1
31269 2
31270 3
31271 0
31272 1
31273 2
31274 3
31275 0
31276 1
31277 2
31278 3
31279 0
31280 1
31281 2
31282 3
31283 0
31284 1
31285 2
31286 3
31287 0
31288 1
31289 2
31290 3
31291 0
31292 1
31293 2
31294 3
31295 0
31296 1
31297 2
31298 3
31299 0
31300 1
31301 2
31302 3
31303 0
31304 1
31305 2
31306 3
31307 0
31308 1
31309 2
31310 3
31311 0
31312 1
31313 2
31314 3
31315 0
31316 1
31317 2
31318 4
31319 3
31320 0
31321 1
31322 2
31323 3
31324 0
31325 1
31326 2
31327 3
31328 4
31329 1
31330 2
31331 0
31332 3
31333 1
31334 2
31335 0
31336 3
31337 1
31338 2
31339 0
31340 4
31341 1
31342 2
31343 3
31344 0
31345 1
31346 2
31347 3
31348 0
31349 1
31350 2
31351 3
31352 4
31353 1
31354 2
31355 0
31356 3
31357 1
31358 2
31359 0
31360 3
31361 1
31362 2
31363 0
31364 4
31365 1
31366 2
31367 3
31368 0
31369 1
31370 2
31371 3
31372 0
31373 1
31374 2
31375 3
31376 0
31377 1
31378 2
31379 3
31380 0
31381 1
31382 2
31383 3
31384 0
31385 1
31386 2
31387 3
31388 0
31389 1
31390 2
31391 3
31392 0
31393 1
31394 2
31395 3
31396 0
31397 1
31398 2
31399 3
31400 0
31401 1
31402 2
31403 3
31404 0
31405 1
31406 2
31407 3
31408 0
31409 1
31410 2
31411 3
31412 0
31413 1
31414 2
31415 4
31416 3
31417 0
31418 1
31419 2
31420 3
31421 0
31422 1
31423 2
31424 3
31425 0
31426 1
31427 2
31428 3
31429 0
31430 1
31431 2
31432 3
31433 0
31434 1
31435 2
31436 3
31437 0
31438 1
31439 2
31440 3
31441 0
31442 1
31443 2
31444 3
31445 0
31446 1
31447 2
31448 3
31449 0
31450 1
31451 2
31452 3
31453 0
31454 1
31455 2
31456 3
31457 0
31458 1
31459 2
31460 3
31461 0
31462 1
31463 2
31464 4
31465 3
31466 0
31467 1
31468 2
31469 3
31470 0
31471 1
31472 2
31473 3
31474 0
31475 1
31476 2
31477 3
31478 0
31479 1
31480 2
31481 3
31482 0
31483 1
31484 2
31485 3
31486 0
31487 1
31488 2
31489 3
31490 0
31491 1
31492 2
31493 3
31494 0
31495 1
31496 2
31497 3
31498 0
31499 1
31500 2
31501 3
31502 0
31503 1
31504 2
31505 3
31506 0
31507 1
31508 2
31509 3
31510 0
31511 1
31512 2
31513 4
31514 3
31515 0
31516 1
31517 2
31518 3
31519 0
31520 1
31521 2
31522 3
31523 4
31524 1
31525 2
31526 0
31527 3
31528 1
31529 2
31530 0
31531 3
31532 1
31533 2
31534 0
31535 4
31536 1
31537 2
31538 3
31539 0
31540 1
31541 2
31542 3
31543 0
31544 1
31545 2
31546 3
31547 4
31548 1
31549 2
31550 0
31551 3
31552 1
31553 2
31554 0
31555 3
31556 1
31557 2
31558 0
31559 4
31560 1
31561 2
31562 3
31563 0
31564 1
31565 2
31566 3
31567 0
31568 1
31569 2
31570 3
31571 0
31572 1
31573 2
31574 3
31575 0
31576 1
31577 2
31578 3
31579 0
31580 1
31581 2
31582 3
31583 0
31584 1
31585 2
31586 3
31587 0
31588 1
31589 2
31590 3
31591 0
31592 1
31593 2
31594 3
31595 0
31596 1
31597 2
31598 3
31599 0
31600 1
31601 2
31602 3
31603 0
31604 1
31605 2
31606 3
31607 0
31608 1
31609 2
31610 4
31611 3
31612 0
31613 1
31614 2
31615 3
31616 0
31617 1
31618 2
31619 3
31620 0
31621 1
31622 2
31623 3
31624 0
31625 1
31626 2
31627 3
31628 0
31629 1
31630 2
31631 3
31632 0
31633 1
31634 2
31635 4
31636 3
31637 0
31638 1
31639 2
31640 3
31641 0
31642 1
31643 2
31644 3
31645 4
31646 1
31647 2
31648 0
31649 3
31650 1
31651 2
31652 0
31653 3
31654 1
31655 2
31656 0
31657 4
31658 1
31659 2
31660 3
31661 0
31662 1
31663 2
31664 3
31665 0
31666 1
31667 2
31668 3
31669 0
31670 1
31671 2
31672 3
31673 0
31674 1
31675 2
31676 3
31677 0
31678 1
31679 2
31680 3
31681 0
31682 1
31683 2
31684 3
31685 0
31686 1
31687 2
31688 3
31689 0
31690 1
31691 2
31692 3
31693 0
31694 1
31695 2
31696 3
31697 0
31698 1
31699 2
31700 3
31701 0
31702 1
31703 2
31704 3
31705 0
31706 1
31707 2
31708 4
31709 3
31710 0
31711 1
31712 2
31713 3
31714 0
31715 1
31716 2
31717 3
31718 0
31719 1
31720 2
31721 3
31722 0
31723 1
31724 2
31725 3
31726 0
31727 1
31728 2
31729 3
31730 0
31731 1
31732 2
31733 4
31734 3
31735 0
31736 1
31737 2
31738 3
31739 0
31740 1
31741 2
31742 3
31743 4
31744 1
31745 2
31746 0
31747 3
31748 1
31749 2
31750 0
31751 3
31752 1
31753 2
31754 0
31755 4
31756 1
31757 2
31758 3
31759 0
31760 1
31761 2
31762 3
31763 0
31764 1
31765 2
31766 3
31767 0
31768 1
31769 2
31770 3
31771 0
31772 1
31773 2
31774 3
31775 0
31776 1
31777 2
31778 3
31779 0
31780 1
31781 2
31782 3
31783 0
31784 1
31785 2
31786 3
31787 0
31788 1
31789 2
31790 3
31791 0
31792 1
31793 2
31794 3
31795 0
31796 1
31797 2
31798 3
31799 0
31800 1
31801 2
31802 3
31803 0
31804 1
31805 2
31806 4
31807 3
31808 0
31809 1
31810 2
31811 3
31812 0
31813 1
31814 2
31815 3
31816 0
31817 1
31818 2
31819 3
31820 0
31821 1
31822 2
31823 3
31824 0
31825 1
31826 2
31827 3
31828 0
31829 1
31830 2
31831 3
31832 0
31833 1
31834 2
31835 3
31836 0
31837 1
31838 2
31839 3
31840 0
31841 1
31842 2
31843 3
31844 0
31845 1
31846 2
31847 3
31848 0
31849 1
31850 2
31851 3
31852 0
31853 1
31854 2
31855 4
31856 3
31857 0
31858 1
31859 2
31860 3
31861 0
31862 1
31863 2
31864 3
31865 0
31866 1
31867 2
31868 3
31869 0
31870 1
31871 2
31872 3
31873 0
31874 1
31875 2
31876 3
31877 0
31878 1
31879 2
31880 3
31881 0
31882 1
31883 2
31884 3
31885 0
31886 1
31887 2
31888 3
31889 0
31890 1
31891 2
31892 3
31893 0
31894 1
31895 2
31896 3
31897 0
31898 1
31899 2
31900 3
31901 0
31902 1
31903 2
31904 4
31905 3
31906 0
31907 1
31908 2
31909 3
31910 0
31911 1
31912 2
31913 3
31914 4
31915 1
31916 2
31917 0
31918 3
31919 1
31920 2
31921 0
31922 3
31923 1
31924 2
31925 0
31926 4
31927 1
31928 2
31929 3
31930 0
31931 1
31932 2
31933 3
31934 0
31935 1
31936 2
31937 3
31938 4
31939 1
31940 2
31941 0
31942 3
31943 1
31944 2
31945 0
31946 3
31947 1
31948 2
31949 0
31950 4
31951 1
31952 2
31953 3
31954 0
31955 1
31956 2
31957 3
31958 0
31959 1
31960 2
31961 3
31962 0
31963 1
31964 2
31965 3
31966 0
31967 1
31968 2
31969 3
31970 0
31971 1
31972 2
31973 3
31974 0
31975 1
31976 2
31977 3
31978 0
31979 1
31980 2
31981 3
31982 0
31983 1
31984 2
31985 3
31986 0
31987 1
31988 2
31989 3
31990 0
31991 1
31992 2
31993 3
31994 0
31995 1
31996 2
31997 3
31998 0
31999 1
32000 2
32001 4
32002 3
32003 0
32004 1
32005 2
32006 3
32007 0
32008 1
32009 2
32010 3
32011 0
32012 1
32013 2
32014 3
32015 0
32016 1
32017 2
32018 3
32019 0
32020 1
32021 2
32022 3
32023 0
32024 1
32025 2
32026 3
32027 0
32028 1
32029 2
32030 3
32031 0
32032 1
32033 2
32034 3
32035 0
32036 1
32037 2
32038 3
32039 0
32040 1
32041 2
32042 3
32043 0
32044 1
32045 2
32046 3
32047 0
32048 1
32049 2
32050 4
32051 3
32052 0
32053 1
32054 2
32055 3
32056 0
32057 1
32058 2
32059 3
32060 0
32061 1
32062 2
32063 3
32064 0
32065 1
32066 2
32067 3
32068 0
32069 1
32070 2
32071 3
32072 0
32073 1
32074 2
32075 3
32076 0
32077 1
32078 2
32079 3
32080 0
32081 1
32082 2
32083 3
32084 0
32085 1
32086 2
32087 3
32088 0
32089 1
32090 2
32091 3
32092 0
32093 1
32094 2
32095 3
32096 0
32097 1
32098 2
32099 4
32100 3
32101 0
32102 1
32103 2
32104 3
32105 0
32106 1
32107 2
32108 3
32109 4
32110 1
32111 2
32112 0
32113 3
32114 1
32115 2
32116 0
32117 3
32118 1
32119 2
32120 0
32121 4
32122 1
32123 2
32124 3
32125 0
32126 1
32127 2
32128 3
32129 0
32130 1
32131 2
32132 3
32133 4
32134 1
32135 2
32136 0
32137 3
32138 1
32139 2
32140 0
32141 3
32142 1
32143 2
32144 0
32145 4
32146 1
32147 2
32148 3
32149 0
32150 1
32151 2
32152 3
32153 0
32154 1
32155 2
32156 3
32157 0
32158 1
32159 2
32160 3
32161 0
32162 1
32163 2
32164 3
32165 0
32166 1
32167 2
32168 3
32169 0
32170 1
32171 2
32172 3
32173 0
32174 1
32175 2
32176 3
32177 0
32178 1
32179 2
32180 3
32181 0
32182 1
32183 2
32184 3
32185 0
32186 1
32187 2
32188 3
32189 0
32190 1
32191 2
32192 3
32193 0
32194 1
32195 2
32196 4
32197 3
32198 0
32199 1
32200 2
32201 3
32202 0
32203 1
32204 2
32205 3
32206 0
32207 1
32208 2
32209 3
32210 0
32211 1
32212 2
32213 3
32214 0
32215 1
32216 2
32217 3
32218 0
32219 1
32220 2
32221 3
32222 0
32223 1
32224 2
32225 3
32226 0
32227 1
32228 2
32229 3
32230 0
32231 1
32232 2
32233 3
32234 0
32235 1
32236 2
32237 3
32238 0
32239 1
32240 2
32241 3
32242 0
32243 1
32244 2
32245 4
32246 3
32247 0
32248 1
32249 2
32250 3
32251 0
32252 1
32253 2
32254 3
32255 0
32256 1
32257 2
32258 3
32259 0
32260 1
32261 2
32262 3
32263 0
32264 1
32265 2
32266 3
32267 0
32268 1
32269 2
32270 3
32271 0
32272 1
32273 2
32274 3
32275 0
32276 1
32277 2
32278 3
32279 0
32280 1
32281 2
32282 3
32283 0
32284 1
32285 2
32286 3
32287 0
32288 1
32289 2
32290 3
32291 0
32292 1
32293 2
32294 4
32295 3
32296 0
32297 1
32298 2
32299 3
32300 0
32301 1
32302 2
32303 3
32304 4
32305 1
32306 2
32307 0
32308 3
32309 1
32310 2
32311 0
32312 3
32313 1
32314 2
32315 0
32316 4
32317 1
32318 2
32319 3
32320 0
32321 1
32322 2
32323 3
32324 0
32325 1
32326 2
32327 3
32328 4
32329 1
32330 2
32331 0
32332 3
32333 1
32334 2
32335 0
32336 3
32337 1
32338 2
32339 0
32340 4
32341 1
32342 2
32343 3
32344 0
32345 1
32346 2
32347 3
32348 0
32349 1
32350 2
32351 3
32352 0
32353 1
32354 2
32355 3
32356 0
32357 1
32358 2
32359 3
32360 0
32361 1
32362 2
32363 3
32364 0
32365 1
32366 2
32367 3
32368 0
32369 1
32370 2
32371 3
32372 0
32373 1
32374 2
32375 3
32376 0
32377 1
32378 2
32379 3
32380 0
32381 1
32382 2
32383 3
32384 0
32385 1
32386 2
32387 3
32388 0
32389 1
32390 2
32391 4
32392 3
32393 0
32394 1
32395 2
32396 3
32397 0
32398 1
32399 2
32400 3
32401 0
32402 1
32403 2
32404 3
32405 0
32406 1
32407 2
32408 3
32409 0
32410 1
32411 2
32412 3
32413 0
32414 1
32415 2
32416 4
32417 3
32418 0
32419 1
32420 2
32421 3
32422 0
32423 1
32424 2
32425 3
32426 4
32427 1
32428 2
32429 0
32430 3
32431 1
32432 2
32433 0
32434 3
32435 1
32436 2
32437 0
32438 4
32439 1
32440 2
32441 3
32442 0
32443 1
32444 2
32445 3
32446 0
32447 1
32448 2
32449 3
32450 0
32451 1
32452 2
32453 3
32454 0
32455 1
32456 2
32457 3
32458 0
32459 1
32460 2
32461 3
32462 0
32463 1
32464 2
32465 3
32466 0
32467 1
32468 2
32469 3
32470 0
32471 1
32472 2
32473 3
32474 0
32475 1
32476 2
32477 3
32478 0
32479 1
32480 2
32481 3
32482 0
32483 1
32484 2
32485 3
32486 0
32487 1
32488 2
32489 4
32490 3
32491 0
32492 1
32493 2
32494 3
32495 0
32496 1
32497 2
32498 3
32499 0
32500 1
32501 2
32502 3
32503 0
32504 1
32505 2
32506 3
32507 0
32508 1
32509 2
32510 3
32511 0
32512 1
32513 2
32514 4
32515 3
32516 0
32517 1
32518 2
32519 3
32520 0
32521 1
32522 2
32523 3
32524 4
32525 1
32526 2
32527 0
32528 3
32529 1
32530 2
32531 0
32532 3
32533 1
32534 2
32535 0
32536 4
32537 1
32538 2
32539 3
32540 0
32541 1
32542 2
32543 3
32544 0
32545 1
32546 2
32547 3
32548 0
32549 1
32550 2
32551 3
32552 0
32553 1
32554 2
32555 3
32556 0
32557 1
32558 2
32559 3
32560 0
32561 1
32562 2
32563 3
32564 0
32565 1
32566 2
32567 3
32568 0
32569 1
32570 2
32571 3
32572 0
32573 1
32574 2
32575 3
32576 0
32577 1
32578 2
32579 3
32580 0
32581 1
32582 2
32583 3
32584 0
32585 1
32586 2
32587 4
32588 3
32589 0
32590 1
32591 2
32592 3
32593 0
32594 1
32595 2
32596 3
32597 0
32598 1
32599 2
32600 3
32601 0
32602 1
32603 2
32604 3
32605 0
32606 1
32607 2
32608 3
32609 0
32610 1
32611 2
32612 3
32613 0
32614 1
32615 2
32616 3
32617 0
32618 1
32619 2
32620 3
32621 0
32622 1
32623 2
32624 3
32625 0
32626 1
32627 2
32628 3
32629 0
32630 1
32631 2
32632 3
32633 0
32634 1
32635 2
32636 4
32637 3
32638 0
32639 1
32640 2
32641 3
32642 0
32643 1
32644 2
32645 3
32646 0
32647 1
32648 2
32649 3
32650 0
32651 1
32652 2
32653 3
32654 0
32655 1
32656 2
32657 3
32658 0
32659 1
32660 2
32661 3
32662 0
32663 1
32664 2
32665 3
32666 0
32667 1
32668 2
32669 3
32670 0
32671 1
32672 2
32673 3
32674 0
32675 1
32676 2
32677 3
32678 0
32679 1
32680 2
32681 3
32682 0
32683 1
32684 2
32685 4
32686 3
32687 0
32688 1
32689 2
32690 3
32691 0
32692 1
32693 2
32694 3
32695 4
32696 1
32697 2
32698 0
32699 3
32700 1
32701 2
32702 0
32703 3
32704 1
32705 2
32706 0
32707 4
32708 1
32709 2
32710 3
32711 0
32712 1
32713 2
32714 3
32715 0
32716 1
32717 2
32718 3
32719 4
32720 1
32721 2
32722 0
32723 3
32724 1
32725 2
32726 0
32727 3
32728 1
32729 2
32730 0
32731 4
32732 1
32733 2
32734 3
32735 0
32736 1
32737 2
32738 3
32739 0
32740 1
32741 2
32742 3
32743 0
32744 1
32745 2
32746 3
32747 0
32748 1
32749 2
32750 3
32751 0
32752 1
32753 2
32754 3
32755 0
32756 1
32757 2
32758 3
32759 0
32760 1
32761 2
32762 3
32763 0
32764 1
32765 2
32766 3
32767 0
32768 1
32769 2
32770 3
32771 0
32772 1
32773 2
32774 3
32775 0
32776 1
32777 2
32778 3
32779 0
32780 1
32781 2
32782 4
32783 3
32784 0
32785 1
32786 2
32787 3
32788 0
32789 1
32790 2
32791 3
32792 0
32793 1
32794 2
32795 3
32796 0
32797 1
32798 2
32799 3
32800 0
32801 1
32802 2
32803 3
32804 0
32805 1
32806 2
32807 4
32808 3
32809 0
32810 1
32811 2
32812 3
32813 0
32814 1
32815 2
32816 3
32817 4
32818 1
32819 2
32820 0
32821 3
32822 1
32823 2
32824 0
32825 3
32826 1
32827 2
32828 0
32829 4
32830 1
32831 2
32832 3
32833 0
32834 1
32835 2
32836 3
32837 0
32838 1
32839 2
32840 3
32841 0
32842 1
32843 2
32844 3
32845 0
32846 1
32847 2
32848 3
32849 0
32850 1
32851 2
32852 3
32853 0
32854 1
32855 2
32856 3
32857 0
32858 1
32859 2
32860 3
32861 0
32862 1
32863 2
32864 3
32865 0
32866 1
32867 2
32868 3
32869 0
32870 1
32871 2
32872 3
32873 0
32874 1
32875 2
32876 3
32877 0
32878 1
32879 2
32880 4
32881 3
32882 0
32883 1
32884 2
32885 3
32886 0
32887 1
32888 2
32889 3
32890 0
32891 1
32892 2
32893 3
32894 0
32895 1
32896 2
32897 3
32898 0
32899 1
32900 2
32901 3
32902 0
32903 1
32904 2
32905 4
32906 3
32907 0
32908 1
32909 2
32910 3
32911 0
32912 1
32913 2
32914 3
32915 4
32916 1
32917 2
32918 0
32919 3
32920 1
32921 2
32922 0
32923 3
32924 1
32925 2
32926 0
32927 4
32928 1
32929 2
32930 3
32931 0
32932 1
32933 2
32934 3
32935 0
32936 1
32937 2
32938 3
32939 0
32940 1
32941 2
32942 3
32943 0
32944 1
32945 2
32946 3
32947 0
32948 1
32949 2
32950 3
32951 0
32952 1
32953 2
32954 3
32955 0
32956 1
32957 2
32958 3
32959 0
32960 1
32961 2
32962 3
32963 0
32964 1
32965 2
32966 3
32967 0
32968 1
32969 2
32970 3
32971 0
32972 1
32973 2
32974 3
32975 0
32976 1
32977 2
32978 4
32979 3
32980 0
32981 1
32982 2
32983 3
32984 0
32985 1
32986 2
32987 3
32988 0
32989 1
32990 2
32991 3
32992 0
32993 1
32994 2
32995 3
32996 0
32997 1
32998 2
32999 3
33000 0
33001 1
33002 2
33003 3
33004 0
33005 1
33006 2
33007 3
33008 0
33009 1
33010 2
33011 3
33012 0
33013 1
33014 2
33015 3
33016 0
33017 1
33018 2
33019 3
33020 0
33021 1
33022 2
33023 3
33024 0
33025 1
33026 2
33027 4
33028 3
33029 0
33030 1
33031 2
33032 3
33033 0
33034 1
33035 2
33036 3
33037 0
33038 1
33039 2
33040 3
33041 0
33042 1
33043 2
33044 3
33045 0
33046 1
33047 2
33048 3
33049 0
33050 1
33051 2
33052 3
33053 0
33054 1
33055 2
33056 3
33057 0
33058 1
33059 2
33060 3
33061 0
33062 1
33063 2
33064 3
33065 0
33066 1
33067 2
33068 3
33069 0
33070 1
33071 2
33072 3
33073 0
33074 1
33075 2
33076 4
33077 3
33078 0
33079 1
33080 2
33081 3
33082 0
33083 1
33084 2
33085 3
33086 4
33087 1
33088 2
33089 0
33090 3
33091 1
33092 2
33093 0
33094 3
33095 1
33096 2
33097 0
33098 4
33099 1
33100 2
33101 3
33102 0
33103 1
33104 2
33105 3
33106 0
33107 1
33108 2
33109 3
33110 4
33111 1
33112 2
33113 0
33114 3
33115 1
33116 2
33117 0
33118 3
33119 1
33120 2
33121 0
33122 4
33123 1
33124 2
33125 3
33126 0
33127 1
33128 2
33129 3
33130 0
33131 1
33132 2
33133 3
33134 0
33135 1
33136 2
33137 3
33138 0
33139 1
33140 2
33141 3
33142 0
33143 1
33144 2
33145 3
33146 0
33147 1
33148 2
33149 3
33150 0
33151 1
33152 2
33153 3
33154 0
33155 1
33156 2
33157 3
33158 0
33159 1
33160 2
33161 3
33162 0
33163 1
33164 2
33165 3
33166 0
33167 1
33168 2
33169 3
33170 0
33171 1
33172 2
33173 4
33174 3
33175 0
33176 1
33177 2
33178 3
33179 0
33180 1
33181 2
33182 3
33183 0
33184 1
33185 2
33186 3
33187 0
33188 1
33189 2
33190 3
33191 0
33192 1
33193 2
33194 3
33195 0
33196 1
33197 2
33198 4
33199 3
33200 0
33201 1
33202 2
33203 3
33204 0
33205 1
33206 2
33207 3
33208 4
33209 1
33210 2
33211 0
33212 3
33213 1
33214 2
33215 0
33216 3
33217 1
33218 2
33219 0
33220 4
33221 1
33222 2
33223 3
33224 0
33225 1
33226 2
33227 3
33228 0
33229 1
33230 2
33231 3
33232 0
33233 1
33234 2
33235 3
33236 0
33237 1
33238 2
33239 3
33240 0
33241 1
33242 2
33243 3
33244 0
33245 1
33246 2
33247 3
33248 0
33249 1
33250 2
33251 3
33252 0
33253 1
33254 2
33255 3
33256 0
33257 1
33258 2
33259 3
33260 0
33261 1
33262 2
33263 3
33264 0
33265 1
33266 2
33267 3
33268 0
33269 1
33270 2
33271 4
33272 3
33273 0
33274 1
33275 2
33276 3
33277 0
33278 1
33279 2
33280 3
33281 0
33282 1
33283 2
33284 3
33285 0
33286 1
33287 2
33288 3
33289 0
33290 1
33291 2
33292 3
33293 0
33294 1
33295 2
33296 4
33297 3
33298 0
33299 1
33300 2
33301 3
33302 0
33303 1
33304 2
33305 3
33306 4
33307 1
33308 2
33309 0
33310 3
33311 1
33312 2
33313 0
33314 3
33315 1
33316 2
33317 0
33318 4
33319 1
33320 2
33321 3
33322 0
33323 1
33324 2
33325 3
33326 0
33327 1
33328 2
33329 3
33330 0
33331 1
33332 2
33333 3
33334 0
33335 1
33336 2
33337 3
33338 0
33339 1
33340 2
33341 3
33342 0
33343 1
33344 2
33345 3
33346 0
33347 1
33348 2
33349 3
33350 0
33351 1
33352 2
33353 3
33354 0
33355 1
33356 2
33357 3
33358 0
33359 1
33360 2
33361 3
33362 0
33363 1
33364 2
33365 3
33366 0
33367 1
33368 2
33369 4
33370 3
33371 0
33372 1
33373 2
33374 3
33375 0
33376 1
33377 2
33378 3
33379 0
33380 1
33381 2
33382 3
33383 0
33384 1
33385 2
33386 3
33387 0
33388 1
33389 2
33390 3
33391 0
33392 1
33393 2
33394 3
33395 0
33396 1
33397 2
33398 3
33399 0
33400 1
33401 2
33402 3
33403 0
33404 1
33405 2
33406 3
33407 0
33408 1
33409 2
33410 3
33411 0
33412 1
33413 2
33414 3
33415 0
33416 1
33417 2
33418 4
33419 3
33420 0
33421 1
33422 2
33423 3
33424 0
33425 1
33426 2
33427 3
33428 0
33429 1
33430 2
33431 3
33432 0
33433 1
33434 2
33435 3
33436 0
33437 1
33438 2
33439 3
33440 0
33441 1
33442 2
33443 3
33444 0
33445 1
33446 2
33447 3
33448 0
33449 1
33450 2
33451 3
33452 0
33453 1
33454 2
33455 3
33456 0
33457 1
33458 2
33459 3
33460 0
33461 1
33462 2
33463 3
33464 0
33465 1
33466 2
33467 4
33468 3
33469 0
33470 1
33471 2
33472 3
33473 0
33474 1
33475 2
33476 3
33477 4
33478 1
33479 2
33480 0
33481 3
33482 1
33483 2
33484 0
33485 3
33486 1
33487 2
33488 0
33489 4
33490 1
33491 2
33492 3
33493 0
33494 1
33495 2
33496 3
33497 0
33498 1
33499 2
33500 3
33501 4
33502 1
33503 2
33504 0
33505 3
33506 1
33507 2
33508 0
33509 3
33510 1
33511 2
33512 0
33513 4
33514 1
33515 2
33516 3
33517 0
33518 1
33519 2
33520 3
33521 0
33522 1
33523 2
33524 3
33525 0
33526 1
33527 2
33528 3
33529 0
33530 1
33531 2
33532 3
33533 0
33534 1
33535 2
33536 3
33537 0
33538 1
33539 2
33540 3
33541 0
33542 1
33543 2
33544 3
33545 0
33546 1
33547 2
33548 3
33549 0
33550 1
33551 2
33552 3
33553 0
33554 1
33555 2
33556 3
33557 0
33558 1
33559 2
33560 3
33561 0
33562 1
33563 2
33564 4
33565 3
33566 0
33567 1
33568 2
33569 3
33570 0
33571 1
33572 2
33573 3
33574 0
33575 1
33576 2
33577 3
33578 0
33579 1
33580 2
33581 3
33582 0
33583 1
33584 2
33585 3
33586 0
33587 1
33588 2
33589 3
33590 0
33591 1
33592 2
33593 3
33594 0
33595 1
33596 2
33597 3
33598 0
33599 1
33600 2
33601 3
33602 0
33603 1
33604 2
33605 3
33606 0
33607 1
33608 2
33609 3
33610 0
33611 1
33612 2
33613 4
33614 3
33615 0
33616 1
33617 2
33618 3
33619 0
33620 1
33621 2
33622 3
33623 0
33624 1
33625 2
33626 3
33627 0
33628 1
33629 2
33630 3
33631 0
33632 1
33633 2
33634 3
33635 0
33636 1
33637 2
33638 3
33639 0
33640 1
33641 2
33642 3
33643 0
33644 1
33645 2
33646 3
33647 0
33648 1
33649 2
33650 3
33651 0
33652 1
33653 2
33654 3
33655 0
33656 1
33657 2
33658 3
33659 0
33660 1
33661 2
33662 4
33663 3
33664 0
33665 1
33666 2
33667 3
33668 0
33669 1
33670 2
33671 3
33672 4
33673 1
33674 2
33675 0
33676 3
33677 1
33678 2
33679 0
33680 3
33681 1
33682 2
33683 0
33684 4
33685 1
33686 2
33687 3
33688 0
33689 1
33690 2
33691 3
33692 0
33693 1
33694 2
33695 3
33696 4
33697 1
33698 2
33699 0
33700 3
33701 1
33702 2
33703 0
33704 3
33705 1
33706 2
33707 0
33708 4
33709 1
33710 2
33711 3
33712 0
33713 1
33714 2
33715 3
33716 0
33717 1
33718 2
33719 3
33720 0
33721 1
33722 2
33723 3
33724 0
33725 1
33726 2
33727 3
33728 0
33729 1
33730 2
33731 3
33732 0
33733 1
33734 2
33735 3
33736 0
33737 1
33738 2
33739 3
33740 0
33741 1
33742 2
33743 3
33744 0
33745 1
33746 2
33747 3
33748 0
33749 1
33750 2
33751 3
33752 0
33753 1
33754 2
33755 3
33756 0
33757 1
33758 2
33759 4
33760 3
33761 0
33762 1
33763 2
33764 3
33765 0
33766 1
33767 2
33768 3
33769 0
33770 1
33771 2
33772 3
33773 0
33774 1
33775 2
33776 3
33777 0
33778 1
33779 2
33780 3
33781 0
33782 1
33783 2
33784 3
33785 0
33786 1
33787 2
33788 3
33789 0
33790 1
33791 2
33792 3
33793 0
33794 1
33795 2
33796 3
33797 0
33798 1
33799 2
33800 3
33801 0
33802 1
33803 2
33804 3
33805 0
33806 1
33807 2
33808 4
33809 3
33810 0
33811 1
33812 2
33813 3
33814 0
33815 1
33816 2
33817 3
33818 0
33819 1
33820 2
33821 3
33822 0
33823 1
33824 2
33825 3
33826 0
33827 1
33828 2
33829 3
33830 0
33831 1
33832 2
33833 3
33834 0
33835 1
33836 2
33837 3
33838 0
33839 1
33840 2
33841 3
33842 0
33843 1
33844 2
33845 3
33846 0
33847 1
33848 2
33849 3
33850 0
33851 1
33852 2
33853 3
33854 0
33855 1
33856 2
33857 4
33858 3
33859 0
33860 1
33861 2
33862 3
33863 0
33864 1
33865 2
33866 3
33867 4
33868 1
33869 2
33870 0
33871 3
33872 1
33873 2
33874 0
33875 3
33876 1
33877 2
33878 0
33879 4
33880 1
33881 2
33882 3
33883 0
33884 1
33885 2
33886 3
33887 0
33888 1
33889 2
33890 3
33891 4
33892 1
33893 2
33894 0
33895 3
33896 1
33897 2
33898 0
33899 3
33900 1
33901 2
33902 0
33903 4
33904 1
33905 2
33906 3
33907 0
33908 1
33909 2
33910 3
33911 0
33912 1
33913 2
33914 3
33915 0
33916 1
33917 2
33918 3
33919 0
33920 1
33921 2
33922 3
33923 0
33924 1
33925 2
33926 3
33927 0
33928 1
33929 2
33930 3
33931 0
33932 1
33933 2
33934 3
33935 0
33936 1
33937 2
33938 3
33939 0
33940 1
33941 2
33942 3
33943 0
33944 1
33945 2
33946 3
33947 0
33948 1
33949 2
33950 3
33951 0
33952 1
33953 2
33954 4
33955 3
33956 0
33957 1
33958 2
33959 3
33960 0
33961 1
33962 2
33963 3
33964 0
33965 1
33966 2
33967 3
33968 0
33969 1
33970 2
33971 3
33972 0
33973 1
33974 2
33975 3
33976 0
33977 1
33978 2
33979 4
33980 3
33981 0
33982 1
33983 2
33984 3
33985 0
33986 1
33987 2
33988 3
33989 4
33990 1
33991 2
33992 0
33993 3
33994 1
33995 2
33996 0
33997 3
33998 1
33999 2
34000 0
34001 4
34002 1
34003 2
34004 3
34005 0
34006 1
34007 2
34008 3
34009 0
34010 1
34011 2
34012 3
34013 0
34014 1
34015 2
34016 3
34017 0
34018 1
34019 2
34020 3
34021 0
34022 1
34023 2
34024 3
34025 0
34026 1
34027 2
34028 3
34029 0
34030 1
34031 2
34032 3
34033 0
34034 1
34035 2
34036 3
34037 0
34038 1
34039 2
34040 3
34041 0
34042 1
34043 2
34044 3
34045 0
34046 1
34047 2
34048 3
34049 0
34050 1
34051 2
34052 4
34053 3
34054 0
34055 1
34056 2
34057 3
34058 0
34059 1
34060 2
34061 3
34062 0
34063 1
34064 2
34065 3
34066 0
34067 1
34068 2
34069 3
34070 0
34071 1
34072 2
34073 3
34074 0
34075 1
34076 2
34077 4
34078 3
34079 0
34080 1
34081 2
34082 3
34083 0
34084 1
34085 2
34086 3
34087 4
34088 1
34089 2
34090 0
34091 3
34092 1
34093 2
34094 0
34095 3
34096 1
34097 2
34098 0
34099 4
34100 1
34101 2
34102 3
34103 0
34104 1
34105 2
34106 3
34107 0
34108 1
34109 2
34110 3
34111 0
34112 1
34113 2
34114 3
34115 0
34116 1
34117 2
34118 3
34119 0
34120 1
34121 2
34122 3
34123 0
34124 1
34125 2
34126 3
34127 0
34128 1
34129 2
34130 3
34131 0
34132 1
34133 2
34134 3
34135 0
34136 1
34137 2
34138 3
34139 0
34140 1
34141 2
34142 3
34143 0
34144 1
34145 2
34146 3
34147 0
34148 1
34149 2
34150 4
34151 3
34152 0
34153 1
34154 2
34155 3
34156 0
34157 1
34158 2
34159 3
34160 0
34161 1
34162 2
34163 3
34164 0
34165 1
34166 2
34167 3
34168 0
34169 1
34170 2
34171 3
34172 0
34173 1
34174 2
34175 3
34176 0
34177 1
34178 2
34179 3
34180 0
34181 1
34182 2
34183 3
34184 0
34185 1
34186 2
34187 3
34188 0
34189 1
34190 2
34191 3
34192 0
34193 1
34194 2
34195 3
34196 0
34197 1
34198 2
34199 4
34200 3
34201 0
34202 1
34203 2
34204 3
34205 0
34206 1
34207 2
34208 3
34209 0
34210 1
34211 2
34212 3
34213 0
34214 1
34215 2
34216 3
34217 0
34218 1
34219 2
34220 3
34221 0
34222 1
34223 2
34224 3
34225 0
34226 1
34227 2
34228 3
34229 0
34230 1
34231 2
34232 3
34233 0
34234 1
34235 2
34236 3
34237 0
34238 1
34239 2
34240 3
34241 0
34242 1
34243 2
34244 3
34245 0
34246 1
34247 2
34248 4
34249 3
34250 0
34251 1
34252 2
34253 3
34254 0
34255 1
34256 2
34257 3
34258 4
34259 1
34260 2
34261 0
34262 3
34263 1
34264 2
34265 0
34266 3
34267 1
34268 2
34269 0
34270 4
34271 1
34272 2
34273 3
34274 0
34275 1
34276 2
34277 3
34278 0
34279 1
34280 2
34281 3
34282 4
34283 1
34284 2
34285 0
34286 3
34287 1
34288 2
34289 0
34290 3
34291 1
34292 2
34293 0
34294 4
34295 1
34296 2
34297 3
34298 0
34299 1
34300 2
34301 3
34302 0
34303 1
34304 2
34305 3
34306 0
34307 1
34308 2
34309 3
34310 0
34311 1
34312 2
34313 3
34314 0
34315 1
34316 2
34317 3
34318 0
34319 1
34320 2
34321 3
34322 0
34323 1
34324 2
34325 3
34326 0
34327 1
34328 2
34329 3
34330 0
34331 1
34332 2
34333 3
34334 0
34335 1
34336 2
34337 3
34338 0
34339 1
34340 2
34341 3
34342 0
34343 1
34344 2
34345 4
34346 3
34347 0
34348 1
34349 2
34350 3
34351 0
34352 1
34353 2
34354 3
34355 0
34356 1
34357 2
34358 3
34359 0
34360 1
34361 2
34362 3
34363 0
34364 1
34365 2
34366 3
34367 0
34368 1
34369 2
34370 3
34371 0
34372 1
34373 2
34374 3
34375 0
34376 1
34377 2
34378 3
34379 0
34380 1
34381 2
34382 3
34383 0
34384 1
34385 2
34386 3
34387 0
34388 1
34389 2
34390 3
34391 0
34392 1
34393 2
34394 4
34395 3
34396 0
34397 1
34398 2
34399 3
34400 0
34401 1
34402 2
34403 3
34404 0
34405 1
34406 2
34407 3
34408 0
34409 1
34410 2
34411 3
34412 0
34413 1
34414 2
34415 3
34416 0
34417 1
34418 2
34419 3
34420 0
34421 1
34422 2
34423 3
34424 0
34425 1
34426 2
34427 3
34428 0
34429 1
34430 2
34431 3
34432 0
34433 1
34434 2
34435 3
34436 0
34437 1
34438 2
34439 3
34440 0
34441 1
34442 2
34443 4
34444 3
34445 0
34446 1
34447 2
34448 3
34449 0
34450 1
34451 2
34452 3
34453 4
34454 1
34455 2
34456 0
34457 3
34458 1
34459 2
34460 0
34461 3
34462 1
34463 2
34464 0
34465 4
34466 1
34467 2
34468 3
34469 0
34470 1
34471 2
34472 3
34473 0
34474 1
34475 2
34476 3
34477 4
34478 1
34479 2
34480 0
34481 3
34482 1
34483 2
34484 0
34485 3
34486 1
34487 2
34488 0
34489 4
34490 1
34491 2
34492 3
34493 0
34494 1
34495 2
34496 3
34497 0
34498 1
34499 2
34500 3
34501 0
34502 1
34503 2
34504 3
34505 0
34506 1
34507 2
34508 3
34509 0
34510 1
34511 2
34512 3
34513 0
34514 1
34515 2
34516 3
34517 0
34518 1
34519 2
34520 3
34521 0
34522 1
34523 2
34524 3
34525 0
34526 1
34527 2
34528 3
34529 0
34530 1
34531 2
34532 3
34533 0
34534 1
34535 2
34536 3
34537 0
34538 1
34539 2
34540 4
34541 3
34542 0
34543 1
34544 2
34545 3
34546 0
34547 1
34548 2
34549 3
34550 0
34551 1
34552 2
34553 3
34554 0
34555 1
34556 2
34557 3
34558 0
34559 1
34560 2
34561 3
34562 0
34563 1
34564 2
34565 3
34566 0
34567 1
34568 2
34569 3
34570 0
34571 1
34572 2
34573 3
34574 0
34575 1
34576 2
34577 3
34578 0
34579 1
34580 2
34581 3
34582 0
34583 1
34584 2
34585 3
34586 0
34587 1
34588 2
34589 4
34590 3
34591 0
34592 1
34593 2
34594 3
34595 0
34596 1
34597 2
34598 3
34599 0
34600 1
34601 2
34602 3
34603 0
34604 1
34605 2
34606 3
34607 0
34608 1
34609 2
34610 3
34611 0
34612 1
34613 2
34614 3
34615 0
34616 1
34617 2
34618 3
34619 0
34620 1
34621 2
34622 3
34623 0
34624 1
34625 2
34626 3
34627 0
34628 1
34629 2
34630 3
34631 0
34632 1
34633 2
34634 3
34635 0
34636 1
34637 2
34638 4
34639 3
34640 0
34641 1
34642 2
34643 3
34644 0
34645 1
34646 2
34647 3
34648 4
34649 1
34650 2
34651 0
34652 3
34653 1
34654 2
34655 0
34656 3
34657 1
34658 2
34659 0
34660 4
34661 1
34662 2
34663 3
34664 0
34665 1
34666 2
34667 3
34668 0
34669 1
34670 2
34671 3
34672 4
34673 1
34674 2
34675 0
34676 3
34677 1
34678 2
34679 0
34680 3
34681 1
34682 2
34683 0
34684 4
34685 1
34686 2
34687 3
34688 0
34689 1
34690 2
34691 3
34692 0
34693 1
34694 2
34695 3
34696 0
34697 1
34698 2
34699 3
34700 0
34701 1
34702 2
34703 3
34704 0
34705 1
34706 2
34707 3
34708 0
34709 1
34710 2
34711 3
34712 0
34713 1
34714 2
34715 3
34716 0
34717 1
34718 2
34719 3
34720 0
34721 1
34722 2
34723 3
34724 0
34725 1
34726 2
34727 3
34728 0
34729 1
34730 2
34731 3
34732 0
34733 1
34734 2
34735 4
34736 3
34737 0
34738 1
34739 2
34740 3
34741 0
34742 1
34743 2
34744 3
34745 0
34746 1
34747 2
34748 3
34749 0
34750 1
34751 2
34752 3
34753 0
34754 1
34755 2
34756 3
34757 0
34758 1
34759 2
34760 4
34761 3
34762 0
34763 1
34764 2
34765 3
34766 0
34767 1
34768 2
34769 3
34770 4
34771 1
34772 2
34773 0
34774 3
34775 1
34776 2
34777 0
34778 3
34779 1
34780 2
34781 0
34782 4
34783 1
34784 2
34785 3
34786 0
34787 1
34788 2
34789 3
34790 0
34791 1
34792 2
34793 3
34794 0
34795 1
34796 2
34797 3
34798 0
34799 1
34800 2
34801 3
34802 0
34803 1
34804 2
34805 3
34806 0
34807 1
34808 2
34809 3
34810 0
34811 1
34812 2
34813 3
34814 0
34815 1
34816 2
34817 3
34818 0
34819 1
34820 2
34821 3
34822 0
34823 1
34824 2
34825 3
34826 0
34827 1
34828 2
34829 3
34830 0
34831 1
34832 2
34833 4
34834 3
34835 0
34836 1
34837 2
34838 3
34839 0
34840 1
34841 2
34842 3
34843 0
34844 1
34845 2
34846 3
34847 0
34848 1
34849 2
34850 3
34851 0
34852 1
34853 2
34854 3
34855 0
34856 1
34857 2
34858 4
34859 3
34860 0
34861 1
34862 2
34863 3
34864 0
34865 1
34866 2
34867 3
34868 4
34869 1
34870 2
34871 0
34872 3
34873 1
34874 2
34875 0
34876 3
34877 1
34878 2
34879 0
34880 4
34881 1
34882 2
34883 3
34884 0
34885 1
34886 2
34887 3
34888 0
34889 1
34890 2
34891 3
34892 0
34893 1
34894 2
34895 3
34896 0
34897 1
34898 2
34899 3
34900 0
34901 1
34902 2
34903 3
34904 0
34905 1
34906 2
34907 3
34908 0
34909 1
34910 2
34911 3
34912 0
34913 1
34914 2
34915 3
34916 0
34917 1
34918 2
34919 3
34920 0
34921 1
34922 2
34923 3
34924 0
34925 1
34926 2
34927 3
34928 0
34929 1
34930 2
34931 4
34932 3
34933 0
34934 1
34935 2
34936 3
34937 0
34938 1
34939 2
34940 3
34941 0
34942 1
34943 2
34944 3
34945 0
34946 1
34947 2
34948 3
34949 0
34950 1
34951 2
34952 3
34953 0
34954 1
34955 2
34956 3
34957 0
34958 1
34959 2
34960 3
34961 0
34962 1
34963 2
34964 3
34965 0
34966 1
34967 2
34968 3
34969 0
34970 1
34971 2
34972 3
34973 0
34974 1
34975 2
34976 3
34977 0
34978 1
34979 2
34980 4
34981 3
34982 0
34983 1
34984 2
34985 3
34986 0
34987 1
34988 2
34989 3
34990 0
34991 1
34992 2
34993 3
34994 0
34995 1
34996 2
34997 3
34998 0
34999 1
35000 2
35001 3
35002 0
35003 1
35004 2
35005 3
35006 0
35007 1
35008 2
35009 3
35010 0
35011 1
35012 2
35013 3
35014 0
35015 1
35016 2
35017 3
35018 0
35019 1
35020 2
35021 3
35022 0
35023 1
35024 2
35025 3
35026 0
35027 1
35028 2
35029 4
35030 3
35031 0
35032 1
35033 2
35034 3
35035 0
35036 1
35037 2
35038 3
35039 4
35040 1
35041 2
35042 0
35043 3
35044 1
35045 2
35046 0
35047 3
35048 1
35049 2
35050 0
35051 4
35052 1
35053 2
35054 3
35055 0
35056 1
35057 2
35058 3
35059 0
35060 1
35061 2
35062 3
35063 4
35064 1
35065 2
35066 0
35067 3
35068 1
35069 2
35070 0
35071 3
35072 1
35073 2
35074 0
35075 4
35076 1
35077 2
35078 3
35079 0
35080 1
35081 2
35082 3
35083 0
35084 1
35085 2
35086 3
35087 0
35088 1
35089 2
35090 3
35091 0
35092 1
35093 2
35094 3
35095 0
35096 1
35097 2
35098 3
35099 0
35100 1
35101 2
35102 3
35103 0
35104 1
35105 2
35106 3
35107 0
35108 1
35109 2
35110 3
35111 0
35112 1
35113 2
35114 3
35115 0
35116 1
35117 2
35118 3
35119 0
35120 1
35121 2
35122 3
35123 0
35124 1
35125 2
35126 4
35127 3
35128 0
35129 1
35130 2
35131 3
35132 0
35133 1
35134 2
35135 3
35136 0
35137 1
35138 2
35139 3
35140 0
35141 1
35142 2
35143 3
35144 0
35145 1
35146 2
35147 3
35148 0
35149 1
35150 2
35151 3
35152 0
35153 1
35154 2
35155 3
35156 0
35157 1
35158 2
35159 3
35160 0
35161 1
35162 2
35163 3
35164 0
35165 1
35166 2
35167 3
35168 0
35169 1
35170 2
35171 3
35172 0
35173 1
35174 2
35175 4
35176 3
35177 0
35178 1
35179 2
35180 3
35181 0
35182 1
35183 2
35184 3
35185 0
35186 1
35187 2
35188 3
35189 0
35190 1
35191 2
35192 3
35193 0
35194 1
35195 2
35196 3
35197 0
35198 1
35199 2
35200 3
35201 0
35202 1
35203 2
35204 3
35205 0
35206 1
35207 2
35208 3
35209 0
35210 1
35211 2
35212 3
35213 0
35214 1
35215 2
35216 3
35217 0
35218 1
35219 2
35220 3
35221 0
35222 1
35223 2
35224 4
35225 3
35226 0
35227 1
35228 2
35229 3
35230 0
35231 1
35232 2
35233 3
35234 4
35235 1
35236 2
35237 0
35238 3
35239 1
35240 2
35241 0
35242 3
35243 1
35244 2
35245 0
35246 4
35247 1
35248 2
35249 3
35250 0
35251 1
35252 2
35253 3
35254 0
35255 1
35256 2
35257 3
35258 4
35259 1
35260 2
35261 0
35262 3
35263 1
35264 2
35265 0
35266 3
35267 1
35268 2
35269 0
35270 4
35271 1
35272 2
35273 3
35274 0
35275 1
35276 2
35277 3
35278 0
35279 1
35280 2
35281 3
35282 0
35283 1
35284 2
35285 3
35286 0
35287 1
35288 2
35289 3
35290 0
35291 1
35292 2
35293 3
35294 0
35295 1
35296 2
35297 3
35298 0
35299 1
35300 2
35301 3
35302 0
35303 1
35304 2
35305 3
35306 0
35307 1
35308 2
35309 3
35310 0
35311 1
35312 2
35313 3
35314 0
35315 1
35316 2
35317 3
35318 0
35319 1
35320 2
35321 4
35322 3
35323 0
35324 1
35325 2
35326 3
35327 0
35328 1
35329 2
35330 3
35331 0
35332 1
35333 2
35334 3
35335 0
35336 1
35337 2
35338 3
35339 0
35340 1
35341 2
35342 3
35343 0
35344 1
35345 2
35346 3
35347 0
35348 1
35349 2
35350 3
35351 0
35352 1
35353 2
35354 3
35355 0
35356 1
35357 2
35358 3
35359 0
35360 1
35361 2
35362 3
35363 0
35364 1
35365 2
35366 3
35367 0
35368 1
35369 2
35370 4
35371 3
35372 0
35373 1
35374 2
35375 3
35376 0
35377 1
35378 2
35379 3
35380 0
35381 1
35382 2
35383 3
35384 0
35385 1
35386 2
35387 3
35388 0
35389 1
35390 2
35391 3
35392 0
35393 1
35394 2
35395 3
35396 0
35397 1
35398 2
35399 3
35400 0
35401 1
35402 2
35403 3
35404 0
35405 1
35406 2
35407 3
35408 0
35409 1
35410 2
35411 3
35412 0
35413 1
35414 2
35415 3
35416 0
35417 1
35418 2
35419 4
35420 3
35421 0
35422 1
35423 2
35424 3
35425 0
35426 1
35427 2
35428 3
35429 4
35430 1
35431 2
35432 0
35433 3
35434 1
35435 2
35436 0
35437 3
35438 1
35439 2
35440 0
35441 4
35442 1
35443 2
35444 3
35445 0
35446 1
35447 2
35448 3
35449 0
35450 1
35451 2
35452 3
35453 4
35454 1
35455 2
35456 0
35457 3
35458 1
35459 2
35460 0
35461 3
35462 1
35463 2
35464 0
35465 4
35466 1
35467 2
35468 3
35469 0
35470 1
35471 2
35472 3
35473 0
35474 1
35475 2
35476 3
35477 0
35478 1
35479 2
35480 3
35481 0
35482 1
35483 2
35484 3
35485 0
35486 1
35487 2
35488 3
35489 0
35490 1
35491 2
35492 3
35493 0
35494 1
35495 2
35496 3
35497 0
35498 1
35499 2
35500 3
35501 0
35502 1
35503 2
35504 3
35505 0
35506 1
35507 2
35508 3
35509 0
35510 1
35511 2
35512 3
35513 0
35514 1
35515 2
35516 4
35517 3
35518 0
35519 1
35520 2
35521 3
35522 0
35523 1
35524 2
35525 3
35526 0
35527 1
35528 2
35529 3
35530 0
35531 1
35532 2
35533 3
35534 0
35535 1
35536 2
35537 3
35538 0
35539 1
35540 2
35541 4
35542 3
35543 0
35544 1
35545 2
35546 3
35547 0
35548 1
35549 2
35550 3
35551 4
35552 1
35553 2
35554 0
35555 3
35556 1
35557 2
35558 0
35559 3
35560 1
35561 2
35562 0
35563 4
35564 1
35565 2
35566 3
35567 0
35568 1
35569 2
35570 3
35571 0
35572 1
35573 2
35574 3
35575 0
35576 1
35577 2
35578 3
35579 0
35580 1
35581 2
35582 3
35583 0
35584 1
35585 2
35586 3
35587 0
35588 1
35589 2
35590 3
35591 0
35592 1
35593 2
35594 3
35595 0
35596 1
35597 2
35598 3
35599 0
35600 1
35601 2
35602 3
35603 0
35604 1
35605 2
35606 3
35607 0
35608 1
35609 2
35610 3
35611 0
35612 1
35613 2
35614 4
35615 3
35616 0
35617 1
35618 2
35619 3
35620 0
35621 1
35622 2
35623 3
35624 0
35625 1
35626 2
35627 3
35628 0
35629 1
35630 2
35631 3
35632 0
35633 1
35634 2
35635 3
35636 0
35637 1
35638 2
35639 4
35640 3
35641 0
35642 1
35643 2
35644 3
35645 0
35646 1
35647 2
35648 3
35649 4
35650 1
35651 2
35652 0
35653 3
35654 1
35655 2
35656 0
35657 3
35658 1
35659 2
35660 0
35661 4
35662 1
35663 2
35664 3
35665 0
35666 1
35667 2
35668 3
35669 0
35670 1
35671 2
35672 3
35673 0
35674 1
35675 2
35676 3
35677 0
35678 1
35679 2
35680 3
35681 0
35682 1
35683 2
35684 3
35685 0
35686 1
35687 2
35688 3
35689 0
35690 1
35691 2
35692 3
35693 0
35694 1
35695 2
35696 3
35697 0
35698 1
35699 2
35700 3
35701 0
35702 1
35703 2
35704 3
35705 0
35706 1
35707 2
35708 3
35709 0
35710 1
35711 2
35712 4
35713 3
35714 0
35715 1
35716 2
35717 3
35718 0
35719 1
35720 2
35721 3
35722 0
35723 1
35724 2
35725 3
35726 0
35727 1
35728 2
35729 3
35730 0
35731 1
35732 2
35733 3
35734 0
35735 1
35736 2
35737 3
35738 0
35739 1
35740 2
35741 3
35742 0
35743 1
35744 2
35745 3
35746 0
35747 1
35748 2
35749 3
35750 0
35751 1
35752 2
35753 3
35754 0
35755 1
35756 2
35757 3
35758 0
35759 1
35760 2
35761 4
35762 3
35763 0
35764 1
35765 2
35766 3
35767 0
35768 1
35769 2
35770 3
35771 0
35772 1
35773 2
35774 3
35775 0
35776 1
35777 2
35778 3
35779 0
35780 1
35781 2
35782 3
35783 0
35784 1
35785 2
35786 3
35787 0
35788 1
35789 2
35790 3
35791 0
35792 1
35793 2
35794 3
35795 0
35796 1
35797 2
35798 3
35799 0
35800 1
35801 2
35802 3
35803 0
35804 1
35805 2
35806 3
35807 0
35808 1
35809 2
35810 4
35811 3
35812 0
35813 1
35814 2
35815 3
35816 0
35817 1
35818 2
35819 3
35820 4
35821 1
35822 2
35823 0
35824 3
35825 1
35826 2
35827 0
35828 3
35829 1
35830 2
35831 0
35832 4
35833 1
35834 2
35835 3
35836 0
35837 1
35838 2
35839 3
35840 0
35841 1
35842 2
35843 3
35844 4
35845 1
35846 2
35847 0
35848 3
35849 1
35850 2
35851 0
35852 3
35853 1
35854 2
35855 0
35856 4
35857 1
35858 2
35859 3
35860 0
35861 1
35862 2
35863 3
35864 0
35865 1
35866 2
35867 3
35868 0
35869 1
35870 2
35871 3
35872 0
35873 1
35874 2
35875 3
35876 0
35877 1
35878 2
35879 3
35880 0
35881 1
35882 2
35883 3
35884 0
35885 1
35886 2
35887 3
35888 0
35889 1
35890 2
35891 3
35892 0
35893 1
35894 2
35895 3
35896 0
35897 1
35898 2
35899 3
35900 0
35901 1
35902 2
35903 3
35904 0
35905 1
35906 2
35907 4
35908 3
35909 0
35910 1
35911 2
35912 3
35913 0
35914 1
35915 2
35916 3
35917 0
35918 1
35919 2
35920 3
35921 0
35922 1
35923 2
35924 3
35925 0
35926 1
35927 2
35928 3
35929 0
35930 1
35931 2
35932 4
35933 3
35934 0
35935 1
35936 2
35937 3
35938 0
35939 1
35940 2
35941 3
35942 4
35943 1
35944 2
35945 0
35946 3
35947 1
35948 2
35949 0
35950 3
35951 1
35952 2
35953 0
35954 4
35955 1
35956 2
35957 3
35958 0
35959 1
35960 2
35961 3
35962 0
35963 1
35964 2
35965 3
35966 0
35967 1
35968 2
35969 3
35970 0
35971 1
35972 2
35973 3
35974 0
35975 1
35976 2
35977 3
35978 0
35979 1
35980 2
35981 3
35982 0
35983 1
35984 2
35985 3
35986 0
35987 1
35988 2
35989 3
35990 0
35991 1
35992 2
35993 3
35994 0
35995 1
35996 2
35997 3
35998 0
35999 1
36000 2
36001 3
36002 0
36003 1
36004 2
36005 4
36006 3
36007 0
36008 1
36009 2
36010 3
36011 0
36012 1
36013 2
36014 3
36015 0
36016 1
36017 2
36018 3
36019 0
36020 1
36021 2
36022 3
36023 0
36024 1
36025 2
36026 3
36027 0
36028 1
36029 2
36030 4
36031 3
36032 0
36033 1
36034 2
36035 3
36036 0
36037 1
36038 2
36039 3
36040 4
36041 1
36042 2
36043 0
36044 3
36045 1
36046 2
36047 0
36048 3
36049 1
36050 2
36051 0
36052 4
36053 1
36054 2
36055 3
36056 0
36057 1
36058 2
36059 3
36060 0
36061 1
36062 2
36063 3
36064 0
36065 1
36066 2
36067 3
36068 0
36069 1
36070 2
36071 3
36072 0
36073 1
36074 2
36075 3
36076 0
36077 1
36078 2
36079 3
36080 0
36081 1
36082 2
36083 3
36084 0
36085 1
36086 2
36087 3
36088 0
36089 1
36090 2
36091 3
36092 0
36093 1
36094 2
36095 3
36096 0
36097 1
36098 2
36099 3
36100 0
36101 1
36102 2
36103 4
36104 3
36105 0
36106 1
36107 2
36108 3
36109 0
36110 1
36111 2
36112 3
36113 0
36114 1
36115 2
36116 3
36117 0
36118 1
36119 2
36120 3
36121 0
36122 1
36123 2
36124 3
36125 0
36126 1
36127 2
36128 3
36129 0
36130 1
36131 2
36132 3
36133 0
36134 1
36135 2
36136 3
36137 0
36138 1
36139 2
36140 3
36141 0
36142 1
36143 2
36144 3
36145 0
36146 1
36147 2
36148 3
36149 0
36150 1
36151 2
36152 4
36153 3
36154 0
36155 1
36156 2
36157 3
36158 0
36159 1
36160 2
36161 3
36162 0
36163 1
36164 2
36165 3
36166 0
36167 1
36168 2
36169 3
36170 0
36171 1
36172 2
36173 3
36174 0
36175 1
36176 2
36177 3
36178 0
36179 1
36180 2
36181 3
36182 0
36183 1
36184 2
36185 3
36186 0
36187 1
36188 2
36189 3
36190 0
36191 1
36192 2
36193 3
36194 0
36195 1
36196 2
36197 3
36198 0
36199 1
36200 2
36201 4
36202 3
36203 0
36204 1
36205 2
36206 3
36207 0
36208 1
36209 2
36210 3
36211 4
36212 1
36213 2
36214 0
36215 3
36216 1
36217 2
36218 0
36219 3
36220 1
36221 2
36222 0
36223 4
36224 1
36225 2
36226 3
36227 0
36228 1
36229 2
36230 3
36231 0
36232 1
36233 2
36234 3
36235 4
36236 1
36237 2
36238 0
36239 3
36240 1
36241 2
36242 0
36243 3
36244 1
36245 2
36246 0
36247 4
36248 1
36249 2
36250 3
36251 0
36252 1
36253 2
36254 3
36255 0
36256 1
36257 2
36258 3
36259 0
36260 1
36261 2
36262 3
36263 0
36264 1
36265 2
36266 3
36267 0
36268 1
36269 2
36270 3
36271 0
36272 1
36273 2
36274 3
36275 0
36276 1
36277 2
36278 3
36279 0
36280 1
36281 2
36282 3
36283 0
36284 1
36285 2
36286 3
36287 0
36288 1
36289 2
36290 3
36291 0
36292 1
36293 2
36294 3
36295 0
36296 1
36297 2
36298 4
36299 3
36300 0
36301 1
36302 2
36303 3
36304 0
36305 1
36306 2
36307 3
36308 0
36309 1
36310 2
36311 3
36312 0
36313 1
36314 2
36315 3
36316 0
36317 1
36318 2
36319 3
36320 0
36321 1
36322 2
36323 4
36324 3
36325 0
36326 1
36327 2
36328 3
36329 0
36330 1
36331 2
36332 3
36333 4
36334 1
36335 2
36336 0
36337 3
36338 1
36339 2
36340 0
36341 3
36342 1
36343 2
36344 0
36345 4
36346 1
36347 2
36348 3
36349 0
36350 1
36351 2
36352 3
36353 0
36354 1
36355 2
36356 3
36357 0
36358 1
36359 2
36360 3
36361 0
36362 1
36363 2
36364 3
36365 0
36366 1
36367 2
36368 3
36369 0
36370 1
36371 2
36372 3
36373 0
36374 1
36375 2
36376 3
36377 0
36378 1
36379 2
36380 3
36381 0
36382 1
36383 2
36384 3
36385 0
36386 1
36387 2
36388 3
36389 0
36390 1
36391 2
36392 3
36393 0
36394 1
36395 2
36396 4
36397 3
36398 0
36399 1
36400 2
36401 3
36402 0
36403 1
36404 2
36405 3
36406 0
36407 1
36408 2
36409 3
36410 0
36411 1
36412 2
36413 3
36414 0
36415 1
36416 2
36417 3
36418 0
36419 1
36420 2
36421 4
36422 3
36423 0
36424 1
36425 2
36426 3
36427 0
36428 1
36429 2
36430 3
36431 4
36432 1
36433 2
36434 0
36435 3
36436 1
36437 2
36438 0
36439 3
36440 1
36441 2
36442 0
36443 4
36444 1
36445 2
36446 3
36447 0
36448 1
36449 2
36450 3
36451 0
36452 1
36453 2
36454 3
36455 0
36456 1
36457 2
36458 3
36459 0
36460 1
36461 2
36462 3
36463 0
36464 1
36465 2
36466 3
36467 0
36468 1
36469 2
36470 3
36471 0
36472 1
36473 2
36474 3
36475 0
36476 1
36477 2
36478 3
36479 0
36480 1
36481 2
36482 3
36483 0
36484 1
36485 2
36486 3
36487 0
36488 1
36489 2
36490 3
36491 0
36492 1
36493 2
36494 4
36495 3
36496 0
36497 1
36498 2
36499 3
36500 0
36501 1
36502 2
36503 3
36504 0
36505 1
36506 2
36507 3
36508 0
36509 1
36510 2
36511 3
36512 0
36513 1
36514 2
36515 3
36516 0
36517 1
36518 2
36519 3
36520 0
36521 1
36522 2
36523 3
36524 0
36525 1
36526 2
36527 3
36528 0
36529 1
36530 2
36531 3
36532 0
36533 1
36534 2
36535 3
36536 0
36537 1
36538 2
36539 3
36540 0
36541 1
36542 2
36543 4
36544 3
36545 0
36546 1
36547 2
36548 3
36549 0
36550 1
36551 2
36552 3
36553 0
36554 1
36555 2
36556 3
36557 0
36558 1
36559 2
36560 3
36561 0
36562 1
36563 2
36564 3
36565 0
36566 1
36567 2
36568 3
36569 0
36570 1
36571 2
36572 3
36573 0
36574 1
36575 2
36576 3
36577 0
36578 1
36579 2
36580 3
36581 0
36582 1
36583 2
36584 3
36585 0
36586 1
36587 2
36588 3
36589 0
36590 1
36591 2
36592 4
36593 3
36594 0
36595 1
36596 2
36597 3
36598 0
36599 1
36600 2
36601 3
36602 4
36603 1
36604 2
36605 0
36606 3
36607 1
36608 2
36609 0
36610 3
36611 1
36612 2
36613 0
36614 4
36615 1
36616 2
36617 3
36618 0
36619 1
36620 2
36621 3
36622 0
36623 1
36624 2
36625 3
36626 4
36627 1
36628 2
36629 0
36630 3
36631 1
36632 2
36633 0
36634 3
36635 1
36636 2
36637 0
36638 4
36639 1
36640 2
36641 3
36642 0
36643 1
36644 2
36645 3
36646 0
36647 1
36648 2
36649 3
36650 0
36651 1
36652 2
36653 3
36654 0
36655 1
36656 2
36657 3
36658 0
36659 1
36660 2
36661 3
36662 0
36663 1
36664 2
36665 3
36666 0
36667 1
36668 2
36669 3
36670 0
36671 1
36672 2
36673 3
36674 0
36675 1
36676 2
36677 3
36678 0
36679 1
36680 2
36681 3
36682 0
36683 1
36684 2
36685 3
36686 0
36687 1
36688 2
36689 4
36690 3
36691 0
36692 1
36693 2
36694 3
36695 0
36696 1
36697 2
36698 3
36699 0
36700 1
36701 2
36702 3
36703 0
36704 1
36705 2
36706 3
36707 0
36708 1
36709 2
36710 3
36711 0
36712 1
36713 2
36714 3
36715 0
36716 1
36717 2
36718 3
36719 0
36720 1
36721 2
36722 3
36723 0
36724 1
36725 2
36726 3
36727 0
36728 1
36729 2
36730 3
36731 0
36732 1
36733 2
36734 3
36735 0
36736 1
36737 2
36738 4
36739 3
36740 0
36741 1
36742 2
36743 3
36744 0
36745 1
36746 2
36747 3
36748 0
36749 1
36750 2
36751 3
36752 0
36753 1
36754 2
36755 3
36756 0
36757 1
36758 2
36759 3
36760 0
36761 1
36762 2
36763 3
36764 0
36765 1
36766 2
36767 3
36768 0
36769 1
36770 2
36771 3
36772 0
36773 1
36774 2
36775 3
36776 0
36777 1
36778 2
36779 3
36780 0
36781 1
36782 2
36783 3
36784 0
36785 1
36786 2
36787 4
36788 3
36789 0
36790 1
36791 2
36792 3
36793 0
36794 1
36795 2
36796 3
36797 4
36798 1
36799 2
36800 0
36801 3
36802 1
36803 2
36804 0
36805 3
36806 1
36807 2
36808 0
36809 4
36810 1
36811 2
36812 3
36813 0
36814 1
36815 2
36816 3
36817 0
36818 1
36819 2
36820 3
36821 4
36822 1
36823 2
36824 0
36825 3
36826 1
36827 2
36828 0
36829 3
36830 1
36831 2
36832 0
36833 4
36834 1
36835 2
36836 3
36837 0
36838 1
36839 2
36840 3
36841 0
36842 1
36843 2
36844 3
36845 0
36846 1
36847 2
36848 3
36849 0
36850 1
36851 2
36852 3
36853 0
36854 1
36855 2
36856 3
36857 0
36858 1
36859 2
36860 3
36861 0
36862 1
36863 2
36864 3
36865 0
36866 1
36867 2
36868 3
36869 0
36870 1
36871 2
36872 3
36873 0
36874 1
36875 2
36876 3
36877 0
36878 1
36879 2
36880 3
36881 0
36882 1
36883 2
36884 4
36885 3
36886 0
36887 1
36888 2
36889 3
36890 0
36891 1
36892 2
36893 3
36894 0
36895 1
36896 2
36897 3
36898 0
36899 1
36900 2
36901 3
36902 0
36903 1
36904 2
36905 3
36906 0
36907 1
36908 2
36909 3
36910 0
36911 1
36912 2
36913 3
36914 0
36915 1
36916 2
36917 3
36918 0
36919 1
36920 2
36921 3
36922 0
36923 1
36924 2
36925 3
36926 0
36927 1
36928 2
36929 3
36930 0
36931 1
36932 2
36933 4
36934 3
36935 0
36936 1
36937 2
36938 3
36939 0
36940 1
36941 2
36942 3
36943 0
36944 1
36945 2
36946 3
36947 0
36948 1
36949 2
36950 3
36951 0
36952 1
36953 2
36954 3
36955 0
36956 1
36957 2
36958 3
36959 0
36960 1
36961 2
36962 3
36963 0
36964 1
36965 2
36966 3
36967 0
36968 1
36969 2
36970 3
36971 0
36972 1
36973 2
36974 3
36975 0
36976 1
36977 2
36978 3
36979 0
36980 1
36981 2
36982 4
36983 3
36984 0
36985 1
36986 2
36987 3
36988 0
36989 1
36990 2
36991 3
36992 4
36993 1
36994 2
36995 0
36996 3
36997 1
36998 2
36999 0
37000 3
37001 1
37002 2
37003 0
37004 4
37005 1
37006 2
37007 3
37008 0
37009 1
37010 2
37011 3
37012 0
37013 1
37014 2
37015 3
37016 4
37017 1
37018 2
37019 0
37020 3
37021 1
37022 2
37023 0
37024 3
37025 1
37026 2
37027 0
37028 4
37029 1
37030 2
37031 3
37032 0
37033 1
37034 2
37035 3
37036 0
37037 1
37038 2
37039 3
37040 0
37041 1
37042 2
37043 3
37044 0
37045 1
37046 2
37047 3
37048 0
37049 1
37050 2
37051 3
37052 0
37053 1
37054 2
37055 3
37056 0
37057 1
37058 2
37059 3
37060 0
37061 1
37062 2
37063 3
37064 0
37065 1
37066 2
37067 3
37068 0
37069 1
37070 2
37071 3
37072 0
37073 1
37074 2
37075 3
37076 0
37077 1
37078 2
37079 4
37080 3
37081 0
37082 1
37083 2
37084 3
37085 0
37086 1
37087 2
37088 3
37089 0
37090 1
37091 2
37092 3
37093 0
37094 1
37095 2
37096 3
37097 0
37098 1
37099 2
37100 3
37101 0
37102 1
37103 2
37104 4
37105 3
37106 0
37107 1
37108 2
37109 3
37110 0
37111 1
37112 2
37113 3
37114 4
37115 1
37116 2
37117 0
37118 3
37119 1
37120 2
37121 0
37122 3
37123 1
37124 2
37125 0
37126 4
37127 1
37128 2
37129 3
37130 0
37131 1
37132 2
37133 3
37134 0
37135 1
37136 2
37137 3
37138 0
37139 1
37140 2
37141 3
37142 0
37143 1
37144 2
37145 3
37146 0
37147 1
37148 2
37149 3
37150 0
37151 1
37152 2
37153 3
37154 0
37155 1
37156 2
37157 3
37158 0
37159 1
37160 2
37161 3
37162 0
37163 1
37164 2
37165 3
37166 0
37167 1
37168 2
37169 3
37170 0
37171 1
37172 2
37173 3
37174 0
37175 1
37176 2
37177 4
37178 3
37179 0
37180 1
37181 2
37182 3
37183 0
37184 1
37185 2
37186 3
37187 0
37188 1
37189 2
37190 3
37191 0
37192 1
37193 2
37194 3
37195 0
37196 1
37197 2
37198 3
37199 0
37200 1
37201 2
37202 4
37203 3
37204 0
37205 1
37206 2
37207 3
37208 0
37209 1
37210 2
37211 3
37212 4
37213 1
37214 2
37215 0
37216 3
37217 1
37218 2
37219 0
37220 3
37221 1
37222 2
37223 0
37224 4
37225 1
37226 2
37227 3
37228 0
37229 1
37230 2
37231 3
37232 0
37233 1
37234 2
37235 3
37236 0
37237 1
37238 2
37239 3
37240 0
37241 1
37242 2
37243 3
37244 0
37245 1
37246 2
37247 3
37248 0
37249 1
37250 2
37251 3
37252 0
37253 1
37254 2
37255 3
37256 0
37257 1
37258 2
37259 3
37260 0
37261 1
37262 2
37263 3
37264 0
37265 1
37266 2
37267 3
37268 0
37269 1
37270 2
37271 3
37272 0
37273 1
37274 2
37275 4
37276 3
37277 0
37278 1
37279 2
37280 3
37281 0
37282 1
37283 2
37284 3
37285 0
37286 1
37287 2
37288 3
37289 0
37290 1
37291 2
37292 3
37293 0
37294 1
37295 2
37296 3
37297 0
37298 1
37299 2
37300 3
37301 0
37302 1
37303 2
37304 3
37305 0
37306 1
37307 2
37308 3
37309 0
37310 1
37311 2
37312 3
37313 0
37314 1
37315 2
37316 3
37317 0
37318 1
37319 2
37320 3
37321 0
37322 1
37323 2
37324 4
37325 3
37326 0
37327 1
37328 2
37329 3
37330 0
37331 1
37332 2
37333 3
37334 0
37335 1
37336 2
37337 3
37338 0
37339 1
37340 2
37341 3
37342 0
37343 1
37344 2
37345 3
37346 0
37347 1
37348 2
37349 3
37350 0
37351 1
37352 2
37353 3
37354 0
37355 1
37356 2
37357 3
37358 0
37359 1
37360 2
37361 3
37362 0
37363 1
37364 2
37365 3
37366 0
37367 1
37368 2
37369 3
37370 0
37371 1
37372 2
37373 4
37374 3
37375 0
37376 1
37377 2
37378 3
37379 0
37380 1
37381 2
37382 3
37383 4
37384 1
37385 2
37386 0
37387 3
37388 1
37389 2
37390 0
37391 3
37392 1
37393 2
37394 0
37395 4
37396 1
37397 2
37398 3
37399 0
37400 1
37401 2
37402 3
37403 0
37404 1
37405 2
37406 3
37407 4
37408 1
37409 2
37410 0
37411 3
37412 1
37413 2
37414 0
37415 3
37416 1
37417 2
37418 0
37419 4
37420 1
37421 2
37422 3
37423 0
37424 1
37425 2
37426 3
37427 0
37428 1
37429 2
37430 3
37431 0
37432 1
37433 2
37434 3
37435 0
37436 1
37437 2
37438 3
37439 0
37440 1
37441 2
37442 3
37443 0
37444 1
37445 2
37446 3
37447 0
37448 1
37449 2
37450 3
37451 0
37452 1
37453 2
37454 3
37455 0
37456 1
37457 2
37458 3
37459 0
37460 1
37461 2
37462 3
37463 0
37464 1
37465 2
37466 3
37467 0
37468 1
37469 2
37470 4
37471 3
37472 0
37473 1
37474 2
37475 3
37476 0
37477 1
37478 2
37479 3
37480 0
37481 1
37482 2
37483 3
37484 0
37485 1
37486 2
37487 3
37488 0
37489 1
37490 2
37491 3
37492 0
37493 1
37494 2
37495 3
37496 0
37497 1
37498 2
37499 3
37500 0
37501 1
37502 2
37503 3
37504 0
37505 1
37506 2
37507 3
37508 0
37509 1
37510 2
37511 3
37512 0
37513 1
37514 2
37515 3
37516 0
37517 1
37518 2
37519 4
37520 3
37521 0
37522 1
37523 2
37524 3
37525 0
37526 1
37527 2
37528 3
37529 0
37530 1
37531 2
37532 3
37533 0
37534 1
37535 2
37536 3
37537 0
37538 1
37539 2
37540 3
37541 0
37542 1
37543 2
37544 3
37545 0
37546 1
37547 2
37548 3
37549 0
37550 1
37551 2
37552 3
37553 0
37554 1
37555 2
37556 3
37557 0
37558 1
37559 2
37560 3
37561 0
37562 1
37563 2
37564 3
37565 0
37566 1
37567 2
37568 4
37569 3
37570 0
37571 1
37572 2
37573 3
37574 0
37575 1
37576 2
37577 3
37578 4
37579 1
37580 2
37581 0
37582 3
37583 1
37584 2
37585 0
37586 3
37587 1
37588 2
37589 0
37590 4
37591 1
37592 2
37593 3
37594 0
37595 1
37596 2
37597 3
37598 0
37599 1
37600 2
37601 3
37602 4
37603 1
37604 2
37605 0
37606 3
37607 1
37608 2
37609 0
37610 3
37611 1
37612 2
37613 0
37614 4
37615 1
37616 2
37617 3
37618 0
37619 1
37620 2
37621 3
37622 0
37623 1
37624 2
37625 3
37626 0
37627 1
37628 2
37629 3
37630 0
37631 1
37632 2
37633 3
37634 0
37635 1
37636 2
37637 3
37638 0
37639 1
37640 2
37641 3
37642 0
37643 1
37644 2
37645 3
37646 0
37647 1
37648 2
37649 3
37650 0
37651 1
37652 2
37653 3
37654 0
37655 1
37656 2
37657 3
37658 0
37659 1
37660 2
37661 3
37662 0
37663 1
37664 2
37665 4
37666 3
37667 0
37668 1
37669 2
37670 3
37671 0
37672 1
37673 2
37674 3
37675 0
37676 1
37677 2
37678 3
37679 0
37680 1
37681 2
37682 3
37683 0
37684 1
37685 2
37686 3
37687 0
37688 1
37689 2
37690 3
37691 0
37692 1
37693 2
37694 3
37695 0
37696 1
37697 2
37698 3
37699 0
37700 1
37701 2
37702 3
37703 0
37704 1
37705 2
37706 3
37707 0
37708 1
37709 2
37710 3
37711 0
37712 1
37713 2
37714 4
37715 3
37716 0
37717 1
37718 2
37719 3
37720 0
37721 1
37722 2
37723 3
37724 0
37725 1
37726 2
37727 3
37728 0
37729 1
37730 2
37731 3
37732 0
37733 1
37734 2
37735 3
37736 0
37737 1
37738 2
37739 3
37740 0
37741 1
37742 2
37743 3
37744 0
37745 1
37746 2
37747 3
37748 0
37749 1
37750 2
37751 3
37752 0
37753 1
37754 2
37755 3
37756 0
37757 1
37758 2
37759 3
37760 0
37761 1
37762 2
37763 4
37764 3
37765 0
37766 1
37767 2
37768 3
37769 0
37770 1
37771 2
37772 3
37773 4
37774 1
37775 2
37776 0
37777 3
37778 1
37779 2
37780 0
37781 3
37782 1
37783 2
37784 0
37785 4
37786 1
37787 2
37788 3
37789 0
37790 1
37791 2
37792 3
37793 0
37794 1
37795 2
37796 3
37797 4
37798 1
37799 2
37800 0
37801 3
37802 1
37803 2
37804 0
37805 3
37806 1
37807 2
37808 0
37809 4
37810 1
37811 2
37812 3
37813 0
37814 1
37815 2
37816 3
37817 0
37818 1
37819 2
37820 3
37821 0
37822 1
37823 2
37824 3
37825 0
37826 1
37827 2
37828 3
37829 0
37830 1
37831 2
37832 3
37833 0
37834 1
37835 2
37836 3
37837 0
37838 1
37839 2
37840 3
37841 0
37842 1
37843 2
37844 3
37845 0
37846 1
37847 2
37848 3
37849 0
37850 1
37851 2
37852 3
37853 0
37854 1
37855 2
37856 3
37857 0
37858 1
37859 2
37860 4
37861 3
37862 0
37863 1
37864 2
37865 3
37866 0
37867 1
37868 2
37869 3
37870 0
37871 1
37872 2
37873 3
37874 0
37875 1
37876 2
37877 3
37878 0
37879 1
37880 2
37881 3
37882 0
37883 1
37884 2
37885 4
37886 3
37887 0
37888 1
37889 2
37890 3
37891 0
37892 1
37893 2
37894 3
37895 4
37896 1
37897 2
37898 0
37899 3
37900 1
37901 2
37902 0
37903 3
37904 1
37905 2
37906 0
37907 4
37908 1
37909 2
37910 3
37911 0
37912 1
37913 2
37914 3
37915 0
37916 1
37917 2
37918 3
37919 0
37920 1
37921 2
37922 3
37923 0
37924 1
37925 2
37926 3
37927 0
37928 1
37929 2
37930 3
37931 0
37932 1
37933 2
37934 3
37935 0
37936 1
37937 2
37938 3
37939 0
37940 1
37941 2
37942 3
37943 0
37944 1
37945 2
37946 3
37947 0
37948 1
37949 2
37950 3
37951 0
37952 1
37953 2
37954 3
37955 0
37956 1
37957 2
37958 4
37959 3
37960 0
37961 1
37962 2
37963 3
37964 0
37965 1
37966 2
37967 3
37968 0
37969 1
37970 2
37971 3
37972 0
37973 1
37974 2
37975 3
37976 0
37977 1
37978 2
37979 3
37980 0
37981 1
37982 2
37983 4
37984 3
37985 0
37986 1
37987 2
37988 3
37989 0
37990 1
37991 2
37992 3
37993 4
37994 1
37995 2
37996 0
37997 3
37998 1
37999 2
38000 0
38001 3
38002 1
38003 2
38004 0
38005 4
38006 1
38007 2
38008 3
38009 0
38010 1
38011 2
38012 3
38013 0
38014 1
38015 2
38016 3
38017 0
38018 1
38019 2
38020 3
38021 0
38022 1
38023 2
38024 3
38025 0
38026 1
38027 2
38028 3
38029 0
38030 1
38031 2
38032 3
38033 0
38034 1
38035 2
38036 3
38037 0
38038 1
38039 2
38040 3
38041 0
38042 1
38043 2
38044 3
38045 0
38046 1
38047 2
38048 3
38049 0
38050 1
38051 2
38052 3
38053 0
38054 1
38055 2
38056 4
38057 3
38058 0
38059 1
38060 2
38061 3
38062 0
38063 1
38064 2
38065 3
38066 0
38067 1
38068 2
38069 3
38070 0
38071 1
38072 2
38073 3
38074 0
38075 1
38076 2
38077 3
38078 0
38079 1
38080 2
38081 3
38082 0
38083 1
38084 2
38085 3
38086 0
38087 1
38088 2
38089 3
38090 0
38091 1
38092 2
38093 3
38094 0
38095 1
38096 2
38097 3
38098 0
38099 1
38100 2
38101 3
38102 0
38103 1
38104 2
38105 4
38106 3
38107 0
38108 1
38109 2
38110 3
38111 0
38112 1
38113 2
38114 3
38115 0
38116 1
38117 2
38118 3
38119 0
38120 1
38121 2
38122 3
38123 0
38124 1
38125 2
38126 3
38127 0
38128 1
38129 2
38130 3
38131 0
38132 1
38133 2
38134 3
38135 0
38136 1
38137 2
38138 3
38139 0
38140 1
38141 2
38142 3
38143 0
38144 1
38145 2
38146 3
38147 0
38148 1
38149 2
38150 3
38151 0
38152 1
38153 2
38154 4
38155 3
38156 0
38157 1
38158 2
38159 3
38160 0
38161 1
38162 2
38163 3
38164 4
38165 1
38166 2
38167 0
38168 3
38169 1
38170 2
38171 0
38172 3
38173 1
38174 2
38175 0
38176 4
38177 1
38178 2
38179 3
38180 0
38181 1
38182 2
38183 3
38184 0
38185 1
38186 2
38187 3
38188 4
38189 1
38190 2
38191 0
38192 3
38193 1
38194 2
38195 0
38196 3
38197 1
38198 2
38199 0
38200 4
38201 1
38202 2
38203 3
38204 0
38205 1
38206 2
38207 3
38208 0
38209 1
38210 2
38211 3
38212 0
38213 1
38214 2
38215 3
38216 0
38217 1
38218 2
38219 3
38220 0
38221 1
38222 2
38223 3
38224 0
38225 1
38226 2
38227 3
38228 0
38229 1
38230 2
38231 3
38232 0
38233 1
38234 2
38235 3
38236 0
38237 1
38238 2
38239 3
38240 0
38241 1
38242 2
38243 3
38244 0
38245 1
38246 2
38247 3
38248 0
38249 1
38250 2
38251 4
38252 3
38253 0
38254 1
38255 2
38256 3
38257 0
38258 1
38259 2
38260 3
38261 0
38262 1
38263 2
38264 3
38265 0
38266 1
38267 2
38268 3
38269 0
38270 1
38271 2
38272 3
38273 0
38274 1
38275 2
38276 3
38277 0
38278 1
38279 2
38280 3
38281 0
38282 1
38283 2
38284 3
38285 0
38286 1
38287 2
38288 3
38289 0
38290 1
38291 2
38292 3
38293 0
38294 1
38295 2
38296 3
38297 0
38298 1
38299 2
38300 4
38301 3
38302 0
38303 1
38304 2
38305 3
38306 0
38307 1
38308 2
38309 3
38310 0
38311 1
38312 2
38313 3
38314 0
38315 1
38316 2
38317 3
38318 0
38319 1
38320 2
38321 3
38322 0
38323 1
38324 2
38325 3
38326 0
38327 1
38328 2
38329 3
38330 0
38331 1
38332 2
38333 3
38334 0
38335 1
38336 2
38337 3
38338 0
38339 1
38340 2
38341 3
38342 0
38343 1
38344 2
38345 3
38346 0
38347 1
38348 2
38349 4
38350 3
38351 0
38352 1
38353 2
38354 3
38355 0
38356 1
38357 2
38358 3
38359 4
38360 1
38361 2
38362 0
38363 3
38364 1
38365 2
38366 0
38367 3
38368 1
38369 2
38370 0
38371 4
38372 1
38373 2
38374 3
38375 0
38376 1
38377 2
38378 3
38379 0
38380 1
38381 2
38382 3
38383 4
38384 1
38385 2
38386 0
38387 3
38388 1
38389 2
38390 0
38391 3
38392 1
38393 2
38394 0
38395 4
38396 1
38397 2
38398 3
38399 0
38400 1
38401 2
38402 3
38403 0
38404 1
38405 2
38406 3
38407 0
38408 1
38409 2
38410 3
38411 0
38412 1
38413 2
38414 3
38415 0
38416 1
38417 2
38418 3
38419 0
38420 1
38421 2
38422 3
38423 0
38424 1
38425 2
38426 3
38427 0
38428 1
38429 2
38430 3
38431 0
38432 1
38433 2
38434 3
38435 0
38436 1
38437 2
38438 3
38439 0
38440 1
38441 2
38442 3
38443 0
38444 1
38445 2
38446 4
38447 3
38448 0
38449 1
38450 2
38451 3
38452 0
38453 1
38454 2
38455 3
38456 0
38457 1
38458 2
38459 3
38460 0
38461 1
38462 2
38463 3
38464 0
38465 1
38466 2
38467 3
38468 0
38469 1
38470 2
38471 3
38472 0
38473 1
38474 2
38475 3
38476 0
38477 1
38478 2
38479 3
38480 0
38481 1
38482 2
38483 3
38484 0
38485 1
38486 2
38487 3
38488 0
38489 1
38490 2
38491 3
38492 0
38493 1
38494 2
38495 4
38496 3
38497 0
38498 1
38499 2
38500 3
38501 0
38502 1
38503 2
38504 3
38505 0
38506 1
38507 2
38508 3
38509 0
38510 1
38511 2
38512 3
38513 0
38514 1
38515 2
38516 3
38517 0
38518 1
38519 2
38520 3
38521 0
38522 1
38523 2
38524 3
38525 0
38526 1
38527 2
38528 3
38529 0
38530 1
38531 2
38532 3
38533 0
38534 1
38535 2
38536 3
38537 0
38538 1
38539 2
38540 3
38541 0
38542 1
38543 2
38544 4
38545 3
38546 0
38547 1
38548 2
38549 3
38550 0
38551 1
38552 2
38553 3
38554 4
38555 1
38556 2
38557 0
38558 3
38559 1
38560 2
38561 0
38562 3
38563 1
38564 2
38565 0
38566 4
38567 1
38568 2
38569 3
38570 0
38571 1
38572 2
38573 3
38574 0
38575 1
38576 2
38577 3
38578 4
38579 1
38580 2
38581 0
38582 3
38583 1
38584 2
38585 0
38586 3
38587 1
38588 2
38589 0
38590 4
38591 1
38592 2
38593 3
38594 0
38595 1
38596 2
38597 3
38598 0
38599 1
38600 2
38601 3
38602 0
38603 1
38604 2
38605 3
38606 0
38607 1
38608 2
38609 3
38610 0
38611 1
38612 2
38613 3
38614 0
38615 1
38616 2
38617 3
38618 0
38619 1
38620 2
38621 3
38622 0
38623 1
38624 2
38625 3
38626 0
38627 1
38628 2
38629 3
38630 0
38631 1
38632 2
38633 3
38634 0
38635 1
38636 2
38637 3
38638 0
38639 1
38640 2
38641 4
38642 3
38643 0
38644 1
38645 2
38646 3
38647 0
38648 1
38649 2
38650 3
38651 0
38652 1
38653 2
38654 3
38655 0
38656 1
38657 2
38658 3
38659 0
38660 1
38661 2
38662 3
38663 0
38664 1
38665 2
38666 4
38667 3
38668 0
38669 1
38670 2
38671 3
38672 0
38673 1
38674 2
38675 3
38676 4
38677 1
38678 2
38679 0
38680 3
38681 1
38682 2
38683 0
38684 3
38685 1
38686 2
38687 0
38688 4
38689 1
38690 2
38691 3
38692 0
38693 1
38694 2
38695 3
38696 0
38697 1
38698 2
38699 3
38700 0
38701 1
38702 2
38703 3
38704 0
38705 1
38706 2
38707 3
38708 0
38709 1
38710 2
38711 3
38712 0
38713 1
38714 2
38715 3
38716 0
38717 1
38718 2
38719 3
38720 0
38721 1
38722 2
38723 3
38724 0
38725 1
38726 2
38727 3
38728 0
38729 1
38730 2
38731 3
38732 0
38733 1
38734 2
38735 3
38736 0
38737 1
38738 2
38739 4
38740 3
38741 0
38742 1
38743 2
38744 3
38745 0
38746 1
38747 2
38748 3
38749 0
38750 1
38751 2
38752 3
38753 0
38754 1
38755 2
38756 3
38757 0
38758 1
38759 2
38760 3
38761 0
38762 1
38763 2
38764 4
38765 3
38766 0
38767 1
38768 2
38769 3
38770 0
38771 1
38772 2
38773 3
38774 4
38775 1
38776 2
38777 0
38778 3
38779 1
38780 2
38781 0
38782 3
38783 1
38784 2
38785 0
38786 4
38787 1
38788 2
38789 3
38790 0
38791 1
38792 2
38793 3
38794 0
38795 1
38796 2
38797 3
38798 0
38799 1
38800 2
38801 3
38802 0
38803 1
38804 2
38805 3
38806 0
38807 1
38808 2
38809 3
38810 0
38811 1
38812 2
38813 3
38814 0
38815 1
38816 2
38817 3
38818 0
38819 1
38820 2
38821 3
38822 0
38823 1
38824 2
38825 3
38826 0
38827 1
38828 2
38829 3
38830 0
38831 1
38832 2
38833 3
38834 0
38835 1
38836 2
38837 4
38838 3
38839 0
38840 1
38841 2
38842 3
38843 0
38844 1
38845 2
38846 3
38847 0
38848 1
38849 2
38850 3
38851 0
38852 1
38853 2
38854 3
38855 0
38856 1
38857 2
38858 3
38859 0
38860 1
38861 2
38862 3
38863 0
38864 1
38865 2
38866 3
38867 0
38868 1
38869 2
38870 3
38871 0
38872 1
38873 2
38874 3
38875 0
38876 1
38877 2
38878 3
38879 0
38880 1
38881 2
38882 3
38883 0
38884 1
38885 2
38886 4
38887 3
38888 0
38889 1
38890 2
38891 3
38892 0
38893 1
38894 2
38895 3
38896 0
38897 1
38898 2
38899 3
38900 0
38901 1
38902 2
38903 3
38904 0
38905 1
38906 2
38907 3
38908 0
38909 1
38910 2
38911 3
38912 0
38913 1
38914 2
38915 3
38916 0
38917 1
38918 2
38919 3
38920 0
38921 1
38922 2
38923 3
38924 0
38925 1
38926 2
38927 3
38928 0
38929 1
38930 2
38931 3
38932 0
38933 1
38934 2
38935 4
38936 3
38937 0
38938 1
38939 2
38940 3
38941 0
38942 1
38943 2
38944 3
38945 4
38946 1
38947 2
38948 0
38949 3
38950 1
38951 2
38952 0
38953 3
38954 1
38955 2
38956 0
38957 4
38958 1
38959 2
38960 3
38961 0
38962 1
38963 2
38964 3
38965 0
38966 1
38967 2
38968 3
38969 4
38970 1
38971 2
38972 0
38973 3
38974 1
38975 2
38976 0
38977 3
38978 1
38979 2
38980 0
38981 4
38982 1
38983 2
38984 3
38985 0
38986 1
38987 2
38988 3
38989 0
38990 1
38991 2
38992 3
38993 0
38994 1
38995 2
38996 3
38997 0
38998 1
38999 2
39000 3
39001 0
39002 1
39003 2
39004 3
39005 0
39006 1
39007 2
39008 3
39009 0
39010 1
39011 2
39012 3
39013 0
39014 1
39015 2
39016 3
39017 0
39018 1
39019 2
39020 3
39021 0
39022 1
39023 2
39024 3
39025 0
39026 1
39027 2
39028 3
39029 0
39030 1
39031 2
39032 4
39033 3
39034 0
39035 1
39036 2
39037 3
39038 0
39039 1
39040 2
39041 3
39042 0
39043 1
39044 2
39045 3
39046 0
39047 1
39048 2
39049 3
39050 0
39051 1
39052 2
39053 3
39054 0
39055 1
39056 2
39057 4
39058 3
39059 0
39060 1
39061 2
39062 3
39063 0
39064 1
39065 2
39066 3
39067 4
39068 1
39069 2
39070 0
39071 3
39072 1
39073 2
39074 0
39075 3
39076 1
39077 2
39078 0
39079 4
39080 1
39081 2
39082 3
39083 0
39084 1
39085 2
39086 3
39087 0
39088 1
39089 2
39090 3
39091 0
39092 1
39093 2
39094 3
39095 0
39096 1
39097 2
39098 3
39099 0
39100 1
39101 2
39102 3
39103 0
39104 1
39105 2
39106 3
39107 0
39108 1
39109 2
39110 3
39111 0
39112 1
39113 2
39114 3
39115 0
39116 1
39117 2
39118 3
39119 0
39120 1
39121 2
39122 3
39123 0
39124 1
39125 2
39126 3
39127 0
39128 1
39129 2
39130 4
39131 3
39132 0
39133 1
39134 2
39135 3
39136 0
39137 1
39138 2
39139 3
39140 0
39141 1
39142 2
39143 3
39144 0
39145 1
39146 2
39147 3
39148 0
39149 1
39150 2
39151 3
39152 0
39153 1
39154 2
39155 4
39156 3
39157 0
39158 1
39159 2
39160 3
39161 0
39162 1
39163 2
39164 3
39165 4
39166 1
39167 2
39168 0
39169 3
39170 1
39171 2
39172 0
39173 3
39174 1
39175 2
39176 0
39177 4
39178 1
39179 2
39180 3
39181 0
39182 1
39183 2
39184 3
39185 0
39186 1
39187 2
39188 3
39189 0
39190 1
39191 2
39192 3
39193 0
39194 1
39195 2
39196 3
39197 0
39198 1
39199 2
39200 3
39201 0
39202 1
39203 2
39204 3
39205 0
39206 1
39207 2
39208 3
39209 0
39210 1
39211 2
39212 3
39213 0
39214 1
39215 2
39216 3
39217 0
39218 1
39219 2
39220 3
39221 0
39222 1
39223 2
39224 3
39225 0
39226 1
39227 2
39228 4
39229 3
39230 0
39231 1
39232 2
39233 3
39234 0
39235 1
39236 2
39237 3
39238 0
39239 1
39240 2
39241 3
39242 0
39243 1
39244 2
39245 3
39246 0
39247 1
39248 2
39249 3
39250 0
39251 1
39252 2
39253 3
39254 0
39255 1
39256 2
39257 3
39258 0
39259 1
39260 2
39261 3
39262 0
39263 1
39264 2
39265 3
39266 0
39267 1
39268 2
39269 3
39270 0
39271 1
39272 2
39273 3
39274 0
39275 1
39276 2
39277 4
39278 3
39279 0
39280 1
39281 2
39282 3
39283 0
39284 1
39285 2
39286 3
39287 0
39288 1
39289 2
39290 3
39291 0
39292 1
39293 2
39294 3
39295 0
39296 1
39297 2
39298 3
39299 0
39300 1
39301 2
39302 3
39303 0
39304 1
39305 2
39306 3
39307 0
39308 1
39309 2
39310 3
39311 0
39312 1
39313 2
39314 3
39315 0
39316 1
39317 2
39318 3
39319 0
39320 1
39321 2
39322 3
39323 0
39324 1
39325 2
39326 4
39327 3
39328 0
39329 1
39330 2
39331 3
39332 0
39333 1
39334 2
39335 3
39336 4
39337 1
39338 2
39339 0
39340 3
39341 1
39342 2
39343 0
39344 3
39345 1
39346 2
39347 0
39348 4
39349 1
39350 2
39351 3
39352 0
39353 1
39354 2
39355 3
39356 0
39357 1
39358 2
39359 3
39360 4
39361 1
39362 2
39363 0
39364 3
39365 1
39366 2
39367 0
39368 3
39369 1
39370 2
39371 0
39372 4
39373 1
39374 2
39375 3
39376 0
39377 1
39378 2
39379 3
39380 0
39381 1
39382 2
39383 3
39384 0
39385 1
39386 2
39387 3
39388 0
39389 1
39390 2
39391 3
39392 0
39393 1
39394 2
39395 3
39396 0
39397 1
39398 2
39399 3
39400 0
39401 1
39402 2
39403 3
39404 0
39405 1
39406 2
39407 3
39408 0
39409 1
39410 2
39411 3
39412 0
39413 1
39414 2
39415 3
39416 0
39417 1
39418 2
39419 3
39420 0
39421 1
39422 2
39423 4
39424 3
39425 0
39426 1
39427 2
39428 3
39429 0
39430 1
39431 2
39432 3
39433 0
39434 1
39435 2
39436 3
39437 0
39438 1
39439 2
39440 3
39441 0
39442 1
39443 2
39444 3
39445 0
39446 1
39447 2
39448 4
39449 3
39450 0
39451 1
39452 2
39453 3
39454 0
39455 1
39456 2
39457 3
39458 4
39459 1
39460 2
39461 0
39462 3
39463 1
39464 2
39465 0
39466 3
39467 1
39468 2
39469 0
39470 4
39471 1
39472 2
39473 3
39474 0
39475 1
39476 2
39477 3
39478 0
39479 1
39480 2
39481 3
39482 0
39483 1
39484 2
39485 3
39486 0
39487 1
39488 2
39489 3
39490 0
39491 1
39492 2
39493 3
39494 0
39495 1
39496 2
39497 3
39498 0
39499 1
39500 2
39501 3
39502 0
39503 1
39504 2
39505 3
39506 0
39507 1
39508 2
39509 3
39510 0
39511 1
39512 2
39513 3
39514 0
39515 1
39516 2
39517 3
39518 0
39519 1
39520 2
39521 4
39522 3
39523 0
39524 1
39525 2
39526 3
39527 0
39528 1
39529 2
39530 3
39531 0
39532 1
39533 2
39534 3
39535 0
39536 1
39537 2
39538 3
39539 0
39540 1
39541 2
39542 3
39543 0
39544 1
39545 2
39546 4
39547 3
39548 0
39549 1
39550 2
39551 3
39552 0
39553 1
39554 2
39555 3
39556 4
39557 1
39558 2
39559 0
39560 3
39561 1
39562 2
39563 0
39564 3
39565 1
39566 2
39567 0
39568 4
39569 1
39570 2
39571 3
39572 0
39573 1
39574 2
39575 3
39576 0
39577 1
39578 2
39579 3
39580 0
39581 1
39582 2
39583 3
39584 0
39585 1
39586 2
39587 3
39588 0
39589 1
39590 2
39591 3
39592 0
39593 1
39594 2
39595 3
39596 0
39597 1
39598 2
39599 3
39600 0
39601 1
39602 2
39603 3
39604 0
39605 1
39606 2
39607 3
39608 0
39609 1
39610 2
39611 3
39612 0
39613 1
39614 2
39615 3
39616 0
39617 1
39618 2
39619 4
39620 3
39621 0
39622 1
39623 2
39624 3
39625 0
39626 1
39627 2
39628 3
39629 0
39630 1
39631 2
39632 3
39633 0
39634 1
39635 2
39636 3
39637 0
39638 1
39639 2
39640 3
39641 0
39642 1
39643 2
39644 3
39645 0
39646 1
39647 2
39648 3
39649 0
39650 1
39651 2
39652 3
39653 0
39654 1
39655 2
39656 3
39657 0
39658 1
39659 2
39660 3
39661 0
39662 1
39663 2
39664 3
39665 0
39666 1
39667 2
39668 4
39669 3
39670 0
39671 1
39672 2
39673 3
39674 0
39675 1
39676 2
39677 3
39678 0
39679 1
39680 2
39681 3
39682 0
39683 1
39684 2
39685 3
39686 0
39687 1
39688 2
39689 3
39690 0
39691 1
39692 2
39693 3
39694 0
39695 1
39696 2
39697 3
39698 0
39699 1
39700 2
39701 3
39702 0
39703 1
39704 2
39705 3
39706 0
39707 1
39708 2
39709 3
39710 0
39711 1
39712 2
39713 3
39714 0
39715 1
39716 2
39717 4
39718 3
39719 0
39720 1
39721 2
39722 3
39723 0
39724 1
39725 2
39726 3
39727 4
39728 1
39729 2
39730 0
39731 3
39732 1
39733 2
39734 0
39735 3
39736 1
39737 2
39738 0
39739 4
39740 1
39741 2
39742 3
39743 0
39744 1
39745 2
39746 3
39747 0
39748 1
39749 2
39750 3
39751 4
39752 1
39753 2
39754 0
39755 3
39756 1
39757 2
39758 0
39759 3
39760 1
39761 2
39762 0
39763 4
39764 1
39765 2
39766 3
39767 0
39768 1
39769 2
39770 3
39771 0
39772 1
39773 2
39774 3
39775 0
39776 1
39777 2
39778 3
39779 0
39780 1
39781 2
39782 3
39783 0
39784 1
39785 2
39786 3
39787 0
39788 1
39789 2
39790 3
39791 0
39792 1
39793 2
39794 3
39795 0
39796 1
39797 2
39798 3
39799 0
39800 1
39801 2
39802 3
39803 0
39804 1
39805 2
39806 3
39807 0
39808 1
39809 2
39810 3
39811 0
39812 1
39813 2
39814 4
39815 3
39816 0
39817 1
39818 2
39819 3
39820 0
39821 1
39822 2
39823 3
39824 0
39825 1
39826 2
39827 3
39828 0
39829 1
39830 2
39831 3
39832 0
39833 1
39834 2
39835 3
39836 0
39837 1
39838 2
39839 3
39840 0
39841 1
39842 2
39843 3
39844 0
39845 1
39846 2
39847 3
39848 0
39849 1
39850 2
39851 3
39852 0
39853 1
39854 2
39855 3
39856 0
39857 1
39858 2
39859 3
39860 0
39861 1
39862 2
39863 4
39864 3
39865 0
39866 1
39867 2
39868 3
39869 0
39870 1
39871 2
39872 3
39873 0
39874 1
39875 2
39876 3
39877 0
39878 1
39879 2
39880 3
39881 0
39882 1
39883 2
39884 3
39885 0
39886 1
39887 2
39888 3
39889 0
39890 1
39891 2
39892 3
39893 0
39894 1
39895 2
39896 3
39897 0
39898 1
39899 2
39900 3
39901 0
39902 1
39903 2
39904 3
39905 0
39906 1
39907 2
39908 3
39909 0
39910 1
39911 2
39912 4
39913 3
39914 0
39915 1
39916 2
39917 3
39918 0
39919 1
39920 2
39921 3
39922 4
39923 1
39924 2
39925 0
39926 3
39927 1
39928 2
39929 0
39930 3
39931 1
39932 2
39933 0
39934 4
39935 1
39936 2
39937 3
39938 0
39939 1
39940 2
39941 3
39942 0
39943 1
39944 2
39945 3
39946 4
39947 1
39948 2
39949 0
39950 3
39951 1
39952 2
39953 0
39954 3
39955 1
39956 2
39957 0
39958 4
39959 1
39960 2
39961 3
39962 0
39963 1
39964 2
39965 3
39966 0
39967 1
39968 2
39969 3
39970 0
39971 1
39972 2
39973 3
39974 0
39975 1
39976 2
39977 3
39978 0
39979 1
39980 2
39981 3
39982 0
39983 1
39984 2
39985 3
39986 0
39987 1
39988 2
39989 3
39990 0
39991 1
39992 2
39993 3
39994 0
39995 1
39996 2
39997 3
39998 0
39999 1
40000 2
40001 3
40002 0
40003 1
40004 2
40005 3
40006 0
40007 1
40008 2
40009 4
40010 3
40011 0
40012 1
40013 2
40014 3
40015 0
40016 1
40017 2
40018 3
40019 0
40020 1
40021 2
40022 3
40023 0
40024 1
40025 2
40026 3
40027 0
40028 1
40029 2
40030 3
40031 0
40032 1
40033 2
40034 3
40035 0
40036 1
40037 2
40038 3
40039 0
40040 1
40041 2
40042 3
40043 0
40044 1
40045 2
40046 3
40047 0
40048 1
40049 2
40050 3
40051 0
40052 1
40053 2
40054 3
40055 0
40056 1
40057 2
40058 4
40059 3
40060 0
40061 1
40062 2
40063 3
40064 0
40065 1
40066 2
40067 3
40068 0
40069 1
40070 2
40071 3
40072 0
40073 1
40074 2
40075 3
40076 0
40077 1
40078 2
40079 3
40080 0
40081 1
40082 2
40083 3
40084 0
40085 1
40086 2
40087 3
40088 0
40089 1
40090 2
40091 3
40092 0
40093 1
40094 2
40095 3
40096 0
40097 1
40098 2
40099 3
40100 0
40101 1
40102 2
40103 3
40104 0
40105 1
40106 2
40107 4
40108 3
40109 0
40110 1
40111 2
40112 3
40113 0
40114 1
40115 2
40116 3
40117 4
40118 1
40119 2
40120 0
40121 3
40122 1
40123 2
40124 0
40125 3
40126 1
40127 2
40128 0
40129 4
40130 1
40131 2
40132 3
40133 0
40134 1
40135 2
40136 3
40137 0
40138 1
40139 2
40140 3
40141 4
40142 1
40143 2
40144 0
40145 3
40146 1
40147 2
40148 0
40149 3
40150 1
40151 2
40152 0
40153 4
40154 1
40155 2
40156 3
40157 0
40158 1
40159 2
40160 3
40161 0
40162 1
40163 2
40164 3
40165 0
40166 1
40167 2
40168 3
40169 0
40170 1
40171 2
40172 3
40173 0
40174 1
40175 2
40176 3
40177 0
40178 1
40179 2
40180 3
40181 0
40182 1
40183 2
40184 3
40185 0
40186 1
40187 2
40188 3
40189 0
40190 1
40191 2
40192 3
40193 0
40194 1
40195 2
40196 3
40197 0
40198 1
40199 2
40200 3
40201 0
40202 1
40203 2
40204 4
40205 3
40206 0
40207 1
40208 2
40209 3
40210 0
40211 1
40212 2
40213 3
40214 0
40215 1
40216 2
40217 3
40218 0
40219 1
40220 2
40221 3
40222 0
40223 1
40224 2
40225 3
40226 0
40227 1
40228 2
40229 4
40230 3
40231 0
40232 1
40233 2
40234 3
40235 0
40236 1
40237 2
40238 3
40239 4
40240 1
40241 2
40242 0
40243 3
40244 1
40245 2
40246 0
40247 3
40248 1
40249 2
40250 0
40251 4
40252 1
40253 2
40254 3
40255 0
40256 1
40257 2
40258 3
40259 0
40260 1
40261 2
40262 3
40263 0
40264 1
40265 2
40266 3
40267 0
40268 1
40269 2
40270 3
40271 0
40272 1
40273 2
40274 3
40275 0
40276 1
40277 2
40278 3
40279 0
40280 1
40281 2
40282 3
40283 0
40284 1
40285 2
40286 3
40287 0
40288 1
40289 2
40290 3
40291 0
40292 1
40293 2
40294 3
40295 0
40296 1
40297 2
40298 3
40299 0
40300 1
40301 2
40302 4
40303 3
40304 0
40305 1
40306 2
40307 3
40308 0
40309 1
40310 2
40311 3
40312 0
40313 1
40314 2
40315 3
40316 0
40317 1
40318 2
40319 3
40320 0
40321 1
40322 2
40323 3
40324 0
40325 1
40326 2
40327 4
40328 3
40329 0
40330 1
40331 2
40332 3
40333 0
40334 1
40335 2
40336 3
40337 4
40338 1
40339 2
40340 0
40341 3
40342 1
40343 2
40344 0
40345 3
40346 1
40347 2
40348 0
40349 4
40350 1
40351 2
40352 3
40353 0
40354 1
40355 2
40356 3
40357 0
40358 1
40359 2
40360 3
40361 0
40362 1
40363 2
40364 3
40365 0
40366 1
40367 2
40368 3
40369 0
40370 1
40371 2
40372 3
40373 0
40374 1
40375 2
40376 3
40377 0
40378 1
40379 2
40380 3
40381 0
40382 1
40383 2
40384 3
40385 0
40386 1
40387 2
40388 3
40389 0
40390 1
40391 2
40392 3
40393 0
40394 1
40395 2
40396 3
40397 0
40398 1
40399 2
40400 4
40401 3
40402 0
40403 1
40404 2
40405 3
40406 0
40407 1
40408 2
40409 3
40410 0
40411 1
40412 2
40413 3
40414 0
40415 1
40416 2
40417 3
40418 0
40419 1
40420 2
40421 3
40422 0
40423 1
40424 2
40425 3
40426 0
40427 1
40428 2
40429 3
40430 0
40431 1
40432 2
40433 3
40434 0
40435 1
40436 2
40437 3
40438 0
40439 1
40440 2
40441 3
40442 0
40443 1
40444 2
40445 3
40446 0
40447 1
40448 2
40449 4
40450 3
40451 0
40452 1
40453 2
40454 3
40455 0
40456 1
40457 2
40458 3
40459 0
40460 1
40461 2
40462 3
40463 0
40464 1
40465 2
40466 3
40467 0
40468 1
40469 2
40470 3
40471 0
40472 1
40473 2
40474 3
40475 0
40476 1
40477 2
40478 3
40479 0
40480 1
40481 2
40482 3
40483 0
40484 1
40485 2
40486 3
40487 0
40488 1
40489 2
40490 3
40491 0
40492 1
40493 2
40494 3
40495 0
40496 1
40497 2
40498 4
40499 3
40500 0
40501 1
40502 2
40503 3
40504 0
40505 1
40506 2
40507 3
40508 4
40509 1
40510 2
40511 0
40512 3
40513 1
40514 2
40515 0
40516 3
40517 1
40518 2
40519 0
40520 4
40521 1
40522 2
40523 3
40524 0
40525 1
40526 2
40527 3
40528 0
40529 1
40530 2
40531 3
40532 4
40533 1
40534 2
40535 0
40536 3
40537 1
40538 2
40539 0
40540 3
40541 1
40542 2
40543 0
40544 4
40545 1
40546 2
40547 3
40548 0
40549 1
40550 2
40551 3
40552 0
40553 1
40554 2
40555 3
40556 0
40557 1
40558 2
40559 3
40560 0
40561 1
40562 2
40563 3
40564 0
40565 1
40566 2
40567 3
40568 0
40569 1
40570 2
40571 3
40572 0
40573 1
40574 2
40575 3
40576 0
40577 1
40578 2
40579 3
40580 0
40581 1
40582 2
40583 3
40584 0
40585 1
40586 2
40587 3
40588 0
40589 1
40590 2
40591 3
40592 0
40593 1
40594 2
40595 4
40596 3
40597 0
40598 1
40599 2
40600 3
40601 0
40602 1
40603 2
40604 3
40605 0
40606 1
40607 2
40608 3
40609 0
40610 1
40611 2
40612 3
40613 0
40614 1
40615 2
40616 3
40617 0
40618 1
40619 2
40620 3
40621 0
40622 1
40623 2
40624 3
40625 0
40626 1
40627 2
40628 3
40629 0
40630 1
40631 2
40632 3
40633 0
40634 1
40635 2
40636 3
40637 0
40638 1
40639 2
40640 3
40641 0
40642 1
40643 2
40644 4
40645 3
40646 0
40647 1
40648 2
40649 3
40650 0
40651 1
40652 2
40653 3
40654 0
40655 1
40656 2
40657 3
40658 0
40659 1
40660 2
40661 3
40662 0
40663 1
40664 2
40665 3
40666 0
40667 1
40668 2
40669 3
40670 0
40671 1
40672 2
40673 3
40674 0
40675 1
40676 2
40677 3
40678 0
40679 1
40680 2
40681 3
40682 0
40683 1
40684 2
40685 3
40686 0
40687 1
40688 2
40689 3
40690 0
40691 1
40692 2
40693 4
40694 3
40695 0
40696 1
40697 2
40698 3
40699 0
40700 1
40701 2
40702 3
40703 4
40704 1
40705 2
40706 0
40707 3
40708 1
40709 2
40710 0
40711 3
40712 1
40713 2
40714 0
40715 4
40716 1
40717 2
40718 3
40719 0
40720 1
40721 2
40722 3
40723 0
40724 1
40725 2
40726 3
40727 4
40728 1
40729 2
40730 0
40731 3
40732 1
40733 2
40734 0
40735 3
40736 1
40737 2
40738 0
40739 4
40740 1
40741 2
40742 3
40743 0
40744 1
40745 2
40746 3
40747 0
40748 1
40749 2
40750 3
40751 0
40752 1
40753 2
40754 3
40755 0
40756 1
40757 2
40758 3
40759 0
40760 1
40761 2
40762 3
40763 0
40764 1
40765 2
40766 3
40767 0
40768 1
40769 2
40770 3
40771 0
40772 1
40773 2
40774 3
40775 0
40776 1
40777 2
40778 3
40779 0
40780 1
40781 2
40782 3
40783 0
40784 1
40785 2
40786 3
40787 0
40788 1
40789 2
40790 4
40791 3
40792 0
40793 1
40794 2
40795 3
40796 0
40797 1
40798 2
40799 3
40800 0
40801 1
40802 2
40803 3
40804 0
40805 1
40806 2
40807 3
40808 0
40809 1
40810 2
40811 3
40812 0
40813 1
40814 2
40815 3
40816 0
40817 1
40818 2
40819 3
40820 0
40821 1
40822 2
40823 3
40824 0
40825 1
40826 2
40827 3
40828 0
40829 1
40830 2
40831 3
40832 0
40833 1
40834 2
40835 3
40836 0
40837 1
40838 2
40839 4
40840 3
40841 0
40842 1
40843 2
40844 3
40845 0
40846 1
40847 2
40848 3
40849 0
40850 1
40851 2
40852 3
40853 0
40854 1
40855 2
40856 3
40857 0
40858 1
40859 2
40860 3
40861 0
40862 1
40863 2
40864 3
40865 0
40866 1
40867 2
40868 3
40869 0
40870 1
40871 2
40872 3
40873 0
40874 1
40875 2
40876 3
40877 0
40878 1
40879 2
40880 3
40881 0
40882 1
40883 2
40884 3
40885 0
40886 1
40887 2
40888 4
40889 3
40890 0
40891 1
40892 2
40893 3
40894 0
40895 1
40896 2
40897 3
40898 4
40899 1
40900 2
40901 0
40902 3
40903 1
40904 2
40905 0
40906 3
40907 1
40908 2
40909 0
40910 4
40911 1
40912 2
40913 3
40914 0
40915 1
40916 2
40917 3
40918 0
40919 1
40920 2
40921 3
40922 4
40923 1
40924 2
40925 0
40926 3
40927 1
40928 2
40929 0
40930 3
40931 1
40932 2
40933 0
40934 4
40935 1
40936 2
40937 3
40938 0
40939 1
40940 2
40941 3
40942 0
40943 1
40944 2
40945 3
40946 0
40947 1
40948 2
40949 3
40950 0
40951 1
40952 2
40953 3
40954 0
40955 1
40956 2
40957 3
40958 0
40959 1
40960 2
40961 3
40962 0
40963 1
40964 2
40965 3
40966 0
40967 1
40968 2
40969 3
40970 0
40971 1
40972 2
40973 3
40974 0
40975 1
40976 2
40977 3
40978 0
40979 1
40980 2
40981 3
40982 0
40983 1
40984 2
40985 4
40986 3
40987 0
40988 1
40989 2
40990 3
40991 0
40992 1
40993 2
40994 3
40995 0
40996 1
40997 2
40998 3
40999 0
41000 1
41001 2
41002 3
41003 0
41004 1
41005 2
41006 3
41007 0
41008 1
41009 2
41010 4
41011 3
41012 0
41013 1
41014 2
41015 3
41016 0
41017 1
41018 2
41019 3
41020 4
41021 1
41022 2
41023 0
41024 3
41025 1
41026 2
41027 0
41028 3
41029 1
41030 2
41031 0
41032 4
41033 1
41034 2
41035 3
41036 0
41037 1
41038 2
41039 3
41040 0
41041 1
41042 2
41043 3
41044 0
41045 1
41046 2
41047 3
41048 0
41049 1
41050 2
41051 3
41052 0
41053 1
41054 2
41055 3
41056 0
41057 1
41058 2
41059 3
41060 0
41061 1
41062 2
41063 3
41064 0
41065 1
41066 2
41067 3
41068 0
41069 1
41070 2
41071 3
41072 0
41073 1
41074 2
41075 3
41076 0
41077 1
41078 2
41079 3
41080 0
41081 1
41082 2
41083 4
41084 3
41085 0
41086 1
41087 2
41088 3
41089 0
41090 1
41091 2
41092 3
41093 0
41094 1
41095 2
41096 3
41097 0
41098 1
41099 2
41100 3
41101 0
41102 1
41103 2
41104 3
41105 0
41106 1
41107 2
41108 4
41109 3
41110 0
41111 1
41112 2
41113 3
41114 0
41115 1
41116 2
41117 3
41118 4
41119 1
41120 2
41121 0
41122 3
41123 1
41124 2
41125 0
41126 3
41127 1
41128 2
41129 0
41130 4
41131 1
41132 2
41133 3
41134 0
41135 1
41136 2
41137 3
41138 0
41139 1
41140 2
41141 3
41142 0
41143 1
41144 2
41145 3
41146 0
41147 1
41148 2
41149 3
41150 0
41151 1
41152 2
41153 3
41154 0
41155 1
41156 2
41157 3
41158 0
41159 1
41160 2
41161 3
41162 0
41163 1
41164 2
41165 3
41166 0
41167 1
41168 2
41169 3
41170 0
41171 1
41172 2
41173 3
41174 0
41175 1
41176 2
41177 3
41178 0
41179 1
41180 2
41181 4
41182 3
41183 0
41184 1
41185 2
41186 3
41187 0
41188 1
41189 2
41190 3
41191 0
41192 1
41193 2
41194 3
41195 0
41196 1
41197 2
41198 3
41199 0
41200 1
41201 2
41202 3
41203 0
41204 1
41205 2
41206 3
41207 0
41208 1
41209 2
41210 3
41211 0
41212 1
41213 2
41214 3
41215 0
41216 1
41217 2
41218 3
41219 0
41220 1
41221 2
41222 3
41223 0
41224 1
41225 2
41226 3
41227 0
41228 1
41229 2
41230 4
41231 3
41232 0
41233 1
41234 2
41235 3
41236 0
41237 1
41238 2
41239 3
41240 0
41241 1
41242 2
41243 3
41244 0
41245 1
41246 2
41247 3
41248 0
41249 1
41250 2
41251 3
41252 0
41253 1
41254 2
41255 3
41256 0
41257 1
41258 2
41259 3
41260 0
41261 1
41262 2
41263 3
41264 0
41265 1
41266 2
41267 3
41268 0
41269 1
41270 2
41271 3
41272 0
41273 1
41274 2
41275 3
41276 0
41277 1
41278 2
41279 4
41280 3
41281 0
41282 1
41283 2
41284 3
41285 0
41286 1
41287 2
41288 3
41289 4
41290 1
41291 2
41292 0
41293 3
41294 1
41295 2
41296 0
41297 3
41298 1
41299 2
41300 0
41301 4
41302 1
41303 2
41304 3
41305 0
41306 1
41307 2
41308 3
41309 0
41310 1
41311 2
41312 3
41313 4
41314 1
41315 2
41316 0
41317 3
41318 1
41319 2
41320 0
41321 3
41322 1
41323 2
41324 0
41325 4
41326 1
41327 2
41328 3
41329 0
41330 1
41331 2
41332 3
41333 0
41334 1
41335 2
41336 3
41337 0
41338 1
41339 2
41340 3
41341 0
41342 1
41343 2
41344 3
41345 0
41346 1
41347 2
41348 3
41349 0
41350 1
41351 2
41352 3
41353 0
41354 1
41355 2
41356 3
41357 0
41358 1
41359 2
41360 3
41361 0
41362 1
41363 2
41364 3
41365 0
41366 1
41367 2
41368 3
41369 0
41370 1
41371 2
41372 3
41373 0
41374 1
41375 2
41376 4
41377 3
41378 0
41379 1
41380 2
41381 3
41382 0
41383 1
41384 2
41385 3
41386 0
41387 1
41388 2
41389 3
41390 0
41391 1
41392 2
41393 3
41394 0
41395 1
41396 2
41397 3
41398 0
41399 1
41400 2
41401 3
41402 0
41403 1
41404 2
41405 3
41406 0
41407 1
41408 2
41409 3
41410 0
41411 1
41412 2
41413 3
41414 0
41415 1
41416 2
41417 3
41418 0
41419 1
41420 2
41421 3
41422 0
41423 1
41424 2
41425 4
41426 3
41427 0
41428 1
41429 2
41430 3
41431 0
41432 1
41433 2
41434 3
41435 0
41436 1
41437 2
41438 3
41439 0
41440 1
41441 2
41442 3
41443 0
41444 1
41445 2
41446 3
41447 0
41448 1
41449 2
41450 3
41451 0
41452 1
41453 2
41454 3
41455 0
41456 1
41457 2
41458 3
41459 0
41460 1
41461 2
41462 3
41463 0
41464 1
41465 2
41466 3
41467 0
41468 1
41469 2
41470 3
41471 0
41472 1
41473 2
41474 4
41475 3
41476 0
41477 1
41478 2
41479 3
41480 0
41481 1
41482 2
41483 3
41484 4
41485 1
41486 2
41487 0
41488 3
41489 1
41490 2
41491 0
41492 3
41493 1
41494 2
41495 0
41496 4
41497 1
41498 2
41499 3
41500 0
41501 1
41502 2
41503 3
41504 0
41505 1
41506 2
41507 3
41508 4
41509 1
41510 2
41511 0
41512 3
41513 1
41514 2
41515 0
41516 3
41517 1
41518 2
41519 0
41520 4
41521 1
41522 2
41523 3
41524 0
41525 1
41526 2
41527 3
41528 0
41529 1
41530 2
41531 3
41532 0
41533 1
41534 2
41535 3
41536 0
41537 1
41538 2
41539 3
41540 0
41541 1
41542 2
41543 3
41544 0
41545 1
41546 2
41547 3
41548 0
41549 1
41550 2
41551 3
41552 0
41553 1
41554 2
41555 3
41556 0
41557 1
41558 2
41559 3
41560 0
41561 1
41562 2
41563 3
41564 0
41565 1
41566 2
41567 3
41568 0
41569 1
41570 2
41571 4
41572 3
41573 0
41574 1
41575 2
41576 3
41577 0
41578 1
41579 2
41580 3
41581 0
41582 1
41583 2
41584 3
41585 0
41586 1
41587 2
41588 3
41589 0
41590 1
41591 2
41592 3
41593 0
41594 1
41595 2
41596 3
41597 0
41598 1
41599 2
41600 3
41601 0
41602 1
41603 2
41604 3
41605 0
41606 1
41607 2
41608 3
41609 0
41610 1
41611 2
41612 3
41613 0
41614 1
41615 2
41616 3
41617 0
41618 1
41619 2
41620 4
41621 3
41622 0
41623 1
41624 2
41625 3
41626 0
41627 1
41628 2
41629 3
41630 0
41631 1
41632 2
41633 3
41634 0
41635 1
41636 2
41637 3
41638 0
41639 1
41640 2
41641 3
41642 0
41643 1
41644 2
41645 3
41646 0
41647 1
41648 2
41649 3
41650 0
41651 1
41652 2
41653 3
41654 0
41655 1
41656 2
41657 3
41658 0
41659 1
41660 2
41661 3
41662 0
41663 1
41664 2
41665 3
41666 0
41667 1
41668 2
41669 4
41670 3
41671 0
41672 1
41673 2
41674 3
41675 0
41676 1
41677 2
41678 3
41679 4
41680 1
41681 2
41682 0
41683 3
41684 1
41685 2
41686 0
41687 3
41688 1
41689 2
41690 0
41691 4
41692 1
41693 2
41694 3
41695 0
41696 1
41697 2
41698 3
41699 0
41700 1
41701 2
41702 3
41703 4
41704 1
41705 2
41706 0
41707 3
41708 1
41709 2
41710 0
41711 3
41712 1
41713 2
41714 0
41715 4
41716 1
41717 2
41718 3
41719 0
41720 1
41721 2
41722 3
41723 0
41724 1
41725 2
41726 3
41727 0
41728 1
41729 2
41730 3
41731 0
41732 1
41733 2
41734 3
41735 0
41736 1
41737 2
41738 3
41739 0
41740 1
41741 2
41742 3
41743 0
41744 1
41745 2
41746 3
41747 0
41748 1
41749 2
41750 3
41751 0
41752 1
41753 2
41754 3
41755 0
41756 1
41757 2
41758 3
41759 0
41760 1
41761 2
41762 3
41763 0
41764 1
41765 2
41766 4
41767 3
41768 0
41769 1
41770 2
41771 3
41772 0
41773 1
41774 2
41775 3
41776 0
41777 1
41778 2
41779 3
41780 0
41781 1
41782 2
41783 3
41784 0
41785 1
41786 2
41787 3
41788 0
41789 1
41790 2
41791 4
41792 3
41793 0
41794 1
41795 2
41796 3
41797 0
41798 1
41799 2
41800 3
41801 4
41802 1
41803 2
41804 0
41805 3
41806 1
41807 2
41808 0
41809 3
41810 1
41811 2
41812 0
41813 4
41814 1
41815 2
41816 3
41817 0
41818 1
41819 2
41820 3
41821 0
41822 1
41823 2
41824 3
41825 0
41826 1
41827 2
41828 3
41829 0
41830 1
41831 2
41832 3
41833 0
41834 1
41835 2
41836 3
41837 0
41838 1
41839 2
41840 3
41841 0
41842 1
41843 2
41844 3
41845 0
41846 1
41847 2
41848 3
41849 0
41850 1
41851 2
41852 3
41853 0
41854 1
41855 2
41856 3
41857 0
41858 1
41859 2
41860 3
41861 0
41862 1
41863 2
41864 4
41865 3
41866 0
41867 1
41868 2
41869 3
41870 0
41871 1
41872 2
41873 3
41874 0
41875 1
41876 2
41877 3
41878 0
41879 1
41880 2
41881 3
41882 0
41883 1
41884 2
41885 3
41886 0
41887 1
41888 2
41889 4
41890 3
41891 0
41892 1
41893 2
41894 3
41895 0
41896 1
41897 2
41898 3
41899 4
41900 1
41901 2
41902 0
41903 3
41904 1
41905 2
41906 0
41907 3
41908 1
41909 2
41910 0
41911 4
41912 1
41913 2
41914 3
41915 0
41916 1
41917 2
41918 3
41919 0
41920 1
41921 2
41922 3
41923 0
41924 1
41925 2
41926 3
41927 0
41928 1
41929 2
41930 3
41931 0
41932 1
41933 2
41934 3
41935 0
41936 1
41937 2
41938 3
41939 0
41940 1
41941 2
41942 3
41943 0
41944 1
41945 2
41946 3
41947 0
41948 1
41949 2
41950 3
41951 0
41952 1
41953 2
41954 3
41955 0
41956 1
41957 2
41958 3
41959 0
41960 1
41961 2
41962 4
41963 3
41964 0
41965 1
41966 2
41967 3
41968 0
41969 1
41970 2
41971 3
41972 0
41973 1
41974 2
41975 3
41976 0
41977 1
41978 2
41979 3
41980 0
41981 1
41982 2
41983 3
41984 0
41985 1
41986 2
41987 3
41988 0
41989 1
41990 2
41991 3
41992 0
41993 1
41994 2
41995 3
41996 0
41997 1
41998 2
41999 3
42000 0
42001 1
42002 2
42003 3
42004 0
42005 1
42006 2
42007 3
42008 0
42009 1
42010 2
42011 4
42012 3
42013 0
42014 1
42015 2
42016 3
42017 0
42018 1
42019 2
42020 3
42021 0
42022 1
42023 2
42024 3
42025 0
42026 1
42027 2
42028 3
42029 0
42030 1
42031 2
42032 3
42033 0
42034 1
42035 2
42036 3
42037 0
42038 1
42039 2
42040 3
42041 0
42042 1
42043 2
42044 3
42045 0
42046 1
42047 2
42048 3
42049 0
42050 1
42051 2
42052 3
42053 0
42054 1
42055 2
42056 3
42057 0
42058 1
42059 2
42060 4
42061 3
42062 0
42063 1
42064 2
42065 3
42066 0
42067 1
42068 2
42069 3
42070 4
42071 1
42072 2
42073 0
42074 3
42075 1
42076 2
42077 0
42078 3
42079 1
42080 2
42081 0
42082 4
42083 1
42084 2
42085 3
42086 0
42087 1
42088 2
42089 3
42090 0
42091 1
42092 2
42093 3
42094 4
42095 1
42096 2
42097 0
42098 3
42099 1
42100 2
42101 0
42102 3
42103 1
42104 2
42105 0
42106 4
42107 1
42108 2
42109 3
42110 0
42111 1
42112 2
42113 3
42114 0
42115 1
42116 2
42117 3
42118 0
42119 1
42120 2
42121 3
42122 0
42123 1
42124 2
42125 3
42126 0
42127 1
42128 2
42129 3
42130 0
42131 1
42132 2
42133 3
42134 0
42135 1
42136 2
42137 3
42138 0
42139 1
42140 2
42141 3
42142 0
42143 1
42144 2
42145 3
42146 0
42147 1
42148 2
42149 3
42150 0
42151 1
42152 2
42153 3
42154 0
42155 1
42156 2
42157 4
42158 3
42159 0
42160 1
42161 2
42162 3
42163 0
42164 1
42165 2
42166 3
42167 0
42168 1
42169 2
42170 3
42171 0
42172 1
42173 2
42174 3
42175 0
42176 1
42177 2
42178 3
42179 0
42180 1
42181 2
42182 4
42183 3
42184 0
42185 1
42186 2
42187 3
42188 0
42189 1
42190 2
42191 3
42192 4
42193 1
42194 2
42195 0
42196 3
42197 1
42198 2
42199 0
42200 3
42201 1
42202 2
42203 0
42204 4
42205 1
42206 2
42207 3
42208 0
42209 1
42210 2
42211 3
42212 0
42213 1
42214 2
42215 3
42216 0
42217 1
42218 2
42219 3
42220 0
42221 1
42222 2
42223 3
42224 0
42225 1
42226 2
42227 3
42228 0
42229 1
42230 2
42231 3
42232 0
42233 1
42234 2
42235 3
42236 0
42237 1
42238 2
42239 3
42240 0
42241 1
42242 2
42243 3
42244 0
42245 1
42246 2
42247 3
42248 0
42249 1
42250 2
42251 3
42252 0
42253 1
42254 2
42255 4
42256 3
42257 0
42258 1
42259 2
42260 3
42261 0
42262 1
42263 2
42264 3
42265 4
42266 1
42267 2
42268 0
42269 3
42270 1
42271 2
42272 0
42273 3
42274 1
42275 2
42276 0
42277 4
42278 1
42279 2
42280 3
42281 0
42282 1
42283 2
42284 3
42285 0
42286 1
42287 2
42288 3
42289 4
42290 1
42291 2
42292 0
42293 3
42294 1
42295 2
42296 0
42297 3
42298 1
42299 2
42300 0
42301 4
42302 1
42303 2
42304 3
42305 0
42306 1
42307 2
42308 3
42309 0
42310 1
42311 2
42312 3
42313 0
42314 1
42315 2
42316 3
42317 0
42318 1
42319 2
42320 3
42321 0
42322 1
42323 2
42324 3
42325 0
42326 1
42327 2
42328 3
42329 0
42330 1
42331 2
42332 3
42333 0
42334 1
42335 2
42336 3
42337 0
42338 1
42339 2
42340 3
42341 0
42342 1
42343 2
42344 3
42345 0
42346 1
42347 2
42348 3
42349 0
42350 1
42351 2
42352 4
42353 3
42354 0
42355 1
42356 2
42357 3
42358 0
42359 1
42360 2
42361 3
42362 0
42363 1
42364 2
42365 3
42366 0
42367 1
42368 2
42369 3
42370 0
42371 1
42372 2
42373 3
42374 0
42375 1
42376 2
42377 3
42378 0
42379 1
42380 2
42381 3
42382 0
42383 1
42384 2
42385 3
42386 0
42387 1
42388 2
42389 3
42390 0
42391 1
42392 2
42393 3
42394 0
42395 1
42396 2
42397 3
42398 0
42399 1
42400 2
42401 4
42402 3
42403 0
42404 1
42405 2
42406 3
42407 0
42408 1
42409 2
42410 3
42411 0
42412 1
42413 2
42414 3
42415 0
42416 1
42417 2
42418 3
42419 0
42420 1
42421 2
42422 3
42423 0
42424 1
42425 2
42426 3
42427 0
42428 1
42429 2
42430 3
42431 0
42432 1
42433 2
42434 3
42435 0
42436 1
42437 2
42438 3
42439 0
42440 1
42441 2
42442 3
42443 0
42444 1
42445 2
42446 3
42447 0
42448 1
42449 2
42450 4
42451 3
42452 0
42453 1
42454 2
42455 3
42456 0
42457 1
42458 2
42459 3
42460 4
42461 1
42462 2
42463 0
42464 3
42465 1
42466 2
42467 0
42468 3
42469 1
42470 2
42471 0
42472 4
42473 1
42474 2
42475 3
42476 0
42477 1
42478 2
42479 3
42480 0
42481 1
42482 2
42483 3
42484 4
42485 1
42486 2
42487 0
42488 3
42489 1
42490 2
42491 0
42492 3
42493 1
42494 2
42495 0
42496 4
42497 1
42498 2
42499 3
42500 0
42501 1
42502 2
42503 3
42504 0
42505 1
42506 2
42507 3
42508 0
42509 1
42510 2
42511 3
42512 0
42513 1
42514 2
42515 3
42516 0
42517 1
42518 2
42519 3
42520 0
42521 1
42522 2
42523 3
42524 0
42525 1
42526 2
42527 3
42528 0
42529 1
42530 2
42531 3
42532 0
42533 1
42534 2
42535 3
42536 0
42537 1
42538 2
42539 3
42540 0
42541 1
42542 2
42543 3
42544 0
42545 1
42546 2
42547 4
42548 3
42549 0
42550 1
42551 2
42552 3
42553 0
42554 1
42555 2
42556 3
42557 0
42558 1
42559 2
42560 3
42561 0
42562 1
42563 2
42564 3
42565 0
42566 1
42567 2
42568 3
42569 0
42570 1
42571 2
42572 4
42573 3
42574 0
42575 1
42576 2
42577 3
42578 0
42579 1
42580 2
42581 3
42582 4
42583 1
42584 2
42585 0
42586 3
42587 1
42588 2
42589 0
42590 3
42591 1
42592 2
42593 0
42594 4
42595 1
42596 2
42597 3
42598 0
42599 1
42600 2
42601 3
42602 0
42603 1
42604 2
42605 3
42606 0
42607 1
42608 2
42609 3
42610 0
42611 1
42612 2
42613 3
42614 0
42615 1
42616 2
42617 3
42618 0
42619 1
42620 2
42621 3
42622 0
42623 1
42624 2
42625 3
42626 0
42627 1
42628 2
42629 3
42630 0
42631 1
42632 2
42633 3
42634 0
42635 1
42636 2
42637 3
42638 0
42639 1
42640 2
42641 3
42642 0
42643 1
42644 2
42645 4
42646 3
42647 0
42648 1
42649 2
42650 3
42651 0
42652 1
42653 2
42654 3
42655 0
42656 1
42657 2
42658 3
42659 0
42660 1
42661 2
42662 3
42663 0
42664 1
42665 2
42666 3
42667 0
42668 1
42669 2
42670 4
42671 3
42672 0
42673 1
42674 2
42675 3
42676 0
42677 1
42678 2
42679 3
42680 4
42681 1
42682 2
42683 0
42684 3
42685 1
42686 2
42687 0
42688 3
42689 1
42690 2
42691 0
42692 4
42693 1
42694 2
42695 3
42696 0
42697 1
42698 2
42699 3
42700 0
42701 1
42702 2
42703 3
42704 0
42705 1
42706 2
42707 3
42708 0
42709 1
42710 2
42711 3
42712 0
42713 1
42714 2
42715 3
42716 0
42717 1
42718 2
42719 3
42720 0
42721 1
42722 2
42723 3
42724 0
42725 1
42726 2
42727 3
42728 0
42729 1
42730 2
42731 3
42732 0
42733 1
42734 2
42735 3
42736 0
42737 1
42738 2
42739 3
42740 0
42741 1
42742 2
42743 4
42744 3
42745 0
42746 1
42747 2
42748 3
42749 0
42750 1
42751 2
42752 3
42753 0
42754 1
42755 2
42756 3
42757 0
42758 1
42759 2
42760 3
42761 0
42762 1
42763 2
42764 3
42765 0
42766 1
42767 2
42768 3
42769 0
42770 1
42771 2
42772 3
42773 0
42774 1
42775 2
42776 3
42777 0
42778 1
42779 2
42780 3
42781 0
42782 1
42783 2
42784 3
42785 0
42786 1
42787 2
42788 3
42789 0
42790 1
42791 2
42792 4
42793 3
42794 0
42795 1
42796 2
42797 3
42798 0
42799 1
42800 2
42801 3
42802 0
42803 1
42804 2
42805 3
42806 0
42807 1
42808 2
42809 3
42810 0
42811 1
42812 2
42813 3
42814 0
42815 1
42816 2
42817 3
42818 0
42819 1
42820 2
42821 3
42822 0
42823 1
42824 2
42825 3
42826 0
42827 1
42828 2
42829 3
42830 0
42831 1
42832 2
42833 3
42834 0
42835 1
42836 2
42837 3
42838 0
42839 1
42840 2
42841 4
42842 3
42843 0
42844 1
42845 2
42846 3
42847 0
42848 1
42849 2
42850 3
42851 4
42852 1
42853 2
42854 0
42855 3
42856 1
42857 2
42858 0
42859 3
42860 1
42861 2
42862 0
42863 4
42864 1
42865 2
42866 3
42867 0
42868 1
42869 2
42870 3
42871 0
42872 1
42873 2
42874 3
42875 4
42876 1
42877 2
42878 0
42879 3
42880 1
42881 2
42882 0
42883 3
42884 1
42885 2
42886 0
42887 4
42888 1
42889 2
42890 3
42891 0
42892 1
42893 2
42894 3
42895 0
42896 1
42897 2
42898 3
42899 0
42900 1
42901 2
42902 3
42903 0
42904 1
42905 2
42906 3
42907 0
42908 1
42909 2
42910 3
42911 0
42912 1
42913 2
42914 3
42915 0
42916 1
42917 2
42918 3
42919 0
42920 1
42921 2
42922 3
42923 0
42924 1
42925 2
42926 3
42927 0
42928 1
42929 2
42930 3
42931 0
42932 1
42933 2
42934 3
42935 0
42936 1
42937 2
42938 4
42939 3
42940 0
42941 1
42942 2
42943 3
42944 0
42945 1
42946 2
42947 3
42948 0
42949 1
42950 2
42951 3
42952 0
42953 1
42954 2
42955 3
42956 0
42957 1
42958 2
42959 3
42960 0
42961 1
42962 2
42963 3
42964 0
42965 1
42966 2
42967 3
42968 0
42969 1
42970 2
42971 3
42972 0
42973 1
42974 2
42975 3
42976 0
42977 1
42978 2
42979 3
42980 0
42981 1
42982 2
42983 3
42984 0
42985 1
42986 2
42987 4
42988 3
42989 0
42990 1
42991 2
42992 3
42993 0
42994 1
42995 2
42996 3
42997 0
42998 1
42999 2
43000 3
43001 0
43002 1
43003 2
43004 3
43005 0
43006 1
43007 2
43008 3
43009 0
43010 1
43011 2
43012 3
43013 0
43014 1
43015 2
43016 3
43017 0
43018 1
43019 2
43020 3
43021 0
43022 1
43023 2
43024 3
43025 0
43026 1
43027 2
43028 3
43029 0
43030 1
43031 2
43032 3
43033 0
43034 1
43035 2
43036 4
43037 3
43038 0
43039 1
43040 2
43041 3
43042 0
43043 1
43044 2
43045 3
43046 4
43047 1
43048 2
43049 0
43050 3
43051 1
43052 2
43053 0
43054 3
43055 1
43056 2
43057 0
43058 4
43059 1
43060 2
43061 3
43062 0
43063 1
43064 2
43065 3
43066 0
43067 1
43068 2
43069 3
43070 4
43071 1
43072 2
43073 0
43074 3
43075 1
43076 2
43077 0
43078 3
43079 1
43080 2
43081 0
43082 4
43083 1
43084 2
43085 3
43086 0
43087 1
43088 2
43089 3
43090 0
43091 1
43092 2
43093 3
43094 0
43095 1
43096 2
43097 3
43098 0
43099 1
43100 2
43101 3
43102 0
43103 1
43104 2
43105 3
43106 0
43107 1
43108 2
43109 3
43110 0
43111 1
43112 2
43113 3
43114 0
43115 1
43116 2
43117 3
43118 0
43119 1
43120 2
43121 3
43122 0
43123 1
43124 2
43125 3
43126 0
43127 1
43128 2
43129 3
43130 0
43131 1
43132 2
43133 4
43134 3
43135 0
43136 1
43137 2
43138 3
43139 0
43140 1
43141 2
43142 3
43143 0
43144 1
43145 2
43146 3
43147 0
43148 1
43149 2
43150 3
43151 0
43152 1
43153 2
43154 3
43155 0
43156 1
43157 2
43158 3
43159 0
43160 1
43161 2
43162 3
43163 0
43164 1
43165 2
43166 3
43167 0
43168 1
43169 2
43170 3
43171 0
43172 1
43173 2
43174 3
43175 0
43176 1
43177 2
43178 3
43179 0
43180 1
43181 2
43182 4
43183 3
43184 0
43185 1
43186 2
43187 3
43188 0
43189 1
43190 2
43191 3
43192 0
43193 1
43194 2
43195 3
43196 0
43197 1
43198 2
43199 3
43200 0
43201 1
43202 2
43203 3
43204 0
43205 1
43206 2
43207 3
43208 0
43209 1
43210 2
43211 3
43212 0
43213 1
43214 2
43215 3
43216 0
43217 1
43218 2
43219 3
43220 0
43221 1
43222 2
43223 3
43224 0
43225 1
43226 2
43227 3
43228 0
43229 1
43230 2
43231 4
43232 3
43233 0
43234 1
43235 2
43236 3
43237 0
43238 1
43239 2
43240 3
43241 4
43242 1
43243 2
43244 0
43245 3
43246 1
43247 2
43248 0
43249 3
43250 1
43251 2
43252 0
43253 4
43254 1
43255 2
43256 3
43257 0
43258 1
43259 2
43260 3
43261 0
43262 1
43263 2
43264 3
43265 4
43266 1
43267 2
43268 0
43269 3
43270 1
43271 2
43272 0
43273 3
43274 1
43275 2
43276 0
43277 4
43278 1
43279 2
43280 3
43281 0
43282 1
43283 2
43284 3
43285 0
43286 1
43287 2
43288 3
43289 0
43290 1
43291 2
43292 3
43293 0
43294 1
43295 2
43296 3
43297 0
43298 1
43299 2
43300 3
43301 0
43302 1
43303 2
43304 3
43305 0
43306 1
43307 2
43308 3
43309 0
43310 1
43311 2
43312 3
43313 0
43314 1
43315 2
43316 3
43317 0
43318 1
43319 2
43320 3
43321 0
43322 1
43323 2
43324 3
43325 0
43326 1
43327 2
43328 4
43329 3
43330 0
43331 1
43332 2
43333 3
43334 0
43335 1
43336 2
43337 3
43338 0
43339 1
43340 2
43341 3
43342 0
43343 1
43344 2
43345 3
43346 0
43347 1
43348 2
43349 3
43350 0
43351 1
43352 2
43353 4
43354 3
43355 0
43356 1
43357 2
43358 3
43359 0
43360 1
43361 2
43362 3
43363 4
43364 1
43365 2
43366 0
43367 3
43368 1
43369 2
43370 0
43371 3
43372 1
43373 2
43374 0
43375 4
43376 1
43377 2
43378 3
43379 0
43380 1
43381 2
43382 3
43383 0
43384 1
43385 2
43386 3
43387 0
43388 1
43389 2
43390 3
43391 0
43392 1
43393 2
43394 3
43395 0
43396 1
43397 2
43398 3
43399 0
43400 1
43401 2
43402 3
43403 0
43404 1
43405 2
43406 3
43407 0
43408 1
43409 2
43410 3
43411 0
43412 1
43413 2
43414 3
43415 0
43416 1
43417 2
43418 3
43419 0
43420 1
43421 2
43422 3
43423 0
43424 1
43425 2
43426 4
43427 3
43428 0
43429 1
43430 2
43431 3
43432 0
43433 1
43434 2
43435 3
43436 0
43437 1
43438 2
43439 3
43440 0
43441 1
43442 2
43443 3
43444 0
43445 1
43446 2
43447 3
43448 0
43449 1
43450 2
43451 4
43452 3
43453 0
43454 1
43455 2
43456 3
43457 0
43458 1
43459 2
43460 3
43461 4
43462 1
43463 2
43464 0
43465 3
43466 1
43467 2
43468 0
43469 3
43470 1
43471 2
43472 0
43473 4
43474 1
43475 2
43476 3
43477 0
43478 1
43479 2
43480 3
43481 0
43482 1
43483 2
43484 3
43485 0
43486 1
43487 2
43488 3
43489 0
43490 1
43491 2
43492 3
43493 0
43494 1
43495 2
43496 3
43497 0
43498 1
43499 2
43500 3
43501 0
43502 1
43503 2
43504 3
43505 0
43506 1
43507 2
43508 3
43509 0
43510 1
43511 2
43512 3
43513 0
43514 1
43515 2
43516 3
43517 0
43518 1
43519 2
43520 3
43521 0
43522 1
43523 2
43524 4
43525 3
43526 0
43527 1
43528 2
43529 3
43530 0
43531 1
43532 2
43533 3
43534 0
43535 1
43536 2
43537 3
43538 0
43539 1
43540 2
43541 3
43542 0
43543 1
43544 2
43545 3
43546 0
43547 1
43548 2
43549 3
43550 0
43551 1
43552 2
43553 3
43554 0
43555 1
43556 2
43557 3
43558 0
43559 1
43560 2
43561 3
43562 0
43563 1
43564 2
43565 3
43566 0
43567 1
43568 2
43569 3
43570 0
43571 1
43572 2
43573 4
43574 3
43575 0
43576 1
43577 2
43578 3
43579 0
43580 1
43581 2
43582 3
43583 0
43584 1
43585 2
43586 3
43587 0
43588 1
43589 2
43590 3
43591 0
43592 1
43593 2
43594 3
43595 0
43596 1
43597 2
43598 3
43599 0
43600 1
43601 2
43602 3
43603 0
43604 1
43605 2
43606 3
43607 0
43608 1
43609 2
43610 3
43611 0
43612 1
43613 2
43614 3
43615 0
43616 1
43617 2
43618 3
43619 0
43620 1
43621 2
43622 4
43623 3
43624 0
43625 1
43626 2
43627 3
43628 0
43629 1
43630 2
43631 3
43632 4
43633 1
43634 2
43635 0
43636 3
43637 1
43638 2
43639 0
43640 3
43641 1
43642 2
43643 0
43644 4
43645 1
43646 2
43647 3
43648 0
43649 1
43650 2
43651 3
43652 0
43653 1
43654 2
43655 3
43656 4
43657 1
43658 2
43659 0
43660 3
43661 1
43662 2
43663 0
43664 3
43665 1
43666 2
43667 0
43668 4
43669 1
43670 2
43671 3
43672 0
43673 1
43674 2
43675 3
43676 0
43677 1
43678 2
43679 3
43680 0
43681 1
43682 2
43683 3
43684 0
43685 1
43686 2
43687 3
43688 0
43689 1
43690 2
43691 3
43692 0
43693 1
43694 2
43695 3
43696 0
43697 1
43698 2
43699 3
43700 0
43701 1
43702 2
43703 3
43704 0
43705 1
43706 2
43707 3
43708 0
43709 1
43710 2
43711 3
43712 0
43713 1
43714 2
43715 3
43716 0
43717 1
43718 2
43719 4
43720 3
43721 0
43722 1
43723 2
43724 3
43725 0
43726 1
43727 2
43728 3
43729 0
43730 1
43731 2
43732 3
43733 0
43734 1
43735 2
43736 3
43737 0
43738 1
43739 2
43740 3
43741 0
43742 1
43743 2
43744 4
43745 3
43746 0
43747 1
43748 2
43749 3
43750 0
43751 1
43752 2
43753 3
43754 4
43755 1
43756 2
43757 0
43758 3
43759 1
43760 2
43761 0
43762 3
43763 1
43764 2
43765 0
43766 4
43767 1
43768 2
43769 3
43770 0
43771 1
43772 2
43773 3
43774 0
43775 1
43776 2
43777 3
43778 0
43779 1
43780 2
43781 3
43782 0
43783 1
43784 2
43785 3
43786 0
43787 1
43788 2
43789 3
43790 0
43791 1
43792 2
43793 3
43794 0
43795 1
43796 2
43797 3
43798 0
43799 1
43800 2
43801 3
43802 0
43803 1
43804 2
43805 3
43806 0
43807 1
43808 2
43809 3
43810 0
43811 1
43812 2
43813 3
43814 0
43815 1
43816 2
43817 4
43818 3
43819 0
43820 1
43821 2
43822 3
43823 0
43824 1
43825 2
43826 3
43827 4
43828 1
43829 2
43830 0
43831 3
43832 1
43833 2
43834 0
43835 3
43836 1
43837 2
43838 0
43839 4
43840 1
43841 2
43842 3
43843 0
43844 1
43845 2
43846 3
43847 0
43848 1
43849 2
43850 3
43851 4
43852 1
43853 2
43854 0
43855 3
43856 1
43857 2
43858 0
43859 3
43860 1
43861 2
43862 0
43863 4
43864 1
43865 2
43866 3
43867 0
43868 1
43869 2
43870 3
43871 0
43872 1
43873 2
43874 3
43875 0
43876 1
43877 2
43878 3
43879 0
43880 1
43881 2
43882 3
43883 0
43884 1
43885 2
43886 3
43887 0
43888 1
43889 2
43890 3
43891 0
43892 1
43893 2
43894 3
43895 0
43896 1
43897 2
43898 3
43899 0
43900 1
43901 2
43902 3
43903 0
43904 1
43905 2
43906 3
43907 0
43908 1
43909 2
43910 3
43911 0
43912 1
43913 2
43914 4
43915 3
43916 0
43917 1
43918 2
43919 3
43920 0
43921 1
43922 2
43923 3
43924 0
43925 1
43926 2
43927 3
43928 0
43929 1
43930 2
43931 3
43932 0
43933 1
43934 2
43935 3
43936 0
43937 1
43938 2
43939 3
43940 0
43941 1
43942 2
43943 3
43944 0
43945 1
43946 2
43947 3
43948 0
43949 1
43950 2
43951 3
43952 0
43953 1
43954 2
43955 3
43956 0
43957 1
43958 2
43959 3
43960 0
43961 1
43962 2
43963 4
43964 3
43965 0
43966 1
43967 2
43968 3
43969 0
43970 1
43971 2
43972 3
43973 0
43974 1
43975 2
43976 3
43977 0
43978 1
43979 2
43980 3
43981 0
43982 1
43983 2
43984 3
43985 0
43986 1
43987 2
43988 3
43989 0
43990 1
43991 2
43992 3
43993 0
43994 1
43995 2
43996 3
43997 0
43998 1
43999 2
44000 3
44001 0
44002 1
44003 2
44004 3
44005 0
44006 1
44007 2
44008 3
44009 0
44010 1
44011 2
44012 4
44013 3
44014 0
44015 1
44016 2
44017 3
44018 0
44019 1
44020 2
44021 3
44022 4
44023 1
44024 2
44025 0
44026 3
44027 1
44028 2
44029 0
44030 3
44031 1
44032 2
44033 0
44034 4
44035 1
44036 2
44037 3
44038 0
44039 1
44040 2
44041 3
44042 0
44043 1
44044 2
44045 3
44046 4
44047 1
44048 2
44049 0
44050 3
44051 1
44052 2
44053 0
44054 3
44055 1
44056 2
44057 0
44058 4
44059 1
44060 2
44061 3
44062 0
44063 1
44064 2
44065 3
44066 0
44067 1
44068 2
44069 3
44070 0
44071 1
44072 2
44073 3
44074 0
44075 1
44076 2
44077 3
44078 0
44079 1
44080 2
44081 3
44082 0
44083 1
44084 2
44085 3
44086 0
44087 1
44088 2
44089 3
44090 0
44091 1
44092 2
44093 3
44094 0
44095 1
44096 2
44097 3
44098 0
44099 1
44100 2
44101 3
44102 0
44103 1
44104 2
44105 3
44106 0
44107 1
44108 2
44109 4
44110 3
44111 0
44112 1
44113 2
44114 3
44115 0
44116 1
44117 2
44118 3
44119 0
44120 1
44121 2
44122 3
44123 0
44124 1
44125 2
44126 3
44127 0
44128 1
44129 2
44130 3
44131 0
44132 1
44133 2
44134 4
44135 3
44136 0
44137 1
44138 2
44139 3
44140 0
44141 1
44142 2
44143 3
44144 4
44145 1
44146 2
44147 0
44148 3
44149 1
44150 2
44151 0
44152 3
44153 1
44154 2
44155 0
44156 4
44157 1
44158 2
44159 3
44160 0
44161 1
44162 2
44163 3
44164 0
44165 1
44166 2
44167 3
44168 0
44169 1
44170 2
44171 3
44172 0
44173 1
44174 2
44175 3
44176 0
44177 1
44178 2
44179 3
44180 0
44181 1
44182 2
44183 3
44184 0
44185 1
44186 2
44187 3
44188 0
44189 1
44190 2
44191 3
44192 0
44193 1
44194 2
44195 3
44196 0
44197 1
44198 2
44199 3
44200 0
44201 1
44202 2
44203 3
44204 0
44205 1
44206 2
44207 4
44208 3
44209 0
44210 1
44211 2
44212 3
44213 0
44214 1
44215 2
44216 3
44217 0
44218 1
44219 2
44220 3
44221 0
44222 1
44223 2
44224 3
44225 0
44226 1
44227 2
44228 3
44229 0
44230 1
44231 2
44232 4
44233 3
44234 0
44235 1
44236 2
44237 3
44238 0
44239 1
44240 2
44241 3
44242 4
44243 1
44244 2
44245 0
44246 3
44247 1
44248 2
44249 0
44250 3
44251 1
44252 2
44253 0
44254 4
44255 1
44256 2
44257 3
44258 0
44259 1
44260 2
44261 3
44262 0
44263 1
44264 2
44265 3
44266 0
44267 1
44268 2
44269 3
44270 0
44271 1
44272 2
44273 3
44274 0
44275 1
44276 2
44277 3
44278 0
44279 1
44280 2
44281 3
44282 0
44283 1
44284 2
44285 3
44286 0
44287 1
44288 2
44289 3
44290 0
44291 1
44292 2
44293 3
44294 0
44295 1
44296 2
44297 3
44298 0
44299 1
44300 2
44301 3
44302 0
44303 1
44304 2
44305 4
44306 3
44307 0
44308 1
44309 2
44310 3
44311 0
44312 1
44313 2
44314 3
44315 0
44316 1
44317 2
44318 3
44319 0
44320 1
44321 2
44322 3
44323 0
44324 1
44325 2
44326 3
44327 0
44328 1
44329 2
44330 3
44331 0
44332 1
44333 2
44334 3
44335 0
44336 1
44337 2
44338 3
44339 0
44340 1
44341 2
44342 3
44343 0
44344 1
44345 2
44346 3
44347 0
44348 1
44349 2
44350 3
44351 0
44352 1
44353 2
44354 4
44355 3
44356 0
44357 1
44358 2
44359 3
44360 0
44361 1
44362 2
44363 3
44364 0
44365 1
44366 2
44367 3
44368 0
44369 1
44370 2
44371 3
44372 0
44373 1
44374 2
44375 3
44376 0
44377 1
44378 2
44379 3
44380 0
44381 1
44382 2
44383 3
44384 0
44385 1
44386 2
44387 3
44388 0
44389 1
44390 2
44391 3
44392 0
44393 1
44394 2
44395 3
44396 0
44397 1
44398 2
44399 3
44400 0
44401 1
44402 2
44403 4
44404 3
44405 0
44406 1
44407 2
44408 3
44409 0
44410 1
44411 2
44412 3
44413 4
44414 1
44415 2
44416 0
44417 3
44418 1
44419 2
44420 0
44421 3
44422 1
44423 2
44424 0
44425 4
44426 1
44427 2
44428 3
44429 0
44430 1
44431 2
44432 3
44433 0
44434 1
44435 2
44436 3
44437 4
44438 1
44439 2
44440 0
44441 3
44442 1
44443 2
44444 0
44445 3
44446 1
44447 2
44448 0
44449 4
44450 1
44451 2
44452 3
44453 0
44454 1
44455 2
44456 3
44457 0
44458 1
44459 2
44460 3
44461 0
44462 1
44463 2
44464 3
44465 0
44466 1
44467 2
44468 3
44469 0
44470 1
44471 2
44472 3
44473 0
44474 1
44475 2
44476 3
44477 0
44478 1
44479 2
44480 3
44481 0
44482 1
44483 2
44484 3
44485 0
44486 1
44487 2
44488 3
44489 0
44490 1
44491 2
44492 3
44493 0
44494 1
44495 2
44496 3
44497 0
44498 1
44499 2
44500 4
44501 3
44502 0
44503 1
44504 2
44505 3
44506 0
44507 1
44508 2
44509 3
44510 0
44511 1
44512 2
44513 3
44514 0
44515 1
44516 2
44517 3
44518 0
44519 1
44520 2
44521 3
44522 0
44523 1
44524 2
44525 3
44526 0
44527 1
44528 2
44529 3
44530 0
44531 1
44532 2
44533 3
44534 0
44535 1
44536 2
44537 3
44538 0
44539 1
44540 2
44541 3
44542 0
44543 1
44544 2
44545 3
44546 0
44547 1
44548 2
44549 4
44550 3
44551 0
44552 1
44553 2
44554 3
44555 0
44556 1
44557 2
44558 3
44559 0
44560 1
44561 2
44562 3
44563 0
44564 1
44565 2
44566 3
44567 0
44568 1
44569 2
44570 3
44571 0
44572 1
44573 2
44574 3
44575 0
44576 1
44577 2
44578 3
44579 0
44580 1
44581 2
44582 3
44583 0
44584 1
44585 2
44586 3
44587 0
44588 1
44589 2
44590 3
44591 0
44592 1
44593 2
44594 3
44595 0
44596 1
44597 2
44598 4
44599 3
44600 0
44601 1
44602 2
44603 3
44604 0
44605 1
44606 2
44607 3
44608 4
44609 1
44610 2
44611 0
44612 3
44613 1
44614 2
44615 0
44616 3
44617 1
44618 2
44619 0
44620 4
44621 1
44622 2
44623 3
44624 0
44625 1
44626 2
44627 3
44628 0
44629 1
44630 2
44631 3
44632 4
44633 1
44634 2
44635 0
44636 3
44637 1
44638 2
44639 0
44640 3
44641 1
44642 2
44643 0
44644 4
44645 1
44646 2
44647 3
44648 0
44649 1
44650 2
44651 3
44652 0
44653 1
44654 2
44655 3
44656 0
44657 1
44658 2
44659 3
44660 0
44661 1
44662 2
44663 3
44664 0
44665 1
44666 2
44667 3
44668 0
44669 1
44670 2
44671 3
44672 0
44673 1
44674 2
44675 3
44676 0
44677 1
44678 2
44679 3
44680 0
44681 1
44682 2
44683 3
44684 0
44685 1
44686 2
44687 3
44688 0
44689 1
44690 2
44691 3
44692 0
44693 1
44694 2
44695 4
44696 3
44697 0
44698 1
44699 2
44700 3
44701 0
44702 1
44703 2
44704 3
44705 0
44706 1
44707 2
44708 3
44709 0
44710 1
44711 2
44712 3
44713 0
44714 1
44715 2
44716 3
44717 0
44718 1
44719 2
44720 3
44721 0
44722 1
44723 2
44724 3
44725 0
44726 1
44727 2
44728 3
44729 0
44730 1
44731 2
44732 3
44733 0
44734 1
44735 2
44736 3
44737 0
44738 1
44739 2
44740 3
44741 0
44742 1
44743 2
44744 4
44745 3
44746 0
44747 1
44748 2
44749 3
44750 0
44751 1
44752 2
44753 3
44754 0
44755 1
44756 2
44757 3
44758 0
44759 1
44760 2
44761 3
44762 0
44763 1
44764 2
44765 3
44766 0
44767 1
44768 2
44769 3
44770 0
44771 1
44772 2
44773 3
44774 0
44775 1
44776 2
44777 3
44778 0
44779 1
44780 2
44781 3
44782 0
44783 1
44784 2
44785 3
44786 0
44787 1
44788 2
44789 3
44790 0
44791 1
44792 2
44793 4
44794 3
44795 0
44796 1
44797 2
44798 3
44799 0
44800 1
44801 2
44802 3
44803 4
44804 1
44805 2
44806 0
44807 3
44808 1
44809 2
44810 0
44811 3
44812 1
44813 2
44814 0
44815 4
44816 1
44817 2
44818 3
44819 0
44820 1
44821 2
44822 3
44823 0
44824 1
44825 2
44826 3
44827 4
44828 1
44829 2
44830 0
44831 3
44832 1
44833 2
44834 0
44835 3
44836 1
44837 2
44838 0
44839 4
44840 1
44841 2
44842 3
44843 0
44844 1
44845 2
44846 3
44847 0
44848 1
44849 2
44850 3
44851 0
44852 1
44853 2
44854 3
44855 0
44856 1
44857 2
44858 3
44859 0
44860 1
44861 2
44862 3
44863 0
44864 1
44865 2
44866 3
44867 0
44868 1
44869 2
44870 3
44871 0
44872 1
44873 2
44874 3
44875 0
44876 1
44877 2
44878 3
44879 0
44880 1
44881 2
44882 3
44883 0
44884 1
44885 2
44886 3
44887 0
44888 1
44889 2
44890 4
44891 3
44892 0
44893 1
44894 2
44895 3
44896 0
44897 1
44898 2
44899 3
44900 0
44901 1
44902 2
44903 3
44904 0
44905 1
44906 2
44907 3
44908 0
44909 1
44910 2
44911 3
44912 0
44913 1
44914 2
44915 4
44916 3
44917 0
44918 1
44919 2
44920 3
44921 0
44922 1
44923 2
44924 3
44925 4
44926 1
44927 2
44928 0
44929 3
44930 1
44931 2
44932 0
44933 3
44934 1
44935 2
44936 0
44937 4
44938 1
44939 2
44940 3
44941 0
44942 1
44943 2
44944 3
44945 0
44946 1
44947 2
44948 3
44949 0
44950 1
44951 2
44952 3
44953 0
44954 1
44955 2
44956 3
44957 0
44958 1
44959 2
44960 3
44961 0
44962 1
44963 2
44964 3
44965 0
44966 1
44967 2
44968 3
44969 0
44970 1
44971 2
44972 3
44973 0
44974 1
44975 2
44976 3
44977 0
44978 1
44979 2
44980 3
44981 0
44982 1
44983 2
44984 3
44985 0
44986 1
44987 2
44988 4
44989 3
44990 0
44991 1
44992 2
44993 3
44994 0
44995 1
44996 2
44997 3
44998 0
44999 1
45000 2
45001 3
45002 0
45003 1
45004 2
45005 3
45006 0
45007 1
45008 2
45009 3
45010 0
45011 1
45012 2
45013 4
45014 3
45015 0
45016 1
45017 2
45018 3
45019 0
45020 1
45021 2
45022 3
45023 4
45024 1
45025 2
45026 0
45027 3
45028 1
45029 2
45030 0
45031 3
45032 1
45033 2
45034 0
45035 4
45036 1
45037 2
45038 3
45039 0
45040 1
45041 2
45042 3
45043 0
45044 1
45045 2
45046 3
45047 0
45048 1
45049 2
45050 3
45051 0
45052 1
45053 2
45054 3
45055 0
45056 1
45057 2
45058 3
45059 0
45060 1
45061 2
45062 3
45063 0
45064 1
45065 2
45066 3
45067 0
45068 1
45069 2
45070 3
45071 0
45072 1
45073 2
45074 3
45075 0
45076 1
45077 2
45078 3
45079 0
45080 1
45081 2
45082 3
45083 0
45084 1
45085 2
45086 4
45087 3
45088 0
45089 1
45090 2
45091 3
45092 0
45093 1
45094 2
45095 3
45096 0
45097 1
45098 2
45099 3
45100 0
45101 1
45102 2
45103 3
45104 0
45105 1
45106 2
45107 3
45108 0
45109 1
45110 2
45111 3
45112 0
45113 1
45114 2
45115 3
45116 0
45117 1
45118 2
45119 3
45120 0
45121 1
45122 2
45123 3
45124 0
45125 1
45126 2
45127 3
45128 0
45129 1
45130 2
45131 3
45132 0
45133 1
45134 2
45135 4
45136 3
45137 0
45138 1
45139 2
45140 3
45141 0
45142 1
45143 2
45144 3
45145 0
45146 1
45147 2
45148 3
45149 0
45150 1
45151 2
45152 3
45153 0
45154 1
45155 2
45156 3
45157 0
45158 1
45159 2
45160 3
45161 0
45162 1
45163 2
45164 3
45165 0
45166 1
45167 2
45168 3
45169 0
45170 1
45171 2
45172 3
45173 0
45174 1
45175 2
45176 3
45177 0
45178 1
45179 2
45180 3
45181 0
45182 1
45183 2
45184 4
45185 3
45186 0
45187 1
45188 2
45189 3
45190 0
45191 1
45192 2
45193 3
45194 4
45195 1
45196 2
45197 0
45198 3
45199 1
45200 2
45201 0
45202 3
45203 1
45204 2
45205 0
45206 4
45207 1
45208 2
45209 3
45210 0
45211 1
45212 2
45213 3
45214 0
45215 1
45216 2
45217 3
45218 4
45219 1
45220 2
45221 0
45222 3
45223 1
45224 2
45225 0
45226 3
45227 1
45228 2
45229 0
45230 4
45231 1
45232 2
45233 3
45234 0
45235 1
45236 2
45237 3
45238 0
45239 1
45240 2
45241 3
45242 0
45243 1
45244 2
45245 3
45246 0
45247 1
45248 2
45249 3
45250 0
45251 1
45252 2
45253 3
45254 0
45255 1
45256 2
45257 3
45258 0
45259 1
45260 2
45261 3
45262 0
45263 1
45264 2
45265 3
45266 0
45267 1
45268 2
45269 3
45270 0
45271 1
45272 2
45273 3
45274 0
45275 1
45276 2
45277 3
45278 0
45279 1
45280 2
45281 4
45282 3
45283 0
45284 1
45285 2
45286 3
45287 0
45288 1
45289 2
45290 3
45291 0
45292 1
45293 2
45294 3
45295 0
45296 1
45297 2
45298 3
45299 0
45300 1
45301 2
45302 3
45303 0
45304 1
45305 2
45306 4
45307 3
45308 0
45309 1
45310 2
45311 3
45312 0
45313 1
45314 2
45315 3
45316 4
45317 1
45318 2
45319 0
45320 3
45321 1
45322 2
45323 0
45324 3
45325 1
45326 2
45327 0
45328 4
45329 1
45330 2
45331 3
45332 0
45333 1
45334 2
45335 3
45336 0
45337 1
45338 2
45339 3
45340 0
45341 1
45342 2
45343 3
45344 0
45345 1
45346 2
45347 3
45348 0
45349 1
45350 2
45351 3
45352 0
45353 1
45354 2
45355 3
45356 0
45357 1
45358 2
45359 3
45360 0
45361 1
45362 2
45363 3
45364 0
45365 1
45366 2
45367 3
45368 0
45369 1
45370 2
45371 3
45372 0
45373 1
45374 2
45375 3
45376 0
45377 1
45378 2
45379 4
45380 3
45381 0
45382 1
45383 2
45384 3
45385 0
45386 1
45387 2
45388 3
45389 0
45390 1
45391 2
45392 3
45393 0
45394 1
45395 2
45396 3
45397 0
45398 1
45399 2
45400 3
45401 0
45402 1
45403 2
45404 4
45405 3
45406 0
45407 1
45408 2
45409 3
45410 0
45411 1
45412 2
45413 3
45414 4
45415 1
45416 2
45417 0
45418 3
45419 1
45420 2
45421 0
45422 3
45423 1
45424 2
45425 0
45426 4
45427 1
45428 2
45429 3
45430 0
45431 1
45432 2
45433 3
45434 0
45435 1
45436 2
45437 3
45438 0
45439 1
45440 2
45441 3
45442 0
45443 1
45444 2
45445 3
45446 0
45447 1
45448 2
45449 3
45450 0
45451 1
45452 2
45453 3
45454 0
45455 1
45456 2
45457 3
45458 0
45459 1
45460 2
45461 3
45462 0
45463 1
45464 2
45465 3
45466 0
45467 1
45468 2
45469 3
45470 0
45471 1
45472 2
45473 3
45474 0
45475 1
45476 2
45477 4
45478 3
45479 0
45480 1
45481 2
45482 3
45483 0
45484 1
45485 2
45486 3
45487 0
45488 1
45489 2
45490 3
45491 0
45492 1
45493 2
45494 3
45495 0
45496 1
45497 2
45498 3
45499 0
45500 1
45501 2
45502 3
45503 0
45504 1
45505 2
45506 3
45507 0
45508 1
45509 2
45510 3
45511 0
45512 1
45513 2
45514 3
45515 0
45516 1
45517 2
45518 3
45519 0
45520 1
45521 2
45522 3
45523 0
45524 1
45525 2
45526 4
45527 3
45528 0
45529 1
45530 2
45531 3
45532 0
45533 1
45534 2
45535 3
45536 0
45537 1
45538 2
45539 3
45540 0
45541 1
45542 2
45543 3
45544 0
45545 1
45546 2
45547 3
45548 0
45549 1
45550 2
45551 3
45552 0
45553 1
45554 2
45555 3
45556 0
45557 1
45558 2
45559 3
45560 0
45561 1
45562 2
45563 3
45564 0
45565 1
45566 2
45567 3
45568 0
45569 1
45570 2
45571 3
45572 0
45573 1
45574 2
45575 4
45576 3
45577 0
45578 1
45579 2
45580 3
45581 0
45582 1
45583 2
45584 3
45585 4
45586 1
45587 2
45588 0
45589 3
45590 1
45591 2
45592 0
45593 3
45594 1
45595 2
45596 0
45597 4
45598 1
45599 2
45600 3
45601 0
45602 1
45603 2
45604 3
45605 0
45606 1
45607 2
45608 3
45609 4
45610 1
45611 2
45612 0
45613 3
45614 1
45615 2
45616 0
45617 3
45618 1
45619 2
45620 0
45621 4
45622 1
45623 2
45624 3
45625 0
45626 1
45627 2
45628 3
45629 0
45630 1
45631 2
45632 3
45633 0
45634 1
45635 2
45636 3
45637 0
45638 1
45639 2
45640 3
45641 0
45642 1
45643 2
45644 3
45645 0
45646 1
45647 2
45648 3
45649 0
45650 1
45651 2
45652 3
45653 0
45654 1
45655 2
45656 3
45657 0
45658 1
45659 2
45660 3
45661 0
45662 1
45663 2
45664 3
45665 0
45666 1
45667 2
45668 3
45669 0
45670 1
45671 2
45672 4
45673 3
45674 0
45675 1
45676 2
45677 3
45678 0
45679 1
45680 2
45681 3
45682 0
45683 1
45684 2
45685 3
45686 0
45687 1
45688 2
45689 3
45690 0
45691 1
45692 2
45693 3
45694 0
45695 1
45696 2
45697 4
45698 3
45699 0
45700 1
45701 2
45702 3
45703 0
45704 1
45705 2
45706 3
45707 4
45708 1
45709 2
45710 0
45711 3
45712 1
45713 2
45714 0
45715 3
45716 1
45717 2
45718 0
45719 4
45720 1
45721 2
45722 3
45723 0
45724 1
45725 2
45726 3
45727 0
45728 1
45729 2
45730 3
45731 0
45732 1
45733 2
45734 3
45735 0
45736 1
45737 2
45738 3
45739 0
45740 1
45741 2
45742 3
45743 0
45744 1
45745 2
45746 3
45747 0
45748 1
45749 2
45750 3
45751 0
45752 1
45753 2
45754 3
45755 0
45756 1
45757 2
45758 3
45759 0
45760 1
45761 2
45762 3
45763 0
45764 1
45765 2
45766 3
45767 0
45768 1
45769 2
45770 4
45771 3
45772 0
45773 1
45774 2
45775 3
45776 0
45777 1
45778 2
45779 3
45780 0
45781 1
45782 2
45783 3
45784 0
45785 1
45786 2
45787 3
45788 0
45789 1
45790 2
45791 3
45792 0
45793 1
45794 2
45795 4
45796 3
45797 0
45798 1
45799 2
45800 3
45801 0
45802 1
45803 2
45804 3
45805 4
45806 1
45807 2
45808 0
45809 3
45810 1
45811 2
45812 0
45813 3
45814 1
45815 2
45816 0
45817 4
45818 1
45819 2
45820 3
45821 0
45822 1
45823 2
45824 3
45825 0
45826 1
45827 2
45828 3
45829 0
45830 1
45831 2
45832 3
45833 0
45834 1
45835 2
45836 3
45837 0
45838 1
45839 2
45840 3
45841 0
45842 1
45843 2
45844 3
45845 0
45846 1
45847 2
45848 3
45849 0
45850 1
45851 2
45852 3
45853 0
45854 1
45855 2
45856 3
45857 0
45858 1
45859 2
45860 3
45861 0
45862 1
45863 2
45864 3
45865 0
45866 1
45867 2
45868 4
45869 3
45870 0
45871 1
45872 2
45873 3
45874 0
45875 1
45876 2
45877 3
45878 0
45879 1
45880 2
45881 3
45882 0
45883 1
45884 2
45885 3
45886 0
45887 1
45888 2
45889 3
45890 0
45891 1
45892 2
45893 3
45894 0
45895 1
45896 2
45897 3
45898 0
45899 1
45900 2
45901 3
45902 0
45903 1
45904 2
45905 3
45906 0
45907 1
45908 2
45909 3
45910 0
45911 1
45912 2
45913 3
45914 0
45915 1
45916 2
45917 4
45918 3
45919 0
45920 1
45921 2
45922 3
45923 0
45924 1
45925 2
45926 3
45927 0
45928 1
45929 2
45930 3
45931 0
45932 1
45933 2
45934 3
45935 0
45936 1
45937 2
45938 3
45939 0
45940 1
45941 2
45942 3
45943 0
45944 1
45945 2
45946 3
45947 0
45948 1
45949 2
45950 3
45951 0
45952 1
45953 2
45954 3
45955 0
45956 1
45957 2
45958 3
45959 0
45960 1
45961 2
45962 3
45963 0
45964 1
45965 2
45966 4
45967 3
45968 0
45969 1
45970 2
45971 3
45972 0
45973 1
45974 2
45975 3
45976 4
45977 1
45978 2
45979 0
45980 3
45981 1
45982 2
45983 0
45984 3
45985 1
45986 2
45987 0
45988 4
45989 1
45990 2
45991 3
45992 0
45993 1
45994 2
45995 3
45996 0
45997 1
45998 2
45999 3
46000 4
46001 1
46002 2
46003 0
46004 3
46005 1
46006 2
46007 0
46008 3
46009 1
46010 2
46011 0
46012 4
46013 1
46014 2
46015 3
46016 0
46017 1
46018 2
46019 3
46020 0
46021 1
46022 2
46023 3
46024 0
46025 1
46026 2
46027 3
46028 0
46029 1
46030 2
46031 3
46032 0
46033 1
46034 2
46035 3
46036 0
46037 1
46038 2
46039 3
46040 0
46041 1
46042 2
46043 3
46044 0
46045 1
46046 2
46047 3
46048 0
46049 1
46050 2
46051 3
46052 0
46053 1
46054 2
46055 3
46056 0
46057 1
46058 2
46059 3
46060 0
46061 1
46062 2
46063 4
46064 3
46065 0
46066 1
46067 2
46068 3
46069 0
46070 1
46071 2
46072 3
46073 0
46074 1
46075 2
46076 3
46077 0
46078 1
46079 2
46080 3
46081 0
46082 1
46083 2
46084 3
46085 0
46086 1
46087 2
46088 3
46089 0
46090 1
46091 2
46092 3
46093 0
46094 1
46095 2
46096 3
46097 0
46098 1
46099 2
46100 3
46101 0
46102 1
46103 2
46104 3
46105 0
46106 1
46107 2
46108 3
46109 0
46110 1
46111 2
46112 4
46113 3
46114 0
46115 1
46116 2
46117 3
46118 0
46119 1
46120 2
46121 3
46122 0
46123 1
46124 2
46125 3
46126 0
46127 1
46128 2
46129 3
46130 0
46131 1
46132 2
46133 3
46134 0
46135 1
46136 2
46137 3
46138 0
46139 1
46140 2
46141 3
46142 0
46143 1
46144 2
46145 3
46146 0
46147 1
46148 2
46149 3
46150 0
46151 1
46152 2
46153 3
46154 0
46155 1
46156 2
46157 3
46158 0
46159 1
46160 2
46161 4
46162 3
46163 0
46164 1
46165 2
46166 3
46167 0
46168 1
46169 2
46170 3
46171 4
46172 1
46173 2
46174 0
46175 3
46176 1
46177 2
46178 0
46179 3
46180 1
46181 2
46182 0
46183 4
46184 1
46185 2
46186 3
46187 0
46188 1
46189 2
46190 3
46191 0
46192 1
46193 2
46194 3
46195 4
46196 1
46197 2
46198 0
46199 3
46200 1
46201 2
46202 0
46203 3
46204 1
46205 2
46206 0
46207 4
46208 1
46209 2
46210 3
46211 0
46212 1
46213 2
46214 3
46215 0
46216 1
46217 2
46218 3
46219 0
46220 1
46221 2
46222 3
46223 0
46224 1
46225 2
46226 3
46227 0
46228 1
46229 2
46230 3
46231 0
46232 1
46233 2
46234 3
46235 0
46236 1
46237 2
46238 3
46239 0
46240 1
46241 2
46242 3
46243 0
46244 1
46245 2
46246 3
46247 0
46248 1
46249 2
46250 3
46251 0
46252 1
46253 2
46254 3
46255 0
46256 1
46257 2
46258 4
46259 3
46260 0
46261 1
46262 2
46263 3
46264 0
46265 1
46266 2
46267 3
46268 0
46269 1
46270 2
46271 3
46272 0
46273 1
46274 2
46275 3
46276 0
46277 1
46278 2
46279 3
46280 0
46281 1
46282 2
46283 3
46284 0
46285 1
46286 2
46287 3
46288 0
46289 1
46290 2
46291 3
46292 0
46293 1
46294 2
46295 3
46296 0
46297 1
46298 2
46299 3
46300 0
46301 1
46302 2
46303 3
46304 0
46305 1
46306 2
46307 4
46308 3
46309 0
46310 1
46311 2
46312 3
46313 0
46314 1
46315 2
46316 3
46317 0
46318 1
46319 2
46320 3
46321 0
46322 1
46323 2
46324 3
46325 0
46326 1
46327 2
46328 3
46329 0
46330 1
46331 2
46332 3
46333 0
46334 1
46335 2
46336 3
46337 0
46338 1
46339 2
46340 3
46341 0
46342 1
46343 2
46344 3
46345 0
46346 1
46347 2
46348 3
46349 0
46350 1
46351 2
46352 3
46353 0
46354 1
46355 2
46356 4
46357 3
46358 0
46359 1
46360 2
46361 3
46362 0
46363 1
46364 2
46365 3
46366 4
46367 1
46368 2
46369 0
46370 3
46371 1
46372 2
46373 0
46374 3
46375 1
46376 2
46377 0
46378 4
46379 1
46380 2
46381 3
46382 0
46383 1
46384 2
46385 3
46386 0
46387 1
46388 2
46389 3
46390 4
46391 1
46392 2
46393 0
46394 3
46395 1
46396 2
46397 0
46398 3
46399 1
46400 2
46401 0
46402 4
46403 1
46404 2
46405 3
46406 0
46407 1
46408 2
46409 3
46410 0
46411 1
46412 2
46413 3
46414 0
46415 1
46416 2
46417 3
46418 0
46419 1
46420 2
46421 3
46422 0
46423 1
46424 2
46425 3
46426 0
46427 1
46428 2
46429 3
46430 0
46431 1
46432 2
46433 3
46434 0
46435 1
46436 2
46437 3
46438 0
46439 1
46440 2
46441 3
46442 0
46443 1
46444 2
46445 3
46446 0
46447 1
46448 2
46449 3
46450 0
46451 1
46452 2
46453 4
46454 3
46455 0
46456 1
46457 2
46458 3
46459 0
46460 1
46461 2
46462 3
46463 0
46464 1
46465 2
46466 3
46467 0
46468 1
46469 2
46470 3
46471 0
46472 1
46473 2
46474 3
46475 0
46476 1
46477 2
46478 4
46479 3
46480 0
46481 1
46482 2
46483 3
46484 0
46485 1
46486 2
46487 3
46488 4
46489 1
46490 2
46491 0
46492 3
46493 1
46494 2
46495 0
46496 3
46497 1
46498 2
46499 0
46500 4
46501 1
46502 2
46503 3
46504 0
46505 1
46506 2
46507 3
46508 0
46509 1
46510 2
46511 3
46512 0
46513 1
46514 2
46515 3
46516 0
46517 1
46518 2
46519 3
46520 0
46521 1
46522 2
46523 3
46524 0
46525 1
46526 2
46527 3
46528 0
46529 1
46530 2
46531 3
46532 0
46533 1
46534 2
46535 3
46536 0
46537 1
46538 2
46539 3
46540 0
46541 1
46542 2
46543 3
46544 0
46545 1
46546 2
46547 3
46548 0
46549 1
46550 2
46551 4
46552 3
46553 0
46554 1
46555 2
46556 3
46557 0
46558 1
46559 2
46560 3
46561 0
46562 1
46563 2
46564 3
46565 0
46566 1
46567 2
46568 3
46569 0
46570 1
46571 2
46572 3
46573 0
46574 1
46575 2
46576 4
46577 3
46578 0
46579 1
46580 2
46581 3
46582 0
46583 1
46584 2
46585 3
46586 4
46587 1
46588 2
46589 0
46590 3
46591 1
46592 2
46593 0
46594 3
46595 1
46596 2
46597 0
46598 4
46599 1
46600 2
46601 3
46602 0
46603 1
46604 2
46605 3
46606 0
46607 1
46608 2
46609 3
46610 0
46611 1
46612 2
46613 3
46614 0
46615 1
46616 2
46617 3
46618 0
46619 1
46620 2
46621 3
46622 0
46623 1
46624 2
46625 3
46626 0
46627 1
46628 2
46629 3
46630 0
46631 1
46632 2
46633 3
46634 0
46635 1
46636 2
46637 3
46638 0
46639 1
46640 2
46641 3
46642 0
46643 1
46644 2
46645 3
46646 0
46647 1
46648 2
46649 4
46650 3
46651 0
46652 1
46653 2
46654 3
46655 0
46656 1
46657 2
46658 3
46659 0
46660 1
46661 2
46662 3
46663 0
46664 1
46665 2
46666 3
46667 0
46668 1
46669 2
46670 3
46671 0
46672 1
46673 2
46674 3
46675 0
46676 1
46677 2
46678 3
46679 0
46680 1
46681 2
46682 3
46683 0
46684 1
46685 2
46686 3
46687 0
46688 1
46689 2
46690 3
46691 0
46692 1
46693 2
46694 3
46695 0
46696 1
46697 2
46698 4
46699 3
46700 0
46701 1
46702 2
46703 3
46704 0
46705 1
46706 2
46707 3
46708 0
46709 1
46710 2
46711 3
46712 0
46713 1
46714 2
46715 3
46716 0
46717 1
46718 2
46719 3
46720 0
46721 1
46722 2
46723 3
46724 0
46725 1
46726 2
46727 3
46728 0
46729 1
46730 2
46731 3
46732 0
46733 1
46734 2
46735 3
46736 0
46737 1
46738 2
46739 3
46740 0
46741 1
46742 2
46743 3
46744 0
46745 1
46746 2
46747 4
46748 3
46749 0
46750 1
46751 2
46752 3
46753 0
46754 1
46755 2
46756 3
46757 4
46758 1
46759 2
46760 0
46761 3
46762 1
46763 2
46764 0
46765 3
46766 1
46767 2
46768 0
46769 4
46770 1
46771 2
46772 3
46773 0
46774 1
46775 2
46776 3
46777 0
46778 1
46779 2
46780 3
46781 4
46782 1
46783 2
46784 0
46785 3
46786 1
46787 2
46788 0
46789 3
46790 1
46791 2
46792 0
46793 4
46794 1
46795 2
46796 3
46797 0
46798 1
46799 2
46800 3
46801 0
46802 1
46803 2
46804 3
46805 0
46806 1
46807 2
46808 3
46809 0
46810 1
46811 2
46812 3
46813 0
46814 1
46815 2
46816 3
46817 0
46818 1
46819 2
46820 3
46821 0
46822 1
46823 2
46824 3
46825 0
46826 1
46827 2
46828 3
46829 0
46830 1
46831 2
46832 3
46833 0
46834 1
46835 2
46836 3
46837 0
46838 1
46839 2
46840 3
46841 0
46842 1
46843 2
46844 4
46845 3
46846 0
46847 1
46848 2
46849 3
46850 0
46851 1
46852 2
46853 3
46854 0
46855 1
46856 2
46857 3
46858 0
46859 1
46860 2
46861 3
46862 0
46863 1
46864 2
46865 3
46866 0
46867 1
46868 2
46869 3
46870 0
46871 1
46872 2
46873 3
46874 0
46875 1
46876 2
46877 3
46878 0
46879 1
46880 2
46881 3
46882 0
46883 1
46884 2
46885 3
46886 0
46887 1
46888 2
46889 3
46890 0
46891 1
46892 2
46893 4
46894 3
46895 0
46896 1
46897 2
46898 3
46899 0
46900 1
46901 2
46902 3
46903 0
46904 1
46905 2
46906 3
46907 0
46908 1
46909 2
46910 3
46911 0
46912 1
46913 2
46914 3
46915 0
46916 1
46917 2
46918 3
46919 0
46920 1
46921 2
46922 3
46923 0
46924 1
46925 2
46926 3
46927 0
46928 1
46929 2
46930 3
46931 0
46932 1
46933 2
46934 3
46935 0
46936 1
46937 2
46938 3
46939 0
46940 1
46941 2
46942 4
46943 3
46944 0
46945 1
46946 2
46947 3
46948 0
46949 1
46950 2
46951 3
46952 4
46953 1
46954 2
46955 0
46956 3
46957 1
46958 2
46959 0
46960 3
46961 1
46962 2
46963 0
46964 4
46965 1
46966 2
46967 3
46968 0
46969 1
46970 2
46971 3
46972 0
46973 1
46974 2
46975 3
46976 4
46977 1
46978 2
46979 0
46980 3
46981 1
46982 2
46983 0
46984 3
46985 1
46986 2
46987 0
46988 4
46989 1
46990 2
46991 3
46992 0
46993 1
46994 2
46995 3
46996 0
46997 1
46998 2
46999 3
47000 0
47001 1
47002 2
47003 3
47004 0
47005 1
47006 2
47007 3
47008 0
47009 1
47010 2
47011 3
47012 0
47013 1
47014 2
47015 3
47016 0
47017 1
47018 2
47019 3
47020 0
47021 1
47022 2
47023 3
47024 0
47025 1
47026 2
47027 3
47028 0
47029 1
47030 2
47031 3
47032 0
47033 1
47034 2
47035 3
47036 0
47037 1
47038 2
47039 4
47040 3
47041 0
47042 1
47043 2
47044 3
47045 0
47046 1
47047 2
47048 3
47049 0
47050 1
47051 2
47052 3
47053 0
47054 1
47055 2
47056 3
47057 0
47058 1
47059 2
47060 3
47061 0
47062 1
47063 2
47064 3
47065 0
47066 1
47067 2
47068 3
47069 0
47070 1
47071 2
47072 3
47073 0
47074 1
47075 2
47076 3
47077 0
47078 1
47079 2
47080 3
47081 0
47082 1
47083 2
47084 3
47085 0
47086 1
47087 2
47088 4
47089 3
47090 0
47091 1
47092 2
47093 3
47094 0
47095 1
47096 2
47097 3
47098 0
47099 1
47100 2
47101 3
47102 0
47103 1
47104 2
47105 3
47106 0
47107 1
47108 2
47109 3
47110 0
47111 1
47112 2
47113 3
47114 0
47115 1
47116 2
47117 3
47118 0
47119 1
47120 2
47121 3
47122 0
47123 1
47124 2
47125 3
47126 0
47127 1
47128 2
47129 3
47130 0
47131 1
47132 2
47133 3
47134 0
47135 1
47136 2
47137 4
47138 3
47139 0
47140 1
47141 2
47142 3
47143 0
47144 1
47145 2
47146 3
47147 4
47148 1
47149 2
47150 0
47151 3
47152 1
47153 2
47154 0
47155 3
47156 1
47157 2
47158 0
47159 4
47160 1
47161 2
47162 3
47163 0
47164 1
47165 2
47166 3
47167 0
47168 1
47169 2
47170 3
47171 4
47172 1
47173 2
47174 0
47175 3
47176 1
47177 2
47178 0
47179 3
47180 1
47181 2
47182 0
47183 4
47184 1
47185 2
47186 3
47187 0
47188 1
47189 2
47190 3
47191 0
47192 1
47193 2
47194 3
47195 0
47196 1
47197 2
47198 3
47199 0
47200 1
47201 2
47202 3
47203 0
47204 1
47205 2
47206 3
47207 0
47208 1
47209 2
47210 3
47211 0
47212 1
47213 2
47214 3
47215 0
47216 1
47217 2
47218 3
47219 0
47220 1
47221 2
47222 3
47223 0
47224 1
47225 2
47226 3
47227 0
47228 1
47229 2
47230 3
47231 0
47232 1
47233 2
47234 4
47235 3
47236 0
47237 1
47238 2
47239 3
47240 0
47241 1
47242 2
47243 3
47244 0
47245 1
47246 2
47247 3
47248 0
47249 1
47250 2
47251 3
47252 0
47253 1
47254 2
47255 3
47256 0
47257 1
47258 2
47259 4
47260 3
47261 0
47262 1
47263 2
47264 3
47265 0
47266 1
47267 2
47268 3
47269 4
47270 1
47271 2
47272 0
47273 3
47274 1
47275 2
47276 0
47277 3
47278 1
47279 2
47280 0
47281 4
47282 1
47283 2
47284 3
47285 0
47286 1
47287 2
47288 3
47289 0
47290 1
47291 2
47292 3
47293 0
47294 1
47295 2
47296 3
47297 0
47298 1
47299 2
47300 3
47301 0
47302 1
47303 2
47304 3
47305 0
47306 1
47307 2
47308 3
47309 0
47310 1
47311 2
47312 3
47313 0
47314 1
47315 2
47316 3
47317 0
47318 1
47319 2
47320 3
47321 0
47322 1
47323 2
47324 3
47325 0
47326 1
47327 2
47328 3
47329 0
47330 1
47331 2
47332 4
47333 3
47334 0
47335 1
47336 2
47337 3
47338 0
47339 1
47340 2
47341 3
47342 0
47343 1
47344 2
47345 3
47346 0
47347 1
47348 2
47349 3
47350 0
47351 1
47352 2
47353 3
47354 0
47355 1
47356 2
47357 4
47358 3
47359 0
47360 1
47361 2
47362 3
47363 0
47364 1
47365 2
47366 3
47367 4
47368 1
47369 2
47370 0
47371 3
47372 1
47373 2
47374 0
47375 3
47376 1
47377 2
47378 0
47379 4
47380 1
47381 2
47382 3
47383 0
47384 1
47385 2
47386 3
47387 0
47388 1
47389 2
47390 3
47391 0
47392 1
47393 2
47394 3
47395 0
47396 1
47397 2
47398 3
47399 0
47400 1
47401 2
47402 3
47403 0
47404 1
47405 2
47406 3
47407 0
47408 1
47409 2
47410 3
47411 0
47412 1
47413 2
47414 3
47415 0
47416 1
47417 2
47418 3
47419 0
47420 1
47421 2
47422 3
47423 0
47424 1
47425 2
47426 3
47427 0
47428 1
47429 2
47430 4
47431 3
47432 0
47433 1
47434 2
47435 3
47436 0
47437 1
47438 2
47439 3
47440 0
47441 1
47442 2
47443 3
47444 0
47445 1
47446 2
47447 3
47448 0
47449 1
47450 2
47451 3
47452 0
47453 1
47454 2
47455 3
47456 0
47457 1
47458 2
47459 3
47460 0
47461 1
47462 2
47463 3
47464 0
47465 1
47466 2
47467 3
47468 0
47469 1
47470 2
47471 3
47472 0
47473 1
47474 2
47475 3
47476 0
47477 1
47478 2
47479 4
47480 3
47481 0
47482 1
47483 2
47484 3
47485 0
47486 1
47487 2
47488 3
47489 0
47490 1
47491 2
47492 3
47493 0
47494 1
47495 2
47496 3
47497 0
47498 1
47499 2
47500 3
47501 0
47502 1
47503 2
47504 3
47505 0
47506 1
47507 2
47508 3
47509 0
47510 1
47511 2
47512 3
47513 0
47514 1
47515 2
47516 3
47517 0
47518 1
47519 2
47520 3
47521 0
47522 1
47523 2
47524 3
47525 0
47526 1
47527 2
47528 4
47529 3
47530 0
47531 1
47532 2
47533 3
47534 0
47535 1
47536 2
47537 3
47538 4
47539 1
47540 2
47541 0
47542 3
47543 1
47544 2
47545 0
47546 3
47547 1
47548 2
47549 0
47550 4
47551 1
47552 2
47553 3
47554 0
47555 1
47556 2
47557 3
47558 0
47559 1
47560 2
47561 3
47562 4
47563 1
47564 2
47565 0
47566 3
47567 1
47568 2
47569 0
47570 3
47571 1
47572 2
47573 0
47574 4
47575 1
47576 2
47577 3
47578 0
47579 1
47580 2
47581 3
47582 0
47583 1
47584 2
47585 3
47586 0
47587 1
47588 2
47589 3
47590 0
47591 1
47592 2
47593 3
47594 0
47595 1
47596 2
47597 3
47598 0
47599 1
47600 2
47601 3
47602 0
47603 1
47604 2
47605 3
47606 0
47607 1
47608 2
47609 3
47610 0
47611 1
47612 2
47613 3
47614 0
47615 1
47616 2
47617 3
47618 0
47619 1
47620 2
47621 3
47622 0
47623 1
47624 2
47625 4
47626 3
47627 0
47628 1
47629 2
47630 3
47631 0
47632 1
47633 2
47634 3
47635 0
47636 1
47637 2
47638 3
47639 0
47640 1
47641 2
47642 3
47643 0
47644 1
47645 2
47646 3
47647 0
47648 1
47649 2
47650 3
47651 0
47652 1
47653 2
47654 3
47655 0
47656 1
47657 2
47658 3
47659 0
47660 1
47661 2
47662 3
47663 0
47664 1
47665 2
47666 3
47667 0
47668 1
47669 2
47670 3
47671 0
47672 1
47673 2
47674 4
47675 3
47676 0
47677 1
47678 2
47679 3
47680 0
47681 1
47682 2
47683 3
47684 0
47685 1
47686 2
47687 3
47688 0
47689 1
47690 2
47691 3
47692 0
47693 1
47694 2
47695 3
47696 0
47697 1
47698 2
47699 3
47700 0
47701 1
47702 2
47703 3
47704 0
47705 1
47706 2
47707 3
47708 0
47709 1
47710 2
47711 3
47712 0
47713 1
47714 2
47715 3
47716 0
47717 1
47718 2
47719 3
47720 0
47721 1
47722 2
47723 4
47724 3
47725 0
47726 1
47727 2
47728 3
47729 0
47730 1
47731 2
47732 3
47733 4
47734 1
47735 2
47736 0
47737 3
47738 1
47739 2
47740 0
47741 3
47742 1
47743 2
47744 0
47745 4
47746 1
47747 2
47748 3
47749 0
47750 1
47751 2
47752 3
47753 0
47754 1
47755 2
47756 3
47757 4
47758 1
47759 2
47760 0
47761 3
47762 1
47763 2
47764 0
47765 3
47766 1
47767 2
47768 0
47769 4
47770 1
47771 2
47772 3
47773 0
47774 1
47775 2
47776 3
47777 0
47778 1
47779 2
47780 3
47781 0
47782 1
47783 2
47784 3
47785 0
47786 1
47787 2
47788 3
47789 0
47790 1
47791 2
47792 3
47793 0
47794 1
47795 2
47796 3
47797 0
47798 1
47799 2
47800 3
47801 0
47802 1
47803 2
47804 3
47805 0
47806 1
47807 2
47808 3
47809 0
47810 1
47811 2
47812 3
47813 0
47814 1
47815 2
47816 3
47817 0
47818 1
47819 2
47820 4
47821 3
47822 0
47823 1
47824 2
47825 3
47826 0
47827 1
47828 2
47829 3
47830 0
47831 1
47832 2
47833 3
47834 0
47835 1
47836 2
47837 3
47838 0
47839 1
47840 2
47841 3
47842 0
47843 1
47844 2
47845 3
47846 0
47847 1
47848 2
47849 3
47850 0
47851 1
47852 2
47853 3
47854 0
47855 1
47856 2
47857 3
47858 0
47859 1
47860 2
47861 3
47862 0
47863 1
47864 2
47865 3
47866 0
47867 1
47868 2
47869 4
47870 3
47871 0
47872 1
47873 2
47874 3
47875 0
47876 1
47877 2
47878 3
47879 0
47880 1
47881 2
47882 3
47883 0
47884 1
47885 2
47886 3
47887 0
47888 1
47889 2
47890 3
47891 0
47892 1
47893 2
47894 3
47895 0
47896 1
47897 2
47898 3
47899 0
47900 1
47901 2
47902 3
47903 0
47904 1
47905 2
47906 3
47907 0
47908 1
47909 2
47910 3
47911 0
47912 1
47913 2
47914 3
47915 0
47916 1
47917 2
47918 4
47919 3
47920 0
47921 1
47922 2
47923 3
47924 0
47925 1
47926 2
47927 3
47928 4
47929 1
47930 2
47931 0
47932 3
47933 1
47934 2
47935 0
47936 3
47937 1
47938 2
47939 0
47940 4
47941 1
47942 2
47943 3
47944 0
47945 1
47946 2
47947 3
47948 0
47949 1
47950 2
47951 3
47952 4
47953 1
47954 2
47955 0
47956 3
47957 1
47958 2
47959 0
47960 3
47961 1
47962 2
47963 0
47964 4
47965 1
47966 2
47967 3
47968 0
47969 1
47970 2
47971 3
47972 0
47973 1
47974 2
47975 3
47976 0
47977 1
47978 2
47979 3
47980 0
47981 1
47982 2
47983 3
47984 0
47985 1
47986 2
47987 3
47988 0
47989 1
47990 2
47991 3
47992 0
47993 1
47994 2
47995 3
47996 0
47997 1
47998 2
47999 3
48000 0
48001 1
48002 2
48003 3
48004 0
48005 1
48006 2
48007 3
48008 0
48009 1
48010 2
48011 3
48012 0
48013 1
48014 2
48015 4
48016 3
48017 0
48018 1
48019 2
48020 3
48021 0
48022 1
48023 2
48024 3
48025 0
48026 1
48027 2
48028 3
48029 0
48030 1
48031 2
48032 3
48033 0
48034 1
48035 2
48036 3
48037 0
48038 1
48039 2
48040 4
48041 3
48042 0
48043 1
48044 2
48045 3
48046 0
48047 1
48048 2
48049 3
48050 4
48051 1
48052 2
48053 0
48054 3
48055 1
48056 2
48057 0
48058 3
48059 1
48060 2
48061 0
48062 4
48063 1
48064 2
48065 3
48066 0
48067 1
48068 2
48069 3
48070 0
48071 1
48072 2
48073 3
48074 0
48075 1
48076 2
48077 3
48078 0
48079 1
48080 2
48081 3
48082 0
48083 1
48084 2
48085 3
48086 0
48087 1
48088 2
48089 3
48090 0
48091 1
48092 2
48093 3
48094 0
48095 1
48096 2
48097 3
48098 0
48099 1
48100 2
48101 3
48102 0
48103 1
48104 2
48105 3
48106 0
48107 1
48108 2
48109 3
48110 0
48111 1
48112 2
48113 4
48114 3
48115 0
48116 1
48117 2
48118 3
48119 0
48120 1
48121 2
48122 3
48123 0
48124 1
48125 2
48126 3
48127 0
48128 1
48129 2
48130 3
48131 0
48132 1
48133 2
48134 3
48135 0
48136 1
48137 2
48138 4
48139 3
48140 0
48141 1
48142 2
48143 3
48144 0
48145 1
48146 2
48147 3
48148 4
48149 1
48150 2
48151 0
48152 3
48153 1
48154 2
48155 0
48156 3
48157 1
48158 2
48159 0
48160 4
48161 1
48162 2
48163 3
48164 0
48165 1
48166 2
48167 3
48168 0
48169 1
48170 2
48171 3
48172 0
48173 1
48174 2
48175 3
48176 0
48177 1
48178 2
48179 3
48180 0
48181 1
48182 2
48183 3
48184 0
48185 1
48186 2
48187 3
48188 0
48189 1
48190 2
48191 3
48192 0
48193 1
48194 2
48195 3
48196 0
48197 1
48198 2
48199 3
48200 0
48201 1
48202 2
48203 3
48204 0
48205 1
48206 2
48207 3
48208 0
48209 1
48210 2
48211 4
48212 3
48213 0
48214 1
48215 2
48216 3
48217 0
48218 1
48219 2
48220 3
48221 0
48222 1
48223 2
48224 3
48225 0
48226 1
48227 2
48228 3
48229 0
48230 1
48231 2
48232 3
48233 0
48234 1
48235 2
48236 3
48237 0
48238 1
48239 2
48240 3
48241 0
48242 1
48243 2
48244 3
48245 0
48246 1
48247 2
48248 3
48249 0
48250 1
48251 2
48252 3
48253 0
48254 1
48255 2
48256 3
48257 0
48258 1
48259 2
48260 4
48261 3
48262 0
48263 1
48264 2
48265 3
48266 0
48267 1
48268 2
48269 3
48270 0
48271 1
48272 2
48273 3
48274 0
48275 1
48276 2
48277 3
48278 0
48279 1
48280 2
48281 3
48282 0
48283 1
48284 2
48285 3
48286 0
48287 1
48288 2
48289 3
48290 0
48291 1
48292 2
48293 3
48294 0
48295 1
48296 2
48297 3
48298 0
48299 1
48300 2
48301 3
48302 0
48303 1
48304 2
48305 3
48306 0
48307 1
48308 2
48309 4
48310 3
48311 0
48312 1
48313 2
48314 3
48315 0
48316 1
48317 2
48318 3
48319 4
48320 1
48321 2
48322 0
48323 3
48324 1
48325 2
48326 0
48327 3
48328 1
48329 2
48330 0
48331 4
48332 1
48333 2
48334 3
48335 0
48336 1
48337 2
48338 3
48339 0
48340 1
48341 2
48342 3
48343 4
48344 1
48345 2
48346 0
48347 3
48348 1
48349 2
48350 0
48351 3
48352 1
48353 2
48354 0
48355 4
48356 1
48357 2
48358 3
48359 0
48360 1
48361 2
48362 3
48363 0
48364 1
48365 2
48366 3
48367 0
48368 1
48369 2
48370 3
48371 0
48372 1
48373 2
48374 3
48375 0
48376 1
48377 2
48378 3
48379 0
48380 1
48381 2
48382 3
48383 0
48384 1
48385 2
48386 3
48387 0
48388 1
48389 2
48390 3
48391 0
48392 1
48393 2
48394 3
48395 0
48396 1
48397 2
48398 3
48399 0
48400 1
48401 2
48402 3
48403 0
48404 1
48405 2
48406 4
48407 3
48408 0
48409 1
48410 2
48411 3
48412 0
48413 1
48414 2
48415 3
48416 0
48417 1
48418 2
48419 3
48420 0
48421 1
48422 2
48423 3
48424 0
48425 1
48426 2
48427 3
48428 0
48429 1
48430 2
48431 4
48432 3
48433 0
48434 1
48435 2
48436 3
48437 0
48438 1
48439 2
48440 3
48441 4
48442 1
48443 2
48444 0
48445 3
48446 1
48447 2
48448 0
48449 3
48450 1
48451 2
48452 0
48453 4
48454 1
48455 2
48456 3
48457 0
48458 1
48459 2
48460 3
48461 0
48462 1
48463 2
48464 3
48465 0
48466 1
48467 2
48468 3
48469 0
48470 1
48471 2
48472 3
48473 0
48474 1
48475 2
48476 3
48477 0
48478 1
48479 2
48480 3
48481 0
48482 1
48483 2
48484 3
48485 0
48486 1
48487 2
48488 3
48489 0
48490 1
48491 2
48492 3
48493 0
48494 1
48495 2
48496 3
48497 0
48498 1
48499 2
48500 3
48501 0
48502 1
48503 2
48504 4
48505 3
48506 0
48507 1
48508 2
48509 3
48510 0
48511 1
48512 2
48513 3
48514 0
48515 1
48516 2
48517 3
48518 0
48519 1
48520 2
48521 3
48522 0
48523 1
48524 2
48525 3
48526 0
48527 1
48528 2
48529 4
48530 3
48531 0
48532 1
48533 2
48534 3
48535 0
48536 1
48537 2
48538 3
48539 4
48540 1
48541 2
48542 0
48543 3
48544 1
48545 2
48546 0
48547 3
48548 1
48549 2
48550 0
48551 4
48552 1
48553 2
48554 3
48555 0
48556 1
48557 2
48558 3
48559 0
48560 1
48561 2
48562 3
48563 0
48564 1
48565 2
48566 3
48567 0
48568 1
48569 2
48570 3
48571 0
48572 1
48573 2
48574 3
48575 0
48576 1
48577 2
48578 3
48579 0
48580 1
48581 2
48582 3
48583 0
48584 1
48585 2
48586 3
48587 0
48588 1
48589 2
48590 3
48591 0
48592 1
48593 2
48594 3
48595 0
48596 1
48597 2
48598 3
48599 0
48600 1
48601 2
48602 4
48603 3
48604 0
48605 1
48606 2
48607 3
48608 0
48609 1
48610 2
48611 3
48612 0
48613 1
48614 2
48615 3
48616 0
48617 1
48618 2
48619 3
48620 0
48621 1
48622 2
48623 3
48624 0
48625 1
48626 2
48627 3
48628 0
48629 1
48630 2
48631 3
48632 0
48633 1
48634 2
48635 3
48636 0
48637 1
48638 2
48639 3
48640 0
48641 1
48642 2
48643 3
48644 0
48645 1
48646 2
48647 3
48648 0
48649 1
48650 2
48651 4
48652 3
48653 0
48654 1
48655 2
48656 3
48657 0
48658 1
48659 2
48660 3
48661 0
48662 1
48663 2
48664 3
48665 0
48666 1
48667 2
48668 3
48669 0
48670 1
48671 2
48672 3
48673 0
48674 1
48675 2
48676 3
48677 0
48678 1
48679 2
48680 3
48681 0
48682 1
48683 2
48684 3
48685 0
48686 1
48687 2
48688 3
48689 0
48690 1
48691 2
48692 3
48693 0
48694 1
48695 2
48696 3
48697 0
48698 1
48699 2
48700 4
48701 3
48702 0
48703 1
48704 2
48705 3
48706 0
48707 1
48708 2
48709 3
48710 4
48711 1
48712 2
48713 0
48714 3
48715 1
48716 2
48717 0
48718 3
48719 1
48720 2
48721 0
48722 4
48723 1
48724 2
48725 3
48726 0
48727 1
48728 2
48729 3
48730 0
48731 1
48732 2
48733 3
48734 4
48735 1
48736 2
48737 0
48738 3
48739 1
48740 2
48741 0
48742 3
48743 1
48744 2
48745 0
48746 4
48747 1
48748 2
48749 3
48750 0
48751 1
48752 2
48753 3
48754 0
48755 1
48756 2
48757 3
48758 0
48759 1
48760 2
48761 3
48762 0
48763 1
48764 2
48765 3
48766 0
48767 1
48768 2
48769 3
48770 0
48771 1
48772 2
48773 3
48774 0
48775 1
48776 2
48777 3
48778 0
48779 1
48780 2
48781 3
48782 0
48783 1
48784 2
48785 3
48786 0
48787 1
48788 2
48789 3
48790 0
48791 1
48792 2
48793 3
48794 0
48795 1
48796 2
48797 4
48798 3
48799 0
48800 1
48801 2
48802 3
48803 0
48804 1
48805 2
48806 3
48807 0
48808 1
48809 2
48810 3
48811 0
48812 1
48813 2
48814 3
48815 0
48816 1
48817 2
48818 3
48819 0
48820 1
48821 2
48822 4
48823 3
48824 0
48825 1
48826 2
48827 3
48828 0
48829 1
48830 2
48831 3
48832 4
48833 1
48834 2
48835 0
48836 3
48837 1
48838 2
48839 0
48840 3
48841 1
48842 2
48843 0
48844 4
48845 1
48846 2
48847 3
48848 0
48849 1
48850 2
48851 3
48852 0
48853 1
48854 2
48855 3
48856 0
48857 1
48858 2
48859 3
48860 0
48861 1
48862 2
48863 3
48864 0
48865 1
48866 2
48867 3
48868 0
48869 1
48870 2
48871 3
48872 0
48873 1
48874 2
48875 3
48876 0
48877 1
48878 2
48879 3
48880 0
48881 1
48882 2
48883 3
48884 0
48885 1
48886 2
48887 3
48888 0
48889 1
48890 2
48891 3
48892 0
48893 1
48894 2
48895 4
48896 3
48897 0
48898 1
48899 2
48900 3
48901 0
48902 1
48903 2
48904 3
48905 0
48906 1
48907 2
48908 3
48909 0
48910 1
48911 2
48912 3
48913 0
48914 1
48915 2
48916 3
48917 0
48918 1
48919 2
48920 4
48921 3
48922 0
48923 1
48924 2
48925 3
48926 0
48927 1
48928 2
48929 3
48930 4
48931 1
48932 2
48933 0
48934 3
48935 1
48936 2
48937 0
48938 3
48939 1
48940 2
48941 0
48942 4
48943 1
48944 2
48945 3
48946 0
48947 1
48948 2
48949 3
48950 0
48951 1
48952 2
48953 3
48954 0
48955 1
48956 2
48957 3
48958 0
48959 1
48960 2
48961 3
48962 0
48963 1
48964 2
48965 3
48966 0
48967 1
48968 2
48969 3
48970 0
48971 1
48972 2
48973 3
48974 0
48975 1
48976 2
48977 3
48978 0
48979 1
48980 2
48981 3
48982 0
48983 1
48984 2
48985 3
48986 0
48987 1
48988 2
48989 3
48990 0
48991 1
48992 2
48993 4
48994 3
48995 0
48996 1
48997 2
48998 3
48999 0
49000 1
49001 2
49002 3
49003 0
49004 1
49005 2
49006 3
49007 0
49008 1
49009 2
49010 3
49011 0
49012 1
49013 2
49014 3
49015 0
49016 1
49017 2
49018 3
49019 0
49020 1
49021 2
49022 3
49023 0
49024 1
49025 2
49026 3
49027 0
49028 1
49029 2
49030 3
49031 0
49032 1
49033 2
49034 3
49035 0
49036 1
49037 2
49038 3
49039 0
49040 1
49041 2
49042 4
49043 3
49044 0
49045 1
49046 2
49047 3
49048 0
49049 1
49050 2
49051 3
49052 0
49053 1
49054 2
49055 3
49056 0
49057 1
49058 2
49059 3
49060 0
49061 1
49062 2
49063 3
49064 0
49065 1
49066 2
49067 3
49068 0
49069 1
49070 2
49071 3
49072 0
49073 1
49074 2
49075 3
49076 0
49077 1
49078 2
49079 3
49080 0
49081 1
49082 2
49083 3
49084 0
49085 1
49086 2
49087 3
49088 0
49089 1
49090 2
49091 4
49092 3
49093 0
49094 1
49095 2
49096 3
49097 0
49098 1
49099 2
49100 3
49101 4
49102 1
49103 2
49104 0
49105 3
49106 1
49107 2
49108 0
49109 3
49110 1
49111 2
49112 0
49113 4
49114 1
49115 2
49116 3
49117 0
49118 1
49119 2
49120 3
49121 0
49122 1
49123 2
49124 3
49125 4
49126 1
49127 2
49128 0
49129 3
49130 1
49131 2
49132 0
49133 3
49134 1
49135 2
49136 0
49137 4
49138 1
49139 2
49140 3
49141 0
49142 1
49143 2
49144 3
49145 0
49146 1
49147 2
49148 3
49149 0
49150 1
49151 2
49152 3
49153 0
49154 1
49155 2
49156 3
49157 0
49158 1
49159 2
49160 3
49161 0
49162 1
49163 2
49164 3
49165 0
49166 1
49167 2
49168 3
49169 0
49170 1
49171 2
49172 3
49173 0
49174 1
49175 2
49176 3
49177 0
49178 1
49179 2
49180 3
49181 0
49182 1
49183 2
49184 3
49185 0
49186 1
49187 2
49188 4
49189 3
49190 0
49191 1
49192 2
49193 3
49194 0
49195 1
49196 2
49197 3
49198 0
49199 1
49200 2
49201 3
49202 0
49203 1
49204 2
49205 3
49206 0
49207 1
49208 2
49209 3
49210 0
49211 1
49212 2
49213 3
49214 0
49215 1
49216 2
49217 3
49218 0
49219 1
49220 2
49221 3
49222 0
49223 1
49224 2
49225 3
49226 0
49227 1
49228 2
49229 3
49230 0
49231 1
49232 2
49233 3
49234 0
49235 1
49236 2
49237 4
49238 3
49239 0
49240 1
49241 2
49242 3
49243 0
49244 1
49245 2
49246 3
49247 0
49248 1
49249 2
49250 3
49251 0
49252 1
49253 2
49254 3
49255 0
49256 1
49257 2
49258 3
49259 0
49260 1
49261 2
49262 3
49263 0
49264 1
49265 2
49266 3
49267 0
49268 1
49269 2
49270 3
49271 0
49272 1
49273 2
49274 3
49275 0
49276 1
49277 2
49278 3
49279 0
49280 1
49281 2
49282 3
49283 0
49284 1
49285 2
49286 4
49287 3
49288 0
49289 1
49290 2
49291 3
49292 0
49293 1
49294 2
49295 3
49296 4
49297 1
49298 2
49299 0
49300 3
49301 1
49302 2
49303 0
49304 3
49305 1
49306 2
49307 0
49308 4
49309 1
49310 2
49311 3
49312 0
49313 1
49314 2
49315 3
49316 0
49317 1
49318 2
49319 3
49320 4
49321 1
49322 2
49323 0
49324 3
49325 1
49326 2
49327 0
49328 3
49329 1
49330 2
49331 0
49332 4
49333 1
49334 2
49335 3
49336 0
49337 1
49338 2
49339 3
49340 0
49341 1
49342 2
49343 3
49344 0
49345 1
49346 2
49347 3
49348 0
49349 1
49350 2
49351 3
49352 0
49353 1
49354 2
49355 3
49356 0
49357 1
49358 2
49359 3
49360 0
49361 1
49362 2
49363 3
49364 0
49365 1
49366 2
49367 3
49368 0
49369 1
49370 2
49371 3
49372 0
49373 1
49374 2
49375 3
49376 0
49377 1
49378 2
49379 3
49380 0
49381 1
49382 2
49383 4
49384 3
49385 0
49386 1
49387 2
49388 3
49389 0
49390 1
49391 2
49392 3
49393 0
49394 1
49395 2
49396 3
49397 0
49398 1
49399 2
49400 3
49401 0
49402 1
49403 2
49404 3
49405 0
49406 1
49407 2
49408 3
49409 0
49410 1
49411 2
49412 3
49413 0
49414 1
49415 2
49416 3
49417 0
49418 1
49419 2
49420 3
49421 0
49422 1
49423 2
49424 3
49425 0
49426 1
49427 2
49428 3
49429 0
49430 1
49431 2
49432 4
49433 3
49434 0
49435 1
49436 2
49437 3
49438 0
49439 1
49440 2
49441 3
49442 0
49443 1
49444 2
49445 3
49446 0
49447 1
49448 2
49449 3
49450 0
49451 1
49452 2
49453 3
49454 0
49455 1
49456 2
49457 3
49458 0
49459 1
49460 2
49461 3
49462 0
49463 1
49464 2
49465 3
49466 0
49467 1
49468 2
49469 3
49470 0
49471 1
49472 2
49473 3
49474 0
49475 1
49476 2
49477 3
49478 0
49479 1
49480 2
49481 4
49482 3
49483 0
49484 1
49485 2
49486 3
49487 0
49488 1
49489 2
49490 3
49491 4
49492 1
49493 2
49494 0
49495 3
49496 1
49497 2
49498 0
49499 3
49500 1
49501 2
49502 0
49503 4
49504 1
49505 2
49506 3
49507 0
49508 1
49509 2
49510 3
49511 0
49512 1
49513 2
49514 3
49515 4
49516 1
49517 2
49518 0
49519 3
49520 1
49521 2
49522 0
49523 3
49524 1
49525 2
49526 0
49527 4
49528 1
49529 2
49530 3
49531 0
49532 1
49533 2
49534 3
49535 0
49536 1
49537 2
49538 3
49539 0
49540 1
49541 2
49542 3
49543 0
49544 1
49545 2
49546 3
49547 0
49548 1
49549 2
49550 3
49551 0
49552 1
49553 2
49554 3
49555 0
49556 1
49557 2
49558 3
49559 0
49560 1
49561 2
49562 3
49563 0
49564 1
49565 2
49566 3
49567 0
49568 1
49569 2
49570 3
49571 0
49572 1
49573 2
49574 3
49575 0
49576 1
49577 2
49578 4
49579 3
49580 0
49581 1
49582 2
49583 3
49584 0
49585 1
49586 2
49587 3
49588 0
49589 1
49590 2
49591 3
49592 0
49593 1
49594 2
49595 3
49596 0
49597 1
49598 2
49599 3
49600 0
49601 1
49602 2
49603 4
49604 3
49605 0
49606 1
49607 2
49608 3
49609 0
49610 1
49611 2
49612 3
49613 4
49614 1
49615 2
49616 0
49617 3
49618 1
49619 2
49620 0
49621 3
49622 1
49623 2
49624 0
49625 4
49626 1
49627 2
49628 3
49629 0
49630 1
49631 2
49632 3
49633 0
49634 1
49635 2
49636 3
49637 0
49638 1
49639 2
49640 3
49641 0
49642 1
49643 2
49644 3
49645 0
49646 1
49647 2
49648 3
49649 0
49650 1
49651 2
49652 3
49653 0
49654 1
49655 2
49656 3
49657 0
49658 1
49659 2
49660 3
49661 0
49662 1
49663 2
49664 3
49665 0
49666 1
49667 2
49668 3
49669 0
49670 1
49671 2
49672 3
49673 0
49674 1
49675 2
49676 4
49677 3
49678 0
49679 1
49680 2
49681 3
49682 0
49683 1
49684 2
49685 3
49686 0
49687 1
49688 2
49689 3
49690 0
49691 1
49692 2
49693 3
49694 0
49695 1
49696 2
49697 3
49698 0
49699 1
49700 2
49701 4
49702 3
49703 0
49704 1
49705 2
49706 3
49707 0
49708 1
49709 2
49710 3
49711 4
49712 1
49713 2
49714 0
49715 3
49716 1
49717 2
49718 0
49719 3
49720 1
49721 2
49722 0
49723 4
49724 1
49725 2
49726 3
49727 0
49728 1
49729 2
49730 3
49731 0
49732 1
49733 2
49734 3
49735 0
49736 1
49737 2
49738 3
49739 0
49740 1
49741 2
49742 3
49743 0
49744 1
49745 2
49746 3
49747 0
49748 1
49749 2
49750 3
49751 0
49752 1
49753 2
49754 3
49755 0
49756 1
49757 2
49758 3
49759 0
49760 1
49761 2
49762 3
49763 0
49764 1
49765 2
49766 3
49767 0
49768 1
49769 2
49770 3
49771 0
49772 1
49773 2
49774 4
49775 3
49776 0
49777 1
49778 2
49779 3
49780 0
49781 1
49782 2
49783 3
49784 0
49785 1
49786 2
49787 3
49788 0
49789 1
49790 2
49791 3
49792 0
49793 1
49794 2
49795 3
49796 0
49797 1
49798 2
49799 3
49800 0
49801 1
49802 2
49803 3
49804 0
49805 1
49806 2
49807 3
49808 0
49809 1
49810 2
49811 3
49812 0
49813 1
49814 2
49815 3
49816 0
49817 1
49818 2
49819 3
49820 0
49821 1
49822 2
49823 4
49824 3
49825 0
49826 1
49827 2
49828 3
49829 0
49830 1
49831 2
49832 3
49833 0
49834 1
49835 2
49836 3
49837 0
49838 1
49839 2
49840 3
49841 0
49842 1
49843 2
49844 3
49845 0
49846 1
49847 2
49848 3
49849 0
49850 1
49851 2
49852 3
49853 0
49854 1
49855 2
49856 3
49857 0
49858 1
49859 2
49860 3
49861 0
49862 1
49863 2
49864 3
49865 0
49866 1
49867 2
49868 3
49869 0
49870 1
49871 2
49872 4
49873 3
49874 0
49875 1
49876 2
49877 3
49878 0
49879 1
49880 2
49881 3
49882 4
49883 1
49884 2
49885 0
49886 3
49887 1
49888 2
49889 0
49890 3
49891 1
49892 2
49893 0
49894 4
49895 1
49896 2
49897 3
49898 0
49899 1
49900 2
49901 3
49902 0
49903 1
49904 2
49905 3
49906 4
49907 1
49908 2
49909 0
49910 3
49911 1
49912 2
49913 0
49914 3
49915 1
49916 2
49917 0
49918 4
49919 1
49920 2
49921 3
49922 0
49923 1
49924 2
49925 3
49926 0
49927 1
49928 2
49929 3
49930 0
49931 1
49932 2
49933 3
49934 0
49935 1
49936 2
49937 3
49938 0
49939 1
49940 2
49941 3
49942 0
49943 1
49944 2
49945 3
49946 0
49947 1
49948 2
49949 3
49950 0
49951 1
49952 2
49953 3
49954 0
49955 1
49956 2
49957 3
49958 0
49959 1
49960 2
49961 3
49962 0
49963 1
49964 2
49965 3
49966 0
49967 1
49968 2
49969 4
49970 3
49971 0
49972 1
49973 2
49974 3
49975 0
49976 1
49977 2
49978 3
49979 0
49980 1
49981 2
49982 3
49983 0
49984 1
49985 2
49986 3
49987 0
49988 1
49989 2
49990 3
49991 0
49992 1
49993 2
49994 3
49995 4
49996 0
49997 1
49998 2
49999 3
Colors used: 5
Execution time: 42347 microseconds
