Algorithm: Welsh-Powell Vertex Coloring
Vertex colors:
0 0
1 3
2 2
3 1
4 0
5 3
6 2
7 1
8 0
9 3
10 2
11 1
12 0
13 3
14 2
15 1
16 0
17 3
18 2
19 1
20 0
21 3
22 2
23 1
24 0
25 3
26 4
27 2
28 1
29 0
30 3
31 2
32 1
33 0
34 3
35 2
36 1
37 0
38 3
39 2
40 1
41 0
42 3
43 2
44 1
45 0
46 3
47 2
48 1
49 0
50 3
51 2
52 1
53 0
54 3
55 2
56 1
57 0
58 3
59 2
60 1
61 0
62 3
63 2
64 1
65 0
66 3
67 2
68 1
69 0
70 3
71 2
72 1
73 0
74 3
75 2
76 1
77 4
78 0
79 2
80 1
81 3
82 0
83 2
84 1
85 3
86 0
87 2
88 1
89 4
90 3
91 2
92 1
93 0
94 3
95 2
96 1
97 0
98 3
99 2
100 1
101 4
102 0
103 2
104 1
105 3
106 0
107 2
108 1
109 3
110 0
111 2
112 1
113 4
114 3
115 2
116 1
117 0
118 3
119 2
120 1
121 0
122 3
123 4
124 2
125 1
126 0
127 3
128 2
129 1
130 0
131 3
132 2
133 1
134 0
135 3
136 2
137 1
138 0
139 3
140 2
141 1
142 0
143 3
144 2
145 1
146 0
147 3
148 2
149 1
150 0
151 3
152 2
153 1
154 0
155 3
156 2
157 1
158 0
159 3
160 2
161 1
162 0
163 3
164 2
165 1
166 0
167 3
168 2
169 1
170 0
171 3
172 4
173 2
174 1
175 0
176 3
177 2
178 1
179 0
180 3
181 2
182 1
183 0
184 3
185 2
186 1
187 0
188 3
189 2
190 1
191 0
192 3
193 2
194 1
195 0
196 3
197 2
198 1
199 0
200 3
201 2
202 1
203 0
204 3
205 2
206 1
207 0
208 3
209 2
210 1
211 0
212 3
213 2
214 1
215 0
216 3
217 2
218 1
219 0
220 3
221 4
222 2
223 1
224 0
225 3
226 2
227 1
228 0
229 3
230 2
231 1
232 0
233 3
234 2
235 1
236 0
237 3
238 2
239 1
240 0
241 3
242 2
243 1
244 0
245 3
246 2
247 1
248 0
249 3
250 2
251 1
252 0
253 3
254 2
255 1
256 0
257 3
258 2
259 1
260 0
261 3
262 2
263 1
264 0
265 3
266 2
267 1
268 0
269 3
270 2
271 1
272 4
273 0
274 2
275 1
276 3
277 0
278 2
279 1
280 3
281 0
282 2
283 1
284 4
285 3
286 2
287 1
288 0
289 3
290 2
291 1
292 0
293 3
294 4
295 2
296 1
297 0
298 3
299 2
300 1
301 0
302 3
303 2
304 1
305 0
306 3
307 2
308 1
309 0
310 3
311 2
312 1
313 0
314 3
315 2
316 1
317 0
318 3
319 4
320 2
321 1
322 0
323 3
324 2
325 1
326 0
327 3
328 2
329 1
330 0
331 3
332 2
333 1
334 0
335 3
336 2
337 1
338 0
339 3
340 2
341 1
342 0
343 3
344 2
345 1
346 0
347 3
348 2
349 1
350 0
351 3
352 2
353 1
354 0
355 3
356 2
357 1
358 0
359 3
360 2
361 1
362 0
363 3
364 2
365 1
366 0
367 3
368 2
369 1
370 4
371 0
372 2
373 1
374 3
375 0
376 2
377 1
378 3
379 0
380 2
381 1
382 4
383 3
384 2
385 1
386 0
387 3
388 2
389 1
390 0
391 3
392 4
393 2
394 1
395 0
396 3
397 2
398 1
399 0
400 3
401 2
402 1
403 0
404 3
405 2
406 1
407 0
408 3
409 2
410 1
411 0
412 3
413 2
414 1
415 0
416 3
417 4
418 2
419 1
420 0
421 3
422 2
423 1
424 0
425 3
426 2
427 1
428 0
429 3
430 2
431 1
432 0
433 3
434 2
435 1
436 0
437 3
438 2
439 1
440 0
441 3
442 2
443 1
444 0
445 3
446 2
447 1
448 0
449 3
450 2
451 1
452 0
453 3
454 2
455 1
456 0
457 3
458 2
459 1
460 0
461 3
462 2
463 1
464 0
465 3
466 2
467 1
468 4
469 0
470 2
471 1
472 3
473 0
474 2
475 1
476 3
477 0
478 2
479 1
480 4
481 3
482 2
483 1
484 0
485 3
486 2
487 1
488 0
489 3
490 2
491 1
492 4
493 0
494 2
495 1
496 3
497 0
498 2
499 1
500 3
501 0
502 2
503 1
504 4
505 3
506 2
507 1
508 0
509 3
510 2
511 1
512 0
513 3
514 4
515 2
516 1
517 0
518 3
519 2
520 1
521 0
522 3
523 2
524 1
525 0
526 3
527 2
528 1
529 0
530 3
531 2
532 1
533 0
534 3
535 2
536 1
537 0
538 3
539 2
540 1
541 0
542 3
543 2
544 1
545 0
546 3
547 2
548 1
549 0
550 3
551 2
552 1
553 0
554 3
555 2
556 1
557 0
558 3
559 2
560 1
561 0
562 3
563 4
564 2
565 1
566 0
567 3
568 2
569 1
570 0
571 3
572 2
573 1
574 0
575 3
576 2
577 1
578 0
579 3
580 2
581 1
582 0
583 3
584 2
585 1
586 0
587 3
588 2
589 1
590 0
591 3
592 2
593 1
594 0
595 3
596 2
597 1
598 0
599 3
600 2
601 1
602 0
603 3
604 2
605 1
606 0
607 3
608 2
609 1
610 0
611 3
612 4
613 2
614 1
615 0
616 3
617 2
618 1
619 0
620 3
621 2
622 1
623 0
624 3
625 2
626 1
627 0
628 3
629 2
630 1
631 0
632 3
633 2
634 1
635 0
636 3
637 2
638 1
639 0
640 3
641 2
642 1
643 0
644 3
645 2
646 1
647 0
648 3
649 2
650 1
651 0
652 3
653 2
654 1
655 0
656 3
657 2
658 1
659 0
660 3
661 2
662 1
663 4
664 0
665 2
666 1
667 3
668 0
669 2
670 1
671 3
672 0
673 2
674 1
675 4
676 3
677 2
678 1
679 0
680 3
681 2
682 1
683 0
684 3
685 2
686 1
687 4
688 0
689 2
690 1
691 3
692 0
693 2
694 1
695 3
696 0
697 2
698 1
699 4
700 3
701 2
702 1
703 0
704 3
705 2
706 1
707 0
708 3
709 4
710 2
711 1
712 0
713 3
714 2
715 1
716 0
717 3
718 2
719 1
720 0
721 3
722 2
723 1
724 0
725 3
726 2
727 1
728 0
729 3
730 2
731 1
732 0
733 3
734 2
735 1
736 0
737 3
738 2
739 1
740 0
741 3
742 2
743 1
744 0
745 3
746 2
747 1
748 0
749 3
750 2
751 1
752 0
753 3
754 2
755 1
756 0
757 3
758 4
759 2
760 1
761 0
762 3
763 2
764 1
765 0
766 3
767 2
768 1
769 0
770 3
771 2
772 1
773 0
774 3
775 2
776 1
777 0
778 3
779 2
780 1
781 0
782 3
783 2
784 1
785 0
786 3
787 2
788 1
789 0
790 3
791 2
792 1
793 0
794 3
795 2
796 1
797 0
798 3
799 2
800 1
801 0
802 3
803 2
804 1
805 0
806 3
807 4
808 2
809 1
810 0
811 3
812 2
813 1
814 0
815 3
816 2
817 1
818 0
819 3
820 2
821 1
822 0
823 3
824 2
825 1
826 0
827 3
828 2
829 1
830 0
831 3
832 2
833 1
834 0
835 3
836 2
837 1
838 0
839 3
840 2
841 1
842 0
843 3
844 2
845 1
846 0
847 3
848 2
849 1
850 0
851 3
852 2
853 1
854 0
855 3
856 2
857 1
858 4
859 0
860 2
861 1
862 3
863 0
864 2
865 1
866 3
867 0
868 2
869 1
870 4
871 3
872 2
873 1
874 0
875 3
876 2
877 1
878 0
879 3
880 2
881 1
882 4
883 0
884 2
885 1
886 3
887 0
888 2
889 1
890 3
891 0
892 2
893 1
894 4
895 3
896 2
897 1
898 0
899 3
900 2
901 1
902 0
903 3
904 4
905 2
906 1
907 0
908 3
909 2
910 1
911 0
912 3
913 2
914 1
915 0
916 3
917 2
918 1
919 0
920 3
921 2
922 1
923 0
924 3
925 2
926 1
927 0
928 3
929 2
930 1
931 0
932 3
933 2
934 1
935 0
936 3
937 2
938 1
939 0
940 3
941 2
942 1
943 0
944 3
945 2
946 1
947 0
948 3
949 2
950 1
951 0
952 3
953 4
954 2
955 1
956 0
957 3
958 2
959 1
960 0
961 3
962 2
963 1
964 0
965 3
966 2
967 1
968 0
969 3
970 2
971 1
972 0
973 3
974 2
975 1
976 0
977 3
978 2
979 1
980 0
981 3
982 2
983 1
984 0
985 3
986 2
987 1
988 0
989 3
990 2
991 1
992 0
993 3
994 2
995 1
996 0
997 3
998 2
999 1
1000 0
1001 3
1002 4
1003 2
1004 1
1005 0
1006 3
1007 2
1008 1
1009 0
1010 3
1011 2
1012 1
1013 0
1014 3
1015 2
1016 1
1017 0
1018 3
1019 2
1020 1
1021 0
1022 3
1023 2
1024 1
1025 0
1026 3
1027 2
1028 1
1029 0
1030 3
1031 2
1032 1
1033 0
1034 3
1035 2
1036 1
1037 0
1038 3
1039 2
1040 1
1041 0
1042 3
1043 2
1044 1
1045 0
1046 3
1047 2
1048 1
1049 0
1050 3
1051 2
1052 1
1053 4
1054 0
1055 2
1056 1
1057 3
1058 0
1059 2
1060 1
1061 3
1062 0
1063 2
1064 1
1065 4
1066 3
1067 2
1068 1
1069 0
1070 3
1071 2
1072 1
1073 0
1074 3
1075 4
1076 2
1077 1
1078 0
1079 3
1080 2
1081 1
1082 0
1083 3
1084 2
1085 1
1086 0
1087 3
1088 2
1089 1
1090 0
1091 3
1092 2
1093 1
1094 0
1095 3
1096 2
1097 1
1098 0
1099 3
1100 4
1101 2
1102 1
1103 0
1104 3
1105 2
1106 1
1107 0
1108 3
1109 2
1110 1
1111 0
1112 3
1113 2
1114 1
1115 0
1116 3
1117 2
1118 1
1119 0
1120 3
1121 2
1122 1
1123 0
1124 3
1125 2
1126 1
1127 0
1128 3
1129 2
1130 1
1131 0
1132 3
1133 2
1134 1
1135 0
1136 3
1137 2
1138 1
1139 0
1140 3
1141 2
1142 1
1143 0
1144 3
1145 2
1146 1
1147 0
1148 3
1149 2
1150 1
1151 4
1152 0
1153 2
1154 1
1155 3
1156 0
1157 2
1158 1
1159 3
1160 0
1161 2
1162 1
1163 4
1164 3
1165 2
1166 1
1167 0
1168 3
1169 2
1170 1
1171 0
1172 3
1173 4
1174 2
1175 1
1176 0
1177 3
1178 2
1179 1
1180 0
1181 3
1182 2
1183 1
1184 0
1185 3
1186 2
1187 1
1188 0
1189 3
1190 2
1191 1
1192 0
1193 3
1194 2
1195 1
1196 0
1197 3
1198 4
1199 2
1200 1
1201 0
1202 3
1203 2
1204 1
1205 0
1206 3
1207 2
1208 1
1209 0
1210 3
1211 2
1212 1
1213 0
1214 3
1215 2
1216 1
1217 0
1218 3
1219 2
1220 1
1221 0
1222 3
1223 2
1224 1
1225 0
1226 3
1227 2
1228 1
1229 0
1230 3
1231 2
1232 1
1233 0
1234 3
1235 2
1236 1
1237 0
1238 3
1239 2
1240 1
1241 0
1242 3
1243 2
1244 1
1245 0
1246 3
1247 2
1248 1
1249 4
1250 0
1251 2
1252 1
1253 3
1254 0
1255 2
1256 1
1257 3
1258 0
1259 2
1260 1
1261 4
1262 3
1263 2
1264 1
1265 0
1266 3
1267 2
1268 1
1269 0
1270 3
1271 2
1272 1
1273 4
1274 0
1275 2
1276 1
1277 3
1278 0
1279 2
1280 1
1281 3
1282 0
1283 2
1284 1
1285 4
1286 3
1287 2
1288 1
1289 0
1290 3
1291 2
1292 1
1293 0
1294 3
1295 4
1296 2
1297 1
1298 0
1299 3
1300 2
1301 1
1302 0
1303 3
1304 2
1305 1
1306 0
1307 3
1308 2
1309 1
1310 0
1311 3
1312 2
1313 1
1314 0
1315 3
1316 2
1317 1
1318 0
1319 3
1320 2
1321 1
1322 0
1323 3
1324 2
1325 1
1326 0
1327 3
1328 2
1329 1
1330 0
1331 3
1332 2
1333 1
1334 0
1335 3
1336 2
1337 1
1338 0
1339 3
1340 2
1341 1
1342 0
1343 3
1344 4
1345 2
1346 1
1347 0
1348 3
1349 2
1350 1
1351 0
1352 3
1353 2
1354 1
1355 0
1356 3
1357 2
1358 1
1359 0
1360 3
1361 2
1362 1
1363 0
1364 3
1365 2
1366 1
1367 0
1368 3
1369 2
1370 1
1371 0
1372 3
1373 2
1374 1
1375 0
1376 3
1377 2
1378 1
1379 0
1380 3
1381 2
1382 1
1383 0
1384 3
1385 2
1386 1
1387 0
1388 3
1389 2
1390 1
1391 0
1392 3
1393 4
1394 2
1395 1
1396 0
1397 3
1398 2
1399 1
1400 0
1401 3
1402 2
1403 1
1404 0
1405 3
1406 2
1407 1
1408 0
1409 3
1410 2
1411 1
1412 0
1413 3
1414 2
1415 1
1416 0
1417 3
1418 2
1419 1
1420 0
1421 3
1422 2
1423 1
1424 0
1425 3
1426 2
1427 1
1428 0
1429 3
1430 2
1431 1
1432 0
1433 3
1434 2
1435 1
1436 0
1437 3
1438 2
1439 1
1440 0
1441 3
1442 2
1443 1
1444 4
1445 0
1446 2
1447 1
1448 3
1449 0
1450 2
1451 1
1452 3
1453 0
1454 2
1455 1
1456 4
1457 3
1458 2
1459 1
1460 0
1461 3
1462 2
1463 1
1464 0
1465 3
1466 4
1467 2
1468 1
1469 0
1470 3
1471 2
1472 1
1473 0
1474 3
1475 2
1476 1
1477 0
1478 3
1479 2
1480 1
1481 0
1482 3
1483 2
1484 1
1485 0
1486 3
1487 2
1488 1
1489 0
1490 3
1491 4
1492 2
1493 1
1494 0
1495 3
1496 2
1497 1
1498 0
1499 3
1500 2
1501 1
1502 0
1503 3
1504 2
1505 1
1506 0
1507 3
1508 2
1509 1
1510 0
1511 3
1512 2
1513 1
1514 0
1515 3
1516 2
1517 1
1518 0
1519 3
1520 2
1521 1
1522 0
1523 3
1524 2
1525 1
1526 0
1527 3
1528 2
1529 1
1530 0
1531 3
1532 2
1533 1
1534 0
1535 3
1536 2
1537 1
1538 0
1539 3
1540 2
1541 1
1542 4
1543 0
1544 2
1545 1
1546 3
1547 0
1548 2
1549 1
1550 3
1551 0
1552 2
1553 1
1554 4
1555 3
1556 2
1557 1
1558 0
1559 3
1560 2
1561 1
1562 0
1563 3
1564 4
1565 2
1566 1
1567 0
1568 3
1569 2
1570 1
1571 0
1572 3
1573 2
1574 1
1575 0
1576 3
1577 2
1578 1
1579 0
1580 3
1581 2
1582 1
1583 0
1584 3
1585 2
1586 1
1587 0
1588 3
1589 4
1590 2
1591 1
1592 0
1593 3
1594 2
1595 1
1596 0
1597 3
1598 2
1599 1
1600 0
1601 3
1602 2
1603 1
1604 0
1605 3
1606 2
1607 1
1608 0
1609 3
1610 2
1611 1
1612 0
1613 3
1614 2
1615 1
1616 0
1617 3
1618 2
1619 1
1620 0
1621 3
1622 2
1623 1
1624 0
1625 3
1626 2
1627 1
1628 0
1629 3
1630 2
1631 1
1632 0
1633 3
1634 2
1635 1
1636 0
1637 3
1638 2
1639 1
1640 4
1641 0
1642 2
1643 1
1644 3
1645 0
1646 2
1647 1
1648 3
1649 0
1650 2
1651 1
1652 4
1653 3
1654 2
1655 1
1656 0
1657 3
1658 2
1659 1
1660 0
1661 3
1662 2
1663 1
1664 4
1665 0
1666 2
1667 1
1668 3
1669 0
1670 2
1671 1
1672 3
1673 0
1674 2
1675 1
1676 4
1677 3
1678 2
1679 1
1680 0
1681 3
1682 2
1683 1
1684 0
1685 3
1686 4
1687 2
1688 1
1689 0
1690 3
1691 2
1692 1
1693 0
1694 3
1695 2
1696 1
1697 0
1698 3
1699 2
1700 1
1701 0
1702 3
1703 2
1704 1
1705 0
1706 3
1707 2
1708 1
1709 0
1710 3
1711 2
1712 1
1713 0
1714 3
1715 2
1716 1
1717 0
1718 3
1719 2
1720 1
1721 0
1722 3
1723 2
1724 1
1725 0
1726 3
1727 2
1728 1
1729 0
1730 3
1731 2
1732 1
1733 0
1734 3
1735 4
1736 2
1737 1
1738 0
1739 3
1740 2
1741 1
1742 0
1743 3
1744 2
1745 1
1746 0
1747 3
1748 2
1749 1
1750 0
1751 3
1752 2
1753 1
1754 0
1755 3
1756 2
1757 1
1758 0
1759 3
1760 2
1761 1
1762 0
1763 3
1764 2
1765 1
1766 0
1767 3
1768 2
1769 1
1770 0
1771 3
1772 2
1773 1
1774 0
1775 3
1776 2
1777 1
1778 0
1779 3
1780 2
1781 1
1782 0
1783 3
1784 4
1785 2
1786 1
1787 0
1788 3
1789 2
1790 1
1791 0
1792 3
1793 2
1794 1
1795 0
1796 3
1797 2
1798 1
1799 0
1800 3
1801 2
1802 1
1803 0
1804 3
1805 2
1806 1
1807 0
1808 3
1809 2
1810 1
1811 0
1812 3
1813 2
1814 1
1815 0
1816 3
1817 2
1818 1
1819 0
1820 3
1821 2
1822 1
1823 0
1824 3
1825 2
1826 1
1827 0
1828 3
1829 2
1830 1
1831 0
1832 3
1833 2
1834 1
1835 4
1836 0
1837 2
1838 1
1839 3
1840 0
1841 2
1842 1
1843 3
1844 0
1845 2
1846 1
1847 4
1848 3
1849 2
1850 1
1851 0
1852 3
1853 2
1854 1
1855 0
1856 3
1857 4
1858 2
1859 1
1860 0
1861 3
1862 2
1863 1
1864 0
1865 3
1866 2
1867 1
1868 0
1869 3
1870 2
1871 1
1872 0
1873 3
1874 2
1875 1
1876 0
1877 3
1878 2
1879 1
1880 0
1881 3
1882 4
1883 2
1884 1
1885 0
1886 3
1887 2
1888 1
1889 0
1890 3
1891 2
1892 1
1893 0
1894 3
1895 2
1896 1
1897 0
1898 3
1899 2
1900 1
1901 0
1902 3
1903 2
1904 1
1905 0
1906 3
1907 2
1908 1
1909 0
1910 3
1911 2
1912 1
1913 0
1914 3
1915 2
1916 1
1917 0
1918 3
1919 2
1920 1
1921 0
1922 3
1923 2
1924 1
1925 0
1926 3
1927 2
1928 1
1929 0
1930 3
1931 2
1932 1
1933 4
1934 0
1935 2
1936 1
1937 3
1938 0
1939 2
1940 1
1941 3
1942 0
1943 2
1944 1
1945 4
1946 3
1947 2
1948 1
1949 0
1950 3
1951 2
1952 1
1953 0
1954 3
1955 4
1956 2
1957 1
1958 0
1959 3
1960 2
1961 1
1962 0
1963 3
1964 2
1965 1
1966 0
1967 3
1968 2
1969 1
1970 0
1971 3
1972 2
1973 1
1974 0
1975 3
1976 2
1977 1
1978 0
1979 3
1980 4
1981 2
1982 1
1983 0
1984 3
1985 2
1986 1
1987 0
1988 3
1989 2
1990 1
1991 0
1992 3
1993 2
1994 1
1995 0
1996 3
1997 2
1998 1
1999 0
2000 3
2001 2
2002 1
2003 0
2004 3
2005 2
2006 1
2007 0
2008 3
2009 2
2010 1
2011 0
2012 3
2013 2
2014 1
2015 0
2016 3
2017 2
2018 1
2019 0
2020 3
2021 2
2022 1
2023 0
2024 3
2025 2
2026 1
2027 0
2028 3
2029 2
2030 1
2031 4
2032 0
2033 2
2034 1
2035 3
2036 0
2037 2
2038 1
2039 3
2040 0
2041 2
2042 1
2043 4
2044 3
2045 2
2046 1
2047 0
2048 3
2049 2
2050 1
2051 0
2052 3
2053 2
2054 1
2055 4
2056 0
2057 2
2058 1
2059 3
2060 0
2061 2
2062 1
2063 3
2064 0
2065 2
2066 1
2067 4
2068 3
2069 2
2070 1
2071 0
2072 3
2073 2
2074 1
2075 0
2076 3
2077 4
2078 2
2079 1
2080 0
2081 3
2082 2
2083 1
2084 0
2085 3
2086 2
2087 1
2088 0
2089 3
2090 2
2091 1
2092 0
2093 3
2094 2
2095 1
2096 0
2097 3
2098 2
2099 1
2100 0
2101 3
2102 2
2103 1
2104 0
2105 3
2106 2
2107 1
2108 0
2109 3
2110 2
2111 1
2112 0
2113 3
2114 2
2115 1
2116 0
2117 3
2118 2
2119 1
2120 0
2121 3
2122 2
2123 1
2124 0
2125 3
2126 4
2127 2
2128 1
2129 0
2130 3
2131 2
2132 1
2133 0
2134 3
2135 2
2136 1
2137 0
2138 3
2139 2
2140 1
2141 0
2142 3
2143 2
2144 1
2145 0
2146 3
2147 2
2148 1
2149 0
2150 3
2151 2
2152 1
2153 0
2154 3
2155 2
2156 1
2157 0
2158 3
2159 2
2160 1
2161 0
2162 3
2163 2
2164 1
2165 0
2166 3
2167 2
2168 1
2169 0
2170 3
2171 2
2172 1
2173 0
2174 3
2175 4
2176 2
2177 1
2178 0
2179 3
2180 2
2181 1
2182 0
2183 3
2184 2
2185 1
2186 0
2187 3
2188 2
2189 1
2190 0
2191 3
2192 2
2193 1
2194 0
2195 3
2196 2
2197 1
2198 0
2199 3
2200 2
2201 1
2202 0
2203 3
2204 2
2205 1
2206 0
2207 3
2208 2
2209 1
2210 0
2211 3
2212 2
2213 1
2214 0
2215 3
2216 2
2217 1
2218 0
2219 3
2220 2
2221 1
2222 0
2223 3
2224 2
2225 1
2226 4
2227 0
2228 2
2229 1
2230 3
2231 0
2232 2
2233 1
2234 3
2235 0
2236 2
2237 1
2238 4
2239 3
2240 2
2241 1
2242 0
2243 3
2244 2
2245 1
2246 0
2247 3
2248 2
2249 1
2250 4
2251 0
2252 2
2253 1
2254 3
2255 0
2256 2
2257 1
2258 3
2259 0
2260 2
2261 1
2262 4
2263 3
2264 2
2265 1
2266 0
2267 3
2268 2
2269 1
2270 0
2271 3
2272 4
2273 2
2274 1
2275 0
2276 3
2277 2
2278 1
2279 0
2280 3
2281 2
2282 1
2283 0
2284 3
2285 2
2286 1
2287 0
2288 3
2289 2
2290 1
2291 0
2292 3
2293 2
2294 1
2295 0
2296 3
2297 2
2298 1
2299 0
2300 3
2301 2
2302 1
2303 0
2304 3
2305 2
2306 1
2307 0
2308 3
2309 2
2310 1
2311 0
2312 3
2313 2
2314 1
2315 0
2316 3
2317 2
2318 1
2319 0
2320 3
2321 4
2322 2
2323 1
2324 0
2325 3
2326 2
2327 1
2328 0
2329 3
2330 2
2331 1
2332 0
2333 3
2334 2
2335 1
2336 0
2337 3
2338 2
2339 1
2340 0
2341 3
2342 2
2343 1
2344 0
2345 3
2346 2
2347 1
2348 0
2349 3
2350 2
2351 1
2352 0
2353 3
2354 2
2355 1
2356 0
2357 3
2358 2
2359 1
2360 0
2361 3
2362 2
2363 1
2364 0
2365 3
2366 2
2367 1
2368 0
2369 3
2370 4
2371 2
2372 1
2373 0
2374 3
2375 2
2376 1
2377 0
2378 3
2379 2
2380 1
2381 0
2382 3
2383 2
2384 1
2385 0
2386 3
2387 2
2388 1
2389 0
2390 3
2391 2
2392 1
2393 0
2394 3
2395 2
2396 1
2397 0
2398 3
2399 2
2400 1
2401 0
2402 3
2403 2
2404 1
2405 0
2406 3
2407 2
2408 1
2409 0
2410 3
2411 2
2412 1
2413 0
2414 3
2415 2
2416 1
2417 0
2418 3
2419 2
2420 1
2421 4
2422 0
2423 2
2424 1
2425 3
2426 0
2427 2
2428 1
2429 3
2430 0
2431 2
2432 1
2433 4
2434 3
2435 2
2436 1
2437 0
2438 3
2439 2
2440 1
2441 0
2442 3
2443 2
2444 1
2445 4
2446 0
2447 2
2448 1
2449 3
2450 0
2451 2
2452 1
2453 3
2454 0
2455 2
2456 1
2457 4
2458 3
2459 2
2460 1
2461 0
2462 3
2463 2
2464 1
2465 0
2466 3
2467 4
2468 2
2469 1
2470 0
2471 3
2472 2
2473 1
2474 0
2475 3
2476 2
2477 1
2478 0
2479 3
2480 2
2481 1
2482 0
2483 3
2484 2
2485 1
2486 0
2487 3
2488 2
2489 1
2490 0
2491 3
2492 2
2493 1
2494 0
2495 3
2496 2
2497 1
2498 0
2499 3
2500 2
2501 1
2502 0
2503 3
2504 2
2505 1
2506 0
2507 3
2508 2
2509 1
2510 0
2511 3
2512 2
2513 1
2514 0
2515 3
2516 4
2517 2
2518 1
2519 0
2520 3
2521 2
2522 1
2523 0
2524 3
2525 2
2526 1
2527 0
2528 3
2529 2
2530 1
2531 0
2532 3
2533 2
2534 1
2535 0
2536 3
2537 2
2538 1
2539 0
2540 3
2541 2
2542 1
2543 0
2544 3
2545 2
2546 1
2547 0
2548 3
2549 2
2550 1
2551 0
2552 3
2553 2
2554 1
2555 0
2556 3
2557 2
2558 1
2559 0
2560 3
2561 2
2562 1
2563 0
2564 3
2565 4
2566 2
2567 1
2568 0
2569 3
2570 2
2571 1
2572 0
2573 3
2574 2
2575 1
2576 0
2577 3
2578 2
2579 1
2580 0
2581 3
2582 2
2583 1
2584 0
2585 3
2586 2
2587 1
2588 0
2589 3
2590 2
2591 1
2592 0
2593 3
2594 2
2595 1
2596 0
2597 3
2598 2
2599 1
2600 0
2601 3
2602 2
2603 1
2604 0
2605 3
2606 2
2607 1
2608 0
2609 3
2610 2
2611 1
2612 0
2613 3
2614 2
2615 1
2616 4
2617 0
2618 2
2619 1
2620 3
2621 0
2622 2
2623 1
2624 3
2625 0
2626 2
2627 1
2628 4
2629 3
2630 2
2631 1
2632 0
2633 3
2634 2
2635 1
2636 0
2637 3
2638 4
2639 2
2640 1
2641 0
2642 3
2643 2
2644 1
2645 0
2646 3
2647 2
2648 1
2649 0
2650 3
2651 2
2652 1
2653 0
2654 3
2655 2
2656 1
2657 0
2658 3
2659 2
2660 1
2661 0
2662 3
2663 4
2664 2
2665 1
2666 0
2667 3
2668 2
2669 1
2670 0
2671 3
2672 2
2673 1
2674 0
2675 3
2676 2
2677 1
2678 0
2679 3
2680 2
2681 1
2682 0
2683 3
2684 2
2685 1
2686 0
2687 3
2688 2
2689 1
2690 0
2691 3
2692 2
2693 1
2694 0
2695 3
2696 2
2697 1
2698 0
2699 3
2700 2
2701 1
2702 0
2703 3
2704 2
2705 1
2706 0
2707 3
2708 2
2709 1
2710 0
2711 3
2712 2
2713 1
2714 4
2715 0
2716 2
2717 1
2718 3
2719 0
2720 2
2721 1
2722 3
2723 0
2724 2
2725 1
2726 4
2727 3
2728 2
2729 1
2730 0
2731 3
2732 2
2733 1
2734 0
2735 3
2736 4
2737 2
2738 1
2739 0
2740 3
2741 2
2742 1
2743 0
2744 3
2745 2
2746 1
2747 0
2748 3
2749 2
2750 1
2751 0
2752 3
2753 2
2754 1
2755 0
2756 3
2757 2
2758 1
2759 0
2760 3
2761 4
2762 2
2763 1
2764 0
2765 3
2766 2
2767 1
2768 0
2769 3
2770 2
2771 1
2772 0
2773 3
2774 2
2775 1
2776 0
2777 3
2778 2
2779 1
2780 0
2781 3
2782 2
2783 1
2784 0
2785 3
2786 2
2787 1
2788 0
2789 3
2790 2
2791 1
2792 0
2793 3
2794 2
2795 1
2796 0
2797 3
2798 2
2799 1
2800 0
2801 3
2802 2
2803 1
2804 0
2805 3
2806 2
2807 1
2808 0
2809 3
2810 2
2811 1
2812 4
2813 0
2814 2
2815 1
2816 3
2817 0
2818 2
2819 1
2820 3
2821 0
2822 2
2823 1
2824 4
2825 3
2826 2
2827 1
2828 0
2829 3
2830 2
2831 1
2832 0
2833 3
2834 2
2835 1
2836 4
2837 0
2838 2
2839 1
2840 3
2841 0
2842 2
2843 1
2844 3
2845 0
2846 2
2847 1
2848 4
2849 3
2850 2
2851 1
2852 0
2853 3
2854 2
2855 1
2856 0
2857 3
2858 4
2859 2
2860 1
2861 0
2862 3
2863 2
2864 1
2865 0
2866 3
2867 2
2868 1
2869 0
2870 3
2871 2
2872 1
2873 0
2874 3
2875 2
2876 1
2877 0
2878 3
2879 2
2880 1
2881 0
2882 3
2883 2
2884 1
2885 0
2886 3
2887 2
2888 1
2889 0
2890 3
2891 2
2892 1
2893 0
2894 3
2895 2
2896 1
2897 0
2898 3
2899 2
2900 1
2901 0
2902 3
2903 2
2904 1
2905 0
2906 3
2907 4
2908 2
2909 1
2910 0
2911 3
2912 2
2913 1
2914 0
2915 3
2916 2
2917 1
2918 0
2919 3
2920 2
2921 1
2922 0
2923 3
2924 2
2925 1
2926 0
2927 3
2928 2
2929 1
2930 0
2931 3
2932 2
2933 1
2934 0
2935 3
2936 2
2937 1
2938 0
2939 3
2940 2
2941 1
2942 0
2943 3
2944 2
2945 1
2946 0
2947 3
2948 2
2949 1
2950 0
2951 3
2952 2
2953 1
2954 0
2955 3
2956 4
2957 2
2958 1
2959 0
2960 3
2961 2
2962 1
2963 0
2964 3
2965 2
2966 1
2967 0
2968 3
2969 2
2970 1
2971 0
2972 3
2973 2
2974 1
2975 0
2976 3
2977 2
2978 1
2979 0
2980 3
2981 2
2982 1
2983 0
2984 3
2985 2
2986 1
2987 0
2988 3
2989 2
2990 1
2991 0
2992 3
2993 2
2994 1
2995 0
2996 3
2997 2
2998 1
2999 0
3000 3
3001 2
3002 1
3003 0
3004 3
3005 2
3006 1
3007 4
3008 0
3009 2
3010 1
3011 3
3012 0
3013 2
3014 1
3015 3
3016 0
3017 2
3018 1
3019 4
3020 3
3021 2
3022 1
3023 0
3024 3
3025 2
3026 1
3027 0
3028 3
3029 2
3030 1
3031 4
3032 0
3033 2
3034 1
3035 3
3036 0
3037 2
3038 1
3039 3
3040 0
3041 2
3042 1
3043 4
3044 3
3045 2
3046 1
3047 0
3048 3
3049 2
3050 1
3051 0
3052 3
3053 4
3054 2
3055 1
3056 0
3057 3
3058 2
3059 1
3060 0
3061 3
3062 2
3063 1
3064 0
3065 3
3066 2
3067 1
3068 0
3069 3
3070 2
3071 1
3072 0
3073 3
3074 2
3075 1
3076 0
3077 3
3078 2
3079 1
3080 0
3081 3
3082 2
3083 1
3084 0
3085 3
3086 2
3087 1
3088 0
3089 3
3090 2
3091 1
3092 0
3093 3
3094 2
3095 1
3096 0
3097 3
3098 2
3099 1
3100 0
3101 3
3102 4
3103 2
3104 1
3105 0
3106 3
3107 2
3108 1
3109 0
3110 3
3111 2
3112 1
3113 0
3114 3
3115 2
3116 1
3117 0
3118 3
3119 2
3120 1
3121 0
3122 3
3123 2
3124 1
3125 0
3126 3
3127 2
3128 1
3129 0
3130 3
3131 2
3132 1
3133 0
3134 3
3135 2
3136 1
3137 0
3138 3
3139 2
3140 1
3141 0
3142 3
3143 2
3144 1
3145 0
3146 3
3147 2
3148 1
3149 0
3150 3
3151 4
3152 2
3153 1
3154 0
3155 3
3156 2
3157 1
3158 0
3159 3
3160 2
3161 1
3162 0
3163 3
3164 2
3165 1
3166 0
3167 3
3168 2
3169 1
3170 0
3171 3
3172 2
3173 1
3174 0
3175 3
3176 2
3177 1
3178 0
3179 3
3180 2
3181 1
3182 0
3183 3
3184 2
3185 1
3186 0
3187 3
3188 2
3189 1
3190 0
3191 3
3192 2
3193 1
3194 0
3195 3
3196 2
3197 1
3198 0
3199 3
3200 2
3201 1
3202 4
3203 0
3204 2
3205 1
3206 3
3207 0
3208 2
3209 1
3210 3
3211 0
3212 2
3213 1
3214 4
3215 3
3216 2
3217 1
3218 0
3219 3
3220 2
3221 1
3222 0
3223 3
3224 2
3225 1
3226 4
3227 0
3228 2
3229 1
3230 3
3231 0
3232 2
3233 1
3234 3
3235 0
3236 2
3237 1
3238 4
3239 3
3240 2
3241 1
3242 0
3243 3
3244 2
3245 1
3246 0
3247 3
3248 4
3249 2
3250 1
3251 0
3252 3
3253 2
3254 1
3255 0
3256 3
3257 2
3258 1
3259 0
3260 3
3261 2
3262 1
3263 0
3264 3
3265 2
3266 1
3267 0
3268 3
3269 2
3270 1
3271 0
3272 3
3273 2
3274 1
3275 0
3276 3
3277 2
3278 1
3279 0
3280 3
3281 2
3282 1
3283 0
3284 3
3285 2
3286 1
3287 0
3288 3
3289 2
3290 1
3291 0
3292 3
3293 2
3294 1
3295 0
3296 3
3297 4
3298 2
3299 1
3300 0
3301 3
3302 2
3303 1
3304 0
3305 3
3306 2
3307 1
3308 0
3309 3
3310 2
3311 1
3312 0
3313 3
3314 2
3315 1
3316 0
3317 3
3318 2
3319 1
3320 0
3321 3
3322 2
3323 1
3324 0
3325 3
3326 2
3327 1
3328 0
3329 3
3330 2
3331 1
3332 0
3333 3
3334 2
3335 1
3336 0
3337 3
3338 2
3339 1
3340 0
3341 3
3342 2
3343 1
3344 0
3345 3
3346 4
3347 2
3348 1
3349 0
3350 3
3351 2
3352 1
3353 0
3354 3
3355 2
3356 1
3357 0
3358 3
3359 2
3360 1
3361 0
3362 3
3363 2
3364 1
3365 0
3366 3
3367 2
3368 1
3369 0
3370 3
3371 2
3372 1
3373 0
3374 3
3375 2
3376 1
3377 0
3378 3
3379 2
3380 1
3381 0
3382 3
3383 2
3384 1
3385 0
3386 3
3387 2
3388 1
3389 0
3390 3
3391 2
3392 1
3393 0
3394 3
3395 2
3396 1
3397 4
3398 0
3399 2
3400 1
3401 3
3402 0
3403 2
3404 1
3405 3
3406 0
3407 2
3408 1
3409 4
3410 3
3411 2
3412 1
3413 0
3414 3
3415 2
3416 1
3417 0
3418 3
3419 4
3420 2
3421 1
3422 0
3423 3
3424 2
3425 1
3426 0
3427 3
3428 2
3429 1
3430 0
3431 3
3432 2
3433 1
3434 0
3435 3
3436 2
3437 1
3438 0
3439 3
3440 2
3441 1
3442 0
3443 3
3444 4
3445 2
3446 1
3447 0
3448 3
3449 2
3450 1
3451 0
3452 3
3453 2
3454 1
3455 0
3456 3
3457 2
3458 1
3459 0
3460 3
3461 2
3462 1
3463 0
3464 3
3465 2
3466 1
3467 0
3468 3
3469 2
3470 1
3471 0
3472 3
3473 2
3474 1
3475 0
3476 3
3477 2
3478 1
3479 0
3480 3
3481 2
3482 1
3483 0
3484 3
3485 2
3486 1
3487 0
3488 3
3489 2
3490 1
3491 0
3492 3
3493 2
3494 1
3495 4
3496 0
3497 2
3498 1
3499 3
3500 0
3501 2
3502 1
3503 3
3504 0
3505 2
3506 1
3507 4
3508 3
3509 2
3510 1
3511 0
3512 3
3513 2
3514 1
3515 0
3516 3
3517 4
3518 2
3519 1
3520 0
3521 3
3522 2
3523 1
3524 0
3525 3
3526 2
3527 1
3528 0
3529 3
3530 2
3531 1
3532 0
3533 3
3534 2
3535 1
3536 0
3537 3
3538 2
3539 1
3540 0
3541 3
3542 4
3543 2
3544 1
3545 0
3546 3
3547 2
3548 1
3549 0
3550 3
3551 2
3552 1
3553 0
3554 3
3555 2
3556 1
3557 0
3558 3
3559 2
3560 1
3561 0
3562 3
3563 2
3564 1
3565 0
3566 3
3567 2
3568 1
3569 0
3570 3
3571 2
3572 1
3573 0
3574 3
3575 2
3576 1
3577 0
3578 3
3579 2
3580 1
3581 0
3582 3
3583 2
3584 1
3585 0
3586 3
3587 2
3588 1
3589 0
3590 3
3591 2
3592 1
3593 4
3594 0
3595 2
3596 1
3597 3
3598 0
3599 2
3600 1
3601 3
3602 0
3603 2
3604 1
3605 4
3606 3
3607 2
3608 1
3609 0
3610 3
3611 2
3612 1
3613 0
3614 3
3615 2
3616 1
3617 4
3618 0
3619 2
3620 1
3621 3
3622 0
3623 2
3624 1
3625 3
3626 0
3627 2
3628 1
3629 4
3630 3
3631 2
3632 1
3633 0
3634 3
3635 2
3636 1
3637 0
3638 3
3639 4
3640 2
3641 1
3642 0
3643 3
3644 2
3645 1
3646 0
3647 3
3648 2
3649 1
3650 0
3651 3
3652 2
3653 1
3654 0
3655 3
3656 2
3657 1
3658 0
3659 3
3660 2
3661 1
3662 0
3663 3
3664 2
3665 1
3666 0
3667 3
3668 2
3669 1
3670 0
3671 3
3672 2
3673 1
3674 0
3675 3
3676 2
3677 1
3678 0
3679 3
3680 2
3681 1
3682 0
3683 3
3684 2
3685 1
3686 0
3687 3
3688 4
3689 2
3690 1
3691 0
3692 3
3693 2
3694 1
3695 0
3696 3
3697 2
3698 1
3699 0
3700 3
3701 2
3702 1
3703 0
3704 3
3705 2
3706 1
3707 0
3708 3
3709 2
3710 1
3711 0
3712 3
3713 2
3714 1
3715 0
3716 3
3717 2
3718 1
3719 0
3720 3
3721 2
3722 1
3723 0
3724 3
3725 2
3726 1
3727 0
3728 3
3729 2
3730 1
3731 0
3732 3
3733 2
3734 1
3735 0
3736 3
3737 4
3738 2
3739 1
3740 0
3741 3
3742 2
3743 1
3744 0
3745 3
3746 2
3747 1
3748 0
3749 3
3750 2
3751 1
3752 0
3753 3
3754 2
3755 1
3756 0
3757 3
3758 2
3759 1
3760 0
3761 3
3762 2
3763 1
3764 0
3765 3
3766 2
3767 1
3768 0
3769 3
3770 2
3771 1
3772 0
3773 3
3774 2
3775 1
3776 0
3777 3
3778 2
3779 1
3780 0
3781 3
3782 2
3783 1
3784 0
3785 3
3786 2
3787 1
3788 4
3789 0
3790 2
3791 1
3792 3
3793 0
3794 2
3795 1
3796 3
3797 0
3798 2
3799 1
3800 4
3801 3
3802 2
3803 1
3804 0
3805 3
3806 2
3807 1
3808 0
3809 3
3810 2
3811 1
3812 4
3813 0
3814 2
3815 1
3816 3
3817 0
3818 2
3819 1
3820 3
3821 0
3822 2
3823 1
3824 4
3825 3
3826 2
3827 1
3828 0
3829 3
3830 2
3831 1
3832 0
3833 3
3834 4
3835 2
3836 1
3837 0
3838 3
3839 2
3840 1
3841 0
3842 3
3843 2
3844 1
3845 0
3846 3
3847 2
3848 1
3849 0
3850 3
3851 2
3852 1
3853 0
3854 3
3855 2
3856 1
3857 0
3858 3
3859 2
3860 1
3861 0
3862 3
3863 2
3864 1
3865 0
3866 3
3867 2
3868 1
3869 0
3870 3
3871 2
3872 1
3873 0
3874 3
3875 2
3876 1
3877 0
3878 3
3879 2
3880 1
3881 0
3882 3
3883 4
3884 2
3885 1
3886 0
3887 3
3888 2
3889 1
3890 0
3891 3
3892 2
3893 1
3894 0
3895 3
3896 2
3897 1
3898 0
3899 3
3900 2
3901 1
3902 0
3903 3
3904 2
3905 1
3906 0
3907 3
3908 2
3909 1
3910 0
3911 3
3912 2
3913 1
3914 0
3915 3
3916 2
3917 1
3918 0
3919 3
3920 2
3921 1
3922 0
3923 3
3924 2
3925 1
3926 0
3927 3
3928 2
3929 1
3930 0
3931 3
3932 4
3933 2
3934 1
3935 0
3936 3
3937 2
3938 1
3939 0
3940 3
3941 2
3942 1
3943 0
3944 3
3945 2
3946 1
3947 0
3948 3
3949 2
3950 1
3951 0
3952 3
3953 2
3954 1
3955 0
3956 3
3957 2
3958 1
3959 0
3960 3
3961 2
3962 1
3963 0
3964 3
3965 2
3966 1
3967 0
3968 3
3969 2
3970 1
3971 0
3972 3
3973 2
3974 1
3975 0
3976 3
3977 2
3978 1
3979 0
3980 3
3981 2
3982 1
3983 4
3984 0
3985 2
3986 1
3987 3
3988 0
3989 2
3990 1
3991 3
3992 0
3993 2
3994 1
3995 4
3996 3
3997 2
3998 1
3999 0
4000 3
4001 2
4002 1
4003 0
4004 3
4005 2
4006 1
4007 4
4008 0
4009 2
4010 1
4011 3
4012 0
4013 2
4014 1
4015 3
4016 0
4017 2
4018 1
4019 4
4020 3
4021 2
4022 1
4023 0
4024 3
4025 2
4026 1
4027 0
4028 3
4029 4
4030 2
4031 1
4032 0
4033 3
4034 2
4035 1
4036 0
4037 3
4038 2
4039 1
4040 0
4041 3
4042 2
4043 1
4044 0
4045 3
4046 2
4047 1
4048 0
4049 3
4050 2
4051 1
4052 0
4053 3
4054 2
4055 1
4056 0
4057 3
4058 2
4059 1
4060 0
4061 3
4062 2
4063 1
4064 0
4065 3
4066 2
4067 1
4068 0
4069 3
4070 2
4071 1
4072 0
4073 3
4074 2
4075 1
4076 0
4077 3
4078 4
4079 2
4080 1
4081 0
4082 3
4083 2
4084 1
4085 0
4086 3
4087 2
4088 1
4089 0
4090 3
4091 2
4092 1
4093 0
4094 3
4095 2
4096 1
4097 0
4098 3
4099 2
4100 1
4101 0
4102 3
4103 2
4104 1
4105 0
4106 3
4107 2
4108 1
4109 0
4110 3
4111 2
4112 1
4113 0
4114 3
4115 2
4116 1
4117 0
4118 3
4119 2
4120 1
4121 0
4122 3
4123 2
4124 1
4125 0
4126 3
4127 4
4128 2
4129 1
4130 0
4131 3
4132 2
4133 1
4134 0
4135 3
4136 2
4137 1
4138 0
4139 3
4140 2
4141 1
4142 0
4143 3
4144 2
4145 1
4146 0
4147 3
4148 2
4149 1
4150 0
4151 3
4152 2
4153 1
4154 0
4155 3
4156 2
4157 1
4158 0
4159 3
4160 2
4161 1
4162 0
4163 3
4164 2
4165 1
4166 0
4167 3
4168 2
4169 1
4170 0
4171 3
4172 2
4173 1
4174 0
4175 3
4176 2
4177 1
4178 4
4179 0
4180 2
4181 1
4182 3
4183 0
4184 2
4185 1
4186 3
4187 0
4188 2
4189 1
4190 4
4191 3
4192 2
4193 1
4194 0
4195 3
4196 2
4197 1
4198 0
4199 3
4200 4
4201 2
4202 1
4203 0
4204 3
4205 2
4206 1
4207 0
4208 3
4209 2
4210 1
4211 0
4212 3
4213 2
4214 1
4215 0
4216 3
4217 2
4218 1
4219 0
4220 3
4221 2
4222 1
4223 0
4224 3
4225 4
4226 2
4227 1
4228 0
4229 3
4230 2
4231 1
4232 0
4233 3
4234 2
4235 1
4236 0
4237 3
4238 2
4239 1
4240 0
4241 3
4242 2
4243 1
4244 0
4245 3
4246 2
4247 1
4248 0
4249 3
4250 2
4251 1
4252 0
4253 3
4254 2
4255 1
4256 0
4257 3
4258 2
4259 1
4260 0
4261 3
4262 2
4263 1
4264 0
4265 3
4266 2
4267 1
4268 0
4269 3
4270 2
4271 1
4272 0
4273 3
4274 2
4275 1
4276 4
4277 0
4278 2
4279 1
4280 3
4281 0
4282 2
4283 1
4284 3
4285 0
4286 2
4287 1
4288 4
4289 3
4290 2
4291 1
4292 0
4293 3
4294 2
4295 1
4296 0
4297 3
4298 4
4299 2
4300 1
4301 0
4302 3
4303 2
4304 1
4305 0
4306 3
4307 2
4308 1
4309 0
4310 3
4311 2
4312 1
4313 0
4314 3
4315 2
4316 1
4317 0
4318 3
4319 2
4320 1
4321 0
4322 3
4323 4
4324 2
4325 1
4326 0
4327 3
4328 2
4329 1
4330 0
4331 3
4332 2
4333 1
4334 0
4335 3
4336 2
4337 1
4338 0
4339 3
4340 2
4341 1
4342 0
4343 3
4344 2
4345 1
4346 0
4347 3
4348 2
4349 1
4350 0
4351 3
4352 2
4353 1
4354 0
4355 3
4356 2
4357 1
4358 0
4359 3
4360 2
4361 1
4362 0
4363 3
4364 2
4365 1
4366 0
4367 3
4368 2
4369 1
4370 0
4371 3
4372 2
4373 1
4374 4
4375 0
4376 2
4377 1
4378 3
4379 0
4380 2
4381 1
4382 3
4383 0
4384 2
4385 1
4386 4
4387 3
4388 2
4389 1
4390 0
4391 3
4392 2
4393 1
4394 0
4395 3
4396 2
4397 1
4398 4
4399 0
4400 2
4401 1
4402 3
4403 0
4404 2
4405 1
4406 3
4407 0
4408 2
4409 1
4410 4
4411 3
4412 2
4413 1
4414 0
4415 3
4416 2
4417 1
4418 0
4419 3
4420 4
4421 2
4422 1
4423 0
4424 3
4425 2
4426 1
4427 0
4428 3
4429 2
4430 1
4431 0
4432 3
4433 2
4434 1
4435 0
4436 3
4437 2
4438 1
4439 0
4440 3
4441 2
4442 1
4443 0
4444 3
4445 2
4446 1
4447 0
4448 3
4449 2
4450 1
4451 0
4452 3
4453 2
4454 1
4455 0
4456 3
4457 2
4458 1
4459 0
4460 3
4461 2
4462 1
4463 0
4464 3
4465 2
4466 1
4467 0
4468 3
4469 4
4470 2
4471 1
4472 0
4473 3
4474 2
4475 1
4476 0
4477 3
4478 2
4479 1
4480 0
4481 3
4482 2
4483 1
4484 0
4485 3
4486 2
4487 1
4488 0
4489 3
4490 2
4491 1
4492 0
4493 3
4494 2
4495 1
4496 0
4497 3
4498 2
4499 1
4500 0
4501 3
4502 2
4503 1
4504 0
4505 3
4506 2
4507 1
4508 0
4509 3
4510 2
4511 1
4512 0
4513 3
4514 2
4515 1
4516 0
4517 3
4518 4
4519 2
4520 1
4521 0
4522 3
4523 2
4524 1
4525 0
4526 3
4527 2
4528 1
4529 0
4530 3
4531 2
4532 1
4533 0
4534 3
4535 2
4536 1
4537 0
4538 3
4539 2
4540 1
4541 0
4542 3
4543 2
4544 1
4545 0
4546 3
4547 2
4548 1
4549 0
4550 3
4551 2
4552 1
4553 0
4554 3
4555 2
4556 1
4557 0
4558 3
4559 2
4560 1
4561 0
4562 3
4563 2
4564 1
4565 0
4566 3
4567 2
4568 1
4569 4
4570 0
4571 2
4572 1
4573 3
4574 0
4575 2
4576 1
4577 3
4578 0
4579 2
4580 1
4581 4
4582 3
4583 2
4584 1
4585 0
4586 3
4587 2
4588 1
4589 0
4590 3
4591 4
4592 2
4593 1
4594 0
4595 3
4596 2
4597 1
4598 0
4599 3
4600 2
4601 1
4602 0
4603 3
4604 2
4605 1
4606 0
4607 3
4608 2
4609 1
4610 0
4611 3
4612 2
4613 1
4614 0
4615 3
4616 4
4617 2
4618 1
4619 0
4620 3
4621 2
4622 1
4623 0
4624 3
4625 2
4626 1
4627 0
4628 3
4629 2
4630 1
4631 0
4632 3
4633 2
4634 1
4635 0
4636 3
4637 2
4638 1
4639 0
4640 3
4641 2
4642 1
4643 0
4644 3
4645 2
4646 1
4647 0
4648 3
4649 2
4650 1
4651 0
4652 3
4653 2
4654 1
4655 0
4656 3
4657 2
4658 1
4659 0
4660 3
4661 2
4662 1
4663 0
4664 3
4665 2
4666 1
4667 4
4668 0
4669 2
4670 1
4671 3
4672 0
4673 2
4674 1
4675 3
4676 0
4677 2
4678 1
4679 4
4680 3
4681 2
4682 1
4683 0
4684 3
4685 2
4686 1
4687 0
4688 3
4689 4
4690 2
4691 1
4692 0
4693 3
4694 2
4695 1
4696 0
4697 3
4698 2
4699 1
4700 0
4701 3
4702 2
4703 1
4704 0
4705 3
4706 2
4707 1
4708 0
4709 3
4710 2
4711 1
4712 0
4713 3
4714 4
4715 2
4716 1
4717 0
4718 3
4719 2
4720 1
4721 0
4722 3
4723 2
4724 1
4725 0
4726 3
4727 2
4728 1
4729 0
4730 3
4731 2
4732 1
4733 0
4734 3
4735 2
4736 1
4737 0
4738 3
4739 2
4740 1
4741 0
4742 3
4743 2
4744 1
4745 0
4746 3
4747 2
4748 1
4749 0
4750 3
4751 2
4752 1
4753 0
4754 3
4755 2
4756 1
4757 0
4758 3
4759 2
4760 1
4761 0
4762 3
4763 2
4764 1
4765 4
4766 0
4767 2
4768 1
4769 3
4770 0
4771 2
4772 1
4773 3
4774 0
4775 2
4776 1
4777 4
4778 3
4779 2
4780 1
4781 0
4782 3
4783 2
4784 1
4785 0
4786 3
4787 2
4788 1
4789 4
4790 0
4791 2
4792 1
4793 3
4794 0
4795 2
4796 1
4797 3
4798 0
4799 2
4800 1
4801 4
4802 3
4803 2
4804 1
4805 0
4806 3
4807 2
4808 1
4809 0
4810 3
4811 4
4812 2
4813 1
4814 0
4815 3
4816 2
4817 1
4818 0
4819 3
4820 2
4821 1
4822 0
4823 3
4824 2
4825 1
4826 0
4827 3
4828 2
4829 1
4830 0
4831 3
4832 2
4833 1
4834 0
4835 3
4836 2
4837 1
4838 0
4839 3
4840 2
4841 1
4842 0
4843 3
4844 2
4845 1
4846 0
4847 3
4848 2
4849 1
4850 0
4851 3
4852 2
4853 1
4854 0
4855 3
4856 2
4857 1
4858 0
4859 3
4860 4
4861 2
4862 1
4863 0
4864 3
4865 2
4866 1
4867 0
4868 3
4869 2
4870 1
4871 0
4872 3
4873 2
4874 1
4875 0
4876 3
4877 2
4878 1
4879 0
4880 3
4881 2
4882 1
4883 0
4884 3
4885 2
4886 1
4887 0
4888 3
4889 2
4890 1
4891 0
4892 3
4893 2
4894 1
4895 0
4896 3
4897 2
4898 1
4899 0
4900 3
4901 2
4902 1
4903 0
4904 3
4905 2
4906 1
4907 0
4908 3
4909 4
4910 2
4911 1
4912 0
4913 3
4914 2
4915 1
4916 0
4917 3
4918 2
4919 1
4920 0
4921 3
4922 2
4923 1
4924 0
4925 3
4926 2
4927 1
4928 0
4929 3
4930 2
4931 1
4932 0
4933 3
4934 2
4935 1
4936 0
4937 3
4938 2
4939 1
4940 0
4941 3
4942 2
4943 1
4944 0
4945 3
4946 2
4947 1
4948 0
4949 3
4950 2
4951 1
4952 0
4953 3
4954 2
4955 1
4956 0
4957 3
4958 2
4959 1
4960 4
4961 0
4962 2
4963 1
4964 3
4965 0
4966 2
4967 1
4968 3
4969 0
4970 2
4971 1
4972 4
4973 3
4974 2
4975 1
4976 0
4977 3
4978 2
4979 1
4980 0
4981 3
4982 4
4983 2
4984 1
4985 0
4986 3
4987 2
4988 1
4989 0
4990 3
4991 2
4992 1
4993 0
4994 3
4995 2
4996 1
4997 0
4998 3
4999 2
5000 1
5001 0
5002 3
5003 2
5004 1
5005 0
5006 3
5007 4
5008 2
5009 1
5010 0
5011 3
5012 2
5013 1
5014 0
5015 3
5016 2
5017 1
5018 0
5019 3
5020 2
5021 1
5022 0
5023 3
5024 2
5025 1
5026 0
5027 3
5028 2
5029 1
5030 0
5031 3
5032 2
5033 1
5034 0
5035 3
5036 2
5037 1
5038 0
5039 3
5040 2
5041 1
5042 0
5043 3
5044 2
5045 1
5046 0
5047 3
5048 2
5049 1
5050 0
5051 3
5052 2
5053 1
5054 0
5055 3
5056 2
5057 1
5058 4
5059 0
5060 2
5061 1
5062 3
5063 0
5064 2
5065 1
5066 3
5067 0
5068 2
5069 1
5070 4
5071 3
5072 2
5073 1
5074 0
5075 3
5076 2
5077 1
5078 0
5079 3
5080 4
5081 2
5082 1
5083 0
5084 3
5085 2
5086 1
5087 0
5088 3
5089 2
5090 1
5091 0
5092 3
5093 2
5094 1
5095 0
5096 3
5097 2
5098 1
5099 0
5100 3
5101 2
5102 1
5103 0
5104 3
5105 4
5106 2
5107 1
5108 0
5109 3
5110 2
5111 1
5112 0
5113 3
5114 2
5115 1
5116 0
5117 3
5118 2
5119 1
5120 0
5121 3
5122 2
5123 1
5124 0
5125 3
5126 2
5127 1
5128 0
5129 3
5130 2
5131 1
5132 0
5133 3
5134 2
5135 1
5136 0
5137 3
5138 2
5139 1
5140 0
5141 3
5142 2
5143 1
5144 0
5145 3
5146 2
5147 1
5148 0
5149 3
5150 2
5151 1
5152 0
5153 3
5154 2
5155 1
5156 4
5157 0
5158 2
5159 1
5160 3
5161 0
5162 2
5163 1
5164 3
5165 0
5166 2
5167 1
5168 4
5169 3
5170 2
5171 1
5172 0
5173 3
5174 2
5175 1
5176 0
5177 3
5178 2
5179 1
5180 4
5181 0
5182 2
5183 1
5184 3
5185 0
5186 2
5187 1
5188 3
5189 0
5190 2
5191 1
5192 4
5193 3
5194 2
5195 1
5196 0
5197 3
5198 2
5199 1
5200 0
5201 3
5202 4
5203 2
5204 1
5205 0
5206 3
5207 2
5208 1
5209 0
5210 3
5211 2
5212 1
5213 0
5214 3
5215 2
5216 1
5217 0
5218 3
5219 2
5220 1
5221 0
5222 3
5223 2
5224 1
5225 0
5226 3
5227 2
5228 1
5229 0
5230 3
5231 2
5232 1
5233 0
5234 3
5235 2
5236 1
5237 0
5238 3
5239 2
5240 1
5241 0
5242 3
5243 2
5244 1
5245 0
5246 3
5247 2
5248 1
5249 0
5250 3
5251 4
5252 2
5253 1
5254 0
5255 3
5256 2
5257 1
5258 0
5259 3
5260 2
5261 1
5262 0
5263 3
5264 2
5265 1
5266 0
5267 3
5268 2
5269 1
5270 0
5271 3
5272 2
5273 1
5274 0
5275 3
5276 2
5277 1
5278 0
5279 3
5280 2
5281 1
5282 0
5283 3
5284 2
5285 1
5286 0
5287 3
5288 2
5289 1
5290 0
5291 3
5292 2
5293 1
5294 0
5295 3
5296 2
5297 1
5298 0
5299 3
5300 4
5301 2
5302 1
5303 0
5304 3
5305 2
5306 1
5307 0
5308 3
5309 2
5310 1
5311 0
5312 3
5313 2
5314 1
5315 0
5316 3
5317 2
5318 1
5319 0
5320 3
5321 2
5322 1
5323 0
5324 3
5325 2
5326 1
5327 0
5328 3
5329 2
5330 1
5331 0
5332 3
5333 2
5334 1
5335 0
5336 3
5337 2
5338 1
5339 0
5340 3
5341 2
5342 1
5343 0
5344 3
5345 2
5346 1
5347 0
5348 3
5349 2
5350 1
5351 4
5352 0
5353 2
5354 1
5355 3
5356 0
5357 2
5358 1
5359 3
5360 0
5361 2
5362 1
5363 4
5364 3
5365 2
5366 1
5367 0
5368 3
5369 2
5370 1
5371 0
5372 3
5373 2
5374 1
5375 4
5376 0
5377 2
5378 1
5379 3
5380 0
5381 2
5382 1
5383 3
5384 0
5385 2
5386 1
5387 4
5388 3
5389 2
5390 1
5391 0
5392 3
5393 2
5394 1
5395 0
5396 3
5397 4
5398 2
5399 1
5400 0
5401 3
5402 2
5403 1
5404 0
5405 3
5406 2
5407 1
5408 0
5409 3
5410 2
5411 1
5412 0
5413 3
5414 2
5415 1
5416 0
5417 3
5418 2
5419 1
5420 0
5421 3
5422 2
5423 1
5424 0
5425 3
5426 2
5427 1
5428 0
5429 3
5430 2
5431 1
5432 0
5433 3
5434 2
5435 1
5436 0
5437 3
5438 2
5439 1
5440 0
5441 3
5442 2
5443 1
5444 0
5445 3
5446 4
5447 2
5448 1
5449 0
5450 3
5451 2
5452 1
5453 0
5454 3
5455 2
5456 1
5457 0
5458 3
5459 2
5460 1
5461 0
5462 3
5463 2
5464 1
5465 0
5466 3
5467 2
5468 1
5469 0
5470 3
5471 2
5472 1
5473 0
5474 3
5475 2
5476 1
5477 0
5478 3
5479 2
5480 1
5481 0
5482 3
5483 2
5484 1
5485 0
5486 3
5487 2
5488 1
5489 0
5490 3
5491 2
5492 1
5493 0
5494 3
5495 4
5496 2
5497 1
5498 0
5499 3
5500 2
5501 1
5502 0
5503 3
5504 2
5505 1
5506 0
5507 3
5508 2
5509 1
5510 0
5511 3
5512 2
5513 1
5514 0
5515 3
5516 2
5517 1
5518 0
5519 3
5520 2
5521 1
5522 0
5523 3
5524 2
5525 1
5526 0
5527 3
5528 2
5529 1
5530 0
5531 3
5532 2
5533 1
5534 0
5535 3
5536 2
5537 1
5538 0
5539 3
5540 2
5541 1
5542 0
5543 3
5544 2
5545 1
5546 4
5547 0
5548 2
5549 1
5550 3
5551 0
5552 2
5553 1
5554 3
5555 0
5556 2
5557 1
5558 4
5559 3
5560 2
5561 1
5562 0
5563 3
5564 2
5565 1
5566 0
5567 3
5568 2
5569 1
5570 4
5571 0
5572 2
5573 1
5574 3
5575 0
5576 2
5577 1
5578 3
5579 0
5580 2
5581 1
5582 4
5583 3
5584 2
5585 1
5586 0
5587 3
5588 2
5589 1
5590 0
5591 3
5592 4
5593 2
5594 1
5595 0
5596 3
5597 2
5598 1
5599 0
5600 3
5601 2
5602 1
5603 0
5604 3
5605 2
5606 1
5607 0
5608 3
5609 2
5610 1
5611 0
5612 3
5613 2
5614 1
5615 0
5616 3
5617 2
5618 1
5619 0
5620 3
5621 2
5622 1
5623 0
5624 3
5625 2
5626 1
5627 0
5628 3
5629 2
5630 1
5631 0
5632 3
5633 2
5634 1
5635 0
5636 3
5637 2
5638 1
5639 0
5640 3
5641 4
5642 2
5643 1
5644 0
5645 3
5646 2
5647 1
5648 0
5649 3
5650 2
5651 1
5652 0
5653 3
5654 2
5655 1
5656 0
5657 3
5658 2
5659 1
5660 0
5661 3
5662 2
5663 1
5664 0
5665 3
5666 2
5667 1
5668 0
5669 3
5670 2
5671 1
5672 0
5673 3
5674 2
5675 1
5676 0
5677 3
5678 2
5679 1
5680 0
5681 3
5682 2
5683 1
5684 0
5685 3
5686 2
5687 1
5688 0
5689 3
5690 4
5691 2
5692 1
5693 0
5694 3
5695 2
5696 1
5697 0
5698 3
5699 2
5700 1
5701 0
5702 3
5703 2
5704 1
5705 0
5706 3
5707 2
5708 1
5709 0
5710 3
5711 2
5712 1
5713 0
5714 3
5715 2
5716 1
5717 0
5718 3
5719 2
5720 1
5721 0
5722 3
5723 2
5724 1
5725 0
5726 3
5727 2
5728 1
5729 0
5730 3
5731 2
5732 1
5733 0
5734 3
5735 2
5736 1
5737 0
5738 3
5739 2
5740 1
5741 4
5742 0
5743 2
5744 1
5745 3
5746 0
5747 2
5748 1
5749 3
5750 0
5751 2
5752 1
5753 4
5754 3
5755 2
5756 1
5757 0
5758 3
5759 2
5760 1
5761 0
5762 3
5763 4
5764 2
5765 1
5766 0
5767 3
5768 2
5769 1
5770 0
5771 3
5772 2
5773 1
5774 0
5775 3
5776 2
5777 1
5778 0
5779 3
5780 2
5781 1
5782 0
5783 3
5784 2
5785 1
5786 0
5787 3
5788 4
5789 2
5790 1
5791 0
5792 3
5793 2
5794 1
5795 0
5796 3
5797 2
5798 1
5799 0
5800 3
5801 2
5802 1
5803 0
5804 3
5805 2
5806 1
5807 0
5808 3
5809 2
5810 1
5811 0
5812 3
5813 2
5814 1
5815 0
5816 3
5817 2
5818 1
5819 0
5820 3
5821 2
5822 1
5823 0
5824 3
5825 2
5826 1
5827 0
5828 3
5829 2
5830 1
5831 0
5832 3
5833 2
5834 1
5835 0
5836 3
5837 2
5838 1
5839 4
5840 0
5841 2
5842 1
5843 3
5844 0
5845 2
5846 1
5847 3
5848 0
5849 2
5850 1
5851 4
5852 3
5853 2
5854 1
5855 0
5856 3
5857 2
5858 1
5859 0
5860 3
5861 4
5862 2
5863 1
5864 0
5865 3
5866 2
5867 1
5868 0
5869 3
5870 2
5871 1
5872 0
5873 3
5874 2
5875 1
5876 0
5877 3
5878 2
5879 1
5880 0
5881 3
5882 2
5883 1
5884 0
5885 3
5886 4
5887 2
5888 1
5889 0
5890 3
5891 2
5892 1
5893 0
5894 3
5895 2
5896 1
5897 0
5898 3
5899 2
5900 1
5901 0
5902 3
5903 2
5904 1
5905 0
5906 3
5907 2
5908 1
5909 0
5910 3
5911 2
5912 1
5913 0
5914 3
5915 2
5916 1
5917 0
5918 3
5919 2
5920 1
5921 0
5922 3
5923 2
5924 1
5925 0
5926 3
5927 2
5928 1
5929 0
5930 3
5931 2
5932 1
5933 0
5934 3
5935 2
5936 1
5937 4
5938 0
5939 2
5940 1
5941 3
5942 0
5943 2
5944 1
5945 3
5946 0
5947 2
5948 1
5949 4
5950 3
5951 2
5952 1
5953 0
5954 3
5955 2
5956 1
5957 0
5958 3
5959 2
5960 1
5961 4
5962 0
5963 2
5964 1
5965 3
5966 0
5967 2
5968 1
5969 3
5970 0
5971 2
5972 1
5973 4
5974 3
5975 2
5976 1
5977 0
5978 3
5979 2
5980 1
5981 0
5982 3
5983 4
5984 2
5985 1
5986 0
5987 3
5988 2
5989 1
5990 0
5991 3
5992 2
5993 1
5994 0
5995 3
5996 2
5997 1
5998 0
5999 3
6000 2
6001 1
6002 0
6003 3
6004 2
6005 1
6006 0
6007 3
6008 2
6009 1
6010 0
6011 3
6012 2
6013 1
6014 0
6015 3
6016 2
6017 1
6018 0
6019 3
6020 2
6021 1
6022 0
6023 3
6024 2
6025 1
6026 0
6027 3
6028 2
6029 1
6030 0
6031 3
6032 4
6033 2
6034 1
6035 0
6036 3
6037 2
6038 1
6039 0
6040 3
6041 2
6042 1
6043 0
6044 3
6045 2
6046 1
6047 0
6048 3
6049 2
6050 1
6051 0
6052 3
6053 2
6054 1
6055 0
6056 3
6057 2
6058 1
6059 0
6060 3
6061 2
6062 1
6063 0
6064 3
6065 2
6066 1
6067 0
6068 3
6069 2
6070 1
6071 0
6072 3
6073 2
6074 1
6075 0
6076 3
6077 2
6078 1
6079 0
6080 3
6081 4
6082 2
6083 1
6084 0
6085 3
6086 2
6087 1
6088 0
6089 3
6090 2
6091 1
6092 0
6093 3
6094 2
6095 1
6096 0
6097 3
6098 2
6099 1
6100 0
6101 3
6102 2
6103 1
6104 0
6105 3
6106 2
6107 1
6108 0
6109 3
6110 2
6111 1
6112 0
6113 3
6114 2
6115 1
6116 0
6117 3
6118 2
6119 1
6120 0
6121 3
6122 2
6123 1
6124 0
6125 3
6126 2
6127 1
6128 0
6129 3
6130 2
6131 1
6132 4
6133 0
6134 2
6135 1
6136 3
6137 0
6138 2
6139 1
6140 3
6141 0
6142 2
6143 1
6144 4
6145 3
6146 2
6147 1
6148 0
6149 3
6150 2
6151 1
6152 0
6153 3
6154 2
6155 1
6156 4
6157 0
6158 2
6159 1
6160 3
6161 0
6162 2
6163 1
6164 3
6165 0
6166 2
6167 1
6168 4
6169 3
6170 2
6171 1
6172 0
6173 3
6174 2
6175 1
6176 0
6177 3
6178 4
6179 2
6180 1
6181 0
6182 3
6183 2
6184 1
6185 0
6186 3
6187 2
6188 1
6189 0
6190 3
6191 2
6192 1
6193 0
6194 3
6195 2
6196 1
6197 0
6198 3
6199 2
6200 1
6201 0
6202 3
6203 2
6204 1
6205 0
6206 3
6207 2
6208 1
6209 0
6210 3
6211 2
6212 1
6213 0
6214 3
6215 2
6216 1
6217 0
6218 3
6219 2
6220 1
6221 0
6222 3
6223 2
6224 1
6225 0
6226 3
6227 2
6228 1
6229 4
6230 0
6231 2
6232 1
6233 3
6234 0
6235 2
6236 1
6237 3
6238 0
6239 2
6240 1
6241 4
6242 3
6243 2
6244 1
6245 0
6246 3
6247 2
6248 1
6249 0
6250 3
6251 4
6252 2
6253 1
6254 0
6255 3
6256 2
6257 1
6258 0
6259 3
6260 2
6261 1
6262 0
6263 3
6264 2
6265 1
6266 0
6267 3
6268 2
6269 1
6270 0
6271 3
6272 2
6273 1
6274 0
6275 3
6276 4
6277 2
6278 1
6279 0
6280 3
6281 2
6282 1
6283 0
6284 3
6285 2
6286 1
6287 0
6288 3
6289 2
6290 1
6291 0
6292 3
6293 2
6294 1
6295 0
6296 3
6297 2
6298 1
6299 0
6300 3
6301 2
6302 1
6303 0
6304 3
6305 2
6306 1
6307 0
6308 3
6309 2
6310 1
6311 0
6312 3
6313 2
6314 1
6315 0
6316 3
6317 2
6318 1
6319 0
6320 3
6321 2
6322 1
6323 0
6324 3
6325 2
6326 1
6327 4
6328 0
6329 2
6330 1
6331 3
6332 0
6333 2
6334 1
6335 3
6336 0
6337 2
6338 1
6339 4
6340 3
6341 2
6342 1
6343 0
6344 3
6345 2
6346 1
6347 0
6348 3
6349 2
6350 1
6351 4
6352 0
6353 2
6354 1
6355 3
6356 0
6357 2
6358 1
6359 3
6360 0
6361 2
6362 1
6363 4
6364 3
6365 2
6366 1
6367 0
6368 3
6369 2
6370 1
6371 0
6372 3
6373 4
6374 2
6375 1
6376 0
6377 3
6378 2
6379 1
6380 0
6381 3
6382 2
6383 1
6384 0
6385 3
6386 2
6387 1
6388 0
6389 3
6390 2
6391 1
6392 0
6393 3
6394 2
6395 1
6396 0
6397 3
6398 2
6399 1
6400 0
6401 3
6402 2
6403 1
6404 0
6405 3
6406 2
6407 1
6408 0
6409 3
6410 2
6411 1
6412 0
6413 3
6414 2
6415 1
6416 0
6417 3
6418 2
6419 1
6420 0
6421 3
6422 4
6423 2
6424 1
6425 0
6426 3
6427 2
6428 1
6429 0
6430 3
6431 2
6432 1
6433 0
6434 3
6435 2
6436 1
6437 0
6438 3
6439 2
6440 1
6441 0
6442 3
6443 2
6444 1
6445 0
6446 3
6447 2
6448 1
6449 0
6450 3
6451 2
6452 1
6453 0
6454 3
6455 2
6456 1
6457 0
6458 3
6459 2
6460 1
6461 0
6462 3
6463 2
6464 1
6465 0
6466 3
6467 2
6468 1
6469 0
6470 3
6471 4
6472 2
6473 1
6474 0
6475 3
6476 2
6477 1
6478 0
6479 3
6480 2
6481 1
6482 0
6483 3
6484 2
6485 1
6486 0
6487 3
6488 2
6489 1
6490 0
6491 3
6492 2
6493 1
6494 0
6495 3
6496 2
6497 1
6498 0
6499 3
6500 2
6501 1
6502 0
6503 3
6504 2
6505 1
6506 0
6507 3
6508 2
6509 1
6510 0
6511 3
6512 2
6513 1
6514 0
6515 3
6516 2
6517 1
6518 0
6519 3
6520 2
6521 1
6522 4
6523 0
6524 2
6525 1
6526 3
6527 0
6528 2
6529 1
6530 3
6531 0
6532 2
6533 1
6534 4
6535 3
6536 2
6537 1
6538 0
6539 3
6540 2
6541 1
6542 0
6543 3
6544 4
6545 2
6546 1
6547 0
6548 3
6549 2
6550 1
6551 0
6552 3
6553 2
6554 1
6555 0
6556 3
6557 2
6558 1
6559 0
6560 3
6561 2
6562 1
6563 0
6564 3
6565 2
6566 1
6567 0
6568 3
6569 4
6570 2
6571 1
6572 0
6573 3
6574 2
6575 1
6576 0
6577 3
6578 2
6579 1
6580 0
6581 3
6582 2
6583 1
6584 0
6585 3
6586 2
6587 1
6588 0
6589 3
6590 2
6591 1
6592 0
6593 3
6594 2
6595 1
6596 0
6597 3
6598 2
6599 1
6600 0
6601 3
6602 2
6603 1
6604 0
6605 3
6606 2
6607 1
6608 0
6609 3
6610 2
6611 1
6612 0
6613 3
6614 2
6615 1
6616 0
6617 3
6618 2
6619 1
6620 4
6621 0
6622 2
6623 1
6624 3
6625 0
6626 2
6627 1
6628 3
6629 0
6630 2
6631 1
6632 4
6633 3
6634 2
6635 1
6636 0
6637 3
6638 2
6639 1
6640 0
6641 3
6642 4
6643 2
6644 1
6645 0
6646 3
6647 2
6648 1
6649 0
6650 3
6651 2
6652 1
6653 0
6654 3
6655 2
6656 1
6657 0
6658 3
6659 2
6660 1
6661 0
6662 3
6663 2
6664 1
6665 0
6666 3
6667 4
6668 2
6669 1
6670 0
6671 3
6672 2
6673 1
6674 0
6675 3
6676 2
6677 1
6678 0
6679 3
6680 2
6681 1
6682 0
6683 3
6684 2
6685 1
6686 0
6687 3
6688 2
6689 1
6690 0
6691 3
6692 2
6693 1
6694 0
6695 3
6696 2
6697 1
6698 0
6699 3
6700 2
6701 1
6702 0
6703 3
6704 2
6705 1
6706 0
6707 3
6708 2
6709 1
6710 0
6711 3
6712 2
6713 1
6714 0
6715 3
6716 2
6717 1
6718 4
6719 0
6720 2
6721 1
6722 3
6723 0
6724 2
6725 1
6726 3
6727 0
6728 2
6729 1
6730 4
6731 3
6732 2
6733 1
6734 0
6735 3
6736 2
6737 1
6738 0
6739 3
6740 2
6741 1
6742 4
6743 0
6744 2
6745 1
6746 3
6747 0
6748 2
6749 1
6750 3
6751 0
6752 2
6753 1
6754 4
6755 3
6756 2
6757 1
6758 0
6759 3
6760 2
6761 1
6762 0
6763 3
6764 4
6765 2
6766 1
6767 0
6768 3
6769 2
6770 1
6771 0
6772 3
6773 2
6774 1
6775 0
6776 3
6777 2
6778 1
6779 0
6780 3
6781 2
6782 1
6783 0
6784 3
6785 2
6786 1
6787 0
6788 3
6789 2
6790 1
6791 0
6792 3
6793 2
6794 1
6795 0
6796 3
6797 2
6798 1
6799 0
6800 3
6801 2
6802 1
6803 0
6804 3
6805 2
6806 1
6807 0
6808 3
6809 2
6810 1
6811 0
6812 3
6813 4
6814 2
6815 1
6816 0
6817 3
6818 2
6819 1
6820 0
6821 3
6822 2
6823 1
6824 0
6825 3
6826 2
6827 1
6828 0
6829 3
6830 2
6831 1
6832 0
6833 3
6834 2
6835 1
6836 0
6837 3
6838 2
6839 1
6840 0
6841 3
6842 2
6843 1
6844 0
6845 3
6846 2
6847 1
6848 0
6849 3
6850 2
6851 1
6852 0
6853 3
6854 2
6855 1
6856 0
6857 3
6858 2
6859 1
6860 0
6861 3
6862 4
6863 2
6864 1
6865 0
6866 3
6867 2
6868 1
6869 0
6870 3
6871 2
6872 1
6873 0
6874 3
6875 2
6876 1
6877 0
6878 3
6879 2
6880 1
6881 0
6882 3
6883 2
6884 1
6885 0
6886 3
6887 2
6888 1
6889 0
6890 3
6891 2
6892 1
6893 0
6894 3
6895 2
6896 1
6897 0
6898 3
6899 2
6900 1
6901 0
6902 3
6903 2
6904 1
6905 0
6906 3
6907 2
6908 1
6909 0
6910 3
6911 2
6912 1
6913 4
6914 0
6915 2
6916 1
6917 3
6918 0
6919 2
6920 1
6921 3
6922 0
6923 2
6924 1
6925 4
6926 3
6927 2
6928 1
6929 0
6930 3
6931 2
6932 1
6933 0
6934 3
6935 2
6936 1
6937 4
6938 0
6939 2
6940 1
6941 3
6942 0
6943 2
6944 1
6945 3
6946 0
6947 2
6948 1
6949 4
6950 3
6951 2
6952 1
6953 0
6954 3
6955 2
6956 1
6957 0
6958 3
6959 4
6960 2
6961 1
6962 0
6963 3
6964 2
6965 1
6966 0
6967 3
6968 2
6969 1
6970 0
6971 3
6972 2
6973 1
6974 0
6975 3
6976 2
6977 1
6978 0
6979 3
6980 2
6981 1
6982 0
6983 3
6984 2
6985 1
6986 0
6987 3
6988 2
6989 1
6990 0
6991 3
6992 2
6993 1
6994 0
6995 3
6996 2
6997 1
6998 0
6999 3
7000 2
7001 1
7002 0
7003 3
7004 2
7005 1
7006 0
7007 3
7008 4
7009 2
7010 1
7011 0
7012 3
7013 2
7014 1
7015 0
7016 3
7017 2
7018 1
7019 0
7020 3
7021 2
7022 1
7023 0
7024 3
7025 2
7026 1
7027 0
7028 3
7029 2
7030 1
7031 0
7032 3
7033 2
7034 1
7035 0
7036 3
7037 2
7038 1
7039 0
7040 3
7041 2
7042 1
7043 0
7044 3
7045 2
7046 1
7047 0
7048 3
7049 2
7050 1
7051 0
7052 3
7053 2
7054 1
7055 0
7056 3
7057 4
7058 2
7059 1
7060 0
7061 3
7062 2
7063 1
7064 0
7065 3
7066 2
7067 1
7068 0
7069 3
7070 2
7071 1
7072 0
7073 3
7074 2
7075 1
7076 0
7077 3
7078 2
7079 1
7080 0
7081 3
7082 2
7083 1
7084 0
7085 3
7086 2
7087 1
7088 0
7089 3
7090 2
7091 1
7092 0
7093 3
7094 2
7095 1
7096 0
7097 3
7098 2
7099 1
7100 0
7101 3
7102 2
7103 1
7104 0
7105 3
7106 2
7107 1
7108 4
7109 0
7110 2
7111 1
7112 3
7113 0
7114 2
7115 1
7116 3
7117 0
7118 2
7119 1
7120 4
7121 3
7122 2
7123 1
7124 0
7125 3
7126 2
7127 1
7128 0
7129 3
7130 2
7131 1
7132 4
7133 0
7134 2
7135 1
7136 3
7137 0
7138 2
7139 1
7140 3
7141 0
7142 2
7143 1
7144 4
7145 3
7146 2
7147 1
7148 0
7149 3
7150 2
7151 1
7152 0
7153 3
7154 4
7155 2
7156 1
7157 0
7158 3
7159 2
7160 1
7161 0
7162 3
7163 2
7164 1
7165 0
7166 3
7167 2
7168 1
7169 0
7170 3
7171 2
7172 1
7173 0
7174 3
7175 2
7176 1
7177 0
7178 3
7179 2
7180 1
7181 0
7182 3
7183 2
7184 1
7185 0
7186 3
7187 2
7188 1
7189 0
7190 3
7191 2
7192 1
7193 0
7194 3
7195 2
7196 1
7197 0
7198 3
7199 2
7200 1
7201 0
7202 3
7203 4
7204 2
7205 1
7206 0
7207 3
7208 2
7209 1
7210 0
7211 3
7212 2
7213 1
7214 0
7215 3
7216 2
7217 1
7218 0
7219 3
7220 2
7221 1
7222 0
7223 3
7224 2
7225 1
7226 0
7227 3
7228 2
7229 1
7230 0
7231 3
7232 2
7233 1
7234 0
7235 3
7236 2
7237 1
7238 0
7239 3
7240 2
7241 1
7242 0
7243 3
7244 2
7245 1
7246 0
7247 3
7248 2
7249 1
7250 0
7251 3
7252 4
7253 2
7254 1
7255 0
7256 3
7257 2
7258 1
7259 0
7260 3
7261 2
7262 1
7263 0
7264 3
7265 2
7266 1
7267 0
7268 3
7269 2
7270 1
7271 0
7272 3
7273 2
7274 1
7275 0
7276 3
7277 2
7278 1
7279 0
7280 3
7281 2
7282 1
7283 0
7284 3
7285 2
7286 1
7287 0
7288 3
7289 2
7290 1
7291 0
7292 3
7293 2
7294 1
7295 0
7296 3
7297 2
7298 1
7299 0
7300 3
7301 2
7302 1
7303 4
7304 0
7305 2
7306 1
7307 3
7308 0
7309 2
7310 1
7311 3
7312 0
7313 2
7314 1
7315 4
7316 3
7317 2
7318 1
7319 0
7320 3
7321 2
7322 1
7323 0
7324 3
7325 4
7326 2
7327 1
7328 0
7329 3
7330 2
7331 1
7332 0
7333 3
7334 2
7335 1
7336 0
7337 3
7338 2
7339 1
7340 0
7341 3
7342 2
7343 1
7344 0
7345 3
7346 2
7347 1
7348 0
7349 3
7350 4
7351 2
7352 1
7353 0
7354 3
7355 2
7356 1
7357 0
7358 3
7359 2
7360 1
7361 0
7362 3
7363 2
7364 1
7365 0
7366 3
7367 2
7368 1
7369 0
7370 3
7371 2
7372 1
7373 0
7374 3
7375 2
7376 1
7377 0
7378 3
7379 2
7380 1
7381 0
7382 3
7383 2
7384 1
7385 0
7386 3
7387 2
7388 1
7389 0
7390 3
7391 2
7392 1
7393 0
7394 3
7395 2
7396 1
7397 0
7398 3
7399 2
7400 1
7401 4
7402 0
7403 2
7404 1
7405 3
7406 0
7407 2
7408 1
7409 3
7410 0
7411 2
7412 1
7413 4
7414 3
7415 2
7416 1
7417 0
7418 3
7419 2
7420 1
7421 0
7422 3
7423 4
7424 2
7425 1
7426 0
7427 3
7428 2
7429 1
7430 0
7431 3
7432 2
7433 1
7434 0
7435 3
7436 2
7437 1
7438 0
7439 3
7440 2
7441 1
7442 0
7443 3
7444 2
7445 1
7446 0
7447 3
7448 4
7449 2
7450 1
7451 0
7452 3
7453 2
7454 1
7455 0
7456 3
7457 2
7458 1
7459 0
7460 3
7461 2
7462 1
7463 0
7464 3
7465 2
7466 1
7467 0
7468 3
7469 2
7470 1
7471 0
7472 3
7473 2
7474 1
7475 0
7476 3
7477 2
7478 1
7479 0
7480 3
7481 2
7482 1
7483 0
7484 3
7485 2
7486 1
7487 0
7488 3
7489 2
7490 1
7491 0
7492 3
7493 2
7494 1
7495 0
7496 3
7497 2
7498 1
7499 4
7500 0
7501 2
7502 1
7503 3
7504 0
7505 2
7506 1
7507 3
7508 0
7509 2
7510 1
7511 4
7512 3
7513 2
7514 1
7515 0
7516 3
7517 2
7518 1
7519 0
7520 3
7521 2
7522 1
7523 4
7524 0
7525 2
7526 1
7527 3
7528 0
7529 2
7530 1
7531 3
7532 0
7533 2
7534 1
7535 4
7536 3
7537 2
7538 1
7539 0
7540 3
7541 2
7542 1
7543 0
7544 3
7545 4
7546 2
7547 1
7548 0
7549 3
7550 2
7551 1
7552 0
7553 3
7554 2
7555 1
7556 0
7557 3
7558 2
7559 1
7560 0
7561 3
7562 2
7563 1
7564 0
7565 3
7566 2
7567 1
7568 0
7569 3
7570 2
7571 1
7572 0
7573 3
7574 2
7575 1
7576 0
7577 3
7578 2
7579 1
7580 0
7581 3
7582 2
7583 1
7584 0
7585 3
7586 2
7587 1
7588 0
7589 3
7590 2
7591 1
7592 0
7593 3
7594 4
7595 2
7596 1
7597 0
7598 3
7599 2
7600 1
7601 0
7602 3
7603 2
7604 1
7605 0
7606 3
7607 2
7608 1
7609 0
7610 3
7611 2
7612 1
7613 0
7614 3
7615 2
7616 1
7617 0
7618 3
7619 2
7620 1
7621 0
7622 3
7623 2
7624 1
7625 0
7626 3
7627 2
7628 1
7629 0
7630 3
7631 2
7632 1
7633 0
7634 3
7635 2
7636 1
7637 0
7638 3
7639 2
7640 1
7641 0
7642 3
7643 4
7644 2
7645 1
7646 0
7647 3
7648 2
7649 1
7650 0
7651 3
7652 2
7653 1
7654 0
7655 3
7656 2
7657 1
7658 0
7659 3
7660 2
7661 1
7662 0
7663 3
7664 2
7665 1
7666 0
7667 3
7668 2
7669 1
7670 0
7671 3
7672 2
7673 1
7674 0
7675 3
7676 2
7677 1
7678 0
7679 3
7680 2
7681 1
7682 0
7683 3
7684 2
7685 1
7686 0
7687 3
7688 2
7689 1
7690 0
7691 3
7692 2
7693 1
7694 4
7695 0
7696 2
7697 1
7698 3
7699 0
7700 2
7701 1
7702 3
7703 0
7704 2
7705 1
7706 4
7707 3
7708 2
7709 1
7710 0
7711 3
7712 2
7713 1
7714 0
7715 3
7716 2
7717 1
7718 4
7719 0
7720 2
7721 1
7722 3
7723 0
7724 2
7725 1
7726 3
7727 0
7728 2
7729 1
7730 4
7731 3
7732 2
7733 1
7734 0
7735 3
7736 2
7737 1
7738 0
7739 3
7740 4
7741 2
7742 1
7743 0
7744 3
7745 2
7746 1
7747 0
7748 3
7749 2
7750 1
7751 0
7752 3
7753 2
7754 1
7755 0
7756 3
7757 2
7758 1
7759 0
7760 3
7761 2
7762 1
7763 0
7764 3
7765 2
7766 1
7767 0
7768 3
7769 2
7770 1
7771 0
7772 3
7773 2
7774 1
7775 0
7776 3
7777 2
7778 1
7779 0
7780 3
7781 2
7782 1
7783 0
7784 3
7785 2
7786 1
7787 0
7788 3
7789 2
7790 1
7791 4
7792 0
7793 2
7794 1
7795 3
7796 0
7797 2
7798 1
7799 3
7800 0
7801 2
7802 1
7803 4
7804 3
7805 2
7806 1
7807 0
7808 3
7809 2
7810 1
7811 0
7812 3
7813 4
7814 2
7815 1
7816 0
7817 3
7818 2
7819 1
7820 0
7821 3
7822 2
7823 1
7824 0
7825 3
7826 2
7827 1
7828 0
7829 3
7830 2
7831 1
7832 0
7833 3
7834 2
7835 1
7836 0
7837 3
7838 4
7839 2
7840 1
7841 0
7842 3
7843 2
7844 1
7845 0
7846 3
7847 2
7848 1
7849 0
7850 3
7851 2
7852 1
7853 0
7854 3
7855 2
7856 1
7857 0
7858 3
7859 2
7860 1
7861 0
7862 3
7863 2
7864 1
7865 0
7866 3
7867 2
7868 1
7869 0
7870 3
7871 2
7872 1
7873 0
7874 3
7875 2
7876 1
7877 0
7878 3
7879 2
7880 1
7881 0
7882 3
7883 2
7884 1
7885 0
7886 3
7887 2
7888 1
7889 4
7890 0
7891 2
7892 1
7893 3
7894 0
7895 2
7896 1
7897 3
7898 0
7899 2
7900 1
7901 4
7902 3
7903 2
7904 1
7905 0
7906 3
7907 2
7908 1
7909 0
7910 3
7911 2
7912 1
7913 4
7914 0
7915 2
7916 1
7917 3
7918 0
7919 2
7920 1
7921 3
7922 0
7923 2
7924 1
7925 4
7926 3
7927 2
7928 1
7929 0
7930 3
7931 2
7932 1
7933 0
7934 3
7935 4
7936 2
7937 1
7938 0
7939 3
7940 2
7941 1
7942 0
7943 3
7944 2
7945 1
7946 0
7947 3
7948 2
7949 1
7950 0
7951 3
7952 2
7953 1
7954 0
7955 3
7956 2
7957 1
7958 0
7959 3
7960 2
7961 1
7962 0
7963 3
7964 2
7965 1
7966 0
7967 3
7968 2
7969 1
7970 0
7971 3
7972 2
7973 1
7974 0
7975 3
7976 2
7977 1
7978 0
7979 3
7980 2
7981 1
7982 0
7983 3
7984 4
7985 2
7986 1
7987 0
7988 3
7989 2
7990 1
7991 0
7992 3
7993 2
7994 1
7995 0
7996 3
7997 2
7998 1
7999 0
8000 3
8001 2
8002 1
8003 0
8004 3
8005 2
8006 1
8007 0
8008 3
8009 2
8010 1
8011 0
8012 3
8013 2
8014 1
8015 0
8016 3
8017 2
8018 1
8019 0
8020 3
8021 2
8022 1
8023 0
8024 3
8025 2
8026 1
8027 0
8028 3
8029 2
8030 1
8031 0
8032 3
8033 4
8034 2
8035 1
8036 0
8037 3
8038 2
8039 1
8040 0
8041 3
8042 2
8043 1
8044 0
8045 3
8046 2
8047 1
8048 0
8049 3
8050 2
8051 1
8052 0
8053 3
8054 2
8055 1
8056 0
8057 3
8058 2
8059 1
8060 0
8061 3
8062 2
8063 1
8064 0
8065 3
8066 2
8067 1
8068 0
8069 3
8070 2
8071 1
8072 0
8073 3
8074 2
8075 1
8076 0
8077 3
8078 2
8079 1
8080 0
8081 3
8082 2
8083 1
8084 4
8085 0
8086 2
8087 1
8088 3
8089 0
8090 2
8091 1
8092 3
8093 0
8094 2
8095 1
8096 4
8097 3
8098 2
8099 1
8100 0
8101 3
8102 2
8103 1
8104 0
8105 3
8106 4
8107 2
8108 1
8109 0
8110 3
8111 2
8112 1
8113 0
8114 3
8115 2
8116 1
8117 0
8118 3
8119 2
8120 1
8121 0
8122 3
8123 2
8124 1
8125 0
8126 3
8127 2
8128 1
8129 0
8130 3
8131 4
8132 2
8133 1
8134 0
8135 3
8136 2
8137 1
8138 0
8139 3
8140 2
8141 1
8142 0
8143 3
8144 2
8145 1
8146 0
8147 3
8148 2
8149 1
8150 0
8151 3
8152 2
8153 1
8154 0
8155 3
8156 2
8157 1
8158 0
8159 3
8160 2
8161 1
8162 0
8163 3
8164 2
8165 1
8166 0
8167 3
8168 2
8169 1
8170 0
8171 3
8172 2
8173 1
8174 0
8175 3
8176 2
8177 1
8178 0
8179 3
8180 2
8181 1
8182 4
8183 0
8184 2
8185 1
8186 3
8187 0
8188 2
8189 1
8190 3
8191 0
8192 2
8193 1
8194 4
8195 3
8196 2
8197 1
8198 0
8199 3
8200 2
8201 1
8202 0
8203 3
8204 4
8205 2
8206 1
8207 0
8208 3
8209 2
8210 1
8211 0
8212 3
8213 2
8214 1
8215 0
8216 3
8217 2
8218 1
8219 0
8220 3
8221 2
8222 1
8223 0
8224 3
8225 2
8226 1
8227 0
8228 3
8229 4
8230 2
8231 1
8232 0
8233 3
8234 2
8235 1
8236 0
8237 3
8238 2
8239 1
8240 0
8241 3
8242 2
8243 1
8244 0
8245 3
8246 2
8247 1
8248 0
8249 3
8250 2
8251 1
8252 0
8253 3
8254 2
8255 1
8256 0
8257 3
8258 2
8259 1
8260 0
8261 3
8262 2
8263 1
8264 0
8265 3
8266 2
8267 1
8268 0
8269 3
8270 2
8271 1
8272 0
8273 3
8274 2
8275 1
8276 0
8277 3
8278 2
8279 1
8280 4
8281 0
8282 2
8283 1
8284 3
8285 0
8286 2
8287 1
8288 3
8289 0
8290 2
8291 1
8292 4
8293 3
8294 2
8295 1
8296 0
8297 3
8298 2
8299 1
8300 0
8301 3
8302 2
8303 1
8304 4
8305 0
8306 2
8307 1
8308 3
8309 0
8310 2
8311 1
8312 3
8313 0
8314 2
8315 1
8316 4
8317 3
8318 2
8319 1
8320 0
8321 3
8322 2
8323 1
8324 0
8325 3
8326 4
8327 2
8328 1
8329 0
8330 3
8331 2
8332 1
8333 0
8334 3
8335 2
8336 1
8337 0
8338 3
8339 2
8340 1
8341 0
8342 3
8343 2
8344 1
8345 0
8346 3
8347 2
8348 1
8349 0
8350 3
8351 2
8352 1
8353 0
8354 3
8355 2
8356 1
8357 0
8358 3
8359 2
8360 1
8361 0
8362 3
8363 2
8364 1
8365 0
8366 3
8367 2
8368 1
8369 0
8370 3
8371 2
8372 1
8373 0
8374 3
8375 4
8376 2
8377 1
8378 0
8379 3
8380 2
8381 1
8382 0
8383 3
8384 2
8385 1
8386 0
8387 3
8388 2
8389 1
8390 0
8391 3
8392 2
8393 1
8394 0
8395 3
8396 2
8397 1
8398 0
8399 3
8400 2
8401 1
8402 0
8403 3
8404 2
8405 1
8406 0
8407 3
8408 2
8409 1
8410 0
8411 3
8412 2
8413 1
8414 0
8415 3
8416 2
8417 1
8418 0
8419 3
8420 2
8421 1
8422 0
8423 3
8424 4
8425 2
8426 1
8427 0
8428 3
8429 2
8430 1
8431 0
8432 3
8433 2
8434 1
8435 0
8436 3
8437 2
8438 1
8439 0
8440 3
8441 2
8442 1
8443 0
8444 3
8445 2
8446 1
8447 0
8448 3
8449 2
8450 1
8451 0
8452 3
8453 2
8454 1
8455 0
8456 3
8457 2
8458 1
8459 0
8460 3
8461 2
8462 1
8463 0
8464 3
8465 2
8466 1
8467 0
8468 3
8469 2
8470 1
8471 0
8472 3
8473 2
8474 1
8475 4
8476 0
8477 2
8478 1
8479 3
8480 0
8481 2
8482 1
8483 3
8484 0
8485 2
8486 1
8487 4
8488 3
8489 2
8490 1
8491 0
8492 3
8493 2
8494 1
8495 0
8496 3
8497 2
8498 1
8499 4
8500 0
8501 2
8502 1
8503 3
8504 0
8505 2
8506 1
8507 3
8508 0
8509 2
8510 1
8511 4
8512 3
8513 2
8514 1
8515 0
8516 3
8517 2
8518 1
8519 0
8520 3
8521 4
8522 2
8523 1
8524 0
8525 3
8526 2
8527 1
8528 0
8529 3
8530 2
8531 1
8532 0
8533 3
8534 2
8535 1
8536 0
8537 3
8538 2
8539 1
8540 0
8541 3
8542 2
8543 1
8544 0
8545 3
8546 2
8547 1
8548 0
8549 3
8550 2
8551 1
8552 0
8553 3
8554 2
8555 1
8556 0
8557 3
8558 2
8559 1
8560 0
8561 3
8562 2
8563 1
8564 0
8565 3
8566 2
8567 1
8568 0
8569 3
8570 4
8571 2
8572 1
8573 0
8574 3
8575 2
8576 1
8577 0
8578 3
8579 2
8580 1
8581 0
8582 3
8583 2
8584 1
8585 0
8586 3
8587 2
8588 1
8589 0
8590 3
8591 2
8592 1
8593 0
8594 3
8595 2
8596 1
8597 0
8598 3
8599 2
8600 1
8601 0
8602 3
8603 2
8604 1
8605 0
8606 3
8607 2
8608 1
8609 0
8610 3
8611 2
8612 1
8613 0
8614 3
8615 2
8616 1
8617 0
8618 3
8619 4
8620 2
8621 1
8622 0
8623 3
8624 2
8625 1
8626 0
8627 3
8628 2
8629 1
8630 0
8631 3
8632 2
8633 1
8634 0
8635 3
8636 2
8637 1
8638 0
8639 3
8640 2
8641 1
8642 0
8643 3
8644 2
8645 1
8646 0
8647 3
8648 2
8649 1
8650 0
8651 3
8652 2
8653 1
8654 0
8655 3
8656 2
8657 1
8658 0
8659 3
8660 2
8661 1
8662 0
8663 3
8664 2
8665 1
8666 0
8667 3
8668 2
8669 1
8670 4
8671 0
8672 2
8673 1
8674 3
8675 0
8676 2
8677 1
8678 3
8679 0
8680 2
8681 1
8682 4
8683 3
8684 2
8685 1
8686 0
8687 3
8688 2
8689 1
8690 0
8691 3
8692 2
8693 1
8694 4
8695 0
8696 2
8697 1
8698 3
8699 0
8700 2
8701 1
8702 3
8703 0
8704 2
8705 1
8706 4
8707 3
8708 2
8709 1
8710 0
8711 3
8712 2
8713 1
8714 0
8715 3
8716 4
8717 2
8718 1
8719 0
8720 3
8721 2
8722 1
8723 0
8724 3
8725 2
8726 1
8727 0
8728 3
8729 2
8730 1
8731 0
8732 3
8733 2
8734 1
8735 0
8736 3
8737 2
8738 1
8739 0
8740 3
8741 2
8742 1
8743 0
8744 3
8745 2
8746 1
8747 0
8748 3
8749 2
8750 1
8751 0
8752 3
8753 2
8754 1
8755 0
8756 3
8757 2
8758 1
8759 0
8760 3
8761 2
8762 1
8763 0
8764 3
8765 4
8766 2
8767 1
8768 0
8769 3
8770 2
8771 1
8772 0
8773 3
8774 2
8775 1
8776 0
8777 3
8778 2
8779 1
8780 0
8781 3
8782 2
8783 1
8784 0
8785 3
8786 2
8787 1
8788 0
8789 3
8790 2
8791 1
8792 0
8793 3
8794 2
8795 1
8796 0
8797 3
8798 2
8799 1
8800 0
8801 3
8802 2
8803 1
8804 0
8805 3
8806 2
8807 1
8808 0
8809 3
8810 2
8811 1
8812 0
8813 3
8814 4
8815 2
8816 1
8817 0
8818 3
8819 2
8820 1
8821 0
8822 3
8823 2
8824 1
8825 0
8826 3
8827 2
8828 1
8829 0
8830 3
8831 2
8832 1
8833 0
8834 3
8835 2
8836 1
8837 0
8838 3
8839 2
8840 1
8841 0
8842 3
8843 2
8844 1
8845 0
8846 3
8847 2
8848 1
8849 0
8850 3
8851 2
8852 1
8853 0
8854 3
8855 2
8856 1
8857 0
8858 3
8859 2
8860 1
8861 0
8862 3
8863 2
8864 1
8865 4
8866 0
8867 2
8868 1
8869 3
8870 0
8871 2
8872 1
8873 3
8874 0
8875 2
8876 1
8877 4
8878 3
8879 2
8880 1
8881 0
8882 3
8883 2
8884 1
8885 0
8886 3
8887 4
8888 2
8889 1
8890 0
8891 3
8892 2
8893 1
8894 0
8895 3
8896 2
8897 1
8898 0
8899 3
8900 2
8901 1
8902 0
8903 3
8904 2
8905 1
8906 0
8907 3
8908 2
8909 1
8910 0
8911 3
8912 4
8913 2
8914 1
8915 0
8916 3
8917 2
8918 1
8919 0
8920 3
8921 2
8922 1
8923 0
8924 3
8925 2
8926 1
8927 0
8928 3
8929 2
8930 1
8931 0
8932 3
8933 2
8934 1
8935 0
8936 3
8937 2
8938 1
8939 0
8940 3
8941 2
8942 1
8943 0
8944 3
8945 2
8946 1
8947 0
8948 3
8949 2
8950 1
8951 0
8952 3
8953 2
8954 1
8955 0
8956 3
8957 2
8958 1
8959 0
8960 3
8961 2
8962 1
8963 4
8964 0
8965 2
8966 1
8967 3
8968 0
8969 2
8970 1
8971 3
8972 0
8973 2
8974 1
8975 4
8976 3
8977 2
8978 1
8979 0
8980 3
8981 2
8982 1
8983 0
8984 3
8985 4
8986 2
8987 1
8988 0
8989 3
8990 2
8991 1
8992 0
8993 3
8994 2
8995 1
8996 0
8997 3
8998 2
8999 1
9000 0
9001 3
9002 2
9003 1
9004 0
9005 3
9006 2
9007 1
9008 0
9009 3
9010 4
9011 2
9012 1
9013 0
9014 3
9015 2
9016 1
9017 0
9018 3
9019 2
9020 1
9021 0
9022 3
9023 2
9024 1
9025 0
9026 3
9027 2
9028 1
9029 0
9030 3
9031 2
9032 1
9033 0
9034 3
9035 2
9036 1
9037 0
9038 3
9039 2
9040 1
9041 0
9042 3
9043 2
9044 1
9045 0
9046 3
9047 2
9048 1
9049 0
9050 3
9051 2
9052 1
9053 0
9054 3
9055 2
9056 1
9057 0
9058 3
9059 2
9060 1
9061 4
9062 0
9063 2
9064 1
9065 3
9066 0
9067 2
9068 1
9069 3
9070 0
9071 2
9072 1
9073 4
9074 3
9075 2
9076 1
9077 0
9078 3
9079 2
9080 1
9081 0
9082 3
9083 2
9084 1
9085 4
9086 0
9087 2
9088 1
9089 3
9090 0
9091 2
9092 1
9093 3
9094 0
9095 2
9096 1
9097 4
9098 3
9099 2
9100 1
9101 0
9102 3
9103 2
9104 1
9105 0
9106 3
9107 4
9108 2
9109 1
9110 0
9111 3
9112 2
9113 1
9114 0
9115 3
9116 2
9117 1
9118 0
9119 3
9120 2
9121 1
9122 0
9123 3
9124 2
9125 1
9126 0
9127 3
9128 2
9129 1
9130 0
9131 3
9132 2
9133 1
9134 0
9135 3
9136 2
9137 1
9138 0
9139 3
9140 2
9141 1
9142 0
9143 3
9144 2
9145 1
9146 0
9147 3
9148 2
9149 1
9150 0
9151 3
9152 2
9153 1
9154 0
9155 3
9156 4
9157 2
9158 1
9159 0
9160 3
9161 2
9162 1
9163 0
9164 3
9165 2
9166 1
9167 0
9168 3
9169 2
9170 1
9171 0
9172 3
9173 2
9174 1
9175 0
9176 3
9177 2
9178 1
9179 0
9180 3
9181 2
9182 1
9183 0
9184 3
9185 2
9186 1
9187 0
9188 3
9189 2
9190 1
9191 0
9192 3
9193 2
9194 1
9195 0
9196 3
9197 2
9198 1
9199 0
9200 3
9201 2
9202 1
9203 0
9204 3
9205 4
9206 2
9207 1
9208 0
9209 3
9210 2
9211 1
9212 0
9213 3
9214 2
9215 1
9216 0
9217 3
9218 2
9219 1
9220 0
9221 3
9222 2
9223 1
9224 0
9225 3
9226 2
9227 1
9228 0
9229 3
9230 2
9231 1
9232 0
9233 3
9234 2
9235 1
9236 0
9237 3
9238 2
9239 1
9240 0
9241 3
9242 2
9243 1
9244 0
9245 3
9246 2
9247 1
9248 0
9249 3
9250 2
9251 1
9252 0
9253 3
9254 2
9255 1
9256 4
9257 0
9258 2
9259 1
9260 3
9261 0
9262 2
9263 1
9264 3
9265 0
9266 2
9267 1
9268 4
9269 3
9270 2
9271 1
9272 0
9273 3
9274 2
9275 1
9276 0
9277 3
9278 2
9279 1
9280 4
9281 0
9282 2
9283 1
9284 3
9285 0
9286 2
9287 1
9288 3
9289 0
9290 2
9291 1
9292 4
9293 3
9294 2
9295 1
9296 0
9297 3
9298 2
9299 1
9300 0
9301 3
9302 4
9303 2
9304 1
9305 0
9306 3
9307 2
9308 1
9309 0
9310 3
9311 2
9312 1
9313 0
9314 3
9315 2
9316 1
9317 0
9318 3
9319 2
9320 1
9321 0
9322 3
9323 2
9324 1
9325 0
9326 3
9327 2
9328 1
9329 0
9330 3
9331 2
9332 1
9333 0
9334 3
9335 2
9336 1
9337 0
9338 3
9339 2
9340 1
9341 0
9342 3
9343 2
9344 1
9345 0
9346 3
9347 2
9348 1
9349 0
9350 3
9351 4
9352 2
9353 1
9354 0
9355 3
9356 2
9357 1
9358 0
9359 3
9360 2
9361 1
9362 0
9363 3
9364 2
9365 1
9366 0
9367 3
9368 2
9369 1
9370 0
9371 3
9372 2
9373 1
9374 0
9375 3
9376 2
9377 1
9378 0
9379 3
9380 2
9381 1
9382 0
9383 3
9384 2
9385 1
9386 0
9387 3
9388 2
9389 1
9390 0
9391 3
9392 2
9393 1
9394 0
9395 3
9396 2
9397 1
9398 0
9399 3
9400 4
9401 2
9402 1
9403 0
9404 3
9405 2
9406 1
9407 0
9408 3
9409 2
9410 1
9411 0
9412 3
9413 2
9414 1
9415 0
9416 3
9417 2
9418 1
9419 0
9420 3
9421 2
9422 1
9423 0
9424 3
9425 2
9426 1
9427 0
9428 3
9429 2
9430 1
9431 0
9432 3
9433 2
9434 1
9435 0
9436 3
9437 2
9438 1
9439 0
9440 3
9441 2
9442 1
9443 0
9444 3
9445 2
9446 1
9447 0
9448 3
9449 2
9450 1
9451 4
9452 0
9453 2
9454 1
9455 3
9456 0
9457 2
9458 1
9459 3
9460 0
9461 2
9462 1
9463 4
9464 3
9465 2
9466 1
9467 0
9468 3
9469 2
9470 1
9471 0
9472 3
9473 2
9474 1
9475 4
9476 0
9477 2
9478 1
9479 3
9480 0
9481 2
9482 1
9483 3
9484 0
9485 2
9486 1
9487 4
9488 3
9489 2
9490 1
9491 0
9492 3
9493 2
9494 1
9495 0
9496 3
9497 4
9498 2
9499 1
9500 0
9501 3
9502 2
9503 1
9504 0
9505 3
9506 2
9507 1
9508 0
9509 3
9510 2
9511 1
9512 0
9513 3
9514 2
9515 1
9516 0
9517 3
9518 2
9519 1
9520 0
9521 3
9522 2
9523 1
9524 0
9525 3
9526 2
9527 1
9528 0
9529 3
9530 2
9531 1
9532 0
9533 3
9534 2
9535 1
9536 0
9537 3
9538 2
9539 1
9540 0
9541 3
9542 2
9543 1
9544 0
9545 3
9546 4
9547 2
9548 1
9549 0
9550 3
9551 2
9552 1
9553 0
9554 3
9555 2
9556 1
9557 0
9558 3
9559 2
9560 1
9561 0
9562 3
9563 2
9564 1
9565 0
9566 3
9567 2
9568 1
9569 0
9570 3
9571 2
9572 1
9573 0
9574 3
9575 2
9576 1
9577 0
9578 3
9579 2
9580 1
9581 0
9582 3
9583 2
9584 1
9585 0
9586 3
9587 2
9588 1
9589 0
9590 3
9591 2
9592 1
9593 0
9594 3
9595 4
9596 2
9597 1
9598 0
9599 3
9600 2
9601 1
9602 0
9603 3
9604 2
9605 1
9606 0
9607 3
9608 2
9609 1
9610 0
9611 3
9612 2
9613 1
9614 0
9615 3
9616 2
9617 1
9618 0
9619 3
9620 2
9621 1
9622 0
9623 3
9624 2
9625 1
9626 0
9627 3
9628 2
9629 1
9630 0
9631 3
9632 2
9633 1
9634 0
9635 3
9636 2
9637 1
9638 0
9639 3
9640 2
9641 1
9642 0
9643 3
9644 2
9645 1
9646 4
9647 0
9648 2
9649 1
9650 3
9651 0
9652 2
9653 1
9654 3
9655 0
9656 2
9657 1
9658 4
9659 3
9660 2
9661 1
9662 0
9663 3
9664 2
9665 1
9666 0
9667 3
9668 4
9669 2
9670 1
9671 0
9672 3
9673 2
9674 1
9675 0
9676 3
9677 2
9678 1
9679 0
9680 3
9681 2
9682 1
9683 0
9684 3
9685 2
9686 1
9687 0
9688 3
9689 2
9690 1
9691 0
9692 3
9693 4
9694 2
9695 1
9696 0
9697 3
9698 2
9699 1
9700 0
9701 3
9702 2
9703 1
9704 0
9705 3
9706 2
9707 1
9708 0
9709 3
9710 2
9711 1
9712 0
9713 3
9714 2
9715 1
9716 0
9717 3
9718 2
9719 1
9720 0
9721 3
9722 2
9723 1
9724 0
9725 3
9726 2
9727 1
9728 0
9729 3
9730 2
9731 1
9732 0
9733 3
9734 2
9735 1
9736 0
9737 3
9738 2
9739 1
9740 0
9741 3
9742 2
9743 1
9744 4
9745 0
9746 2
9747 1
9748 3
9749 0
9750 2
9751 1
9752 3
9753 0
9754 2
9755 1
9756 4
9757 3
9758 2
9759 1
9760 0
9761 3
9762 2
9763 1
9764 0
9765 3
9766 4
9767 2
9768 1
9769 0
9770 3
9771 2
9772 1
9773 0
9774 3
9775 2
9776 1
9777 0
9778 3
9779 2
9780 1
9781 0
9782 3
9783 2
9784 1
9785 0
9786 3
9787 2
9788 1
9789 0
9790 3
9791 4
9792 2
9793 1
9794 0
9795 3
9796 2
9797 1
9798 0
9799 3
9800 2
9801 1
9802 0
9803 3
9804 2
9805 1
9806 0
9807 3
9808 2
9809 1
9810 0
9811 3
9812 2
9813 1
9814 0
9815 3
9816 2
9817 1
9818 0
9819 3
9820 2
9821 1
9822 0
9823 3
9824 2
9825 1
9826 0
9827 3
9828 2
9829 1
9830 0
9831 3
9832 2
9833 1
9834 0
9835 3
9836 2
9837 1
9838 0
9839 3
9840 2
9841 1
9842 4
9843 0
9844 2
9845 1
9846 3
9847 0
9848 2
9849 1
9850 3
9851 0
9852 2
9853 1
9854 4
9855 3
9856 2
9857 1
9858 0
9859 3
9860 2
9861 1
9862 0
9863 3
9864 2
9865 1
9866 4
9867 0
9868 2
9869 1
9870 3
9871 0
9872 2
9873 1
9874 3
9875 0
9876 2
9877 1
9878 4
9879 3
9880 2
9881 1
9882 0
9883 3
9884 2
9885 1
9886 0
9887 3
9888 4
9889 2
9890 1
9891 0
9892 3
9893 2
9894 1
9895 0
9896 3
9897 2
9898 1
9899 0
9900 3
9901 2
9902 1
9903 0
9904 3
9905 2
9906 1
9907 0
9908 3
9909 2
9910 1
9911 0
9912 3
9913 2
9914 1
9915 0
9916 3
9917 2
9918 1
9919 0
9920 3
9921 2
9922 1
9923 0
9924 3
9925 2
9926 1
9927 0
9928 3
9929 2
9930 1
9931 0
9932 3
9933 2
9934 1
9935 0
9936 3
9937 4
9938 2
9939 1
9940 0
9941 3
9942 2
9943 1
9944 0
9945 3
9946 2
9947 1
9948 0
9949 3
9950 2
9951 1
9952 0
9953 3
9954 2
9955 1
9956 0
9957 3
9958 2
9959 1
9960 0
9961 3
9962 2
9963 1
9964 0
9965 3
9966 2
9967 1
9968 0
9969 3
9970 2
9971 1
9972 0
9973 3
9974 2
9975 1
9976 0
9977 3
9978 2
9979 1
9980 0
9981 3
9982 2
9983 1
9984 0
9985 3
9986 4
9987 2
9988 1
9989 0
9990 3
9991 2
9992 1
9993 0
9994 3
9995 2
9996 1
9997 0
9998 3
9999 2
10000 1
10001 0
10002 3
10003 2
10004 1
10005 0
10006 3
10007 2
10008 1
10009 0
10010 3
10011 2
10012 1
10013 0
10014 3
10015 2
10016 1
10017 0
10018 3
10019 2
10020 1
10021 0
10022 3
10023 2
10024 1
10025 0
10026 3
10027 2
10028 1
10029 0
10030 3
10031 2
10032 1
10033 0
10034 3
10035 2
10036 1
10037 4
10038 0
10039 2
10040 1
10041 3
10042 0
10043 2
10044 1
10045 3
10046 0
10047 2
10048 1
10049 4
10050 3
10051 2
10052 1
10053 0
10054 3
10055 2
10056 1
10057 0
10058 3
10059 2
10060 1
10061 4
10062 0
10063 2
10064 1
10065 3
10066 0
10067 2
10068 1
10069 3
10070 0
10071 2
10072 1
10073 4
10074 3
10075 2
10076 1
10077 0
10078 3
10079 2
10080 1
10081 0
10082 3
10083 4
10084 2
10085 1
10086 0
10087 3
10088 2
10089 1
10090 0
10091 3
10092 2
10093 1
10094 0
10095 3
10096 2
10097 1
10098 0
10099 3
10100 2
10101 1
10102 0
10103 3
10104 2
10105 1
10106 0
10107 3
10108 2
10109 1
10110 0
10111 3
10112 2
10113 1
10114 0
10115 3
10116 2
10117 1
10118 0
10119 3
10120 2
10121 1
10122 0
10123 3
10124 2
10125 1
10126 0
10127 3
10128 2
10129 1
10130 0
10131 3
10132 4
10133 2
10134 1
10135 0
10136 3
10137 2
10138 1
10139 0
10140 3
10141 2
10142 1
10143 0
10144 3
10145 2
10146 1
10147 0
10148 3
10149 2
10150 1
10151 0
10152 3
10153 2
10154 1
10155 0
10156 3
10157 2
10158 1
10159 0
10160 3
10161 2
10162 1
10163 0
10164 3
10165 2
10166 1
10167 0
10168 3
10169 2
10170 1
10171 0
10172 3
10173 2
10174 1
10175 0
10176 3
10177 2
10178 1
10179 0
10180 3
10181 4
10182 2
10183 1
10184 0
10185 3
10186 2
10187 1
10188 0
10189 3
10190 2
10191 1
10192 0
10193 3
10194 2
10195 1
10196 0
10197 3
10198 2
10199 1
10200 0
10201 3
10202 2
10203 1
10204 0
10205 3
10206 2
10207 1
10208 0
10209 3
10210 2
10211 1
10212 0
10213 3
10214 2
10215 1
10216 0
10217 3
10218 2
10219 1
10220 0
10221 3
10222 2
10223 1
10224 0
10225 3
10226 2
10227 1
10228 0
10229 3
10230 2
10231 1
10232 4
10233 0
10234 2
10235 1
10236 3
10237 0
10238 2
10239 1
10240 3
10241 0
10242 2
10243 1
10244 4
10245 3
10246 2
10247 1
10248 0
10249 3
10250 2
10251 1
10252 0
10253 3
10254 2
10255 1
10256 4
10257 0
10258 2
10259 1
10260 3
10261 0
10262 2
10263 1
10264 3
10265 0
10266 2
10267 1
10268 4
10269 3
10270 2
10271 1
10272 0
10273 3
10274 2
10275 1
10276 0
10277 3
10278 4
10279 2
10280 1
10281 0
10282 3
10283 2
10284 1
10285 0
10286 3
10287 2
10288 1
10289 0
10290 3
10291 2
10292 1
10293 0
10294 3
10295 2
10296 1
10297 0
10298 3
10299 2
10300 1
10301 0
10302 3
10303 2
10304 1
10305 0
10306 3
10307 2
10308 1
10309 0
10310 3
10311 2
10312 1
10313 0
10314 3
10315 2
10316 1
10317 0
10318 3
10319 2
10320 1
10321 0
10322 3
10323 2
10324 1
10325 0
10326 3
10327 4
10328 2
10329 1
10330 0
10331 3
10332 2
10333 1
10334 0
10335 3
10336 2
10337 1
10338 0
10339 3
10340 2
10341 1
10342 0
10343 3
10344 2
10345 1
10346 0
10347 3
10348 2
10349 1
10350 0
10351 3
10352 2
10353 1
10354 0
10355 3
10356 2
10357 1
10358 0
10359 3
10360 2
10361 1
10362 0
10363 3
10364 2
10365 1
10366 0
10367 3
10368 2
10369 1
10370 0
10371 3
10372 2
10373 1
10374 0
10375 3
10376 4
10377 2
10378 1
10379 0
10380 3
10381 2
10382 1
10383 0
10384 3
10385 2
10386 1
10387 0
10388 3
10389 2
10390 1
10391 0
10392 3
10393 2
10394 1
10395 0
10396 3
10397 2
10398 1
10399 0
10400 3
10401 2
10402 1
10403 0
10404 3
10405 2
10406 1
10407 0
10408 3
10409 2
10410 1
10411 0
10412 3
10413 2
10414 1
10415 0
10416 3
10417 2
10418 1
10419 0
10420 3
10421 2
10422 1
10423 0
10424 3
10425 2
10426 1
10427 4
10428 0
10429 2
10430 1
10431 3
10432 0
10433 2
10434 1
10435 3
10436 0
10437 2
10438 1
10439 4
10440 3
10441 2
10442 1
10443 0
10444 3
10445 2
10446 1
10447 0
10448 3
10449 4
10450 2
10451 1
10452 0
10453 3
10454 2
10455 1
10456 0
10457 3
10458 2
10459 1
10460 0
10461 3
10462 2
10463 1
10464 0
10465 3
10466 2
10467 1
10468 0
10469 3
10470 2
10471 1
10472 0
10473 3
10474 4
10475 2
10476 1
10477 0
10478 3
10479 2
10480 1
10481 0
10482 3
10483 2
10484 1
10485 0
10486 3
10487 2
10488 1
10489 0
10490 3
10491 2
10492 1
10493 0
10494 3
10495 2
10496 1
10497 0
10498 3
10499 2
10500 1
10501 0
10502 3
10503 2
10504 1
10505 0
10506 3
10507 2
10508 1
10509 0
10510 3
10511 2
10512 1
10513 0
10514 3
10515 2
10516 1
10517 0
10518 3
10519 2
10520 1
10521 0
10522 3
10523 2
10524 1
10525 4
10526 0
10527 2
10528 1
10529 3
10530 0
10531 2
10532 1
10533 3
10534 0
10535 2
10536 1
10537 4
10538 3
10539 2
10540 1
10541 0
10542 3
10543 2
10544 1
10545 0
10546 3
10547 4
10548 2
10549 1
10550 0
10551 3
10552 2
10553 1
10554 0
10555 3
10556 2
10557 1
10558 0
10559 3
10560 2
10561 1
10562 0
10563 3
10564 2
10565 1
10566 0
10567 3
10568 2
10569 1
10570 0
10571 3
10572 4
10573 2
10574 1
10575 0
10576 3
10577 2
10578 1
10579 0
10580 3
10581 2
10582 1
10583 0
10584 3
10585 2
10586 1
10587 0
10588 3
10589 2
10590 1
10591 0
10592 3
10593 2
10594 1
10595 0
10596 3
10597 2
10598 1
10599 0
10600 3
10601 2
10602 1
10603 0
10604 3
10605 2
10606 1
10607 0
10608 3
10609 2
10610 1
10611 0
10612 3
10613 2
10614 1
10615 0
10616 3
10617 2
10618 1
10619 0
10620 3
10621 2
10622 1
10623 4
10624 0
10625 2
10626 1
10627 3
10628 0
10629 2
10630 1
10631 3
10632 0
10633 2
10634 1
10635 4
10636 3
10637 2
10638 1
10639 0
10640 3
10641 2
10642 1
10643 0
10644 3
10645 2
10646 1
10647 4
10648 0
10649 2
10650 1
10651 3
10652 0
10653 2
10654 1
10655 3
10656 0
10657 2
10658 1
10659 4
10660 3
10661 2
10662 1
10663 0
10664 3
10665 2
10666 1
10667 0
10668 3
10669 4
10670 2
10671 1
10672 0
10673 3
10674 2
10675 1
10676 0
10677 3
10678 2
10679 1
10680 0
10681 3
10682 2
10683 1
10684 0
10685 3
10686 2
10687 1
10688 0
10689 3
10690 2
10691 1
10692 0
10693 3
10694 2
10695 1
10696 0
10697 3
10698 2
10699 1
10700 0
10701 3
10702 2
10703 1
10704 0
10705 3
10706 2
10707 1
10708 0
10709 3
10710 2
10711 1
10712 0
10713 3
10714 2
10715 1
10716 0
10717 3
10718 4
10719 2
10720 1
10721 0
10722 3
10723 2
10724 1
10725 0
10726 3
10727 2
10728 1
10729 0
10730 3
10731 2
10732 1
10733 0
10734 3
10735 2
10736 1
10737 0
10738 3
10739 2
10740 1
10741 0
10742 3
10743 2
10744 1
10745 0
10746 3
10747 2
10748 1
10749 0
10750 3
10751 2
10752 1
10753 0
10754 3
10755 2
10756 1
10757 0
10758 3
10759 2
10760 1
10761 0
10762 3
10763 2
10764 1
10765 0
10766 3
10767 4
10768 2
10769 1
10770 0
10771 3
10772 2
10773 1
10774 0
10775 3
10776 2
10777 1
10778 0
10779 3
10780 2
10781 1
10782 0
10783 3
10784 2
10785 1
10786 0
10787 3
10788 2
10789 1
10790 0
10791 3
10792 2
10793 1
10794 0
10795 3
10796 2
10797 1
10798 0
10799 3
10800 2
10801 1
10802 0
10803 3
10804 2
10805 1
10806 0
10807 3
10808 2
10809 1
10810 0
10811 3
10812 2
10813 1
10814 0
10815 3
10816 2
10817 1
10818 4
10819 0
10820 2
10821 1
10822 3
10823 0
10824 2
10825 1
10826 3
10827 0
10828 2
10829 1
10830 4
10831 3
10832 2
10833 1
10834 0
10835 3
10836 2
10837 1
10838 0
10839 3
10840 4
10841 2
10842 1
10843 0
10844 3
10845 2
10846 1
10847 0
10848 3
10849 2
10850 1
10851 0
10852 3
10853 2
10854 1
10855 0
10856 3
10857 2
10858 1
10859 0
10860 3
10861 2
10862 1
10863 0
10864 3
10865 4
10866 2
10867 1
10868 0
10869 3
10870 2
10871 1
10872 0
10873 3
10874 2
10875 1
10876 0
10877 3
10878 2
10879 1
10880 0
10881 3
10882 2
10883 1
10884 0
10885 3
10886 2
10887 1
10888 0
10889 3
10890 2
10891 1
10892 0
10893 3
10894 2
10895 1
10896 0
10897 3
10898 2
10899 1
10900 0
10901 3
10902 2
10903 1
10904 0
10905 3
10906 2
10907 1
10908 0
10909 3
10910 2
10911 1
10912 0
10913 3
10914 2
10915 1
10916 4
10917 0
10918 2
10919 1
10920 3
10921 0
10922 2
10923 1
10924 3
10925 0
10926 2
10927 1
10928 4
10929 3
10930 2
10931 1
10932 0
10933 3
10934 2
10935 1
10936 0
10937 3
10938 4
10939 2
10940 1
10941 0
10942 3
10943 2
10944 1
10945 0
10946 3
10947 2
10948 1
10949 0
10950 3
10951 2
10952 1
10953 0
10954 3
10955 2
10956 1
10957 0
10958 3
10959 2
10960 1
10961 0
10962 3
10963 4
10964 2
10965 1
10966 0
10967 3
10968 2
10969 1
10970 0
10971 3
10972 2
10973 1
10974 0
10975 3
10976 2
10977 1
10978 0
10979 3
10980 2
10981 1
10982 0
10983 3
10984 2
10985 1
10986 0
10987 3
10988 2
10989 1
10990 0
10991 3
10992 2
10993 1
10994 0
10995 3
10996 2
10997 1
10998 0
10999 3
11000 2
11001 1
11002 0
11003 3
11004 2
11005 1
11006 0
11007 3
11008 2
11009 1
11010 0
11011 3
11012 2
11013 1
11014 4
11015 0
11016 2
11017 1
11018 3
11019 0
11020 2
11021 1
11022 3
11023 0
11024 2
11025 1
11026 4
11027 3
11028 2
11029 1
11030 0
11031 3
11032 2
11033 1
11034 0
11035 3
11036 2
11037 1
11038 4
11039 0
11040 2
11041 1
11042 3
11043 0
11044 2
11045 1
11046 3
11047 0
11048 2
11049 1
11050 4
11051 3
11052 2
11053 1
11054 0
11055 3
11056 2
11057 1
11058 0
11059 3
11060 4
11061 2
11062 1
11063 0
11064 3
11065 2
11066 1
11067 0
11068 3
11069 2
11070 1
11071 0
11072 3
11073 2
11074 1
11075 0
11076 3
11077 2
11078 1
11079 0
11080 3
11081 2
11082 1
11083 0
11084 3
11085 2
11086 1
11087 0
11088 3
11089 2
11090 1
11091 0
11092 3
11093 2
11094 1
11095 0
11096 3
11097 2
11098 1
11099 0
11100 3
11101 2
11102 1
11103 0
11104 3
11105 2
11106 1
11107 0
11108 3
11109 4
11110 2
11111 1
11112 0
11113 3
11114 2
11115 1
11116 0
11117 3
11118 2
11119 1
11120 0
11121 3
11122 2
11123 1
11124 0
11125 3
11126 2
11127 1
11128 0
11129 3
11130 2
11131 1
11132 0
11133 3
11134 2
11135 1
11136 0
11137 3
11138 2
11139 1
11140 0
11141 3
11142 2
11143 1
11144 0
11145 3
11146 2
11147 1
11148 0
11149 3
11150 2
11151 1
11152 0
11153 3
11154 2
11155 1
11156 0
11157 3
11158 4
11159 2
11160 1
11161 0
11162 3
11163 2
11164 1
11165 0
11166 3
11167 2
11168 1
11169 0
11170 3
11171 2
11172 1
11173 0
11174 3
11175 2
11176 1
11177 0
11178 3
11179 2
11180 1
11181 0
11182 3
11183 2
11184 1
11185 0
11186 3
11187 2
11188 1
11189 0
11190 3
11191 2
11192 1
11193 0
11194 3
11195 2
11196 1
11197 0
11198 3
11199 2
11200 1
11201 0
11202 3
11203 2
11204 1
11205 0
11206 3
11207 2
11208 1
11209 4
11210 0
11211 2
11212 1
11213 3
11214 0
11215 2
11216 1
11217 3
11218 0
11219 2
11220 1
11221 4
11222 3
11223 2
11224 1
11225 0
11226 3
11227 2
11228 1
11229 0
11230 3
11231 4
11232 2
11233 1
11234 0
11235 3
11236 2
11237 1
11238 0
11239 3
11240 2
11241 1
11242 0
11243 3
11244 2
11245 1
11246 0
11247 3
11248 2
11249 1
11250 0
11251 3
11252 2
11253 1
11254 0
11255 3
11256 4
11257 2
11258 1
11259 0
11260 3
11261 2
11262 1
11263 0
11264 3
11265 2
11266 1
11267 0
11268 3
11269 2
11270 1
11271 0
11272 3
11273 2
11274 1
11275 0
11276 3
11277 2
11278 1
11279 0
11280 3
11281 2
11282 1
11283 0
11284 3
11285 2
11286 1
11287 0
11288 3
11289 2
11290 1
11291 0
11292 3
11293 2
11294 1
11295 0
11296 3
11297 2
11298 1
11299 0
11300 3
11301 2
11302 1
11303 0
11304 3
11305 2
11306 1
11307 4
11308 0
11309 2
11310 1
11311 3
11312 0
11313 2
11314 1
11315 3
11316 0
11317 2
11318 1
11319 4
11320 3
11321 2
11322 1
11323 0
11324 3
11325 2
11326 1
11327 0
11328 3
11329 4
11330 2
11331 1
11332 0
11333 3
11334 2
11335 1
11336 0
11337 3
11338 2
11339 1
11340 0
11341 3
11342 2
11343 1
11344 0
11345 3
11346 2
11347 1
11348 0
11349 3
11350 2
11351 1
11352 0
11353 3
11354 4
11355 2
11356 1
11357 0
11358 3
11359 2
11360 1
11361 0
11362 3
11363 2
11364 1
11365 0
11366 3
11367 2
11368 1
11369 0
11370 3
11371 2
11372 1
11373 0
11374 3
11375 2
11376 1
11377 0
11378 3
11379 2
11380 1
11381 0
11382 3
11383 2
11384 1
11385 0
11386 3
11387 2
11388 1
11389 0
11390 3
11391 2
11392 1
11393 0
11394 3
11395 2
11396 1
11397 0
11398 3
11399 2
11400 1
11401 0
11402 3
11403 2
11404 1
11405 4
11406 0
11407 2
11408 1
11409 3
11410 0
11411 2
11412 1
11413 3
11414 0
11415 2
11416 1
11417 4
11418 3
11419 2
11420 1
11421 0
11422 3
11423 2
11424 1
11425 0
11426 3
11427 2
11428 1
11429 4
11430 0
11431 2
11432 1
11433 3
11434 0
11435 2
11436 1
11437 3
11438 0
11439 2
11440 1
11441 4
11442 3
11443 2
11444 1
11445 0
11446 3
11447 2
11448 1
11449 0
11450 3
11451 4
11452 2
11453 1
11454 0
11455 3
11456 2
11457 1
11458 0
11459 3
11460 2
11461 1
11462 0
11463 3
11464 2
11465 1
11466 0
11467 3
11468 2
11469 1
11470 0
11471 3
11472 2
11473 1
11474 0
11475 3
11476 2
11477 1
11478 0
11479 3
11480 2
11481 1
11482 0
11483 3
11484 2
11485 1
11486 0
11487 3
11488 2
11489 1
11490 0
11491 3
11492 2
11493 1
11494 0
11495 3
11496 2
11497 1
11498 0
11499 3
11500 4
11501 2
11502 1
11503 0
11504 3
11505 2
11506 1
11507 0
11508 3
11509 2
11510 1
11511 0
11512 3
11513 2
11514 1
11515 0
11516 3
11517 2
11518 1
11519 0
11520 3
11521 2
11522 1
11523 0
11524 3
11525 2
11526 1
11527 0
11528 3
11529 2
11530 1
11531 0
11532 3
11533 2
11534 1
11535 0
11536 3
11537 2
11538 1
11539 0
11540 3
11541 2
11542 1
11543 0
11544 3
11545 2
11546 1
11547 0
11548 3
11549 4
11550 2
11551 1
11552 0
11553 3
11554 2
11555 1
11556 0
11557 3
11558 2
11559 1
11560 0
11561 3
11562 2
11563 1
11564 0
11565 3
11566 2
11567 1
11568 0
11569 3
11570 2
11571 1
11572 0
11573 3
11574 2
11575 1
11576 0
11577 3
11578 2
11579 1
11580 0
11581 3
11582 2
11583 1
11584 0
11585 3
11586 2
11587 1
11588 0
11589 3
11590 2
11591 1
11592 0
11593 3
11594 2
11595 1
11596 0
11597 3
11598 2
11599 1
11600 4
11601 0
11602 2
11603 1
11604 3
11605 0
11606 2
11607 1
11608 3
11609 0
11610 2
11611 1
11612 4
11613 3
11614 2
11615 1
11616 0
11617 3
11618 2
11619 1
11620 0
11621 3
11622 2
11623 1
11624 4
11625 0
11626 2
11627 1
11628 3
11629 0
11630 2
11631 1
11632 3
11633 0
11634 2
11635 1
11636 4
11637 3
11638 2
11639 1
11640 0
11641 3
11642 2
11643 1
11644 0
11645 3
11646 4
11647 2
11648 1
11649 0
11650 3
11651 2
11652 1
11653 0
11654 3
11655 2
11656 1
11657 0
11658 3
11659 2
11660 1
11661 0
11662 3
11663 2
11664 1
11665 0
11666 3
11667 2
11668 1
11669 0
11670 3
11671 2
11672 1
11673 0
11674 3
11675 2
11676 1
11677 0
11678 3
11679 2
11680 1
11681 0
11682 3
11683 2
11684 1
11685 0
11686 3
11687 2
11688 1
11689 0
11690 3
11691 2
11692 1
11693 0
11694 3
11695 4
11696 2
11697 1
11698 0
11699 3
11700 2
11701 1
11702 0
11703 3
11704 2
11705 1
11706 0
11707 3
11708 2
11709 1
11710 0
11711 3
11712 2
11713 1
11714 0
11715 3
11716 2
11717 1
11718 0
11719 3
11720 2
11721 1
11722 0
11723 3
11724 2
11725 1
11726 0
11727 3
11728 2
11729 1
11730 0
11731 3
11732 2
11733 1
11734 0
11735 3
11736 2
11737 1
11738 0
11739 3
11740 2
11741 1
11742 0
11743 3
11744 4
11745 2
11746 1
11747 0
11748 3
11749 2
11750 1
11751 0
11752 3
11753 2
11754 1
11755 0
11756 3
11757 2
11758 1
11759 0
11760 3
11761 2
11762 1
11763 0
11764 3
11765 2
11766 1
11767 0
11768 3
11769 2
11770 1
11771 0
11772 3
11773 2
11774 1
11775 0
11776 3
11777 2
11778 1
11779 0
11780 3
11781 2
11782 1
11783 0
11784 3
11785 2
11786 1
11787 0
11788 3
11789 2
11790 1
11791 0
11792 3
11793 2
11794 1
11795 4
11796 0
11797 2
11798 1
11799 3
11800 0
11801 2
11802 1
11803 3
11804 0
11805 2
11806 1
11807 4
11808 3
11809 2
11810 1
11811 0
11812 3
11813 2
11814 1
11815 0
11816 3
11817 2
11818 1
11819 4
11820 0
11821 2
11822 1
11823 3
11824 0
11825 2
11826 1
11827 3
11828 0
11829 2
11830 1
11831 4
11832 3
11833 2
11834 1
11835 0
11836 3
11837 2
11838 1
11839 0
11840 3
11841 4
11842 2
11843 1
11844 0
11845 3
11846 2
11847 1
11848 0
11849 3
11850 2
11851 1
11852 0
11853 3
11854 2
11855 1
11856 0
11857 3
11858 2
11859 1
11860 0
11861 3
11862 2
11863 1
11864 0
11865 3
11866 2
11867 1
11868 0
11869 3
11870 2
11871 1
11872 0
11873 3
11874 2
11875 1
11876 0
11877 3
11878 2
11879 1
11880 0
11881 3
11882 2
11883 1
11884 0
11885 3
11886 2
11887 1
11888 0
11889 3
11890 4
11891 2
11892 1
11893 0
11894 3
11895 2
11896 1
11897 0
11898 3
11899 2
11900 1
11901 0
11902 3
11903 2
11904 1
11905 0
11906 3
11907 2
11908 1
11909 0
11910 3
11911 2
11912 1
11913 0
11914 3
11915 2
11916 1
11917 0
11918 3
11919 2
11920 1
11921 0
11922 3
11923 2
11924 1
11925 0
11926 3
11927 2
11928 1
11929 0
11930 3
11931 2
11932 1
11933 0
11934 3
11935 2
11936 1
11937 0
11938 3
11939 4
11940 2
11941 1
11942 0
11943 3
11944 2
11945 1
11946 0
11947 3
11948 2
11949 1
11950 0
11951 3
11952 2
11953 1
11954 0
11955 3
11956 2
11957 1
11958 0
11959 3
11960 2
11961 1
11962 0
11963 3
11964 2
11965 1
11966 0
11967 3
11968 2
11969 1
11970 0
11971 3
11972 2
11973 1
11974 0
11975 3
11976 2
11977 1
11978 0
11979 3
11980 2
11981 1
11982 0
11983 3
11984 2
11985 1
11986 0
11987 3
11988 2
11989 1
11990 4
11991 0
11992 2
11993 1
11994 3
11995 0
11996 2
11997 1
11998 3
11999 0
12000 2
12001 1
12002 4
12003 3
12004 2
12005 1
12006 0
12007 3
12008 2
12009 1
12010 0
12011 3
12012 4
12013 2
12014 1
12015 0
12016 3
12017 2
12018 1
12019 0
12020 3
12021 2
12022 1
12023 0
12024 3
12025 2
12026 1
12027 0
12028 3
12029 2
12030 1
12031 0
12032 3
12033 2
12034 1
12035 0
12036 3
12037 4
12038 2
12039 1
12040 0
12041 3
12042 2
12043 1
12044 0
12045 3
12046 2
12047 1
12048 0
12049 3
12050 2
12051 1
12052 0
12053 3
12054 2
12055 1
12056 0
12057 3
12058 2
12059 1
12060 0
12061 3
12062 2
12063 1
12064 0
12065 3
12066 2
12067 1
12068 0
12069 3
12070 2
12071 1
12072 0
12073 3
12074 2
12075 1
12076 0
12077 3
12078 2
12079 1
12080 0
12081 3
12082 2
12083 1
12084 0
12085 3
12086 2
12087 1
12088 4
12089 0
12090 2
12091 1
12092 3
12093 0
12094 2
12095 1
12096 3
12097 0
12098 2
12099 1
12100 4
12101 3
12102 2
12103 1
12104 0
12105 3
12106 2
12107 1
12108 0
12109 3
12110 4
12111 2
12112 1
12113 0
12114 3
12115 2
12116 1
12117 0
12118 3
12119 2
12120 1
12121 0
12122 3
12123 2
12124 1
12125 0
12126 3
12127 2
12128 1
12129 0
12130 3
12131 2
12132 1
12133 0
12134 3
12135 4
12136 2
12137 1
12138 0
12139 3
12140 2
12141 1
12142 0
12143 3
12144 2
12145 1
12146 0
12147 3
12148 2
12149 1
12150 0
12151 3
12152 2
12153 1
12154 0
12155 3
12156 2
12157 1
12158 0
12159 3
12160 2
12161 1
12162 0
12163 3
12164 2
12165 1
12166 0
12167 3
12168 2
12169 1
12170 0
12171 3
12172 2
12173 1
12174 0
12175 3
12176 2
12177 1
12178 0
12179 3
12180 2
12181 1
12182 0
12183 3
12184 2
12185 1
12186 4
12187 0
12188 2
12189 1
12190 3
12191 0
12192 2
12193 1
12194 3
12195 0
12196 2
12197 1
12198 4
12199 3
12200 2
12201 1
12202 0
12203 3
12204 2
12205 1
12206 0
12207 3
12208 2
12209 1
12210 4
12211 0
12212 2
12213 1
12214 3
12215 0
12216 2
12217 1
12218 3
12219 0
12220 2
12221 1
12222 4
12223 3
12224 2
12225 1
12226 0
12227 3
12228 2
12229 1
12230 0
12231 3
12232 4
12233 2
12234 1
12235 0
12236 3
12237 2
12238 1
12239 0
12240 3
12241 2
12242 1
12243 0
12244 3
12245 2
12246 1
12247 0
12248 3
12249 2
12250 1
12251 0
12252 3
12253 2
12254 1
12255 0
12256 3
12257 2
12258 1
12259 0
12260 3
12261 2
12262 1
12263 0
12264 3
12265 2
12266 1
12267 0
12268 3
12269 2
12270 1
12271 0
12272 3
12273 2
12274 1
12275 0
12276 3
12277 2
12278 1
12279 0
12280 3
12281 4
12282 2
12283 1
12284 0
12285 3
12286 2
12287 1
12288 0
12289 3
12290 2
12291 1
12292 0
12293 3
12294 2
12295 1
12296 0
12297 3
12298 2
12299 1
12300 0
12301 3
12302 2
12303 1
12304 0
12305 3
12306 2
12307 1
12308 0
12309 3
12310 2
12311 1
12312 0
12313 3
12314 2
12315 1
12316 0
12317 3
12318 2
12319 1
12320 0
12321 3
12322 2
12323 1
12324 0
12325 3
12326 2
12327 1
12328 0
12329 3
12330 4
12331 2
12332 1
12333 0
12334 3
12335 2
12336 1
12337 0
12338 3
12339 2
12340 1
12341 0
12342 3
12343 2
12344 1
12345 0
12346 3
12347 2
12348 1
12349 0
12350 3
12351 2
12352 1
12353 0
12354 3
12355 2
12356 1
12357 0
12358 3
12359 2
12360 1
12361 0
12362 3
12363 2
12364 1
12365 0
12366 3
12367 2
12368 1
12369 0
12370 3
12371 2
12372 1
12373 0
12374 3
12375 2
12376 1
12377 0
12378 3
12379 2
12380 1
12381 4
12382 0
12383 2
12384 1
12385 3
12386 0
12387 2
12388 1
12389 3
12390 0
12391 2
12392 1
12393 4
12394 3
12395 2
12396 1
12397 0
12398 3
12399 2
12400 1
12401 0
12402 3
12403 2
12404 1
12405 4
12406 0
12407 2
12408 1
12409 3
12410 0
12411 2
12412 1
12413 3
12414 0
12415 2
12416 1
12417 4
12418 3
12419 2
12420 1
12421 0
12422 3
12423 2
12424 1
12425 0
12426 3
12427 4
12428 2
12429 1
12430 0
12431 3
12432 2
12433 1
12434 0
12435 3
12436 2
12437 1
12438 0
12439 3
12440 2
12441 1
12442 0
12443 3
12444 2
12445 1
12446 0
12447 3
12448 2
12449 1
12450 0
12451 3
12452 2
12453 1
12454 0
12455 3
12456 2
12457 1
12458 0
12459 3
12460 2
12461 1
12462 0
12463 3
12464 2
12465 1
12466 0
12467 3
12468 2
12469 1
12470 0
12471 3
12472 2
12473 1
12474 0
12475 3
12476 4
12477 2
12478 1
12479 0
12480 3
12481 2
12482 1
12483 0
12484 3
12485 2
12486 1
12487 0
12488 3
12489 2
12490 1
12491 0
12492 3
12493 2
12494 1
12495 0
12496 3
12497 2
12498 1
12499 0
12500 3
12501 2
12502 1
12503 0
12504 3
12505 2
12506 1
12507 0
12508 3
12509 2
12510 1
12511 0
12512 3
12513 2
12514 1
12515 0
12516 3
12517 2
12518 1
12519 0
12520 3
12521 2
12522 1
12523 0
12524 3
12525 4
12526 2
12527 1
12528 0
12529 3
12530 2
12531 1
12532 0
12533 3
12534 2
12535 1
12536 0
12537 3
12538 2
12539 1
12540 0
12541 3
12542 2
12543 1
12544 0
12545 3
12546 2
12547 1
12548 0
12549 3
12550 2
12551 1
12552 0
12553 3
12554 2
12555 1
12556 0
12557 3
12558 2
12559 1
12560 0
12561 3
12562 2
12563 1
12564 0
12565 3
12566 2
12567 1
12568 0
12569 3
12570 2
12571 1
12572 0
12573 3
12574 2
12575 1
12576 4
12577 0
12578 2
12579 1
12580 3
12581 0
12582 2
12583 1
12584 3
12585 0
12586 2
12587 1
12588 4
12589 3
12590 2
12591 1
12592 0
12593 3
12594 2
12595 1
12596 0
12597 3
12598 2
12599 1
12600 4
12601 0
12602 2
12603 1
12604 3
12605 0
12606 2
12607 1
12608 3
12609 0
12610 2
12611 1
12612 4
12613 3
12614 2
12615 1
12616 0
12617 3
12618 2
12619 1
12620 0
12621 3
12622 4
12623 2
12624 1
12625 0
12626 3
12627 2
12628 1
12629 0
12630 3
12631 2
12632 1
12633 0
12634 3
12635 2
12636 1
12637 0
12638 3
12639 2
12640 1
12641 0
12642 3
12643 2
12644 1
12645 0
12646 3
12647 2
12648 1
12649 0
12650 3
12651 2
12652 1
12653 0
12654 3
12655 2
12656 1
12657 0
12658 3
12659 2
12660 1
12661 0
12662 3
12663 2
12664 1
12665 0
12666 3
12667 2
12668 1
12669 0
12670 3
12671 4
12672 2
12673 1
12674 0
12675 3
12676 2
12677 1
12678 0
12679 3
12680 2
12681 1
12682 0
12683 3
12684 2
12685 1
12686 0
12687 3
12688 2
12689 1
12690 0
12691 3
12692 2
12693 1
12694 0
12695 3
12696 2
12697 1
12698 0
12699 3
12700 2
12701 1
12702 0
12703 3
12704 2
12705 1
12706 0
12707 3
12708 2
12709 1
12710 0
12711 3
12712 2
12713 1
12714 0
12715 3
12716 2
12717 1
12718 0
12719 3
12720 4
12721 2
12722 1
12723 0
12724 3
12725 2
12726 1
12727 0
12728 3
12729 2
12730 1
12731 0
12732 3
12733 2
12734 1
12735 0
12736 3
12737 2
12738 1
12739 0
12740 3
12741 2
12742 1
12743 0
12744 3
12745 2
12746 1
12747 0
12748 3
12749 2
12750 1
12751 0
12752 3
12753 2
12754 1
12755 0
12756 3
12757 2
12758 1
12759 0
12760 3
12761 2
12762 1
12763 0
12764 3
12765 2
12766 1
12767 0
12768 3
12769 2
12770 1
12771 4
12772 0
12773 2
12774 1
12775 3
12776 0
12777 2
12778 1
12779 3
12780 0
12781 2
12782 1
12783 4
12784 3
12785 2
12786 1
12787 0
12788 3
12789 2
12790 1
12791 0
12792 3
12793 4
12794 2
12795 1
12796 0
12797 3
12798 2
12799 1
12800 0
12801 3
12802 2
12803 1
12804 0
12805 3
12806 2
12807 1
12808 0
12809 3
12810 2
12811 1
12812 0
12813 3
12814 2
12815 1
12816 0
12817 3
12818 4
12819 2
12820 1
12821 0
12822 3
12823 2
12824 1
12825 0
12826 3
12827 2
12828 1
12829 0
12830 3
12831 2
12832 1
12833 0
12834 3
12835 2
12836 1
12837 0
12838 3
12839 2
12840 1
12841 0
12842 3
12843 2
12844 1
12845 0
12846 3
12847 2
12848 1
12849 0
12850 3
12851 2
12852 1
12853 0
12854 3
12855 2
12856 1
12857 0
12858 3
12859 2
12860 1
12861 0
12862 3
12863 2
12864 1
12865 0
12866 3
12867 2
12868 1
12869 4
12870 0
12871 2
12872 1
12873 3
12874 0
12875 2
12876 1
12877 3
12878 0
12879 2
12880 1
12881 4
12882 3
12883 2
12884 1
12885 0
12886 3
12887 2
12888 1
12889 0
12890 3
12891 4
12892 2
12893 1
12894 0
12895 3
12896 2
12897 1
12898 0
12899 3
12900 2
12901 1
12902 0
12903 3
12904 2
12905 1
12906 0
12907 3
12908 2
12909 1
12910 0
12911 3
12912 2
12913 1
12914 0
12915 3
12916 4
12917 2
12918 1
12919 0
12920 3
12921 2
12922 1
12923 0
12924 3
12925 2
12926 1
12927 0
12928 3
12929 2
12930 1
12931 0
12932 3
12933 2
12934 1
12935 0
12936 3
12937 2
12938 1
12939 0
12940 3
12941 2
12942 1
12943 0
12944 3
12945 2
12946 1
12947 0
12948 3
12949 2
12950 1
12951 0
12952 3
12953 2
12954 1
12955 0
12956 3
12957 2
12958 1
12959 0
12960 3
12961 2
12962 1
12963 0
12964 3
12965 2
12966 1
12967 4
12968 0
12969 2
12970 1
12971 3
12972 0
12973 2
12974 1
12975 3
12976 0
12977 2
12978 1
12979 4
12980 3
12981 2
12982 1
12983 0
12984 3
12985 2
12986 1
12987 0
12988 3
12989 2
12990 1
12991 4
12992 0
12993 2
12994 1
12995 3
12996 0
12997 2
12998 1
12999 3
13000 0
13001 2
13002 1
13003 4
13004 3
13005 2
13006 1
13007 0
13008 3
13009 2
13010 1
13011 0
13012 3
13013 4
13014 2
13015 1
13016 0
13017 3
13018 2
13019 1
13020 0
13021 3
13022 2
13023 1
13024 0
13025 3
13026 2
13027 1
13028 0
13029 3
13030 2
13031 1
13032 0
13033 3
13034 2
13035 1
13036 0
13037 3
13038 2
13039 1
13040 0
13041 3
13042 2
13043 1
13044 0
13045 3
13046 2
13047 1
13048 0
13049 3
13050 2
13051 1
13052 0
13053 3
13054 2
13055 1
13056 0
13057 3
13058 2
13059 1
13060 0
13061 3
13062 4
13063 2
13064 1
13065 0
13066 3
13067 2
13068 1
13069 0
13070 3
13071 2
13072 1
13073 0
13074 3
13075 2
13076 1
13077 0
13078 3
13079 2
13080 1
13081 0
13082 3
13083 2
13084 1
13085 0
13086 3
13087 2
13088 1
13089 0
13090 3
13091 2
13092 1
13093 0
13094 3
13095 2
13096 1
13097 0
13098 3
13099 2
13100 1
13101 0
13102 3
13103 2
13104 1
13105 0
13106 3
13107 2
13108 1
13109 0
13110 3
13111 4
13112 2
13113 1
13114 0
13115 3
13116 2
13117 1
13118 0
13119 3
13120 2
13121 1
13122 0
13123 3
13124 2
13125 1
13126 0
13127 3
13128 2
13129 1
13130 0
13131 3
13132 2
13133 1
13134 0
13135 3
13136 2
13137 1
13138 0
13139 3
13140 2
13141 1
13142 0
13143 3
13144 2
13145 1
13146 0
13147 3
13148 2
13149 1
13150 0
13151 3
13152 2
13153 1
13154 0
13155 3
13156 2
13157 1
13158 0
13159 3
13160 2
13161 1
13162 4
13163 0
13164 2
13165 1
13166 3
13167 0
13168 2
13169 1
13170 3
13171 0
13172 2
13173 1
13174 4
13175 3
13176 2
13177 1
13178 0
13179 3
13180 2
13181 1
13182 0
13183 3
13184 2
13185 1
13186 4
13187 0
13188 2
13189 1
13190 3
13191 0
13192 2
13193 1
13194 3
13195 0
13196 2
13197 1
13198 4
13199 3
13200 2
13201 1
13202 0
13203 3
13204 2
13205 1
13206 0
13207 3
13208 4
13209 2
13210 1
13211 0
13212 3
13213 2
13214 1
13215 0
13216 3
13217 2
13218 1
13219 0
13220 3
13221 2
13222 1
13223 0
13224 3
13225 2
13226 1
13227 0
13228 3
13229 2
13230 1
13231 0
13232 3
13233 2
13234 1
13235 0
13236 3
13237 2
13238 1
13239 0
13240 3
13241 2
13242 1
13243 0
13244 3
13245 2
13246 1
13247 0
13248 3
13249 2
13250 1
13251 0
13252 3
13253 2
13254 1
13255 0
13256 3
13257 4
13258 2
13259 1
13260 0
13261 3
13262 2
13263 1
13264 0
13265 3
13266 2
13267 1
13268 0
13269 3
13270 2
13271 1
13272 0
13273 3
13274 2
13275 1
13276 0
13277 3
13278 2
13279 1
13280 0
13281 3
13282 2
13283 1
13284 0
13285 3
13286 2
13287 1
13288 0
13289 3
13290 2
13291 1
13292 0
13293 3
13294 2
13295 1
13296 0
13297 3
13298 2
13299 1
13300 0
13301 3
13302 2
13303 1
13304 0
13305 3
13306 4
13307 2
13308 1
13309 0
13310 3
13311 2
13312 1
13313 0
13314 3
13315 2
13316 1
13317 0
13318 3
13319 2
13320 1
13321 0
13322 3
13323 2
13324 1
13325 0
13326 3
13327 2
13328 1
13329 0
13330 3
13331 2
13332 1
13333 0
13334 3
13335 2
13336 1
13337 0
13338 3
13339 2
13340 1
13341 0
13342 3
13343 2
13344 1
13345 0
13346 3
13347 2
13348 1
13349 0
13350 3
13351 2
13352 1
13353 0
13354 3
13355 2
13356 1
13357 4
13358 0
13359 2
13360 1
13361 3
13362 0
13363 2
13364 1
13365 3
13366 0
13367 2
13368 1
13369 4
13370 3
13371 2
13372 1
13373 0
13374 3
13375 2
13376 1
13377 0
13378 3
13379 2
13380 1
13381 4
13382 0
13383 2
13384 1
13385 3
13386 0
13387 2
13388 1
13389 3
13390 0
13391 2
13392 1
13393 4
13394 3
13395 2
13396 1
13397 0
13398 3
13399 2
13400 1
13401 0
13402 3
13403 4
13404 2
13405 1
13406 0
13407 3
13408 2
13409 1
13410 0
13411 3
13412 2
13413 1
13414 0
13415 3
13416 2
13417 1
13418 0
13419 3
13420 2
13421 1
13422 0
13423 3
13424 2
13425 1
13426 0
13427 3
13428 2
13429 1
13430 0
13431 3
13432 2
13433 1
13434 0
13435 3
13436 2
13437 1
13438 0
13439 3
13440 2
13441 1
13442 0
13443 3
13444 2
13445 1
13446 0
13447 3
13448 2
13449 1
13450 0
13451 3
13452 4
13453 2
13454 1
13455 0
13456 3
13457 2
13458 1
13459 0
13460 3
13461 2
13462 1
13463 0
13464 3
13465 2
13466 1
13467 0
13468 3
13469 2
13470 1
13471 0
13472 3
13473 2
13474 1
13475 0
13476 3
13477 2
13478 1
13479 0
13480 3
13481 2
13482 1
13483 0
13484 3
13485 2
13486 1
13487 0
13488 3
13489 2
13490 1
13491 0
13492 3
13493 2
13494 1
13495 0
13496 3
13497 2
13498 1
13499 0
13500 3
13501 4
13502 2
13503 1
13504 0
13505 3
13506 2
13507 1
13508 0
13509 3
13510 2
13511 1
13512 0
13513 3
13514 2
13515 1
13516 0
13517 3
13518 2
13519 1
13520 0
13521 3
13522 2
13523 1
13524 0
13525 3
13526 2
13527 1
13528 0
13529 3
13530 2
13531 1
13532 0
13533 3
13534 2
13535 1
13536 0
13537 3
13538 2
13539 1
13540 0
13541 3
13542 2
13543 1
13544 0
13545 3
13546 2
13547 1
13548 0
13549 3
13550 2
13551 1
13552 4
13553 0
13554 2
13555 1
13556 3
13557 0
13558 2
13559 1
13560 3
13561 0
13562 2
13563 1
13564 4
13565 3
13566 2
13567 1
13568 0
13569 3
13570 2
13571 1
13572 0
13573 3
13574 4
13575 2
13576 1
13577 0
13578 3
13579 2
13580 1
13581 0
13582 3
13583 2
13584 1
13585 0
13586 3
13587 2
13588 1
13589 0
13590 3
13591 2
13592 1
13593 0
13594 3
13595 2
13596 1
13597 0
13598 3
13599 4
13600 2
13601 1
13602 0
13603 3
13604 2
13605 1
13606 0
13607 3
13608 2
13609 1
13610 0
13611 3
13612 2
13613 1
13614 0
13615 3
13616 2
13617 1
13618 0
13619 3
13620 2
13621 1
13622 0
13623 3
13624 2
13625 1
13626 0
13627 3
13628 2
13629 1
13630 0
13631 3
13632 2
13633 1
13634 0
13635 3
13636 2
13637 1
13638 0
13639 3
13640 2
13641 1
13642 0
13643 3
13644 2
13645 1
13646 0
13647 3
13648 2
13649 1
13650 4
13651 0
13652 2
13653 1
13654 3
13655 0
13656 2
13657 1
13658 3
13659 0
13660 2
13661 1
13662 4
13663 3
13664 2
13665 1
13666 0
13667 3
13668 2
13669 1
13670 0
13671 3
13672 4
13673 2
13674 1
13675 0
13676 3
13677 2
13678 1
13679 0
13680 3
13681 2
13682 1
13683 0
13684 3
13685 2
13686 1
13687 0
13688 3
13689 2
13690 1
13691 0
13692 3
13693 2
13694 1
13695 0
13696 3
13697 4
13698 2
13699 1
13700 0
13701 3
13702 2
13703 1
13704 0
13705 3
13706 2
13707 1
13708 0
13709 3
13710 2
13711 1
13712 0
13713 3
13714 2
13715 1
13716 0
13717 3
13718 2
13719 1
13720 0
13721 3
13722 2
13723 1
13724 0
13725 3
13726 2
13727 1
13728 0
13729 3
13730 2
13731 1
13732 0
13733 3
13734 2
13735 1
13736 0
13737 3
13738 2
13739 1
13740 0
13741 3
13742 2
13743 1
13744 0
13745 3
13746 2
13747 1
13748 4
13749 0
13750 2
13751 1
13752 3
13753 0
13754 2
13755 1
13756 3
13757 0
13758 2
13759 1
13760 4
13761 3
13762 2
13763 1
13764 0
13765 3
13766 2
13767 1
13768 0
13769 3
13770 2
13771 1
13772 4
13773 0
13774 2
13775 1
13776 3
13777 0
13778 2
13779 1
13780 3
13781 0
13782 2
13783 1
13784 4
13785 3
13786 2
13787 1
13788 0
13789 3
13790 2
13791 1
13792 0
13793 3
13794 4
13795 2
13796 1
13797 0
13798 3
13799 2
13800 1
13801 0
13802 3
13803 2
13804 1
13805 0
13806 3
13807 2
13808 1
13809 0
13810 3
13811 2
13812 1
13813 0
13814 3
13815 2
13816 1
13817 0
13818 3
13819 2
13820 1
13821 0
13822 3
13823 2
13824 1
13825 0
13826 3
13827 2
13828 1
13829 0
13830 3
13831 2
13832 1
13833 0
13834 3
13835 2
13836 1
13837 0
13838 3
13839 2
13840 1
13841 0
13842 3
13843 4
13844 2
13845 1
13846 0
13847 3
13848 2
13849 1
13850 0
13851 3
13852 2
13853 1
13854 0
13855 3
13856 2
13857 1
13858 0
13859 3
13860 2
13861 1
13862 0
13863 3
13864 2
13865 1
13866 0
13867 3
13868 2
13869 1
13870 0
13871 3
13872 2
13873 1
13874 0
13875 3
13876 2
13877 1
13878 0
13879 3
13880 2
13881 1
13882 0
13883 3
13884 2
13885 1
13886 0
13887 3
13888 2
13889 1
13890 0
13891 3
13892 4
13893 2
13894 1
13895 0
13896 3
13897 2
13898 1
13899 0
13900 3
13901 2
13902 1
13903 0
13904 3
13905 2
13906 1
13907 0
13908 3
13909 2
13910 1
13911 0
13912 3
13913 2
13914 1
13915 0
13916 3
13917 2
13918 1
13919 0
13920 3
13921 2
13922 1
13923 0
13924 3
13925 2
13926 1
13927 0
13928 3
13929 2
13930 1
13931 0
13932 3
13933 2
13934 1
13935 0
13936 3
13937 2
13938 1
13939 0
13940 3
13941 2
13942 1
13943 4
13944 0
13945 2
13946 1
13947 3
13948 0
13949 2
13950 1
13951 3
13952 0
13953 2
13954 1
13955 4
13956 3
13957 2
13958 1
13959 0
13960 3
13961 2
13962 1
13963 0
13964 3
13965 4
13966 2
13967 1
13968 0
13969 3
13970 2
13971 1
13972 0
13973 3
13974 2
13975 1
13976 0
13977 3
13978 2
13979 1
13980 0
13981 3
13982 2
13983 1
13984 0
13985 3
13986 2
13987 1
13988 0
13989 3
13990 4
13991 2
13992 1
13993 0
13994 3
13995 2
13996 1
13997 0
13998 3
13999 2
14000 1
14001 0
14002 3
14003 2
14004 1
14005 0
14006 3
14007 2
14008 1
14009 0
14010 3
14011 2
14012 1
14013 0
14014 3
14015 2
14016 1
14017 0
14018 3
14019 2
14020 1
14021 0
14022 3
14023 2
14024 1
14025 0
14026 3
14027 2
14028 1
14029 0
14030 3
14031 2
14032 1
14033 0
14034 3
14035 2
14036 1
14037 0
14038 3
14039 2
14040 1
14041 4
14042 0
14043 2
14044 1
14045 3
14046 0
14047 2
14048 1
14049 3
14050 0
14051 2
14052 1
14053 4
14054 3
14055 2
14056 1
14057 0
14058 3
14059 2
14060 1
14061 0
14062 3
14063 4
14064 2
14065 1
14066 0
14067 3
14068 2
14069 1
14070 0
14071 3
14072 2
14073 1
14074 0
14075 3
14076 2
14077 1
14078 0
14079 3
14080 2
14081 1
14082 0
14083 3
14084 2
14085 1
14086 0
14087 3
14088 4
14089 2
14090 1
14091 0
14092 3
14093 2
14094 1
14095 0
14096 3
14097 2
14098 1
14099 0
14100 3
14101 2
14102 1
14103 0
14104 3
14105 2
14106 1
14107 0
14108 3
14109 2
14110 1
14111 0
14112 3
14113 2
14114 1
14115 0
14116 3
14117 2
14118 1
14119 0
14120 3
14121 2
14122 1
14123 0
14124 3
14125 2
14126 1
14127 0
14128 3
14129 2
14130 1
14131 0
14132 3
14133 2
14134 1
14135 0
14136 3
14137 2
14138 1
14139 4
14140 0
14141 2
14142 1
14143 3
14144 0
14145 2
14146 1
14147 3
14148 0
14149 2
14150 1
14151 4
14152 3
14153 2
14154 1
14155 0
14156 3
14157 2
14158 1
14159 0
14160 3
14161 2
14162 1
14163 4
14164 0
14165 2
14166 1
14167 3
14168 0
14169 2
14170 1
14171 3
14172 0
14173 2
14174 1
14175 4
14176 3
14177 2
14178 1
14179 0
14180 3
14181 2
14182 1
14183 0
14184 3
14185 4
14186 2
14187 1
14188 0
14189 3
14190 2
14191 1
14192 0
14193 3
14194 2
14195 1
14196 0
14197 3
14198 2
14199 1
14200 0
14201 3
14202 2
14203 1
14204 0
14205 3
14206 2
14207 1
14208 0
14209 3
14210 2
14211 1
14212 0
14213 3
14214 2
14215 1
14216 0
14217 3
14218 2
14219 1
14220 0
14221 3
14222 2
14223 1
14224 0
14225 3
14226 2
14227 1
14228 0
14229 3
14230 2
14231 1
14232 0
14233 3
14234 4
14235 2
14236 1
14237 0
14238 3
14239 2
14240 1
14241 0
14242 3
14243 2
14244 1
14245 0
14246 3
14247 2
14248 1
14249 0
14250 3
14251 2
14252 1
14253 0
14254 3
14255 2
14256 1
14257 0
14258 3
14259 2
14260 1
14261 0
14262 3
14263 2
14264 1
14265 0
14266 3
14267 2
14268 1
14269 0
14270 3
14271 2
14272 1
14273 0
14274 3
14275 2
14276 1
14277 0
14278 3
14279 2
14280 1
14281 0
14282 3
14283 4
14284 2
14285 1
14286 0
14287 3
14288 2
14289 1
14290 0
14291 3
14292 2
14293 1
14294 0
14295 3
14296 2
14297 1
14298 0
14299 3
14300 2
14301 1
14302 0
14303 3
14304 2
14305 1
14306 0
14307 3
14308 2
14309 1
14310 0
14311 3
14312 2
14313 1
14314 0
14315 3
14316 2
14317 1
14318 0
14319 3
14320 2
14321 1
14322 0
14323 3
14324 2
14325 1
14326 0
14327 3
14328 2
14329 1
14330 0
14331 3
14332 2
14333 1
14334 4
14335 0
14336 2
14337 1
14338 3
14339 0
14340 2
14341 1
14342 3
14343 0
14344 2
14345 1
14346 4
14347 3
14348 2
14349 1
14350 0
14351 3
14352 2
14353 1
14354 0
14355 3
14356 4
14357 2
14358 1
14359 0
14360 3
14361 2
14362 1
14363 0
14364 3
14365 2
14366 1
14367 0
14368 3
14369 2
14370 1
14371 0
14372 3
14373 2
14374 1
14375 0
14376 3
14377 2
14378 1
14379 0
14380 3
14381 4
14382 2
14383 1
14384 0
14385 3
14386 2
14387 1
14388 0
14389 3
14390 2
14391 1
14392 0
14393 3
14394 2
14395 1
14396 0
14397 3
14398 2
14399 1
14400 0
14401 3
14402 2
14403 1
14404 0
14405 3
14406 2
14407 1
14408 0
14409 3
14410 2
14411 1
14412 0
14413 3
14414 2
14415 1
14416 0
14417 3
14418 2
14419 1
14420 0
14421 3
14422 2
14423 1
14424 0
14425 3
14426 2
14427 1
14428 0
14429 3
14430 2
14431 1
14432 4
14433 0
14434 2
14435 1
14436 3
14437 0
14438 2
14439 1
14440 3
14441 0
14442 2
14443 1
14444 4
14445 3
14446 2
14447 1
14448 0
14449 3
14450 2
14451 1
14452 0
14453 3
14454 4
14455 2
14456 1
14457 0
14458 3
14459 2
14460 1
14461 0
14462 3
14463 2
14464 1
14465 0
14466 3
14467 2
14468 1
14469 0
14470 3
14471 2
14472 1
14473 0
14474 3
14475 2
14476 1
14477 0
14478 3
14479 4
14480 2
14481 1
14482 0
14483 3
14484 2
14485 1
14486 0
14487 3
14488 2
14489 1
14490 0
14491 3
14492 2
14493 1
14494 0
14495 3
14496 2
14497 1
14498 0
14499 3
14500 2
14501 1
14502 0
14503 3
14504 2
14505 1
14506 0
14507 3
14508 2
14509 1
14510 0
14511 3
14512 2
14513 1
14514 0
14515 3
14516 2
14517 1
14518 0
14519 3
14520 2
14521 1
14522 0
14523 3
14524 2
14525 1
14526 0
14527 3
14528 2
14529 1
14530 4
14531 0
14532 2
14533 1
14534 3
14535 0
14536 2
14537 1
14538 3
14539 0
14540 2
14541 1
14542 4
14543 3
14544 2
14545 1
14546 0
14547 3
14548 2
14549 1
14550 0
14551 3
14552 2
14553 1
14554 4
14555 0
14556 2
14557 1
14558 3
14559 0
14560 2
14561 1
14562 3
14563 0
14564 2
14565 1
14566 4
14567 3
14568 2
14569 1
14570 0
14571 3
14572 2
14573 1
14574 0
14575 3
14576 4
14577 2
14578 1
14579 0
14580 3
14581 2
14582 1
14583 0
14584 3
14585 2
14586 1
14587 0
14588 3
14589 2
14590 1
14591 0
14592 3
14593 2
14594 1
14595 0
14596 3
14597 2
14598 1
14599 0
14600 3
14601 2
14602 1
14603 0
14604 3
14605 2
14606 1
14607 0
14608 3
14609 2
14610 1
14611 0
14612 3
14613 2
14614 1
14615 0
14616 3
14617 2
14618 1
14619 0
14620 3
14621 2
14622 1
14623 0
14624 3
14625 4
14626 2
14627 1
14628 0
14629 3
14630 2
14631 1
14632 0
14633 3
14634 2
14635 1
14636 0
14637 3
14638 2
14639 1
14640 0
14641 3
14642 2
14643 1
14644 0
14645 3
14646 2
14647 1
14648 0
14649 3
14650 2
14651 1
14652 0
14653 3
14654 2
14655 1
14656 0
14657 3
14658 2
14659 1
14660 0
14661 3
14662 2
14663 1
14664 0
14665 3
14666 2
14667 1
14668 0
14669 3
14670 2
14671 1
14672 0
14673 3
14674 4
14675 2
14676 1
14677 0
14678 3
14679 2
14680 1
14681 0
14682 3
14683 2
14684 1
14685 0
14686 3
14687 2
14688 1
14689 0
14690 3
14691 2
14692 1
14693 0
14694 3
14695 2
14696 1
14697 0
14698 3
14699 2
14700 1
14701 0
14702 3
14703 2
14704 1
14705 0
14706 3
14707 2
14708 1
14709 0
14710 3
14711 2
14712 1
14713 0
14714 3
14715 2
14716 1
14717 0
14718 3
14719 2
14720 1
14721 0
14722 3
14723 2
14724 1
14725 4
14726 0
14727 2
14728 1
14729 3
14730 0
14731 2
14732 1
14733 3
14734 0
14735 2
14736 1
14737 4
14738 3
14739 2
14740 1
14741 0
14742 3
14743 2
14744 1
14745 0
14746 3
14747 2
14748 1
14749 4
14750 0
14751 2
14752 1
14753 3
14754 0
14755 2
14756 1
14757 3
14758 0
14759 2
14760 1
14761 4
14762 3
14763 2
14764 1
14765 0
14766 3
14767 2
14768 1
14769 0
14770 3
14771 4
14772 2
14773 1
14774 0
14775 3
14776 2
14777 1
14778 0
14779 3
14780 2
14781 1
14782 0
14783 3
14784 2
14785 1
14786 0
14787 3
14788 2
14789 1
14790 0
14791 3
14792 2
14793 1
14794 0
14795 3
14796 2
14797 1
14798 0
14799 3
14800 2
14801 1
14802 0
14803 3
14804 2
14805 1
14806 0
14807 3
14808 2
14809 1
14810 0
14811 3
14812 2
14813 1
14814 0
14815 3
14816 2
14817 1
14818 0
14819 3
14820 4
14821 2
14822 1
14823 0
14824 3
14825 2
14826 1
14827 0
14828 3
14829 2
14830 1
14831 0
14832 3
14833 2
14834 1
14835 0
14836 3
14837 2
14838 1
14839 0
14840 3
14841 2
14842 1
14843 0
14844 3
14845 2
14846 1
14847 0
14848 3
14849 2
14850 1
14851 0
14852 3
14853 2
14854 1
14855 0
14856 3
14857 2
14858 1
14859 0
14860 3
14861 2
14862 1
14863 0
14864 3
14865 2
14866 1
14867 0
14868 3
14869 4
14870 2
14871 1
14872 0
14873 3
14874 2
14875 1
14876 0
14877 3
14878 2
14879 1
14880 0
14881 3
14882 2
14883 1
14884 0
14885 3
14886 2
14887 1
14888 0
14889 3
14890 2
14891 1
14892 0
14893 3
14894 2
14895 1
14896 0
14897 3
14898 2
14899 1
14900 0
14901 3
14902 2
14903 1
14904 0
14905 3
14906 2
14907 1
14908 0
14909 3
14910 2
14911 1
14912 0
14913 3
14914 2
14915 1
14916 0
14917 3
14918 2
14919 1
14920 4
14921 0
14922 2
14923 1
14924 3
14925 0
14926 2
14927 1
14928 3
14929 0
14930 2
14931 1
14932 4
14933 3
14934 2
14935 1
14936 0
14937 3
14938 2
14939 1
14940 0
14941 3
14942 2
14943 1
14944 4
14945 0
14946 2
14947 1
14948 3
14949 0
14950 2
14951 1
14952 3
14953 0
14954 2
14955 1
14956 4
14957 3
14958 2
14959 1
14960 0
14961 3
14962 2
14963 1
14964 0
14965 3
14966 4
14967 2
14968 1
14969 0
14970 3
14971 2
14972 1
14973 0
14974 3
14975 2
14976 1
14977 0
14978 3
14979 2
14980 1
14981 0
14982 3
14983 2
14984 1
14985 0
14986 3
14987 2
14988 1
14989 0
14990 3
14991 2
14992 1
14993 0
14994 3
14995 2
14996 1
14997 0
14998 3
14999 2
15000 1
15001 0
15002 3
15003 2
15004 1
15005 0
15006 3
15007 2
15008 1
15009 0
15010 3
15011 2
15012 1
15013 0
15014 3
15015 4
15016 2
15017 1
15018 0
15019 3
15020 2
15021 1
15022 0
15023 3
15024 2
15025 1
15026 0
15027 3
15028 2
15029 1
15030 0
15031 3
15032 2
15033 1
15034 0
15035 3
15036 2
15037 1
15038 0
15039 3
15040 2
15041 1
15042 0
15043 3
15044 2
15045 1
15046 0
15047 3
15048 2
15049 1
15050 0
15051 3
15052 2
15053 1
15054 0
15055 3
15056 2
15057 1
15058 0
15059 3
15060 2
15061 1
15062 0
15063 3
15064 4
15065 2
15066 1
15067 0
15068 3
15069 2
15070 1
15071 0
15072 3
15073 2
15074 1
15075 0
15076 3
15077 2
15078 1
15079 0
15080 3
15081 2
15082 1
15083 0
15084 3
15085 2
15086 1
15087 0
15088 3
15089 2
15090 1
15091 0
15092 3
15093 2
15094 1
15095 0
15096 3
15097 2
15098 1
15099 0
15100 3
15101 2
15102 1
15103 0
15104 3
15105 2
15106 1
15107 0
15108 3
15109 2
15110 1
15111 0
15112 3
15113 2
15114 1
15115 4
15116 0
15117 2
15118 1
15119 3
15120 0
15121 2
15122 1
15123 3
15124 0
15125 2
15126 1
15127 4
15128 3
15129 2
15130 1
15131 0
15132 3
15133 2
15134 1
15135 0
15136 3
15137 4
15138 2
15139 1
15140 0
15141 3
15142 2
15143 1
15144 0
15145 3
15146 2
15147 1
15148 0
15149 3
15150 2
15151 1
15152 0
15153 3
15154 2
15155 1
15156 0
15157 3
15158 2
15159 1
15160 0
15161 3
15162 4
15163 2
15164 1
15165 0
15166 3
15167 2
15168 1
15169 0
15170 3
15171 2
15172 1
15173 0
15174 3
15175 2
15176 1
15177 0
15178 3
15179 2
15180 1
15181 0
15182 3
15183 2
15184 1
15185 0
15186 3
15187 2
15188 1
15189 0
15190 3
15191 2
15192 1
15193 0
15194 3
15195 2
15196 1
15197 0
15198 3
15199 2
15200 1
15201 0
15202 3
15203 2
15204 1
15205 0
15206 3
15207 2
15208 1
15209 0
15210 3
15211 2
15212 1
15213 4
15214 0
15215 2
15216 1
15217 3
15218 0
15219 2
15220 1
15221 3
15222 0
15223 2
15224 1
15225 4
15226 3
15227 2
15228 1
15229 0
15230 3
15231 2
15232 1
15233 0
15234 3
15235 4
15236 2
15237 1
15238 0
15239 3
15240 2
15241 1
15242 0
15243 3
15244 2
15245 1
15246 0
15247 3
15248 2
15249 1
15250 0
15251 3
15252 2
15253 1
15254 0
15255 3
15256 2
15257 1
15258 0
15259 3
15260 4
15261 2
15262 1
15263 0
15264 3
15265 2
15266 1
15267 0
15268 3
15269 2
15270 1
15271 0
15272 3
15273 2
15274 1
15275 0
15276 3
15277 2
15278 1
15279 0
15280 3
15281 2
15282 1
15283 0
15284 3
15285 2
15286 1
15287 0
15288 3
15289 2
15290 1
15291 0
15292 3
15293 2
15294 1
15295 0
15296 3
15297 2
15298 1
15299 0
15300 3
15301 2
15302 1
15303 0
15304 3
15305 2
15306 1
15307 0
15308 3
15309 2
15310 1
15311 4
15312 0
15313 2
15314 1
15315 3
15316 0
15317 2
15318 1
15319 3
15320 0
15321 2
15322 1
15323 4
15324 3
15325 2
15326 1
15327 0
15328 3
15329 2
15330 1
15331 0
15332 3
15333 2
15334 1
15335 4
15336 0
15337 2
15338 1
15339 3
15340 0
15341 2
15342 1
15343 3
15344 0
15345 2
15346 1
15347 4
15348 3
15349 2
15350 1
15351 0
15352 3
15353 2
15354 1
15355 0
15356 3
15357 4
15358 2
15359 1
15360 0
15361 3
15362 2
15363 1
15364 0
15365 3
15366 2
15367 1
15368 0
15369 3
15370 2
15371 1
15372 0
15373 3
15374 2
15375 1
15376 0
15377 3
15378 2
15379 1
15380 0
15381 3
15382 2
15383 1
15384 0
15385 3
15386 2
15387 1
15388 0
15389 3
15390 2
15391 1
15392 0
15393 3
15394 2
15395 1
15396 0
15397 3
15398 2
15399 1
15400 0
15401 3
15402 2
15403 1
15404 0
15405 3
15406 4
15407 2
15408 1
15409 0
15410 3
15411 2
15412 1
15413 0
15414 3
15415 2
15416 1
15417 0
15418 3
15419 2
15420 1
15421 0
15422 3
15423 2
15424 1
15425 0
15426 3
15427 2
15428 1
15429 0
15430 3
15431 2
15432 1
15433 0
15434 3
15435 2
15436 1
15437 0
15438 3
15439 2
15440 1
15441 0
15442 3
15443 2
15444 1
15445 0
15446 3
15447 2
15448 1
15449 0
15450 3
15451 2
15452 1
15453 0
15454 3
15455 4
15456 2
15457 1
15458 0
15459 3
15460 2
15461 1
15462 0
15463 3
15464 2
15465 1
15466 0
15467 3
15468 2
15469 1
15470 0
15471 3
15472 2
15473 1
15474 0
15475 3
15476 2
15477 1
15478 0
15479 3
15480 2
15481 1
15482 0
15483 3
15484 2
15485 1
15486 0
15487 3
15488 2
15489 1
15490 0
15491 3
15492 2
15493 1
15494 0
15495 3
15496 2
15497 1
15498 0
15499 3
15500 2
15501 1
15502 0
15503 3
15504 2
15505 1
15506 4
15507 0
15508 2
15509 1
15510 3
15511 0
15512 2
15513 1
15514 3
15515 0
15516 2
15517 1
15518 4
15519 3
15520 2
15521 1
15522 0
15523 3
15524 2
15525 1
15526 0
15527 3
15528 2
15529 1
15530 4
15531 0
15532 2
15533 1
15534 3
15535 0
15536 2
15537 1
15538 3
15539 0
15540 2
15541 1
15542 4
15543 3
15544 2
15545 1
15546 0
15547 3
15548 2
15549 1
15550 0
15551 3
15552 4
15553 2
15554 1
15555 0
15556 3
15557 2
15558 1
15559 0
15560 3
15561 2
15562 1
15563 0
15564 3
15565 2
15566 1
15567 0
15568 3
15569 2
15570 1
15571 0
15572 3
15573 2
15574 1
15575 0
15576 3
15577 2
15578 1
15579 0
15580 3
15581 2
15582 1
15583 0
15584 3
15585 2
15586 1
15587 0
15588 3
15589 2
15590 1
15591 0
15592 3
15593 2
15594 1
15595 0
15596 3
15597 2
15598 1
15599 0
15600 3
15601 4
15602 2
15603 1
15604 0
15605 3
15606 2
15607 1
15608 0
15609 3
15610 2
15611 1
15612 0
15613 3
15614 2
15615 1
15616 0
15617 3
15618 2
15619 1
15620 0
15621 3
15622 2
15623 1
15624 0
15625 3
15626 2
15627 1
15628 0
15629 3
15630 2
15631 1
15632 0
15633 3
15634 2
15635 1
15636 0
15637 3
15638 2
15639 1
15640 0
15641 3
15642 2
15643 1
15644 0
15645 3
15646 2
15647 1
15648 0
15649 3
15650 4
15651 2
15652 1
15653 0
15654 3
15655 2
15656 1
15657 0
15658 3
15659 2
15660 1
15661 0
15662 3
15663 2
15664 1
15665 0
15666 3
15667 2
15668 1
15669 0
15670 3
15671 2
15672 1
15673 0
15674 3
15675 2
15676 1
15677 0
15678 3
15679 2
15680 1
15681 0
15682 3
15683 2
15684 1
15685 0
15686 3
15687 2
15688 1
15689 0
15690 3
15691 2
15692 1
15693 0
15694 3
15695 2
15696 1
15697 0
15698 3
15699 2
15700 1
15701 4
15702 0
15703 2
15704 1
15705 3
15706 0
15707 2
15708 1
15709 3
15710 0
15711 2
15712 1
15713 4
15714 3
15715 2
15716 1
15717 0
15718 3
15719 2
15720 1
15721 0
15722 3
15723 2
15724 1
15725 4
15726 0
15727 2
15728 1
15729 3
15730 0
15731 2
15732 1
15733 3
15734 0
15735 2
15736 1
15737 4
15738 3
15739 2
15740 1
15741 0
15742 3
15743 2
15744 1
15745 0
15746 3
15747 4
15748 2
15749 1
15750 0
15751 3
15752 2
15753 1
15754 0
15755 3
15756 2
15757 1
15758 0
15759 3
15760 2
15761 1
15762 0
15763 3
15764 2
15765 1
15766 0
15767 3
15768 2
15769 1
15770 0
15771 3
15772 2
15773 1
15774 0
15775 3
15776 2
15777 1
15778 0
15779 3
15780 2
15781 1
15782 0
15783 3
15784 2
15785 1
15786 0
15787 3
15788 2
15789 1
15790 0
15791 3
15792 2
15793 1
15794 0
15795 3
15796 4
15797 2
15798 1
15799 0
15800 3
15801 2
15802 1
15803 0
15804 3
15805 2
15806 1
15807 0
15808 3
15809 2
15810 1
15811 0
15812 3
15813 2
15814 1
15815 0
15816 3
15817 2
15818 1
15819 0
15820 3
15821 2
15822 1
15823 0
15824 3
15825 2
15826 1
15827 0
15828 3
15829 2
15830 1
15831 0
15832 3
15833 2
15834 1
15835 0
15836 3
15837 2
15838 1
15839 0
15840 3
15841 2
15842 1
15843 0
15844 3
15845 4
15846 2
15847 1
15848 0
15849 3
15850 2
15851 1
15852 0
15853 3
15854 2
15855 1
15856 0
15857 3
15858 2
15859 1
15860 0
15861 3
15862 2
15863 1
15864 0
15865 3
15866 2
15867 1
15868 0
15869 3
15870 2
15871 1
15872 0
15873 3
15874 2
15875 1
15876 0
15877 3
15878 2
15879 1
15880 0
15881 3
15882 2
15883 1
15884 0
15885 3
15886 2
15887 1
15888 0
15889 3
15890 2
15891 1
15892 0
15893 3
15894 2
15895 1
15896 4
15897 0
15898 2
15899 1
15900 3
15901 0
15902 2
15903 1
15904 3
15905 0
15906 2
15907 1
15908 4
15909 3
15910 2
15911 1
15912 0
15913 3
15914 2
15915 1
15916 0
15917 3
15918 4
15919 2
15920 1
15921 0
15922 3
15923 2
15924 1
15925 0
15926 3
15927 2
15928 1
15929 0
15930 3
15931 2
15932 1
15933 0
15934 3
15935 2
15936 1
15937 0
15938 3
15939 2
15940 1
15941 0
15942 3
15943 4
15944 2
15945 1
15946 0
15947 3
15948 2
15949 1
15950 0
15951 3
15952 2
15953 1
15954 0
15955 3
15956 2
15957 1
15958 0
15959 3
15960 2
15961 1
15962 0
15963 3
15964 2
15965 1
15966 0
15967 3
15968 2
15969 1
15970 0
15971 3
15972 2
15973 1
15974 0
15975 3
15976 2
15977 1
15978 0
15979 3
15980 2
15981 1
15982 0
15983 3
15984 2
15985 1
15986 0
15987 3
15988 2
15989 1
15990 0
15991 3
15992 2
15993 1
15994 4
15995 0
15996 2
15997 1
15998 3
15999 0
16000 2
16001 1
16002 3
16003 0
16004 2
16005 1
16006 4
16007 3
16008 2
16009 1
16010 0
16011 3
16012 2
16013 1
16014 0
16015 3
16016 4
16017 2
16018 1
16019 0
16020 3
16021 2
16022 1
16023 0
16024 3
16025 2
16026 1
16027 0
16028 3
16029 2
16030 1
16031 0
16032 3
16033 2
16034 1
16035 0
16036 3
16037 2
16038 1
16039 0
16040 3
16041 4
16042 2
16043 1
16044 0
16045 3
16046 2
16047 1
16048 0
16049 3
16050 2
16051 1
16052 0
16053 3
16054 2
16055 1
16056 0
16057 3
16058 2
16059 1
16060 0
16061 3
16062 2
16063 1
16064 0
16065 3
16066 2
16067 1
16068 0
16069 3
16070 2
16071 1
16072 0
16073 3
16074 2
16075 1
16076 0
16077 3
16078 2
16079 1
16080 0
16081 3
16082 2
16083 1
16084 0
16085 3
16086 2
16087 1
16088 0
16089 3
16090 2
16091 1
16092 4
16093 0
16094 2
16095 1
16096 3
16097 0
16098 2
16099 1
16100 3
16101 0
16102 2
16103 1
16104 4
16105 3
16106 2
16107 1
16108 0
16109 3
16110 2
16111 1
16112 0
16113 3
16114 2
16115 1
16116 4
16117 0
16118 2
16119 1
16120 3
16121 0
16122 2
16123 1
16124 3
16125 0
16126 2
16127 1
16128 4
16129 3
16130 2
16131 1
16132 0
16133 3
16134 2
16135 1
16136 0
16137 3
16138 4
16139 2
16140 1
16141 0
16142 3
16143 2
16144 1
16145 0
16146 3
16147 2
16148 1
16149 0
16150 3
16151 2
16152 1
16153 0
16154 3
16155 2
16156 1
16157 0
16158 3
16159 2
16160 1
16161 0
16162 3
16163 2
16164 1
16165 0
16166 3
16167 2
16168 1
16169 0
16170 3
16171 2
16172 1
16173 0
16174 3
16175 2
16176 1
16177 0
16178 3
16179 2
16180 1
16181 0
16182 3
16183 2
16184 1
16185 0
16186 3
16187 4
16188 2
16189 1
16190 0
16191 3
16192 2
16193 1
16194 0
16195 3
16196 2
16197 1
16198 0
16199 3
16200 2
16201 1
16202 0
16203 3
16204 2
16205 1
16206 0
16207 3
16208 2
16209 1
16210 0
16211 3
16212 2
16213 1
16214 0
16215 3
16216 2
16217 1
16218 0
16219 3
16220 2
16221 1
16222 0
16223 3
16224 2
16225 1
16226 0
16227 3
16228 2
16229 1
16230 0
16231 3
16232 2
16233 1
16234 0
16235 3
16236 4
16237 2
16238 1
16239 0
16240 3
16241 2
16242 1
16243 0
16244 3
16245 2
16246 1
16247 0
16248 3
16249 2
16250 1
16251 0
16252 3
16253 2
16254 1
16255 0
16256 3
16257 2
16258 1
16259 0
16260 3
16261 2
16262 1
16263 0
16264 3
16265 2
16266 1
16267 0
16268 3
16269 2
16270 1
16271 0
16272 3
16273 2
16274 1
16275 0
16276 3
16277 2
16278 1
16279 0
16280 3
16281 2
16282 1
16283 0
16284 3
16285 2
16286 1
16287 4
16288 0
16289 2
16290 1
16291 3
16292 0
16293 2
16294 1
16295 3
16296 0
16297 2
16298 1
16299 4
16300 3
16301 2
16302 1
16303 0
16304 3
16305 2
16306 1
16307 0
16308 3
16309 2
16310 1
16311 4
16312 0
16313 2
16314 1
16315 3
16316 0
16317 2
16318 1
16319 3
16320 0
16321 2
16322 1
16323 4
16324 3
16325 2
16326 1
16327 0
16328 3
16329 2
16330 1
16331 0
16332 3
16333 4
16334 2
16335 1
16336 0
16337 3
16338 2
16339 1
16340 0
16341 3
16342 2
16343 1
16344 0
16345 3
16346 2
16347 1
16348 0
16349 3
16350 2
16351 1
16352 0
16353 3
16354 2
16355 1
16356 0
16357 3
16358 2
16359 1
16360 0
16361 3
16362 2
16363 1
16364 0
16365 3
16366 2
16367 1
16368 0
16369 3
16370 2
16371 1
16372 0
16373 3
16374 2
16375 1
16376 0
16377 3
16378 2
16379 1
16380 0
16381 3
16382 4
16383 2
16384 1
16385 0
16386 3
16387 2
16388 1
16389 0
16390 3
16391 2
16392 1
16393 0
16394 3
16395 2
16396 1
16397 0
16398 3
16399 2
16400 1
16401 0
16402 3
16403 2
16404 1
16405 0
16406 3
16407 2
16408 1
16409 0
16410 3
16411 2
16412 1
16413 0
16414 3
16415 2
16416 1
16417 0
16418 3
16419 2
16420 1
16421 0
16422 3
16423 2
16424 1
16425 0
16426 3
16427 2
16428 1
16429 0
16430 3
16431 4
16432 2
16433 1
16434 0
16435 3
16436 2
16437 1
16438 0
16439 3
16440 2
16441 1
16442 0
16443 3
16444 2
16445 1
16446 0
16447 3
16448 2
16449 1
16450 0
16451 3
16452 2
16453 1
16454 0
16455 3
16456 2
16457 1
16458 0
16459 3
16460 2
16461 1
16462 0
16463 3
16464 2
16465 1
16466 0
16467 3
16468 2
16469 1
16470 0
16471 3
16472 2
16473 1
16474 0
16475 3
16476 2
16477 1
16478 0
16479 3
16480 2
16481 1
16482 4
16483 0
16484 2
16485 1
16486 3
16487 0
16488 2
16489 1
16490 3
16491 0
16492 2
16493 1
16494 4
16495 3
16496 2
16497 1
16498 0
16499 3
16500 2
16501 1
16502 0
16503 3
16504 2
16505 1
16506 4
16507 0
16508 2
16509 1
16510 3
16511 0
16512 2
16513 1
16514 3
16515 0
16516 2
16517 1
16518 4
16519 3
16520 2
16521 1
16522 0
16523 3
16524 2
16525 1
16526 0
16527 3
16528 4
16529 2
16530 1
16531 0
16532 3
16533 2
16534 1
16535 0
16536 3
16537 2
16538 1
16539 0
16540 3
16541 2
16542 1
16543 0
16544 3
16545 2
16546 1
16547 0
16548 3
16549 2
16550 1
16551 0
16552 3
16553 2
16554 1
16555 0
16556 3
16557 2
16558 1
16559 0
16560 3
16561 2
16562 1
16563 0
16564 3
16565 2
16566 1
16567 0
16568 3
16569 2
16570 1
16571 0
16572 3
16573 2
16574 1
16575 0
16576 3
16577 4
16578 2
16579 1
16580 0
16581 3
16582 2
16583 1
16584 0
16585 3
16586 2
16587 1
16588 0
16589 3
16590 2
16591 1
16592 0
16593 3
16594 2
16595 1
16596 0
16597 3
16598 2
16599 1
16600 0
16601 3
16602 2
16603 1
16604 0
16605 3
16606 2
16607 1
16608 0
16609 3
16610 2
16611 1
16612 0
16613 3
16614 2
16615 1
16616 0
16617 3
16618 2
16619 1
16620 0
16621 3
16622 2
16623 1
16624 0
16625 3
16626 4
16627 2
16628 1
16629 0
16630 3
16631 2
16632 1
16633 0
16634 3
16635 2
16636 1
16637 0
16638 3
16639 2
16640 1
16641 0
16642 3
16643 2
16644 1
16645 0
16646 3
16647 2
16648 1
16649 0
16650 3
16651 2
16652 1
16653 0
16654 3
16655 2
16656 1
16657 0
16658 3
16659 2
16660 1
16661 0
16662 3
16663 2
16664 1
16665 0
16666 3
16667 2
16668 1
16669 0
16670 3
16671 2
16672 1
16673 0
16674 3
16675 2
16676 1
16677 4
16678 0
16679 2
16680 1
16681 3
16682 0
16683 2
16684 1
16685 3
16686 0
16687 2
16688 1
16689 4
16690 3
16691 2
16692 1
16693 0
16694 3
16695 2
16696 1
16697 0
16698 3
16699 4
16700 2
16701 1
16702 0
16703 3
16704 2
16705 1
16706 0
16707 3
16708 2
16709 1
16710 0
16711 3
16712 2
16713 1
16714 0
16715 3
16716 2
16717 1
16718 0
16719 3
16720 2
16721 1
16722 0
16723 3
16724 4
16725 2
16726 1
16727 0
16728 3
16729 2
16730 1
16731 0
16732 3
16733 2
16734 1
16735 0
16736 3
16737 2
16738 1
16739 0
16740 3
16741 2
16742 1
16743 0
16744 3
16745 2
16746 1
16747 0
16748 3
16749 2
16750 1
16751 0
16752 3
16753 2
16754 1
16755 0
16756 3
16757 2
16758 1
16759 0
16760 3
16761 2
16762 1
16763 0
16764 3
16765 2
16766 1
16767 0
16768 3
16769 2
16770 1
16771 0
16772 3
16773 2
16774 1
16775 4
16776 0
16777 2
16778 1
16779 3
16780 0
16781 2
16782 1
16783 3
16784 0
16785 2
16786 1
16787 4
16788 3
16789 2
16790 1
16791 0
16792 3
16793 2
16794 1
16795 0
16796 3
16797 4
16798 2
16799 1
16800 0
16801 3
16802 2
16803 1
16804 0
16805 3
16806 2
16807 1
16808 0
16809 3
16810 2
16811 1
16812 0
16813 3
16814 2
16815 1
16816 0
16817 3
16818 2
16819 1
16820 0
16821 3
16822 4
16823 2
16824 1
16825 0
16826 3
16827 2
16828 1
16829 0
16830 3
16831 2
16832 1
16833 0
16834 3
16835 2
16836 1
16837 0
16838 3
16839 2
16840 1
16841 0
16842 3
16843 2
16844 1
16845 0
16846 3
16847 2
16848 1
16849 0
16850 3
16851 2
16852 1
16853 0
16854 3
16855 2
16856 1
16857 0
16858 3
16859 2
16860 1
16861 0
16862 3
16863 2
16864 1
16865 0
16866 3
16867 2
16868 1
16869 0
16870 3
16871 2
16872 1
16873 4
16874 0
16875 2
16876 1
16877 3
16878 0
16879 2
16880 1
16881 3
16882 0
16883 2
16884 1
16885 4
16886 3
16887 2
16888 1
16889 0
16890 3
16891 2
16892 1
16893 0
16894 3
16895 2
16896 1
16897 4
16898 0
16899 2
16900 1
16901 3
16902 0
16903 2
16904 1
16905 3
16906 0
16907 2
16908 1
16909 4
16910 3
16911 2
16912 1
16913 0
16914 3
16915 2
16916 1
16917 0
16918 3
16919 4
16920 2
16921 1
16922 0
16923 3
16924 2
16925 1
16926 0
16927 3
16928 2
16929 1
16930 0
16931 3
16932 2
16933 1
16934 0
16935 3
16936 2
16937 1
16938 0
16939 3
16940 2
16941 1
16942 0
16943 3
16944 2
16945 1
16946 0
16947 3
16948 2
16949 1
16950 0
16951 3
16952 2
16953 1
16954 0
16955 3
16956 2
16957 1
16958 0
16959 3
16960 2
16961 1
16962 0
16963 3
16964 2
16965 1
16966 0
16967 3
16968 4
16969 2
16970 1
16971 0
16972 3
16973 2
16974 1
16975 0
16976 3
16977 2
16978 1
16979 0
16980 3
16981 2
16982 1
16983 0
16984 3
16985 2
16986 1
16987 0
16988 3
16989 2
16990 1
16991 0
16992 3
16993 2
16994 1
16995 0
16996 3
16997 2
16998 1
16999 0
17000 3
17001 2
17002 1
17003 0
17004 3
17005 2
17006 1
17007 0
17008 3
17009 2
17010 1
17011 0
17012 3
17013 2
17014 1
17015 0
17016 3
17017 4
17018 2
17019 1
17020 0
17021 3
17022 2
17023 1
17024 0
17025 3
17026 2
17027 1
17028 0
17029 3
17030 2
17031 1
17032 0
17033 3
17034 2
17035 1
17036 0
17037 3
17038 2
17039 1
17040 0
17041 3
17042 2
17043 1
17044 0
17045 3
17046 2
17047 1
17048 0
17049 3
17050 2
17051 1
17052 0
17053 3
17054 2
17055 1
17056 0
17057 3
17058 2
17059 1
17060 0
17061 3
17062 2
17063 1
17064 0
17065 3
17066 2
17067 1
17068 4
17069 0
17070 2
17071 1
17072 3
17073 0
17074 2
17075 1
17076 3
17077 0
17078 2
17079 1
17080 4
17081 3
17082 2
17083 1
17084 0
17085 3
17086 2
17087 1
17088 0
17089 3
17090 4
17091 2
17092 1
17093 0
17094 3
17095 2
17096 1
17097 0
17098 3
17099 2
17100 1
17101 0
17102 3
17103 2
17104 1
17105 0
17106 3
17107 2
17108 1
17109 0
17110 3
17111 2
17112 1
17113 0
17114 3
17115 4
17116 2
17117 1
17118 0
17119 3
17120 2
17121 1
17122 0
17123 3
17124 2
17125 1
17126 0
17127 3
17128 2
17129 1
17130 0
17131 3
17132 2
17133 1
17134 0
17135 3
17136 2
17137 1
17138 0
17139 3
17140 2
17141 1
17142 0
17143 3
17144 2
17145 1
17146 0
17147 3
17148 2
17149 1
17150 0
17151 3
17152 2
17153 1
17154 0
17155 3
17156 2
17157 1
17158 0
17159 3
17160 2
17161 1
17162 0
17163 3
17164 2
17165 1
17166 4
17167 0
17168 2
17169 1
17170 3
17171 0
17172 2
17173 1
17174 3
17175 0
17176 2
17177 1
17178 4
17179 3
17180 2
17181 1
17182 0
17183 3
17184 2
17185 1
17186 0
17187 3
17188 4
17189 2
17190 1
17191 0
17192 3
17193 2
17194 1
17195 0
17196 3
17197 2
17198 1
17199 0
17200 3
17201 2
17202 1
17203 0
17204 3
17205 2
17206 1
17207 0
17208 3
17209 2
17210 1
17211 0
17212 3
17213 4
17214 2
17215 1
17216 0
17217 3
17218 2
17219 1
17220 0
17221 3
17222 2
17223 1
17224 0
17225 3
17226 2
17227 1
17228 0
17229 3
17230 2
17231 1
17232 0
17233 3
17234 2
17235 1
17236 0
17237 3
17238 2
17239 1
17240 0
17241 3
17242 2
17243 1
17244 0
17245 3
17246 2
17247 1
17248 0
17249 3
17250 2
17251 1
17252 0
17253 3
17254 2
17255 1
17256 0
17257 3
17258 2
17259 1
17260 0
17261 3
17262 2
17263 1
17264 4
17265 0
17266 2
17267 1
17268 3
17269 0
17270 2
17271 1
17272 3
17273 0
17274 2
17275 1
17276 4
17277 3
17278 2
17279 1
17280 0
17281 3
17282 2
17283 1
17284 0
17285 3
17286 2
17287 1
17288 4
17289 0
17290 2
17291 1
17292 3
17293 0
17294 2
17295 1
17296 3
17297 0
17298 2
17299 1
17300 4
17301 3
17302 2
17303 1
17304 0
17305 3
17306 2
17307 1
17308 0
17309 3
17310 4
17311 2
17312 1
17313 0
17314 3
17315 2
17316 1
17317 0
17318 3
17319 2
17320 1
17321 0
17322 3
17323 2
17324 1
17325 0
17326 3
17327 2
17328 1
17329 0
17330 3
17331 2
17332 1
17333 0
17334 3
17335 2
17336 1
17337 0
17338 3
17339 2
17340 1
17341 0
17342 3
17343 2
17344 1
17345 0
17346 3
17347 2
17348 1
17349 0
17350 3
17351 2
17352 1
17353 0
17354 3
17355 2
17356 1
17357 0
17358 3
17359 4
17360 2
17361 1
17362 0
17363 3
17364 2
17365 1
17366 0
17367 3
17368 2
17369 1
17370 0
17371 3
17372 2
17373 1
17374 0
17375 3
17376 2
17377 1
17378 0
17379 3
17380 2
17381 1
17382 0
17383 3
17384 2
17385 1
17386 0
17387 3
17388 2
17389 1
17390 0
17391 3
17392 2
17393 1
17394 0
17395 3
17396 2
17397 1
17398 0
17399 3
17400 2
17401 1
17402 0
17403 3
17404 2
17405 1
17406 0
17407 3
17408 4
17409 2
17410 1
17411 0
17412 3
17413 2
17414 1
17415 0
17416 3
17417 2
17418 1
17419 0
17420 3
17421 2
17422 1
17423 0
17424 3
17425 2
17426 1
17427 0
17428 3
17429 2
17430 1
17431 0
17432 3
17433 2
17434 1
17435 0
17436 3
17437 2
17438 1
17439 0
17440 3
17441 2
17442 1
17443 0
17444 3
17445 2
17446 1
17447 0
17448 3
17449 2
17450 1
17451 0
17452 3
17453 2
17454 1
17455 0
17456 3
17457 2
17458 1
17459 4
17460 0
17461 2
17462 1
17463 3
17464 0
17465 2
17466 1
17467 3
17468 0
17469 2
17470 1
17471 4
17472 3
17473 2
17474 1
17475 0
17476 3
17477 2
17478 1
17479 0
17480 3
17481 4
17482 2
17483 1
17484 0
17485 3
17486 2
17487 1
17488 0
17489 3
17490 2
17491 1
17492 0
17493 3
17494 2
17495 1
17496 0
17497 3
17498 2
17499 1
17500 0
17501 3
17502 2
17503 1
17504 0
17505 3
17506 4
17507 2
17508 1
17509 0
17510 3
17511 2
17512 1
17513 0
17514 3
17515 2
17516 1
17517 0
17518 3
17519 2
17520 1
17521 0
17522 3
17523 2
17524 1
17525 0
17526 3
17527 2
17528 1
17529 0
17530 3
17531 2
17532 1
17533 0
17534 3
17535 2
17536 1
17537 0
17538 3
17539 2
17540 1
17541 0
17542 3
17543 2
17544 1
17545 0
17546 3
17547 2
17548 1
17549 0
17550 3
17551 2
17552 1
17553 0
17554 3
17555 2
17556 1
17557 4
17558 0
17559 2
17560 1
17561 3
17562 0
17563 2
17564 1
17565 3
17566 0
17567 2
17568 1
17569 4
17570 3
17571 2
17572 1
17573 0
17574 3
17575 2
17576 1
17577 0
17578 3
17579 4
17580 2
17581 1
17582 0
17583 3
17584 2
17585 1
17586 0
17587 3
17588 2
17589 1
17590 0
17591 3
17592 2
17593 1
17594 0
17595 3
17596 2
17597 1
17598 0
17599 3
17600 2
17601 1
17602 0
17603 3
17604 4
17605 2
17606 1
17607 0
17608 3
17609 2
17610 1
17611 0
17612 3
17613 2
17614 1
17615 0
17616 3
17617 2
17618 1
17619 0
17620 3
17621 2
17622 1
17623 0
17624 3
17625 2
17626 1
17627 0
17628 3
17629 2
17630 1
17631 0
17632 3
17633 2
17634 1
17635 0
17636 3
17637 2
17638 1
17639 0
17640 3
17641 2
17642 1
17643 0
17644 3
17645 2
17646 1
17647 0
17648 3
17649 2
17650 1
17651 0
17652 3
17653 2
17654 1
17655 4
17656 0
17657 2
17658 1
17659 3
17660 0
17661 2
17662 1
17663 3
17664 0
17665 2
17666 1
17667 4
17668 3
17669 2
17670 1
17671 0
17672 3
17673 2
17674 1
17675 0
17676 3
17677 2
17678 1
17679 4
17680 0
17681 2
17682 1
17683 3
17684 0
17685 2
17686 1
17687 3
17688 0
17689 2
17690 1
17691 4
17692 3
17693 2
17694 1
17695 0
17696 3
17697 2
17698 1
17699 0
17700 3
17701 4
17702 2
17703 1
17704 0
17705 3
17706 2
17707 1
17708 0
17709 3
17710 2
17711 1
17712 0
17713 3
17714 2
17715 1
17716 0
17717 3
17718 2
17719 1
17720 0
17721 3
17722 2
17723 1
17724 0
17725 3
17726 2
17727 1
17728 0
17729 3
17730 2
17731 1
17732 0
17733 3
17734 2
17735 1
17736 0
17737 3
17738 2
17739 1
17740 0
17741 3
17742 2
17743 1
17744 0
17745 3
17746 2
17747 1
17748 0
17749 3
17750 4
17751 2
17752 1
17753 0
17754 3
17755 2
17756 1
17757 0
17758 3
17759 2
17760 1
17761 0
17762 3
17763 2
17764 1
17765 0
17766 3
17767 2
17768 1
17769 0
17770 3
17771 2
17772 1
17773 0
17774 3
17775 2
17776 1
17777 0
17778 3
17779 2
17780 1
17781 0
17782 3
17783 2
17784 1
17785 0
17786 3
17787 2
17788 1
17789 0
17790 3
17791 2
17792 1
17793 0
17794 3
17795 2
17796 1
17797 0
17798 3
17799 4
17800 2
17801 1
17802 0
17803 3
17804 2
17805 1
17806 0
17807 3
17808 2
17809 1
17810 0
17811 3
17812 2
17813 1
17814 0
17815 3
17816 2
17817 1
17818 0
17819 3
17820 2
17821 1
17822 0
17823 3
17824 2
17825 1
17826 0
17827 3
17828 2
17829 1
17830 0
17831 3
17832 2
17833 1
17834 0
17835 3
17836 2
17837 1
17838 0
17839 3
17840 2
17841 1
17842 0
17843 3
17844 2
17845 1
17846 0
17847 3
17848 2
17849 1
17850 4
17851 0
17852 2
17853 1
17854 3
17855 0
17856 2
17857 1
17858 3
17859 0
17860 2
17861 1
17862 4
17863 3
17864 2
17865 1
17866 0
17867 3
17868 2
17869 1
17870 0
17871 3
17872 2
17873 1
17874 4
17875 0
17876 2
17877 1
17878 3
17879 0
17880 2
17881 1
17882 3
17883 0
17884 2
17885 1
17886 4
17887 3
17888 2
17889 1
17890 0
17891 3
17892 2
17893 1
17894 0
17895 3
17896 4
17897 2
17898 1
17899 0
17900 3
17901 2
17902 1
17903 0
17904 3
17905 2
17906 1
17907 0
17908 3
17909 2
17910 1
17911 0
17912 3
17913 2
17914 1
17915 0
17916 3
17917 2
17918 1
17919 0
17920 3
17921 2
17922 1
17923 0
17924 3
17925 2
17926 1
17927 0
17928 3
17929 2
17930 1
17931 0
17932 3
17933 2
17934 1
17935 0
17936 3
17937 2
17938 1
17939 0
17940 3
17941 2
17942 1
17943 0
17944 3
17945 4
17946 2
17947 1
17948 0
17949 3
17950 2
17951 1
17952 0
17953 3
17954 2
17955 1
17956 0
17957 3
17958 2
17959 1
17960 0
17961 3
17962 2
17963 1
17964 0
17965 3
17966 2
17967 1
17968 0
17969 3
17970 2
17971 1
17972 0
17973 3
17974 2
17975 1
17976 0
17977 3
17978 2
17979 1
17980 0
17981 3
17982 2
17983 1
17984 0
17985 3
17986 2
17987 1
17988 0
17989 3
17990 2
17991 1
17992 0
17993 3
17994 4
17995 2
17996 1
17997 0
17998 3
17999 2
18000 1
18001 0
18002 3
18003 2
18004 1
18005 0
18006 3
18007 2
18008 1
18009 0
18010 3
18011 2
18012 1
18013 0
18014 3
18015 2
18016 1
18017 0
18018 3
18019 2
18020 1
18021 0
18022 3
18023 2
18024 1
18025 0
18026 3
18027 2
18028 1
18029 0
18030 3
18031 2
18032 1
18033 0
18034 3
18035 2
18036 1
18037 0
18038 3
18039 2
18040 1
18041 0
18042 3
18043 2
18044 1
18045 4
18046 0
18047 2
18048 1
18049 3
18050 0
18051 2
18052 1
18053 3
18054 0
18055 2
18056 1
18057 4
18058 3
18059 2
18060 1
18061 0
18062 3
18063 2
18064 1
18065 0
18066 3
18067 2
18068 1
18069 4
18070 0
18071 2
18072 1
18073 3
18074 0
18075 2
18076 1
18077 3
18078 0
18079 2
18080 1
18081 4
18082 3
18083 2
18084 1
18085 0
18086 3
18087 2
18088 1
18089 0
18090 3
18091 4
18092 2
18093 1
18094 0
18095 3
18096 2
18097 1
18098 0
18099 3
18100 2
18101 1
18102 0
18103 3
18104 2
18105 1
18106 0
18107 3
18108 2
18109 1
18110 0
18111 3
18112 2
18113 1
18114 0
18115 3
18116 2
18117 1
18118 0
18119 3
18120 2
18121 1
18122 0
18123 3
18124 2
18125 1
18126 0
18127 3
18128 2
18129 1
18130 0
18131 3
18132 2
18133 1
18134 0
18135 3
18136 2
18137 1
18138 0
18139 3
18140 4
18141 2
18142 1
18143 0
18144 3
18145 2
18146 1
18147 0
18148 3
18149 2
18150 1
18151 0
18152 3
18153 2
18154 1
18155 0
18156 3
18157 2
18158 1
18159 0
18160 3
18161 2
18162 1
18163 0
18164 3
18165 2
18166 1
18167 0
18168 3
18169 2
18170 1
18171 0
18172 3
18173 2
18174 1
18175 0
18176 3
18177 2
18178 1
18179 0
18180 3
18181 2
18182 1
18183 0
18184 3
18185 2
18186 1
18187 0
18188 3
18189 4
18190 2
18191 1
18192 0
18193 3
18194 2
18195 1
18196 0
18197 3
18198 2
18199 1
18200 0
18201 3
18202 2
18203 1
18204 0
18205 3
18206 2
18207 1
18208 0
18209 3
18210 2
18211 1
18212 0
18213 3
18214 2
18215 1
18216 0
18217 3
18218 2
18219 1
18220 0
18221 3
18222 2
18223 1
18224 0
18225 3
18226 2
18227 1
18228 0
18229 3
18230 2
18231 1
18232 0
18233 3
18234 2
18235 1
18236 0
18237 3
18238 2
18239 1
18240 4
18241 0
18242 2
18243 1
18244 3
18245 0
18246 2
18247 1
18248 3
18249 0
18250 2
18251 1
18252 4
18253 3
18254 2
18255 1
18256 0
18257 3
18258 2
18259 1
18260 0
18261 3
18262 4
18263 2
18264 1
18265 0
18266 3
18267 2
18268 1
18269 0
18270 3
18271 2
18272 1
18273 0
18274 3
18275 2
18276 1
18277 0
18278 3
18279 2
18280 1
18281 0
18282 3
18283 2
18284 1
18285 0
18286 3
18287 4
18288 2
18289 1
18290 0
18291 3
18292 2
18293 1
18294 0
18295 3
18296 2
18297 1
18298 0
18299 3
18300 2
18301 1
18302 0
18303 3
18304 2
18305 1
18306 0
18307 3
18308 2
18309 1
18310 0
18311 3
18312 2
18313 1
18314 0
18315 3
18316 2
18317 1
18318 0
18319 3
18320 2
18321 1
18322 0
18323 3
18324 2
18325 1
18326 0
18327 3
18328 2
18329 1
18330 0
18331 3
18332 2
18333 1
18334 0
18335 3
18336 2
18337 1
18338 4
18339 0
18340 2
18341 1
18342 3
18343 0
18344 2
18345 1
18346 3
18347 0
18348 2
18349 1
18350 4
18351 3
18352 2
18353 1
18354 0
18355 3
18356 2
18357 1
18358 0
18359 3
18360 4
18361 2
18362 1
18363 0
18364 3
18365 2
18366 1
18367 0
18368 3
18369 2
18370 1
18371 0
18372 3
18373 2
18374 1
18375 0
18376 3
18377 2
18378 1
18379 0
18380 3
18381 2
18382 1
18383 0
18384 3
18385 4
18386 2
18387 1
18388 0
18389 3
18390 2
18391 1
18392 0
18393 3
18394 2
18395 1
18396 0
18397 3
18398 2
18399 1
18400 0
18401 3
18402 2
18403 1
18404 0
18405 3
18406 2
18407 1
18408 0
18409 3
18410 2
18411 1
18412 0
18413 3
18414 2
18415 1
18416 0
18417 3
18418 2
18419 1
18420 0
18421 3
18422 2
18423 1
18424 0
18425 3
18426 2
18427 1
18428 0
18429 3
18430 2
18431 1
18432 0
18433 3
18434 2
18435 1
18436 4
18437 0
18438 2
18439 1
18440 3
18441 0
18442 2
18443 1
18444 3
18445 0
18446 2
18447 1
18448 4
18449 3
18450 2
18451 1
18452 0
18453 3
18454 2
18455 1
18456 0
18457 3
18458 2
18459 1
18460 4
18461 0
18462 2
18463 1
18464 3
18465 0
18466 2
18467 1
18468 3
18469 0
18470 2
18471 1
18472 4
18473 3
18474 2
18475 1
18476 0
18477 3
18478 2
18479 1
18480 0
18481 3
18482 4
18483 2
18484 1
18485 0
18486 3
18487 2
18488 1
18489 0
18490 3
18491 2
18492 1
18493 0
18494 3
18495 2
18496 1
18497 0
18498 3
18499 2
18500 1
18501 0
18502 3
18503 2
18504 1
18505 0
18506 3
18507 2
18508 1
18509 0
18510 3
18511 2
18512 1
18513 0
18514 3
18515 2
18516 1
18517 0
18518 3
18519 2
18520 1
18521 0
18522 3
18523 2
18524 1
18525 0
18526 3
18527 2
18528 1
18529 0
18530 3
18531 4
18532 2
18533 1
18534 0
18535 3
18536 2
18537 1
18538 0
18539 3
18540 2
18541 1
18542 0
18543 3
18544 2
18545 1
18546 0
18547 3
18548 2
18549 1
18550 0
18551 3
18552 2
18553 1
18554 0
18555 3
18556 2
18557 1
18558 0
18559 3
18560 2
18561 1
18562 0
18563 3
18564 2
18565 1
18566 0
18567 3
18568 2
18569 1
18570 0
18571 3
18572 2
18573 1
18574 0
18575 3
18576 2
18577 1
18578 0
18579 3
18580 4
18581 2
18582 1
18583 0
18584 3
18585 2
18586 1
18587 0
18588 3
18589 2
18590 1
18591 0
18592 3
18593 2
18594 1
18595 0
18596 3
18597 2
18598 1
18599 0
18600 3
18601 2
18602 1
18603 0
18604 3
18605 2
18606 1
18607 0
18608 3
18609 2
18610 1
18611 0
18612 3
18613 2
18614 1
18615 0
18616 3
18617 2
18618 1
18619 0
18620 3
18621 2
18622 1
18623 0
18624 3
18625 2
18626 1
18627 0
18628 3
18629 2
18630 1
18631 4
18632 0
18633 2
18634 1
18635 3
18636 0
18637 2
18638 1
18639 3
18640 0
18641 2
18642 1
18643 4
18644 3
18645 2
18646 1
18647 0
18648 3
18649 2
18650 1
18651 0
18652 3
18653 2
18654 1
18655 4
18656 0
18657 2
18658 1
18659 3
18660 0
18661 2
18662 1
18663 3
18664 0
18665 2
18666 1
18667 4
18668 3
18669 2
18670 1
18671 0
18672 3
18673 2
18674 1
18675 0
18676 3
18677 4
18678 2
18679 1
18680 0
18681 3
18682 2
18683 1
18684 0
18685 3
18686 2
18687 1
18688 0
18689 3
18690 2
18691 1
18692 0
18693 3
18694 2
18695 1
18696 0
18697 3
18698 2
18699 1
18700 0
18701 3
18702 2
18703 1
18704 0
18705 3
18706 2
18707 1
18708 0
18709 3
18710 2
18711 1
18712 0
18713 3
18714 2
18715 1
18716 0
18717 3
18718 2
18719 1
18720 0
18721 3
18722 2
18723 1
18724 0
18725 3
18726 2
18727 1
18728 4
18729 0
18730 2
18731 1
18732 3
18733 0
18734 2
18735 1
18736 3
18737 0
18738 2
18739 1
18740 4
18741 3
18742 2
18743 1
18744 0
18745 3
18746 2
18747 1
18748 0
18749 3
18750 4
18751 2
18752 1
18753 0
18754 3
18755 2
18756 1
18757 0
18758 3
18759 2
18760 1
18761 0
18762 3
18763 2
18764 1
18765 0
18766 3
18767 2
18768 1
18769 0
18770 3
18771 2
18772 1
18773 0
18774 3
18775 4
18776 2
18777 1
18778 0
18779 3
18780 2
18781 1
18782 0
18783 3
18784 2
18785 1
18786 0
18787 3
18788 2
18789 1
18790 0
18791 3
18792 2
18793 1
18794 0
18795 3
18796 2
18797 1
18798 0
18799 3
18800 2
18801 1
18802 0
18803 3
18804 2
18805 1
18806 0
18807 3
18808 2
18809 1
18810 0
18811 3
18812 2
18813 1
18814 0
18815 3
18816 2
18817 1
18818 0
18819 3
18820 2
18821 1
18822 0
18823 3
18824 2
18825 1
18826 4
18827 0
18828 2
18829 1
18830 3
18831 0
18832 2
18833 1
18834 3
18835 0
18836 2
18837 1
18838 4
18839 3
18840 2
18841 1
18842 0
18843 3
18844 2
18845 1
18846 0
18847 3
18848 2
18849 1
18850 4
18851 0
18852 2
18853 1
18854 3
18855 0
18856 2
18857 1
18858 3
18859 0
18860 2
18861 1
18862 4
18863 3
18864 2
18865 1
18866 0
18867 3
18868 2
18869 1
18870 0
18871 3
18872 4
18873 2
18874 1
18875 0
18876 3
18877 2
18878 1
18879 0
18880 3
18881 2
18882 1
18883 0
18884 3
18885 2
18886 1
18887 0
18888 3
18889 2
18890 1
18891 0
18892 3
18893 2
18894 1
18895 0
18896 3
18897 2
18898 1
18899 0
18900 3
18901 2
18902 1
18903 0
18904 3
18905 2
18906 1
18907 0
18908 3
18909 2
18910 1
18911 0
18912 3
18913 2
18914 1
18915 0
18916 3
18917 2
18918 1
18919 0
18920 3
18921 4
18922 2
18923 1
18924 0
18925 3
18926 2
18927 1
18928 0
18929 3
18930 2
18931 1
18932 0
18933 3
18934 2
18935 1
18936 0
18937 3
18938 2
18939 1
18940 0
18941 3
18942 2
18943 1
18944 0
18945 3
18946 2
18947 1
18948 0
18949 3
18950 2
18951 1
18952 0
18953 3
18954 2
18955 1
18956 0
18957 3
18958 2
18959 1
18960 0
18961 3
18962 2
18963 1
18964 0
18965 3
18966 2
18967 1
18968 0
18969 3
18970 4
18971 2
18972 1
18973 0
18974 3
18975 2
18976 1
18977 0
18978 3
18979 2
18980 1
18981 0
18982 3
18983 2
18984 1
18985 0
18986 3
18987 2
18988 1
18989 0
18990 3
18991 2
18992 1
18993 0
18994 3
18995 2
18996 1
18997 0
18998 3
18999 2
19000 1
19001 0
19002 3
19003 2
19004 1
19005 0
19006 3
19007 2
19008 1
19009 0
19010 3
19011 2
19012 1
19013 0
19014 3
19015 2
19016 1
19017 0
19018 3
19019 2
19020 1
19021 4
19022 0
19023 2
19024 1
19025 3
19026 0
19027 2
19028 1
19029 3
19030 0
19031 2
19032 1
19033 4
19034 3
19035 2
19036 1
19037 0
19038 3
19039 2
19040 1
19041 0
19042 3
19043 4
19044 2
19045 1
19046 0
19047 3
19048 2
19049 1
19050 0
19051 3
19052 2
19053 1
19054 0
19055 3
19056 2
19057 1
19058 0
19059 3
19060 2
19061 1
19062 0
19063 3
19064 2
19065 1
19066 0
19067 3
19068 4
19069 2
19070 1
19071 0
19072 3
19073 2
19074 1
19075 0
19076 3
19077 2
19078 1
19079 0
19080 3
19081 2
19082 1
19083 0
19084 3
19085 2
19086 1
19087 0
19088 3
19089 2
19090 1
19091 0
19092 3
19093 2
19094 1
19095 0
19096 3
19097 2
19098 1
19099 0
19100 3
19101 2
19102 1
19103 0
19104 3
19105 2
19106 1
19107 0
19108 3
19109 2
19110 1
19111 0
19112 3
19113 2
19114 1
19115 0
19116 3
19117 2
19118 1
19119 4
19120 0
19121 2
19122 1
19123 3
19124 0
19125 2
19126 1
19127 3
19128 0
19129 2
19130 1
19131 4
19132 3
19133 2
19134 1
19135 0
19136 3
19137 2
19138 1
19139 0
19140 3
19141 4
19142 2
19143 1
19144 0
19145 3
19146 2
19147 1
19148 0
19149 3
19150 2
19151 1
19152 0
19153 3
19154 2
19155 1
19156 0
19157 3
19158 2
19159 1
19160 0
19161 3
19162 2
19163 1
19164 0
19165 3
19166 4
19167 2
19168 1
19169 0
19170 3
19171 2
19172 1
19173 0
19174 3
19175 2
19176 1
19177 0
19178 3
19179 2
19180 1
19181 0
19182 3
19183 2
19184 1
19185 0
19186 3
19187 2
19188 1
19189 0
19190 3
19191 2
19192 1
19193 0
19194 3
19195 2
19196 1
19197 0
19198 3
19199 2
19200 1
19201 0
19202 3
19203 2
19204 1
19205 0
19206 3
19207 2
19208 1
19209 0
19210 3
19211 2
19212 1
19213 0
19214 3
19215 2
19216 1
19217 4
19218 0
19219 2
19220 1
19221 3
19222 0
19223 2
19224 1
19225 3
19226 0
19227 2
19228 1
19229 4
19230 3
19231 2
19232 1
19233 0
19234 3
19235 2
19236 1
19237 0
19238 3
19239 2
19240 1
19241 4
19242 0
19243 2
19244 1
19245 3
19246 0
19247 2
19248 1
19249 3
19250 0
19251 2
19252 1
19253 4
19254 3
19255 2
19256 1
19257 0
19258 3
19259 2
19260 1
19261 0
19262 3
19263 4
19264 2
19265 1
19266 0
19267 3
19268 2
19269 1
19270 0
19271 3
19272 2
19273 1
19274 0
19275 3
19276 2
19277 1
19278 0
19279 3
19280 2
19281 1
19282 0
19283 3
19284 2
19285 1
19286 0
19287 3
19288 2
19289 1
19290 0
19291 3
19292 2
19293 1
19294 0
19295 3
19296 2
19297 1
19298 0
19299 3
19300 2
19301 1
19302 0
19303 3
19304 2
19305 1
19306 0
19307 3
19308 2
19309 1
19310 0
19311 3
19312 4
19313 2
19314 1
19315 0
19316 3
19317 2
19318 1
19319 0
19320 3
19321 2
19322 1
19323 0
19324 3
19325 2
19326 1
19327 0
19328 3
19329 2
19330 1
19331 0
19332 3
19333 2
19334 1
19335 0
19336 3
19337 2
19338 1
19339 0
19340 3
19341 2
19342 1
19343 0
19344 3
19345 2
19346 1
19347 0
19348 3
19349 2
19350 1
19351 0
19352 3
19353 2
19354 1
19355 0
19356 3
19357 2
19358 1
19359 0
19360 3
19361 4
19362 2
19363 1
19364 0
19365 3
19366 2
19367 1
19368 0
19369 3
19370 2
19371 1
19372 0
19373 3
19374 2
19375 1
19376 0
19377 3
19378 2
19379 1
19380 0
19381 3
19382 2
19383 1
19384 0
19385 3
19386 2
19387 1
19388 0
19389 3
19390 2
19391 1
19392 0
19393 3
19394 2
19395 1
19396 0
19397 3
19398 2
19399 1
19400 0
19401 3
19402 2
19403 1
19404 0
19405 3
19406 2
19407 1
19408 0
19409 3
19410 2
19411 1
19412 4
19413 0
19414 2
19415 1
19416 3
19417 0
19418 2
19419 1
19420 3
19421 0
19422 2
19423 1
19424 4
19425 3
19426 2
19427 1
19428 0
19429 3
19430 2
19431 1
19432 0
19433 3
19434 2
19435 1
19436 4
19437 0
19438 2
19439 1
19440 3
19441 0
19442 2
19443 1
19444 3
19445 0
19446 2
19447 1
19448 4
19449 3
19450 2
19451 1
19452 0
19453 3
19454 2
19455 1
19456 0
19457 3
19458 4
19459 2
19460 1
19461 0
19462 3
19463 2
19464 1
19465 0
19466 3
19467 2
19468 1
19469 0
19470 3
19471 2
19472 1
19473 0
19474 3
19475 2
19476 1
19477 0
19478 3
19479 2
19480 1
19481 0
19482 3
19483 2
19484 1
19485 0
19486 3
19487 2
19488 1
19489 0
19490 3
19491 2
19492 1
19493 0
19494 3
19495 2
19496 1
19497 0
19498 3
19499 2
19500 1
19501 0
19502 3
19503 2
19504 1
19505 0
19506 3
19507 4
19508 2
19509 1
19510 0
19511 3
19512 2
19513 1
19514 0
19515 3
19516 2
19517 1
19518 0
19519 3
19520 2
19521 1
19522 0
19523 3
19524 2
19525 1
19526 0
19527 3
19528 2
19529 1
19530 0
19531 3
19532 2
19533 1
19534 0
19535 3
19536 2
19537 1
19538 0
19539 3
19540 2
19541 1
19542 0
19543 3
19544 2
19545 1
19546 0
19547 3
19548 2
19549 1
19550 0
19551 3
19552 2
19553 1
19554 0
19555 3
19556 4
19557 2
19558 1
19559 0
19560 3
19561 2
19562 1
19563 0
19564 3
19565 2
19566 1
19567 0
19568 3
19569 2
19570 1
19571 0
19572 3
19573 2
19574 1
19575 0
19576 3
19577 2
19578 1
19579 0
19580 3
19581 2
19582 1
19583 0
19584 3
19585 2
19586 1
19587 0
19588 3
19589 2
19590 1
19591 0
19592 3
19593 2
19594 1
19595 0
19596 3
19597 2
19598 1
19599 0
19600 3
19601 2
19602 1
19603 0
19604 3
19605 2
19606 1
19607 4
19608 0
19609 2
19610 1
19611 3
19612 0
19613 2
19614 1
19615 3
19616 0
19617 2
19618 1
19619 4
19620 3
19621 2
19622 1
19623 0
19624 3
19625 2
19626 1
19627 0
19628 3
19629 2
19630 1
19631 4
19632 0
19633 2
19634 1
19635 3
19636 0
19637 2
19638 1
19639 3
19640 0
19641 2
19642 1
19643 4
19644 3
19645 2
19646 1
19647 0
19648 3
19649 2
19650 1
19651 0
19652 3
19653 4
19654 2
19655 1
19656 0
19657 3
19658 2
19659 1
19660 0
19661 3
19662 2
19663 1
19664 0
19665 3
19666 2
19667 1
19668 0
19669 3
19670 2
19671 1
19672 0
19673 3
19674 2
19675 1
19676 0
19677 3
19678 2
19679 1
19680 0
19681 3
19682 2
19683 1
19684 0
19685 3
19686 2
19687 1
19688 0
19689 3
19690 2
19691 1
19692 0
19693 3
19694 2
19695 1
19696 0
19697 3
19698 2
19699 1
19700 0
19701 3
19702 4
19703 2
19704 1
19705 0
19706 3
19707 2
19708 1
19709 0
19710 3
19711 2
19712 1
19713 0
19714 3
19715 2
19716 1
19717 0
19718 3
19719 2
19720 1
19721 0
19722 3
19723 2
19724 1
19725 0
19726 3
19727 2
19728 1
19729 0
19730 3
19731 2
19732 1
19733 0
19734 3
19735 2
19736 1
19737 0
19738 3
19739 2
19740 1
19741 0
19742 3
19743 2
19744 1
19745 0
19746 3
19747 2
19748 1
19749 0
19750 3
19751 4
19752 2
19753 1
19754 0
19755 3
19756 2
19757 1
19758 0
19759 3
19760 2
19761 1
19762 0
19763 3
19764 2
19765 1
19766 0
19767 3
19768 2
19769 1
19770 0
19771 3
19772 2
19773 1
19774 0
19775 3
19776 2
19777 1
19778 0
19779 3
19780 2
19781 1
19782 0
19783 3
19784 2
19785 1
19786 0
19787 3
19788 2
19789 1
19790 0
19791 3
19792 2
19793 1
19794 0
19795 3
19796 2
19797 1
19798 0
19799 3
19800 2
19801 1
19802 4
19803 0
19804 2
19805 1
19806 3
19807 0
19808 2
19809 1
19810 3
19811 0
19812 2
19813 1
19814 4
19815 3
19816 2
19817 1
19818 0
19819 3
19820 2
19821 1
19822 0
19823 3
19824 4
19825 2
19826 1
19827 0
19828 3
19829 2
19830 1
19831 0
19832 3
19833 2
19834 1
19835 0
19836 3
19837 2
19838 1
19839 0
19840 3
19841 2
19842 1
19843 0
19844 3
19845 2
19846 1
19847 0
19848 3
19849 4
19850 2
19851 1
19852 0
19853 3
19854 2
19855 1
19856 0
19857 3
19858 2
19859 1
19860 0
19861 3
19862 2
19863 1
19864 0
19865 3
19866 2
19867 1
19868 0
19869 3
19870 2
19871 1
19872 0
19873 3
19874 2
19875 1
19876 0
19877 3
19878 2
19879 1
19880 0
19881 3
19882 2
19883 1
19884 0
19885 3
19886 2
19887 1
19888 0
19889 3
19890 2
19891 1
19892 0
19893 3
19894 2
19895 1
19896 0
19897 3
19898 2
19899 1
19900 4
19901 0
19902 2
19903 1
19904 3
19905 0
19906 2
19907 1
19908 3
19909 0
19910 2
19911 1
19912 4
19913 3
19914 2
19915 1
19916 0
19917 3
19918 2
19919 1
19920 0
19921 3
19922 4
19923 2
19924 1
19925 0
19926 3
19927 2
19928 1
19929 0
19930 3
19931 2
19932 1
19933 0
19934 3
19935 2
19936 1
19937 0
19938 3
19939 2
19940 1
19941 0
19942 3
19943 2
19944 1
19945 0
19946 3
19947 4
19948 2
19949 1
19950 0
19951 3
19952 2
19953 1
19954 0
19955 3
19956 2
19957 1
19958 0
19959 3
19960 2
19961 1
19962 0
19963 3
19964 2
19965 1
19966 0
19967 3
19968 2
19969 1
19970 0
19971 3
19972 2
19973 1
19974 0
19975 3
19976 2
19977 1
19978 0
19979 3
19980 2
19981 1
19982 0
19983 3
19984 2
19985 1
19986 0
19987 3
19988 2
19989 1
19990 0
19991 3
19992 2
19993 1
19994 0
19995 3
19996 2
19997 1
19998 4
19999 0
20000 2
20001 1
20002 3
20003 0
20004 2
20005 1
20006 3
20007 0
20008 2
20009 1
20010 4
20011 3
20012 2
20013 1
20014 0
20015 3
20016 2
20017 1
20018 0
20019 3
20020 2
20021 1
20022 4
20023 0
20024 2
20025 1
20026 3
20027 0
20028 2
20029 1
20030 3
20031 0
20032 2
20033 1
20034 4
20035 3
20036 2
20037 1
20038 0
20039 3
20040 2
20041 1
20042 0
20043 3
20044 4
20045 2
20046 1
20047 0
20048 3
20049 2
20050 1
20051 0
20052 3
20053 2
20054 1
20055 0
20056 3
20057 2
20058 1
20059 0
20060 3
20061 2
20062 1
20063 0
20064 3
20065 2
20066 1
20067 0
20068 3
20069 2
20070 1
20071 0
20072 3
20073 2
20074 1
20075 0
20076 3
20077 2
20078 1
20079 0
20080 3
20081 2
20082 1
20083 0
20084 3
20085 2
20086 1
20087 0
20088 3
20089 2
20090 1
20091 0
20092 3
20093 4
20094 2
20095 1
20096 0
20097 3
20098 2
20099 1
20100 0
20101 3
20102 2
20103 1
20104 0
20105 3
20106 2
20107 1
20108 0
20109 3
20110 2
20111 1
20112 0
20113 3
20114 2
20115 1
20116 0
20117 3
20118 2
20119 1
20120 0
20121 3
20122 2
20123 1
20124 0
20125 3
20126 2
20127 1
20128 0
20129 3
20130 2
20131 1
20132 0
20133 3
20134 2
20135 1
20136 0
20137 3
20138 2
20139 1
20140 0
20141 3
20142 4
20143 2
20144 1
20145 0
20146 3
20147 2
20148 1
20149 0
20150 3
20151 2
20152 1
20153 0
20154 3
20155 2
20156 1
20157 0
20158 3
20159 2
20160 1
20161 0
20162 3
20163 2
20164 1
20165 0
20166 3
20167 2
20168 1
20169 0
20170 3
20171 2
20172 1
20173 0
20174 3
20175 2
20176 1
20177 0
20178 3
20179 2
20180 1
20181 0
20182 3
20183 2
20184 1
20185 0
20186 3
20187 2
20188 1
20189 0
20190 3
20191 2
20192 1
20193 4
20194 0
20195 2
20196 1
20197 3
20198 0
20199 2
20200 1
20201 3
20202 0
20203 2
20204 1
20205 4
20206 3
20207 2
20208 1
20209 0
20210 3
20211 2
20212 1
20213 0
20214 3
20215 4
20216 2
20217 1
20218 0
20219 3
20220 2
20221 1
20222 0
20223 3
20224 2
20225 1
20226 0
20227 3
20228 2
20229 1
20230 0
20231 3
20232 2
20233 1
20234 0
20235 3
20236 2
20237 1
20238 0
20239 3
20240 4
20241 2
20242 1
20243 0
20244 3
20245 2
20246 1
20247 0
20248 3
20249 2
20250 1
20251 0
20252 3
20253 2
20254 1
20255 0
20256 3
20257 2
20258 1
20259 0
20260 3
20261 2
20262 1
20263 0
20264 3
20265 2
20266 1
20267 0
20268 3
20269 2
20270 1
20271 0
20272 3
20273 2
20274 1
20275 0
20276 3
20277 2
20278 1
20279 0
20280 3
20281 2
20282 1
20283 0
20284 3
20285 2
20286 1
20287 0
20288 3
20289 2
20290 1
20291 4
20292 0
20293 2
20294 1
20295 3
20296 0
20297 2
20298 1
20299 3
20300 0
20301 2
20302 1
20303 4
20304 3
20305 2
20306 1
20307 0
20308 3
20309 2
20310 1
20311 0
20312 3
20313 4
20314 2
20315 1
20316 0
20317 3
20318 2
20319 1
20320 0
20321 3
20322 2
20323 1
20324 0
20325 3
20326 2
20327 1
20328 0
20329 3
20330 2
20331 1
20332 0
20333 3
20334 2
20335 1
20336 0
20337 3
20338 4
20339 2
20340 1
20341 0
20342 3
20343 2
20344 1
20345 0
20346 3
20347 2
20348 1
20349 0
20350 3
20351 2
20352 1
20353 0
20354 3
20355 2
20356 1
20357 0
20358 3
20359 2
20360 1
20361 0
20362 3
20363 2
20364 1
20365 0
20366 3
20367 2
20368 1
20369 0
20370 3
20371 2
20372 1
20373 0
20374 3
20375 2
20376 1
20377 0
20378 3
20379 2
20380 1
20381 0
20382 3
20383 2
20384 1
20385 0
20386 3
20387 2
20388 1
20389 4
20390 0
20391 2
20392 1
20393 3
20394 0
20395 2
20396 1
20397 3
20398 0
20399 2
20400 1
20401 4
20402 3
20403 2
20404 1
20405 0
20406 3
20407 2
20408 1
20409 0
20410 3
20411 2
20412 1
20413 4
20414 0
20415 2
20416 1
20417 3
20418 0
20419 2
20420 1
20421 3
20422 0
20423 2
20424 1
20425 4
20426 3
20427 2
20428 1
20429 0
20430 3
20431 2
20432 1
20433 0
20434 3
20435 4
20436 2
20437 1
20438 0
20439 3
20440 2
20441 1
20442 0
20443 3
20444 2
20445 1
20446 0
20447 3
20448 2
20449 1
20450 0
20451 3
20452 2
20453 1
20454 0
20455 3
20456 2
20457 1
20458 0
20459 3
20460 2
20461 1
20462 0
20463 3
20464 2
20465 1
20466 0
20467 3
20468 2
20469 1
20470 0
20471 3
20472 2
20473 1
20474 0
20475 3
20476 2
20477 1
20478 0
20479 3
20480 2
20481 1
20482 0
20483 3
20484 4
20485 2
20486 1
20487 0
20488 3
20489 2
20490 1
20491 0
20492 3
20493 2
20494 1
20495 0
20496 3
20497 2
20498 1
20499 0
20500 3
20501 2
20502 1
20503 0
20504 3
20505 2
20506 1
20507 0
20508 3
20509 2
20510 1
20511 0
20512 3
20513 2
20514 1
20515 0
20516 3
20517 2
20518 1
20519 0
20520 3
20521 2
20522 1
20523 0
20524 3
20525 2
20526 1
20527 0
20528 3
20529 2
20530 1
20531 0
20532 3
20533 4
20534 2
20535 1
20536 0
20537 3
20538 2
20539 1
20540 0
20541 3
20542 2
20543 1
20544 0
20545 3
20546 2
20547 1
20548 0
20549 3
20550 2
20551 1
20552 0
20553 3
20554 2
20555 1
20556 0
20557 3
20558 2
20559 1
20560 0
20561 3
20562 2
20563 1
20564 0
20565 3
20566 2
20567 1
20568 0
20569 3
20570 2
20571 1
20572 0
20573 3
20574 2
20575 1
20576 0
20577 3
20578 2
20579 1
20580 0
20581 3
20582 2
20583 1
20584 4
20585 0
20586 2
20587 1
20588 3
20589 0
20590 2
20591 1
20592 3
20593 0
20594 2
20595 1
20596 4
20597 3
20598 2
20599 1
20600 0
20601 3
20602 2
20603 1
20604 0
20605 3
20606 4
20607 2
20608 1
20609 0
20610 3
20611 2
20612 1
20613 0
20614 3
20615 2
20616 1
20617 0
20618 3
20619 2
20620 1
20621 0
20622 3
20623 2
20624 1
20625 0
20626 3
20627 2
20628 1
20629 0
20630 3
20631 4
20632 2
20633 1
20634 0
20635 3
20636 2
20637 1
20638 0
20639 3
20640 2
20641 1
20642 0
20643 3
20644 2
20645 1
20646 0
20647 3
20648 2
20649 1
20650 0
20651 3
20652 2
20653 1
20654 0
20655 3
20656 2
20657 1
20658 0
20659 3
20660 2
20661 1
20662 0
20663 3
20664 2
20665 1
20666 0
20667 3
20668 2
20669 1
20670 0
20671 3
20672 2
20673 1
20674 0
20675 3
20676 2
20677 1
20678 0
20679 3
20680 2
20681 1
20682 4
20683 0
20684 2
20685 1
20686 3
20687 0
20688 2
20689 1
20690 3
20691 0
20692 2
20693 1
20694 4
20695 3
20696 2
20697 1
20698 0
20699 3
20700 2
20701 1
20702 0
20703 3
20704 4
20705 2
20706 1
20707 0
20708 3
20709 2
20710 1
20711 0
20712 3
20713 2
20714 1
20715 0
20716 3
20717 2
20718 1
20719 0
20720 3
20721 2
20722 1
20723 0
20724 3
20725 2
20726 1
20727 0
20728 3
20729 4
20730 2
20731 1
20732 0
20733 3
20734 2
20735 1
20736 0
20737 3
20738 2
20739 1
20740 0
20741 3
20742 2
20743 1
20744 0
20745 3
20746 2
20747 1
20748 0
20749 3
20750 2
20751 1
20752 0
20753 3
20754 2
20755 1
20756 0
20757 3
20758 2
20759 1
20760 0
20761 3
20762 2
20763 1
20764 0
20765 3
20766 2
20767 1
20768 0
20769 3
20770 2
20771 1
20772 0
20773 3
20774 2
20775 1
20776 0
20777 3
20778 2
20779 1
20780 4
20781 0
20782 2
20783 1
20784 3
20785 0
20786 2
20787 1
20788 3
20789 0
20790 2
20791 1
20792 4
20793 3
20794 2
20795 1
20796 0
20797 3
20798 2
20799 1
20800 0
20801 3
20802 2
20803 1
20804 4
20805 0
20806 2
20807 1
20808 3
20809 0
20810 2
20811 1
20812 3
20813 0
20814 2
20815 1
20816 4
20817 3
20818 2
20819 1
20820 0
20821 3
20822 2
20823 1
20824 0
20825 3
20826 4
20827 2
20828 1
20829 0
20830 3
20831 2
20832 1
20833 0
20834 3
20835 2
20836 1
20837 0
20838 3
20839 2
20840 1
20841 0
20842 3
20843 2
20844 1
20845 0
20846 3
20847 2
20848 1
20849 0
20850 3
20851 2
20852 1
20853 0
20854 3
20855 2
20856 1
20857 0
20858 3
20859 2
20860 1
20861 0
20862 3
20863 2
20864 1
20865 0
20866 3
20867 2
20868 1
20869 0
20870 3
20871 2
20872 1
20873 0
20874 3
20875 4
20876 2
20877 1
20878 0
20879 3
20880 2
20881 1
20882 0
20883 3
20884 2
20885 1
20886 0
20887 3
20888 2
20889 1
20890 0
20891 3
20892 2
20893 1
20894 0
20895 3
20896 2
20897 1
20898 0
20899 3
20900 2
20901 1
20902 0
20903 3
20904 2
20905 1
20906 0
20907 3
20908 2
20909 1
20910 0
20911 3
20912 2
20913 1
20914 0
20915 3
20916 2
20917 1
20918 0
20919 3
20920 2
20921 1
20922 0
20923 3
20924 4
20925 2
20926 1
20927 0
20928 3
20929 2
20930 1
20931 0
20932 3
20933 2
20934 1
20935 0
20936 3
20937 2
20938 1
20939 0
20940 3
20941 2
20942 1
20943 0
20944 3
20945 2
20946 1
20947 0
20948 3
20949 2
20950 1
20951 0
20952 3
20953 2
20954 1
20955 0
20956 3
20957 2
20958 1
20959 0
20960 3
20961 2
20962 1
20963 0
20964 3
20965 2
20966 1
20967 0
20968 3
20969 2
20970 1
20971 0
20972 3
20973 2
20974 1
20975 4
20976 0
20977 2
20978 1
20979 3
20980 0
20981 2
20982 1
20983 3
20984 0
20985 2
20986 1
20987 4
20988 3
20989 2
20990 1
20991 0
20992 3
20993 2
20994 1
20995 0
20996 3
20997 2
20998 1
20999 4
21000 0
21001 2
21002 1
21003 3
21004 0
21005 2
21006 1
21007 3
21008 0
21009 2
21010 1
21011 4
21012 3
21013 2
21014 1
21015 0
21016 3
21017 2
21018 1
21019 0
21020 3
21021 4
21022 2
21023 1
21024 0
21025 3
21026 2
21027 1
21028 0
21029 3
21030 2
21031 1
21032 0
21033 3
21034 2
21035 1
21036 0
21037 3
21038 2
21039 1
21040 0
21041 3
21042 2
21043 1
21044 0
21045 3
21046 2
21047 1
21048 0
21049 3
21050 2
21051 1
21052 0
21053 3
21054 2
21055 1
21056 0
21057 3
21058 2
21059 1
21060 0
21061 3
21062 2
21063 1
21064 0
21065 3
21066 2
21067 1
21068 0
21069 3
21070 4
21071 2
21072 1
21073 0
21074 3
21075 2
21076 1
21077 0
21078 3
21079 2
21080 1
21081 0
21082 3
21083 2
21084 1
21085 0
21086 3
21087 2
21088 1
21089 0
21090 3
21091 2
21092 1
21093 0
21094 3
21095 2
21096 1
21097 0
21098 3
21099 2
21100 1
21101 0
21102 3
21103 2
21104 1
21105 0
21106 3
21107 2
21108 1
21109 0
21110 3
21111 2
21112 1
21113 0
21114 3
21115 2
21116 1
21117 0
21118 3
21119 4
21120 2
21121 1
21122 0
21123 3
21124 2
21125 1
21126 0
21127 3
21128 2
21129 1
21130 0
21131 3
21132 2
21133 1
21134 0
21135 3
21136 2
21137 1
21138 0
21139 3
21140 2
21141 1
21142 0
21143 3
21144 2
21145 1
21146 0
21147 3
21148 2
21149 1
21150 0
21151 3
21152 2
21153 1
21154 0
21155 3
21156 2
21157 1
21158 0
21159 3
21160 2
21161 1
21162 0
21163 3
21164 2
21165 1
21166 0
21167 3
21168 2
21169 1
21170 4
21171 0
21172 2
21173 1
21174 3
21175 0
21176 2
21177 1
21178 3
21179 0
21180 2
21181 1
21182 4
21183 3
21184 2
21185 1
21186 0
21187 3
21188 2
21189 1
21190 0
21191 3
21192 2
21193 1
21194 4
21195 0
21196 2
21197 1
21198 3
21199 0
21200 2
21201 1
21202 3
21203 0
21204 2
21205 1
21206 4
21207 3
21208 2
21209 1
21210 0
21211 3
21212 2
21213 1
21214 0
21215 3
21216 4
21217 2
21218 1
21219 0
21220 3
21221 2
21222 1
21223 0
21224 3
21225 2
21226 1
21227 0
21228 3
21229 2
21230 1
21231 0
21232 3
21233 2
21234 1
21235 0
21236 3
21237 2
21238 1
21239 0
21240 3
21241 2
21242 1
21243 0
21244 3
21245 2
21246 1
21247 0
21248 3
21249 2
21250 1
21251 0
21252 3
21253 2
21254 1
21255 0
21256 3
21257 2
21258 1
21259 0
21260 3
21261 2
21262 1
21263 0
21264 3
21265 4
21266 2
21267 1
21268 0
21269 3
21270 2
21271 1
21272 0
21273 3
21274 2
21275 1
21276 0
21277 3
21278 2
21279 1
21280 0
21281 3
21282 2
21283 1
21284 0
21285 3
21286 2
21287 1
21288 0
21289 3
21290 2
21291 1
21292 0
21293 3
21294 2
21295 1
21296 0
21297 3
21298 2
21299 1
21300 0
21301 3
21302 2
21303 1
21304 0
21305 3
21306 2
21307 1
21308 0
21309 3
21310 2
21311 1
21312 0
21313 3
21314 4
21315 2
21316 1
21317 0
21318 3
21319 2
21320 1
21321 0
21322 3
21323 2
21324 1
21325 0
21326 3
21327 2
21328 1
21329 0
21330 3
21331 2
21332 1
21333 0
21334 3
21335 2
21336 1
21337 0
21338 3
21339 2
21340 1
21341 0
21342 3
21343 2
21344 1
21345 0
21346 3
21347 2
21348 1
21349 0
21350 3
21351 2
21352 1
21353 0
21354 3
21355 2
21356 1
21357 0
21358 3
21359 2
21360 1
21361 0
21362 3
21363 2
21364 1
21365 4
21366 0
21367 2
21368 1
21369 3
21370 0
21371 2
21372 1
21373 3
21374 0
21375 2
21376 1
21377 4
21378 3
21379 2
21380 1
21381 0
21382 3
21383 2
21384 1
21385 0
21386 3
21387 4
21388 2
21389 1
21390 0
21391 3
21392 2
21393 1
21394 0
21395 3
21396 2
21397 1
21398 0
21399 3
21400 2
21401 1
21402 0
21403 3
21404 2
21405 1
21406 0
21407 3
21408 2
21409 1
21410 0
21411 3
21412 4
21413 2
21414 1
21415 0
21416 3
21417 2
21418 1
21419 0
21420 3
21421 2
21422 1
21423 0
21424 3
21425 2
21426 1
21427 0
21428 3
21429 2
21430 1
21431 0
21432 3
21433 2
21434 1
21435 0
21436 3
21437 2
21438 1
21439 0
21440 3
21441 2
21442 1
21443 0
21444 3
21445 2
21446 1
21447 0
21448 3
21449 2
21450 1
21451 0
21452 3
21453 2
21454 1
21455 0
21456 3
21457 2
21458 1
21459 0
21460 3
21461 2
21462 1
21463 4
21464 0
21465 2
21466 1
21467 3
21468 0
21469 2
21470 1
21471 3
21472 0
21473 2
21474 1
21475 4
21476 3
21477 2
21478 1
21479 0
21480 3
21481 2
21482 1
21483 0
21484 3
21485 4
21486 2
21487 1
21488 0
21489 3
21490 2
21491 1
21492 0
21493 3
21494 2
21495 1
21496 0
21497 3
21498 2
21499 1
21500 0
21501 3
21502 2
21503 1
21504 0
21505 3
21506 2
21507 1
21508 0
21509 3
21510 4
21511 2
21512 1
21513 0
21514 3
21515 2
21516 1
21517 0
21518 3
21519 2
21520 1
21521 0
21522 3
21523 2
21524 1
21525 0
21526 3
21527 2
21528 1
21529 0
21530 3
21531 2
21532 1
21533 0
21534 3
21535 2
21536 1
21537 0
21538 3
21539 2
21540 1
21541 0
21542 3
21543 2
21544 1
21545 0
21546 3
21547 2
21548 1
21549 0
21550 3
21551 2
21552 1
21553 0
21554 3
21555 2
21556 1
21557 0
21558 3
21559 2
21560 1
21561 4
21562 0
21563 2
21564 1
21565 3
21566 0
21567 2
21568 1
21569 3
21570 0
21571 2
21572 1
21573 4
21574 3
21575 2
21576 1
21577 0
21578 3
21579 2
21580 1
21581 0
21582 3
21583 2
21584 1
21585 4
21586 0
21587 2
21588 1
21589 3
21590 0
21591 2
21592 1
21593 3
21594 0
21595 2
21596 1
21597 4
21598 3
21599 2
21600 1
21601 0
21602 3
21603 2
21604 1
21605 0
21606 3
21607 4
21608 2
21609 1
21610 0
21611 3
21612 2
21613 1
21614 0
21615 3
21616 2
21617 1
21618 0
21619 3
21620 2
21621 1
21622 0
21623 3
21624 2
21625 1
21626 0
21627 3
21628 2
21629 1
21630 0
21631 3
21632 2
21633 1
21634 0
21635 3
21636 2
21637 1
21638 0
21639 3
21640 2
21641 1
21642 0
21643 3
21644 2
21645 1
21646 0
21647 3
21648 2
21649 1
21650 0
21651 3
21652 2
21653 1
21654 0
21655 3
21656 4
21657 2
21658 1
21659 0
21660 3
21661 2
21662 1
21663 0
21664 3
21665 2
21666 1
21667 0
21668 3
21669 2
21670 1
21671 0
21672 3
21673 2
21674 1
21675 0
21676 3
21677 2
21678 1
21679 0
21680 3
21681 2
21682 1
21683 0
21684 3
21685 2
21686 1
21687 0
21688 3
21689 2
21690 1
21691 0
21692 3
21693 2
21694 1
21695 0
21696 3
21697 2
21698 1
21699 0
21700 3
21701 2
21702 1
21703 0
21704 3
21705 4
21706 2
21707 1
21708 0
21709 3
21710 2
21711 1
21712 0
21713 3
21714 2
21715 1
21716 0
21717 3
21718 2
21719 1
21720 0
21721 3
21722 2
21723 1
21724 0
21725 3
21726 2
21727 1
21728 0
21729 3
21730 2
21731 1
21732 0
21733 3
21734 2
21735 1
21736 0
21737 3
21738 2
21739 1
21740 0
21741 3
21742 2
21743 1
21744 0
21745 3
21746 2
21747 1
21748 0
21749 3
21750 2
21751 1
21752 0
21753 3
21754 2
21755 1
21756 4
21757 0
21758 2
21759 1
21760 3
21761 0
21762 2
21763 1
21764 3
21765 0
21766 2
21767 1
21768 4
21769 3
21770 2
21771 1
21772 0
21773 3
21774 2
21775 1
21776 0
21777 3
21778 2
21779 1
21780 4
21781 0
21782 2
21783 1
21784 3
21785 0
21786 2
21787 1
21788 3
21789 0
21790 2
21791 1
21792 4
21793 3
21794 2
21795 1
21796 0
21797 3
21798 2
21799 1
21800 0
21801 3
21802 4
21803 2
21804 1
21805 0
21806 3
21807 2
21808 1
21809 0
21810 3
21811 2
21812 1
21813 0
21814 3
21815 2
21816 1
21817 0
21818 3
21819 2
21820 1
21821 0
21822 3
21823 2
21824 1
21825 0
21826 3
21827 2
21828 1
21829 0
21830 3
21831 2
21832 1
21833 0
21834 3
21835 2
21836 1
21837 0
21838 3
21839 2
21840 1
21841 0
21842 3
21843 2
21844 1
21845 0
21846 3
21847 2
21848 1
21849 0
21850 3
21851 4
21852 2
21853 1
21854 0
21855 3
21856 2
21857 1
21858 0
21859 3
21860 2
21861 1
21862 0
21863 3
21864 2
21865 1
21866 0
21867 3
21868 2
21869 1
21870 0
21871 3
21872 2
21873 1
21874 0
21875 3
21876 2
21877 1
21878 0
21879 3
21880 2
21881 1
21882 0
21883 3
21884 2
21885 1
21886 0
21887 3
21888 2
21889 1
21890 0
21891 3
21892 2
21893 1
21894 0
21895 3
21896 2
21897 1
21898 0
21899 3
21900 4
21901 2
21902 1
21903 0
21904 3
21905 2
21906 1
21907 0
21908 3
21909 2
21910 1
21911 0
21912 3
21913 2
21914 1
21915 0
21916 3
21917 2
21918 1
21919 0
21920 3
21921 2
21922 1
21923 0
21924 3
21925 2
21926 1
21927 0
21928 3
21929 2
21930 1
21931 0
21932 3
21933 2
21934 1
21935 0
21936 3
21937 2
21938 1
21939 0
21940 3
21941 2
21942 1
21943 0
21944 3
21945 2
21946 1
21947 0
21948 3
21949 2
21950 1
21951 4
21952 0
21953 2
21954 1
21955 3
21956 0
21957 2
21958 1
21959 3
21960 0
21961 2
21962 1
21963 4
21964 3
21965 2
21966 1
21967 0
21968 3
21969 2
21970 1
21971 0
21972 3
21973 2
21974 1
21975 4
21976 0
21977 2
21978 1
21979 3
21980 0
21981 2
21982 1
21983 3
21984 0
21985 2
21986 1
21987 4
21988 3
21989 2
21990 1
21991 0
21992 3
21993 2
21994 1
21995 0
21996 3
21997 4
21998 2
21999 1
22000 0
22001 3
22002 2
22003 1
22004 0
22005 3
22006 2
22007 1
22008 0
22009 3
22010 2
22011 1
22012 0
22013 3
22014 2
22015 1
22016 0
22017 3
22018 2
22019 1
22020 0
22021 3
22022 2
22023 1
22024 0
22025 3
22026 2
22027 1
22028 0
22029 3
22030 2
22031 1
22032 0
22033 3
22034 2
22035 1
22036 0
22037 3
22038 2
22039 1
22040 0
22041 3
22042 2
22043 1
22044 0
22045 3
22046 4
22047 2
22048 1
22049 0
22050 3
22051 2
22052 1
22053 0
22054 3
22055 2
22056 1
22057 0
22058 3
22059 2
22060 1
22061 0
22062 3
22063 2
22064 1
22065 0
22066 3
22067 2
22068 1
22069 0
22070 3
22071 2
22072 1
22073 0
22074 3
22075 2
22076 1
22077 0
22078 3
22079 2
22080 1
22081 0
22082 3
22083 2
22084 1
22085 0
22086 3
22087 2
22088 1
22089 0
22090 3
22091 2
22092 1
22093 0
22094 3
22095 4
22096 2
22097 1
22098 0
22099 3
22100 2
22101 1
22102 0
22103 3
22104 2
22105 1
22106 0
22107 3
22108 2
22109 1
22110 0
22111 3
22112 2
22113 1
22114 0
22115 3
22116 2
22117 1
22118 0
22119 3
22120 2
22121 1
22122 0
22123 3
22124 2
22125 1
22126 0
22127 3
22128 2
22129 1
22130 0
22131 3
22132 2
22133 1
22134 0
22135 3
22136 2
22137 1
22138 0
22139 3
22140 2
22141 1
22142 0
22143 3
22144 2
22145 1
22146 4
22147 0
22148 2
22149 1
22150 3
22151 0
22152 2
22153 1
22154 3
22155 0
22156 2
22157 1
22158 4
22159 3
22160 2
22161 1
22162 0
22163 3
22164 2
22165 1
22166 0
22167 3
22168 4
22169 2
22170 1
22171 0
22172 3
22173 2
22174 1
22175 0
22176 3
22177 2
22178 1
22179 0
22180 3
22181 2
22182 1
22183 0
22184 3
22185 2
22186 1
22187 0
22188 3
22189 2
22190 1
22191 0
22192 3
22193 4
22194 2
22195 1
22196 0
22197 3
22198 2
22199 1
22200 0
22201 3
22202 2
22203 1
22204 0
22205 3
22206 2
22207 1
22208 0
22209 3
22210 2
22211 1
22212 0
22213 3
22214 2
22215 1
22216 0
22217 3
22218 2
22219 1
22220 0
22221 3
22222 2
22223 1
22224 0
22225 3
22226 2
22227 1
22228 0
22229 3
22230 2
22231 1
22232 0
22233 3
22234 2
22235 1
22236 0
22237 3
22238 2
22239 1
22240 0
22241 3
22242 2
22243 1
22244 4
22245 0
22246 2
22247 1
22248 3
22249 0
22250 2
22251 1
22252 3
22253 0
22254 2
22255 1
22256 4
22257 3
22258 2
22259 1
22260 0
22261 3
22262 2
22263 1
22264 0
22265 3
22266 4
22267 2
22268 1
22269 0
22270 3
22271 2
22272 1
22273 0
22274 3
22275 2
22276 1
22277 0
22278 3
22279 2
22280 1
22281 0
22282 3
22283 2
22284 1
22285 0
22286 3
22287 2
22288 1
22289 0
22290 3
22291 4
22292 2
22293 1
22294 0
22295 3
22296 2
22297 1
22298 0
22299 3
22300 2
22301 1
22302 0
22303 3
22304 2
22305 1
22306 0
22307 3
22308 2
22309 1
22310 0
22311 3
22312 2
22313 1
22314 0
22315 3
22316 2
22317 1
22318 0
22319 3
22320 2
22321 1
22322 0
22323 3
22324 2
22325 1
22326 0
22327 3
22328 2
22329 1
22330 0
22331 3
22332 2
22333 1
22334 0
22335 3
22336 2
22337 1
22338 0
22339 3
22340 2
22341 1
22342 4
22343 0
22344 2
22345 1
22346 3
22347 0
22348 2
22349 1
22350 3
22351 0
22352 2
22353 1
22354 4
22355 3
22356 2
22357 1
22358 0
22359 3
22360 2
22361 1
22362 0
22363 3
22364 2
22365 1
22366 4
22367 0
22368 2
22369 1
22370 3
22371 0
22372 2
22373 1
22374 3
22375 0
22376 2
22377 1
22378 4
22379 3
22380 2
22381 1
22382 0
22383 3
22384 2
22385 1
22386 0
22387 3
22388 4
22389 2
22390 1
22391 0
22392 3
22393 2
22394 1
22395 0
22396 3
22397 2
22398 1
22399 0
22400 3
22401 2
22402 1
22403 0
22404 3
22405 2
22406 1
22407 0
22408 3
22409 2
22410 1
22411 0
22412 3
22413 2
22414 1
22415 0
22416 3
22417 2
22418 1
22419 0
22420 3
22421 2
22422 1
22423 0
22424 3
22425 2
22426 1
22427 0
22428 3
22429 2
22430 1
22431 0
22432 3
22433 2
22434 1
22435 0
22436 3
22437 4
22438 2
22439 1
22440 0
22441 3
22442 2
22443 1
22444 0
22445 3
22446 2
22447 1
22448 0
22449 3
22450 2
22451 1
22452 0
22453 3
22454 2
22455 1
22456 0
22457 3
22458 2
22459 1
22460 0
22461 3
22462 2
22463 1
22464 0
22465 3
22466 2
22467 1
22468 0
22469 3
22470 2
22471 1
22472 0
22473 3
22474 2
22475 1
22476 0
22477 3
22478 2
22479 1
22480 0
22481 3
22482 2
22483 1
22484 0
22485 3
22486 4
22487 2
22488 1
22489 0
22490 3
22491 2
22492 1
22493 0
22494 3
22495 2
22496 1
22497 0
22498 3
22499 2
22500 1
22501 0
22502 3
22503 2
22504 1
22505 0
22506 3
22507 2
22508 1
22509 0
22510 3
22511 2
22512 1
22513 0
22514 3
22515 2
22516 1
22517 0
22518 3
22519 2
22520 1
22521 0
22522 3
22523 2
22524 1
22525 0
22526 3
22527 2
22528 1
22529 0
22530 3
22531 2
22532 1
22533 0
22534 3
22535 2
22536 1
22537 4
22538 0
22539 2
22540 1
22541 3
22542 0
22543 2
22544 1
22545 3
22546 0
22547 2
22548 1
22549 4
22550 3
22551 2
22552 1
22553 0
22554 3
22555 2
22556 1
22557 0
22558 3
22559 2
22560 1
22561 4
22562 0
22563 2
22564 1
22565 3
22566 0
22567 2
22568 1
22569 3
22570 0
22571 2
22572 1
22573 4
22574 3
22575 2
22576 1
22577 0
22578 3
22579 2
22580 1
22581 0
22582 3
22583 4
22584 2
22585 1
22586 0
22587 3
22588 2
22589 1
22590 0
22591 3
22592 2
22593 1
22594 0
22595 3
22596 2
22597 1
22598 0
22599 3
22600 2
22601 1
22602 0
22603 3
22604 2
22605 1
22606 0
22607 3
22608 2
22609 1
22610 0
22611 3
22612 2
22613 1
22614 0
22615 3
22616 2
22617 1
22618 0
22619 3
22620 2
22621 1
22622 0
22623 3
22624 2
22625 1
22626 0
22627 3
22628 2
22629 1
22630 0
22631 3
22632 4
22633 2
22634 1
22635 0
22636 3
22637 2
22638 1
22639 0
22640 3
22641 2
22642 1
22643 0
22644 3
22645 2
22646 1
22647 0
22648 3
22649 2
22650 1
22651 0
22652 3
22653 2
22654 1
22655 0
22656 3
22657 2
22658 1
22659 0
22660 3
22661 2
22662 1
22663 0
22664 3
22665 2
22666 1
22667 0
22668 3
22669 2
22670 1
22671 0
22672 3
22673 2
22674 1
22675 0
22676 3
22677 2
22678 1
22679 0
22680 3
22681 4
22682 2
22683 1
22684 0
22685 3
22686 2
22687 1
22688 0
22689 3
22690 2
22691 1
22692 0
22693 3
22694 2
22695 1
22696 0
22697 3
22698 2
22699 1
22700 0
22701 3
22702 2
22703 1
22704 0
22705 3
22706 2
22707 1
22708 0
22709 3
22710 2
22711 1
22712 0
22713 3
22714 2
22715 1
22716 0
22717 3
22718 2
22719 1
22720 0
22721 3
22722 2
22723 1
22724 0
22725 3
22726 2
22727 1
22728 0
22729 3
22730 2
22731 1
22732 4
22733 0
22734 2
22735 1
22736 3
22737 0
22738 2
22739 1
22740 3
22741 0
22742 2
22743 1
22744 4
22745 3
22746 2
22747 1
22748 0
22749 3
22750 2
22751 1
22752 0
22753 3
22754 2
22755 1
22756 4
22757 0
22758 2
22759 1
22760 3
22761 0
22762 2
22763 1
22764 3
22765 0
22766 2
22767 1
22768 4
22769 3
22770 2
22771 1
22772 0
22773 3
22774 2
22775 1
22776 0
22777 3
22778 4
22779 2
22780 1
22781 0
22782 3
22783 2
22784 1
22785 0
22786 3
22787 2
22788 1
22789 0
22790 3
22791 2
22792 1
22793 0
22794 3
22795 2
22796 1
22797 0
22798 3
22799 2
22800 1
22801 0
22802 3
22803 2
22804 1
22805 0
22806 3
22807 2
22808 1
22809 0
22810 3
22811 2
22812 1
22813 0
22814 3
22815 2
22816 1
22817 0
22818 3
22819 2
22820 1
22821 0
22822 3
22823 2
22824 1
22825 0
22826 3
22827 4
22828 2
22829 1
22830 0
22831 3
22832 2
22833 1
22834 0
22835 3
22836 2
22837 1
22838 0
22839 3
22840 2
22841 1
22842 0
22843 3
22844 2
22845 1
22846 0
22847 3
22848 2
22849 1
22850 0
22851 3
22852 2
22853 1
22854 0
22855 3
22856 2
22857 1
22858 0
22859 3
22860 2
22861 1
22862 0
22863 3
22864 2
22865 1
22866 0
22867 3
22868 2
22869 1
22870 0
22871 3
22872 2
22873 1
22874 0
22875 3
22876 4
22877 2
22878 1
22879 0
22880 3
22881 2
22882 1
22883 0
22884 3
22885 2
22886 1
22887 0
22888 3
22889 2
22890 1
22891 0
22892 3
22893 2
22894 1
22895 0
22896 3
22897 2
22898 1
22899 0
22900 3
22901 2
22902 1
22903 0
22904 3
22905 2
22906 1
22907 0
22908 3
22909 2
22910 1
22911 0
22912 3
22913 2
22914 1
22915 0
22916 3
22917 2
22918 1
22919 0
22920 3
22921 2
22922 1
22923 0
22924 3
22925 2
22926 1
22927 4
22928 0
22929 2
22930 1
22931 3
22932 0
22933 2
22934 1
22935 3
22936 0
22937 2
22938 1
22939 4
22940 3
22941 2
22942 1
22943 0
22944 3
22945 2
22946 1
22947 0
22948 3
22949 4
22950 2
22951 1
22952 0
22953 3
22954 2
22955 1
22956 0
22957 3
22958 2
22959 1
22960 0
22961 3
22962 2
22963 1
22964 0
22965 3
22966 2
22967 1
22968 0
22969 3
22970 2
22971 1
22972 0
22973 3
22974 4
22975 2
22976 1
22977 0
22978 3
22979 2
22980 1
22981 0
22982 3
22983 2
22984 1
22985 0
22986 3
22987 2
22988 1
22989 0
22990 3
22991 2
22992 1
22993 0
22994 3
22995 2
22996 1
22997 0
22998 3
22999 2
23000 1
23001 0
23002 3
23003 2
23004 1
23005 0
23006 3
23007 2
23008 1
23009 0
23010 3
23011 2
23012 1
23013 0
23014 3
23015 2
23016 1
23017 0
23018 3
23019 2
23020 1
23021 0
23022 3
23023 2
23024 1
23025 4
23026 0
23027 2
23028 1
23029 3
23030 0
23031 2
23032 1
23033 3
23034 0
23035 2
23036 1
23037 4
23038 3
23039 2
23040 1
23041 0
23042 3
23043 2
23044 1
23045 0
23046 3
23047 4
23048 2
23049 1
23050 0
23051 3
23052 2
23053 1
23054 0
23055 3
23056 2
23057 1
23058 0
23059 3
23060 2
23061 1
23062 0
23063 3
23064 2
23065 1
23066 0
23067 3
23068 2
23069 1
23070 0
23071 3
23072 4
23073 2
23074 1
23075 0
23076 3
23077 2
23078 1
23079 0
23080 3
23081 2
23082 1
23083 0
23084 3
23085 2
23086 1
23087 0
23088 3
23089 2
23090 1
23091 0
23092 3
23093 2
23094 1
23095 0
23096 3
23097 2
23098 1
23099 0
23100 3
23101 2
23102 1
23103 0
23104 3
23105 2
23106 1
23107 0
23108 3
23109 2
23110 1
23111 0
23112 3
23113 2
23114 1
23115 0
23116 3
23117 2
23118 1
23119 0
23120 3
23121 2
23122 1
23123 4
23124 0
23125 2
23126 1
23127 3
23128 0
23129 2
23130 1
23131 3
23132 0
23133 2
23134 1
23135 4
23136 3
23137 2
23138 1
23139 0
23140 3
23141 2
23142 1
23143 0
23144 3
23145 2
23146 1
23147 4
23148 0
23149 2
23150 1
23151 3
23152 0
23153 2
23154 1
23155 3
23156 0
23157 2
23158 1
23159 4
23160 3
23161 2
23162 1
23163 0
23164 3
23165 2
23166 1
23167 0
23168 3
23169 4
23170 2
23171 1
23172 0
23173 3
23174 2
23175 1
23176 0
23177 3
23178 2
23179 1
23180 0
23181 3
23182 2
23183 1
23184 0
23185 3
23186 2
23187 1
23188 0
23189 3
23190 2
23191 1
23192 0
23193 3
23194 2
23195 1
23196 0
23197 3
23198 2
23199 1
23200 0
23201 3
23202 2
23203 1
23204 0
23205 3
23206 2
23207 1
23208 0
23209 3
23210 2
23211 1
23212 0
23213 3
23214 2
23215 1
23216 0
23217 3
23218 4
23219 2
23220 1
23221 0
23222 3
23223 2
23224 1
23225 0
23226 3
23227 2
23228 1
23229 0
23230 3
23231 2
23232 1
23233 0
23234 3
23235 2
23236 1
23237 0
23238 3
23239 2
23240 1
23241 0
23242 3
23243 2
23244 1
23245 0
23246 3
23247 2
23248 1
23249 0
23250 3
23251 2
23252 1
23253 0
23254 3
23255 2
23256 1
23257 0
23258 3
23259 2
23260 1
23261 0
23262 3
23263 2
23264 1
23265 0
23266 3
23267 4
23268 2
23269 1
23270 0
23271 3
23272 2
23273 1
23274 0
23275 3
23276 2
23277 1
23278 0
23279 3
23280 2
23281 1
23282 0
23283 3
23284 2
23285 1
23286 0
23287 3
23288 2
23289 1
23290 0
23291 3
23292 2
23293 1
23294 0
23295 3
23296 2
23297 1
23298 0
23299 3
23300 2
23301 1
23302 0
23303 3
23304 2
23305 1
23306 0
23307 3
23308 2
23309 1
23310 0
23311 3
23312 2
23313 1
23314 0
23315 3
23316 2
23317 1
23318 4
23319 0
23320 2
23321 1
23322 3
23323 0
23324 2
23325 1
23326 3
23327 0
23328 2
23329 1
23330 4
23331 3
23332 2
23333 1
23334 0
23335 3
23336 2
23337 1
23338 0
23339 3
23340 4
23341 2
23342 1
23343 0
23344 3
23345 2
23346 1
23347 0
23348 3
23349 2
23350 1
23351 0
23352 3
23353 2
23354 1
23355 0
23356 3
23357 2
23358 1
23359 0
23360 3
23361 2
23362 1
23363 0
23364 3
23365 4
23366 2
23367 1
23368 0
23369 3
23370 2
23371 1
23372 0
23373 3
23374 2
23375 1
23376 0
23377 3
23378 2
23379 1
23380 0
23381 3
23382 2
23383 1
23384 0
23385 3
23386 2
23387 1
23388 0
23389 3
23390 2
23391 1
23392 0
23393 3
23394 2
23395 1
23396 0
23397 3
23398 2
23399 1
23400 0
23401 3
23402 2
23403 1
23404 0
23405 3
23406 2
23407 1
23408 0
23409 3
23410 2
23411 1
23412 0
23413 3
23414 2
23415 1
23416 4
23417 0
23418 2
23419 1
23420 3
23421 0
23422 2
23423 1
23424 3
23425 0
23426 2
23427 1
23428 4
23429 3
23430 2
23431 1
23432 0
23433 3
23434 2
23435 1
23436 0
23437 3
23438 4
23439 2
23440 1
23441 0
23442 3
23443 2
23444 1
23445 0
23446 3
23447 2
23448 1
23449 0
23450 3
23451 2
23452 1
23453 0
23454 3
23455 2
23456 1
23457 0
23458 3
23459 2
23460 1
23461 0
23462 3
23463 4
23464 2
23465 1
23466 0
23467 3
23468 2
23469 1
23470 0
23471 3
23472 2
23473 1
23474 0
23475 3
23476 2
23477 1
23478 0
23479 3
23480 2
23481 1
23482 0
23483 3
23484 2
23485 1
23486 0
23487 3
23488 2
23489 1
23490 0
23491 3
23492 2
23493 1
23494 0
23495 3
23496 2
23497 1
23498 0
23499 3
23500 2
23501 1
23502 0
23503 3
23504 2
23505 1
23506 0
23507 3
23508 2
23509 1
23510 0
23511 3
23512 2
23513 1
23514 4
23515 0
23516 2
23517 1
23518 3
23519 0
23520 2
23521 1
23522 3
23523 0
23524 2
23525 1
23526 4
23527 3
23528 2
23529 1
23530 0
23531 3
23532 2
23533 1
23534 0
23535 3
23536 2
23537 1
23538 4
23539 0
23540 2
23541 1
23542 3
23543 0
23544 2
23545 1
23546 3
23547 0
23548 2
23549 1
23550 4
23551 3
23552 2
23553 1
23554 0
23555 3
23556 2
23557 1
23558 0
23559 3
23560 4
23561 2
23562 1
23563 0
23564 3
23565 2
23566 1
23567 0
23568 3
23569 2
23570 1
23571 0
23572 3
23573 2
23574 1
23575 0
23576 3
23577 2
23578 1
23579 0
23580 3
23581 2
23582 1
23583 0
23584 3
23585 2
23586 1
23587 0
23588 3
23589 2
23590 1
23591 0
23592 3
23593 2
23594 1
23595 0
23596 3
23597 2
23598 1
23599 0
23600 3
23601 2
23602 1
23603 0
23604 3
23605 2
23606 1
23607 0
23608 3
23609 4
23610 2
23611 1
23612 0
23613 3
23614 2
23615 1
23616 0
23617 3
23618 2
23619 1
23620 0
23621 3
23622 2
23623 1
23624 0
23625 3
23626 2
23627 1
23628 0
23629 3
23630 2
23631 1
23632 0
23633 3
23634 2
23635 1
23636 0
23637 3
23638 2
23639 1
23640 0
23641 3
23642 2
23643 1
23644 0
23645 3
23646 2
23647 1
23648 0
23649 3
23650 2
23651 1
23652 0
23653 3
23654 2
23655 1
23656 0
23657 3
23658 4
23659 2
23660 1
23661 0
23662 3
23663 2
23664 1
23665 0
23666 3
23667 2
23668 1
23669 0
23670 3
23671 2
23672 1
23673 0
23674 3
23675 2
23676 1
23677 0
23678 3
23679 2
23680 1
23681 0
23682 3
23683 2
23684 1
23685 0
23686 3
23687 2
23688 1
23689 0
23690 3
23691 2
23692 1
23693 0
23694 3
23695 2
23696 1
23697 0
23698 3
23699 2
23700 1
23701 0
23702 3
23703 2
23704 1
23705 0
23706 3
23707 2
23708 1
23709 4
23710 0
23711 2
23712 1
23713 3
23714 0
23715 2
23716 1
23717 3
23718 0
23719 2
23720 1
23721 4
23722 3
23723 2
23724 1
23725 0
23726 3
23727 2
23728 1
23729 0
23730 3
23731 4
23732 2
23733 1
23734 0
23735 3
23736 2
23737 1
23738 0
23739 3
23740 2
23741 1
23742 0
23743 3
23744 2
23745 1
23746 0
23747 3
23748 2
23749 1
23750 0
23751 3
23752 2
23753 1
23754 0
23755 3
23756 4
23757 2
23758 1
23759 0
23760 3
23761 2
23762 1
23763 0
23764 3
23765 2
23766 1
23767 0
23768 3
23769 2
23770 1
23771 0
23772 3
23773 2
23774 1
23775 0
23776 3
23777 2
23778 1
23779 0
23780 3
23781 2
23782 1
23783 0
23784 3
23785 2
23786 1
23787 0
23788 3
23789 2
23790 1
23791 0
23792 3
23793 2
23794 1
23795 0
23796 3
23797 2
23798 1
23799 0
23800 3
23801 2
23802 1
23803 0
23804 3
23805 2
23806 1
23807 4
23808 0
23809 2
23810 1
23811 3
23812 0
23813 2
23814 1
23815 3
23816 0
23817 2
23818 1
23819 4
23820 3
23821 2
23822 1
23823 0
23824 3
23825 2
23826 1
23827 0
23828 3
23829 4
23830 2
23831 1
23832 0
23833 3
23834 2
23835 1
23836 0
23837 3
23838 2
23839 1
23840 0
23841 3
23842 2
23843 1
23844 0
23845 3
23846 2
23847 1
23848 0
23849 3
23850 2
23851 1
23852 0
23853 3
23854 4
23855 2
23856 1
23857 0
23858 3
23859 2
23860 1
23861 0
23862 3
23863 2
23864 1
23865 0
23866 3
23867 2
23868 1
23869 0
23870 3
23871 2
23872 1
23873 0
23874 3
23875 2
23876 1
23877 0
23878 3
23879 2
23880 1
23881 0
23882 3
23883 2
23884 1
23885 0
23886 3
23887 2
23888 1
23889 0
23890 3
23891 2
23892 1
23893 0
23894 3
23895 2
23896 1
23897 0
23898 3
23899 2
23900 1
23901 0
23902 3
23903 2
23904 1
23905 4
23906 0
23907 2
23908 1
23909 3
23910 0
23911 2
23912 1
23913 3
23914 0
23915 2
23916 1
23917 4
23918 3
23919 2
23920 1
23921 0
23922 3
23923 2
23924 1
23925 0
23926 3
23927 2
23928 1
23929 4
23930 0
23931 2
23932 1
23933 3
23934 0
23935 2
23936 1
23937 3
23938 0
23939 2
23940 1
23941 4
23942 3
23943 2
23944 1
23945 0
23946 3
23947 2
23948 1
23949 0
23950 3
23951 4
23952 2
23953 1
23954 0
23955 3
23956 2
23957 1
23958 0
23959 3
23960 2
23961 1
23962 0
23963 3
23964 2
23965 1
23966 0
23967 3
23968 2
23969 1
23970 0
23971 3
23972 2
23973 1
23974 0
23975 3
23976 2
23977 1
23978 0
23979 3
23980 2
23981 1
23982 0
23983 3
23984 2
23985 1
23986 0
23987 3
23988 2
23989 1
23990 0
23991 3
23992 2
23993 1
23994 0
23995 3
23996 2
23997 1
23998 0
23999 3
24000 4
24001 2
24002 1
24003 0
24004 3
24005 2
24006 1
24007 0
24008 3
24009 2
24010 1
24011 0
24012 3
24013 2
24014 1
24015 0
24016 3
24017 2
24018 1
24019 0
24020 3
24021 2
24022 1
24023 0
24024 3
24025 2
24026 1
24027 0
24028 3
24029 2
24030 1
24031 0
24032 3
24033 2
24034 1
24035 0
24036 3
24037 2
24038 1
24039 0
24040 3
24041 2
24042 1
24043 0
24044 3
24045 2
24046 1
24047 0
24048 3
24049 4
24050 2
24051 1
24052 0
24053 3
24054 2
24055 1
24056 0
24057 3
24058 2
24059 1
24060 0
24061 3
24062 2
24063 1
24064 0
24065 3
24066 2
24067 1
24068 0
24069 3
24070 2
24071 1
24072 0
24073 3
24074 2
24075 1
24076 0
24077 3
24078 2
24079 1
24080 0
24081 3
24082 2
24083 1
24084 0
24085 3
24086 2
24087 1
24088 0
24089 3
24090 2
24091 1
24092 0
24093 3
24094 2
24095 1
24096 0
24097 3
24098 2
24099 1
24100 4
24101 0
24102 2
24103 1
24104 3
24105 0
24106 2
24107 1
24108 3
24109 0
24110 2
24111 1
24112 4
24113 3
24114 2
24115 1
24116 0
24117 3
24118 2
24119 1
24120 0
24121 3
24122 2
24123 1
24124 4
24125 0
24126 2
24127 1
24128 3
24129 0
24130 2
24131 1
24132 3
24133 0
24134 2
24135 1
24136 4
24137 3
24138 2
24139 1
24140 0
24141 3
24142 2
24143 1
24144 0
24145 3
24146 4
24147 2
24148 1
24149 0
24150 3
24151 2
24152 1
24153 0
24154 3
24155 2
24156 1
24157 0
24158 3
24159 2
24160 1
24161 0
24162 3
24163 2
24164 1
24165 0
24166 3
24167 2
24168 1
24169 0
24170 3
24171 2
24172 1
24173 0
24174 3
24175 2
24176 1
24177 0
24178 3
24179 2
24180 1
24181 0
24182 3
24183 2
24184 1
24185 0
24186 3
24187 2
24188 1
24189 0
24190 3
24191 2
24192 1
24193 0
24194 3
24195 4
24196 2
24197 1
24198 0
24199 3
24200 2
24201 1
24202 0
24203 3
24204 2
24205 1
24206 0
24207 3
24208 2
24209 1
24210 0
24211 3
24212 2
24213 1
24214 0
24215 3
24216 2
24217 1
24218 0
24219 3
24220 2
24221 1
24222 0
24223 3
24224 2
24225 1
24226 0
24227 3
24228 2
24229 1
24230 0
24231 3
24232 2
24233 1
24234 0
24235 3
24236 2
24237 1
24238 0
24239 3
24240 2
24241 1
24242 0
24243 3
24244 4
24245 2
24246 1
24247 0
24248 3
24249 2
24250 1
24251 0
24252 3
24253 2
24254 1
24255 0
24256 3
24257 2
24258 1
24259 0
24260 3
24261 2
24262 1
24263 0
24264 3
24265 2
24266 1
24267 0
24268 3
24269 2
24270 1
24271 0
24272 3
24273 2
24274 1
24275 0
24276 3
24277 2
24278 1
24279 0
24280 3
24281 2
24282 1
24283 0
24284 3
24285 2
24286 1
24287 0
24288 3
24289 2
24290 1
24291 0
24292 3
24293 2
24294 1
24295 4
24296 0
24297 2
24298 1
24299 3
24300 0
24301 2
24302 1
24303 3
24304 0
24305 2
24306 1
24307 4
24308 3
24309 2
24310 1
24311 0
24312 3
24313 2
24314 1
24315 0
24316 3
24317 2
24318 1
24319 4
24320 0
24321 2
24322 1
24323 3
24324 0
24325 2
24326 1
24327 3
24328 0
24329 2
24330 1
24331 4
24332 3
24333 2
24334 1
24335 0
24336 3
24337 2
24338 1
24339 0
24340 3
24341 4
24342 2
24343 1
24344 0
24345 3
24346 2
24347 1
24348 0
24349 3
24350 2
24351 1
24352 0
24353 3
24354 2
24355 1
24356 0
24357 3
24358 2
24359 1
24360 0
24361 3
24362 2
24363 1
24364 0
24365 3
24366 2
24367 1
24368 0
24369 3
24370 2
24371 1
24372 0
24373 3
24374 2
24375 1
24376 0
24377 3
24378 2
24379 1
24380 0
24381 3
24382 2
24383 1
24384 0
24385 3
24386 2
24387 1
24388 0
24389 3
24390 4
24391 2
24392 1
24393 0
24394 3
24395 2
24396 1
24397 0
24398 3
24399 2
24400 1
24401 0
24402 3
24403 2
24404 1
24405 0
24406 3
24407 2
24408 1
24409 0
24410 3
24411 2
24412 1
24413 0
24414 3
24415 2
24416 1
24417 0
24418 3
24419 2
24420 1
24421 0
24422 3
24423 2
24424 1
24425 0
24426 3
24427 2
24428 1
24429 0
24430 3
24431 2
24432 1
24433 0
24434 3
24435 2
24436 1
24437 0
24438 3
24439 4
24440 2
24441 1
24442 0
24443 3
24444 2
24445 1
24446 0
24447 3
24448 2
24449 1
24450 0
24451 3
24452 2
24453 1
24454 0
24455 3
24456 2
24457 1
24458 0
24459 3
24460 2
24461 1
24462 0
24463 3
24464 2
24465 1
24466 0
24467 3
24468 2
24469 1
24470 0
24471 3
24472 2
24473 1
24474 0
24475 3
24476 2
24477 1
24478 0
24479 3
24480 2
24481 1
24482 0
24483 3
24484 2
24485 1
24486 0
24487 3
24488 2
24489 1
24490 4
24491 0
24492 2
24493 1
24494 3
24495 0
24496 2
24497 1
24498 3
24499 0
24500 2
24501 1
24502 4
24503 3
24504 2
24505 1
24506 0
24507 3
24508 2
24509 1
24510 0
24511 3
24512 4
24513 2
24514 1
24515 0
24516 3
24517 2
24518 1
24519 0
24520 3
24521 2
24522 1
24523 0
24524 3
24525 2
24526 1
24527 0
24528 3
24529 2
24530 1
24531 0
24532 3
24533 2
24534 1
24535 0
24536 3
24537 4
24538 2
24539 1
24540 0
24541 3
24542 2
24543 1
24544 0
24545 3
24546 2
24547 1
24548 0
24549 3
24550 2
24551 1
24552 0
24553 3
24554 2
24555 1
24556 0
24557 3
24558 2
24559 1
24560 0
24561 3
24562 2
24563 1
24564 0
24565 3
24566 2
24567 1
24568 0
24569 3
24570 2
24571 1
24572 0
24573 3
24574 2
24575 1
24576 0
24577 3
24578 2
24579 1
24580 0
24581 3
24582 2
24583 1
24584 0
24585 3
24586 2
24587 1
24588 4
24589 0
24590 2
24591 1
24592 3
24593 0
24594 2
24595 1
24596 3
24597 0
24598 2
24599 1
24600 4
24601 3
24602 2
24603 1
24604 0
24605 3
24606 2
24607 1
24608 0
24609 3
24610 4
24611 2
24612 1
24613 0
24614 3
24615 2
24616 1
24617 0
24618 3
24619 2
24620 1
24621 0
24622 3
24623 2
24624 1
24625 0
24626 3
24627 2
24628 1
24629 0
24630 3
24631 2
24632 1
24633 0
24634 3
24635 4
24636 2
24637 1
24638 0
24639 3
24640 2
24641 1
24642 0
24643 3
24644 2
24645 1
24646 0
24647 3
24648 2
24649 1
24650 0
24651 3
24652 2
24653 1
24654 0
24655 3
24656 2
24657 1
24658 0
24659 3
24660 2
24661 1
24662 0
24663 3
24664 2
24665 1
24666 0
24667 3
24668 2
24669 1
24670 0
24671 3
24672 2
24673 1
24674 0
24675 3
24676 2
24677 1
24678 0
24679 3
24680 2
24681 1
24682 0
24683 3
24684 2
24685 1
24686 4
24687 0
24688 2
24689 1
24690 3
24691 0
24692 2
24693 1
24694 3
24695 0
24696 2
24697 1
24698 4
24699 3
24700 2
24701 1
24702 0
24703 3
24704 2
24705 1
24706 0
24707 3
24708 2
24709 1
24710 4
24711 0
24712 2
24713 1
24714 3
24715 0
24716 2
24717 1
24718 3
24719 0
24720 2
24721 1
24722 4
24723 3
24724 2
24725 1
24726 0
24727 3
24728 2
24729 1
24730 0
24731 3
24732 4
24733 2
24734 1
24735 0
24736 3
24737 2
24738 1
24739 0
24740 3
24741 2
24742 1
24743 0
24744 3
24745 2
24746 1
24747 0
24748 3
24749 2
24750 1
24751 0
24752 3
24753 2
24754 1
24755 0
24756 3
24757 2
24758 1
24759 0
24760 3
24761 2
24762 1
24763 0
24764 3
24765 2
24766 1
24767 0
24768 3
24769 2
24770 1
24771 0
24772 3
24773 2
24774 1
24775 0
24776 3
24777 2
24778 1
24779 0
24780 3
24781 4
24782 2
24783 1
24784 0
24785 3
24786 2
24787 1
24788 0
24789 3
24790 2
24791 1
24792 0
24793 3
24794 2
24795 1
24796 0
24797 3
24798 2
24799 1
24800 0
24801 3
24802 2
24803 1
24804 0
24805 3
24806 2
24807 1
24808 0
24809 3
24810 2
24811 1
24812 0
24813 3
24814 2
24815 1
24816 0
24817 3
24818 2
24819 1
24820 0
24821 3
24822 2
24823 1
24824 0
24825 3
24826 2
24827 1
24828 0
24829 3
24830 4
24831 2
24832 1
24833 0
24834 3
24835 2
24836 1
24837 0
24838 3
24839 2
24840 1
24841 0
24842 3
24843 2
24844 1
24845 0
24846 3
24847 2
24848 1
24849 0
24850 3
24851 2
24852 1
24853 0
24854 3
24855 2
24856 1
24857 0
24858 3
24859 2
24860 1
24861 0
24862 3
24863 2
24864 1
24865 0
24866 3
24867 2
24868 1
24869 0
24870 3
24871 2
24872 1
24873 0
24874 3
24875 2
24876 1
24877 0
24878 3
24879 2
24880 1
24881 4
24882 0
24883 2
24884 1
24885 3
24886 0
24887 2
24888 1
24889 3
24890 0
24891 2
24892 1
24893 4
24894 3
24895 2
24896 1
24897 0
24898 3
24899 2
24900 1
24901 0
24902 3
24903 2
24904 1
24905 4
24906 0
24907 2
24908 1
24909 3
24910 0
24911 2
24912 1
24913 3
24914 0
24915 2
24916 1
24917 4
24918 3
24919 2
24920 1
24921 0
24922 3
24923 2
24924 1
24925 0
24926 3
24927 4
24928 2
24929 1
24930 0
24931 3
24932 2
24933 1
24934 0
24935 3
24936 2
24937 1
24938 0
24939 3
24940 2
24941 1
24942 0
24943 3
24944 2
24945 1
24946 0
24947 3
24948 2
24949 1
24950 0
24951 3
24952 2
24953 1
24954 0
24955 3
24956 2
24957 1
24958 0
24959 3
24960 2
24961 1
24962 0
24963 3
24964 2
24965 1
24966 0
24967 3
24968 2
24969 1
24970 0
24971 3
24972 2
24973 1
24974 0
24975 3
24976 2
24977 1
24978 4
24979 0
24980 2
24981 1
24982 3
24983 0
24984 2
24985 1
24986 3
24987 0
24988 2
24989 1
24990 4
24991 3
24992 2
24993 1
24994 0
24995 3
24996 2
24997 1
24998 0
24999 3
25000 4
25001 2
25002 1
25003 0
25004 3
25005 2
25006 1
25007 0
25008 3
25009 2
25010 1
25011 0
25012 3
25013 2
25014 1
25015 0
25016 3
25017 2
25018 1
25019 0
25020 3
25021 2
25022 1
25023 0
25024 3
25025 4
25026 2
25027 1
25028 0
25029 3
25030 2
25031 1
25032 0
25033 3
25034 2
25035 1
25036 0
25037 3
25038 2
25039 1
25040 0
25041 3
25042 2
25043 1
25044 0
25045 3
25046 2
25047 1
25048 0
25049 3
25050 2
25051 1
25052 0
25053 3
25054 2
25055 1
25056 0
25057 3
25058 2
25059 1
25060 0
25061 3
25062 2
25063 1
25064 0
25065 3
25066 2
25067 1
25068 0
25069 3
25070 2
25071 1
25072 0
25073 3
25074 2
25075 1
25076 4
25077 0
25078 2
25079 1
25080 3
25081 0
25082 2
25083 1
25084 3
25085 0
25086 2
25087 1
25088 4
25089 3
25090 2
25091 1
25092 0
25093 3
25094 2
25095 1
25096 0
25097 3
25098 2
25099 1
25100 4
25101 0
25102 2
25103 1
25104 3
25105 0
25106 2
25107 1
25108 3
25109 0
25110 2
25111 1
25112 4
25113 3
25114 2
25115 1
25116 0
25117 3
25118 2
25119 1
25120 0
25121 3
25122 4
25123 2
25124 1
25125 0
25126 3
25127 2
25128 1
25129 0
25130 3
25131 2
25132 1
25133 0
25134 3
25135 2
25136 1
25137 0
25138 3
25139 2
25140 1
25141 0
25142 3
25143 2
25144 1
25145 0
25146 3
25147 2
25148 1
25149 0
25150 3
25151 2
25152 1
25153 0
25154 3
25155 2
25156 1
25157 0
25158 3
25159 2
25160 1
25161 0
25162 3
25163 2
25164 1
25165 0
25166 3
25167 2
25168 1
25169 0
25170 3
25171 4
25172 2
25173 1
25174 0
25175 3
25176 2
25177 1
25178 0
25179 3
25180 2
25181 1
25182 0
25183 3
25184 2
25185 1
25186 0
25187 3
25188 2
25189 1
25190 0
25191 3
25192 2
25193 1
25194 0
25195 3
25196 2
25197 1
25198 0
25199 3
25200 2
25201 1
25202 0
25203 3
25204 2
25205 1
25206 0
25207 3
25208 2
25209 1
25210 0
25211 3
25212 2
25213 1
25214 0
25215 3
25216 2
25217 1
25218 0
25219 3
25220 4
25221 2
25222 1
25223 0
25224 3
25225 2
25226 1
25227 0
25228 3
25229 2
25230 1
25231 0
25232 3
25233 2
25234 1
25235 0
25236 3
25237 2
25238 1
25239 0
25240 3
25241 2
25242 1
25243 0
25244 3
25245 2
25246 1
25247 0
25248 3
25249 2
25250 1
25251 0
25252 3
25253 2
25254 1
25255 0
25256 3
25257 2
25258 1
25259 0
25260 3
25261 2
25262 1
25263 0
25264 3
25265 2
25266 1
25267 0
25268 3
25269 2
25270 1
25271 4
25272 0
25273 2
25274 1
25275 3
25276 0
25277 2
25278 1
25279 3
25280 0
25281 2
25282 1
25283 4
25284 3
25285 2
25286 1
25287 0
25288 3
25289 2
25290 1
25291 0
25292 3
25293 4
25294 2
25295 1
25296 0
25297 3
25298 2
25299 1
25300 0
25301 3
25302 2
25303 1
25304 0
25305 3
25306 2
25307 1
25308 0
25309 3
25310 2
25311 1
25312 0
25313 3
25314 2
25315 1
25316 0
25317 3
25318 4
25319 2
25320 1
25321 0
25322 3
25323 2
25324 1
25325 0
25326 3
25327 2
25328 1
25329 0
25330 3
25331 2
25332 1
25333 0
25334 3
25335 2
25336 1
25337 0
25338 3
25339 2
25340 1
25341 0
25342 3
25343 2
25344 1
25345 0
25346 3
25347 2
25348 1
25349 0
25350 3
25351 2
25352 1
25353 0
25354 3
25355 2
25356 1
25357 0
25358 3
25359 2
25360 1
25361 0
25362 3
25363 2
25364 1
25365 0
25366 3
25367 2
25368 1
25369 4
25370 0
25371 2
25372 1
25373 3
25374 0
25375 2
25376 1
25377 3
25378 0
25379 2
25380 1
25381 4
25382 3
25383 2
25384 1
25385 0
25386 3
25387 2
25388 1
25389 0
25390 3
25391 4
25392 2
25393 1
25394 0
25395 3
25396 2
25397 1
25398 0
25399 3
25400 2
25401 1
25402 0
25403 3
25404 2
25405 1
25406 0
25407 3
25408 2
25409 1
25410 0
25411 3
25412 2
25413 1
25414 0
25415 3
25416 4
25417 2
25418 1
25419 0
25420 3
25421 2
25422 1
25423 0
25424 3
25425 2
25426 1
25427 0
25428 3
25429 2
25430 1
25431 0
25432 3
25433 2
25434 1
25435 0
25436 3
25437 2
25438 1
25439 0
25440 3
25441 2
25442 1
25443 0
25444 3
25445 2
25446 1
25447 0
25448 3
25449 2
25450 1
25451 0
25452 3
25453 2
25454 1
25455 0
25456 3
25457 2
25458 1
25459 0
25460 3
25461 2
25462 1
25463 0
25464 3
25465 2
25466 1
25467 4
25468 0
25469 2
25470 1
25471 3
25472 0
25473 2
25474 1
25475 3
25476 0
25477 2
25478 1
25479 4
25480 3
25481 2
25482 1
25483 0
25484 3
25485 2
25486 1
25487 0
25488 3
25489 2
25490 1
25491 4
25492 0
25493 2
25494 1
25495 3
25496 0
25497 2
25498 1
25499 3
25500 0
25501 2
25502 1
25503 4
25504 3
25505 2
25506 1
25507 0
25508 3
25509 2
25510 1
25511 0
25512 3
25513 4
25514 2
25515 1
25516 0
25517 3
25518 2
25519 1
25520 0
25521 3
25522 2
25523 1
25524 0
25525 3
25526 2
25527 1
25528 0
25529 3
25530 2
25531 1
25532 0
25533 3
25534 2
25535 1
25536 0
25537 3
25538 2
25539 1
25540 0
25541 3
25542 2
25543 1
25544 0
25545 3
25546 2
25547 1
25548 0
25549 3
25550 2
25551 1
25552 0
25553 3
25554 2
25555 1
25556 0
25557 3
25558 2
25559 1
25560 0
25561 3
25562 4
25563 2
25564 1
25565 0
25566 3
25567 2
25568 1
25569 0
25570 3
25571 2
25572 1
25573 0
25574 3
25575 2
25576 1
25577 0
25578 3
25579 2
25580 1
25581 0
25582 3
25583 2
25584 1
25585 0
25586 3
25587 2
25588 1
25589 0
25590 3
25591 2
25592 1
25593 0
25594 3
25595 2
25596 1
25597 0
25598 3
25599 2
25600 1
25601 0
25602 3
25603 2
25604 1
25605 0
25606 3
25607 2
25608 1
25609 0
25610 3
25611 4
25612 2
25613 1
25614 0
25615 3
25616 2
25617 1
25618 0
25619 3
25620 2
25621 1
25622 0
25623 3
25624 2
25625 1
25626 0
25627 3
25628 2
25629 1
25630 0
25631 3
25632 2
25633 1
25634 0
25635 3
25636 2
25637 1
25638 0
25639 3
25640 2
25641 1
25642 0
25643 3
25644 2
25645 1
25646 0
25647 3
25648 2
25649 1
25650 0
25651 3
25652 2
25653 1
25654 0
25655 3
25656 2
25657 1
25658 0
25659 3
25660 2
25661 1
25662 4
25663 0
25664 2
25665 1
25666 3
25667 0
25668 2
25669 1
25670 3
25671 0
25672 2
25673 1
25674 4
25675 3
25676 2
25677 1
25678 0
25679 3
25680 2
25681 1
25682 0
25683 3
25684 2
25685 1
25686 4
25687 0
25688 2
25689 1
25690 3
25691 0
25692 2
25693 1
25694 3
25695 0
25696 2
25697 1
25698 4
25699 3
25700 2
25701 1
25702 0
25703 3
25704 2
25705 1
25706 0
25707 3
25708 4
25709 2
25710 1
25711 0
25712 3
25713 2
25714 1
25715 0
25716 3
25717 2
25718 1
25719 0
25720 3
25721 2
25722 1
25723 0
25724 3
25725 2
25726 1
25727 0
25728 3
25729 2
25730 1
25731 0
25732 3
25733 2
25734 1
25735 0
25736 3
25737 2
25738 1
25739 0
25740 3
25741 2
25742 1
25743 0
25744 3
25745 2
25746 1
25747 0
25748 3
25749 2
25750 1
25751 0
25752 3
25753 2
25754 1
25755 0
25756 3
25757 4
25758 2
25759 1
25760 0
25761 3
25762 2
25763 1
25764 0
25765 3
25766 2
25767 1
25768 0
25769 3
25770 2
25771 1
25772 0
25773 3
25774 2
25775 1
25776 0
25777 3
25778 2
25779 1
25780 0
25781 3
25782 2
25783 1
25784 0
25785 3
25786 2
25787 1
25788 0
25789 3
25790 2
25791 1
25792 0
25793 3
25794 2
25795 1
25796 0
25797 3
25798 2
25799 1
25800 0
25801 3
25802 2
25803 1
25804 0
25805 3
25806 4
25807 2
25808 1
25809 0
25810 3
25811 2
25812 1
25813 0
25814 3
25815 2
25816 1
25817 0
25818 3
25819 2
25820 1
25821 0
25822 3
25823 2
25824 1
25825 0
25826 3
25827 2
25828 1
25829 0
25830 3
25831 2
25832 1
25833 0
25834 3
25835 2
25836 1
25837 0
25838 3
25839 2
25840 1
25841 0
25842 3
25843 2
25844 1
25845 0
25846 3
25847 2
25848 1
25849 0
25850 3
25851 2
25852 1
25853 0
25854 3
25855 2
25856 1
25857 4
25858 0
25859 2
25860 1
25861 3
25862 0
25863 2
25864 1
25865 3
25866 0
25867 2
25868 1
25869 4
25870 3
25871 2
25872 1
25873 0
25874 3
25875 2
25876 1
25877 0
25878 3
25879 2
25880 1
25881 4
25882 0
25883 2
25884 1
25885 3
25886 0
25887 2
25888 1
25889 3
25890 0
25891 2
25892 1
25893 4
25894 3
25895 2
25896 1
25897 0
25898 3
25899 2
25900 1
25901 0
25902 3
25903 4
25904 2
25905 1
25906 0
25907 3
25908 2
25909 1
25910 0
25911 3
25912 2
25913 1
25914 0
25915 3
25916 2
25917 1
25918 0
25919 3
25920 2
25921 1
25922 0
25923 3
25924 2
25925 1
25926 0
25927 3
25928 2
25929 1
25930 0
25931 3
25932 2
25933 1
25934 0
25935 3
25936 2
25937 1
25938 0
25939 3
25940 2
25941 1
25942 0
25943 3
25944 2
25945 1
25946 0
25947 3
25948 2
25949 1
25950 0
25951 3
25952 4
25953 2
25954 1
25955 0
25956 3
25957 2
25958 1
25959 0
25960 3
25961 2
25962 1
25963 0
25964 3
25965 2
25966 1
25967 0
25968 3
25969 2
25970 1
25971 0
25972 3
25973 2
25974 1
25975 0
25976 3
25977 2
25978 1
25979 0
25980 3
25981 2
25982 1
25983 0
25984 3
25985 2
25986 1
25987 0
25988 3
25989 2
25990 1
25991 0
25992 3
25993 2
25994 1
25995 0
25996 3
25997 2
25998 1
25999 0
26000 3
26001 4
26002 2
26003 1
26004 0
26005 3
26006 2
26007 1
26008 0
26009 3
26010 2
26011 1
26012 0
26013 3
26014 2
26015 1
26016 0
26017 3
26018 2
26019 1
26020 0
26021 3
26022 2
26023 1
26024 0
26025 3
26026 2
26027 1
26028 0
26029 3
26030 2
26031 1
26032 0
26033 3
26034 2
26035 1
26036 0
26037 3
26038 2
26039 1
26040 0
26041 3
26042 2
26043 1
26044 0
26045 3
26046 2
26047 1
26048 0
26049 3
26050 2
26051 1
26052 4
26053 0
26054 2
26055 1
26056 3
26057 0
26058 2
26059 1
26060 3
26061 0
26062 2
26063 1
26064 4
26065 3
26066 2
26067 1
26068 0
26069 3
26070 2
26071 1
26072 0
26073 3
26074 4
26075 2
26076 1
26077 0
26078 3
26079 2
26080 1
26081 0
26082 3
26083 2
26084 1
26085 0
26086 3
26087 2
26088 1
26089 0
26090 3
26091 2
26092 1
26093 0
26094 3
26095 2
26096 1
26097 0
26098 3
26099 4
26100 2
26101 1
26102 0
26103 3
26104 2
26105 1
26106 0
26107 3
26108 2
26109 1
26110 0
26111 3
26112 2
26113 1
26114 0
26115 3
26116 2
26117 1
26118 0
26119 3
26120 2
26121 1
26122 0
26123 3
26124 2
26125 1
26126 0
26127 3
26128 2
26129 1
26130 0
26131 3
26132 2
26133 1
26134 0
26135 3
26136 2
26137 1
26138 0
26139 3
26140 2
26141 1
26142 0
26143 3
26144 2
26145 1
26146 0
26147 3
26148 2
26149 1
26150 4
26151 0
26152 2
26153 1
26154 3
26155 0
26156 2
26157 1
26158 3
26159 0
26160 2
26161 1
26162 4
26163 3
26164 2
26165 1
26166 0
26167 3
26168 2
26169 1
26170 0
26171 3
26172 4
26173 2
26174 1
26175 0
26176 3
26177 2
26178 1
26179 0
26180 3
26181 2
26182 1
26183 0
26184 3
26185 2
26186 1
26187 0
26188 3
26189 2
26190 1
26191 0
26192 3
26193 2
26194 1
26195 0
26196 3
26197 4
26198 2
26199 1
26200 0
26201 3
26202 2
26203 1
26204 0
26205 3
26206 2
26207 1
26208 0
26209 3
26210 2
26211 1
26212 0
26213 3
26214 2
26215 1
26216 0
26217 3
26218 2
26219 1
26220 0
26221 3
26222 2
26223 1
26224 0
26225 3
26226 2
26227 1
26228 0
26229 3
26230 2
26231 1
26232 0
26233 3
26234 2
26235 1
26236 0
26237 3
26238 2
26239 1
26240 0
26241 3
26242 2
26243 1
26244 0
26245 3
26246 2
26247 1
26248 4
26249 0
26250 2
26251 1
26252 3
26253 0
26254 2
26255 1
26256 3
26257 0
26258 2
26259 1
26260 4
26261 3
26262 2
26263 1
26264 0
26265 3
26266 2
26267 1
26268 0
26269 3
26270 2
26271 1
26272 4
26273 0
26274 2
26275 1
26276 3
26277 0
26278 2
26279 1
26280 3
26281 0
26282 2
26283 1
26284 4
26285 3
26286 2
26287 1
26288 0
26289 3
26290 2
26291 1
26292 0
26293 3
26294 4
26295 2
26296 1
26297 0
26298 3
26299 2
26300 1
26301 0
26302 3
26303 2
26304 1
26305 0
26306 3
26307 2
26308 1
26309 0
26310 3
26311 2
26312 1
26313 0
26314 3
26315 2
26316 1
26317 0
26318 3
26319 2
26320 1
26321 0
26322 3
26323 2
26324 1
26325 0
26326 3
26327 2
26328 1
26329 0
26330 3
26331 2
26332 1
26333 0
26334 3
26335 2
26336 1
26337 0
26338 3
26339 2
26340 1
26341 0
26342 3
26343 4
26344 2
26345 1
26346 0
26347 3
26348 2
26349 1
26350 0
26351 3
26352 2
26353 1
26354 0
26355 3
26356 2
26357 1
26358 0
26359 3
26360 2
26361 1
26362 0
26363 3
26364 2
26365 1
26366 0
26367 3
26368 2
26369 1
26370 0
26371 3
26372 2
26373 1
26374 0
26375 3
26376 2
26377 1
26378 0
26379 3
26380 2
26381 1
26382 0
26383 3
26384 2
26385 1
26386 0
26387 3
26388 2
26389 1
26390 0
26391 3
26392 4
26393 2
26394 1
26395 0
26396 3
26397 2
26398 1
26399 0
26400 3
26401 2
26402 1
26403 0
26404 3
26405 2
26406 1
26407 0
26408 3
26409 2
26410 1
26411 0
26412 3
26413 2
26414 1
26415 0
26416 3
26417 2
26418 1
26419 0
26420 3
26421 2
26422 1
26423 0
26424 3
26425 2
26426 1
26427 0
26428 3
26429 2
26430 1
26431 0
26432 3
26433 2
26434 1
26435 0
26436 3
26437 2
26438 1
26439 0
26440 3
26441 2
26442 1
26443 4
26444 0
26445 2
26446 1
26447 3
26448 0
26449 2
26450 1
26451 3
26452 0
26453 2
26454 1
26455 4
26456 3
26457 2
26458 1
26459 0
26460 3
26461 2
26462 1
26463 0
26464 3
26465 4
26466 2
26467 1
26468 0
26469 3
26470 2
26471 1
26472 0
26473 3
26474 2
26475 1
26476 0
26477 3
26478 2
26479 1
26480 0
26481 3
26482 2
26483 1
26484 0
26485 3
26486 2
26487 1
26488 0
26489 3
26490 4
26491 2
26492 1
26493 0
26494 3
26495 2
26496 1
26497 0
26498 3
26499 2
26500 1
26501 0
26502 3
26503 2
26504 1
26505 0
26506 3
26507 2
26508 1
26509 0
26510 3
26511 2
26512 1
26513 0
26514 3
26515 2
26516 1
26517 0
26518 3
26519 2
26520 1
26521 0
26522 3
26523 2
26524 1
26525 0
26526 3
26527 2
26528 1
26529 0
26530 3
26531 2
26532 1
26533 0
26534 3
26535 2
26536 1
26537 0
26538 3
26539 2
26540 1
26541 4
26542 0
26543 2
26544 1
26545 3
26546 0
26547 2
26548 1
26549 3
26550 0
26551 2
26552 1
26553 4
26554 3
26555 2
26556 1
26557 0
26558 3
26559 2
26560 1
26561 0
26562 3
26563 4
26564 2
26565 1
26566 0
26567 3
26568 2
26569 1
26570 0
26571 3
26572 2
26573 1
26574 0
26575 3
26576 2
26577 1
26578 0
26579 3
26580 2
26581 1
26582 0
26583 3
26584 2
26585 1
26586 0
26587 3
26588 4
26589 2
26590 1
26591 0
26592 3
26593 2
26594 1
26595 0
26596 3
26597 2
26598 1
26599 0
26600 3
26601 2
26602 1
26603 0
26604 3
26605 2
26606 1
26607 0
26608 3
26609 2
26610 1
26611 0
26612 3
26613 2
26614 1
26615 0
26616 3
26617 2
26618 1
26619 0
26620 3
26621 2
26622 1
26623 0
26624 3
26625 2
26626 1
26627 0
26628 3
26629 2
26630 1
26631 0
26632 3
26633 2
26634 1
26635 0
26636 3
26637 2
26638 1
26639 4
26640 0
26641 2
26642 1
26643 3
26644 0
26645 2
26646 1
26647 3
26648 0
26649 2
26650 1
26651 4
26652 3
26653 2
26654 1
26655 0
26656 3
26657 2
26658 1
26659 0
26660 3
26661 2
26662 1
26663 4
26664 0
26665 2
26666 1
26667 3
26668 0
26669 2
26670 1
26671 3
26672 0
26673 2
26674 1
26675 4
26676 3
26677 2
26678 1
26679 0
26680 3
26681 2
26682 1
26683 0
26684 3
26685 4
26686 2
26687 1
26688 0
26689 3
26690 2
26691 1
26692 0
26693 3
26694 2
26695 1
26696 0
26697 3
26698 2
26699 1
26700 0
26701 3
26702 2
26703 1
26704 0
26705 3
26706 2
26707 1
26708 0
26709 3
26710 2
26711 1
26712 0
26713 3
26714 2
26715 1
26716 0
26717 3
26718 2
26719 1
26720 0
26721 3
26722 2
26723 1
26724 0
26725 3
26726 2
26727 1
26728 0
26729 3
26730 2
26731 1
26732 0
26733 3
26734 4
26735 2
26736 1
26737 0
26738 3
26739 2
26740 1
26741 0
26742 3
26743 2
26744 1
26745 0
26746 3
26747 2
26748 1
26749 0
26750 3
26751 2
26752 1
26753 0
26754 3
26755 2
26756 1
26757 0
26758 3
26759 2
26760 1
26761 0
26762 3
26763 2
26764 1
26765 0
26766 3
26767 2
26768 1
26769 0
26770 3
26771 2
26772 1
26773 0
26774 3
26775 2
26776 1
26777 0
26778 3
26779 2
26780 1
26781 0
26782 3
26783 4
26784 2
26785 1
26786 0
26787 3
26788 2
26789 1
26790 0
26791 3
26792 2
26793 1
26794 0
26795 3
26796 2
26797 1
26798 0
26799 3
26800 2
26801 1
26802 0
26803 3
26804 2
26805 1
26806 0
26807 3
26808 2
26809 1
26810 0
26811 3
26812 2
26813 1
26814 0
26815 3
26816 2
26817 1
26818 0
26819 3
26820 2
26821 1
26822 0
26823 3
26824 2
26825 1
26826 0
26827 3
26828 2
26829 1
26830 0
26831 3
26832 2
26833 1
26834 4
26835 0
26836 2
26837 1
26838 3
26839 0
26840 2
26841 1
26842 3
26843 0
26844 2
26845 1
26846 4
26847 3
26848 2
26849 1
26850 0
26851 3
26852 2
26853 1
26854 0
26855 3
26856 4
26857 2
26858 1
26859 0
26860 3
26861 2
26862 1
26863 0
26864 3
26865 2
26866 1
26867 0
26868 3
26869 2
26870 1
26871 0
26872 3
26873 2
26874 1
26875 0
26876 3
26877 2
26878 1
26879 0
26880 3
26881 4
26882 2
26883 1
26884 0
26885 3
26886 2
26887 1
26888 0
26889 3
26890 2
26891 1
26892 0
26893 3
26894 2
26895 1
26896 0
26897 3
26898 2
26899 1
26900 0
26901 3
26902 2
26903 1
26904 0
26905 3
26906 2
26907 1
26908 0
26909 3
26910 2
26911 1
26912 0
26913 3
26914 2
26915 1
26916 0
26917 3
26918 2
26919 1
26920 0
26921 3
26922 2
26923 1
26924 0
26925 3
26926 2
26927 1
26928 0
26929 3
26930 2
26931 1
26932 4
26933 0
26934 2
26935 1
26936 3
26937 0
26938 2
26939 1
26940 3
26941 0
26942 2
26943 1
26944 4
26945 3
26946 2
26947 1
26948 0
26949 3
26950 2
26951 1
26952 0
26953 3
26954 4
26955 2
26956 1
26957 0
26958 3
26959 2
26960 1
26961 0
26962 3
26963 2
26964 1
26965 0
26966 3
26967 2
26968 1
26969 0
26970 3
26971 2
26972 1
26973 0
26974 3
26975 2
26976 1
26977 0
26978 3
26979 4
26980 2
26981 1
26982 0
26983 3
26984 2
26985 1
26986 0
26987 3
26988 2
26989 1
26990 0
26991 3
26992 2
26993 1
26994 0
26995 3
26996 2
26997 1
26998 0
26999 3
27000 2
27001 1
27002 0
27003 3
27004 2
27005 1
27006 0
27007 3
27008 2
27009 1
27010 0
27011 3
27012 2
27013 1
27014 0
27015 3
27016 2
27017 1
27018 0
27019 3
27020 2
27021 1
27022 0
27023 3
27024 2
27025 1
27026 0
27027 3
27028 2
27029 1
27030 4
27031 0
27032 2
27033 1
27034 3
27035 0
27036 2
27037 1
27038 3
27039 0
27040 2
27041 1
27042 4
27043 3
27044 2
27045 1
27046 0
27047 3
27048 2
27049 1
27050 0
27051 3
27052 2
27053 1
27054 4
27055 0
27056 2
27057 1
27058 3
27059 0
27060 2
27061 1
27062 3
27063 0
27064 2
27065 1
27066 4
27067 3
27068 2
27069 1
27070 0
27071 3
27072 2
27073 1
27074 0
27075 3
27076 4
27077 2
27078 1
27079 0
27080 3
27081 2
27082 1
27083 0
27084 3
27085 2
27086 1
27087 0
27088 3
27089 2
27090 1
27091 0
27092 3
27093 2
27094 1
27095 0
27096 3
27097 2
27098 1
27099 0
27100 3
27101 2
27102 1
27103 0
27104 3
27105 2
27106 1
27107 0
27108 3
27109 2
27110 1
27111 0
27112 3
27113 2
27114 1
27115 0
27116 3
27117 2
27118 1
27119 0
27120 3
27121 2
27122 1
27123 0
27124 3
27125 4
27126 2
27127 1
27128 0
27129 3
27130 2
27131 1
27132 0
27133 3
27134 2
27135 1
27136 0
27137 3
27138 2
27139 1
27140 0
27141 3
27142 2
27143 1
27144 0
27145 3
27146 2
27147 1
27148 0
27149 3
27150 2
27151 1
27152 0
27153 3
27154 2
27155 1
27156 0
27157 3
27158 2
27159 1
27160 0
27161 3
27162 2
27163 1
27164 0
27165 3
27166 2
27167 1
27168 0
27169 3
27170 2
27171 1
27172 0
27173 3
27174 4
27175 2
27176 1
27177 0
27178 3
27179 2
27180 1
27181 0
27182 3
27183 2
27184 1
27185 0
27186 3
27187 2
27188 1
27189 0
27190 3
27191 2
27192 1
27193 0
27194 3
27195 2
27196 1
27197 0
27198 3
27199 2
27200 1
27201 0
27202 3
27203 2
27204 1
27205 0
27206 3
27207 2
27208 1
27209 0
27210 3
27211 2
27212 1
27213 0
27214 3
27215 2
27216 1
27217 0
27218 3
27219 2
27220 1
27221 0
27222 3
27223 2
27224 1
27225 4
27226 0
27227 2
27228 1
27229 3
27230 0
27231 2
27232 1
27233 3
27234 0
27235 2
27236 1
27237 4
27238 3
27239 2
27240 1
27241 0
27242 3
27243 2
27244 1
27245 0
27246 3
27247 2
27248 1
27249 4
27250 0
27251 2
27252 1
27253 3
27254 0
27255 2
27256 1
27257 3
27258 0
27259 2
27260 1
27261 4
27262 3
27263 2
27264 1
27265 0
27266 3
27267 2
27268 1
27269 0
27270 3
27271 4
27272 2
27273 1
27274 0
27275 3
27276 2
27277 1
27278 0
27279 3
27280 2
27281 1
27282 0
27283 3
27284 2
27285 1
27286 0
27287 3
27288 2
27289 1
27290 0
27291 3
27292 2
27293 1
27294 0
27295 3
27296 2
27297 1
27298 0
27299 3
27300 2
27301 1
27302 0
27303 3
27304 2
27305 1
27306 0
27307 3
27308 2
27309 1
27310 0
27311 3
27312 2
27313 1
27314 0
27315 3
27316 2
27317 1
27318 0
27319 3
27320 4
27321 2
27322 1
27323 0
27324 3
27325 2
27326 1
27327 0
27328 3
27329 2
27330 1
27331 0
27332 3
27333 2
27334 1
27335 0
27336 3
27337 2
27338 1
27339 0
27340 3
27341 2
27342 1
27343 0
27344 3
27345 2
27346 1
27347 0
27348 3
27349 2
27350 1
27351 0
27352 3
27353 2
27354 1
27355 0
27356 3
27357 2
27358 1
27359 0
27360 3
27361 2
27362 1
27363 0
27364 3
27365 2
27366 1
27367 0
27368 3
27369 4
27370 2
27371 1
27372 0
27373 3
27374 2
27375 1
27376 0
27377 3
27378 2
27379 1
27380 0
27381 3
27382 2
27383 1
27384 0
27385 3
27386 2
27387 1
27388 0
27389 3
27390 2
27391 1
27392 0
27393 3
27394 2
27395 1
27396 0
27397 3
27398 2
27399 1
27400 0
27401 3
27402 2
27403 1
27404 0
27405 3
27406 2
27407 1
27408 0
27409 3
27410 2
27411 1
27412 0
27413 3
27414 2
27415 1
27416 0
27417 3
27418 2
27419 1
27420 4
27421 0
27422 2
27423 1
27424 3
27425 0
27426 2
27427 1
27428 3
27429 0
27430 2
27431 1
27432 4
27433 3
27434 2
27435 1
27436 0
27437 3
27438 2
27439 1
27440 0
27441 3
27442 2
27443 1
27444 4
27445 0
27446 2
27447 1
27448 3
27449 0
27450 2
27451 1
27452 3
27453 0
27454 2
27455 1
27456 4
27457 3
27458 2
27459 1
27460 0
27461 3
27462 2
27463 1
27464 0
27465 3
27466 4
27467 2
27468 1
27469 0
27470 3
27471 2
27472 1
27473 0
27474 3
27475 2
27476 1
27477 0
27478 3
27479 2
27480 1
27481 0
27482 3
27483 2
27484 1
27485 0
27486 3
27487 2
27488 1
27489 0
27490 3
27491 2
27492 1
27493 0
27494 3
27495 2
27496 1
27497 0
27498 3
27499 2
27500 1
27501 0
27502 3
27503 2
27504 1
27505 0
27506 3
27507 2
27508 1
27509 0
27510 3
27511 2
27512 1
27513 0
27514 3
27515 4
27516 2
27517 1
27518 0
27519 3
27520 2
27521 1
27522 0
27523 3
27524 2
27525 1
27526 0
27527 3
27528 2
27529 1
27530 0
27531 3
27532 2
27533 1
27534 0
27535 3
27536 2
27537 1
27538 0
27539 3
27540 2
27541 1
27542 0
27543 3
27544 2
27545 1
27546 0
27547 3
27548 2
27549 1
27550 0
27551 3
27552 2
27553 1
27554 0
27555 3
27556 2
27557 1
27558 0
27559 3
27560 2
27561 1
27562 0
27563 3
27564 4
27565 2
27566 1
27567 0
27568 3
27569 2
27570 1
27571 0
27572 3
27573 2
27574 1
27575 0
27576 3
27577 2
27578 1
27579 0
27580 3
27581 2
27582 1
27583 0
27584 3
27585 2
27586 1
27587 0
27588 3
27589 2
27590 1
27591 0
27592 3
27593 2
27594 1
27595 0
27596 3
27597 2
27598 1
27599 0
27600 3
27601 2
27602 1
27603 0
27604 3
27605 2
27606 1
27607 0
27608 3
27609 2
27610 1
27611 0
27612 3
27613 2
27614 1
27615 4
27616 0
27617 2
27618 1
27619 3
27620 0
27621 2
27622 1
27623 3
27624 0
27625 2
27626 1
27627 4
27628 3
27629 2
27630 1
27631 0
27632 3
27633 2
27634 1
27635 0
27636 3
27637 4
27638 2
27639 1
27640 0
27641 3
27642 2
27643 1
27644 0
27645 3
27646 2
27647 1
27648 0
27649 3
27650 2
27651 1
27652 0
27653 3
27654 2
27655 1
27656 0
27657 3
27658 2
27659 1
27660 0
27661 3
27662 4
27663 2
27664 1
27665 0
27666 3
27667 2
27668 1
27669 0
27670 3
27671 2
27672 1
27673 0
27674 3
27675 2
27676 1
27677 0
27678 3
27679 2
27680 1
27681 0
27682 3
27683 2
27684 1
27685 0
27686 3
27687 2
27688 1
27689 0
27690 3
27691 2
27692 1
27693 0
27694 3
27695 2
27696 1
27697 0
27698 3
27699 2
27700 1
27701 0
27702 3
27703 2
27704 1
27705 0
27706 3
27707 2
27708 1
27709 0
27710 3
27711 2
27712 1
27713 4
27714 0
27715 2
27716 1
27717 3
27718 0
27719 2
27720 1
27721 3
27722 0
27723 2
27724 1
27725 4
27726 3
27727 2
27728 1
27729 0
27730 3
27731 2
27732 1
27733 0
27734 3
27735 4
27736 2
27737 1
27738 0
27739 3
27740 2
27741 1
27742 0
27743 3
27744 2
27745 1
27746 0
27747 3
27748 2
27749 1
27750 0
27751 3
27752 2
27753 1
27754 0
27755 3
27756 2
27757 1
27758 0
27759 3
27760 4
27761 2
27762 1
27763 0
27764 3
27765 2
27766 1
27767 0
27768 3
27769 2
27770 1
27771 0
27772 3
27773 2
27774 1
27775 0
27776 3
27777 2
27778 1
27779 0
27780 3
27781 2
27782 1
27783 0
27784 3
27785 2
27786 1
27787 0
27788 3
27789 2
27790 1
27791 0
27792 3
27793 2
27794 1
27795 0
27796 3
27797 2
27798 1
27799 0
27800 3
27801 2
27802 1
27803 0
27804 3
27805 2
27806 1
27807 0
27808 3
27809 2
27810 1
27811 4
27812 0
27813 2
27814 1
27815 3
27816 0
27817 2
27818 1
27819 3
27820 0
27821 2
27822 1
27823 4
27824 3
27825 2
27826 1
27827 0
27828 3
27829 2
27830 1
27831 0
27832 3
27833 2
27834 1
27835 4
27836 0
27837 2
27838 1
27839 3
27840 0
27841 2
27842 1
27843 3
27844 0
27845 2
27846 1
27847 4
27848 3
27849 2
27850 1
27851 0
27852 3
27853 2
27854 1
27855 0
27856 3
27857 4
27858 2
27859 1
27860 0
27861 3
27862 2
27863 1
27864 0
27865 3
27866 2
27867 1
27868 0
27869 3
27870 2
27871 1
27872 0
27873 3
27874 2
27875 1
27876 0
27877 3
27878 2
27879 1
27880 0
27881 3
27882 2
27883 1
27884 0
27885 3
27886 2
27887 1
27888 0
27889 3
27890 2
27891 1
27892 0
27893 3
27894 2
27895 1
27896 0
27897 3
27898 2
27899 1
27900 0
27901 3
27902 2
27903 1
27904 0
27905 3
27906 4
27907 2
27908 1
27909 0
27910 3
27911 2
27912 1
27913 0
27914 3
27915 2
27916 1
27917 0
27918 3
27919 2
27920 1
27921 0
27922 3
27923 2
27924 1
27925 0
27926 3
27927 2
27928 1
27929 0
27930 3
27931 2
27932 1
27933 0
27934 3
27935 2
27936 1
27937 0
27938 3
27939 2
27940 1
27941 0
27942 3
27943 2
27944 1
27945 0
27946 3
27947 2
27948 1
27949 0
27950 3
27951 2
27952 1
27953 0
27954 3
27955 4
27956 2
27957 1
27958 0
27959 3
27960 2
27961 1
27962 0
27963 3
27964 2
27965 1
27966 0
27967 3
27968 2
27969 1
27970 0
27971 3
27972 2
27973 1
27974 0
27975 3
27976 2
27977 1
27978 0
27979 3
27980 2
27981 1
27982 0
27983 3
27984 2
27985 1
27986 0
27987 3
27988 2
27989 1
27990 0
27991 3
27992 2
27993 1
27994 0
27995 3
27996 2
27997 1
27998 0
27999 3
28000 2
28001 1
28002 0
28003 3
28004 2
28005 1
28006 4
28007 0
28008 2
28009 1
28010 3
28011 0
28012 2
28013 1
28014 3
28015 0
28016 2
28017 1
28018 4
28019 3
28020 2
28021 1
28022 0
28023 3
28024 2
28025 1
28026 0
28027 3
28028 2
28029 1
28030 4
28031 0
28032 2
28033 1
28034 3
28035 0
28036 2
28037 1
28038 3
28039 0
28040 2
28041 1
28042 4
28043 3
28044 2
28045 1
28046 0
28047 3
28048 2
28049 1
28050 0
28051 3
28052 4
28053 2
28054 1
28055 0
28056 3
28057 2
28058 1
28059 0
28060 3
28061 2
28062 1
28063 0
28064 3
28065 2
28066 1
28067 0
28068 3
28069 2
28070 1
28071 0
28072 3
28073 2
28074 1
28075 0
28076 3
28077 2
28078 1
28079 0
28080 3
28081 2
28082 1
28083 0
28084 3
28085 2
28086 1
28087 0
28088 3
28089 2
28090 1
28091 0
28092 3
28093 2
28094 1
28095 0
28096 3
28097 2
28098 1
28099 0
28100 3
28101 4
28102 2
28103 1
28104 0
28105 3
28106 2
28107 1
28108 0
28109 3
28110 2
28111 1
28112 0
28113 3
28114 2
28115 1
28116 0
28117 3
28118 2
28119 1
28120 0
28121 3
28122 2
28123 1
28124 0
28125 3
28126 2
28127 1
28128 0
28129 3
28130 2
28131 1
28132 0
28133 3
28134 2
28135 1
28136 0
28137 3
28138 2
28139 1
28140 0
28141 3
28142 2
28143 1
28144 0
28145 3
28146 2
28147 1
28148 0
28149 3
28150 4
28151 2
28152 1
28153 0
28154 3
28155 2
28156 1
28157 0
28158 3
28159 2
28160 1
28161 0
28162 3
28163 2
28164 1
28165 0
28166 3
28167 2
28168 1
28169 0
28170 3
28171 2
28172 1
28173 0
28174 3
28175 2
28176 1
28177 0
28178 3
28179 2
28180 1
28181 0
28182 3
28183 2
28184 1
28185 0
28186 3
28187 2
28188 1
28189 0
28190 3
28191 2
28192 1
28193 0
28194 3
28195 2
28196 1
28197 0
28198 3
28199 2
28200 1
28201 4
28202 0
28203 2
28204 1
28205 3
28206 0
28207 2
28208 1
28209 3
28210 0
28211 2
28212 1
28213 4
28214 3
28215 2
28216 1
28217 0
28218 3
28219 2
28220 1
28221 0
28222 3
28223 2
28224 1
28225 4
28226 0
28227 2
28228 1
28229 3
28230 0
28231 2
28232 1
28233 3
28234 0
28235 2
28236 1
28237 4
28238 3
28239 2
28240 1
28241 0
28242 3
28243 2
28244 1
28245 0
28246 3
28247 4
28248 2
28249 1
28250 0
28251 3
28252 2
28253 1
28254 0
28255 3
28256 2
28257 1
28258 0
28259 3
28260 2
28261 1
28262 0
28263 3
28264 2
28265 1
28266 0
28267 3
28268 2
28269 1
28270 0
28271 3
28272 2
28273 1
28274 0
28275 3
28276 2
28277 1
28278 0
28279 3
28280 2
28281 1
28282 0
28283 3
28284 2
28285 1
28286 0
28287 3
28288 2
28289 1
28290 0
28291 3
28292 2
28293 1
28294 0
28295 3
28296 4
28297 2
28298 1
28299 0
28300 3
28301 2
28302 1
28303 0
28304 3
28305 2
28306 1
28307 0
28308 3
28309 2
28310 1
28311 0
28312 3
28313 2
28314 1
28315 0
28316 3
28317 2
28318 1
28319 0
28320 3
28321 2
28322 1
28323 0
28324 3
28325 2
28326 1
28327 0
28328 3
28329 2
28330 1
28331 0
28332 3
28333 2
28334 1
28335 0
28336 3
28337 2
28338 1
28339 0
28340 3
28341 2
28342 1
28343 0
28344 3
28345 4
28346 2
28347 1
28348 0
28349 3
28350 2
28351 1
28352 0
28353 3
28354 2
28355 1
28356 0
28357 3
28358 2
28359 1
28360 0
28361 3
28362 2
28363 1
28364 0
28365 3
28366 2
28367 1
28368 0
28369 3
28370 2
28371 1
28372 0
28373 3
28374 2
28375 1
28376 0
28377 3
28378 2
28379 1
28380 0
28381 3
28382 2
28383 1
28384 0
28385 3
28386 2
28387 1
28388 0
28389 3
28390 2
28391 1
28392 0
28393 3
28394 2
28395 1
28396 4
28397 0
28398 2
28399 1
28400 3
28401 0
28402 2
28403 1
28404 3
28405 0
28406 2
28407 1
28408 4
28409 3
28410 2
28411 1
28412 0
28413 3
28414 2
28415 1
28416 0
28417 3
28418 4
28419 2
28420 1
28421 0
28422 3
28423 2
28424 1
28425 0
28426 3
28427 2
28428 1
28429 0
28430 3
28431 2
28432 1
28433 0
28434 3
28435 2
28436 1
28437 0
28438 3
28439 2
28440 1
28441 0
28442 3
28443 4
28444 2
28445 1
28446 0
28447 3
28448 2
28449 1
28450 0
28451 3
28452 2
28453 1
28454 0
28455 3
28456 2
28457 1
28458 0
28459 3
28460 2
28461 1
28462 0
28463 3
28464 2
28465 1
28466 0
28467 3
28468 2
28469 1
28470 0
28471 3
28472 2
28473 1
28474 0
28475 3
28476 2
28477 1
28478 0
28479 3
28480 2
28481 1
28482 0
28483 3
28484 2
28485 1
28486 0
28487 3
28488 2
28489 1
28490 0
28491 3
28492 2
28493 1
28494 4
28495 0
28496 2
28497 1
28498 3
28499 0
28500 2
28501 1
28502 3
28503 0
28504 2
28505 1
28506 4
28507 3
28508 2
28509 1
28510 0
28511 3
28512 2
28513 1
28514 0
28515 3
28516 4
28517 2
28518 1
28519 0
28520 3
28521 2
28522 1
28523 0
28524 3
28525 2
28526 1
28527 0
28528 3
28529 2
28530 1
28531 0
28532 3
28533 2
28534 1
28535 0
28536 3
28537 2
28538 1
28539 0
28540 3
28541 4
28542 2
28543 1
28544 0
28545 3
28546 2
28547 1
28548 0
28549 3
28550 2
28551 1
28552 0
28553 3
28554 2
28555 1
28556 0
28557 3
28558 2
28559 1
28560 0
28561 3
28562 2
28563 1
28564 0
28565 3
28566 2
28567 1
28568 0
28569 3
28570 2
28571 1
28572 0
28573 3
28574 2
28575 1
28576 0
28577 3
28578 2
28579 1
28580 0
28581 3
28582 2
28583 1
28584 0
28585 3
28586 2
28587 1
28588 0
28589 3
28590 2
28591 1
28592 4
28593 0
28594 2
28595 1
28596 3
28597 0
28598 2
28599 1
28600 3
28601 0
28602 2
28603 1
28604 4
28605 3
28606 2
28607 1
28608 0
28609 3
28610 2
28611 1
28612 0
28613 3
28614 2
28615 1
28616 4
28617 0
28618 2
28619 1
28620 3
28621 0
28622 2
28623 1
28624 3
28625 0
28626 2
28627 1
28628 4
28629 3
28630 2
28631 1
28632 0
28633 3
28634 2
28635 1
28636 0
28637 3
28638 4
28639 2
28640 1
28641 0
28642 3
28643 2
28644 1
28645 0
28646 3
28647 2
28648 1
28649 0
28650 3
28651 2
28652 1
28653 0
28654 3
28655 2
28656 1
28657 0
28658 3
28659 2
28660 1
28661 0
28662 3
28663 2
28664 1
28665 0
28666 3
28667 2
28668 1
28669 0
28670 3
28671 2
28672 1
28673 0
28674 3
28675 2
28676 1
28677 0
28678 3
28679 2
28680 1
28681 0
28682 3
28683 2
28684 1
28685 0
28686 3
28687 4
28688 2
28689 1
28690 0
28691 3
28692 2
28693 1
28694 0
28695 3
28696 2
28697 1
28698 0
28699 3
28700 2
28701 1
28702 0
28703 3
28704 2
28705 1
28706 0
28707 3
28708 2
28709 1
28710 0
28711 3
28712 2
28713 1
28714 0
28715 3
28716 2
28717 1
28718 0
28719 3
28720 2
28721 1
28722 0
28723 3
28724 2
28725 1
28726 0
28727 3
28728 2
28729 1
28730 0
28731 3
28732 2
28733 1
28734 0
28735 3
28736 4
28737 2
28738 1
28739 0
28740 3
28741 2
28742 1
28743 0
28744 3
28745 2
28746 1
28747 0
28748 3
28749 2
28750 1
28751 0
28752 3
28753 2
28754 1
28755 0
28756 3
28757 2
28758 1
28759 0
28760 3
28761 2
28762 1
28763 0
28764 3
28765 2
28766 1
28767 0
28768 3
28769 2
28770 1
28771 0
28772 3
28773 2
28774 1
28775 0
28776 3
28777 2
28778 1
28779 0
28780 3
28781 2
28782 1
28783 0
28784 3
28785 2
28786 1
28787 4
28788 0
28789 2
28790 1
28791 3
28792 0
28793 2
28794 1
28795 3
28796 0
28797 2
28798 1
28799 4
28800 3
28801 2
28802 1
28803 0
28804 3
28805 2
28806 1
28807 0
28808 3
28809 2
28810 1
28811 4
28812 0
28813 2
28814 1
28815 3
28816 0
28817 2
28818 1
28819 3
28820 0
28821 2
28822 1
28823 4
28824 3
28825 2
28826 1
28827 0
28828 3
28829 2
28830 1
28831 0
28832 3
28833 4
28834 2
28835 1
28836 0
28837 3
28838 2
28839 1
28840 0
28841 3
28842 2
28843 1
28844 0
28845 3
28846 2
28847 1
28848 0
28849 3
28850 2
28851 1
28852 0
28853 3
28854 2
28855 1
28856 0
28857 3
28858 2
28859 1
28860 0
28861 3
28862 2
28863 1
28864 0
28865 3
28866 2
28867 1
28868 0
28869 3
28870 2
28871 1
28872 0
28873 3
28874 2
28875 1
28876 0
28877 3
28878 2
28879 1
28880 0
28881 3
28882 4
28883 2
28884 1
28885 0
28886 3
28887 2
28888 1
28889 0
28890 3
28891 2
28892 1
28893 0
28894 3
28895 2
28896 1
28897 0
28898 3
28899 2
28900 1
28901 0
28902 3
28903 2
28904 1
28905 0
28906 3
28907 2
28908 1
28909 0
28910 3
28911 2
28912 1
28913 0
28914 3
28915 2
28916 1
28917 0
28918 3
28919 2
28920 1
28921 0
28922 3
28923 2
28924 1
28925 0
28926 3
28927 2
28928 1
28929 0
28930 3
28931 4
28932 2
28933 1
28934 0
28935 3
28936 2
28937 1
28938 0
28939 3
28940 2
28941 1
28942 0
28943 3
28944 2
28945 1
28946 0
28947 3
28948 2
28949 1
28950 0
28951 3
28952 2
28953 1
28954 0
28955 3
28956 2
28957 1
28958 0
28959 3
28960 2
28961 1
28962 0
28963 3
28964 2
28965 1
28966 0
28967 3
28968 2
28969 1
28970 0
28971 3
28972 2
28973 1
28974 0
28975 3
28976 2
28977 1
28978 0
28979 3
28980 2
28981 1
28982 4
28983 0
28984 2
28985 1
28986 3
28987 0
28988 2
28989 1
28990 3
28991 0
28992 2
28993 1
28994 4
28995 3
28996 2
28997 1
28998 0
28999 3
29000 2
29001 1
29002 0
29003 3
29004 2
29005 1
29006 4
29007 0
29008 2
29009 1
29010 3
29011 0
29012 2
29013 1
29014 3
29015 0
29016 2
29017 1
29018 4
29019 3
29020 2
29021 1
29022 0
29023 3
29024 2
29025 1
29026 0
29027 3
29028 4
29029 2
29030 1
29031 0
29032 3
29033 2
29034 1
29035 0
29036 3
29037 2
29038 1
29039 0
29040 3
29041 2
29042 1
29043 0
29044 3
29045 2
29046 1
29047 0
29048 3
29049 2
29050 1
29051 0
29052 3
29053 2
29054 1
29055 0
29056 3
29057 2
29058 1
29059 0
29060 3
29061 2
29062 1
29063 0
29064 3
29065 2
29066 1
29067 0
29068 3
29069 2
29070 1
29071 0
29072 3
29073 2
29074 1
29075 0
29076 3
29077 4
29078 2
29079 1
29080 0
29081 3
29082 2
29083 1
29084 0
29085 3
29086 2
29087 1
29088 0
29089 3
29090 2
29091 1
29092 0
29093 3
29094 2
29095 1
29096 0
29097 3
29098 2
29099 1
29100 0
29101 3
29102 2
29103 1
29104 0
29105 3
29106 2
29107 1
29108 0
29109 3
29110 2
29111 1
29112 0
29113 3
29114 2
29115 1
29116 0
29117 3
29118 2
29119 1
29120 0
29121 3
29122 2
29123 1
29124 0
29125 3
29126 4
29127 2
29128 1
29129 0
29130 3
29131 2
29132 1
29133 0
29134 3
29135 2
29136 1
29137 0
29138 3
29139 2
29140 1
29141 0
29142 3
29143 2
29144 1
29145 0
29146 3
29147 2
29148 1
29149 0
29150 3
29151 2
29152 1
29153 0
29154 3
29155 2
29156 1
29157 0
29158 3
29159 2
29160 1
29161 0
29162 3
29163 2
29164 1
29165 0
29166 3
29167 2
29168 1
29169 0
29170 3
29171 2
29172 1
29173 0
29174 3
29175 2
29176 1
29177 4
29178 0
29179 2
29180 1
29181 3
29182 0
29183 2
29184 1
29185 3
29186 0
29187 2
29188 1
29189 4
29190 3
29191 2
29192 1
29193 0
29194 3
29195 2
29196 1
29197 0
29198 3
29199 4
29200 2
29201 1
29202 0
29203 3
29204 2
29205 1
29206 0
29207 3
29208 2
29209 1
29210 0
29211 3
29212 2
29213 1
29214 0
29215 3
29216 2
29217 1
29218 0
29219 3
29220 2
29221 1
29222 0
29223 3
29224 4
29225 2
29226 1
29227 0
29228 3
29229 2
29230 1
29231 0
29232 3
29233 2
29234 1
29235 0
29236 3
29237 2
29238 1
29239 0
29240 3
29241 2
29242 1
29243 0
29244 3
29245 2
29246 1
29247 0
29248 3
29249 2
29250 1
29251 0
29252 3
29253 2
29254 1
29255 0
29256 3
29257 2
29258 1
29259 0
29260 3
29261 2
29262 1
29263 0
29264 3
29265 2
29266 1
29267 0
29268 3
29269 2
29270 1
29271 0
29272 3
29273 2
29274 1
29275 4
29276 0
29277 2
29278 1
29279 3
29280 0
29281 2
29282 1
29283 3
29284 0
29285 2
29286 1
29287 4
29288 3
29289 2
29290 1
29291 0
29292 3
29293 2
29294 1
29295 0
29296 3
29297 4
29298 2
29299 1
29300 0
29301 3
29302 2
29303 1
29304 0
29305 3
29306 2
29307 1
29308 0
29309 3
29310 2
29311 1
29312 0
29313 3
29314 2
29315 1
29316 0
29317 3
29318 2
29319 1
29320 0
29321 3
29322 4
29323 2
29324 1
29325 0
29326 3
29327 2
29328 1
29329 0
29330 3
29331 2
29332 1
29333 0
29334 3
29335 2
29336 1
29337 0
29338 3
29339 2
29340 1
29341 0
29342 3
29343 2
29344 1
29345 0
29346 3
29347 2
29348 1
29349 0
29350 3
29351 2
29352 1
29353 0
29354 3
29355 2
29356 1
29357 0
29358 3
29359 2
29360 1
29361 0
29362 3
29363 2
29364 1
29365 0
29366 3
29367 2
29368 1
29369 0
29370 3
29371 2
29372 1
29373 4
29374 0
29375 2
29376 1
29377 3
29378 0
29379 2
29380 1
29381 3
29382 0
29383 2
29384 1
29385 4
29386 3
29387 2
29388 1
29389 0
29390 3
29391 2
29392 1
29393 0
29394 3
29395 2
29396 1
29397 4
29398 0
29399 2
29400 1
29401 3
29402 0
29403 2
29404 1
29405 3
29406 0
29407 2
29408 1
29409 4
29410 3
29411 2
29412 1
29413 0
29414 3
29415 2
29416 1
29417 0
29418 3
29419 4
29420 2
29421 1
29422 0
29423 3
29424 2
29425 1
29426 0
29427 3
29428 2
29429 1
29430 0
29431 3
29432 2
29433 1
29434 0
29435 3
29436 2
29437 1
29438 0
29439 3
29440 2
29441 1
29442 0
29443 3
29444 2
29445 1
29446 0
29447 3
29448 2
29449 1
29450 0
29451 3
29452 2
29453 1
29454 0
29455 3
29456 2
29457 1
29458 0
29459 3
29460 2
29461 1
29462 0
29463 3
29464 2
29465 1
29466 0
29467 3
29468 4
29469 2
29470 1
29471 0
29472 3
29473 2
29474 1
29475 0
29476 3
29477 2
29478 1
29479 0
29480 3
29481 2
29482 1
29483 0
29484 3
29485 2
29486 1
29487 0
29488 3
29489 2
29490 1
29491 0
29492 3
29493 2
29494 1
29495 0
29496 3
29497 2
29498 1
29499 0
29500 3
29501 2
29502 1
29503 0
29504 3
29505 2
29506 1
29507 0
29508 3
29509 2
29510 1
29511 0
29512 3
29513 2
29514 1
29515 0
29516 3
29517 4
29518 2
29519 1
29520 0
29521 3
29522 2
29523 1
29524 0
29525 3
29526 2
29527 1
29528 0
29529 3
29530 2
29531 1
29532 0
29533 3
29534 2
29535 1
29536 0
29537 3
29538 2
29539 1
29540 0
29541 3
29542 2
29543 1
29544 0
29545 3
29546 2
29547 1
29548 0
29549 3
29550 2
29551 1
29552 0
29553 3
29554 2
29555 1
29556 0
29557 3
29558 2
29559 1
29560 0
29561 3
29562 2
29563 1
29564 0
29565 3
29566 2
29567 1
29568 4
29569 0
29570 2
29571 1
29572 3
29573 0
29574 2
29575 1
29576 3
29577 0
29578 2
29579 1
29580 4
29581 3
29582 2
29583 1
29584 0
29585 3
29586 2
29587 1
29588 0
29589 3
29590 4
29591 2
29592 1
29593 0
29594 3
29595 2
29596 1
29597 0
29598 3
29599 2
29600 1
29601 0
29602 3
29603 2
29604 1
29605 0
29606 3
29607 2
29608 1
29609 0
29610 3
29611 2
29612 1
29613 0
29614 3
29615 4
29616 2
29617 1
29618 0
29619 3
29620 2
29621 1
29622 0
29623 3
29624 2
29625 1
29626 0
29627 3
29628 2
29629 1
29630 0
29631 3
29632 2
29633 1
29634 0
29635 3
29636 2
29637 1
29638 0
29639 3
29640 2
29641 1
29642 0
29643 3
29644 2
29645 1
29646 0
29647 3
29648 2
29649 1
29650 0
29651 3
29652 2
29653 1
29654 0
29655 3
29656 2
29657 1
29658 0
29659 3
29660 2
29661 1
29662 0
29663 3
29664 2
29665 1
29666 4
29667 0
29668 2
29669 1
29670 3
29671 0
29672 2
29673 1
29674 3
29675 0
29676 2
29677 1
29678 4
29679 3
29680 2
29681 1
29682 0
29683 3
29684 2
29685 1
29686 0
29687 3
29688 4
29689 2
29690 1
29691 0
29692 3
29693 2
29694 1
29695 0
29696 3
29697 2
29698 1
29699 0
29700 3
29701 2
29702 1
29703 0
29704 3
29705 2
29706 1
29707 0
29708 3
29709 2
29710 1
29711 0
29712 3
29713 4
29714 2
29715 1
29716 0
29717 3
29718 2
29719 1
29720 0
29721 3
29722 2
29723 1
29724 0
29725 3
29726 2
29727 1
29728 0
29729 3
29730 2
29731 1
29732 0
29733 3
29734 2
29735 1
29736 0
29737 3
29738 2
29739 1
29740 0
29741 3
29742 2
29743 1
29744 0
29745 3
29746 2
29747 1
29748 0
29749 3
29750 2
29751 1
29752 0
29753 3
29754 2
29755 1
29756 0
29757 3
29758 2
29759 1
29760 0
29761 3
29762 2
29763 1
29764 4
29765 0
29766 2
29767 1
29768 3
29769 0
29770 2
29771 1
29772 3
29773 0
29774 2
29775 1
29776 4
29777 3
29778 2
29779 1
29780 0
29781 3
29782 2
29783 1
29784 0
29785 3
29786 2
29787 1
29788 4
29789 0
29790 2
29791 1
29792 3
29793 0
29794 2
29795 1
29796 3
29797 0
29798 2
29799 1
29800 4
29801 3
29802 2
29803 1
29804 0
29805 3
29806 2
29807 1
29808 0
29809 3
29810 4
29811 2
29812 1
29813 0
29814 3
29815 2
29816 1
29817 0
29818 3
29819 2
29820 1
29821 0
29822 3
29823 2
29824 1
29825 0
29826 3
29827 2
29828 1
29829 0
29830 3
29831 2
29832 1
29833 0
29834 3
29835 2
29836 1
29837 0
29838 3
29839 2
29840 1
29841 0
29842 3
29843 2
29844 1
29845 0
29846 3
29847 2
29848 1
29849 0
29850 3
29851 2
29852 1
29853 0
29854 3
29855 2
29856 1
29857 0
29858 3
29859 4
29860 2
29861 1
29862 0
29863 3
29864 2
29865 1
29866 0
29867 3
29868 2
29869 1
29870 0
29871 3
29872 2
29873 1
29874 0
29875 3
29876 2
29877 1
29878 0
29879 3
29880 2
29881 1
29882 0
29883 3
29884 2
29885 1
29886 0
29887 3
29888 2
29889 1
29890 0
29891 3
29892 2
29893 1
29894 0
29895 3
29896 2
29897 1
29898 0
29899 3
29900 2
29901 1
29902 0
29903 3
29904 2
29905 1
29906 0
29907 3
29908 4
29909 2
29910 1
29911 0
29912 3
29913 2
29914 1
29915 0
29916 3
29917 2
29918 1
29919 0
29920 3
29921 2
29922 1
29923 0
29924 3
29925 2
29926 1
29927 0
29928 3
29929 2
29930 1
29931 0
29932 3
29933 2
29934 1
29935 0
29936 3
29937 2
29938 1
29939 0
29940 3
29941 2
29942 1
29943 0
29944 3
29945 2
29946 1
29947 0
29948 3
29949 2
29950 1
29951 0
29952 3
29953 2
29954 1
29955 0
29956 3
29957 2
29958 1
29959 4
29960 0
29961 2
29962 1
29963 3
29964 0
29965 2
29966 1
29967 3
29968 0
29969 2
29970 1
29971 4
29972 3
29973 2
29974 1
29975 0
29976 3
29977 2
29978 1
29979 0
29980 3
29981 4
29982 2
29983 1
29984 0
29985 3
29986 2
29987 1
29988 0
29989 3
29990 2
29991 1
29992 0
29993 3
29994 2
29995 1
29996 0
29997 3
29998 2
29999 1
30000 0
30001 3
30002 2
30003 1
30004 0
30005 3
30006 4
30007 2
30008 1
30009 0
30010 3
30011 2
30012 1
30013 0
30014 3
30015 2
30016 1
30017 0
30018 3
30019 2
30020 1
30021 0
30022 3
30023 2
30024 1
30025 0
30026 3
30027 2
30028 1
30029 0
30030 3
30031 2
30032 1
30033 0
30034 3
30035 2
30036 1
30037 0
30038 3
30039 2
30040 1
30041 0
30042 3
30043 2
30044 1
30045 0
30046 3
30047 2
30048 1
30049 0
30050 3
30051 2
30052 1
30053 0
30054 3
30055 2
30056 1
30057 4
30058 0
30059 2
30060 1
30061 3
30062 0
30063 2
30064 1
30065 3
30066 0
30067 2
30068 1
30069 4
30070 3
30071 2
30072 1
30073 0
30074 3
30075 2
30076 1
30077 0
30078 3
30079 4
30080 2
30081 1
30082 0
30083 3
30084 2
30085 1
30086 0
30087 3
30088 2
30089 1
30090 0
30091 3
30092 2
30093 1
30094 0
30095 3
30096 2
30097 1
30098 0
30099 3
30100 2
30101 1
30102 0
30103 3
30104 4
30105 2
30106 1
30107 0
30108 3
30109 2
30110 1
30111 0
30112 3
30113 2
30114 1
30115 0
30116 3
30117 2
30118 1
30119 0
30120 3
30121 2
30122 1
30123 0
30124 3
30125 2
30126 1
30127 0
30128 3
30129 2
30130 1
30131 0
30132 3
30133 2
30134 1
30135 0
30136 3
30137 2
30138 1
30139 0
30140 3
30141 2
30142 1
30143 0
30144 3
30145 2
30146 1
30147 0
30148 3
30149 2
30150 1
30151 0
30152 3
30153 2
30154 1
30155 4
30156 0
30157 2
30158 1
30159 3
30160 0
30161 2
30162 1
30163 3
30164 0
30165 2
30166 1
30167 4
30168 3
30169 2
30170 1
30171 0
30172 3
30173 2
30174 1
30175 0
30176 3
30177 2
30178 1
30179 4
30180 0
30181 2
30182 1
30183 3
30184 0
30185 2
30186 1
30187 3
30188 0
30189 2
30190 1
30191 4
30192 3
30193 2
30194 1
30195 0
30196 3
30197 2
30198 1
30199 0
30200 3
30201 4
30202 2
30203 1
30204 0
30205 3
30206 2
30207 1
30208 0
30209 3
30210 2
30211 1
30212 0
30213 3
30214 2
30215 1
30216 0
30217 3
30218 2
30219 1
30220 0
30221 3
30222 2
30223 1
30224 0
30225 3
30226 2
30227 1
30228 0
30229 3
30230 2
30231 1
30232 0
30233 3
30234 2
30235 1
30236 0
30237 3
30238 2
30239 1
30240 0
30241 3
30242 2
30243 1
30244 0
30245 3
30246 2
30247 1
30248 0
30249 3
30250 4
30251 2
30252 1
30253 0
30254 3
30255 2
30256 1
30257 0
30258 3
30259 2
30260 1
30261 0
30262 3
30263 2
30264 1
30265 0
30266 3
30267 2
30268 1
30269 0
30270 3
30271 2
30272 1
30273 0
30274 3
30275 2
30276 1
30277 0
30278 3
30279 2
30280 1
30281 0
30282 3
30283 2
30284 1
30285 0
30286 3
30287 2
30288 1
30289 0
30290 3
30291 2
30292 1
30293 0
30294 3
30295 2
30296 1
30297 0
30298 3
30299 4
30300 2
30301 1
30302 0
30303 3
30304 2
30305 1
30306 0
30307 3
30308 2
30309 1
30310 0
30311 3
30312 2
30313 1
30314 0
30315 3
30316 2
30317 1
30318 0
30319 3
30320 2
30321 1
30322 0
30323 3
30324 2
30325 1
30326 0
30327 3
30328 2
30329 1
30330 0
30331 3
30332 2
30333 1
30334 0
30335 3
30336 2
30337 1
30338 0
30339 3
30340 2
30341 1
30342 0
30343 3
30344 2
30345 1
30346 0
30347 3
30348 2
30349 1
30350 4
30351 0
30352 2
30353 1
30354 3
30355 0
30356 2
30357 1
30358 3
30359 0
30360 2
30361 1
30362 4
30363 3
30364 2
30365 1
30366 0
30367 3
30368 2
30369 1
30370 0
30371 3
30372 2
30373 1
30374 4
30375 0
30376 2
30377 1
30378 3
30379 0
30380 2
30381 1
30382 3
30383 0
30384 2
30385 1
30386 4
30387 3
30388 2
30389 1
30390 0
30391 3
30392 2
30393 1
30394 0
30395 3
30396 4
30397 2
30398 1
30399 0
30400 3
30401 2
30402 1
30403 0
30404 3
30405 2
30406 1
30407 0
30408 3
30409 2
30410 1
30411 0
30412 3
30413 2
30414 1
30415 0
30416 3
30417 2
30418 1
30419 0
30420 3
30421 2
30422 1
30423 0
30424 3
30425 2
30426 1
30427 0
30428 3
30429 2
30430 1
30431 0
30432 3
30433 2
30434 1
30435 0
30436 3
30437 2
30438 1
30439 0
30440 3
30441 2
30442 1
30443 0
30444 3
30445 4
30446 2
30447 1
30448 0
30449 3
30450 2
30451 1
30452 0
30453 3
30454 2
30455 1
30456 0
30457 3
30458 2
30459 1
30460 0
30461 3
30462 2
30463 1
30464 0
30465 3
30466 2
30467 1
30468 0
30469 3
30470 2
30471 1
30472 0
30473 3
30474 2
30475 1
30476 0
30477 3
30478 2
30479 1
30480 0
30481 3
30482 2
30483 1
30484 0
30485 3
30486 2
30487 1
30488 0
30489 3
30490 2
30491 1
30492 0
30493 3
30494 4
30495 2
30496 1
30497 0
30498 3
30499 2
30500 1
30501 0
30502 3
30503 2
30504 1
30505 0
30506 3
30507 2
30508 1
30509 0
30510 3
30511 2
30512 1
30513 0
30514 3
30515 2
30516 1
30517 0
30518 3
30519 2
30520 1
30521 0
30522 3
30523 2
30524 1
30525 0
30526 3
30527 2
30528 1
30529 0
30530 3
30531 2
30532 1
30533 0
30534 3
30535 2
30536 1
30537 0
30538 3
30539 2
30540 1
30541 0
30542 3
30543 2
30544 1
30545 4
30546 0
30547 2
30548 1
30549 3
30550 0
30551 2
30552 1
30553 3
30554 0
30555 2
30556 1
30557 4
30558 3
30559 2
30560 1
30561 0
30562 3
30563 2
30564 1
30565 0
30566 3
30567 2
30568 1
30569 4
30570 0
30571 2
30572 1
30573 3
30574 0
30575 2
30576 1
30577 3
30578 0
30579 2
30580 1
30581 4
30582 3
30583 2
30584 1
30585 0
30586 3
30587 2
30588 1
30589 0
30590 3
30591 4
30592 2
30593 1
30594 0
30595 3
30596 2
30597 1
30598 0
30599 3
30600 2
30601 1
30602 0
30603 3
30604 2
30605 1
30606 0
30607 3
30608 2
30609 1
30610 0
30611 3
30612 2
30613 1
30614 0
30615 3
30616 2
30617 1
30618 0
30619 3
30620 2
30621 1
30622 0
30623 3
30624 2
30625 1
30626 0
30627 3
30628 2
30629 1
30630 0
30631 3
30632 2
30633 1
30634 0
30635 3
30636 2
30637 1
30638 0
30639 3
30640 4
30641 2
30642 1
30643 0
30644 3
30645 2
30646 1
30647 0
30648 3
30649 2
30650 1
30651 0
30652 3
30653 2
30654 1
30655 0
30656 3
30657 2
30658 1
30659 0
30660 3
30661 2
30662 1
30663 0
30664 3
30665 2
30666 1
30667 0
30668 3
30669 2
30670 1
30671 0
30672 3
30673 2
30674 1
30675 0
30676 3
30677 2
30678 1
30679 0
30680 3
30681 2
30682 1
30683 0
30684 3
30685 2
30686 1
30687 0
30688 3
30689 4
30690 2
30691 1
30692 0
30693 3
30694 2
30695 1
30696 0
30697 3
30698 2
30699 1
30700 0
30701 3
30702 2
30703 1
30704 0
30705 3
30706 2
30707 1
30708 0
30709 3
30710 2
30711 1
30712 0
30713 3
30714 2
30715 1
30716 0
30717 3
30718 2
30719 1
30720 0
30721 3
30722 2
30723 1
30724 0
30725 3
30726 2
30727 1
30728 0
30729 3
30730 2
30731 1
30732 0
30733 3
30734 2
30735 1
30736 0
30737 3
30738 2
30739 1
30740 4
30741 0
30742 2
30743 1
30744 3
30745 0
30746 2
30747 1
30748 3
30749 0
30750 2
30751 1
30752 4
30753 3
30754 2
30755 1
30756 0
30757 3
30758 2
30759 1
30760 0
30761 3
30762 4
30763 2
30764 1
30765 0
30766 3
30767 2
30768 1
30769 0
30770 3
30771 2
30772 1
30773 0
30774 3
30775 2
30776 1
30777 0
30778 3
30779 2
30780 1
30781 0
30782 3
30783 2
30784 1
30785 0
30786 3
30787 4
30788 2
30789 1
30790 0
30791 3
30792 2
30793 1
30794 0
30795 3
30796 2
30797 1
30798 0
30799 3
30800 2
30801 1
30802 0
30803 3
30804 2
30805 1
30806 0
30807 3
30808 2
30809 1
30810 0
30811 3
30812 2
30813 1
30814 0
30815 3
30816 2
30817 1
30818 0
30819 3
30820 2
30821 1
30822 0
30823 3
30824 2
30825 1
30826 0
30827 3
30828 2
30829 1
30830 0
30831 3
30832 2
30833 1
30834 0
30835 3
30836 2
30837 1
30838 4
30839 0
30840 2
30841 1
30842 3
30843 0
30844 2
30845 1
30846 3
30847 0
30848 2
30849 1
30850 4
30851 3
30852 2
30853 1
30854 0
30855 3
30856 2
30857 1
30858 0
30859 3
30860 4
30861 2
30862 1
30863 0
30864 3
30865 2
30866 1
30867 0
30868 3
30869 2
30870 1
30871 0
30872 3
30873 2
30874 1
30875 0
30876 3
30877 2
30878 1
30879 0
30880 3
30881 2
30882 1
30883 0
30884 3
30885 4
30886 2
30887 1
30888 0
30889 3
30890 2
30891 1
30892 0
30893 3
30894 2
30895 1
30896 0
30897 3
30898 2
30899 1
30900 0
30901 3
30902 2
30903 1
30904 0
30905 3
30906 2
30907 1
30908 0
30909 3
30910 2
30911 1
30912 0
30913 3
30914 2
30915 1
30916 0
30917 3
30918 2
30919 1
30920 0
30921 3
30922 2
30923 1
30924 0
30925 3
30926 2
30927 1
30928 0
30929 3
30930 2
30931 1
30932 0
30933 3
30934 2
30935 1
30936 4
30937 0
30938 2
30939 1
30940 3
30941 0
30942 2
30943 1
30944 3
30945 0
30946 2
30947 1
30948 4
30949 3
30950 2
30951 1
30952 0
30953 3
30954 2
30955 1
30956 0
30957 3
30958 2
30959 1
30960 4
30961 0
30962 2
30963 1
30964 3
30965 0
30966 2
30967 1
30968 3
30969 0
30970 2
30971 1
30972 4
30973 3
30974 2
30975 1
30976 0
30977 3
30978 2
30979 1
30980 0
30981 3
30982 4
30983 2
30984 1
30985 0
30986 3
30987 2
30988 1
30989 0
30990 3
30991 2
30992 1
30993 0
30994 3
30995 2
30996 1
30997 0
30998 3
30999 2
31000 1
31001 0
31002 3
31003 2
31004 1
31005 0
31006 3
31007 2
31008 1
31009 0
31010 3
31011 2
31012 1
31013 0
31014 3
31015 2
31016 1
31017 0
31018 3
31019 2
31020 1
31021 0
31022 3
31023 2
31024 1
31025 0
31026 3
31027 2
31028 1
31029 0
31030 3
31031 4
31032 2
31033 1
31034 0
31035 3
31036 2
31037 1
31038 0
31039 3
31040 2
31041 1
31042 0
31043 3
31044 2
31045 1
31046 0
31047 3
31048 2
31049 1
31050 0
31051 3
31052 2
31053 1
31054 0
31055 3
31056 2
31057 1
31058 0
31059 3
31060 2
31061 1
31062 0
31063 3
31064 2
31065 1
31066 0
31067 3
31068 2
31069 1
31070 0
31071 3
31072 2
31073 1
31074 0
31075 3
31076 2
31077 1
31078 0
31079 3
31080 4
31081 2
31082 1
31083 0
31084 3
31085 2
31086 1
31087 0
31088 3
31089 2
31090 1
31091 0
31092 3
31093 2
31094 1
31095 0
31096 3
31097 2
31098 1
31099 0
31100 3
31101 2
31102 1
31103 0
31104 3
31105 2
31106 1
31107 0
31108 3
31109 2
31110 1
31111 0
31112 3
31113 2
31114 1
31115 0
31116 3
31117 2
31118 1
31119 0
31120 3
31121 2
31122 1
31123 0
31124 3
31125 2
31126 1
31127 0
31128 3
31129 2
31130 1
31131 4
31132 0
31133 2
31134 1
31135 3
31136 0
31137 2
31138 1
31139 3
31140 0
31141 2
31142 1
31143 4
31144 3
31145 2
31146 1
31147 0
31148 3
31149 2
31150 1
31151 0
31152 3
31153 2
31154 1
31155 4
31156 0
31157 2
31158 1
31159 3
31160 0
31161 2
31162 1
31163 3
31164 0
31165 2
31166 1
31167 4
31168 3
31169 2
31170 1
31171 0
31172 3
31173 2
31174 1
31175 0
31176 3
31177 4
31178 2
31179 1
31180 0
31181 3
31182 2
31183 1
31184 0
31185 3
31186 2
31187 1
31188 0
31189 3
31190 2
31191 1
31192 0
31193 3
31194 2
31195 1
31196 0
31197 3
31198 2
31199 1
31200 0
31201 3
31202 2
31203 1
31204 0
31205 3
31206 2
31207 1
31208 0
31209 3
31210 2
31211 1
31212 0
31213 3
31214 2
31215 1
31216 0
31217 3
31218 2
31219 1
31220 0
31221 3
31222 2
31223 1
31224 0
31225 3
31226 2
31227 1
31228 4
31229 0
31230 2
31231 1
31232 3
31233 0
31234 2
31235 1
31236 3
31237 0
31238 2
31239 1
31240 4
31241 3
31242 2
31243 1
31244 0
31245 3
31246 2
31247 1
31248 0
31249 3
31250 4
31251 2
31252 1
31253 0
31254 3
31255 2
31256 1
31257 0
31258 3
31259 2
31260 1
31261 0
31262 3
31263 2
31264 1
31265 0
31266 3
31267 2
31268 1
31269 0
31270 3
31271 2
31272 1
31273 0
31274 3
31275 4
31276 2
31277 1
31278 0
31279 3
31280 2
31281 1
31282 0
31283 3
31284 2
31285 1
31286 0
31287 3
31288 2
31289 1
31290 0
31291 3
31292 2
31293 1
31294 0
31295 3
31296 2
31297 1
31298 0
31299 3
31300 2
31301 1
31302 0
31303 3
31304 2
31305 1
31306 0
31307 3
31308 2
31309 1
31310 0
31311 3
31312 2
31313 1
31314 0
31315 3
31316 2
31317 1
31318 0
31319 3
31320 2
31321 1
31322 0
31323 3
31324 2
31325 1
31326 4
31327 0
31328 2
31329 1
31330 3
31331 0
31332 2
31333 1
31334 3
31335 0
31336 2
31337 1
31338 4
31339 3
31340 2
31341 1
31342 0
31343 3
31344 2
31345 1
31346 0
31347 3
31348 2
31349 1
31350 4
31351 0
31352 2
31353 1
31354 3
31355 0
31356 2
31357 1
31358 3
31359 0
31360 2
31361 1
31362 4
31363 3
31364 2
31365 1
31366 0
31367 3
31368 2
31369 1
31370 0
31371 3
31372 4
31373 2
31374 1
31375 0
31376 3
31377 2
31378 1
31379 0
31380 3
31381 2
31382 1
31383 0
31384 3
31385 2
31386 1
31387 0
31388 3
31389 2
31390 1
31391 0
31392 3
31393 2
31394 1
31395 0
31396 3
31397 2
31398 1
31399 0
31400 3
31401 2
31402 1
31403 0
31404 3
31405 2
31406 1
31407 0
31408 3
31409 2
31410 1
31411 0
31412 3
31413 2
31414 1
31415 0
31416 3
31417 2
31418 1
31419 0
31420 3
31421 4
31422 2
31423 1
31424 0
31425 3
31426 2
31427 1
31428 0
31429 3
31430 2
31431 1
31432 0
31433 3
31434 2
31435 1
31436 0
31437 3
31438 2
31439 1
31440 0
31441 3
31442 2
31443 1
31444 0
31445 3
31446 2
31447 1
31448 0
31449 3
31450 2
31451 1
31452 0
31453 3
31454 2
31455 1
31456 0
31457 3
31458 2
31459 1
31460 0
31461 3
31462 2
31463 1
31464 0
31465 3
31466 2
31467 1
31468 0
31469 3
31470 4
31471 2
31472 1
31473 0
31474 3
31475 2
31476 1
31477 0
31478 3
31479 2
31480 1
31481 0
31482 3
31483 2
31484 1
31485 0
31486 3
31487 2
31488 1
31489 0
31490 3
31491 2
31492 1
31493 0
31494 3
31495 2
31496 1
31497 0
31498 3
31499 2
31500 1
31501 0
31502 3
31503 2
31504 1
31505 0
31506 3
31507 2
31508 1
31509 0
31510 3
31511 2
31512 1
31513 0
31514 3
31515 2
31516 1
31517 0
31518 3
31519 2
31520 1
31521 4
31522 0
31523 2
31524 1
31525 3
31526 0
31527 2
31528 1
31529 3
31530 0
31531 2
31532 1
31533 4
31534 3
31535 2
31536 1
31537 0
31538 3
31539 2
31540 1
31541 0
31542 3
31543 4
31544 2
31545 1
31546 0
31547 3
31548 2
31549 1
31550 0
31551 3
31552 2
31553 1
31554 0
31555 3
31556 2
31557 1
31558 0
31559 3
31560 2
31561 1
31562 0
31563 3
31564 2
31565 1
31566 0
31567 3
31568 4
31569 2
31570 1
31571 0
31572 3
31573 2
31574 1
31575 0
31576 3
31577 2
31578 1
31579 0
31580 3
31581 2
31582 1
31583 0
31584 3
31585 2
31586 1
31587 0
31588 3
31589 2
31590 1
31591 0
31592 3
31593 2
31594 1
31595 0
31596 3
31597 2
31598 1
31599 0
31600 3
31601 2
31602 1
31603 0
31604 3
31605 2
31606 1
31607 0
31608 3
31609 2
31610 1
31611 0
31612 3
31613 2
31614 1
31615 0
31616 3
31617 2
31618 1
31619 4
31620 0
31621 2
31622 1
31623 3
31624 0
31625 2
31626 1
31627 3
31628 0
31629 2
31630 1
31631 4
31632 3
31633 2
31634 1
31635 0
31636 3
31637 2
31638 1
31639 0
31640 3
31641 4
31642 2
31643 1
31644 0
31645 3
31646 2
31647 1
31648 0
31649 3
31650 2
31651 1
31652 0
31653 3
31654 2
31655 1
31656 0
31657 3
31658 2
31659 1
31660 0
31661 3
31662 2
31663 1
31664 0
31665 3
31666 4
31667 2
31668 1
31669 0
31670 3
31671 2
31672 1
31673 0
31674 3
31675 2
31676 1
31677 0
31678 3
31679 2
31680 1
31681 0
31682 3
31683 2
31684 1
31685 0
31686 3
31687 2
31688 1
31689 0
31690 3
31691 2
31692 1
31693 0
31694 3
31695 2
31696 1
31697 0
31698 3
31699 2
31700 1
31701 0
31702 3
31703 2
31704 1
31705 0
31706 3
31707 2
31708 1
31709 0
31710 3
31711 2
31712 1
31713 0
31714 3
31715 2
31716 1
31717 4
31718 0
31719 2
31720 1
31721 3
31722 0
31723 2
31724 1
31725 3
31726 0
31727 2
31728 1
31729 4
31730 3
31731 2
31732 1
31733 0
31734 3
31735 2
31736 1
31737 0
31738 3
31739 2
31740 1
31741 4
31742 0
31743 2
31744 1
31745 3
31746 0
31747 2
31748 1
31749 3
31750 0
31751 2
31752 1
31753 4
31754 3
31755 2
31756 1
31757 0
31758 3
31759 2
31760 1
31761 0
31762 3
31763 4
31764 2
31765 1
31766 0
31767 3
31768 2
31769 1
31770 0
31771 3
31772 2
31773 1
31774 0
31775 3
31776 2
31777 1
31778 0
31779 3
31780 2
31781 1
31782 0
31783 3
31784 2
31785 1
31786 0
31787 3
31788 2
31789 1
31790 0
31791 3
31792 2
31793 1
31794 0
31795 3
31796 2
31797 1
31798 0
31799 3
31800 2
31801 1
31802 0
31803 3
31804 2
31805 1
31806 0
31807 3
31808 2
31809 1
31810 0
31811 3
31812 4
31813 2
31814 1
31815 0
31816 3
31817 2
31818 1
31819 0
31820 3
31821 2
31822 1
31823 0
31824 3
31825 2
31826 1
31827 0
31828 3
31829 2
31830 1
31831 0
31832 3
31833 2
31834 1
31835 0
31836 3
31837 2
31838 1
31839 0
31840 3
31841 2
31842 1
31843 0
31844 3
31845 2
31846 1
31847 0
31848 3
31849 2
31850 1
31851 0
31852 3
31853 2
31854 1
31855 0
31856 3
31857 2
31858 1
31859 0
31860 3
31861 4
31862 2
31863 1
31864 0
31865 3
31866 2
31867 1
31868 0
31869 3
31870 2
31871 1
31872 0
31873 3
31874 2
31875 1
31876 0
31877 3
31878 2
31879 1
31880 0
31881 3
31882 2
31883 1
31884 0
31885 3
31886 2
31887 1
31888 0
31889 3
31890 2
31891 1
31892 0
31893 3
31894 2
31895 1
31896 0
31897 3
31898 2
31899 1
31900 0
31901 3
31902 2
31903 1
31904 0
31905 3
31906 2
31907 1
31908 0
31909 3
31910 2
31911 1
31912 4
31913 0
31914 2
31915 1
31916 3
31917 0
31918 2
31919 1
31920 3
31921 0
31922 2
31923 1
31924 4
31925 3
31926 2
31927 1
31928 0
31929 3
31930 2
31931 1
31932 0
31933 3
31934 2
31935 1
31936 4
31937 0
31938 2
31939 1
31940 3
31941 0
31942 2
31943 1
31944 3
31945 0
31946 2
31947 1
31948 4
31949 3
31950 2
31951 1
31952 0
31953 3
31954 2
31955 1
31956 0
31957 3
31958 4
31959 2
31960 1
31961 0
31962 3
31963 2
31964 1
31965 0
31966 3
31967 2
31968 1
31969 0
31970 3
31971 2
31972 1
31973 0
31974 3
31975 2
31976 1
31977 0
31978 3
31979 2
31980 1
31981 0
31982 3
31983 2
31984 1
31985 0
31986 3
31987 2
31988 1
31989 0
31990 3
31991 2
31992 1
31993 0
31994 3
31995 2
31996 1
31997 0
31998 3
31999 2
32000 1
32001 0
32002 3
32003 2
32004 1
32005 0
32006 3
32007 4
32008 2
32009 1
32010 0
32011 3
32012 2
32013 1
32014 0
32015 3
32016 2
32017 1
32018 0
32019 3
32020 2
32021 1
32022 0
32023 3
32024 2
32025 1
32026 0
32027 3
32028 2
32029 1
32030 0
32031 3
32032 2
32033 1
32034 0
32035 3
32036 2
32037 1
32038 0
32039 3
32040 2
32041 1
32042 0
32043 3
32044 2
32045 1
32046 0
32047 3
32048 2
32049 1
32050 0
32051 3
32052 2
32053 1
32054 0
32055 3
32056 4
32057 2
32058 1
32059 0
32060 3
32061 2
32062 1
32063 0
32064 3
32065 2
32066 1
32067 0
32068 3
32069 2
32070 1
32071 0
32072 3
32073 2
32074 1
32075 0
32076 3
32077 2
32078 1
32079 0
32080 3
32081 2
32082 1
32083 0
32084 3
32085 2
32086 1
32087 0
32088 3
32089 2
32090 1
32091 0
32092 3
32093 2
32094 1
32095 0
32096 3
32097 2
32098 1
32099 0
32100 3
32101 2
32102 1
32103 0
32104 3
32105 2
32106 1
32107 4
32108 0
32109 2
32110 1
32111 3
32112 0
32113 2
32114 1
32115 3
32116 0
32117 2
32118 1
32119 4
32120 3
32121 2
32122 1
32123 0
32124 3
32125 2
32126 1
32127 0
32128 3
32129 2
32130 1
32131 4
32132 0
32133 2
32134 1
32135 3
32136 0
32137 2
32138 1
32139 3
32140 0
32141 2
32142 1
32143 4
32144 3
32145 2
32146 1
32147 0
32148 3
32149 2
32150 1
32151 0
32152 3
32153 4
32154 2
32155 1
32156 0
32157 3
32158 2
32159 1
32160 0
32161 3
32162 2
32163 1
32164 0
32165 3
32166 2
32167 1
32168 0
32169 3
32170 2
32171 1
32172 0
32173 3
32174 2
32175 1
32176 0
32177 3
32178 2
32179 1
32180 0
32181 3
32182 2
32183 1
32184 0
32185 3
32186 2
32187 1
32188 0
32189 3
32190 2
32191 1
32192 0
32193 3
32194 2
32195 1
32196 0
32197 3
32198 2
32199 1
32200 0
32201 3
32202 4
32203 2
32204 1
32205 0
32206 3
32207 2
32208 1
32209 0
32210 3
32211 2
32212 1
32213 0
32214 3
32215 2
32216 1
32217 0
32218 3
32219 2
32220 1
32221 0
32222 3
32223 2
32224 1
32225 0
32226 3
32227 2
32228 1
32229 0
32230 3
32231 2
32232 1
32233 0
32234 3
32235 2
32236 1
32237 0
32238 3
32239 2
32240 1
32241 0
32242 3
32243 2
32244 1
32245 0
32246 3
32247 2
32248 1
32249 0
32250 3
32251 4
32252 2
32253 1
32254 0
32255 3
32256 2
32257 1
32258 0
32259 3
32260 2
32261 1
32262 0
32263 3
32264 2
32265 1
32266 0
32267 3
32268 2
32269 1
32270 0
32271 3
32272 2
32273 1
32274 0
32275 3
32276 2
32277 1
32278 0
32279 3
32280 2
32281 1
32282 0
32283 3
32284 2
32285 1
32286 0
32287 3
32288 2
32289 1
32290 0
32291 3
32292 2
32293 1
32294 0
32295 3
32296 2
32297 1
32298 0
32299 3
32300 2
32301 1
32302 4
32303 0
32304 2
32305 1
32306 3
32307 0
32308 2
32309 1
32310 3
32311 0
32312 2
32313 1
32314 4
32315 3
32316 2
32317 1
32318 0
32319 3
32320 2
32321 1
32322 0
32323 3
32324 4
32325 2
32326 1
32327 0
32328 3
32329 2
32330 1
32331 0
32332 3
32333 2
32334 1
32335 0
32336 3
32337 2
32338 1
32339 0
32340 3
32341 2
32342 1
32343 0
32344 3
32345 2
32346 1
32347 0
32348 3
32349 4
32350 2
32351 1
32352 0
32353 3
32354 2
32355 1
32356 0
32357 3
32358 2
32359 1
32360 0
32361 3
32362 2
32363 1
32364 0
32365 3
32366 2
32367 1
32368 0
32369 3
32370 2
32371 1
32372 0
32373 3
32374 2
32375 1
32376 0
32377 3
32378 2
32379 1
32380 0
32381 3
32382 2
32383 1
32384 0
32385 3
32386 2
32387 1
32388 0
32389 3
32390 2
32391 1
32392 0
32393 3
32394 2
32395 1
32396 0
32397 3
32398 2
32399 1
32400 4
32401 0
32402 2
32403 1
32404 3
32405 0
32406 2
32407 1
32408 3
32409 0
32410 2
32411 1
32412 4
32413 3
32414 2
32415 1
32416 0
32417 3
32418 2
32419 1
32420 0
32421 3
32422 4
32423 2
32424 1
32425 0
32426 3
32427 2
32428 1
32429 0
32430 3
32431 2
32432 1
32433 0
32434 3
32435 2
32436 1
32437 0
32438 3
32439 2
32440 1
32441 0
32442 3
32443 2
32444 1
32445 0
32446 3
32447 4
32448 2
32449 1
32450 0
32451 3
32452 2
32453 1
32454 0
32455 3
32456 2
32457 1
32458 0
32459 3
32460 2
32461 1
32462 0
32463 3
32464 2
32465 1
32466 0
32467 3
32468 2
32469 1
32470 0
32471 3
32472 2
32473 1
32474 0
32475 3
32476 2
32477 1
32478 0
32479 3
32480 2
32481 1
32482 0
32483 3
32484 2
32485 1
32486 0
32487 3
32488 2
32489 1
32490 0
32491 3
32492 2
32493 1
32494 0
32495 3
32496 2
32497 1
32498 4
32499 0
32500 2
32501 1
32502 3
32503 0
32504 2
32505 1
32506 3
32507 0
32508 2
32509 1
32510 4
32511 3
32512 2
32513 1
32514 0
32515 3
32516 2
32517 1
32518 0
32519 3
32520 2
32521 1
32522 4
32523 0
32524 2
32525 1
32526 3
32527 0
32528 2
32529 1
32530 3
32531 0
32532 2
32533 1
32534 4
32535 3
32536 2
32537 1
32538 0
32539 3
32540 2
32541 1
32542 0
32543 3
32544 4
32545 2
32546 1
32547 0
32548 3
32549 2
32550 1
32551 0
32552 3
32553 2
32554 1
32555 0
32556 3
32557 2
32558 1
32559 0
32560 3
32561 2
32562 1
32563 0
32564 3
32565 2
32566 1
32567 0
32568 3
32569 2
32570 1
32571 0
32572 3
32573 2
32574 1
32575 0
32576 3
32577 2
32578 1
32579 0
32580 3
32581 2
32582 1
32583 0
32584 3
32585 2
32586 1
32587 0
32588 3
32589 2
32590 1
32591 0
32592 3
32593 4
32594 2
32595 1
32596 0
32597 3
32598 2
32599 1
32600 0
32601 3
32602 2
32603 1
32604 0
32605 3
32606 2
32607 1
32608 0
32609 3
32610 2
32611 1
32612 0
32613 3
32614 2
32615 1
32616 0
32617 3
32618 2
32619 1
32620 0
32621 3
32622 2
32623 1
32624 0
32625 3
32626 2
32627 1
32628 0
32629 3
32630 2
32631 1
32632 0
32633 3
32634 2
32635 1
32636 0
32637 3
32638 2
32639 1
32640 0
32641 3
32642 4
32643 2
32644 1
32645 0
32646 3
32647 2
32648 1
32649 0
32650 3
32651 2
32652 1
32653 0
32654 3
32655 2
32656 1
32657 0
32658 3
32659 2
32660 1
32661 0
32662 3
32663 2
32664 1
32665 0
32666 3
32667 2
32668 1
32669 0
32670 3
32671 2
32672 1
32673 0
32674 3
32675 2
32676 1
32677 0
32678 3
32679 2
32680 1
32681 0
32682 3
32683 2
32684 1
32685 0
32686 3
32687 2
32688 1
32689 0
32690 3
32691 2
32692 1
32693 4
32694 0
32695 2
32696 1
32697 3
32698 0
32699 2
32700 1
32701 3
32702 0
32703 2
32704 1
32705 4
32706 3
32707 2
32708 1
32709 0
32710 3
32711 2
32712 1
32713 0
32714 3
32715 2
32716 1
32717 4
32718 0
32719 2
32720 1
32721 3
32722 0
32723 2
32724 1
32725 3
32726 0
32727 2
32728 1
32729 4
32730 3
32731 2
32732 1
32733 0
32734 3
32735 2
32736 1
32737 0
32738 3
32739 4
32740 2
32741 1
32742 0
32743 3
32744 2
32745 1
32746 0
32747 3
32748 2
32749 1
32750 0
32751 3
32752 2
32753 1
32754 0
32755 3
32756 2
32757 1
32758 0
32759 3
32760 2
32761 1
32762 0
32763 3
32764 2
32765 1
32766 0
32767 3
32768 2
32769 1
32770 0
32771 3
32772 2
32773 1
32774 0
32775 3
32776 2
32777 1
32778 0
32779 3
32780 2
32781 1
32782 0
32783 3
32784 2
32785 1
32786 0
32787 3
32788 2
32789 1
32790 4
32791 0
32792 2
32793 1
32794 3
32795 0
32796 2
32797 1
32798 3
32799 0
32800 2
32801 1
32802 4
32803 3
32804 2
32805 1
32806 0
32807 3
32808 2
32809 1
32810 0
32811 3
32812 4
32813 2
32814 1
32815 0
32816 3
32817 2
32818 1
32819 0
32820 3
32821 2
32822 1
32823 0
32824 3
32825 2
32826 1
32827 0
32828 3
32829 2
32830 1
32831 0
32832 3
32833 2
32834 1
32835 0
32836 3
32837 4
32838 2
32839 1
32840 0
32841 3
32842 2
32843 1
32844 0
32845 3
32846 2
32847 1
32848 0
32849 3
32850 2
32851 1
32852 0
32853 3
32854 2
32855 1
32856 0
32857 3
32858 2
32859 1
32860 0
32861 3
32862 2
32863 1
32864 0
32865 3
32866 2
32867 1
32868 0
32869 3
32870 2
32871 1
32872 0
32873 3
32874 2
32875 1
32876 0
32877 3
32878 2
32879 1
32880 0
32881 3
32882 2
32883 1
32884 0
32885 3
32886 2
32887 1
32888 4
32889 0
32890 2
32891 1
32892 3
32893 0
32894 2
32895 1
32896 3
32897 0
32898 2
32899 1
32900 4
32901 3
32902 2
32903 1
32904 0
32905 3
32906 2
32907 1
32908 0
32909 3
32910 2
32911 1
32912 4
32913 0
32914 2
32915 1
32916 3
32917 0
32918 2
32919 1
32920 3
32921 0
32922 2
32923 1
32924 4
32925 3
32926 2
32927 1
32928 0
32929 3
32930 2
32931 1
32932 0
32933 3
32934 4
32935 2
32936 1
32937 0
32938 3
32939 2
32940 1
32941 0
32942 3
32943 2
32944 1
32945 0
32946 3
32947 2
32948 1
32949 0
32950 3
32951 2
32952 1
32953 0
32954 3
32955 2
32956 1
32957 0
32958 3
32959 2
32960 1
32961 0
32962 3
32963 2
32964 1
32965 0
32966 3
32967 2
32968 1
32969 0
32970 3
32971 2
32972 1
32973 0
32974 3
32975 2
32976 1
32977 0
32978 3
32979 2
32980 1
32981 0
32982 3
32983 4
32984 2
32985 1
32986 0
32987 3
32988 2
32989 1
32990 0
32991 3
32992 2
32993 1
32994 0
32995 3
32996 2
32997 1
32998 0
32999 3
33000 2
33001 1
33002 0
33003 3
33004 2
33005 1
33006 0
33007 3
33008 2
33009 1
33010 0
33011 3
33012 2
33013 1
33014 0
33015 3
33016 2
33017 1
33018 0
33019 3
33020 2
33021 1
33022 0
33023 3
33024 2
33025 1
33026 0
33027 3
33028 2
33029 1
33030 0
33031 3
33032 4
33033 2
33034 1
33035 0
33036 3
33037 2
33038 1
33039 0
33040 3
33041 2
33042 1
33043 0
33044 3
33045 2
33046 1
33047 0
33048 3
33049 2
33050 1
33051 0
33052 3
33053 2
33054 1
33055 0
33056 3
33057 2
33058 1
33059 0
33060 3
33061 2
33062 1
33063 0
33064 3
33065 2
33066 1
33067 0
33068 3
33069 2
33070 1
33071 0
33072 3
33073 2
33074 1
33075 0
33076 3
33077 2
33078 1
33079 0
33080 3
33081 2
33082 1
33083 4
33084 0
33085 2
33086 1
33087 3
33088 0
33089 2
33090 1
33091 3
33092 0
33093 2
33094 1
33095 4
33096 3
33097 2
33098 1
33099 0
33100 3
33101 2
33102 1
33103 0
33104 3
33105 4
33106 2
33107 1
33108 0
33109 3
33110 2
33111 1
33112 0
33113 3
33114 2
33115 1
33116 0
33117 3
33118 2
33119 1
33120 0
33121 3
33122 2
33123 1
33124 0
33125 3
33126 2
33127 1
33128 0
33129 3
33130 4
33131 2
33132 1
33133 0
33134 3
33135 2
33136 1
33137 0
33138 3
33139 2
33140 1
33141 0
33142 3
33143 2
33144 1
33145 0
33146 3
33147 2
33148 1
33149 0
33150 3
33151 2
33152 1
33153 0
33154 3
33155 2
33156 1
33157 0
33158 3
33159 2
33160 1
33161 0
33162 3
33163 2
33164 1
33165 0
33166 3
33167 2
33168 1
33169 0
33170 3
33171 2
33172 1
33173 0
33174 3
33175 2
33176 1
33177 0
33178 3
33179 2
33180 1
33181 4
33182 0
33183 2
33184 1
33185 3
33186 0
33187 2
33188 1
33189 3
33190 0
33191 2
33192 1
33193 4
33194 3
33195 2
33196 1
33197 0
33198 3
33199 2
33200 1
33201 0
33202 3
33203 4
33204 2
33205 1
33206 0
33207 3
33208 2
33209 1
33210 0
33211 3
33212 2
33213 1
33214 0
33215 3
33216 2
33217 1
33218 0
33219 3
33220 2
33221 1
33222 0
33223 3
33224 2
33225 1
33226 0
33227 3
33228 4
33229 2
33230 1
33231 0
33232 3
33233 2
33234 1
33235 0
33236 3
33237 2
33238 1
33239 0
33240 3
33241 2
33242 1
33243 0
33244 3
33245 2
33246 1
33247 0
33248 3
33249 2
33250 1
33251 0
33252 3
33253 2
33254 1
33255 0
33256 3
33257 2
33258 1
33259 0
33260 3
33261 2
33262 1
33263 0
33264 3
33265 2
33266 1
33267 0
33268 3
33269 2
33270 1
33271 0
33272 3
33273 2
33274 1
33275 0
33276 3
33277 2
33278 1
33279 4
33280 0
33281 2
33282 1
33283 3
33284 0
33285 2
33286 1
33287 3
33288 0
33289 2
33290 1
33291 4
33292 3
33293 2
33294 1
33295 0
33296 3
33297 2
33298 1
33299 0
33300 3
33301 2
33302 1
33303 4
33304 0
33305 2
33306 1
33307 3
33308 0
33309 2
33310 1
33311 3
33312 0
33313 2
33314 1
33315 4
33316 3
33317 2
33318 1
33319 0
33320 3
33321 2
33322 1
33323 0
33324 3
33325 4
33326 2
33327 1
33328 0
33329 3
33330 2
33331 1
33332 0
33333 3
33334 2
33335 1
33336 0
33337 3
33338 2
33339 1
33340 0
33341 3
33342 2
33343 1
33344 0
33345 3
33346 2
33347 1
33348 0
33349 3
33350 2
33351 1
33352 0
33353 3
33354 2
33355 1
33356 0
33357 3
33358 2
33359 1
33360 0
33361 3
33362 2
33363 1
33364 0
33365 3
33366 2
33367 1
33368 0
33369 3
33370 2
33371 1
33372 0
33373 3
33374 4
33375 2
33376 1
33377 0
33378 3
33379 2
33380 1
33381 0
33382 3
33383 2
33384 1
33385 0
33386 3
33387 2
33388 1
33389 0
33390 3
33391 2
33392 1
33393 0
33394 3
33395 2
33396 1
33397 0
33398 3
33399 2
33400 1
33401 0
33402 3
33403 2
33404 1
33405 0
33406 3
33407 2
33408 1
33409 0
33410 3
33411 2
33412 1
33413 0
33414 3
33415 2
33416 1
33417 0
33418 3
33419 2
33420 1
33421 0
33422 3
33423 4
33424 2
33425 1
33426 0
33427 3
33428 2
33429 1
33430 0
33431 3
33432 2
33433 1
33434 0
33435 3
33436 2
33437 1
33438 0
33439 3
33440 2
33441 1
33442 0
33443 3
33444 2
33445 1
33446 0
33447 3
33448 2
33449 1
33450 0
33451 3
33452 2
33453 1
33454 0
33455 3
33456 2
33457 1
33458 0
33459 3
33460 2
33461 1
33462 0
33463 3
33464 2
33465 1
33466 0
33467 3
33468 2
33469 1
33470 0
33471 3
33472 2
33473 1
33474 4
33475 0
33476 2
33477 1
33478 3
33479 0
33480 2
33481 1
33482 3
33483 0
33484 2
33485 1
33486 4
33487 3
33488 2
33489 1
33490 0
33491 3
33492 2
33493 1
33494 0
33495 3
33496 2
33497 1
33498 4
33499 0
33500 2
33501 1
33502 3
33503 0
33504 2
33505 1
33506 3
33507 0
33508 2
33509 1
33510 4
33511 3
33512 2
33513 1
33514 0
33515 3
33516 2
33517 1
33518 0
33519 3
33520 4
33521 2
33522 1
33523 0
33524 3
33525 2
33526 1
33527 0
33528 3
33529 2
33530 1
33531 0
33532 3
33533 2
33534 1
33535 0
33536 3
33537 2
33538 1
33539 0
33540 3
33541 2
33542 1
33543 0
33544 3
33545 2
33546 1
33547 0
33548 3
33549 2
33550 1
33551 0
33552 3
33553 2
33554 1
33555 0
33556 3
33557 2
33558 1
33559 0
33560 3
33561 2
33562 1
33563 0
33564 3
33565 2
33566 1
33567 0
33568 3
33569 4
33570 2
33571 1
33572 0
33573 3
33574 2
33575 1
33576 0
33577 3
33578 2
33579 1
33580 0
33581 3
33582 2
33583 1
33584 0
33585 3
33586 2
33587 1
33588 0
33589 3
33590 2
33591 1
33592 0
33593 3
33594 2
33595 1
33596 0
33597 3
33598 2
33599 1
33600 0
33601 3
33602 2
33603 1
33604 0
33605 3
33606 2
33607 1
33608 0
33609 3
33610 2
33611 1
33612 0
33613 3
33614 2
33615 1
33616 0
33617 3
33618 4
33619 2
33620 1
33621 0
33622 3
33623 2
33624 1
33625 0
33626 3
33627 2
33628 1
33629 0
33630 3
33631 2
33632 1
33633 0
33634 3
33635 2
33636 1
33637 0
33638 3
33639 2
33640 1
33641 0
33642 3
33643 2
33644 1
33645 0
33646 3
33647 2
33648 1
33649 0
33650 3
33651 2
33652 1
33653 0
33654 3
33655 2
33656 1
33657 0
33658 3
33659 2
33660 1
33661 0
33662 3
33663 2
33664 1
33665 0
33666 3
33667 2
33668 1
33669 4
33670 0
33671 2
33672 1
33673 3
33674 0
33675 2
33676 1
33677 3
33678 0
33679 2
33680 1
33681 4
33682 3
33683 2
33684 1
33685 0
33686 3
33687 2
33688 1
33689 0
33690 3
33691 2
33692 1
33693 4
33694 0
33695 2
33696 1
33697 3
33698 0
33699 2
33700 1
33701 3
33702 0
33703 2
33704 1
33705 4
33706 3
33707 2
33708 1
33709 0
33710 3
33711 2
33712 1
33713 0
33714 3
33715 4
33716 2
33717 1
33718 0
33719 3
33720 2
33721 1
33722 0
33723 3
33724 2
33725 1
33726 0
33727 3
33728 2
33729 1
33730 0
33731 3
33732 2
33733 1
33734 0
33735 3
33736 2
33737 1
33738 0
33739 3
33740 2
33741 1
33742 0
33743 3
33744 2
33745 1
33746 0
33747 3
33748 2
33749 1
33750 0
33751 3
33752 2
33753 1
33754 0
33755 3
33756 2
33757 1
33758 0
33759 3
33760 2
33761 1
33762 0
33763 3
33764 4
33765 2
33766 1
33767 0
33768 3
33769 2
33770 1
33771 0
33772 3
33773 2
33774 1
33775 0
33776 3
33777 2
33778 1
33779 0
33780 3
33781 2
33782 1
33783 0
33784 3
33785 2
33786 1
33787 0
33788 3
33789 2
33790 1
33791 0
33792 3
33793 2
33794 1
33795 0
33796 3
33797 2
33798 1
33799 0
33800 3
33801 2
33802 1
33803 0
33804 3
33805 2
33806 1
33807 0
33808 3
33809 2
33810 1
33811 0
33812 3
33813 4
33814 2
33815 1
33816 0
33817 3
33818 2
33819 1
33820 0
33821 3
33822 2
33823 1
33824 0
33825 3
33826 2
33827 1
33828 0
33829 3
33830 2
33831 1
33832 0
33833 3
33834 2
33835 1
33836 0
33837 3
33838 2
33839 1
33840 0
33841 3
33842 2
33843 1
33844 0
33845 3
33846 2
33847 1
33848 0
33849 3
33850 2
33851 1
33852 0
33853 3
33854 2
33855 1
33856 0
33857 3
33858 2
33859 1
33860 0
33861 3
33862 2
33863 1
33864 4
33865 0
33866 2
33867 1
33868 3
33869 0
33870 2
33871 1
33872 3
33873 0
33874 2
33875 1
33876 4
33877 3
33878 2
33879 1
33880 0
33881 3
33882 2
33883 1
33884 0
33885 3
33886 4
33887 2
33888 1
33889 0
33890 3
33891 2
33892 1
33893 0
33894 3
33895 2
33896 1
33897 0
33898 3
33899 2
33900 1
33901 0
33902 3
33903 2
33904 1
33905 0
33906 3
33907 2
33908 1
33909 0
33910 3
33911 4
33912 2
33913 1
33914 0
33915 3
33916 2
33917 1
33918 0
33919 3
33920 2
33921 1
33922 0
33923 3
33924 2
33925 1
33926 0
33927 3
33928 2
33929 1
33930 0
33931 3
33932 2
33933 1
33934 0
33935 3
33936 2
33937 1
33938 0
33939 3
33940 2
33941 1
33942 0
33943 3
33944 2
33945 1
33946 0
33947 3
33948 2
33949 1
33950 0
33951 3
33952 2
33953 1
33954 0
33955 3
33956 2
33957 1
33958 0
33959 3
33960 2
33961 1
33962 4
33963 0
33964 2
33965 1
33966 3
33967 0
33968 2
33969 1
33970 3
33971 0
33972 2
33973 1
33974 4
33975 3
33976 2
33977 1
33978 0
33979 3
33980 2
33981 1
33982 0
33983 3
33984 4
33985 2
33986 1
33987 0
33988 3
33989 2
33990 1
33991 0
33992 3
33993 2
33994 1
33995 0
33996 3
33997 2
33998 1
33999 0
34000 3
34001 2
34002 1
34003 0
34004 3
34005 2
34006 1
34007 0
34008 3
34009 4
34010 2
34011 1
34012 0
34013 3
34014 2
34015 1
34016 0
34017 3
34018 2
34019 1
34020 0
34021 3
34022 2
34023 1
34024 0
34025 3
34026 2
34027 1
34028 0
34029 3
34030 2
34031 1
34032 0
34033 3
34034 2
34035 1
34036 0
34037 3
34038 2
34039 1
34040 0
34041 3
34042 2
34043 1
34044 0
34045 3
34046 2
34047 1
34048 0
34049 3
34050 2
34051 1
34052 0
34053 3
34054 2
34055 1
34056 0
34057 3
34058 2
34059 1
34060 4
34061 0
34062 2
34063 1
34064 3
34065 0
34066 2
34067 1
34068 3
34069 0
34070 2
34071 1
34072 4
34073 3
34074 2
34075 1
34076 0
34077 3
34078 2
34079 1
34080 0
34081 3
34082 2
34083 1
34084 4
34085 0
34086 2
34087 1
34088 3
34089 0
34090 2
34091 1
34092 3
34093 0
34094 2
34095 1
34096 4
34097 3
34098 2
34099 1
34100 0
34101 3
34102 2
34103 1
34104 0
34105 3
34106 4
34107 2
34108 1
34109 0
34110 3
34111 2
34112 1
34113 0
34114 3
34115 2
34116 1
34117 0
34118 3
34119 2
34120 1
34121 0
34122 3
34123 2
34124 1
34125 0
34126 3
34127 2
34128 1
34129 0
34130 3
34131 2
34132 1
34133 0
34134 3
34135 2
34136 1
34137 0
34138 3
34139 2
34140 1
34141 0
34142 3
34143 2
34144 1
34145 0
34146 3
34147 2
34148 1
34149 0
34150 3
34151 2
34152 1
34153 0
34154 3
34155 4
34156 2
34157 1
34158 0
34159 3
34160 2
34161 1
34162 0
34163 3
34164 2
34165 1
34166 0
34167 3
34168 2
34169 1
34170 0
34171 3
34172 2
34173 1
34174 0
34175 3
34176 2
34177 1
34178 0
34179 3
34180 2
34181 1
34182 0
34183 3
34184 2
34185 1
34186 0
34187 3
34188 2
34189 1
34190 0
34191 3
34192 2
34193 1
34194 0
34195 3
34196 2
34197 1
34198 0
34199 3
34200 2
34201 1
34202 0
34203 3
34204 4
34205 2
34206 1
34207 0
34208 3
34209 2
34210 1
34211 0
34212 3
34213 2
34214 1
34215 0
34216 3
34217 2
34218 1
34219 0
34220 3
34221 2
34222 1
34223 0
34224 3
34225 2
34226 1
34227 0
34228 3
34229 2
34230 1
34231 0
34232 3
34233 2
34234 1
34235 0
34236 3
34237 2
34238 1
34239 0
34240 3
34241 2
34242 1
34243 0
34244 3
34245 2
34246 1
34247 0
34248 3
34249 2
34250 1
34251 0
34252 3
34253 2
34254 1
34255 4
34256 0
34257 2
34258 1
34259 3
34260 0
34261 2
34262 1
34263 3
34264 0
34265 2
34266 1
34267 4
34268 3
34269 2
34270 1
34271 0
34272 3
34273 2
34274 1
34275 0
34276 3
34277 2
34278 1
34279 4
34280 0
34281 2
34282 1
34283 3
34284 0
34285 2
34286 1
34287 3
34288 0
34289 2
34290 1
34291 4
34292 3
34293 2
34294 1
34295 0
34296 3
34297 2
34298 1
34299 0
34300 3
34301 4
34302 2
34303 1
34304 0
34305 3
34306 2
34307 1
34308 0
34309 3
34310 2
34311 1
34312 0
34313 3
34314 2
34315 1
34316 0
34317 3
34318 2
34319 1
34320 0
34321 3
34322 2
34323 1
34324 0
34325 3
34326 2
34327 1
34328 0
34329 3
34330 2
34331 1
34332 0
34333 3
34334 2
34335 1
34336 0
34337 3
34338 2
34339 1
34340 0
34341 3
34342 2
34343 1
34344 0
34345 3
34346 2
34347 1
34348 0
34349 3
34350 4
34351 2
34352 1
34353 0
34354 3
34355 2
34356 1
34357 0
34358 3
34359 2
34360 1
34361 0
34362 3
34363 2
34364 1
34365 0
34366 3
34367 2
34368 1
34369 0
34370 3
34371 2
34372 1
34373 0
34374 3
34375 2
34376 1
34377 0
34378 3
34379 2
34380 1
34381 0
34382 3
34383 2
34384 1
34385 0
34386 3
34387 2
34388 1
34389 0
34390 3
34391 2
34392 1
34393 0
34394 3
34395 2
34396 1
34397 0
34398 3
34399 4
34400 2
34401 1
34402 0
34403 3
34404 2
34405 1
34406 0
34407 3
34408 2
34409 1
34410 0
34411 3
34412 2
34413 1
34414 0
34415 3
34416 2
34417 1
34418 0
34419 3
34420 2
34421 1
34422 0
34423 3
34424 2
34425 1
34426 0
34427 3
34428 2
34429 1
34430 0
34431 3
34432 2
34433 1
34434 0
34435 3
34436 2
34437 1
34438 0
34439 3
34440 2
34441 1
34442 0
34443 3
34444 2
34445 1
34446 0
34447 3
34448 2
34449 1
34450 4
34451 0
34452 2
34453 1
34454 3
34455 0
34456 2
34457 1
34458 3
34459 0
34460 2
34461 1
34462 4
34463 3
34464 2
34465 1
34466 0
34467 3
34468 2
34469 1
34470 0
34471 3
34472 2
34473 1
34474 4
34475 0
34476 2
34477 1
34478 3
34479 0
34480 2
34481 1
34482 3
34483 0
34484 2
34485 1
34486 4
34487 3
34488 2
34489 1
34490 0
34491 3
34492 2
34493 1
34494 0
34495 3
34496 4
34497 2
34498 1
34499 0
34500 3
34501 2
34502 1
34503 0
34504 3
34505 2
34506 1
34507 0
34508 3
34509 2
34510 1
34511 0
34512 3
34513 2
34514 1
34515 0
34516 3
34517 2
34518 1
34519 0
34520 3
34521 2
34522 1
34523 0
34524 3
34525 2
34526 1
34527 0
34528 3
34529 2
34530 1
34531 0
34532 3
34533 2
34534 1
34535 0
34536 3
34537 2
34538 1
34539 0
34540 3
34541 2
34542 1
34543 0
34544 3
34545 4
34546 2
34547 1
34548 0
34549 3
34550 2
34551 1
34552 0
34553 3
34554 2
34555 1
34556 0
34557 3
34558 2
34559 1
34560 0
34561 3
34562 2
34563 1
34564 0
34565 3
34566 2
34567 1
34568 0
34569 3
34570 2
34571 1
34572 0
34573 3
34574 2
34575 1
34576 0
34577 3
34578 2
34579 1
34580 0
34581 3
34582 2
34583 1
34584 0
34585 3
34586 2
34587 1
34588 0
34589 3
34590 2
34591 1
34592 0
34593 3
34594 4
34595 2
34596 1
34597 0
34598 3
34599 2
34600 1
34601 0
34602 3
34603 2
34604 1
34605 0
34606 3
34607 2
34608 1
34609 0
34610 3
34611 2
34612 1
34613 0
34614 3
34615 2
34616 1
34617 0
34618 3
34619 2
34620 1
34621 0
34622 3
34623 2
34624 1
34625 0
34626 3
34627 2
34628 1
34629 0
34630 3
34631 2
34632 1
34633 0
34634 3
34635 2
34636 1
34637 0
34638 3
34639 2
34640 1
34641 0
34642 3
34643 2
34644 1
34645 4
34646 0
34647 2
34648 1
34649 3
34650 0
34651 2
34652 1
34653 3
34654 0
34655 2
34656 1
34657 4
34658 3
34659 2
34660 1
34661 0
34662 3
34663 2
34664 1
34665 0
34666 3
34667 4
34668 2
34669 1
34670 0
34671 3
34672 2
34673 1
34674 0
34675 3
34676 2
34677 1
34678 0
34679 3
34680 2
34681 1
34682 0
34683 3
34684 2
34685 1
34686 0
34687 3
34688 2
34689 1
34690 0
34691 3
34692 4
34693 2
34694 1
34695 0
34696 3
34697 2
34698 1
34699 0
34700 3
34701 2
34702 1
34703 0
34704 3
34705 2
34706 1
34707 0
34708 3
34709 2
34710 1
34711 0
34712 3
34713 2
34714 1
34715 0
34716 3
34717 2
34718 1
34719 0
34720 3
34721 2
34722 1
34723 0
34724 3
34725 2
34726 1
34727 0
34728 3
34729 2
34730 1
34731 0
34732 3
34733 2
34734 1
34735 0
34736 3
34737 2
34738 1
34739 0
34740 3
34741 2
34742 1
34743 4
34744 0
34745 2
34746 1
34747 3
34748 0
34749 2
34750 1
34751 3
34752 0
34753 2
34754 1
34755 4
34756 3
34757 2
34758 1
34759 0
34760 3
34761 2
34762 1
34763 0
34764 3
34765 4
34766 2
34767 1
34768 0
34769 3
34770 2
34771 1
34772 0
34773 3
34774 2
34775 1
34776 0
34777 3
34778 2
34779 1
34780 0
34781 3
34782 2
34783 1
34784 0
34785 3
34786 2
34787 1
34788 0
34789 3
34790 4
34791 2
34792 1
34793 0
34794 3
34795 2
34796 1
34797 0
34798 3
34799 2
34800 1
34801 0
34802 3
34803 2
34804 1
34805 0
34806 3
34807 2
34808 1
34809 0
34810 3
34811 2
34812 1
34813 0
34814 3
34815 2
34816 1
34817 0
34818 3
34819 2
34820 1
34821 0
34822 3
34823 2
34824 1
34825 0
34826 3
34827 2
34828 1
34829 0
34830 3
34831 2
34832 1
34833 0
34834 3
34835 2
34836 1
34837 0
34838 3
34839 2
34840 1
34841 4
34842 0
34843 2
34844 1
34845 3
34846 0
34847 2
34848 1
34849 3
34850 0
34851 2
34852 1
34853 4
34854 3
34855 2
34856 1
34857 0
34858 3
34859 2
34860 1
34861 0
34862 3
34863 2
34864 1
34865 4
34866 0
34867 2
34868 1
34869 3
34870 0
34871 2
34872 1
34873 3
34874 0
34875 2
34876 1
34877 4
34878 3
34879 2
34880 1
34881 0
34882 3
34883 2
34884 1
34885 0
34886 3
34887 4
34888 2
34889 1
34890 0
34891 3
34892 2
34893 1
34894 0
34895 3
34896 2
34897 1
34898 0
34899 3
34900 2
34901 1
34902 0
34903 3
34904 2
34905 1
34906 0
34907 3
34908 2
34909 1
34910 0
34911 3
34912 2
34913 1
34914 0
34915 3
34916 2
34917 1
34918 0
34919 3
34920 2
34921 1
34922 0
34923 3
34924 2
34925 1
34926 0
34927 3
34928 2
34929 1
34930 0
34931 3
34932 2
34933 1
34934 0
34935 3
34936 4
34937 2
34938 1
34939 0
34940 3
34941 2
34942 1
34943 0
34944 3
34945 2
34946 1
34947 0
34948 3
34949 2
34950 1
34951 0
34952 3
34953 2
34954 1
34955 0
34956 3
34957 2
34958 1
34959 0
34960 3
34961 2
34962 1
34963 0
34964 3
34965 2
34966 1
34967 0
34968 3
34969 2
34970 1
34971 0
34972 3
34973 2
34974 1
34975 0
34976 3
34977 2
34978 1
34979 0
34980 3
34981 2
34982 1
34983 0
34984 3
34985 4
34986 2
34987 1
34988 0
34989 3
34990 2
34991 1
34992 0
34993 3
34994 2
34995 1
34996 0
34997 3
34998 2
34999 1
35000 0
35001 3
35002 2
35003 1
35004 0
35005 3
35006 2
35007 1
35008 0
35009 3
35010 2
35011 1
35012 0
35013 3
35014 2
35015 1
35016 0
35017 3
35018 2
35019 1
35020 0
35021 3
35022 2
35023 1
35024 0
35025 3
35026 2
35027 1
35028 0
35029 3
35030 2
35031 1
35032 0
35033 3
35034 2
35035 1
35036 4
35037 0
35038 2
35039 1
35040 3
35041 0
35042 2
35043 1
35044 3
35045 0
35046 2
35047 1
35048 4
35049 3
35050 2
35051 1
35052 0
35053 3
35054 2
35055 1
35056 0
35057 3
35058 2
35059 1
35060 4
35061 0
35062 2
35063 1
35064 3
35065 0
35066 2
35067 1
35068 3
35069 0
35070 2
35071 1
35072 4
35073 3
35074 2
35075 1
35076 0
35077 3
35078 2
35079 1
35080 0
35081 3
35082 4
35083 2
35084 1
35085 0
35086 3
35087 2
35088 1
35089 0
35090 3
35091 2
35092 1
35093 0
35094 3
35095 2
35096 1
35097 0
35098 3
35099 2
35100 1
35101 0
35102 3
35103 2
35104 1
35105 0
35106 3
35107 2
35108 1
35109 0
35110 3
35111 2
35112 1
35113 0
35114 3
35115 2
35116 1
35117 0
35118 3
35119 2
35120 1
35121 0
35122 3
35123 2
35124 1
35125 0
35126 3
35127 2
35128 1
35129 0
35130 3
35131 4
35132 2
35133 1
35134 0
35135 3
35136 2
35137 1
35138 0
35139 3
35140 2
35141 1
35142 0
35143 3
35144 2
35145 1
35146 0
35147 3
35148 2
35149 1
35150 0
35151 3
35152 2
35153 1
35154 0
35155 3
35156 2
35157 1
35158 0
35159 3
35160 2
35161 1
35162 0
35163 3
35164 2
35165 1
35166 0
35167 3
35168 2
35169 1
35170 0
35171 3
35172 2
35173 1
35174 0
35175 3
35176 2
35177 1
35178 0
35179 3
35180 4
35181 2
35182 1
35183 0
35184 3
35185 2
35186 1
35187 0
35188 3
35189 2
35190 1
35191 0
35192 3
35193 2
35194 1
35195 0
35196 3
35197 2
35198 1
35199 0
35200 3
35201 2
35202 1
35203 0
35204 3
35205 2
35206 1
35207 0
35208 3
35209 2
35210 1
35211 0
35212 3
35213 2
35214 1
35215 0
35216 3
35217 2
35218 1
35219 0
35220 3
35221 2
35222 1
35223 0
35224 3
35225 2
35226 1
35227 0
35228 3
35229 2
35230 1
35231 4
35232 0
35233 2
35234 1
35235 3
35236 0
35237 2
35238 1
35239 3
35240 0
35241 2
35242 1
35243 4
35244 3
35245 2
35246 1
35247 0
35248 3
35249 2
35250 1
35251 0
35252 3
35253 2
35254 1
35255 4
35256 0
35257 2
35258 1
35259 3
35260 0
35261 2
35262 1
35263 3
35264 0
35265 2
35266 1
35267 4
35268 3
35269 2
35270 1
35271 0
35272 3
35273 2
35274 1
35275 0
35276 3
35277 4
35278 2
35279 1
35280 0
35281 3
35282 2
35283 1
35284 0
35285 3
35286 2
35287 1
35288 0
35289 3
35290 2
35291 1
35292 0
35293 3
35294 2
35295 1
35296 0
35297 3
35298 2
35299 1
35300 0
35301 3
35302 2
35303 1
35304 0
35305 3
35306 2
35307 1
35308 0
35309 3
35310 2
35311 1
35312 0
35313 3
35314 2
35315 1
35316 0
35317 3
35318 2
35319 1
35320 0
35321 3
35322 2
35323 1
35324 0
35325 3
35326 4
35327 2
35328 1
35329 0
35330 3
35331 2
35332 1
35333 0
35334 3
35335 2
35336 1
35337 0
35338 3
35339 2
35340 1
35341 0
35342 3
35343 2
35344 1
35345 0
35346 3
35347 2
35348 1
35349 0
35350 3
35351 2
35352 1
35353 0
35354 3
35355 2
35356 1
35357 0
35358 3
35359 2
35360 1
35361 0
35362 3
35363 2
35364 1
35365 0
35366 3
35367 2
35368 1
35369 0
35370 3
35371 2
35372 1
35373 0
35374 3
35375 4
35376 2
35377 1
35378 0
35379 3
35380 2
35381 1
35382 0
35383 3
35384 2
35385 1
35386 0
35387 3
35388 2
35389 1
35390 0
35391 3
35392 2
35393 1
35394 0
35395 3
35396 2
35397 1
35398 0
35399 3
35400 2
35401 1
35402 0
35403 3
35404 2
35405 1
35406 0
35407 3
35408 2
35409 1
35410 0
35411 3
35412 2
35413 1
35414 0
35415 3
35416 2
35417 1
35418 0
35419 3
35420 2
35421 1
35422 0
35423 3
35424 2
35425 1
35426 4
35427 0
35428 2
35429 1
35430 3
35431 0
35432 2
35433 1
35434 3
35435 0
35436 2
35437 1
35438 4
35439 3
35440 2
35441 1
35442 0
35443 3
35444 2
35445 1
35446 0
35447 3
35448 4
35449 2
35450 1
35451 0
35452 3
35453 2
35454 1
35455 0
35456 3
35457 2
35458 1
35459 0
35460 3
35461 2
35462 1
35463 0
35464 3
35465 2
35466 1
35467 0
35468 3
35469 2
35470 1
35471 0
35472 3
35473 4
35474 2
35475 1
35476 0
35477 3
35478 2
35479 1
35480 0
35481 3
35482 2
35483 1
35484 0
35485 3
35486 2
35487 1
35488 0
35489 3
35490 2
35491 1
35492 0
35493 3
35494 2
35495 1
35496 0
35497 3
35498 2
35499 1
35500 0
35501 3
35502 2
35503 1
35504 0
35505 3
35506 2
35507 1
35508 0
35509 3
35510 2
35511 1
35512 0
35513 3
35514 2
35515 1
35516 0
35517 3
35518 2
35519 1
35520 0
35521 3
35522 2
35523 1
35524 4
35525 0
35526 2
35527 1
35528 3
35529 0
35530 2
35531 1
35532 3
35533 0
35534 2
35535 1
35536 4
35537 3
35538 2
35539 1
35540 0
35541 3
35542 2
35543 1
35544 0
35545 3
35546 4
35547 2
35548 1
35549 0
35550 3
35551 2
35552 1
35553 0
35554 3
35555 2
35556 1
35557 0
35558 3
35559 2
35560 1
35561 0
35562 3
35563 2
35564 1
35565 0
35566 3
35567 2
35568 1
35569 0
35570 3
35571 4
35572 2
35573 1
35574 0
35575 3
35576 2
35577 1
35578 0
35579 3
35580 2
35581 1
35582 0
35583 3
35584 2
35585 1
35586 0
35587 3
35588 2
35589 1
35590 0
35591 3
35592 2
35593 1
35594 0
35595 3
35596 2
35597 1
35598 0
35599 3
35600 2
35601 1
35602 0
35603 3
35604 2
35605 1
35606 0
35607 3
35608 2
35609 1
35610 0
35611 3
35612 2
35613 1
35614 0
35615 3
35616 2
35617 1
35618 0
35619 3
35620 2
35621 1
35622 4
35623 0
35624 2
35625 1
35626 3
35627 0
35628 2
35629 1
35630 3
35631 0
35632 2
35633 1
35634 4
35635 3
35636 2
35637 1
35638 0
35639 3
35640 2
35641 1
35642 0
35643 3
35644 2
35645 1
35646 4
35647 0
35648 2
35649 1
35650 3
35651 0
35652 2
35653 1
35654 3
35655 0
35656 2
35657 1
35658 4
35659 3
35660 2
35661 1
35662 0
35663 3
35664 2
35665 1
35666 0
35667 3
35668 4
35669 2
35670 1
35671 0
35672 3
35673 2
35674 1
35675 0
35676 3
35677 2
35678 1
35679 0
35680 3
35681 2
35682 1
35683 0
35684 3
35685 2
35686 1
35687 0
35688 3
35689 2
35690 1
35691 0
35692 3
35693 2
35694 1
35695 0
35696 3
35697 2
35698 1
35699 0
35700 3
35701 2
35702 1
35703 0
35704 3
35705 2
35706 1
35707 0
35708 3
35709 2
35710 1
35711 0
35712 3
35713 2
35714 1
35715 0
35716 3
35717 4
35718 2
35719 1
35720 0
35721 3
35722 2
35723 1
35724 0
35725 3
35726 2
35727 1
35728 0
35729 3
35730 2
35731 1
35732 0
35733 3
35734 2
35735 1
35736 0
35737 3
35738 2
35739 1
35740 0
35741 3
35742 2
35743 1
35744 0
35745 3
35746 2
35747 1
35748 0
35749 3
35750 2
35751 1
35752 0
35753 3
35754 2
35755 1
35756 0
35757 3
35758 2
35759 1
35760 0
35761 3
35762 2
35763 1
35764 0
35765 3
35766 4
35767 2
35768 1
35769 0
35770 3
35771 2
35772 1
35773 0
35774 3
35775 2
35776 1
35777 0
35778 3
35779 2
35780 1
35781 0
35782 3
35783 2
35784 1
35785 0
35786 3
35787 2
35788 1
35789 0
35790 3
35791 2
35792 1
35793 0
35794 3
35795 2
35796 1
35797 0
35798 3
35799 2
35800 1
35801 0
35802 3
35803 2
35804 1
35805 0
35806 3
35807 2
35808 1
35809 0
35810 3
35811 2
35812 1
35813 0
35814 3
35815 2
35816 1
35817 4
35818 0
35819 2
35820 1
35821 3
35822 0
35823 2
35824 1
35825 3
35826 0
35827 2
35828 1
35829 4
35830 3
35831 2
35832 1
35833 0
35834 3
35835 2
35836 1
35837 0
35838 3
35839 4
35840 2
35841 1
35842 0
35843 3
35844 2
35845 1
35846 0
35847 3
35848 2
35849 1
35850 0
35851 3
35852 2
35853 1
35854 0
35855 3
35856 2
35857 1
35858 0
35859 3
35860 2
35861 1
35862 0
35863 3
35864 4
35865 2
35866 1
35867 0
35868 3
35869 2
35870 1
35871 0
35872 3
35873 2
35874 1
35875 0
35876 3
35877 2
35878 1
35879 0
35880 3
35881 2
35882 1
35883 0
35884 3
35885 2
35886 1
35887 0
35888 3
35889 2
35890 1
35891 0
35892 3
35893 2
35894 1
35895 0
35896 3
35897 2
35898 1
35899 0
35900 3
35901 2
35902 1
35903 0
35904 3
35905 2
35906 1
35907 0
35908 3
35909 2
35910 1
35911 0
35912 3
35913 2
35914 1
35915 4
35916 0
35917 2
35918 1
35919 3
35920 0
35921 2
35922 1
35923 3
35924 0
35925 2
35926 1
35927 4
35928 3
35929 2
35930 1
35931 0
35932 3
35933 2
35934 1
35935 0
35936 3
35937 4
35938 2
35939 1
35940 0
35941 3
35942 2
35943 1
35944 0
35945 3
35946 2
35947 1
35948 0
35949 3
35950 2
35951 1
35952 0
35953 3
35954 2
35955 1
35956 0
35957 3
35958 2
35959 1
35960 0
35961 3
35962 4
35963 2
35964 1
35965 0
35966 3
35967 2
35968 1
35969 0
35970 3
35971 2
35972 1
35973 0
35974 3
35975 2
35976 1
35977 0
35978 3
35979 2
35980 1
35981 0
35982 3
35983 2
35984 1
35985 0
35986 3
35987 2
35988 1
35989 0
35990 3
35991 2
35992 1
35993 0
35994 3
35995 2
35996 1
35997 0
35998 3
35999 2
36000 1
36001 0
36002 3
36003 2
36004 1
36005 0
36006 3
36007 2
36008 1
36009 0
36010 3
36011 2
36012 1
36013 4
36014 0
36015 2
36016 1
36017 3
36018 0
36019 2
36020 1
36021 3
36022 0
36023 2
36024 1
36025 4
36026 3
36027 2
36028 1
36029 0
36030 3
36031 2
36032 1
36033 0
36034 3
36035 2
36036 1
36037 4
36038 0
36039 2
36040 1
36041 3
36042 0
36043 2
36044 1
36045 3
36046 0
36047 2
36048 1
36049 4
36050 3
36051 2
36052 1
36053 0
36054 3
36055 2
36056 1
36057 0
36058 3
36059 4
36060 2
36061 1
36062 0
36063 3
36064 2
36065 1
36066 0
36067 3
36068 2
36069 1
36070 0
36071 3
36072 2
36073 1
36074 0
36075 3
36076 2
36077 1
36078 0
36079 3
36080 2
36081 1
36082 0
36083 3
36084 2
36085 1
36086 0
36087 3
36088 2
36089 1
36090 0
36091 3
36092 2
36093 1
36094 0
36095 3
36096 2
36097 1
36098 0
36099 3
36100 2
36101 1
36102 0
36103 3
36104 2
36105 1
36106 0
36107 3
36108 4
36109 2
36110 1
36111 0
36112 3
36113 2
36114 1
36115 0
36116 3
36117 2
36118 1
36119 0
36120 3
36121 2
36122 1
36123 0
36124 3
36125 2
36126 1
36127 0
36128 3
36129 2
36130 1
36131 0
36132 3
36133 2
36134 1
36135 0
36136 3
36137 2
36138 1
36139 0
36140 3
36141 2
36142 1
36143 0
36144 3
36145 2
36146 1
36147 0
36148 3
36149 2
36150 1
36151 0
36152 3
36153 2
36154 1
36155 0
36156 3
36157 4
36158 2
36159 1
36160 0
36161 3
36162 2
36163 1
36164 0
36165 3
36166 2
36167 1
36168 0
36169 3
36170 2
36171 1
36172 0
36173 3
36174 2
36175 1
36176 0
36177 3
36178 2
36179 1
36180 0
36181 3
36182 2
36183 1
36184 0
36185 3
36186 2
36187 1
36188 0
36189 3
36190 2
36191 1
36192 0
36193 3
36194 2
36195 1
36196 0
36197 3
36198 2
36199 1
36200 0
36201 3
36202 2
36203 1
36204 0
36205 3
36206 2
36207 1
36208 4
36209 0
36210 2
36211 1
36212 3
36213 0
36214 2
36215 1
36216 3
36217 0
36218 2
36219 1
36220 4
36221 3
36222 2
36223 1
36224 0
36225 3
36226 2
36227 1
36228 0
36229 3
36230 4
36231 2
36232 1
36233 0
36234 3
36235 2
36236 1
36237 0
36238 3
36239 2
36240 1
36241 0
36242 3
36243 2
36244 1
36245 0
36246 3
36247 2
36248 1
36249 0
36250 3
36251 2
36252 1
36253 0
36254 3
36255 4
36256 2
36257 1
36258 0
36259 3
36260 2
36261 1
36262 0
36263 3
36264 2
36265 1
36266 0
36267 3
36268 2
36269 1
36270 0
36271 3
36272 2
36273 1
36274 0
36275 3
36276 2
36277 1
36278 0
36279 3
36280 2
36281 1
36282 0
36283 3
36284 2
36285 1
36286 0
36287 3
36288 2
36289 1
36290 0
36291 3
36292 2
36293 1
36294 0
36295 3
36296 2
36297 1
36298 0
36299 3
36300 2
36301 1
36302 0
36303 3
36304 2
36305 1
36306 4
36307 0
36308 2
36309 1
36310 3
36311 0
36312 2
36313 1
36314 3
36315 0
36316 2
36317 1
36318 4
36319 3
36320 2
36321 1
36322 0
36323 3
36324 2
36325 1
36326 0
36327 3
36328 4
36329 2
36330 1
36331 0
36332 3
36333 2
36334 1
36335 0
36336 3
36337 2
36338 1
36339 0
36340 3
36341 2
36342 1
36343 0
36344 3
36345 2
36346 1
36347 0
36348 3
36349 2
36350 1
36351 0
36352 3
36353 4
36354 2
36355 1
36356 0
36357 3
36358 2
36359 1
36360 0
36361 3
36362 2
36363 1
36364 0
36365 3
36366 2
36367 1
36368 0
36369 3
36370 2
36371 1
36372 0
36373 3
36374 2
36375 1
36376 0
36377 3
36378 2
36379 1
36380 0
36381 3
36382 2
36383 1
36384 0
36385 3
36386 2
36387 1
36388 0
36389 3
36390 2
36391 1
36392 0
36393 3
36394 2
36395 1
36396 0
36397 3
36398 2
36399 1
36400 0
36401 3
36402 2
36403 1
36404 4
36405 0
36406 2
36407 1
36408 3
36409 0
36410 2
36411 1
36412 3
36413 0
36414 2
36415 1
36416 4
36417 3
36418 2
36419 1
36420 0
36421 3
36422 2
36423 1
36424 0
36425 3
36426 2
36427 1
36428 4
36429 0
36430 2
36431 1
36432 3
36433 0
36434 2
36435 1
36436 3
36437 0
36438 2
36439 1
36440 4
36441 3
36442 2
36443 1
36444 0
36445 3
36446 2
36447 1
36448 0
36449 3
36450 4
36451 2
36452 1
36453 0
36454 3
36455 2
36456 1
36457 0
36458 3
36459 2
36460 1
36461 0
36462 3
36463 2
36464 1
36465 0
36466 3
36467 2
36468 1
36469 0
36470 3
36471 2
36472 1
36473 0
36474 3
36475 2
36476 1
36477 0
36478 3
36479 2
36480 1
36481 0
36482 3
36483 2
36484 1
36485 0
36486 3
36487 2
36488 1
36489 0
36490 3
36491 2
36492 1
36493 0
36494 3
36495 2
36496 1
36497 0
36498 3
36499 4
36500 2
36501 1
36502 0
36503 3
36504 2
36505 1
36506 0
36507 3
36508 2
36509 1
36510 0
36511 3
36512 2
36513 1
36514 0
36515 3
36516 2
36517 1
36518 0
36519 3
36520 2
36521 1
36522 0
36523 3
36524 2
36525 1
36526 0
36527 3
36528 2
36529 1
36530 0
36531 3
36532 2
36533 1
36534 0
36535 3
36536 2
36537 1
36538 0
36539 3
36540 2
36541 1
36542 0
36543 3
36544 2
36545 1
36546 0
36547 3
36548 4
36549 2
36550 1
36551 0
36552 3
36553 2
36554 1
36555 0
36556 3
36557 2
36558 1
36559 0
36560 3
36561 2
36562 1
36563 0
36564 3
36565 2
36566 1
36567 0
36568 3
36569 2
36570 1
36571 0
36572 3
36573 2
36574 1
36575 0
36576 3
36577 2
36578 1
36579 0
36580 3
36581 2
36582 1
36583 0
36584 3
36585 2
36586 1
36587 0
36588 3
36589 2
36590 1
36591 0
36592 3
36593 2
36594 1
36595 0
36596 3
36597 2
36598 1
36599 4
36600 0
36601 2
36602 1
36603 3
36604 0
36605 2
36606 1
36607 3
36608 0
36609 2
36610 1
36611 4
36612 3
36613 2
36614 1
36615 0
36616 3
36617 2
36618 1
36619 0
36620 3
36621 2
36622 1
36623 4
36624 0
36625 2
36626 1
36627 3
36628 0
36629 2
36630 1
36631 3
36632 0
36633 2
36634 1
36635 4
36636 3
36637 2
36638 1
36639 0
36640 3
36641 2
36642 1
36643 0
36644 3
36645 4
36646 2
36647 1
36648 0
36649 3
36650 2
36651 1
36652 0
36653 3
36654 2
36655 1
36656 0
36657 3
36658 2
36659 1
36660 0
36661 3
36662 2
36663 1
36664 0
36665 3
36666 2
36667 1
36668 0
36669 3
36670 2
36671 1
36672 0
36673 3
36674 2
36675 1
36676 0
36677 3
36678 2
36679 1
36680 0
36681 3
36682 2
36683 1
36684 0
36685 3
36686 2
36687 1
36688 0
36689 3
36690 2
36691 1
36692 0
36693 3
36694 4
36695 2
36696 1
36697 0
36698 3
36699 2
36700 1
36701 0
36702 3
36703 2
36704 1
36705 0
36706 3
36707 2
36708 1
36709 0
36710 3
36711 2
36712 1
36713 0
36714 3
36715 2
36716 1
36717 0
36718 3
36719 2
36720 1
36721 0
36722 3
36723 2
36724 1
36725 0
36726 3
36727 2
36728 1
36729 0
36730 3
36731 2
36732 1
36733 0
36734 3
36735 2
36736 1
36737 0
36738 3
36739 2
36740 1
36741 0
36742 3
36743 4
36744 2
36745 1
36746 0
36747 3
36748 2
36749 1
36750 0
36751 3
36752 2
36753 1
36754 0
36755 3
36756 2
36757 1
36758 0
36759 3
36760 2
36761 1
36762 0
36763 3
36764 2
36765 1
36766 0
36767 3
36768 2
36769 1
36770 0
36771 3
36772 2
36773 1
36774 0
36775 3
36776 2
36777 1
36778 0
36779 3
36780 2
36781 1
36782 0
36783 3
36784 2
36785 1
36786 0
36787 3
36788 2
36789 1
36790 0
36791 3
36792 2
36793 1
36794 4
36795 0
36796 2
36797 1
36798 3
36799 0
36800 2
36801 1
36802 3
36803 0
36804 2
36805 1
36806 4
36807 3
36808 2
36809 1
36810 0
36811 3
36812 2
36813 1
36814 0
36815 3
36816 2
36817 1
36818 4
36819 0
36820 2
36821 1
36822 3
36823 0
36824 2
36825 1
36826 3
36827 0
36828 2
36829 1
36830 4
36831 3
36832 2
36833 1
36834 0
36835 3
36836 2
36837 1
36838 0
36839 3
36840 4
36841 2
36842 1
36843 0
36844 3
36845 2
36846 1
36847 0
36848 3
36849 2
36850 1
36851 0
36852 3
36853 2
36854 1
36855 0
36856 3
36857 2
36858 1
36859 0
36860 3
36861 2
36862 1
36863 0
36864 3
36865 2
36866 1
36867 0
36868 3
36869 2
36870 1
36871 0
36872 3
36873 2
36874 1
36875 0
36876 3
36877 2
36878 1
36879 0
36880 3
36881 2
36882 1
36883 0
36884 3
36885 2
36886 1
36887 0
36888 3
36889 4
36890 2
36891 1
36892 0
36893 3
36894 2
36895 1
36896 0
36897 3
36898 2
36899 1
36900 0
36901 3
36902 2
36903 1
36904 0
36905 3
36906 2
36907 1
36908 0
36909 3
36910 2
36911 1
36912 0
36913 3
36914 2
36915 1
36916 0
36917 3
36918 2
36919 1
36920 0
36921 3
36922 2
36923 1
36924 0
36925 3
36926 2
36927 1
36928 0
36929 3
36930 2
36931 1
36932 0
36933 3
36934 2
36935 1
36936 0
36937 3
36938 4
36939 2
36940 1
36941 0
36942 3
36943 2
36944 1
36945 0
36946 3
36947 2
36948 1
36949 0
36950 3
36951 2
36952 1
36953 0
36954 3
36955 2
36956 1
36957 0
36958 3
36959 2
36960 1
36961 0
36962 3
36963 2
36964 1
36965 0
36966 3
36967 2
36968 1
36969 0
36970 3
36971 2
36972 1
36973 0
36974 3
36975 2
36976 1
36977 0
36978 3
36979 2
36980 1
36981 0
36982 3
36983 2
36984 1
36985 0
36986 3
36987 2
36988 1
36989 4
36990 0
36991 2
36992 1
36993 3
36994 0
36995 2
36996 1
36997 3
36998 0
36999 2
37000 1
37001 4
37002 3
37003 2
37004 1
37005 0
37006 3
37007 2
37008 1
37009 0
37010 3
37011 4
37012 2
37013 1
37014 0
37015 3
37016 2
37017 1
37018 0
37019 3
37020 2
37021 1
37022 0
37023 3
37024 2
37025 1
37026 0
37027 3
37028 2
37029 1
37030 0
37031 3
37032 2
37033 1
37034 0
37035 3
37036 4
37037 2
37038 1
37039 0
37040 3
37041 2
37042 1
37043 0
37044 3
37045 2
37046 1
37047 0
37048 3
37049 2
37050 1
37051 0
37052 3
37053 2
37054 1
37055 0
37056 3
37057 2
37058 1
37059 0
37060 3
37061 2
37062 1
37063 0
37064 3
37065 2
37066 1
37067 0
37068 3
37069 2
37070 1
37071 0
37072 3
37073 2
37074 1
37075 0
37076 3
37077 2
37078 1
37079 0
37080 3
37081 2
37082 1
37083 0
37084 3
37085 2
37086 1
37087 4
37088 0
37089 2
37090 1
37091 3
37092 0
37093 2
37094 1
37095 3
37096 0
37097 2
37098 1
37099 4
37100 3
37101 2
37102 1
37103 0
37104 3
37105 2
37106 1
37107 0
37108 3
37109 4
37110 2
37111 1
37112 0
37113 3
37114 2
37115 1
37116 0
37117 3
37118 2
37119 1
37120 0
37121 3
37122 2
37123 1
37124 0
37125 3
37126 2
37127 1
37128 0
37129 3
37130 2
37131 1
37132 0
37133 3
37134 4
37135 2
37136 1
37137 0
37138 3
37139 2
37140 1
37141 0
37142 3
37143 2
37144 1
37145 0
37146 3
37147 2
37148 1
37149 0
37150 3
37151 2
37152 1
37153 0
37154 3
37155 2
37156 1
37157 0
37158 3
37159 2
37160 1
37161 0
37162 3
37163 2
37164 1
37165 0
37166 3
37167 2
37168 1
37169 0
37170 3
37171 2
37172 1
37173 0
37174 3
37175 2
37176 1
37177 0
37178 3
37179 2
37180 1
37181 0
37182 3
37183 2
37184 1
37185 4
37186 0
37187 2
37188 1
37189 3
37190 0
37191 2
37192 1
37193 3
37194 0
37195 2
37196 1
37197 4
37198 3
37199 2
37200 1
37201 0
37202 3
37203 2
37204 1
37205 0
37206 3
37207 2
37208 1
37209 4
37210 0
37211 2
37212 1
37213 3
37214 0
37215 2
37216 1
37217 3
37218 0
37219 2
37220 1
37221 4
37222 3
37223 2
37224 1
37225 0
37226 3
37227 2
37228 1
37229 0
37230 3
37231 4
37232 2
37233 1
37234 0
37235 3
37236 2
37237 1
37238 0
37239 3
37240 2
37241 1
37242 0
37243 3
37244 2
37245 1
37246 0
37247 3
37248 2
37249 1
37250 0
37251 3
37252 2
37253 1
37254 0
37255 3
37256 2
37257 1
37258 0
37259 3
37260 2
37261 1
37262 0
37263 3
37264 2
37265 1
37266 0
37267 3
37268 2
37269 1
37270 0
37271 3
37272 2
37273 1
37274 0
37275 3
37276 2
37277 1
37278 0
37279 3
37280 4
37281 2
37282 1
37283 0
37284 3
37285 2
37286 1
37287 0
37288 3
37289 2
37290 1
37291 0
37292 3
37293 2
37294 1
37295 0
37296 3
37297 2
37298 1
37299 0
37300 3
37301 2
37302 1
37303 0
37304 3
37305 2
37306 1
37307 0
37308 3
37309 2
37310 1
37311 0
37312 3
37313 2
37314 1
37315 0
37316 3
37317 2
37318 1
37319 0
37320 3
37321 2
37322 1
37323 0
37324 3
37325 2
37326 1
37327 0
37328 3
37329 4
37330 2
37331 1
37332 0
37333 3
37334 2
37335 1
37336 0
37337 3
37338 2
37339 1
37340 0
37341 3
37342 2
37343 1
37344 0
37345 3
37346 2
37347 1
37348 0
37349 3
37350 2
37351 1
37352 0
37353 3
37354 2
37355 1
37356 0
37357 3
37358 2
37359 1
37360 0
37361 3
37362 2
37363 1
37364 0
37365 3
37366 2
37367 1
37368 0
37369 3
37370 2
37371 1
37372 0
37373 3
37374 2
37375 1
37376 0
37377 3
37378 2
37379 1
37380 4
37381 0
37382 2
37383 1
37384 3
37385 0
37386 2
37387 1
37388 3
37389 0
37390 2
37391 1
37392 4
37393 3
37394 2
37395 1
37396 0
37397 3
37398 2
37399 1
37400 0
37401 3
37402 2
37403 1
37404 4
37405 0
37406 2
37407 1
37408 3
37409 0
37410 2
37411 1
37412 3
37413 0
37414 2
37415 1
37416 4
37417 3
37418 2
37419 1
37420 0
37421 3
37422 2
37423 1
37424 0
37425 3
37426 4
37427 2
37428 1
37429 0
37430 3
37431 2
37432 1
37433 0
37434 3
37435 2
37436 1
37437 0
37438 3
37439 2
37440 1
37441 0
37442 3
37443 2
37444 1
37445 0
37446 3
37447 2
37448 1
37449 0
37450 3
37451 2
37452 1
37453 0
37454 3
37455 2
37456 1
37457 0
37458 3
37459 2
37460 1
37461 0
37462 3
37463 2
37464 1
37465 0
37466 3
37467 2
37468 1
37469 0
37470 3
37471 2
37472 1
37473 0
37474 3
37475 4
37476 2
37477 1
37478 0
37479 3
37480 2
37481 1
37482 0
37483 3
37484 2
37485 1
37486 0
37487 3
37488 2
37489 1
37490 0
37491 3
37492 2
37493 1
37494 0
37495 3
37496 2
37497 1
37498 0
37499 3
37500 2
37501 1
37502 0
37503 3
37504 2
37505 1
37506 0
37507 3
37508 2
37509 1
37510 0
37511 3
37512 2
37513 1
37514 0
37515 3
37516 2
37517 1
37518 0
37519 3
37520 2
37521 1
37522 0
37523 3
37524 4
37525 2
37526 1
37527 0
37528 3
37529 2
37530 1
37531 0
37532 3
37533 2
37534 1
37535 0
37536 3
37537 2
37538 1
37539 0
37540 3
37541 2
37542 1
37543 0
37544 3
37545 2
37546 1
37547 0
37548 3
37549 2
37550 1
37551 0
37552 3
37553 2
37554 1
37555 0
37556 3
37557 2
37558 1
37559 0
37560 3
37561 2
37562 1
37563 0
37564 3
37565 2
37566 1
37567 0
37568 3
37569 2
37570 1
37571 0
37572 3
37573 2
37574 1
37575 4
37576 0
37577 2
37578 1
37579 3
37580 0
37581 2
37582 1
37583 3
37584 0
37585 2
37586 1
37587 4
37588 3
37589 2
37590 1
37591 0
37592 3
37593 2
37594 1
37595 0
37596 3
37597 2
37598 1
37599 4
37600 0
37601 2
37602 1
37603 3
37604 0
37605 2
37606 1
37607 3
37608 0
37609 2
37610 1
37611 4
37612 3
37613 2
37614 1
37615 0
37616 3
37617 2
37618 1
37619 0
37620 3
37621 4
37622 2
37623 1
37624 0
37625 3
37626 2
37627 1
37628 0
37629 3
37630 2
37631 1
37632 0
37633 3
37634 2
37635 1
37636 0
37637 3
37638 2
37639 1
37640 0
37641 3
37642 2
37643 1
37644 0
37645 3
37646 2
37647 1
37648 0
37649 3
37650 2
37651 1
37652 0
37653 3
37654 2
37655 1
37656 0
37657 3
37658 2
37659 1
37660 0
37661 3
37662 2
37663 1
37664 0
37665 3
37666 2
37667 1
37668 0
37669 3
37670 4
37671 2
37672 1
37673 0
37674 3
37675 2
37676 1
37677 0
37678 3
37679 2
37680 1
37681 0
37682 3
37683 2
37684 1
37685 0
37686 3
37687 2
37688 1
37689 0
37690 3
37691 2
37692 1
37693 0
37694 3
37695 2
37696 1
37697 0
37698 3
37699 2
37700 1
37701 0
37702 3
37703 2
37704 1
37705 0
37706 3
37707 2
37708 1
37709 0
37710 3
37711 2
37712 1
37713 0
37714 3
37715 2
37716 1
37717 0
37718 3
37719 4
37720 2
37721 1
37722 0
37723 3
37724 2
37725 1
37726 0
37727 3
37728 2
37729 1
37730 0
37731 3
37732 2
37733 1
37734 0
37735 3
37736 2
37737 1
37738 0
37739 3
37740 2
37741 1
37742 0
37743 3
37744 2
37745 1
37746 0
37747 3
37748 2
37749 1
37750 0
37751 3
37752 2
37753 1
37754 0
37755 3
37756 2
37757 1
37758 0
37759 3
37760 2
37761 1
37762 0
37763 3
37764 2
37765 1
37766 0
37767 3
37768 2
37769 1
37770 4
37771 0
37772 2
37773 1
37774 3
37775 0
37776 2
37777 1
37778 3
37779 0
37780 2
37781 1
37782 4
37783 3
37784 2
37785 1
37786 0
37787 3
37788 2
37789 1
37790 0
37791 3
37792 4
37793 2
37794 1
37795 0
37796 3
37797 2
37798 1
37799 0
37800 3
37801 2
37802 1
37803 0
37804 3
37805 2
37806 1
37807 0
37808 3
37809 2
37810 1
37811 0
37812 3
37813 2
37814 1
37815 0
37816 3
37817 4
37818 2
37819 1
37820 0
37821 3
37822 2
37823 1
37824 0
37825 3
37826 2
37827 1
37828 0
37829 3
37830 2
37831 1
37832 0
37833 3
37834 2
37835 1
37836 0
37837 3
37838 2
37839 1
37840 0
37841 3
37842 2
37843 1
37844 0
37845 3
37846 2
37847 1
37848 0
37849 3
37850 2
37851 1
37852 0
37853 3
37854 2
37855 1
37856 0
37857 3
37858 2
37859 1
37860 0
37861 3
37862 2
37863 1
37864 0
37865 3
37866 2
37867 1
37868 4
37869 0
37870 2
37871 1
37872 3
37873 0
37874 2
37875 1
37876 3
37877 0
37878 2
37879 1
37880 4
37881 3
37882 2
37883 1
37884 0
37885 3
37886 2
37887 1
37888 0
37889 3
37890 4
37891 2
37892 1
37893 0
37894 3
37895 2
37896 1
37897 0
37898 3
37899 2
37900 1
37901 0
37902 3
37903 2
37904 1
37905 0
37906 3
37907 2
37908 1
37909 0
37910 3
37911 2
37912 1
37913 0
37914 3
37915 4
37916 2
37917 1
37918 0
37919 3
37920 2
37921 1
37922 0
37923 3
37924 2
37925 1
37926 0
37927 3
37928 2
37929 1
37930 0
37931 3
37932 2
37933 1
37934 0
37935 3
37936 2
37937 1
37938 0
37939 3
37940 2
37941 1
37942 0
37943 3
37944 2
37945 1
37946 0
37947 3
37948 2
37949 1
37950 0
37951 3
37952 2
37953 1
37954 0
37955 3
37956 2
37957 1
37958 0
37959 3
37960 2
37961 1
37962 0
37963 3
37964 2
37965 1
37966 4
37967 0
37968 2
37969 1
37970 3
37971 0
37972 2
37973 1
37974 3
37975 0
37976 2
37977 1
37978 4
37979 3
37980 2
37981 1
37982 0
37983 3
37984 2
37985 1
37986 0
37987 3
37988 2
37989 1
37990 4
37991 0
37992 2
37993 1
37994 3
37995 0
37996 2
37997 1
37998 3
37999 0
38000 2
38001 1
38002 4
38003 3
38004 2
38005 1
38006 0
38007 3
38008 2
38009 1
38010 0
38011 3
38012 4
38013 2
38014 1
38015 0
38016 3
38017 2
38018 1
38019 0
38020 3
38021 2
38022 1
38023 0
38024 3
38025 2
38026 1
38027 0
38028 3
38029 2
38030 1
38031 0
38032 3
38033 2
38034 1
38035 0
38036 3
38037 2
38038 1
38039 0
38040 3
38041 2
38042 1
38043 0
38044 3
38045 2
38046 1
38047 0
38048 3
38049 2
38050 1
38051 0
38052 3
38053 2
38054 1
38055 0
38056 3
38057 2
38058 1
38059 0
38060 3
38061 4
38062 2
38063 1
38064 0
38065 3
38066 2
38067 1
38068 0
38069 3
38070 2
38071 1
38072 0
38073 3
38074 2
38075 1
38076 0
38077 3
38078 2
38079 1
38080 0
38081 3
38082 2
38083 1
38084 0
38085 3
38086 2
38087 1
38088 0
38089 3
38090 2
38091 1
38092 0
38093 3
38094 2
38095 1
38096 0
38097 3
38098 2
38099 1
38100 0
38101 3
38102 2
38103 1
38104 0
38105 3
38106 2
38107 1
38108 0
38109 3
38110 4
38111 2
38112 1
38113 0
38114 3
38115 2
38116 1
38117 0
38118 3
38119 2
38120 1
38121 0
38122 3
38123 2
38124 1
38125 0
38126 3
38127 2
38128 1
38129 0
38130 3
38131 2
38132 1
38133 0
38134 3
38135 2
38136 1
38137 0
38138 3
38139 2
38140 1
38141 0
38142 3
38143 2
38144 1
38145 0
38146 3
38147 2
38148 1
38149 0
38150 3
38151 2
38152 1
38153 0
38154 3
38155 2
38156 1
38157 0
38158 3
38159 2
38160 1
38161 4
38162 0
38163 2
38164 1
38165 3
38166 0
38167 2
38168 1
38169 3
38170 0
38171 2
38172 1
38173 4
38174 3
38175 2
38176 1
38177 0
38178 3
38179 2
38180 1
38181 0
38182 3
38183 2
38184 1
38185 4
38186 0
38187 2
38188 1
38189 3
38190 0
38191 2
38192 1
38193 3
38194 0
38195 2
38196 1
38197 4
38198 3
38199 2
38200 1
38201 0
38202 3
38203 2
38204 1
38205 0
38206 3
38207 4
38208 2
38209 1
38210 0
38211 3
38212 2
38213 1
38214 0
38215 3
38216 2
38217 1
38218 0
38219 3
38220 2
38221 1
38222 0
38223 3
38224 2
38225 1
38226 0
38227 3
38228 2
38229 1
38230 0
38231 3
38232 2
38233 1
38234 0
38235 3
38236 2
38237 1
38238 0
38239 3
38240 2
38241 1
38242 0
38243 3
38244 2
38245 1
38246 0
38247 3
38248 2
38249 1
38250 0
38251 3
38252 2
38253 1
38254 0
38255 3
38256 4
38257 2
38258 1
38259 0
38260 3
38261 2
38262 1
38263 0
38264 3
38265 2
38266 1
38267 0
38268 3
38269 2
38270 1
38271 0
38272 3
38273 2
38274 1
38275 0
38276 3
38277 2
38278 1
38279 0
38280 3
38281 2
38282 1
38283 0
38284 3
38285 2
38286 1
38287 0
38288 3
38289 2
38290 1
38291 0
38292 3
38293 2
38294 1
38295 0
38296 3
38297 2
38298 1
38299 0
38300 3
38301 2
38302 1
38303 0
38304 3
38305 4
38306 2
38307 1
38308 0
38309 3
38310 2
38311 1
38312 0
38313 3
38314 2
38315 1
38316 0
38317 3
38318 2
38319 1
38320 0
38321 3
38322 2
38323 1
38324 0
38325 3
38326 2
38327 1
38328 0
38329 3
38330 2
38331 1
38332 0
38333 3
38334 2
38335 1
38336 0
38337 3
38338 2
38339 1
38340 0
38341 3
38342 2
38343 1
38344 0
38345 3
38346 2
38347 1
38348 0
38349 3
38350 2
38351 1
38352 0
38353 3
38354 2
38355 1
38356 4
38357 0
38358 2
38359 1
38360 3
38361 0
38362 2
38363 1
38364 3
38365 0
38366 2
38367 1
38368 4
38369 3
38370 2
38371 1
38372 0
38373 3
38374 2
38375 1
38376 0
38377 3
38378 2
38379 1
38380 4
38381 0
38382 2
38383 1
38384 3
38385 0
38386 2
38387 1
38388 3
38389 0
38390 2
38391 1
38392 4
38393 3
38394 2
38395 1
38396 0
38397 3
38398 2
38399 1
38400 0
38401 3
38402 4
38403 2
38404 1
38405 0
38406 3
38407 2
38408 1
38409 0
38410 3
38411 2
38412 1
38413 0
38414 3
38415 2
38416 1
38417 0
38418 3
38419 2
38420 1
38421 0
38422 3
38423 2
38424 1
38425 0
38426 3
38427 2
38428 1
38429 0
38430 3
38431 2
38432 1
38433 0
38434 3
38435 2
38436 1
38437 0
38438 3
38439 2
38440 1
38441 0
38442 3
38443 2
38444 1
38445 0
38446 3
38447 2
38448 1
38449 0
38450 3
38451 4
38452 2
38453 1
38454 0
38455 3
38456 2
38457 1
38458 0
38459 3
38460 2
38461 1
38462 0
38463 3
38464 2
38465 1
38466 0
38467 3
38468 2
38469 1
38470 0
38471 3
38472 2
38473 1
38474 0
38475 3
38476 2
38477 1
38478 0
38479 3
38480 2
38481 1
38482 0
38483 3
38484 2
38485 1
38486 0
38487 3
38488 2
38489 1
38490 0
38491 3
38492 2
38493 1
38494 0
38495 3
38496 2
38497 1
38498 0
38499 3
38500 4
38501 2
38502 1
38503 0
38504 3
38505 2
38506 1
38507 0
38508 3
38509 2
38510 1
38511 0
38512 3
38513 2
38514 1
38515 0
38516 3
38517 2
38518 1
38519 0
38520 3
38521 2
38522 1
38523 0
38524 3
38525 2
38526 1
38527 0
38528 3
38529 2
38530 1
38531 0
38532 3
38533 2
38534 1
38535 0
38536 3
38537 2
38538 1
38539 0
38540 3
38541 2
38542 1
38543 0
38544 3
38545 2
38546 1
38547 0
38548 3
38549 2
38550 1
38551 4
38552 0
38553 2
38554 1
38555 3
38556 0
38557 2
38558 1
38559 3
38560 0
38561 2
38562 1
38563 4
38564 3
38565 2
38566 1
38567 0
38568 3
38569 2
38570 1
38571 0
38572 3
38573 4
38574 2
38575 1
38576 0
38577 3
38578 2
38579 1
38580 0
38581 3
38582 2
38583 1
38584 0
38585 3
38586 2
38587 1
38588 0
38589 3
38590 2
38591 1
38592 0
38593 3
38594 2
38595 1
38596 0
38597 3
38598 4
38599 2
38600 1
38601 0
38602 3
38603 2
38604 1
38605 0
38606 3
38607 2
38608 1
38609 0
38610 3
38611 2
38612 1
38613 0
38614 3
38615 2
38616 1
38617 0
38618 3
38619 2
38620 1
38621 0
38622 3
38623 2
38624 1
38625 0
38626 3
38627 2
38628 1
38629 0
38630 3
38631 2
38632 1
38633 0
38634 3
38635 2
38636 1
38637 0
38638 3
38639 2
38640 1
38641 0
38642 3
38643 2
38644 1
38645 0
38646 3
38647 2
38648 1
38649 4
38650 0
38651 2
38652 1
38653 3
38654 0
38655 2
38656 1
38657 3
38658 0
38659 2
38660 1
38661 4
38662 3
38663 2
38664 1
38665 0
38666 3
38667 2
38668 1
38669 0
38670 3
38671 4
38672 2
38673 1
38674 0
38675 3
38676 2
38677 1
38678 0
38679 3
38680 2
38681 1
38682 0
38683 3
38684 2
38685 1
38686 0
38687 3
38688 2
38689 1
38690 0
38691 3
38692 2
38693 1
38694 0
38695 3
38696 4
38697 2
38698 1
38699 0
38700 3
38701 2
38702 1
38703 0
38704 3
38705 2
38706 1
38707 0
38708 3
38709 2
38710 1
38711 0
38712 3
38713 2
38714 1
38715 0
38716 3
38717 2
38718 1
38719 0
38720 3
38721 2
38722 1
38723 0
38724 3
38725 2
38726 1
38727 0
38728 3
38729 2
38730 1
38731 0
38732 3
38733 2
38734 1
38735 0
38736 3
38737 2
38738 1
38739 0
38740 3
38741 2
38742 1
38743 0
38744 3
38745 2
38746 1
38747 4
38748 0
38749 2
38750 1
38751 3
38752 0
38753 2
38754 1
38755 3
38756 0
38757 2
38758 1
38759 4
38760 3
38761 2
38762 1
38763 0
38764 3
38765 2
38766 1
38767 0
38768 3
38769 2
38770 1
38771 4
38772 0
38773 2
38774 1
38775 3
38776 0
38777 2
38778 1
38779 3
38780 0
38781 2
38782 1
38783 4
38784 3
38785 2
38786 1
38787 0
38788 3
38789 2
38790 1
38791 0
38792 3
38793 4
38794 2
38795 1
38796 0
38797 3
38798 2
38799 1
38800 0
38801 3
38802 2
38803 1
38804 0
38805 3
38806 2
38807 1
38808 0
38809 3
38810 2
38811 1
38812 0
38813 3
38814 2
38815 1
38816 0
38817 3
38818 2
38819 1
38820 0
38821 3
38822 2
38823 1
38824 0
38825 3
38826 2
38827 1
38828 0
38829 3
38830 2
38831 1
38832 0
38833 3
38834 2
38835 1
38836 0
38837 3
38838 2
38839 1
38840 0
38841 3
38842 4
38843 2
38844 1
38845 0
38846 3
38847 2
38848 1
38849 0
38850 3
38851 2
38852 1
38853 0
38854 3
38855 2
38856 1
38857 0
38858 3
38859 2
38860 1
38861 0
38862 3
38863 2
38864 1
38865 0
38866 3
38867 2
38868 1
38869 0
38870 3
38871 2
38872 1
38873 0
38874 3
38875 2
38876 1
38877 0
38878 3
38879 2
38880 1
38881 0
38882 3
38883 2
38884 1
38885 0
38886 3
38887 2
38888 1
38889 0
38890 3
38891 4
38892 2
38893 1
38894 0
38895 3
38896 2
38897 1
38898 0
38899 3
38900 2
38901 1
38902 0
38903 3
38904 2
38905 1
38906 0
38907 3
38908 2
38909 1
38910 0
38911 3
38912 2
38913 1
38914 0
38915 3
38916 2
38917 1
38918 0
38919 3
38920 2
38921 1
38922 0
38923 3
38924 2
38925 1
38926 0
38927 3
38928 2
38929 1
38930 0
38931 3
38932 2
38933 1
38934 0
38935 3
38936 2
38937 1
38938 0
38939 3
38940 2
38941 1
38942 4
38943 0
38944 2
38945 1
38946 3
38947 0
38948 2
38949 1
38950 3
38951 0
38952 2
38953 1
38954 4
38955 3
38956 2
38957 1
38958 0
38959 3
38960 2
38961 1
38962 0
38963 3
38964 4
38965 2
38966 1
38967 0
38968 3
38969 2
38970 1
38971 0
38972 3
38973 2
38974 1
38975 0
38976 3
38977 2
38978 1
38979 0
38980 3
38981 2
38982 1
38983 0
38984 3
38985 2
38986 1
38987 0
38988 3
38989 4
38990 2
38991 1
38992 0
38993 3
38994 2
38995 1
38996 0
38997 3
38998 2
38999 1
39000 0
39001 3
39002 2
39003 1
39004 0
39005 3
39006 2
39007 1
39008 0
39009 3
39010 2
39011 1
39012 0
39013 3
39014 2
39015 1
39016 0
39017 3
39018 2
39019 1
39020 0
39021 3
39022 2
39023 1
39024 0
39025 3
39026 2
39027 1
39028 0
39029 3
39030 2
39031 1
39032 0
39033 3
39034 2
39035 1
39036 0
39037 3
39038 2
39039 1
39040 4
39041 0
39042 2
39043 1
39044 3
39045 0
39046 2
39047 1
39048 3
39049 0
39050 2
39051 1
39052 4
39053 3
39054 2
39055 1
39056 0
39057 3
39058 2
39059 1
39060 0
39061 3
39062 4
39063 2
39064 1
39065 0
39066 3
39067 2
39068 1
39069 0
39070 3
39071 2
39072 1
39073 0
39074 3
39075 2
39076 1
39077 0
39078 3
39079 2
39080 1
39081 0
39082 3
39083 2
39084 1
39085 0
39086 3
39087 4
39088 2
39089 1
39090 0
39091 3
39092 2
39093 1
39094 0
39095 3
39096 2
39097 1
39098 0
39099 3
39100 2
39101 1
39102 0
39103 3
39104 2
39105 1
39106 0
39107 3
39108 2
39109 1
39110 0
39111 3
39112 2
39113 1
39114 0
39115 3
39116 2
39117 1
39118 0
39119 3
39120 2
39121 1
39122 0
39123 3
39124 2
39125 1
39126 0
39127 3
39128 2
39129 1
39130 0
39131 3
39132 2
39133 1
39134 0
39135 3
39136 2
39137 1
39138 4
39139 0
39140 2
39141 1
39142 3
39143 0
39144 2
39145 1
39146 3
39147 0
39148 2
39149 1
39150 4
39151 3
39152 2
39153 1
39154 0
39155 3
39156 2
39157 1
39158 0
39159 3
39160 2
39161 1
39162 4
39163 0
39164 2
39165 1
39166 3
39167 0
39168 2
39169 1
39170 3
39171 0
39172 2
39173 1
39174 4
39175 3
39176 2
39177 1
39178 0
39179 3
39180 2
39181 1
39182 0
39183 3
39184 4
39185 2
39186 1
39187 0
39188 3
39189 2
39190 1
39191 0
39192 3
39193 2
39194 1
39195 0
39196 3
39197 2
39198 1
39199 0
39200 3
39201 2
39202 1
39203 0
39204 3
39205 2
39206 1
39207 0
39208 3
39209 2
39210 1
39211 0
39212 3
39213 2
39214 1
39215 0
39216 3
39217 2
39218 1
39219 0
39220 3
39221 2
39222 1
39223 0
39224 3
39225 2
39226 1
39227 0
39228 3
39229 2
39230 1
39231 0
39232 3
39233 4
39234 2
39235 1
39236 0
39237 3
39238 2
39239 1
39240 0
39241 3
39242 2
39243 1
39244 0
39245 3
39246 2
39247 1
39248 0
39249 3
39250 2
39251 1
39252 0
39253 3
39254 2
39255 1
39256 0
39257 3
39258 2
39259 1
39260 0
39261 3
39262 2
39263 1
39264 0
39265 3
39266 2
39267 1
39268 0
39269 3
39270 2
39271 1
39272 0
39273 3
39274 2
39275 1
39276 0
39277 3
39278 2
39279 1
39280 0
39281 3
39282 4
39283 2
39284 1
39285 0
39286 3
39287 2
39288 1
39289 0
39290 3
39291 2
39292 1
39293 0
39294 3
39295 2
39296 1
39297 0
39298 3
39299 2
39300 1
39301 0
39302 3
39303 2
39304 1
39305 0
39306 3
39307 2
39308 1
39309 0
39310 3
39311 2
39312 1
39313 0
39314 3
39315 2
39316 1
39317 0
39318 3
39319 2
39320 1
39321 0
39322 3
39323 2
39324 1
39325 0
39326 3
39327 2
39328 1
39329 0
39330 3
39331 2
39332 1
39333 4
39334 0
39335 2
39336 1
39337 3
39338 0
39339 2
39340 1
39341 3
39342 0
39343 2
39344 1
39345 4
39346 3
39347 2
39348 1
39349 0
39350 3
39351 2
39352 1
39353 0
39354 3
39355 4
39356 2
39357 1
39358 0
39359 3
39360 2
39361 1
39362 0
39363 3
39364 2
39365 1
39366 0
39367 3
39368 2
39369 1
39370 0
39371 3
39372 2
39373 1
39374 0
39375 3
39376 2
39377 1
39378 0
39379 3
39380 4
39381 2
39382 1
39383 0
39384 3
39385 2
39386 1
39387 0
39388 3
39389 2
39390 1
39391 0
39392 3
39393 2
39394 1
39395 0
39396 3
39397 2
39398 1
39399 0
39400 3
39401 2
39402 1
39403 0
39404 3
39405 2
39406 1
39407 0
39408 3
39409 2
39410 1
39411 0
39412 3
39413 2
39414 1
39415 0
39416 3
39417 2
39418 1
39419 0
39420 3
39421 2
39422 1
39423 0
39424 3
39425 2
39426 1
39427 0
39428 3
39429 2
39430 1
39431 4
39432 0
39433 2
39434 1
39435 3
39436 0
39437 2
39438 1
39439 3
39440 0
39441 2
39442 1
39443 4
39444 3
39445 2
39446 1
39447 0
39448 3
39449 2
39450 1
39451 0
39452 3
39453 4
39454 2
39455 1
39456 0
39457 3
39458 2
39459 1
39460 0
39461 3
39462 2
39463 1
39464 0
39465 3
39466 2
39467 1
39468 0
39469 3
39470 2
39471 1
39472 0
39473 3
39474 2
39475 1
39476 0
39477 3
39478 4
39479 2
39480 1
39481 0
39482 3
39483 2
39484 1
39485 0
39486 3
39487 2
39488 1
39489 0
39490 3
39491 2
39492 1
39493 0
39494 3
39495 2
39496 1
39497 0
39498 3
39499 2
39500 1
39501 0
39502 3
39503 2
39504 1
39505 0
39506 3
39507 2
39508 1
39509 0
39510 3
39511 2
39512 1
39513 0
39514 3
39515 2
39516 1
39517 0
39518 3
39519 2
39520 1
39521 0
39522 3
39523 2
39524 1
39525 0
39526 3
39527 2
39528 1
39529 4
39530 0
39531 2
39532 1
39533 3
39534 0
39535 2
39536 1
39537 3
39538 0
39539 2
39540 1
39541 4
39542 3
39543 2
39544 1
39545 0
39546 3
39547 2
39548 1
39549 0
39550 3
39551 2
39552 1
39553 4
39554 0
39555 2
39556 1
39557 3
39558 0
39559 2
39560 1
39561 3
39562 0
39563 2
39564 1
39565 4
39566 3
39567 2
39568 1
39569 0
39570 3
39571 2
39572 1
39573 0
39574 3
39575 4
39576 2
39577 1
39578 0
39579 3
39580 2
39581 1
39582 0
39583 3
39584 2
39585 1
39586 0
39587 3
39588 2
39589 1
39590 0
39591 3
39592 2
39593 1
39594 0
39595 3
39596 2
39597 1
39598 0
39599 3
39600 2
39601 1
39602 0
39603 3
39604 2
39605 1
39606 0
39607 3
39608 2
39609 1
39610 0
39611 3
39612 2
39613 1
39614 0
39615 3
39616 2
39617 1
39618 0
39619 3
39620 2
39621 1
39622 0
39623 3
39624 4
39625 2
39626 1
39627 0
39628 3
39629 2
39630 1
39631 0
39632 3
39633 2
39634 1
39635 0
39636 3
39637 2
39638 1
39639 0
39640 3
39641 2
39642 1
39643 0
39644 3
39645 2
39646 1
39647 0
39648 3
39649 2
39650 1
39651 0
39652 3
39653 2
39654 1
39655 0
39656 3
39657 2
39658 1
39659 0
39660 3
39661 2
39662 1
39663 0
39664 3
39665 2
39666 1
39667 0
39668 3
39669 2
39670 1
39671 0
39672 3
39673 4
39674 2
39675 1
39676 0
39677 3
39678 2
39679 1
39680 0
39681 3
39682 2
39683 1
39684 0
39685 3
39686 2
39687 1
39688 0
39689 3
39690 2
39691 1
39692 0
39693 3
39694 2
39695 1
39696 0
39697 3
39698 2
39699 1
39700 0
39701 3
39702 2
39703 1
39704 0
39705 3
39706 2
39707 1
39708 0
39709 3
39710 2
39711 1
39712 0
39713 3
39714 2
39715 1
39716 0
39717 3
39718 2
39719 1
39720 0
39721 3
39722 2
39723 1
39724 4
39725 0
39726 2
39727 1
39728 3
39729 0
39730 2
39731 1
39732 3
39733 0
39734 2
39735 1
39736 4
39737 3
39738 2
39739 1
39740 0
39741 3
39742 2
39743 1
39744 0
39745 3
39746 2
39747 1
39748 4
39749 0
39750 2
39751 1
39752 3
39753 0
39754 2
39755 1
39756 3
39757 0
39758 2
39759 1
39760 4
39761 3
39762 2
39763 1
39764 0
39765 3
39766 2
39767 1
39768 0
39769 3
39770 4
39771 2
39772 1
39773 0
39774 3
39775 2
39776 1
39777 0
39778 3
39779 2
39780 1
39781 0
39782 3
39783 2
39784 1
39785 0
39786 3
39787 2
39788 1
39789 0
39790 3
39791 2
39792 1
39793 0
39794 3
39795 2
39796 1
39797 0
39798 3
39799 2
39800 1
39801 0
39802 3
39803 2
39804 1
39805 0
39806 3
39807 2
39808 1
39809 0
39810 3
39811 2
39812 1
39813 0
39814 3
39815 2
39816 1
39817 0
39818 3
39819 4
39820 2
39821 1
39822 0
39823 3
39824 2
39825 1
39826 0
39827 3
39828 2
39829 1
39830 0
39831 3
39832 2
39833 1
39834 0
39835 3
39836 2
39837 1
39838 0
39839 3
39840 2
39841 1
39842 0
39843 3
39844 2
39845 1
39846 0
39847 3
39848 2
39849 1
39850 0
39851 3
39852 2
39853 1
39854 0
39855 3
39856 2
39857 1
39858 0
39859 3
39860 2
39861 1
39862 0
39863 3
39864 2
39865 1
39866 0
39867 3
39868 4
39869 2
39870 1
39871 0
39872 3
39873 2
39874 1
39875 0
39876 3
39877 2
39878 1
39879 0
39880 3
39881 2
39882 1
39883 0
39884 3
39885 2
39886 1
39887 0
39888 3
39889 2
39890 1
39891 0
39892 3
39893 2
39894 1
39895 0
39896 3
39897 2
39898 1
39899 0
39900 3
39901 2
39902 1
39903 0
39904 3
39905 2
39906 1
39907 0
39908 3
39909 2
39910 1
39911 0
39912 3
39913 2
39914 1
39915 0
39916 3
39917 2
39918 1
39919 4
39920 0
39921 2
39922 1
39923 3
39924 0
39925 2
39926 1
39927 3
39928 0
39929 2
39930 1
39931 4
39932 3
39933 2
39934 1
39935 0
39936 3
39937 2
39938 1
39939 0
39940 3
39941 2
39942 1
39943 4
39944 0
39945 2
39946 1
39947 3
39948 0
39949 2
39950 1
39951 3
39952 0
39953 2
39954 1
39955 4
39956 3
39957 2
39958 1
39959 0
39960 3
39961 2
39962 1
39963 0
39964 3
39965 4
39966 2
39967 1
39968 0
39969 3
39970 2
39971 1
39972 0
39973 3
39974 2
39975 1
39976 0
39977 3
39978 2
39979 1
39980 0
39981 3
39982 2
39983 1
39984 0
39985 3
39986 2
39987 1
39988 0
39989 3
39990 2
39991 1
39992 0
39993 3
39994 2
39995 1
39996 0
39997 3
39998 2
39999 1
40000 0
40001 3
40002 2
40003 1
40004 0
40005 3
40006 2
40007 1
40008 0
40009 3
40010 2
40011 1
40012 0
40013 3
40014 4
40015 2
40016 1
40017 0
40018 3
40019 2
40020 1
40021 0
40022 3
40023 2
40024 1
40025 0
40026 3
40027 2
40028 1
40029 0
40030 3
40031 2
40032 1
40033 0
40034 3
40035 2
40036 1
40037 0
40038 3
40039 2
40040 1
40041 0
40042 3
40043 2
40044 1
40045 0
40046 3
40047 2
40048 1
40049 0
40050 3
40051 2
40052 1
40053 0
40054 3
40055 2
40056 1
40057 0
40058 3
40059 2
40060 1
40061 0
40062 3
40063 4
40064 2
40065 1
40066 0
40067 3
40068 2
40069 1
40070 0
40071 3
40072 2
40073 1
40074 0
40075 3
40076 2
40077 1
40078 0
40079 3
40080 2
40081 1
40082 0
40083 3
40084 2
40085 1
40086 0
40087 3
40088 2
40089 1
40090 0
40091 3
40092 2
40093 1
40094 0
40095 3
40096 2
40097 1
40098 0
40099 3
40100 2
40101 1
40102 0
40103 3
40104 2
40105 1
40106 0
40107 3
40108 2
40109 1
40110 0
40111 3
40112 2
40113 1
40114 4
40115 0
40116 2
40117 1
40118 3
40119 0
40120 2
40121 1
40122 3
40123 0
40124 2
40125 1
40126 4
40127 3
40128 2
40129 1
40130 0
40131 3
40132 2
40133 1
40134 0
40135 3
40136 4
40137 2
40138 1
40139 0
40140 3
40141 2
40142 1
40143 0
40144 3
40145 2
40146 1
40147 0
40148 3
40149 2
40150 1
40151 0
40152 3
40153 2
40154 1
40155 0
40156 3
40157 2
40158 1
40159 0
40160 3
40161 4
40162 2
40163 1
40164 0
40165 3
40166 2
40167 1
40168 0
40169 3
40170 2
40171 1
40172 0
40173 3
40174 2
40175 1
40176 0
40177 3
40178 2
40179 1
40180 0
40181 3
40182 2
40183 1
40184 0
40185 3
40186 2
40187 1
40188 0
40189 3
40190 2
40191 1
40192 0
40193 3
40194 2
40195 1
40196 0
40197 3
40198 2
40199 1
40200 0
40201 3
40202 2
40203 1
40204 0
40205 3
40206 2
40207 1
40208 0
40209 3
40210 2
40211 1
40212 4
40213 0
40214 2
40215 1
40216 3
40217 0
40218 2
40219 1
40220 3
40221 0
40222 2
40223 1
40224 4
40225 3
40226 2
40227 1
40228 0
40229 3
40230 2
40231 1
40232 0
40233 3
40234 4
40235 2
40236 1
40237 0
40238 3
40239 2
40240 1
40241 0
40242 3
40243 2
40244 1
40245 0
40246 3
40247 2
40248 1
40249 0
40250 3
40251 2
40252 1
40253 0
40254 3
40255 2
40256 1
40257 0
40258 3
40259 4
40260 2
40261 1
40262 0
40263 3
40264 2
40265 1
40266 0
40267 3
40268 2
40269 1
40270 0
40271 3
40272 2
40273 1
40274 0
40275 3
40276 2
40277 1
40278 0
40279 3
40280 2
40281 1
40282 0
40283 3
40284 2
40285 1
40286 0
40287 3
40288 2
40289 1
40290 0
40291 3
40292 2
40293 1
40294 0
40295 3
40296 2
40297 1
40298 0
40299 3
40300 2
40301 1
40302 0
40303 3
40304 2
40305 1
40306 0
40307 3
40308 2
40309 1
40310 4
40311 0
40312 2
40313 1
40314 3
40315 0
40316 2
40317 1
40318 3
40319 0
40320 2
40321 1
40322 4
40323 3
40324 2
40325 1
40326 0
40327 3
40328 2
40329 1
40330 0
40331 3
40332 2
40333 1
40334 4
40335 0
40336 2
40337 1
40338 3
40339 0
40340 2
40341 1
40342 3
40343 0
40344 2
40345 1
40346 4
40347 3
40348 2
40349 1
40350 0
40351 3
40352 2
40353 1
40354 0
40355 3
40356 4
40357 2
40358 1
40359 0
40360 3
40361 2
40362 1
40363 0
40364 3
40365 2
40366 1
40367 0
40368 3
40369 2
40370 1
40371 0
40372 3
40373 2
40374 1
40375 0
40376 3
40377 2
40378 1
40379 0
40380 3
40381 2
40382 1
40383 0
40384 3
40385 2
40386 1
40387 0
40388 3
40389 2
40390 1
40391 0
40392 3
40393 2
40394 1
40395 0
40396 3
40397 2
40398 1
40399 0
40400 3
40401 2
40402 1
40403 0
40404 3
40405 4
40406 2
40407 1
40408 0
40409 3
40410 2
40411 1
40412 0
40413 3
40414 2
40415 1
40416 0
40417 3
40418 2
40419 1
40420 0
40421 3
40422 2
40423 1
40424 0
40425 3
40426 2
40427 1
40428 0
40429 3
40430 2
40431 1
40432 0
40433 3
40434 2
40435 1
40436 0
40437 3
40438 2
40439 1
40440 0
40441 3
40442 2
40443 1
40444 0
40445 3
40446 2
40447 1
40448 0
40449 3
40450 2
40451 1
40452 0
40453 3
40454 4
40455 2
40456 1
40457 0
40458 3
40459 2
40460 1
40461 0
40462 3
40463 2
40464 1
40465 0
40466 3
40467 2
40468 1
40469 0
40470 3
40471 2
40472 1
40473 0
40474 3
40475 2
40476 1
40477 0
40478 3
40479 2
40480 1
40481 0
40482 3
40483 2
40484 1
40485 0
40486 3
40487 2
40488 1
40489 0
40490 3
40491 2
40492 1
40493 0
40494 3
40495 2
40496 1
40497 0
40498 3
40499 2
40500 1
40501 0
40502 3
40503 2
40504 1
40505 4
40506 0
40507 2
40508 1
40509 3
40510 0
40511 2
40512 1
40513 3
40514 0
40515 2
40516 1
40517 4
40518 3
40519 2
40520 1
40521 0
40522 3
40523 2
40524 1
40525 0
40526 3
40527 2
40528 1
40529 4
40530 0
40531 2
40532 1
40533 3
40534 0
40535 2
40536 1
40537 3
40538 0
40539 2
40540 1
40541 4
40542 3
40543 2
40544 1
40545 0
40546 3
40547 2
40548 1
40549 0
40550 3
40551 4
40552 2
40553 1
40554 0
40555 3
40556 2
40557 1
40558 0
40559 3
40560 2
40561 1
40562 0
40563 3
40564 2
40565 1
40566 0
40567 3
40568 2
40569 1
40570 0
40571 3
40572 2
40573 1
40574 0
40575 3
40576 2
40577 1
40578 0
40579 3
40580 2
40581 1
40582 0
40583 3
40584 2
40585 1
40586 0
40587 3
40588 2
40589 1
40590 0
40591 3
40592 2
40593 1
40594 0
40595 3
40596 2
40597 1
40598 0
40599 3
40600 4
40601 2
40602 1
40603 0
40604 3
40605 2
40606 1
40607 0
40608 3
40609 2
40610 1
40611 0
40612 3
40613 2
40614 1
40615 0
40616 3
40617 2
40618 1
40619 0
40620 3
40621 2
40622 1
40623 0
40624 3
40625 2
40626 1
40627 0
40628 3
40629 2
40630 1
40631 0
40632 3
40633 2
40634 1
40635 0
40636 3
40637 2
40638 1
40639 0
40640 3
40641 2
40642 1
40643 0
40644 3
40645 2
40646 1
40647 0
40648 3
40649 4
40650 2
40651 1
40652 0
40653 3
40654 2
40655 1
40656 0
40657 3
40658 2
40659 1
40660 0
40661 3
40662 2
40663 1
40664 0
40665 3
40666 2
40667 1
40668 0
40669 3
40670 2
40671 1
40672 0
40673 3
40674 2
40675 1
40676 0
40677 3
40678 2
40679 1
40680 0
40681 3
40682 2
40683 1
40684 0
40685 3
40686 2
40687 1
40688 0
40689 3
40690 2
40691 1
40692 0
40693 3
40694 2
40695 1
40696 0
40697 3
40698 2
40699 1
40700 4
40701 0
40702 2
40703 1
40704 3
40705 0
40706 2
40707 1
40708 3
40709 0
40710 2
40711 1
40712 4
40713 3
40714 2
40715 1
40716 0
40717 3
40718 2
40719 1
40720 0
40721 3
40722 2
40723 1
40724 4
40725 0
40726 2
40727 1
40728 3
40729 0
40730 2
40731 1
40732 3
40733 0
40734 2
40735 1
40736 4
40737 3
40738 2
40739 1
40740 0
40741 3
40742 2
40743 1
40744 0
40745 3
40746 4
40747 2
40748 1
40749 0
40750 3
40751 2
40752 1
40753 0
40754 3
40755 2
40756 1
40757 0
40758 3
40759 2
40760 1
40761 0
40762 3
40763 2
40764 1
40765 0
40766 3
40767 2
40768 1
40769 0
40770 3
40771 2
40772 1
40773 0
40774 3
40775 2
40776 1
40777 0
40778 3
40779 2
40780 1
40781 0
40782 3
40783 2
40784 1
40785 0
40786 3
40787 2
40788 1
40789 0
40790 3
40791 2
40792 1
40793 0
40794 3
40795 4
40796 2
40797 1
40798 0
40799 3
40800 2
40801 1
40802 0
40803 3
40804 2
40805 1
40806 0
40807 3
40808 2
40809 1
40810 0
40811 3
40812 2
40813 1
40814 0
40815 3
40816 2
40817 1
40818 0
40819 3
40820 2
40821 1
40822 0
40823 3
40824 2
40825 1
40826 0
40827 3
40828 2
40829 1
40830 0
40831 3
40832 2
40833 1
40834 0
40835 3
40836 2
40837 1
40838 0
40839 3
40840 2
40841 1
40842 0
40843 3
40844 4
40845 2
40846 1
40847 0
40848 3
40849 2
40850 1
40851 0
40852 3
40853 2
40854 1
40855 0
40856 3
40857 2
40858 1
40859 0
40860 3
40861 2
40862 1
40863 0
40864 3
40865 2
40866 1
40867 0
40868 3
40869 2
40870 1
40871 0
40872 3
40873 2
40874 1
40875 0
40876 3
40877 2
40878 1
40879 0
40880 3
40881 2
40882 1
40883 0
40884 3
40885 2
40886 1
40887 0
40888 3
40889 2
40890 1
40891 0
40892 3
40893 2
40894 1
40895 4
40896 0
40897 2
40898 1
40899 3
40900 0
40901 2
40902 1
40903 3
40904 0
40905 2
40906 1
40907 4
40908 3
40909 2
40910 1
40911 0
40912 3
40913 2
40914 1
40915 0
40916 3
40917 4
40918 2
40919 1
40920 0
40921 3
40922 2
40923 1
40924 0
40925 3
40926 2
40927 1
40928 0
40929 3
40930 2
40931 1
40932 0
40933 3
40934 2
40935 1
40936 0
40937 3
40938 2
40939 1
40940 0
40941 3
40942 4
40943 2
40944 1
40945 0
40946 3
40947 2
40948 1
40949 0
40950 3
40951 2
40952 1
40953 0
40954 3
40955 2
40956 1
40957 0
40958 3
40959 2
40960 1
40961 0
40962 3
40963 2
40964 1
40965 0
40966 3
40967 2
40968 1
40969 0
40970 3
40971 2
40972 1
40973 0
40974 3
40975 2
40976 1
40977 0
40978 3
40979 2
40980 1
40981 0
40982 3
40983 2
40984 1
40985 0
40986 3
40987 2
40988 1
40989 0
40990 3
40991 2
40992 1
40993 4
40994 0
40995 2
40996 1
40997 3
40998 0
40999 2
41000 1
41001 3
41002 0
41003 2
41004 1
41005 4
41006 3
41007 2
41008 1
41009 0
41010 3
41011 2
41012 1
41013 0
41014 3
41015 4
41016 2
41017 1
41018 0
41019 3
41020 2
41021 1
41022 0
41023 3
41024 2
41025 1
41026 0
41027 3
41028 2
41029 1
41030 0
41031 3
41032 2
41033 1
41034 0
41035 3
41036 2
41037 1
41038 0
41039 3
41040 4
41041 2
41042 1
41043 0
41044 3
41045 2
41046 1
41047 0
41048 3
41049 2
41050 1
41051 0
41052 3
41053 2
41054 1
41055 0
41056 3
41057 2
41058 1
41059 0
41060 3
41061 2
41062 1
41063 0
41064 3
41065 2
41066 1
41067 0
41068 3
41069 2
41070 1
41071 0
41072 3
41073 2
41074 1
41075 0
41076 3
41077 2
41078 1
41079 0
41080 3
41081 2
41082 1
41083 0
41084 3
41085 2
41086 1
41087 0
41088 3
41089 2
41090 1
41091 4
41092 0
41093 2
41094 1
41095 3
41096 0
41097 2
41098 1
41099 3
41100 0
41101 2
41102 1
41103 4
41104 3
41105 2
41106 1
41107 0
41108 3
41109 2
41110 1
41111 0
41112 3
41113 2
41114 1
41115 4
41116 0
41117 2
41118 1
41119 3
41120 0
41121 2
41122 1
41123 3
41124 0
41125 2
41126 1
41127 4
41128 3
41129 2
41130 1
41131 0
41132 3
41133 2
41134 1
41135 0
41136 3
41137 4
41138 2
41139 1
41140 0
41141 3
41142 2
41143 1
41144 0
41145 3
41146 2
41147 1
41148 0
41149 3
41150 2
41151 1
41152 0
41153 3
41154 2
41155 1
41156 0
41157 3
41158 2
41159 1
41160 0
41161 3
41162 2
41163 1
41164 0
41165 3
41166 2
41167 1
41168 0
41169 3
41170 2
41171 1
41172 0
41173 3
41174 2
41175 1
41176 0
41177 3
41178 2
41179 1
41180 0
41181 3
41182 2
41183 1
41184 0
41185 3
41186 4
41187 2
41188 1
41189 0
41190 3
41191 2
41192 1
41193 0
41194 3
41195 2
41196 1
41197 0
41198 3
41199 2
41200 1
41201 0
41202 3
41203 2
41204 1
41205 0
41206 3
41207 2
41208 1
41209 0
41210 3
41211 2
41212 1
41213 0
41214 3
41215 2
41216 1
41217 0
41218 3
41219 2
41220 1
41221 0
41222 3
41223 2
41224 1
41225 0
41226 3
41227 2
41228 1
41229 0
41230 3
41231 2
41232 1
41233 0
41234 3
41235 4
41236 2
41237 1
41238 0
41239 3
41240 2
41241 1
41242 0
41243 3
41244 2
41245 1
41246 0
41247 3
41248 2
41249 1
41250 0
41251 3
41252 2
41253 1
41254 0
41255 3
41256 2
41257 1
41258 0
41259 3
41260 2
41261 1
41262 0
41263 3
41264 2
41265 1
41266 0
41267 3
41268 2
41269 1
41270 0
41271 3
41272 2
41273 1
41274 0
41275 3
41276 2
41277 1
41278 0
41279 3
41280 2
41281 1
41282 0
41283 3
41284 2
41285 1
41286 4
41287 0
41288 2
41289 1
41290 3
41291 0
41292 2
41293 1
41294 3
41295 0
41296 2
41297 1
41298 4
41299 3
41300 2
41301 1
41302 0
41303 3
41304 2
41305 1
41306 0
41307 3
41308 2
41309 1
41310 4
41311 0
41312 2
41313 1
41314 3
41315 0
41316 2
41317 1
41318 3
41319 0
41320 2
41321 1
41322 4
41323 3
41324 2
41325 1
41326 0
41327 3
41328 2
41329 1
41330 0
41331 3
41332 4
41333 2
41334 1
41335 0
41336 3
41337 2
41338 1
41339 0
41340 3
41341 2
41342 1
41343 0
41344 3
41345 2
41346 1
41347 0
41348 3
41349 2
41350 1
41351 0
41352 3
41353 2
41354 1
41355 0
41356 3
41357 2
41358 1
41359 0
41360 3
41361 2
41362 1
41363 0
41364 3
41365 2
41366 1
41367 0
41368 3
41369 2
41370 1
41371 0
41372 3
41373 2
41374 1
41375 0
41376 3
41377 2
41378 1
41379 0
41380 3
41381 4
41382 2
41383 1
41384 0
41385 3
41386 2
41387 1
41388 0
41389 3
41390 2
41391 1
41392 0
41393 3
41394 2
41395 1
41396 0
41397 3
41398 2
41399 1
41400 0
41401 3
41402 2
41403 1
41404 0
41405 3
41406 2
41407 1
41408 0
41409 3
41410 2
41411 1
41412 0
41413 3
41414 2
41415 1
41416 0
41417 3
41418 2
41419 1
41420 0
41421 3
41422 2
41423 1
41424 0
41425 3
41426 2
41427 1
41428 0
41429 3
41430 4
41431 2
41432 1
41433 0
41434 3
41435 2
41436 1
41437 0
41438 3
41439 2
41440 1
41441 0
41442 3
41443 2
41444 1
41445 0
41446 3
41447 2
41448 1
41449 0
41450 3
41451 2
41452 1
41453 0
41454 3
41455 2
41456 1
41457 0
41458 3
41459 2
41460 1
41461 0
41462 3
41463 2
41464 1
41465 0
41466 3
41467 2
41468 1
41469 0
41470 3
41471 2
41472 1
41473 0
41474 3
41475 2
41476 1
41477 0
41478 3
41479 2
41480 1
41481 4
41482 0
41483 2
41484 1
41485 3
41486 0
41487 2
41488 1
41489 3
41490 0
41491 2
41492 1
41493 4
41494 3
41495 2
41496 1
41497 0
41498 3
41499 2
41500 1
41501 0
41502 3
41503 2
41504 1
41505 4
41506 0
41507 2
41508 1
41509 3
41510 0
41511 2
41512 1
41513 3
41514 0
41515 2
41516 1
41517 4
41518 3
41519 2
41520 1
41521 0
41522 3
41523 2
41524 1
41525 0
41526 3
41527 4
41528 2
41529 1
41530 0
41531 3
41532 2
41533 1
41534 0
41535 3
41536 2
41537 1
41538 0
41539 3
41540 2
41541 1
41542 0
41543 3
41544 2
41545 1
41546 0
41547 3
41548 2
41549 1
41550 0
41551 3
41552 2
41553 1
41554 0
41555 3
41556 2
41557 1
41558 0
41559 3
41560 2
41561 1
41562 0
41563 3
41564 2
41565 1
41566 0
41567 3
41568 2
41569 1
41570 0
41571 3
41572 2
41573 1
41574 0
41575 3
41576 4
41577 2
41578 1
41579 0
41580 3
41581 2
41582 1
41583 0
41584 3
41585 2
41586 1
41587 0
41588 3
41589 2
41590 1
41591 0
41592 3
41593 2
41594 1
41595 0
41596 3
41597 2
41598 1
41599 0
41600 3
41601 2
41602 1
41603 0
41604 3
41605 2
41606 1
41607 0
41608 3
41609 2
41610 1
41611 0
41612 3
41613 2
41614 1
41615 0
41616 3
41617 2
41618 1
41619 0
41620 3
41621 2
41622 1
41623 0
41624 3
41625 4
41626 2
41627 1
41628 0
41629 3
41630 2
41631 1
41632 0
41633 3
41634 2
41635 1
41636 0
41637 3
41638 2
41639 1
41640 0
41641 3
41642 2
41643 1
41644 0
41645 3
41646 2
41647 1
41648 0
41649 3
41650 2
41651 1
41652 0
41653 3
41654 2
41655 1
41656 0
41657 3
41658 2
41659 1
41660 0
41661 3
41662 2
41663 1
41664 0
41665 3
41666 2
41667 1
41668 0
41669 3
41670 2
41671 1
41672 0
41673 3
41674 2
41675 1
41676 4
41677 0
41678 2
41679 1
41680 3
41681 0
41682 2
41683 1
41684 3
41685 0
41686 2
41687 1
41688 4
41689 3
41690 2
41691 1
41692 0
41693 3
41694 2
41695 1
41696 0
41697 3
41698 4
41699 2
41700 1
41701 0
41702 3
41703 2
41704 1
41705 0
41706 3
41707 2
41708 1
41709 0
41710 3
41711 2
41712 1
41713 0
41714 3
41715 2
41716 1
41717 0
41718 3
41719 2
41720 1
41721 0
41722 3
41723 4
41724 2
41725 1
41726 0
41727 3
41728 2
41729 1
41730 0
41731 3
41732 2
41733 1
41734 0
41735 3
41736 2
41737 1
41738 0
41739 3
41740 2
41741 1
41742 0
41743 3
41744 2
41745 1
41746 0
41747 3
41748 2
41749 1
41750 0
41751 3
41752 2
41753 1
41754 0
41755 3
41756 2
41757 1
41758 0
41759 3
41760 2
41761 1
41762 0
41763 3
41764 2
41765 1
41766 0
41767 3
41768 2
41769 1
41770 0
41771 3
41772 2
41773 1
41774 4
41775 0
41776 2
41777 1
41778 3
41779 0
41780 2
41781 1
41782 3
41783 0
41784 2
41785 1
41786 4
41787 3
41788 2
41789 1
41790 0
41791 3
41792 2
41793 1
41794 0
41795 3
41796 4
41797 2
41798 1
41799 0
41800 3
41801 2
41802 1
41803 0
41804 3
41805 2
41806 1
41807 0
41808 3
41809 2
41810 1
41811 0
41812 3
41813 2
41814 1
41815 0
41816 3
41817 2
41818 1
41819 0
41820 3
41821 4
41822 2
41823 1
41824 0
41825 3
41826 2
41827 1
41828 0
41829 3
41830 2
41831 1
41832 0
41833 3
41834 2
41835 1
41836 0
41837 3
41838 2
41839 1
41840 0
41841 3
41842 2
41843 1
41844 0
41845 3
41846 2
41847 1
41848 0
41849 3
41850 2
41851 1
41852 0
41853 3
41854 2
41855 1
41856 0
41857 3
41858 2
41859 1
41860 0
41861 3
41862 2
41863 1
41864 0
41865 3
41866 2
41867 1
41868 0
41869 3
41870 2
41871 1
41872 4
41873 0
41874 2
41875 1
41876 3
41877 0
41878 2
41879 1
41880 3
41881 0
41882 2
41883 1
41884 4
41885 3
41886 2
41887 1
41888 0
41889 3
41890 2
41891 1
41892 0
41893 3
41894 2
41895 1
41896 4
41897 0
41898 2
41899 1
41900 3
41901 0
41902 2
41903 1
41904 3
41905 0
41906 2
41907 1
41908 4
41909 3
41910 2
41911 1
41912 0
41913 3
41914 2
41915 1
41916 0
41917 3
41918 4
41919 2
41920 1
41921 0
41922 3
41923 2
41924 1
41925 0
41926 3
41927 2
41928 1
41929 0
41930 3
41931 2
41932 1
41933 0
41934 3
41935 2
41936 1
41937 0
41938 3
41939 2
41940 1
41941 0
41942 3
41943 2
41944 1
41945 0
41946 3
41947 2
41948 1
41949 0
41950 3
41951 2
41952 1
41953 0
41954 3
41955 2
41956 1
41957 0
41958 3
41959 2
41960 1
41961 0
41962 3
41963 2
41964 1
41965 0
41966 3
41967 4
41968 2
41969 1
41970 0
41971 3
41972 2
41973 1
41974 0
41975 3
41976 2
41977 1
41978 0
41979 3
41980 2
41981 1
41982 0
41983 3
41984 2
41985 1
41986 0
41987 3
41988 2
41989 1
41990 0
41991 3
41992 2
41993 1
41994 0
41995 3
41996 2
41997 1
41998 0
41999 3
42000 2
42001 1
42002 0
42003 3
42004 2
42005 1
42006 0
42007 3
42008 2
42009 1
42010 0
42011 3
42012 2
42013 1
42014 0
42015 3
42016 4
42017 2
42018 1
42019 0
42020 3
42021 2
42022 1
42023 0
42024 3
42025 2
42026 1
42027 0
42028 3
42029 2
42030 1
42031 0
42032 3
42033 2
42034 1
42035 0
42036 3
42037 2
42038 1
42039 0
42040 3
42041 2
42042 1
42043 0
42044 3
42045 2
42046 1
42047 0
42048 3
42049 2
42050 1
42051 0
42052 3
42053 2
42054 1
42055 0
42056 3
42057 2
42058 1
42059 0
42060 3
42061 2
42062 1
42063 0
42064 3
42065 2
42066 1
42067 4
42068 0
42069 2
42070 1
42071 3
42072 0
42073 2
42074 1
42075 3
42076 0
42077 2
42078 1
42079 4
42080 3
42081 2
42082 1
42083 0
42084 3
42085 2
42086 1
42087 0
42088 3
42089 4
42090 2
42091 1
42092 0
42093 3
42094 2
42095 1
42096 0
42097 3
42098 2
42099 1
42100 0
42101 3
42102 2
42103 1
42104 0
42105 3
42106 2
42107 1
42108 0
42109 3
42110 2
42111 1
42112 0
42113 3
42114 4
42115 2
42116 1
42117 0
42118 3
42119 2
42120 1
42121 0
42122 3
42123 2
42124 1
42125 0
42126 3
42127 2
42128 1
42129 0
42130 3
42131 2
42132 1
42133 0
42134 3
42135 2
42136 1
42137 0
42138 3
42139 2
42140 1
42141 0
42142 3
42143 2
42144 1
42145 0
42146 3
42147 2
42148 1
42149 0
42150 3
42151 2
42152 1
42153 0
42154 3
42155 2
42156 1
42157 0
42158 3
42159 2
42160 1
42161 0
42162 3
42163 2
42164 1
42165 4
42166 0
42167 2
42168 1
42169 3
42170 0
42171 2
42172 1
42173 3
42174 0
42175 2
42176 1
42177 4
42178 3
42179 2
42180 1
42181 0
42182 3
42183 2
42184 1
42185 0
42186 3
42187 4
42188 2
42189 1
42190 0
42191 3
42192 2
42193 1
42194 0
42195 3
42196 2
42197 1
42198 0
42199 3
42200 2
42201 1
42202 0
42203 3
42204 2
42205 1
42206 0
42207 3
42208 2
42209 1
42210 0
42211 3
42212 4
42213 2
42214 1
42215 0
42216 3
42217 2
42218 1
42219 0
42220 3
42221 2
42222 1
42223 0
42224 3
42225 2
42226 1
42227 0
42228 3
42229 2
42230 1
42231 0
42232 3
42233 2
42234 1
42235 0
42236 3
42237 2
42238 1
42239 0
42240 3
42241 2
42242 1
42243 0
42244 3
42245 2
42246 1
42247 0
42248 3
42249 2
42250 1
42251 0
42252 3
42253 2
42254 1
42255 0
42256 3
42257 2
42258 1
42259 0
42260 3
42261 2
42262 1
42263 4
42264 0
42265 2
42266 1
42267 3
42268 0
42269 2
42270 1
42271 3
42272 0
42273 2
42274 1
42275 4
42276 3
42277 2
42278 1
42279 0
42280 3
42281 2
42282 1
42283 0
42284 3
42285 2
42286 1
42287 4
42288 0
42289 2
42290 1
42291 3
42292 0
42293 2
42294 1
42295 3
42296 0
42297 2
42298 1
42299 4
42300 3
42301 2
42302 1
42303 0
42304 3
42305 2
42306 1
42307 0
42308 3
42309 4
42310 2
42311 1
42312 0
42313 3
42314 2
42315 1
42316 0
42317 3
42318 2
42319 1
42320 0
42321 3
42322 2
42323 1
42324 0
42325 3
42326 2
42327 1
42328 0
42329 3
42330 2
42331 1
42332 0
42333 3
42334 2
42335 1
42336 0
42337 3
42338 2
42339 1
42340 0
42341 3
42342 2
42343 1
42344 0
42345 3
42346 2
42347 1
42348 0
42349 3
42350 2
42351 1
42352 0
42353 3
42354 2
42355 1
42356 0
42357 3
42358 4
42359 2
42360 1
42361 0
42362 3
42363 2
42364 1
42365 0
42366 3
42367 2
42368 1
42369 0
42370 3
42371 2
42372 1
42373 0
42374 3
42375 2
42376 1
42377 0
42378 3
42379 2
42380 1
42381 0
42382 3
42383 2
42384 1
42385 0
42386 3
42387 2
42388 1
42389 0
42390 3
42391 2
42392 1
42393 0
42394 3
42395 2
42396 1
42397 0
42398 3
42399 2
42400 1
42401 0
42402 3
42403 2
42404 1
42405 0
42406 3
42407 4
42408 2
42409 1
42410 0
42411 3
42412 2
42413 1
42414 0
42415 3
42416 2
42417 1
42418 0
42419 3
42420 2
42421 1
42422 0
42423 3
42424 2
42425 1
42426 0
42427 3
42428 2
42429 1
42430 0
42431 3
42432 2
42433 1
42434 0
42435 3
42436 2
42437 1
42438 0
42439 3
42440 2
42441 1
42442 0
42443 3
42444 2
42445 1
42446 0
42447 3
42448 2
42449 1
42450 0
42451 3
42452 2
42453 1
42454 0
42455 3
42456 2
42457 1
42458 4
42459 0
42460 2
42461 1
42462 3
42463 0
42464 2
42465 1
42466 3
42467 0
42468 2
42469 1
42470 4
42471 3
42472 2
42473 1
42474 0
42475 3
42476 2
42477 1
42478 0
42479 3
42480 4
42481 2
42482 1
42483 0
42484 3
42485 2
42486 1
42487 0
42488 3
42489 2
42490 1
42491 0
42492 3
42493 2
42494 1
42495 0
42496 3
42497 2
42498 1
42499 0
42500 3
42501 2
42502 1
42503 0
42504 3
42505 4
42506 2
42507 1
42508 0
42509 3
42510 2
42511 1
42512 0
42513 3
42514 2
42515 1
42516 0
42517 3
42518 2
42519 1
42520 0
42521 3
42522 2
42523 1
42524 0
42525 3
42526 2
42527 1
42528 0
42529 3
42530 2
42531 1
42532 0
42533 3
42534 2
42535 1
42536 0
42537 3
42538 2
42539 1
42540 0
42541 3
42542 2
42543 1
42544 0
42545 3
42546 2
42547 1
42548 0
42549 3
42550 2
42551 1
42552 0
42553 3
42554 2
42555 1
42556 4
42557 0
42558 2
42559 1
42560 3
42561 0
42562 2
42563 1
42564 3
42565 0
42566 2
42567 1
42568 4
42569 3
42570 2
42571 1
42572 0
42573 3
42574 2
42575 1
42576 0
42577 3
42578 4
42579 2
42580 1
42581 0
42582 3
42583 2
42584 1
42585 0
42586 3
42587 2
42588 1
42589 0
42590 3
42591 2
42592 1
42593 0
42594 3
42595 2
42596 1
42597 0
42598 3
42599 2
42600 1
42601 0
42602 3
42603 4
42604 2
42605 1
42606 0
42607 3
42608 2
42609 1
42610 0
42611 3
42612 2
42613 1
42614 0
42615 3
42616 2
42617 1
42618 0
42619 3
42620 2
42621 1
42622 0
42623 3
42624 2
42625 1
42626 0
42627 3
42628 2
42629 1
42630 0
42631 3
42632 2
42633 1
42634 0
42635 3
42636 2
42637 1
42638 0
42639 3
42640 2
42641 1
42642 0
42643 3
42644 2
42645 1
42646 0
42647 3
42648 2
42649 1
42650 0
42651 3
42652 2
42653 1
42654 4
42655 0
42656 2
42657 1
42658 3
42659 0
42660 2
42661 1
42662 3
42663 0
42664 2
42665 1
42666 4
42667 3
42668 2
42669 1
42670 0
42671 3
42672 2
42673 1
42674 0
42675 3
42676 2
42677 1
42678 4
42679 0
42680 2
42681 1
42682 3
42683 0
42684 2
42685 1
42686 3
42687 0
42688 2
42689 1
42690 4
42691 3
42692 2
42693 1
42694 0
42695 3
42696 2
42697 1
42698 0
42699 3
42700 4
42701 2
42702 1
42703 0
42704 3
42705 2
42706 1
42707 0
42708 3
42709 2
42710 1
42711 0
42712 3
42713 2
42714 1
42715 0
42716 3
42717 2
42718 1
42719 0
42720 3
42721 2
42722 1
42723 0
42724 3
42725 2
42726 1
42727 0
42728 3
42729 2
42730 1
42731 0
42732 3
42733 2
42734 1
42735 0
42736 3
42737 2
42738 1
42739 0
42740 3
42741 2
42742 1
42743 0
42744 3
42745 2
42746 1
42747 0
42748 3
42749 4
42750 2
42751 1
42752 0
42753 3
42754 2
42755 1
42756 0
42757 3
42758 2
42759 1
42760 0
42761 3
42762 2
42763 1
42764 0
42765 3
42766 2
42767 1
42768 0
42769 3
42770 2
42771 1
42772 0
42773 3
42774 2
42775 1
42776 0
42777 3
42778 2
42779 1
42780 0
42781 3
42782 2
42783 1
42784 0
42785 3
42786 2
42787 1
42788 0
42789 3
42790 2
42791 1
42792 0
42793 3
42794 2
42795 1
42796 0
42797 3
42798 4
42799 2
42800 1
42801 0
42802 3
42803 2
42804 1
42805 0
42806 3
42807 2
42808 1
42809 0
42810 3
42811 2
42812 1
42813 0
42814 3
42815 2
42816 1
42817 0
42818 3
42819 2
42820 1
42821 0
42822 3
42823 2
42824 1
42825 0
42826 3
42827 2
42828 1
42829 0
42830 3
42831 2
42832 1
42833 0
42834 3
42835 2
42836 1
42837 0
42838 3
42839 2
42840 1
42841 0
42842 3
42843 2
42844 1
42845 0
42846 3
42847 2
42848 1
42849 4
42850 0
42851 2
42852 1
42853 3
42854 0
42855 2
42856 1
42857 3
42858 0
42859 2
42860 1
42861 4
42862 3
42863 2
42864 1
42865 0
42866 3
42867 2
42868 1
42869 0
42870 3
42871 2
42872 1
42873 4
42874 0
42875 2
42876 1
42877 3
42878 0
42879 2
42880 1
42881 3
42882 0
42883 2
42884 1
42885 4
42886 3
42887 2
42888 1
42889 0
42890 3
42891 2
42892 1
42893 0
42894 3
42895 4
42896 2
42897 1
42898 0
42899 3
42900 2
42901 1
42902 0
42903 3
42904 2
42905 1
42906 0
42907 3
42908 2
42909 1
42910 0
42911 3
42912 2
42913 1
42914 0
42915 3
42916 2
42917 1
42918 0
42919 3
42920 2
42921 1
42922 0
42923 3
42924 2
42925 1
42926 0
42927 3
42928 2
42929 1
42930 0
42931 3
42932 2
42933 1
42934 0
42935 3
42936 2
42937 1
42938 0
42939 3
42940 2
42941 1
42942 0
42943 3
42944 4
42945 2
42946 1
42947 0
42948 3
42949 2
42950 1
42951 0
42952 3
42953 2
42954 1
42955 0
42956 3
42957 2
42958 1
42959 0
42960 3
42961 2
42962 1
42963 0
42964 3
42965 2
42966 1
42967 0
42968 3
42969 2
42970 1
42971 0
42972 3
42973 2
42974 1
42975 0
42976 3
42977 2
42978 1
42979 0
42980 3
42981 2
42982 1
42983 0
42984 3
42985 2
42986 1
42987 0
42988 3
42989 2
42990 1
42991 0
42992 3
42993 4
42994 2
42995 1
42996 0
42997 3
42998 2
42999 1
43000 0
43001 3
43002 2
43003 1
43004 0
43005 3
43006 2
43007 1
43008 0
43009 3
43010 2
43011 1
43012 0
43013 3
43014 2
43015 1
43016 0
43017 3
43018 2
43019 1
43020 0
43021 3
43022 2
43023 1
43024 0
43025 3
43026 2
43027 1
43028 0
43029 3
43030 2
43031 1
43032 0
43033 3
43034 2
43035 1
43036 0
43037 3
43038 2
43039 1
43040 0
43041 3
43042 2
43043 1
43044 4
43045 0
43046 2
43047 1
43048 3
43049 0
43050 2
43051 1
43052 3
43053 0
43054 2
43055 1
43056 4
43057 3
43058 2
43059 1
43060 0
43061 3
43062 2
43063 1
43064 0
43065 3
43066 2
43067 1
43068 4
43069 0
43070 2
43071 1
43072 3
43073 0
43074 2
43075 1
43076 3
43077 0
43078 2
43079 1
43080 4
43081 3
43082 2
43083 1
43084 0
43085 3
43086 2
43087 1
43088 0
43089 3
43090 4
43091 2
43092 1
43093 0
43094 3
43095 2
43096 1
43097 0
43098 3
43099 2
43100 1
43101 0
43102 3
43103 2
43104 1
43105 0
43106 3
43107 2
43108 1
43109 0
43110 3
43111 2
43112 1
43113 0
43114 3
43115 2
43116 1
43117 0
43118 3
43119 2
43120 1
43121 0
43122 3
43123 2
43124 1
43125 0
43126 3
43127 2
43128 1
43129 0
43130 3
43131 2
43132 1
43133 0
43134 3
43135 2
43136 1
43137 0
43138 3
43139 4
43140 2
43141 1
43142 0
43143 3
43144 2
43145 1
43146 0
43147 3
43148 2
43149 1
43150 0
43151 3
43152 2
43153 1
43154 0
43155 3
43156 2
43157 1
43158 0
43159 3
43160 2
43161 1
43162 0
43163 3
43164 2
43165 1
43166 0
43167 3
43168 2
43169 1
43170 0
43171 3
43172 2
43173 1
43174 0
43175 3
43176 2
43177 1
43178 0
43179 3
43180 2
43181 1
43182 0
43183 3
43184 2
43185 1
43186 0
43187 3
43188 4
43189 2
43190 1
43191 0
43192 3
43193 2
43194 1
43195 0
43196 3
43197 2
43198 1
43199 0
43200 3
43201 2
43202 1
43203 0
43204 3
43205 2
43206 1
43207 0
43208 3
43209 2
43210 1
43211 0
43212 3
43213 2
43214 1
43215 0
43216 3
43217 2
43218 1
43219 0
43220 3
43221 2
43222 1
43223 0
43224 3
43225 2
43226 1
43227 0
43228 3
43229 2
43230 1
43231 0
43232 3
43233 2
43234 1
43235 0
43236 3
43237 2
43238 1
43239 4
43240 0
43241 2
43242 1
43243 3
43244 0
43245 2
43246 1
43247 3
43248 0
43249 2
43250 1
43251 4
43252 3
43253 2
43254 1
43255 0
43256 3
43257 2
43258 1
43259 0
43260 3
43261 4
43262 2
43263 1
43264 0
43265 3
43266 2
43267 1
43268 0
43269 3
43270 2
43271 1
43272 0
43273 3
43274 2
43275 1
43276 0
43277 3
43278 2
43279 1
43280 0
43281 3
43282 2
43283 1
43284 0
43285 3
43286 4
43287 2
43288 1
43289 0
43290 3
43291 2
43292 1
43293 0
43294 3
43295 2
43296 1
43297 0
43298 3
43299 2
43300 1
43301 0
43302 3
43303 2
43304 1
43305 0
43306 3
43307 2
43308 1
43309 0
43310 3
43311 2
43312 1
43313 0
43314 3
43315 2
43316 1
43317 0
43318 3
43319 2
43320 1
43321 0
43322 3
43323 2
43324 1
43325 0
43326 3
43327 2
43328 1
43329 0
43330 3
43331 2
43332 1
43333 0
43334 3
43335 2
43336 1
43337 4
43338 0
43339 2
43340 1
43341 3
43342 0
43343 2
43344 1
43345 3
43346 0
43347 2
43348 1
43349 4
43350 3
43351 2
43352 1
43353 0
43354 3
43355 2
43356 1
43357 0
43358 3
43359 4
43360 2
43361 1
43362 0
43363 3
43364 2
43365 1
43366 0
43367 3
43368 2
43369 1
43370 0
43371 3
43372 2
43373 1
43374 0
43375 3
43376 2
43377 1
43378 0
43379 3
43380 2
43381 1
43382 0
43383 3
43384 4
43385 2
43386 1
43387 0
43388 3
43389 2
43390 1
43391 0
43392 3
43393 2
43394 1
43395 0
43396 3
43397 2
43398 1
43399 0
43400 3
43401 2
43402 1
43403 0
43404 3
43405 2
43406 1
43407 0
43408 3
43409 2
43410 1
43411 0
43412 3
43413 2
43414 1
43415 0
43416 3
43417 2
43418 1
43419 0
43420 3
43421 2
43422 1
43423 0
43424 3
43425 2
43426 1
43427 0
43428 3
43429 2
43430 1
43431 0
43432 3
43433 2
43434 1
43435 4
43436 0
43437 2
43438 1
43439 3
43440 0
43441 2
43442 1
43443 3
43444 0
43445 2
43446 1
43447 4
43448 3
43449 2
43450 1
43451 0
43452 3
43453 2
43454 1
43455 0
43456 3
43457 2
43458 1
43459 4
43460 0
43461 2
43462 1
43463 3
43464 0
43465 2
43466 1
43467 3
43468 0
43469 2
43470 1
43471 4
43472 3
43473 2
43474 1
43475 0
43476 3
43477 2
43478 1
43479 0
43480 3
43481 4
43482 2
43483 1
43484 0
43485 3
43486 2
43487 1
43488 0
43489 3
43490 2
43491 1
43492 0
43493 3
43494 2
43495 1
43496 0
43497 3
43498 2
43499 1
43500 0
43501 3
43502 2
43503 1
43504 0
43505 3
43506 2
43507 1
43508 0
43509 3
43510 2
43511 1
43512 0
43513 3
43514 2
43515 1
43516 0
43517 3
43518 2
43519 1
43520 0
43521 3
43522 2
43523 1
43524 0
43525 3
43526 2
43527 1
43528 0
43529 3
43530 4
43531 2
43532 1
43533 0
43534 3
43535 2
43536 1
43537 0
43538 3
43539 2
43540 1
43541 0
43542 3
43543 2
43544 1
43545 0
43546 3
43547 2
43548 1
43549 0
43550 3
43551 2
43552 1
43553 0
43554 3
43555 2
43556 1
43557 0
43558 3
43559 2
43560 1
43561 0
43562 3
43563 2
43564 1
43565 0
43566 3
43567 2
43568 1
43569 0
43570 3
43571 2
43572 1
43573 0
43574 3
43575 2
43576 1
43577 0
43578 3
43579 4
43580 2
43581 1
43582 0
43583 3
43584 2
43585 1
43586 0
43587 3
43588 2
43589 1
43590 0
43591 3
43592 2
43593 1
43594 0
43595 3
43596 2
43597 1
43598 0
43599 3
43600 2
43601 1
43602 0
43603 3
43604 2
43605 1
43606 0
43607 3
43608 2
43609 1
43610 0
43611 3
43612 2
43613 1
43614 0
43615 3
43616 2
43617 1
43618 0
43619 3
43620 2
43621 1
43622 0
43623 3
43624 2
43625 1
43626 0
43627 3
43628 2
43629 1
43630 4
43631 0
43632 2
43633 1
43634 3
43635 0
43636 2
43637 1
43638 3
43639 0
43640 2
43641 1
43642 4
43643 3
43644 2
43645 1
43646 0
43647 3
43648 2
43649 1
43650 0
43651 3
43652 2
43653 1
43654 4
43655 0
43656 2
43657 1
43658 3
43659 0
43660 2
43661 1
43662 3
43663 0
43664 2
43665 1
43666 4
43667 3
43668 2
43669 1
43670 0
43671 3
43672 2
43673 1
43674 0
43675 3
43676 4
43677 2
43678 1
43679 0
43680 3
43681 2
43682 1
43683 0
43684 3
43685 2
43686 1
43687 0
43688 3
43689 2
43690 1
43691 0
43692 3
43693 2
43694 1
43695 0
43696 3
43697 2
43698 1
43699 0
43700 3
43701 2
43702 1
43703 0
43704 3
43705 2
43706 1
43707 0
43708 3
43709 2
43710 1
43711 0
43712 3
43713 2
43714 1
43715 0
43716 3
43717 2
43718 1
43719 0
43720 3
43721 2
43722 1
43723 0
43724 3
43725 2
43726 1
43727 4
43728 0
43729 2
43730 1
43731 3
43732 0
43733 2
43734 1
43735 3
43736 0
43737 2
43738 1
43739 4
43740 3
43741 2
43742 1
43743 0
43744 3
43745 2
43746 1
43747 0
43748 3
43749 4
43750 2
43751 1
43752 0
43753 3
43754 2
43755 1
43756 0
43757 3
43758 2
43759 1
43760 0
43761 3
43762 2
43763 1
43764 0
43765 3
43766 2
43767 1
43768 0
43769 3
43770 2
43771 1
43772 0
43773 3
43774 4
43775 2
43776 1
43777 0
43778 3
43779 2
43780 1
43781 0
43782 3
43783 2
43784 1
43785 0
43786 3
43787 2
43788 1
43789 0
43790 3
43791 2
43792 1
43793 0
43794 3
43795 2
43796 1
43797 0
43798 3
43799 2
43800 1
43801 0
43802 3
43803 2
43804 1
43805 0
43806 3
43807 2
43808 1
43809 0
43810 3
43811 2
43812 1
43813 0
43814 3
43815 2
43816 1
43817 0
43818 3
43819 2
43820 1
43821 0
43822 3
43823 2
43824 1
43825 4
43826 0
43827 2
43828 1
43829 3
43830 0
43831 2
43832 1
43833 3
43834 0
43835 2
43836 1
43837 4
43838 3
43839 2
43840 1
43841 0
43842 3
43843 2
43844 1
43845 0
43846 3
43847 2
43848 1
43849 4
43850 0
43851 2
43852 1
43853 3
43854 0
43855 2
43856 1
43857 3
43858 0
43859 2
43860 1
43861 4
43862 3
43863 2
43864 1
43865 0
43866 3
43867 2
43868 1
43869 0
43870 3
43871 4
43872 2
43873 1
43874 0
43875 3
43876 2
43877 1
43878 0
43879 3
43880 2
43881 1
43882 0
43883 3
43884 2
43885 1
43886 0
43887 3
43888 2
43889 1
43890 0
43891 3
43892 2
43893 1
43894 0
43895 3
43896 2
43897 1
43898 0
43899 3
43900 2
43901 1
43902 0
43903 3
43904 2
43905 1
43906 0
43907 3
43908 2
43909 1
43910 0
43911 3
43912 2
43913 1
43914 0
43915 3
43916 2
43917 1
43918 0
43919 3
43920 4
43921 2
43922 1
43923 0
43924 3
43925 2
43926 1
43927 0
43928 3
43929 2
43930 1
43931 0
43932 3
43933 2
43934 1
43935 0
43936 3
43937 2
43938 1
43939 0
43940 3
43941 2
43942 1
43943 0
43944 3
43945 2
43946 1
43947 0
43948 3
43949 2
43950 1
43951 0
43952 3
43953 2
43954 1
43955 0
43956 3
43957 2
43958 1
43959 0
43960 3
43961 2
43962 1
43963 0
43964 3
43965 2
43966 1
43967 0
43968 3
43969 4
43970 2
43971 1
43972 0
43973 3
43974 2
43975 1
43976 0
43977 3
43978 2
43979 1
43980 0
43981 3
43982 2
43983 1
43984 0
43985 3
43986 2
43987 1
43988 0
43989 3
43990 2
43991 1
43992 0
43993 3
43994 2
43995 1
43996 0
43997 3
43998 2
43999 1
44000 0
44001 3
44002 2
44003 1
44004 0
44005 3
44006 2
44007 1
44008 0
44009 3
44010 2
44011 1
44012 0
44013 3
44014 2
44015 1
44016 0
44017 3
44018 2
44019 1
44020 4
44021 0
44022 2
44023 1
44024 3
44025 0
44026 2
44027 1
44028 3
44029 0
44030 2
44031 1
44032 4
44033 3
44034 2
44035 1
44036 0
44037 3
44038 2
44039 1
44040 0
44041 3
44042 4
44043 2
44044 1
44045 0
44046 3
44047 2
44048 1
44049 0
44050 3
44051 2
44052 1
44053 0
44054 3
44055 2
44056 1
44057 0
44058 3
44059 2
44060 1
44061 0
44062 3
44063 2
44064 1
44065 0
44066 3
44067 4
44068 2
44069 1
44070 0
44071 3
44072 2
44073 1
44074 0
44075 3
44076 2
44077 1
44078 0
44079 3
44080 2
44081 1
44082 0
44083 3
44084 2
44085 1
44086 0
44087 3
44088 2
44089 1
44090 0
44091 3
44092 2
44093 1
44094 0
44095 3
44096 2
44097 1
44098 0
44099 3
44100 2
44101 1
44102 0
44103 3
44104 2
44105 1
44106 0
44107 3
44108 2
44109 1
44110 0
44111 3
44112 2
44113 1
44114 0
44115 3
44116 2
44117 1
44118 4
44119 0
44120 2
44121 1
44122 3
44123 0
44124 2
44125 1
44126 3
44127 0
44128 2
44129 1
44130 4
44131 3
44132 2
44133 1
44134 0
44135 3
44136 2
44137 1
44138 0
44139 3
44140 4
44141 2
44142 1
44143 0
44144 3
44145 2
44146 1
44147 0
44148 3
44149 2
44150 1
44151 0
44152 3
44153 2
44154 1
44155 0
44156 3
44157 2
44158 1
44159 0
44160 3
44161 2
44162 1
44163 0
44164 3
44165 4
44166 2
44167 1
44168 0
44169 3
44170 2
44171 1
44172 0
44173 3
44174 2
44175 1
44176 0
44177 3
44178 2
44179 1
44180 0
44181 3
44182 2
44183 1
44184 0
44185 3
44186 2
44187 1
44188 0
44189 3
44190 2
44191 1
44192 0
44193 3
44194 2
44195 1
44196 0
44197 3
44198 2
44199 1
44200 0
44201 3
44202 2
44203 1
44204 0
44205 3
44206 2
44207 1
44208 0
44209 3
44210 2
44211 1
44212 0
44213 3
44214 2
44215 1
44216 4
44217 0
44218 2
44219 1
44220 3
44221 0
44222 2
44223 1
44224 3
44225 0
44226 2
44227 1
44228 4
44229 3
44230 2
44231 1
44232 0
44233 3
44234 2
44235 1
44236 0
44237 3
44238 2
44239 1
44240 4
44241 0
44242 2
44243 1
44244 3
44245 0
44246 2
44247 1
44248 3
44249 0
44250 2
44251 1
44252 4
44253 3
44254 2
44255 1
44256 0
44257 3
44258 2
44259 1
44260 0
44261 3
44262 4
44263 2
44264 1
44265 0
44266 3
44267 2
44268 1
44269 0
44270 3
44271 2
44272 1
44273 0
44274 3
44275 2
44276 1
44277 0
44278 3
44279 2
44280 1
44281 0
44282 3
44283 2
44284 1
44285 0
44286 3
44287 2
44288 1
44289 0
44290 3
44291 2
44292 1
44293 0
44294 3
44295 2
44296 1
44297 0
44298 3
44299 2
44300 1
44301 0
44302 3
44303 2
44304 1
44305 0
44306 3
44307 2
44308 1
44309 0
44310 3
44311 4
44312 2
44313 1
44314 0
44315 3
44316 2
44317 1
44318 0
44319 3
44320 2
44321 1
44322 0
44323 3
44324 2
44325 1
44326 0
44327 3
44328 2
44329 1
44330 0
44331 3
44332 2
44333 1
44334 0
44335 3
44336 2
44337 1
44338 0
44339 3
44340 2
44341 1
44342 0
44343 3
44344 2
44345 1
44346 0
44347 3
44348 2
44349 1
44350 0
44351 3
44352 2
44353 1
44354 0
44355 3
44356 2
44357 1
44358 0
44359 3
44360 4
44361 2
44362 1
44363 0
44364 3
44365 2
44366 1
44367 0
44368 3
44369 2
44370 1
44371 0
44372 3
44373 2
44374 1
44375 0
44376 3
44377 2
44378 1
44379 0
44380 3
44381 2
44382 1
44383 0
44384 3
44385 2
44386 1
44387 0
44388 3
44389 2
44390 1
44391 0
44392 3
44393 2
44394 1
44395 0
44396 3
44397 2
44398 1
44399 0
44400 3
44401 2
44402 1
44403 0
44404 3
44405 2
44406 1
44407 0
44408 3
44409 2
44410 1
44411 4
44412 0
44413 2
44414 1
44415 3
44416 0
44417 2
44418 1
44419 3
44420 0
44421 2
44422 1
44423 4
44424 3
44425 2
44426 1
44427 0
44428 3
44429 2
44430 1
44431 0
44432 3
44433 2
44434 1
44435 4
44436 0
44437 2
44438 1
44439 3
44440 0
44441 2
44442 1
44443 3
44444 0
44445 2
44446 1
44447 4
44448 3
44449 2
44450 1
44451 0
44452 3
44453 2
44454 1
44455 0
44456 3
44457 4
44458 2
44459 1
44460 0
44461 3
44462 2
44463 1
44464 0
44465 3
44466 2
44467 1
44468 0
44469 3
44470 2
44471 1
44472 0
44473 3
44474 2
44475 1
44476 0
44477 3
44478 2
44479 1
44480 0
44481 3
44482 2
44483 1
44484 0
44485 3
44486 2
44487 1
44488 0
44489 3
44490 2
44491 1
44492 0
44493 3
44494 2
44495 1
44496 0
44497 3
44498 2
44499 1
44500 0
44501 3
44502 2
44503 1
44504 0
44505 3
44506 4
44507 2
44508 1
44509 0
44510 3
44511 2
44512 1
44513 0
44514 3
44515 2
44516 1
44517 0
44518 3
44519 2
44520 1
44521 0
44522 3
44523 2
44524 1
44525 0
44526 3
44527 2
44528 1
44529 0
44530 3
44531 2
44532 1
44533 0
44534 3
44535 2
44536 1
44537 0
44538 3
44539 2
44540 1
44541 0
44542 3
44543 2
44544 1
44545 0
44546 3
44547 2
44548 1
44549 0
44550 3
44551 2
44552 1
44553 0
44554 3
44555 4
44556 2
44557 1
44558 0
44559 3
44560 2
44561 1
44562 0
44563 3
44564 2
44565 1
44566 0
44567 3
44568 2
44569 1
44570 0
44571 3
44572 2
44573 1
44574 0
44575 3
44576 2
44577 1
44578 0
44579 3
44580 2
44581 1
44582 0
44583 3
44584 2
44585 1
44586 0
44587 3
44588 2
44589 1
44590 0
44591 3
44592 2
44593 1
44594 0
44595 3
44596 2
44597 1
44598 0
44599 3
44600 2
44601 1
44602 0
44603 3
44604 2
44605 1
44606 4
44607 0
44608 2
44609 1
44610 3
44611 0
44612 2
44613 1
44614 3
44615 0
44616 2
44617 1
44618 4
44619 3
44620 2
44621 1
44622 0
44623 3
44624 2
44625 1
44626 0
44627 3
44628 2
44629 1
44630 4
44631 0
44632 2
44633 1
44634 3
44635 0
44636 2
44637 1
44638 3
44639 0
44640 2
44641 1
44642 4
44643 3
44644 2
44645 1
44646 0
44647 3
44648 2
44649 1
44650 0
44651 3
44652 4
44653 2
44654 1
44655 0
44656 3
44657 2
44658 1
44659 0
44660 3
44661 2
44662 1
44663 0
44664 3
44665 2
44666 1
44667 0
44668 3
44669 2
44670 1
44671 0
44672 3
44673 2
44674 1
44675 0
44676 3
44677 2
44678 1
44679 0
44680 3
44681 2
44682 1
44683 0
44684 3
44685 2
44686 1
44687 0
44688 3
44689 2
44690 1
44691 0
44692 3
44693 2
44694 1
44695 0
44696 3
44697 2
44698 1
44699 0
44700 3
44701 4
44702 2
44703 1
44704 0
44705 3
44706 2
44707 1
44708 0
44709 3
44710 2
44711 1
44712 0
44713 3
44714 2
44715 1
44716 0
44717 3
44718 2
44719 1
44720 0
44721 3
44722 2
44723 1
44724 0
44725 3
44726 2
44727 1
44728 0
44729 3
44730 2
44731 1
44732 0
44733 3
44734 2
44735 1
44736 0
44737 3
44738 2
44739 1
44740 0
44741 3
44742 2
44743 1
44744 0
44745 3
44746 2
44747 1
44748 0
44749 3
44750 4
44751 2
44752 1
44753 0
44754 3
44755 2
44756 1
44757 0
44758 3
44759 2
44760 1
44761 0
44762 3
44763 2
44764 1
44765 0
44766 3
44767 2
44768 1
44769 0
44770 3
44771 2
44772 1
44773 0
44774 3
44775 2
44776 1
44777 0
44778 3
44779 2
44780 1
44781 0
44782 3
44783 2
44784 1
44785 0
44786 3
44787 2
44788 1
44789 0
44790 3
44791 2
44792 1
44793 0
44794 3
44795 2
44796 1
44797 0
44798 3
44799 2
44800 1
44801 4
44802 0
44803 2
44804 1
44805 3
44806 0
44807 2
44808 1
44809 3
44810 0
44811 2
44812 1
44813 4
44814 3
44815 2
44816 1
44817 0
44818 3
44819 2
44820 1
44821 0
44822 3
44823 4
44824 2
44825 1
44826 0
44827 3
44828 2
44829 1
44830 0
44831 3
44832 2
44833 1
44834 0
44835 3
44836 2
44837 1
44838 0
44839 3
44840 2
44841 1
44842 0
44843 3
44844 2
44845 1
44846 0
44847 3
44848 4
44849 2
44850 1
44851 0
44852 3
44853 2
44854 1
44855 0
44856 3
44857 2
44858 1
44859 0
44860 3
44861 2
44862 1
44863 0
44864 3
44865 2
44866 1
44867 0
44868 3
44869 2
44870 1
44871 0
44872 3
44873 2
44874 1
44875 0
44876 3
44877 2
44878 1
44879 0
44880 3
44881 2
44882 1
44883 0
44884 3
44885 2
44886 1
44887 0
44888 3
44889 2
44890 1
44891 0
44892 3
44893 2
44894 1
44895 0
44896 3
44897 2
44898 1
44899 4
44900 0
44901 2
44902 1
44903 3
44904 0
44905 2
44906 1
44907 3
44908 0
44909 2
44910 1
44911 4
44912 3
44913 2
44914 1
44915 0
44916 3
44917 2
44918 1
44919 0
44920 3
44921 4
44922 2
44923 1
44924 0
44925 3
44926 2
44927 1
44928 0
44929 3
44930 2
44931 1
44932 0
44933 3
44934 2
44935 1
44936 0
44937 3
44938 2
44939 1
44940 0
44941 3
44942 2
44943 1
44944 0
44945 3
44946 4
44947 2
44948 1
44949 0
44950 3
44951 2
44952 1
44953 0
44954 3
44955 2
44956 1
44957 0
44958 3
44959 2
44960 1
44961 0
44962 3
44963 2
44964 1
44965 0
44966 3
44967 2
44968 1
44969 0
44970 3
44971 2
44972 1
44973 0
44974 3
44975 2
44976 1
44977 0
44978 3
44979 2
44980 1
44981 0
44982 3
44983 2
44984 1
44985 0
44986 3
44987 2
44988 1
44989 0
44990 3
44991 2
44992 1
44993 0
44994 3
44995 2
44996 1
44997 4
44998 0
44999 2
45000 1
45001 3
45002 0
45003 2
45004 1
45005 3
45006 0
45007 2
45008 1
45009 4
45010 3
45011 2
45012 1
45013 0
45014 3
45015 2
45016 1
45017 0
45018 3
45019 2
45020 1
45021 4
45022 0
45023 2
45024 1
45025 3
45026 0
45027 2
45028 1
45029 3
45030 0
45031 2
45032 1
45033 4
45034 3
45035 2
45036 1
45037 0
45038 3
45039 2
45040 1
45041 0
45042 3
45043 4
45044 2
45045 1
45046 0
45047 3
45048 2
45049 1
45050 0
45051 3
45052 2
45053 1
45054 0
45055 3
45056 2
45057 1
45058 0
45059 3
45060 2
45061 1
45062 0
45063 3
45064 2
45065 1
45066 0
45067 3
45068 2
45069 1
45070 0
45071 3
45072 2
45073 1
45074 0
45075 3
45076 2
45077 1
45078 0
45079 3
45080 2
45081 1
45082 0
45083 3
45084 2
45085 1
45086 0
45087 3
45088 2
45089 1
45090 0
45091 3
45092 4
45093 2
45094 1
45095 0
45096 3
45097 2
45098 1
45099 0
45100 3
45101 2
45102 1
45103 0
45104 3
45105 2
45106 1
45107 0
45108 3
45109 2
45110 1
45111 0
45112 3
45113 2
45114 1
45115 0
45116 3
45117 2
45118 1
45119 0
45120 3
45121 2
45122 1
45123 0
45124 3
45125 2
45126 1
45127 0
45128 3
45129 2
45130 1
45131 0
45132 3
45133 2
45134 1
45135 0
45136 3
45137 2
45138 1
45139 0
45140 3
45141 4
45142 2
45143 1
45144 0
45145 3
45146 2
45147 1
45148 0
45149 3
45150 2
45151 1
45152 0
45153 3
45154 2
45155 1
45156 0
45157 3
45158 2
45159 1
45160 0
45161 3
45162 2
45163 1
45164 0
45165 3
45166 2
45167 1
45168 0
45169 3
45170 2
45171 1
45172 0
45173 3
45174 2
45175 1
45176 0
45177 3
45178 2
45179 1
45180 0
45181 3
45182 2
45183 1
45184 0
45185 3
45186 2
45187 1
45188 0
45189 3
45190 2
45191 1
45192 4
45193 0
45194 2
45195 1
45196 3
45197 0
45198 2
45199 1
45200 3
45201 0
45202 2
45203 1
45204 4
45205 3
45206 2
45207 1
45208 0
45209 3
45210 2
45211 1
45212 0
45213 3
45214 2
45215 1
45216 4
45217 0
45218 2
45219 1
45220 3
45221 0
45222 2
45223 1
45224 3
45225 0
45226 2
45227 1
45228 4
45229 3
45230 2
45231 1
45232 0
45233 3
45234 2
45235 1
45236 0
45237 3
45238 4
45239 2
45240 1
45241 0
45242 3
45243 2
45244 1
45245 0
45246 3
45247 2
45248 1
45249 0
45250 3
45251 2
45252 1
45253 0
45254 3
45255 2
45256 1
45257 0
45258 3
45259 2
45260 1
45261 0
45262 3
45263 2
45264 1
45265 0
45266 3
45267 2
45268 1
45269 0
45270 3
45271 2
45272 1
45273 0
45274 3
45275 2
45276 1
45277 0
45278 3
45279 2
45280 1
45281 0
45282 3
45283 2
45284 1
45285 0
45286 3
45287 2
45288 1
45289 4
45290 0
45291 2
45292 1
45293 3
45294 0
45295 2
45296 1
45297 3
45298 0
45299 2
45300 1
45301 4
45302 3
45303 2
45304 1
45305 0
45306 3
45307 2
45308 1
45309 0
45310 3
45311 4
45312 2
45313 1
45314 0
45315 3
45316 2
45317 1
45318 0
45319 3
45320 2
45321 1
45322 0
45323 3
45324 2
45325 1
45326 0
45327 3
45328 2
45329 1
45330 0
45331 3
45332 2
45333 1
45334 0
45335 3
45336 4
45337 2
45338 1
45339 0
45340 3
45341 2
45342 1
45343 0
45344 3
45345 2
45346 1
45347 0
45348 3
45349 2
45350 1
45351 0
45352 3
45353 2
45354 1
45355 0
45356 3
45357 2
45358 1
45359 0
45360 3
45361 2
45362 1
45363 0
45364 3
45365 2
45366 1
45367 0
45368 3
45369 2
45370 1
45371 0
45372 3
45373 2
45374 1
45375 0
45376 3
45377 2
45378 1
45379 0
45380 3
45381 2
45382 1
45383 0
45384 3
45385 2
45386 1
45387 4
45388 0
45389 2
45390 1
45391 3
45392 0
45393 2
45394 1
45395 3
45396 0
45397 2
45398 1
45399 4
45400 3
45401 2
45402 1
45403 0
45404 3
45405 2
45406 1
45407 0
45408 3
45409 2
45410 1
45411 4
45412 0
45413 2
45414 1
45415 3
45416 0
45417 2
45418 1
45419 3
45420 0
45421 2
45422 1
45423 4
45424 3
45425 2
45426 1
45427 0
45428 3
45429 2
45430 1
45431 0
45432 3
45433 4
45434 2
45435 1
45436 0
45437 3
45438 2
45439 1
45440 0
45441 3
45442 2
45443 1
45444 0
45445 3
45446 2
45447 1
45448 0
45449 3
45450 2
45451 1
45452 0
45453 3
45454 2
45455 1
45456 0
45457 3
45458 2
45459 1
45460 0
45461 3
45462 2
45463 1
45464 0
45465 3
45466 2
45467 1
45468 0
45469 3
45470 2
45471 1
45472 0
45473 3
45474 2
45475 1
45476 0
45477 3
45478 2
45479 1
45480 0
45481 3
45482 4
45483 2
45484 1
45485 0
45486 3
45487 2
45488 1
45489 0
45490 3
45491 2
45492 1
45493 0
45494 3
45495 2
45496 1
45497 0
45498 3
45499 2
45500 1
45501 0
45502 3
45503 2
45504 1
45505 0
45506 3
45507 2
45508 1
45509 0
45510 3
45511 2
45512 1
45513 0
45514 3
45515 2
45516 1
45517 0
45518 3
45519 2
45520 1
45521 0
45522 3
45523 2
45524 1
45525 0
45526 3
45527 2
45528 1
45529 0
45530 3
45531 4
45532 2
45533 1
45534 0
45535 3
45536 2
45537 1
45538 0
45539 3
45540 2
45541 1
45542 0
45543 3
45544 2
45545 1
45546 0
45547 3
45548 2
45549 1
45550 0
45551 3
45552 2
45553 1
45554 0
45555 3
45556 2
45557 1
45558 0
45559 3
45560 2
45561 1
45562 0
45563 3
45564 2
45565 1
45566 0
45567 3
45568 2
45569 1
45570 0
45571 3
45572 2
45573 1
45574 0
45575 3
45576 2
45577 1
45578 0
45579 3
45580 2
45581 1
45582 4
45583 0
45584 2
45585 1
45586 3
45587 0
45588 2
45589 1
45590 3
45591 0
45592 2
45593 1
45594 4
45595 3
45596 2
45597 1
45598 0
45599 3
45600 2
45601 1
45602 0
45603 3
45604 4
45605 2
45606 1
45607 0
45608 3
45609 2
45610 1
45611 0
45612 3
45613 2
45614 1
45615 0
45616 3
45617 2
45618 1
45619 0
45620 3
45621 2
45622 1
45623 0
45624 3
45625 2
45626 1
45627 0
45628 3
45629 4
45630 2
45631 1
45632 0
45633 3
45634 2
45635 1
45636 0
45637 3
45638 2
45639 1
45640 0
45641 3
45642 2
45643 1
45644 0
45645 3
45646 2
45647 1
45648 0
45649 3
45650 2
45651 1
45652 0
45653 3
45654 2
45655 1
45656 0
45657 3
45658 2
45659 1
45660 0
45661 3
45662 2
45663 1
45664 0
45665 3
45666 2
45667 1
45668 0
45669 3
45670 2
45671 1
45672 0
45673 3
45674 2
45675 1
45676 0
45677 3
45678 2
45679 1
45680 4
45681 0
45682 2
45683 1
45684 3
45685 0
45686 2
45687 1
45688 3
45689 0
45690 2
45691 1
45692 4
45693 3
45694 2
45695 1
45696 0
45697 3
45698 2
45699 1
45700 0
45701 3
45702 4
45703 2
45704 1
45705 0
45706 3
45707 2
45708 1
45709 0
45710 3
45711 2
45712 1
45713 0
45714 3
45715 2
45716 1
45717 0
45718 3
45719 2
45720 1
45721 0
45722 3
45723 2
45724 1
45725 0
45726 3
45727 4
45728 2
45729 1
45730 0
45731 3
45732 2
45733 1
45734 0
45735 3
45736 2
45737 1
45738 0
45739 3
45740 2
45741 1
45742 0
45743 3
45744 2
45745 1
45746 0
45747 3
45748 2
45749 1
45750 0
45751 3
45752 2
45753 1
45754 0
45755 3
45756 2
45757 1
45758 0
45759 3
45760 2
45761 1
45762 0
45763 3
45764 2
45765 1
45766 0
45767 3
45768 2
45769 1
45770 0
45771 3
45772 2
45773 1
45774 0
45775 3
45776 2
45777 1
45778 4
45779 0
45780 2
45781 1
45782 3
45783 0
45784 2
45785 1
45786 3
45787 0
45788 2
45789 1
45790 4
45791 3
45792 2
45793 1
45794 0
45795 3
45796 2
45797 1
45798 0
45799 3
45800 2
45801 1
45802 4
45803 0
45804 2
45805 1
45806 3
45807 0
45808 2
45809 1
45810 3
45811 0
45812 2
45813 1
45814 4
45815 3
45816 2
45817 1
45818 0
45819 3
45820 2
45821 1
45822 0
45823 3
45824 4
45825 2
45826 1
45827 0
45828 3
45829 2
45830 1
45831 0
45832 3
45833 2
45834 1
45835 0
45836 3
45837 2
45838 1
45839 0
45840 3
45841 2
45842 1
45843 0
45844 3
45845 2
45846 1
45847 0
45848 3
45849 2
45850 1
45851 0
45852 3
45853 2
45854 1
45855 0
45856 3
45857 2
45858 1
45859 0
45860 3
45861 2
45862 1
45863 0
45864 3
45865 2
45866 1
45867 0
45868 3
45869 2
45870 1
45871 0
45872 3
45873 4
45874 2
45875 1
45876 0
45877 3
45878 2
45879 1
45880 0
45881 3
45882 2
45883 1
45884 0
45885 3
45886 2
45887 1
45888 0
45889 3
45890 2
45891 1
45892 0
45893 3
45894 2
45895 1
45896 0
45897 3
45898 2
45899 1
45900 0
45901 3
45902 2
45903 1
45904 0
45905 3
45906 2
45907 1
45908 0
45909 3
45910 2
45911 1
45912 0
45913 3
45914 2
45915 1
45916 0
45917 3
45918 2
45919 1
45920 0
45921 3
45922 4
45923 2
45924 1
45925 0
45926 3
45927 2
45928 1
45929 0
45930 3
45931 2
45932 1
45933 0
45934 3
45935 2
45936 1
45937 0
45938 3
45939 2
45940 1
45941 0
45942 3
45943 2
45944 1
45945 0
45946 3
45947 2
45948 1
45949 0
45950 3
45951 2
45952 1
45953 0
45954 3
45955 2
45956 1
45957 0
45958 3
45959 2
45960 1
45961 0
45962 3
45963 2
45964 1
45965 0
45966 3
45967 2
45968 1
45969 0
45970 3
45971 2
45972 1
45973 4
45974 0
45975 2
45976 1
45977 3
45978 0
45979 2
45980 1
45981 3
45982 0
45983 2
45984 1
45985 4
45986 3
45987 2
45988 1
45989 0
45990 3
45991 2
45992 1
45993 0
45994 3
45995 2
45996 1
45997 4
45998 0
45999 2
46000 1
46001 3
46002 0
46003 2
46004 1
46005 3
46006 0
46007 2
46008 1
46009 4
46010 3
46011 2
46012 1
46013 0
46014 3
46015 2
46016 1
46017 0
46018 3
46019 4
46020 2
46021 1
46022 0
46023 3
46024 2
46025 1
46026 0
46027 3
46028 2
46029 1
46030 0
46031 3
46032 2
46033 1
46034 0
46035 3
46036 2
46037 1
46038 0
46039 3
46040 2
46041 1
46042 0
46043 3
46044 2
46045 1
46046 0
46047 3
46048 2
46049 1
46050 0
46051 3
46052 2
46053 1
46054 0
46055 3
46056 2
46057 1
46058 0
46059 3
46060 2
46061 1
46062 0
46063 3
46064 2
46065 1
46066 0
46067 3
46068 4
46069 2
46070 1
46071 0
46072 3
46073 2
46074 1
46075 0
46076 3
46077 2
46078 1
46079 0
46080 3
46081 2
46082 1
46083 0
46084 3
46085 2
46086 1
46087 0
46088 3
46089 2
46090 1
46091 0
46092 3
46093 2
46094 1
46095 0
46096 3
46097 2
46098 1
46099 0
46100 3
46101 2
46102 1
46103 0
46104 3
46105 2
46106 1
46107 0
46108 3
46109 2
46110 1
46111 0
46112 3
46113 2
46114 1
46115 0
46116 3
46117 4
46118 2
46119 1
46120 0
46121 3
46122 2
46123 1
46124 0
46125 3
46126 2
46127 1
46128 0
46129 3
46130 2
46131 1
46132 0
46133 3
46134 2
46135 1
46136 0
46137 3
46138 2
46139 1
46140 0
46141 3
46142 2
46143 1
46144 0
46145 3
46146 2
46147 1
46148 0
46149 3
46150 2
46151 1
46152 0
46153 3
46154 2
46155 1
46156 0
46157 3
46158 2
46159 1
46160 0
46161 3
46162 2
46163 1
46164 0
46165 3
46166 2
46167 1
46168 4
46169 0
46170 2
46171 1
46172 3
46173 0
46174 2
46175 1
46176 3
46177 0
46178 2
46179 1
46180 4
46181 3
46182 2
46183 1
46184 0
46185 3
46186 2
46187 1
46188 0
46189 3
46190 2
46191 1
46192 4
46193 0
46194 2
46195 1
46196 3
46197 0
46198 2
46199 1
46200 3
46201 0
46202 2
46203 1
46204 4
46205 3
46206 2
46207 1
46208 0
46209 3
46210 2
46211 1
46212 0
46213 3
46214 4
46215 2
46216 1
46217 0
46218 3
46219 2
46220 1
46221 0
46222 3
46223 2
46224 1
46225 0
46226 3
46227 2
46228 1
46229 0
46230 3
46231 2
46232 1
46233 0
46234 3
46235 2
46236 1
46237 0
46238 3
46239 2
46240 1
46241 0
46242 3
46243 2
46244 1
46245 0
46246 3
46247 2
46248 1
46249 0
46250 3
46251 2
46252 1
46253 0
46254 3
46255 2
46256 1
46257 0
46258 3
46259 2
46260 1
46261 0
46262 3
46263 4
46264 2
46265 1
46266 0
46267 3
46268 2
46269 1
46270 0
46271 3
46272 2
46273 1
46274 0
46275 3
46276 2
46277 1
46278 0
46279 3
46280 2
46281 1
46282 0
46283 3
46284 2
46285 1
46286 0
46287 3
46288 2
46289 1
46290 0
46291 3
46292 2
46293 1
46294 0
46295 3
46296 2
46297 1
46298 0
46299 3
46300 2
46301 1
46302 0
46303 3
46304 2
46305 1
46306 0
46307 3
46308 2
46309 1
46310 0
46311 3
46312 4
46313 2
46314 1
46315 0
46316 3
46317 2
46318 1
46319 0
46320 3
46321 2
46322 1
46323 0
46324 3
46325 2
46326 1
46327 0
46328 3
46329 2
46330 1
46331 0
46332 3
46333 2
46334 1
46335 0
46336 3
46337 2
46338 1
46339 0
46340 3
46341 2
46342 1
46343 0
46344 3
46345 2
46346 1
46347 0
46348 3
46349 2
46350 1
46351 0
46352 3
46353 2
46354 1
46355 0
46356 3
46357 2
46358 1
46359 0
46360 3
46361 2
46362 1
46363 4
46364 0
46365 2
46366 1
46367 3
46368 0
46369 2
46370 1
46371 3
46372 0
46373 2
46374 1
46375 4
46376 3
46377 2
46378 1
46379 0
46380 3
46381 2
46382 1
46383 0
46384 3
46385 4
46386 2
46387 1
46388 0
46389 3
46390 2
46391 1
46392 0
46393 3
46394 2
46395 1
46396 0
46397 3
46398 2
46399 1
46400 0
46401 3
46402 2
46403 1
46404 0
46405 3
46406 2
46407 1
46408 0
46409 3
46410 4
46411 2
46412 1
46413 0
46414 3
46415 2
46416 1
46417 0
46418 3
46419 2
46420 1
46421 0
46422 3
46423 2
46424 1
46425 0
46426 3
46427 2
46428 1
46429 0
46430 3
46431 2
46432 1
46433 0
46434 3
46435 2
46436 1
46437 0
46438 3
46439 2
46440 1
46441 0
46442 3
46443 2
46444 1
46445 0
46446 3
46447 2
46448 1
46449 0
46450 3
46451 2
46452 1
46453 0
46454 3
46455 2
46456 1
46457 0
46458 3
46459 2
46460 1
46461 4
46462 0
46463 2
46464 1
46465 3
46466 0
46467 2
46468 1
46469 3
46470 0
46471 2
46472 1
46473 4
46474 3
46475 2
46476 1
46477 0
46478 3
46479 2
46480 1
46481 0
46482 3
46483 4
46484 2
46485 1
46486 0
46487 3
46488 2
46489 1
46490 0
46491 3
46492 2
46493 1
46494 0
46495 3
46496 2
46497 1
46498 0
46499 3
46500 2
46501 1
46502 0
46503 3
46504 2
46505 1
46506 0
46507 3
46508 4
46509 2
46510 1
46511 0
46512 3
46513 2
46514 1
46515 0
46516 3
46517 2
46518 1
46519 0
46520 3
46521 2
46522 1
46523 0
46524 3
46525 2
46526 1
46527 0
46528 3
46529 2
46530 1
46531 0
46532 3
46533 2
46534 1
46535 0
46536 3
46537 2
46538 1
46539 0
46540 3
46541 2
46542 1
46543 0
46544 3
46545 2
46546 1
46547 0
46548 3
46549 2
46550 1
46551 0
46552 3
46553 2
46554 1
46555 0
46556 3
46557 2
46558 1
46559 4
46560 0
46561 2
46562 1
46563 3
46564 0
46565 2
46566 1
46567 3
46568 0
46569 2
46570 1
46571 4
46572 3
46573 2
46574 1
46575 0
46576 3
46577 2
46578 1
46579 0
46580 3
46581 2
46582 1
46583 4
46584 0
46585 2
46586 1
46587 3
46588 0
46589 2
46590 1
46591 3
46592 0
46593 2
46594 1
46595 4
46596 3
46597 2
46598 1
46599 0
46600 3
46601 2
46602 1
46603 0
46604 3
46605 4
46606 2
46607 1
46608 0
46609 3
46610 2
46611 1
46612 0
46613 3
46614 2
46615 1
46616 0
46617 3
46618 2
46619 1
46620 0
46621 3
46622 2
46623 1
46624 0
46625 3
46626 2
46627 1
46628 0
46629 3
46630 2
46631 1
46632 0
46633 3
46634 2
46635 1
46636 0
46637 3
46638 2
46639 1
46640 0
46641 3
46642 2
46643 1
46644 0
46645 3
46646 2
46647 1
46648 0
46649 3
46650 2
46651 1
46652 0
46653 3
46654 4
46655 2
46656 1
46657 0
46658 3
46659 2
46660 1
46661 0
46662 3
46663 2
46664 1
46665 0
46666 3
46667 2
46668 1
46669 0
46670 3
46671 2
46672 1
46673 0
46674 3
46675 2
46676 1
46677 0
46678 3
46679 2
46680 1
46681 0
46682 3
46683 2
46684 1
46685 0
46686 3
46687 2
46688 1
46689 0
46690 3
46691 2
46692 1
46693 0
46694 3
46695 2
46696 1
46697 0
46698 3
46699 2
46700 1
46701 0
46702 3
46703 4
46704 2
46705 1
46706 0
46707 3
46708 2
46709 1
46710 0
46711 3
46712 2
46713 1
46714 0
46715 3
46716 2
46717 1
46718 0
46719 3
46720 2
46721 1
46722 0
46723 3
46724 2
46725 1
46726 0
46727 3
46728 2
46729 1
46730 0
46731 3
46732 2
46733 1
46734 0
46735 3
46736 2
46737 1
46738 0
46739 3
46740 2
46741 1
46742 0
46743 3
46744 2
46745 1
46746 0
46747 3
46748 2
46749 1
46750 0
46751 3
46752 2
46753 1
46754 4
46755 0
46756 2
46757 1
46758 3
46759 0
46760 2
46761 1
46762 3
46763 0
46764 2
46765 1
46766 4
46767 3
46768 2
46769 1
46770 0
46771 3
46772 2
46773 1
46774 0
46775 3
46776 2
46777 1
46778 4
46779 0
46780 2
46781 1
46782 3
46783 0
46784 2
46785 1
46786 3
46787 0
46788 2
46789 1
46790 4
46791 3
46792 2
46793 1
46794 0
46795 3
46796 2
46797 1
46798 0
46799 3
46800 4
46801 2
46802 1
46803 0
46804 3
46805 2
46806 1
46807 0
46808 3
46809 2
46810 1
46811 0
46812 3
46813 2
46814 1
46815 0
46816 3
46817 2
46818 1
46819 0
46820 3
46821 2
46822 1
46823 0
46824 3
46825 2
46826 1
46827 0
46828 3
46829 2
46830 1
46831 0
46832 3
46833 2
46834 1
46835 0
46836 3
46837 2
46838 1
46839 0
46840 3
46841 2
46842 1
46843 0
46844 3
46845 2
46846 1
46847 0
46848 3
46849 4
46850 2
46851 1
46852 0
46853 3
46854 2
46855 1
46856 0
46857 3
46858 2
46859 1
46860 0
46861 3
46862 2
46863 1
46864 0
46865 3
46866 2
46867 1
46868 0
46869 3
46870 2
46871 1
46872 0
46873 3
46874 2
46875 1
46876 0
46877 3
46878 2
46879 1
46880 0
46881 3
46882 2
46883 1
46884 0
46885 3
46886 2
46887 1
46888 0
46889 3
46890 2
46891 1
46892 0
46893 3
46894 2
46895 1
46896 0
46897 3
46898 4
46899 2
46900 1
46901 0
46902 3
46903 2
46904 1
46905 0
46906 3
46907 2
46908 1
46909 0
46910 3
46911 2
46912 1
46913 0
46914 3
46915 2
46916 1
46917 0
46918 3
46919 2
46920 1
46921 0
46922 3
46923 2
46924 1
46925 0
46926 3
46927 2
46928 1
46929 0
46930 3
46931 2
46932 1
46933 0
46934 3
46935 2
46936 1
46937 0
46938 3
46939 2
46940 1
46941 0
46942 3
46943 2
46944 1
46945 0
46946 3
46947 2
46948 1
46949 4
46950 0
46951 2
46952 1
46953 3
46954 0
46955 2
46956 1
46957 3
46958 0
46959 2
46960 1
46961 4
46962 3
46963 2
46964 1
46965 0
46966 3
46967 2
46968 1
46969 0
46970 3
46971 2
46972 1
46973 4
46974 0
46975 2
46976 1
46977 3
46978 0
46979 2
46980 1
46981 3
46982 0
46983 2
46984 1
46985 4
46986 3
46987 2
46988 1
46989 0
46990 3
46991 2
46992 1
46993 0
46994 3
46995 4
46996 2
46997 1
46998 0
46999 3
47000 2
47001 1
47002 0
47003 3
47004 2
47005 1
47006 0
47007 3
47008 2
47009 1
47010 0
47011 3
47012 2
47013 1
47014 0
47015 3
47016 2
47017 1
47018 0
47019 3
47020 2
47021 1
47022 0
47023 3
47024 2
47025 1
47026 0
47027 3
47028 2
47029 1
47030 0
47031 3
47032 2
47033 1
47034 0
47035 3
47036 2
47037 1
47038 0
47039 3
47040 2
47041 1
47042 0
47043 3
47044 4
47045 2
47046 1
47047 0
47048 3
47049 2
47050 1
47051 0
47052 3
47053 2
47054 1
47055 0
47056 3
47057 2
47058 1
47059 0
47060 3
47061 2
47062 1
47063 0
47064 3
47065 2
47066 1
47067 0
47068 3
47069 2
47070 1
47071 0
47072 3
47073 2
47074 1
47075 0
47076 3
47077 2
47078 1
47079 0
47080 3
47081 2
47082 1
47083 0
47084 3
47085 2
47086 1
47087 0
47088 3
47089 2
47090 1
47091 0
47092 3
47093 4
47094 2
47095 1
47096 0
47097 3
47098 2
47099 1
47100 0
47101 3
47102 2
47103 1
47104 0
47105 3
47106 2
47107 1
47108 0
47109 3
47110 2
47111 1
47112 0
47113 3
47114 2
47115 1
47116 0
47117 3
47118 2
47119 1
47120 0
47121 3
47122 2
47123 1
47124 0
47125 3
47126 2
47127 1
47128 0
47129 3
47130 2
47131 1
47132 0
47133 3
47134 2
47135 1
47136 0
47137 3
47138 2
47139 1
47140 0
47141 3
47142 2
47143 1
47144 4
47145 0
47146 2
47147 1
47148 3
47149 0
47150 2
47151 1
47152 3
47153 0
47154 2
47155 1
47156 4
47157 3
47158 2
47159 1
47160 0
47161 3
47162 2
47163 1
47164 0
47165 3
47166 4
47167 2
47168 1
47169 0
47170 3
47171 2
47172 1
47173 0
47174 3
47175 2
47176 1
47177 0
47178 3
47179 2
47180 1
47181 0
47182 3
47183 2
47184 1
47185 0
47186 3
47187 2
47188 1
47189 0
47190 3
47191 4
47192 2
47193 1
47194 0
47195 3
47196 2
47197 1
47198 0
47199 3
47200 2
47201 1
47202 0
47203 3
47204 2
47205 1
47206 0
47207 3
47208 2
47209 1
47210 0
47211 3
47212 2
47213 1
47214 0
47215 3
47216 2
47217 1
47218 0
47219 3
47220 2
47221 1
47222 0
47223 3
47224 2
47225 1
47226 0
47227 3
47228 2
47229 1
47230 0
47231 3
47232 2
47233 1
47234 0
47235 3
47236 2
47237 1
47238 0
47239 3
47240 2
47241 1
47242 4
47243 0
47244 2
47245 1
47246 3
47247 0
47248 2
47249 1
47250 3
47251 0
47252 2
47253 1
47254 4
47255 3
47256 2
47257 1
47258 0
47259 3
47260 2
47261 1
47262 0
47263 3
47264 4
47265 2
47266 1
47267 0
47268 3
47269 2
47270 1
47271 0
47272 3
47273 2
47274 1
47275 0
47276 3
47277 2
47278 1
47279 0
47280 3
47281 2
47282 1
47283 0
47284 3
47285 2
47286 1
47287 0
47288 3
47289 4
47290 2
47291 1
47292 0
47293 3
47294 2
47295 1
47296 0
47297 3
47298 2
47299 1
47300 0
47301 3
47302 2
47303 1
47304 0
47305 3
47306 2
47307 1
47308 0
47309 3
47310 2
47311 1
47312 0
47313 3
47314 2
47315 1
47316 0
47317 3
47318 2
47319 1
47320 0
47321 3
47322 2
47323 1
47324 0
47325 3
47326 2
47327 1
47328 0
47329 3
47330 2
47331 1
47332 0
47333 3
47334 2
47335 1
47336 0
47337 3
47338 2
47339 1
47340 4
47341 0
47342 2
47343 1
47344 3
47345 0
47346 2
47347 1
47348 3
47349 0
47350 2
47351 1
47352 4
47353 3
47354 2
47355 1
47356 0
47357 3
47358 2
47359 1
47360 0
47361 3
47362 2
47363 1
47364 4
47365 0
47366 2
47367 1
47368 3
47369 0
47370 2
47371 1
47372 3
47373 0
47374 2
47375 1
47376 4
47377 3
47378 2
47379 1
47380 0
47381 3
47382 2
47383 1
47384 0
47385 3
47386 4
47387 2
47388 1
47389 0
47390 3
47391 2
47392 1
47393 0
47394 3
47395 2
47396 1
47397 0
47398 3
47399 2
47400 1
47401 0
47402 3
47403 2
47404 1
47405 0
47406 3
47407 2
47408 1
47409 0
47410 3
47411 2
47412 1
47413 0
47414 3
47415 2
47416 1
47417 0
47418 3
47419 2
47420 1
47421 0
47422 3
47423 2
47424 1
47425 0
47426 3
47427 2
47428 1
47429 0
47430 3
47431 2
47432 1
47433 0
47434 3
47435 4
47436 2
47437 1
47438 0
47439 3
47440 2
47441 1
47442 0
47443 3
47444 2
47445 1
47446 0
47447 3
47448 2
47449 1
47450 0
47451 3
47452 2
47453 1
47454 0
47455 3
47456 2
47457 1
47458 0
47459 3
47460 2
47461 1
47462 0
47463 3
47464 2
47465 1
47466 0
47467 3
47468 2
47469 1
47470 0
47471 3
47472 2
47473 1
47474 0
47475 3
47476 2
47477 1
47478 0
47479 3
47480 2
47481 1
47482 0
47483 3
47484 4
47485 2
47486 1
47487 0
47488 3
47489 2
47490 1
47491 0
47492 3
47493 2
47494 1
47495 0
47496 3
47497 2
47498 1
47499 0
47500 3
47501 2
47502 1
47503 0
47504 3
47505 2
47506 1
47507 0
47508 3
47509 2
47510 1
47511 0
47512 3
47513 2
47514 1
47515 0
47516 3
47517 2
47518 1
47519 0
47520 3
47521 2
47522 1
47523 0
47524 3
47525 2
47526 1
47527 0
47528 3
47529 2
47530 1
47531 0
47532 3
47533 2
47534 1
47535 4
47536 0
47537 2
47538 1
47539 3
47540 0
47541 2
47542 1
47543 3
47544 0
47545 2
47546 1
47547 4
47548 3
47549 2
47550 1
47551 0
47552 3
47553 2
47554 1
47555 0
47556 3
47557 2
47558 1
47559 4
47560 0
47561 2
47562 1
47563 3
47564 0
47565 2
47566 1
47567 3
47568 0
47569 2
47570 1
47571 4
47572 3
47573 2
47574 1
47575 0
47576 3
47577 2
47578 1
47579 0
47580 3
47581 4
47582 2
47583 1
47584 0
47585 3
47586 2
47587 1
47588 0
47589 3
47590 2
47591 1
47592 0
47593 3
47594 2
47595 1
47596 0
47597 3
47598 2
47599 1
47600 0
47601 3
47602 2
47603 1
47604 0
47605 3
47606 2
47607 1
47608 0
47609 3
47610 2
47611 1
47612 0
47613 3
47614 2
47615 1
47616 0
47617 3
47618 2
47619 1
47620 0
47621 3
47622 2
47623 1
47624 0
47625 3
47626 2
47627 1
47628 0
47629 3
47630 4
47631 2
47632 1
47633 0
47634 3
47635 2
47636 1
47637 0
47638 3
47639 2
47640 1
47641 0
47642 3
47643 2
47644 1
47645 0
47646 3
47647 2
47648 1
47649 0
47650 3
47651 2
47652 1
47653 0
47654 3
47655 2
47656 1
47657 0
47658 3
47659 2
47660 1
47661 0
47662 3
47663 2
47664 1
47665 0
47666 3
47667 2
47668 1
47669 0
47670 3
47671 2
47672 1
47673 0
47674 3
47675 2
47676 1
47677 0
47678 3
47679 4
47680 2
47681 1
47682 0
47683 3
47684 2
47685 1
47686 0
47687 3
47688 2
47689 1
47690 0
47691 3
47692 2
47693 1
47694 0
47695 3
47696 2
47697 1
47698 0
47699 3
47700 2
47701 1
47702 0
47703 3
47704 2
47705 1
47706 0
47707 3
47708 2
47709 1
47710 0
47711 3
47712 2
47713 1
47714 0
47715 3
47716 2
47717 1
47718 0
47719 3
47720 2
47721 1
47722 0
47723 3
47724 2
47725 1
47726 0
47727 3
47728 2
47729 1
47730 4
47731 0
47732 2
47733 1
47734 3
47735 0
47736 2
47737 1
47738 3
47739 0
47740 2
47741 1
47742 4
47743 3
47744 2
47745 1
47746 0
47747 3
47748 2
47749 1
47750 0
47751 3
47752 2
47753 1
47754 4
47755 0
47756 2
47757 1
47758 3
47759 0
47760 2
47761 1
47762 3
47763 0
47764 2
47765 1
47766 4
47767 3
47768 2
47769 1
47770 0
47771 3
47772 2
47773 1
47774 0
47775 3
47776 4
47777 2
47778 1
47779 0
47780 3
47781 2
47782 1
47783 0
47784 3
47785 2
47786 1
47787 0
47788 3
47789 2
47790 1
47791 0
47792 3
47793 2
47794 1
47795 0
47796 3
47797 2
47798 1
47799 0
47800 3
47801 2
47802 1
47803 0
47804 3
47805 2
47806 1
47807 0
47808 3
47809 2
47810 1
47811 0
47812 3
47813 2
47814 1
47815 0
47816 3
47817 2
47818 1
47819 0
47820 3
47821 2
47822 1
47823 0
47824 3
47825 4
47826 2
47827 1
47828 0
47829 3
47830 2
47831 1
47832 0
47833 3
47834 2
47835 1
47836 0
47837 3
47838 2
47839 1
47840 0
47841 3
47842 2
47843 1
47844 0
47845 3
47846 2
47847 1
47848 0
47849 3
47850 2
47851 1
47852 0
47853 3
47854 2
47855 1
47856 0
47857 3
47858 2
47859 1
47860 0
47861 3
47862 2
47863 1
47864 0
47865 3
47866 2
47867 1
47868 0
47869 3
47870 2
47871 1
47872 0
47873 3
47874 4
47875 2
47876 1
47877 0
47878 3
47879 2
47880 1
47881 0
47882 3
47883 2
47884 1
47885 0
47886 3
47887 2
47888 1
47889 0
47890 3
47891 2
47892 1
47893 0
47894 3
47895 2
47896 1
47897 0
47898 3
47899 2
47900 1
47901 0
47902 3
47903 2
47904 1
47905 0
47906 3
47907 2
47908 1
47909 0
47910 3
47911 2
47912 1
47913 0
47914 3
47915 2
47916 1
47917 0
47918 3
47919 2
47920 1
47921 0
47922 3
47923 2
47924 1
47925 4
47926 0
47927 2
47928 1
47929 3
47930 0
47931 2
47932 1
47933 3
47934 0
47935 2
47936 1
47937 4
47938 3
47939 2
47940 1
47941 0
47942 3
47943 2
47944 1
47945 0
47946 3
47947 4
47948 2
47949 1
47950 0
47951 3
47952 2
47953 1
47954 0
47955 3
47956 2
47957 1
47958 0
47959 3
47960 2
47961 1
47962 0
47963 3
47964 2
47965 1
47966 0
47967 3
47968 2
47969 1
47970 0
47971 3
47972 4
47973 2
47974 1
47975 0
47976 3
47977 2
47978 1
47979 0
47980 3
47981 2
47982 1
47983 0
47984 3
47985 2
47986 1
47987 0
47988 3
47989 2
47990 1
47991 0
47992 3
47993 2
47994 1
47995 0
47996 3
47997 2
47998 1
47999 0
48000 3
48001 2
48002 1
48003 0
48004 3
48005 2
48006 1
48007 0
48008 3
48009 2
48010 1
48011 0
48012 3
48013 2
48014 1
48015 0
48016 3
48017 2
48018 1
48019 0
48020 3
48021 2
48022 1
48023 4
48024 0
48025 2
48026 1
48027 3
48028 0
48029 2
48030 1
48031 3
48032 0
48033 2
48034 1
48035 4
48036 3
48037 2
48038 1
48039 0
48040 3
48041 2
48042 1
48043 0
48044 3
48045 4
48046 2
48047 1
48048 0
48049 3
48050 2
48051 1
48052 0
48053 3
48054 2
48055 1
48056 0
48057 3
48058 2
48059 1
48060 0
48061 3
48062 2
48063 1
48064 0
48065 3
48066 2
48067 1
48068 0
48069 3
48070 4
48071 2
48072 1
48073 0
48074 3
48075 2
48076 1
48077 0
48078 3
48079 2
48080 1
48081 0
48082 3
48083 2
48084 1
48085 0
48086 3
48087 2
48088 1
48089 0
48090 3
48091 2
48092 1
48093 0
48094 3
48095 2
48096 1
48097 0
48098 3
48099 2
48100 1
48101 0
48102 3
48103 2
48104 1
48105 0
48106 3
48107 2
48108 1
48109 0
48110 3
48111 2
48112 1
48113 0
48114 3
48115 2
48116 1
48117 0
48118 3
48119 2
48120 1
48121 4
48122 0
48123 2
48124 1
48125 3
48126 0
48127 2
48128 1
48129 3
48130 0
48131 2
48132 1
48133 4
48134 3
48135 2
48136 1
48137 0
48138 3
48139 2
48140 1
48141 0
48142 3
48143 2
48144 1
48145 4
48146 0
48147 2
48148 1
48149 3
48150 0
48151 2
48152 1
48153 3
48154 0
48155 2
48156 1
48157 4
48158 3
48159 2
48160 1
48161 0
48162 3
48163 2
48164 1
48165 0
48166 3
48167 4
48168 2
48169 1
48170 0
48171 3
48172 2
48173 1
48174 0
48175 3
48176 2
48177 1
48178 0
48179 3
48180 2
48181 1
48182 0
48183 3
48184 2
48185 1
48186 0
48187 3
48188 2
48189 1
48190 0
48191 3
48192 2
48193 1
48194 0
48195 3
48196 2
48197 1
48198 0
48199 3
48200 2
48201 1
48202 0
48203 3
48204 2
48205 1
48206 0
48207 3
48208 2
48209 1
48210 0
48211 3
48212 2
48213 1
48214 0
48215 3
48216 4
48217 2
48218 1
48219 0
48220 3
48221 2
48222 1
48223 0
48224 3
48225 2
48226 1
48227 0
48228 3
48229 2
48230 1
48231 0
48232 3
48233 2
48234 1
48235 0
48236 3
48237 2
48238 1
48239 0
48240 3
48241 2
48242 1
48243 0
48244 3
48245 2
48246 1
48247 0
48248 3
48249 2
48250 1
48251 0
48252 3
48253 2
48254 1
48255 0
48256 3
48257 2
48258 1
48259 0
48260 3
48261 2
48262 1
48263 0
48264 3
48265 4
48266 2
48267 1
48268 0
48269 3
48270 2
48271 1
48272 0
48273 3
48274 2
48275 1
48276 0
48277 3
48278 2
48279 1
48280 0
48281 3
48282 2
48283 1
48284 0
48285 3
48286 2
48287 1
48288 0
48289 3
48290 2
48291 1
48292 0
48293 3
48294 2
48295 1
48296 0
48297 3
48298 2
48299 1
48300 0
48301 3
48302 2
48303 1
48304 0
48305 3
48306 2
48307 1
48308 0
48309 3
48310 2
48311 1
48312 0
48313 3
48314 2
48315 1
48316 4
48317 0
48318 2
48319 1
48320 3
48321 0
48322 2
48323 1
48324 3
48325 0
48326 2
48327 1
48328 4
48329 3
48330 2
48331 1
48332 0
48333 3
48334 2
48335 1
48336 0
48337 3
48338 4
48339 2
48340 1
48341 0
48342 3
48343 2
48344 1
48345 0
48346 3
48347 2
48348 1
48349 0
48350 3
48351 2
48352 1
48353 0
48354 3
48355 2
48356 1
48357 0
48358 3
48359 2
48360 1
48361 0
48362 3
48363 4
48364 2
48365 1
48366 0
48367 3
48368 2
48369 1
48370 0
48371 3
48372 2
48373 1
48374 0
48375 3
48376 2
48377 1
48378 0
48379 3
48380 2
48381 1
48382 0
48383 3
48384 2
48385 1
48386 0
48387 3
48388 2
48389 1
48390 0
48391 3
48392 2
48393 1
48394 0
48395 3
48396 2
48397 1
48398 0
48399 3
48400 2
48401 1
48402 0
48403 3
48404 2
48405 1
48406 0
48407 3
48408 2
48409 1
48410 0
48411 3
48412 2
48413 1
48414 4
48415 0
48416 2
48417 1
48418 3
48419 0
48420 2
48421 1
48422 3
48423 0
48424 2
48425 1
48426 4
48427 3
48428 2
48429 1
48430 0
48431 3
48432 2
48433 1
48434 0
48435 3
48436 4
48437 2
48438 1
48439 0
48440 3
48441 2
48442 1
48443 0
48444 3
48445 2
48446 1
48447 0
48448 3
48449 2
48450 1
48451 0
48452 3
48453 2
48454 1
48455 0
48456 3
48457 2
48458 1
48459 0
48460 3
48461 4
48462 2
48463 1
48464 0
48465 3
48466 2
48467 1
48468 0
48469 3
48470 2
48471 1
48472 0
48473 3
48474 2
48475 1
48476 0
48477 3
48478 2
48479 1
48480 0
48481 3
48482 2
48483 1
48484 0
48485 3
48486 2
48487 1
48488 0
48489 3
48490 2
48491 1
48492 0
48493 3
48494 2
48495 1
48496 0
48497 3
48498 2
48499 1
48500 0
48501 3
48502 2
48503 1
48504 0
48505 3
48506 2
48507 1
48508 0
48509 3
48510 2
48511 1
48512 4
48513 0
48514 2
48515 1
48516 3
48517 0
48518 2
48519 1
48520 3
48521 0
48522 2
48523 1
48524 4
48525 3
48526 2
48527 1
48528 0
48529 3
48530 2
48531 1
48532 0
48533 3
48534 2
48535 1
48536 4
48537 0
48538 2
48539 1
48540 3
48541 0
48542 2
48543 1
48544 3
48545 0
48546 2
48547 1
48548 4
48549 3
48550 2
48551 1
48552 0
48553 3
48554 2
48555 1
48556 0
48557 3
48558 4
48559 2
48560 1
48561 0
48562 3
48563 2
48564 1
48565 0
48566 3
48567 2
48568 1
48569 0
48570 3
48571 2
48572 1
48573 0
48574 3
48575 2
48576 1
48577 0
48578 3
48579 2
48580 1
48581 0
48582 3
48583 2
48584 1
48585 0
48586 3
48587 2
48588 1
48589 0
48590 3
48591 2
48592 1
48593 0
48594 3
48595 2
48596 1
48597 0
48598 3
48599 2
48600 1
48601 0
48602 3
48603 2
48604 1
48605 0
48606 3
48607 4
48608 2
48609 1
48610 0
48611 3
48612 2
48613 1
48614 0
48615 3
48616 2
48617 1
48618 0
48619 3
48620 2
48621 1
48622 0
48623 3
48624 2
48625 1
48626 0
48627 3
48628 2
48629 1
48630 0
48631 3
48632 2
48633 1
48634 0
48635 3
48636 2
48637 1
48638 0
48639 3
48640 2
48641 1
48642 0
48643 3
48644 2
48645 1
48646 0
48647 3
48648 2
48649 1
48650 0
48651 3
48652 2
48653 1
48654 0
48655 3
48656 4
48657 2
48658 1
48659 0
48660 3
48661 2
48662 1
48663 0
48664 3
48665 2
48666 1
48667 0
48668 3
48669 2
48670 1
48671 0
48672 3
48673 2
48674 1
48675 0
48676 3
48677 2
48678 1
48679 0
48680 3
48681 2
48682 1
48683 0
48684 3
48685 2
48686 1
48687 0
48688 3
48689 2
48690 1
48691 0
48692 3
48693 2
48694 1
48695 0
48696 3
48697 2
48698 1
48699 0
48700 3
48701 2
48702 1
48703 0
48704 3
48705 2
48706 1
48707 4
48708 0
48709 2
48710 1
48711 3
48712 0
48713 2
48714 1
48715 3
48716 0
48717 2
48718 1
48719 4
48720 3
48721 2
48722 1
48723 0
48724 3
48725 2
48726 1
48727 0
48728 3
48729 4
48730 2
48731 1
48732 0
48733 3
48734 2
48735 1
48736 0
48737 3
48738 2
48739 1
48740 0
48741 3
48742 2
48743 1
48744 0
48745 3
48746 2
48747 1
48748 0
48749 3
48750 2
48751 1
48752 0
48753 3
48754 4
48755 2
48756 1
48757 0
48758 3
48759 2
48760 1
48761 0
48762 3
48763 2
48764 1
48765 0
48766 3
48767 2
48768 1
48769 0
48770 3
48771 2
48772 1
48773 0
48774 3
48775 2
48776 1
48777 0
48778 3
48779 2
48780 1
48781 0
48782 3
48783 2
48784 1
48785 0
48786 3
48787 2
48788 1
48789 0
48790 3
48791 2
48792 1
48793 0
48794 3
48795 2
48796 1
48797 0
48798 3
48799 2
48800 1
48801 0
48802 3
48803 2
48804 1
48805 4
48806 0
48807 2
48808 1
48809 3
48810 0
48811 2
48812 1
48813 3
48814 0
48815 2
48816 1
48817 4
48818 3
48819 2
48820 1
48821 0
48822 3
48823 2
48824 1
48825 0
48826 3
48827 4
48828 2
48829 1
48830 0
48831 3
48832 2
48833 1
48834 0
48835 3
48836 2
48837 1
48838 0
48839 3
48840 2
48841 1
48842 0
48843 3
48844 2
48845 1
48846 0
48847 3
48848 2
48849 1
48850 0
48851 3
48852 4
48853 2
48854 1
48855 0
48856 3
48857 2
48858 1
48859 0
48860 3
48861 2
48862 1
48863 0
48864 3
48865 2
48866 1
48867 0
48868 3
48869 2
48870 1
48871 0
48872 3
48873 2
48874 1
48875 0
48876 3
48877 2
48878 1
48879 0
48880 3
48881 2
48882 1
48883 0
48884 3
48885 2
48886 1
48887 0
48888 3
48889 2
48890 1
48891 0
48892 3
48893 2
48894 1
48895 0
48896 3
48897 2
48898 1
48899 0
48900 3
48901 2
48902 1
48903 4
48904 0
48905 2
48906 1
48907 3
48908 0
48909 2
48910 1
48911 3
48912 0
48913 2
48914 1
48915 4
48916 3
48917 2
48918 1
48919 0
48920 3
48921 2
48922 1
48923 0
48924 3
48925 2
48926 1
48927 4
48928 0
48929 2
48930 1
48931 3
48932 0
48933 2
48934 1
48935 3
48936 0
48937 2
48938 1
48939 4
48940 3
48941 2
48942 1
48943 0
48944 3
48945 2
48946 1
48947 0
48948 3
48949 4
48950 2
48951 1
48952 0
48953 3
48954 2
48955 1
48956 0
48957 3
48958 2
48959 1
48960 0
48961 3
48962 2
48963 1
48964 0
48965 3
48966 2
48967 1
48968 0
48969 3
48970 2
48971 1
48972 0
48973 3
48974 2
48975 1
48976 0
48977 3
48978 2
48979 1
48980 0
48981 3
48982 2
48983 1
48984 0
48985 3
48986 2
48987 1
48988 0
48989 3
48990 2
48991 1
48992 0
48993 3
48994 2
48995 1
48996 0
48997 3
48998 4
48999 2
49000 1
49001 0
49002 3
49003 2
49004 1
49005 0
49006 3
49007 2
49008 1
49009 0
49010 3
49011 2
49012 1
49013 0
49014 3
49015 2
49016 1
49017 0
49018 3
49019 2
49020 1
49021 0
49022 3
49023 2
49024 1
49025 0
49026 3
49027 2
49028 1
49029 0
49030 3
49031 2
49032 1
49033 0
49034 3
49035 2
49036 1
49037 0
49038 3
49039 2
49040 1
49041 0
49042 3
49043 2
49044 1
49045 0
49046 3
49047 4
49048 2
49049 1
49050 0
49051 3
49052 2
49053 1
49054 0
49055 3
49056 2
49057 1
49058 0
49059 3
49060 2
49061 1
49062 0
49063 3
49064 2
49065 1
49066 0
49067 3
49068 2
49069 1
49070 0
49071 3
49072 2
49073 1
49074 0
49075 3
49076 2
49077 1
49078 0
49079 3
49080 2
49081 1
49082 0
49083 3
49084 2
49085 1
49086 0
49087 3
49088 2
49089 1
49090 0
49091 3
49092 2
49093 1
49094 0
49095 3
49096 2
49097 1
49098 4
49099 0
49100 2
49101 1
49102 3
49103 0
49104 2
49105 1
49106 3
49107 0
49108 2
49109 1
49110 4
49111 3
49112 2
49113 1
49114 0
49115 3
49116 2
49117 1
49118 0
49119 3
49120 2
49121 1
49122 4
49123 0
49124 2
49125 1
49126 3
49127 0
49128 2
49129 1
49130 3
49131 0
49132 2
49133 1
49134 4
49135 3
49136 2
49137 1
49138 0
49139 3
49140 2
49141 1
49142 0
49143 3
49144 4
49145 2
49146 1
49147 0
49148 3
49149 2
49150 1
49151 0
49152 3
49153 2
49154 1
49155 0
49156 3
49157 2
49158 1
49159 0
49160 3
49161 2
49162 1
49163 0
49164 3
49165 2
49166 1
49167 0
49168 3
49169 2
49170 1
49171 0
49172 3
49173 2
49174 1
49175 0
49176 3
49177 2
49178 1
49179 0
49180 3
49181 2
49182 1
49183 0
49184 3
49185 2
49186 1
49187 0
49188 3
49189 2
49190 1
49191 0
49192 3
49193 4
49194 2
49195 1
49196 0
49197 3
49198 2
49199 1
49200 0
49201 3
49202 2
49203 1
49204 0
49205 3
49206 2
49207 1
49208 0
49209 3
49210 2
49211 1
49212 0
49213 3
49214 2
49215 1
49216 0
49217 3
49218 2
49219 1
49220 0
49221 3
49222 2
49223 1
49224 0
49225 3
49226 2
49227 1
49228 0
49229 3
49230 2
49231 1
49232 0
49233 3
49234 2
49235 1
49236 0
49237 3
49238 2
49239 1
49240 0
49241 3
49242 4
49243 2
49244 1
49245 0
49246 3
49247 2
49248 1
49249 0
49250 3
49251 2
49252 1
49253 0
49254 3
49255 2
49256 1
49257 0
49258 3
49259 2
49260 1
49261 0
49262 3
49263 2
49264 1
49265 0
49266 3
49267 2
49268 1
49269 0
49270 3
49271 2
49272 1
49273 0
49274 3
49275 2
49276 1
49277 0
49278 3
49279 2
49280 1
49281 0
49282 3
49283 2
49284 1
49285 0
49286 3
49287 2
49288 1
49289 0
49290 3
49291 2
49292 1
49293 4
49294 0
49295 2
49296 1
49297 3
49298 0
49299 2
49300 1
49301 3
49302 0
49303 2
49304 1
49305 4
49306 3
49307 2
49308 1
49309 0
49310 3
49311 2
49312 1
49313 0
49314 3
49315 2
49316 1
49317 4
49318 0
49319 2
49320 1
49321 3
49322 0
49323 2
49324 1
49325 3
49326 0
49327 2
49328 1
49329 4
49330 3
49331 2
49332 1
49333 0
49334 3
49335 2
49336 1
49337 0
49338 3
49339 4
49340 2
49341 1
49342 0
49343 3
49344 2
49345 1
49346 0
49347 3
49348 2
49349 1
49350 0
49351 3
49352 2
49353 1
49354 0
49355 3
49356 2
49357 1
49358 0
49359 3
49360 2
49361 1
49362 0
49363 3
49364 2
49365 1
49366 0
49367 3
49368 2
49369 1
49370 0
49371 3
49372 2
49373 1
49374 0
49375 3
49376 2
49377 1
49378 0
49379 3
49380 2
49381 1
49382 0
49383 3
49384 2
49385 1
49386 0
49387 3
49388 4
49389 2
49390 1
49391 0
49392 3
49393 2
49394 1
49395 0
49396 3
49397 2
49398 1
49399 0
49400 3
49401 2
49402 1
49403 0
49404 3
49405 2
49406 1
49407 0
49408 3
49409 2
49410 1
49411 0
49412 3
49413 2
49414 1
49415 0
49416 3
49417 2
49418 1
49419 0
49420 3
49421 2
49422 1
49423 0
49424 3
49425 2
49426 1
49427 0
49428 3
49429 2
49430 1
49431 0
49432 3
49433 2
49434 1
49435 0
49436 3
49437 4
49438 2
49439 1
49440 0
49441 3
49442 2
49443 1
49444 0
49445 3
49446 2
49447 1
49448 0
49449 3
49450 2
49451 1
49452 0
49453 3
49454 2
49455 1
49456 0
49457 3
49458 2
49459 1
49460 0
49461 3
49462 2
49463 1
49464 0
49465 3
49466 2
49467 1
49468 0
49469 3
49470 2
49471 1
49472 0
49473 3
49474 2
49475 1
49476 0
49477 3
49478 2
49479 1
49480 0
49481 3
49482 2
49483 1
49484 0
49485 3
49486 2
49487 1
49488 4
49489 0
49490 2
49491 1
49492 3
49493 0
49494 2
49495 1
49496 3
49497 0
49498 2
49499 1
49500 4
49501 3
49502 2
49503 1
49504 0
49505 3
49506 2
49507 1
49508 0
49509 3
49510 4
49511 2
49512 1
49513 0
49514 3
49515 2
49516 1
49517 0
49518 3
49519 2
49520 1
49521 0
49522 3
49523 2
49524 1
49525 0
49526 3
49527 2
49528 1
49529 0
49530 3
49531 2
49532 1
49533 0
49534 3
49535 4
49536 2
49537 1
49538 0
49539 3
49540 2
49541 1
49542 0
49543 3
49544 2
49545 1
49546 0
49547 3
49548 2
49549 1
49550 0
49551 3
49552 2
49553 1
49554 0
49555 3
49556 2
49557 1
49558 0
49559 3
49560 2
49561 1
49562 0
49563 3
49564 2
49565 1
49566 0
49567 3
49568 2
49569 1
49570 0
49571 3
49572 2
49573 1
49574 0
49575 3
49576 2
49577 1
49578 0
49579 3
49580 2
49581 1
49582 0
49583 3
49584 2
49585 1
49586 4
49587 0
49588 2
49589 1
49590 3
49591 0
49592 2
49593 1
49594 3
49595 0
49596 2
49597 1
49598 4
49599 3
49600 2
49601 1
49602 0
49603 3
49604 2
49605 1
49606 0
49607 3
49608 4
49609 2
49610 1
49611 0
49612 3
49613 2
49614 1
49615 0
49616 3
49617 2
49618 1
49619 0
49620 3
49621 2
49622 1
49623 0
49624 3
49625 2
49626 1
49627 0
49628 3
49629 2
49630 1
49631 0
49632 3
49633 4
49634 2
49635 1
49636 0
49637 3
49638 2
49639 1
49640 0
49641 3
49642 2
49643 1
49644 0
49645 3
49646 2
49647 1
49648 0
49649 3
49650 2
49651 1
49652 0
49653 3
49654 2
49655 1
49656 0
49657 3
49658 2
49659 1
49660 0
49661 3
49662 2
49663 1
49664 0
49665 3
49666 2
49667 1
49668 0
49669 3
49670 2
49671 1
49672 0
49673 3
49674 2
49675 1
49676 0
49677 3
49678 2
49679 1
49680 0
49681 3
49682 2
49683 1
49684 4
49685 0
49686 2
49687 1
49688 3
49689 0
49690 2
49691 1
49692 3
49693 0
49694 2
49695 1
49696 4
49697 3
49698 2
49699 1
49700 0
49701 3
49702 2
49703 1
49704 0
49705 3
49706 2
49707 1
49708 4
49709 0
49710 2
49711 1
49712 3
49713 0
49714 2
49715 1
49716 3
49717 0
49718 2
49719 1
49720 4
49721 3
49722 2
49723 1
49724 0
49725 3
49726 2
49727 1
49728 0
49729 3
49730 4
49731 2
49732 1
49733 0
49734 3
49735 2
49736 1
49737 0
49738 3
49739 2
49740 1
49741 0
49742 3
49743 2
49744 1
49745 0
49746 3
49747 2
49748 1
49749 0
49750 3
49751 2
49752 1
49753 0
49754 3
49755 2
49756 1
49757 0
49758 3
49759 2
49760 1
49761 0
49762 3
49763 2
49764 1
49765 0
49766 3
49767 2
49768 1
49769 0
49770 3
49771 2
49772 1
49773 0
49774 3
49775 2
49776 1
49777 0
49778 3
49779 4
49780 2
49781 1
49782 0
49783 3
49784 2
49785 1
49786 0
49787 3
49788 2
49789 1
49790 0
49791 3
49792 2
49793 1
49794 0
49795 3
49796 2
49797 1
49798 0
49799 3
49800 2
49801 1
49802 0
49803 3
49804 2
49805 1
49806 0
49807 3
49808 2
49809 1
49810 0
49811 3
49812 2
49813 1
49814 0
49815 3
49816 2
49817 1
49818 0
49819 3
49820 2
49821 1
49822 0
49823 3
49824 2
49825 1
49826 0
49827 3
49828 4
49829 2
49830 1
49831 0
49832 3
49833 2
49834 1
49835 0
49836 3
49837 2
49838 1
49839 0
49840 3
49841 2
49842 1
49843 0
49844 3
49845 2
49846 1
49847 0
49848 3
49849 2
49850 1
49851 0
49852 3
49853 2
49854 1
49855 0
49856 3
49857 2
49858 1
49859 0
49860 3
49861 2
49862 1
49863 0
49864 3
49865 2
49866 1
49867 0
49868 3
49869 2
49870 1
49871 0
49872 3
49873 2
49874 1
49875 0
49876 3
49877 2
49878 1
49879 4
49880 0
49881 2
49882 1
49883 3
49884 0
49885 2
49886 1
49887 3
49888 0
49889 2
49890 1
49891 4
49892 3
49893 2
49894 1
49895 0
49896 3
49897 2
49898 1
49899 0
49900 3
49901 2
49902 1
49903 4
49904 0
49905 2
49906 1
49907 3
49908 0
49909 2
49910 1
49911 3
49912 0
49913 2
49914 1
49915 4
49916 3
49917 2
49918 1
49919 0
49920 3
49921 2
49922 1
49923 0
49924 3
49925 4
49926 2
49927 1
49928 0
49929 3
49930 2
49931 1
49932 0
49933 3
49934 2
49935 1
49936 0
49937 3
49938 2
49939 1
49940 0
49941 3
49942 2
49943 1
49944 0
49945 3
49946 2
49947 1
49948 0
49949 3
49950 2
49951 1
49952 0
49953 3
49954 2
49955 1
49956 0
49957 3
49958 2
49959 1
49960 0
49961 3
49962 2
49963 1
49964 0
49965 3
49966 2
49967 1
49968 0
49969 3
49970 2
49971 1
49972 0
49973 3
49974 4
49975 2
49976 1
49977 0
49978 3
49979 2
49980 1
49981 0
49982 3
49983 2
49984 1
49985 0
49986 3
49987 2
49988 1
49989 0
49990 3
49991 2
49992 1
49993 0
49994 3
49995 2
49996 1
49997 0
49998 3
49999 2
50000 1
50001 0
50002 3
50003 2
50004 1
50005 0
50006 3
50007 2
50008 1
50009 0
50010 3
50011 2
50012 1
50013 0
50014 3
50015 2
50016 1
50017 0
50018 3
50019 2
50020 1
50021 0
50022 3
50023 4
50024 2
50025 1
50026 0
50027 3
50028 2
50029 1
50030 0
50031 3
50032 2
50033 1
50034 0
50035 3
50036 2
50037 1
50038 0
50039 3
50040 2
50041 1
50042 0
50043 3
50044 2
50045 1
50046 0
50047 3
50048 2
50049 1
50050 0
50051 3
50052 2
50053 1
50054 0
50055 3
50056 2
50057 1
50058 0
50059 3
50060 2
50061 1
50062 0
50063 3
50064 2
50065 1
50066 0
50067 3
50068 2
50069 1
50070 0
50071 3
50072 2
50073 1
50074 4
50075 0
50076 2
50077 1
50078 3
50079 0
50080 2
50081 1
50082 3
50083 0
50084 2
50085 1
50086 4
50087 3
50088 2
50089 1
50090 0
50091 3
50092 2
50093 1
50094 0
50095 3
50096 2
50097 1
50098 4
50099 0
50100 2
50101 1
50102 3
50103 0
50104 2
50105 1
50106 3
50107 0
50108 2
50109 1
50110 4
50111 3
50112 2
50113 1
50114 0
50115 3
50116 2
50117 1
50118 0
50119 3
50120 4
50121 2
50122 1
50123 0
50124 3
50125 2
50126 1
50127 0
50128 3
50129 2
50130 1
50131 0
50132 3
50133 2
50134 1
50135 0
50136 3
50137 2
50138 1
50139 0
50140 3
50141 2
50142 1
50143 0
50144 3
50145 2
50146 1
50147 0
50148 3
50149 2
50150 1
50151 0
50152 3
50153 2
50154 1
50155 0
50156 3
50157 2
50158 1
50159 0
50160 3
50161 2
50162 1
50163 0
50164 3
50165 2
50166 1
50167 0
50168 3
50169 4
50170 2
50171 1
50172 0
50173 3
50174 2
50175 1
50176 0
50177 3
50178 2
50179 1
50180 0
50181 3
50182 2
50183 1
50184 0
50185 3
50186 2
50187 1
50188 0
50189 3
50190 2
50191 1
50192 0
50193 3
50194 2
50195 1
50196 0
50197 3
50198 2
50199 1
50200 0
50201 3
50202 2
50203 1
50204 0
50205 3
50206 2
50207 1
50208 0
50209 3
50210 2
50211 1
50212 0
50213 3
50214 2
50215 1
50216 0
50217 3
50218 4
50219 2
50220 1
50221 0
50222 3
50223 2
50224 1
50225 0
50226 3
50227 2
50228 1
50229 0
50230 3
50231 2
50232 1
50233 0
50234 3
50235 2
50236 1
50237 0
50238 3
50239 2
50240 1
50241 0
50242 3
50243 2
50244 1
50245 0
50246 3
50247 2
50248 1
50249 0
50250 3
50251 2
50252 1
50253 0
50254 3
50255 2
50256 1
50257 0
50258 3
50259 2
50260 1
50261 0
50262 3
50263 2
50264 1
50265 0
50266 3
50267 2
50268 1
50269 4
50270 0
50271 2
50272 1
50273 3
50274 0
50275 2
50276 1
50277 3
50278 0
50279 2
50280 1
50281 4
50282 3
50283 2
50284 1
50285 0
50286 3
50287 2
50288 1
50289 0
50290 3
50291 4
50292 2
50293 1
50294 0
50295 3
50296 2
50297 1
50298 0
50299 3
50300 2
50301 1
50302 0
50303 3
50304 2
50305 1
50306 0
50307 3
50308 2
50309 1
50310 0
50311 3
50312 2
50313 1
50314 0
50315 3
50316 4
50317 2
50318 1
50319 0
50320 3
50321 2
50322 1
50323 0
50324 3
50325 2
50326 1
50327 0
50328 3
50329 2
50330 1
50331 0
50332 3
50333 2
50334 1
50335 0
50336 3
50337 2
50338 1
50339 0
50340 3
50341 2
50342 1
50343 0
50344 3
50345 2
50346 1
50347 0
50348 3
50349 2
50350 1
50351 0
50352 3
50353 2
50354 1
50355 0
50356 3
50357 2
50358 1
50359 0
50360 3
50361 2
50362 1
50363 0
50364 3
50365 2
50366 1
50367 4
50368 0
50369 2
50370 1
50371 3
50372 0
50373 2
50374 1
50375 3
50376 0
50377 2
50378 1
50379 4
50380 3
50381 2
50382 1
50383 0
50384 3
50385 2
50386 1
50387 0
50388 3
50389 4
50390 2
50391 1
50392 0
50393 3
50394 2
50395 1
50396 0
50397 3
50398 2
50399 1
50400 0
50401 3
50402 2
50403 1
50404 0
50405 3
50406 2
50407 1
50408 0
50409 3
50410 2
50411 1
50412 0
50413 3
50414 4
50415 2
50416 1
50417 0
50418 3
50419 2
50420 1
50421 0
50422 3
50423 2
50424 1
50425 0
50426 3
50427 2
50428 1
50429 0
50430 3
50431 2
50432 1
50433 0
50434 3
50435 2
50436 1
50437 0
50438 3
50439 2
50440 1
50441 0
50442 3
50443 2
50444 1
50445 0
50446 3
50447 2
50448 1
50449 0
50450 3
50451 2
50452 1
50453 0
50454 3
50455 2
50456 1
50457 0
50458 3
50459 2
50460 1
50461 0
50462 3
50463 2
50464 1
50465 4
50466 0
50467 2
50468 1
50469 3
50470 0
50471 2
50472 1
50473 3
50474 0
50475 2
50476 1
50477 4
50478 3
50479 2
50480 1
50481 0
50482 3
50483 2
50484 1
50485 0
50486 3
50487 2
50488 1
50489 4
50490 0
50491 2
50492 1
50493 3
50494 0
50495 2
50496 1
50497 3
50498 0
50499 2
50500 1
50501 4
50502 3
50503 2
50504 1
50505 0
50506 3
50507 2
50508 1
50509 0
50510 3
50511 4
50512 2
50513 1
50514 0
50515 3
50516 2
50517 1
50518 0
50519 3
50520 2
50521 1
50522 0
50523 3
50524 2
50525 1
50526 0
50527 3
50528 2
50529 1
50530 0
50531 3
50532 2
50533 1
50534 0
50535 3
50536 2
50537 1
50538 0
50539 3
50540 2
50541 1
50542 0
50543 3
50544 2
50545 1
50546 0
50547 3
50548 2
50549 1
50550 0
50551 3
50552 2
50553 1
50554 0
50555 3
50556 2
50557 1
50558 0
50559 3
50560 4
50561 2
50562 1
50563 0
50564 3
50565 2
50566 1
50567 0
50568 3
50569 2
50570 1
50571 0
50572 3
50573 2
50574 1
50575 0
50576 3
50577 2
50578 1
50579 0
50580 3
50581 2
50582 1
50583 0
50584 3
50585 2
50586 1
50587 0
50588 3
50589 2
50590 1
50591 0
50592 3
50593 2
50594 1
50595 0
50596 3
50597 2
50598 1
50599 0
50600 3
50601 2
50602 1
50603 0
50604 3
50605 2
50606 1
50607 0
50608 3
50609 4
50610 2
50611 1
50612 0
50613 3
50614 2
50615 1
50616 0
50617 3
50618 2
50619 1
50620 0
50621 3
50622 2
50623 1
50624 0
50625 3
50626 2
50627 1
50628 0
50629 3
50630 2
50631 1
50632 0
50633 3
50634 2
50635 1
50636 0
50637 3
50638 2
50639 1
50640 0
50641 3
50642 2
50643 1
50644 0
50645 3
50646 2
50647 1
50648 0
50649 3
50650 2
50651 1
50652 0
50653 3
50654 2
50655 1
50656 0
50657 3
50658 2
50659 1
50660 4
50661 0
50662 2
50663 1
50664 3
50665 0
50666 2
50667 1
50668 3
50669 0
50670 2
50671 1
50672 4
50673 3
50674 2
50675 1
50676 0
50677 3
50678 2
50679 1
50680 0
50681 3
50682 2
50683 1
50684 4
50685 0
50686 2
50687 1
50688 3
50689 0
50690 2
50691 1
50692 3
50693 0
50694 2
50695 1
50696 4
50697 3
50698 2
50699 1
50700 0
50701 3
50702 2
50703 1
50704 0
50705 3
50706 4
50707 2
50708 1
50709 0
50710 3
50711 2
50712 1
50713 0
50714 3
50715 2
50716 1
50717 0
50718 3
50719 2
50720 1
50721 0
50722 3
50723 2
50724 1
50725 0
50726 3
50727 2
50728 1
50729 0
50730 3
50731 2
50732 1
50733 0
50734 3
50735 2
50736 1
50737 0
50738 3
50739 2
50740 1
50741 0
50742 3
50743 2
50744 1
50745 0
50746 3
50747 2
50748 1
50749 0
50750 3
50751 2
50752 1
50753 0
50754 3
50755 4
50756 2
50757 1
50758 0
50759 3
50760 2
50761 1
50762 0
50763 3
50764 2
50765 1
50766 0
50767 3
50768 2
50769 1
50770 0
50771 3
50772 2
50773 1
50774 0
50775 3
50776 2
50777 1
50778 0
50779 3
50780 2
50781 1
50782 0
50783 3
50784 2
50785 1
50786 0
50787 3
50788 2
50789 1
50790 0
50791 3
50792 2
50793 1
50794 0
50795 3
50796 2
50797 1
50798 0
50799 3
50800 2
50801 1
50802 0
50803 3
50804 4
50805 2
50806 1
50807 0
50808 3
50809 2
50810 1
50811 0
50812 3
50813 2
50814 1
50815 0
50816 3
50817 2
50818 1
50819 0
50820 3
50821 2
50822 1
50823 0
50824 3
50825 2
50826 1
50827 0
50828 3
50829 2
50830 1
50831 0
50832 3
50833 2
50834 1
50835 0
50836 3
50837 2
50838 1
50839 0
50840 3
50841 2
50842 1
50843 0
50844 3
50845 2
50846 1
50847 0
50848 3
50849 2
50850 1
50851 0
50852 3
50853 2
50854 1
50855 4
50856 0
50857 2
50858 1
50859 3
50860 0
50861 2
50862 1
50863 3
50864 0
50865 2
50866 1
50867 4
50868 3
50869 2
50870 1
50871 0
50872 3
50873 2
50874 1
50875 0
50876 3
50877 2
50878 1
50879 4
50880 0
50881 2
50882 1
50883 3
50884 0
50885 2
50886 1
50887 3
50888 0
50889 2
50890 1
50891 4
50892 3
50893 2
50894 1
50895 0
50896 3
50897 2
50898 1
50899 0
50900 3
50901 4
50902 2
50903 1
50904 0
50905 3
50906 2
50907 1
50908 0
50909 3
50910 2
50911 1
50912 0
50913 3
50914 2
50915 1
50916 0
50917 3
50918 2
50919 1
50920 0
50921 3
50922 2
50923 1
50924 0
50925 3
50926 2
50927 1
50928 0
50929 3
50930 2
50931 1
50932 0
50933 3
50934 2
50935 1
50936 0
50937 3
50938 2
50939 1
50940 0
50941 3
50942 2
50943 1
50944 0
50945 3
50946 2
50947 1
50948 0
50949 3
50950 4
50951 2
50952 1
50953 0
50954 3
50955 2
50956 1
50957 0
50958 3
50959 2
50960 1
50961 0
50962 3
50963 2
50964 1
50965 0
50966 3
50967 2
50968 1
50969 0
50970 3
50971 2
50972 1
50973 0
50974 3
50975 2
50976 1
50977 0
50978 3
50979 2
50980 1
50981 0
50982 3
50983 2
50984 1
50985 0
50986 3
50987 2
50988 1
50989 0
50990 3
50991 2
50992 1
50993 0
50994 3
50995 2
50996 1
50997 0
50998 3
50999 4
51000 2
51001 1
51002 0
51003 3
51004 2
51005 1
51006 0
51007 3
51008 2
51009 1
51010 0
51011 3
51012 2
51013 1
51014 0
51015 3
51016 2
51017 1
51018 0
51019 3
51020 2
51021 1
51022 0
51023 3
51024 2
51025 1
51026 0
51027 3
51028 2
51029 1
51030 0
51031 3
51032 2
51033 1
51034 0
51035 3
51036 2
51037 1
51038 0
51039 3
51040 2
51041 1
51042 0
51043 3
51044 2
51045 1
51046 0
51047 3
51048 2
51049 1
51050 4
51051 0
51052 2
51053 1
51054 3
51055 0
51056 2
51057 1
51058 3
51059 0
51060 2
51061 1
51062 4
51063 3
51064 2
51065 1
51066 0
51067 3
51068 2
51069 1
51070 0
51071 3
51072 4
51073 2
51074 1
51075 0
51076 3
51077 2
51078 1
51079 0
51080 3
51081 2
51082 1
51083 0
51084 3
51085 2
51086 1
51087 0
51088 3
51089 2
51090 1
51091 0
51092 3
51093 2
51094 1
51095 0
51096 3
51097 4
51098 2
51099 1
51100 0
51101 3
51102 2
51103 1
51104 0
51105 3
51106 2
51107 1
51108 0
51109 3
51110 2
51111 1
51112 0
51113 3
51114 2
51115 1
51116 0
51117 3
51118 2
51119 1
51120 0
51121 3
51122 2
51123 1
51124 0
51125 3
51126 2
51127 1
51128 0
51129 3
51130 2
51131 1
51132 0
51133 3
51134 2
51135 1
51136 0
51137 3
51138 2
51139 1
51140 0
51141 3
51142 2
51143 1
51144 0
51145 3
51146 2
51147 1
51148 4
51149 0
51150 2
51151 1
51152 3
51153 0
51154 2
51155 1
51156 3
51157 0
51158 2
51159 1
51160 4
51161 3
51162 2
51163 1
51164 0
51165 3
51166 2
51167 1
51168 0
51169 3
51170 4
51171 2
51172 1
51173 0
51174 3
51175 2
51176 1
51177 0
51178 3
51179 2
51180 1
51181 0
51182 3
51183 2
51184 1
51185 0
51186 3
51187 2
51188 1
51189 0
51190 3
51191 2
51192 1
51193 0
51194 3
51195 4
51196 2
51197 1
51198 0
51199 3
51200 2
51201 1
51202 0
51203 3
51204 2
51205 1
51206 0
51207 3
51208 2
51209 1
51210 0
51211 3
51212 2
51213 1
51214 0
51215 3
51216 2
51217 1
51218 0
51219 3
51220 2
51221 1
51222 0
51223 3
51224 2
51225 1
51226 0
51227 3
51228 2
51229 1
51230 0
51231 3
51232 2
51233 1
51234 0
51235 3
51236 2
51237 1
51238 0
51239 3
51240 2
51241 1
51242 0
51243 3
51244 2
51245 1
51246 4
51247 0
51248 2
51249 1
51250 3
51251 0
51252 2
51253 1
51254 3
51255 0
51256 2
51257 1
51258 4
51259 3
51260 2
51261 1
51262 0
51263 3
51264 2
51265 1
51266 0
51267 3
51268 2
51269 1
51270 4
51271 0
51272 2
51273 1
51274 3
51275 0
51276 2
51277 1
51278 3
51279 0
51280 2
51281 1
51282 4
51283 3
51284 2
51285 1
51286 0
51287 3
51288 2
51289 1
51290 0
51291 3
51292 4
51293 2
51294 1
51295 0
51296 3
51297 2
51298 1
51299 0
51300 3
51301 2
51302 1
51303 0
51304 3
51305 2
51306 1
51307 0
51308 3
51309 2
51310 1
51311 0
51312 3
51313 2
51314 1
51315 0
51316 3
51317 2
51318 1
51319 0
51320 3
51321 2
51322 1
51323 0
51324 3
51325 2
51326 1
51327 0
51328 3
51329 2
51330 1
51331 0
51332 3
51333 2
51334 1
51335 0
51336 3
51337 2
51338 1
51339 0
51340 3
51341 4
51342 2
51343 1
51344 0
51345 3
51346 2
51347 1
51348 0
51349 3
51350 2
51351 1
51352 0
51353 3
51354 2
51355 1
51356 0
51357 3
51358 2
51359 1
51360 0
51361 3
51362 2
51363 1
51364 0
51365 3
51366 2
51367 1
51368 0
51369 3
51370 2
51371 1
51372 0
51373 3
51374 2
51375 1
51376 0
51377 3
51378 2
51379 1
51380 0
51381 3
51382 2
51383 1
51384 0
51385 3
51386 2
51387 1
51388 0
51389 3
51390 4
51391 2
51392 1
51393 0
51394 3
51395 2
51396 1
51397 0
51398 3
51399 2
51400 1
51401 0
51402 3
51403 2
51404 1
51405 0
51406 3
51407 2
51408 1
51409 0
51410 3
51411 2
51412 1
51413 0
51414 3
51415 2
51416 1
51417 0
51418 3
51419 2
51420 1
51421 0
51422 3
51423 2
51424 1
51425 0
51426 3
51427 2
51428 1
51429 0
51430 3
51431 2
51432 1
51433 0
51434 3
51435 2
51436 1
51437 0
51438 3
51439 2
51440 1
51441 4
51442 0
51443 2
51444 1
51445 3
51446 0
51447 2
51448 1
51449 3
51450 0
51451 2
51452 1
51453 4
51454 3
51455 2
51456 1
51457 0
51458 3
51459 2
51460 1
51461 0
51462 3
51463 4
51464 2
51465 1
51466 0
51467 3
51468 2
51469 1
51470 0
51471 3
51472 2
51473 1
51474 0
51475 3
51476 2
51477 1
51478 0
51479 3
51480 2
51481 1
51482 0
51483 3
51484 2
51485 1
51486 0
51487 3
51488 4
51489 2
51490 1
51491 0
51492 3
51493 2
51494 1
51495 0
51496 3
51497 2
51498 1
51499 0
51500 3
51501 2
51502 1
51503 0
51504 3
51505 2
51506 1
51507 0
51508 3
51509 2
51510 1
51511 0
51512 3
51513 2
51514 1
51515 0
51516 3
51517 2
51518 1
51519 0
51520 3
51521 2
51522 1
51523 0
51524 3
51525 2
51526 1
51527 0
51528 3
51529 2
51530 1
51531 0
51532 3
51533 2
51534 1
51535 0
51536 3
51537 2
51538 1
51539 4
51540 0
51541 2
51542 1
51543 3
51544 0
51545 2
51546 1
51547 3
51548 0
51549 2
51550 1
51551 4
51552 3
51553 2
51554 1
51555 0
51556 3
51557 2
51558 1
51559 0
51560 3
51561 4
51562 2
51563 1
51564 0
51565 3
51566 2
51567 1
51568 0
51569 3
51570 2
51571 1
51572 0
51573 3
51574 2
51575 1
51576 0
51577 3
51578 2
51579 1
51580 0
51581 3
51582 2
51583 1
51584 0
51585 3
51586 4
51587 2
51588 1
51589 0
51590 3
51591 2
51592 1
51593 0
51594 3
51595 2
51596 1
51597 0
51598 3
51599 2
51600 1
51601 0
51602 3
51603 2
51604 1
51605 0
51606 3
51607 2
51608 1
51609 0
51610 3
51611 2
51612 1
51613 0
51614 3
51615 2
51616 1
51617 0
51618 3
51619 2
51620 1
51621 0
51622 3
51623 2
51624 1
51625 0
51626 3
51627 2
51628 1
51629 0
51630 3
51631 2
51632 1
51633 0
51634 3
51635 2
51636 1
51637 4
51638 0
51639 2
51640 1
51641 3
51642 0
51643 2
51644 1
51645 3
51646 0
51647 2
51648 1
51649 4
51650 3
51651 2
51652 1
51653 0
51654 3
51655 2
51656 1
51657 0
51658 3
51659 2
51660 1
51661 4
51662 0
51663 2
51664 1
51665 3
51666 0
51667 2
51668 1
51669 3
51670 0
51671 2
51672 1
51673 4
51674 3
51675 2
51676 1
51677 0
51678 3
51679 2
51680 1
51681 0
51682 3
51683 4
51684 2
51685 1
51686 0
51687 3
51688 2
51689 1
51690 0
51691 3
51692 2
51693 1
51694 0
51695 3
51696 2
51697 1
51698 0
51699 3
51700 2
51701 1
51702 0
51703 3
51704 2
51705 1
51706 0
51707 3
51708 2
51709 1
51710 0
51711 3
51712 2
51713 1
51714 0
51715 3
51716 2
51717 1
51718 0
51719 3
51720 2
51721 1
51722 0
51723 3
51724 2
51725 1
51726 0
51727 3
51728 2
51729 1
51730 0
51731 3
51732 4
51733 2
51734 1
51735 0
51736 3
51737 2
51738 1
51739 0
51740 3
51741 2
51742 1
51743 0
51744 3
51745 2
51746 1
51747 0
51748 3
51749 2
51750 1
51751 0
51752 3
51753 2
51754 1
51755 0
51756 3
51757 2
51758 1
51759 0
51760 3
51761 2
51762 1
51763 0
51764 3
51765 2
51766 1
51767 0
51768 3
51769 2
51770 1
51771 0
51772 3
51773 2
51774 1
51775 0
51776 3
51777 2
51778 1
51779 0
51780 3
51781 4
51782 2
51783 1
51784 0
51785 3
51786 2
51787 1
51788 0
51789 3
51790 2
51791 1
51792 0
51793 3
51794 2
51795 1
51796 0
51797 3
51798 2
51799 1
51800 0
51801 3
51802 2
51803 1
51804 0
51805 3
51806 2
51807 1
51808 0
51809 3
51810 2
51811 1
51812 0
51813 3
51814 2
51815 1
51816 0
51817 3
51818 2
51819 1
51820 0
51821 3
51822 2
51823 1
51824 0
51825 3
51826 2
51827 1
51828 0
51829 3
51830 2
51831 1
51832 4
51833 0
51834 2
51835 1
51836 3
51837 0
51838 2
51839 1
51840 3
51841 0
51842 2
51843 1
51844 4
51845 3
51846 2
51847 1
51848 0
51849 3
51850 2
51851 1
51852 0
51853 3
51854 4
51855 2
51856 1
51857 0
51858 3
51859 2
51860 1
51861 0
51862 3
51863 2
51864 1
51865 0
51866 3
51867 2
51868 1
51869 0
51870 3
51871 2
51872 1
51873 0
51874 3
51875 2
51876 1
51877 0
51878 3
51879 4
51880 2
51881 1
51882 0
51883 3
51884 2
51885 1
51886 0
51887 3
51888 2
51889 1
51890 0
51891 3
51892 2
51893 1
51894 0
51895 3
51896 2
51897 1
51898 0
51899 3
51900 2
51901 1
51902 0
51903 3
51904 2
51905 1
51906 0
51907 3
51908 2
51909 1
51910 0
51911 3
51912 2
51913 1
51914 0
51915 3
51916 2
51917 1
51918 0
51919 3
51920 2
51921 1
51922 0
51923 3
51924 2
51925 1
51926 0
51927 3
51928 2
51929 1
51930 4
51931 0
51932 2
51933 1
51934 3
51935 0
51936 2
51937 1
51938 3
51939 0
51940 2
51941 1
51942 4
51943 3
51944 2
51945 1
51946 0
51947 3
51948 2
51949 1
51950 0
51951 3
51952 4
51953 2
51954 1
51955 0
51956 3
51957 2
51958 1
51959 0
51960 3
51961 2
51962 1
51963 0
51964 3
51965 2
51966 1
51967 0
51968 3
51969 2
51970 1
51971 0
51972 3
51973 2
51974 1
51975 0
51976 3
51977 4
51978 2
51979 1
51980 0
51981 3
51982 2
51983 1
51984 0
51985 3
51986 2
51987 1
51988 0
51989 3
51990 2
51991 1
51992 0
51993 3
51994 2
51995 1
51996 0
51997 3
51998 2
51999 1
52000 0
52001 3
52002 2
52003 1
52004 0
52005 3
52006 2
52007 1
52008 0
52009 3
52010 2
52011 1
52012 0
52013 3
52014 2
52015 1
52016 0
52017 3
52018 2
52019 1
52020 0
52021 3
52022 2
52023 1
52024 0
52025 3
52026 2
52027 1
52028 4
52029 0
52030 2
52031 1
52032 3
52033 0
52034 2
52035 1
52036 3
52037 0
52038 2
52039 1
52040 4
52041 3
52042 2
52043 1
52044 0
52045 3
52046 2
52047 1
52048 0
52049 3
52050 2
52051 1
52052 4
52053 0
52054 2
52055 1
52056 3
52057 0
52058 2
52059 1
52060 3
52061 0
52062 2
52063 1
52064 4
52065 3
52066 2
52067 1
52068 0
52069 3
52070 2
52071 1
52072 0
52073 3
52074 4
52075 2
52076 1
52077 0
52078 3
52079 2
52080 1
52081 0
52082 3
52083 2
52084 1
52085 0
52086 3
52087 2
52088 1
52089 0
52090 3
52091 2
52092 1
52093 0
52094 3
52095 2
52096 1
52097 0
52098 3
52099 2
52100 1
52101 0
52102 3
52103 2
52104 1
52105 0
52106 3
52107 2
52108 1
52109 0
52110 3
52111 2
52112 1
52113 0
52114 3
52115 2
52116 1
52117 0
52118 3
52119 2
52120 1
52121 0
52122 3
52123 4
52124 2
52125 1
52126 0
52127 3
52128 2
52129 1
52130 0
52131 3
52132 2
52133 1
52134 0
52135 3
52136 2
52137 1
52138 0
52139 3
52140 2
52141 1
52142 0
52143 3
52144 2
52145 1
52146 0
52147 3
52148 2
52149 1
52150 0
52151 3
52152 2
52153 1
52154 0
52155 3
52156 2
52157 1
52158 0
52159 3
52160 2
52161 1
52162 0
52163 3
52164 2
52165 1
52166 0
52167 3
52168 2
52169 1
52170 0
52171 3
52172 4
52173 2
52174 1
52175 0
52176 3
52177 2
52178 1
52179 0
52180 3
52181 2
52182 1
52183 0
52184 3
52185 2
52186 1
52187 0
52188 3
52189 2
52190 1
52191 0
52192 3
52193 2
52194 1
52195 0
52196 3
52197 2
52198 1
52199 0
52200 3
52201 2
52202 1
52203 0
52204 3
52205 2
52206 1
52207 0
52208 3
52209 2
52210 1
52211 0
52212 3
52213 2
52214 1
52215 0
52216 3
52217 2
52218 1
52219 0
52220 3
52221 2
52222 1
52223 4
52224 0
52225 2
52226 1
52227 3
52228 0
52229 2
52230 1
52231 3
52232 0
52233 2
52234 1
52235 4
52236 3
52237 2
52238 1
52239 0
52240 3
52241 2
52242 1
52243 0
52244 3
52245 2
52246 1
52247 4
52248 0
52249 2
52250 1
52251 3
52252 0
52253 2
52254 1
52255 3
52256 0
52257 2
52258 1
52259 4
52260 3
52261 2
52262 1
52263 0
52264 3
52265 2
52266 1
52267 0
52268 3
52269 4
52270 2
52271 1
52272 0
52273 3
52274 2
52275 1
52276 0
52277 3
52278 2
52279 1
52280 0
52281 3
52282 2
52283 1
52284 0
52285 3
52286 2
52287 1
52288 0
52289 3
52290 2
52291 1
52292 0
52293 3
52294 2
52295 1
52296 0
52297 3
52298 2
52299 1
52300 0
52301 3
52302 2
52303 1
52304 0
52305 3
52306 2
52307 1
52308 0
52309 3
52310 2
52311 1
52312 0
52313 3
52314 2
52315 1
52316 0
52317 3
52318 4
52319 2
52320 1
52321 0
52322 3
52323 2
52324 1
52325 0
52326 3
52327 2
52328 1
52329 0
52330 3
52331 2
52332 1
52333 0
52334 3
52335 2
52336 1
52337 0
52338 3
52339 2
52340 1
52341 0
52342 3
52343 2
52344 1
52345 0
52346 3
52347 2
52348 1
52349 0
52350 3
52351 2
52352 1
52353 0
52354 3
52355 2
52356 1
52357 0
52358 3
52359 2
52360 1
52361 0
52362 3
52363 2
52364 1
52365 0
52366 3
52367 4
52368 2
52369 1
52370 0
52371 3
52372 2
52373 1
52374 0
52375 3
52376 2
52377 1
52378 0
52379 3
52380 2
52381 1
52382 0
52383 3
52384 2
52385 1
52386 0
52387 3
52388 2
52389 1
52390 0
52391 3
52392 2
52393 1
52394 0
52395 3
52396 2
52397 1
52398 0
52399 3
52400 2
52401 1
52402 0
52403 3
52404 2
52405 1
52406 0
52407 3
52408 2
52409 1
52410 0
52411 3
52412 2
52413 1
52414 0
52415 3
52416 2
52417 1
52418 4
52419 0
52420 2
52421 1
52422 3
52423 0
52424 2
52425 1
52426 3
52427 0
52428 2
52429 1
52430 4
52431 3
52432 2
52433 1
52434 0
52435 3
52436 2
52437 1
52438 0
52439 3
52440 2
52441 1
52442 4
52443 0
52444 2
52445 1
52446 3
52447 0
52448 2
52449 1
52450 3
52451 0
52452 2
52453 1
52454 4
52455 3
52456 2
52457 1
52458 0
52459 3
52460 2
52461 1
52462 0
52463 3
52464 4
52465 2
52466 1
52467 0
52468 3
52469 2
52470 1
52471 0
52472 3
52473 2
52474 1
52475 0
52476 3
52477 2
52478 1
52479 0
52480 3
52481 2
52482 1
52483 0
52484 3
52485 2
52486 1
52487 0
52488 3
52489 2
52490 1
52491 0
52492 3
52493 2
52494 1
52495 0
52496 3
52497 2
52498 1
52499 0
52500 3
52501 2
52502 1
52503 0
52504 3
52505 2
52506 1
52507 0
52508 3
52509 2
52510 1
52511 0
52512 3
52513 4
52514 2
52515 1
52516 0
52517 3
52518 2
52519 1
52520 0
52521 3
52522 2
52523 1
52524 0
52525 3
52526 2
52527 1
52528 0
52529 3
52530 2
52531 1
52532 0
52533 3
52534 2
52535 1
52536 0
52537 3
52538 2
52539 1
52540 0
52541 3
52542 2
52543 1
52544 0
52545 3
52546 2
52547 1
52548 0
52549 3
52550 2
52551 1
52552 0
52553 3
52554 2
52555 1
52556 0
52557 3
52558 2
52559 1
52560 0
52561 3
52562 4
52563 2
52564 1
52565 0
52566 3
52567 2
52568 1
52569 0
52570 3
52571 2
52572 1
52573 0
52574 3
52575 2
52576 1
52577 0
52578 3
52579 2
52580 1
52581 0
52582 3
52583 2
52584 1
52585 0
52586 3
52587 2
52588 1
52589 0
52590 3
52591 2
52592 1
52593 0
52594 3
52595 2
52596 1
52597 0
52598 3
52599 2
52600 1
52601 0
52602 3
52603 2
52604 1
52605 0
52606 3
52607 2
52608 1
52609 0
52610 3
52611 2
52612 1
52613 4
52614 0
52615 2
52616 1
52617 3
52618 0
52619 2
52620 1
52621 3
52622 0
52623 2
52624 1
52625 4
52626 3
52627 2
52628 1
52629 0
52630 3
52631 2
52632 1
52633 0
52634 3
52635 4
52636 2
52637 1
52638 0
52639 3
52640 2
52641 1
52642 0
52643 3
52644 2
52645 1
52646 0
52647 3
52648 2
52649 1
52650 0
52651 3
52652 2
52653 1
52654 0
52655 3
52656 2
52657 1
52658 0
52659 3
52660 4
52661 2
52662 1
52663 0
52664 3
52665 2
52666 1
52667 0
52668 3
52669 2
52670 1
52671 0
52672 3
52673 2
52674 1
52675 0
52676 3
52677 2
52678 1
52679 0
52680 3
52681 2
52682 1
52683 0
52684 3
52685 2
52686 1
52687 0
52688 3
52689 2
52690 1
52691 0
52692 3
52693 2
52694 1
52695 0
52696 3
52697 2
52698 1
52699 0
52700 3
52701 2
52702 1
52703 0
52704 3
52705 2
52706 1
52707 0
52708 3
52709 2
52710 1
52711 4
52712 0
52713 2
52714 1
52715 3
52716 0
52717 2
52718 1
52719 3
52720 0
52721 2
52722 1
52723 4
52724 3
52725 2
52726 1
52727 0
52728 3
52729 2
52730 1
52731 0
52732 3
52733 4
52734 2
52735 1
52736 0
52737 3
52738 2
52739 1
52740 0
52741 3
52742 2
52743 1
52744 0
52745 3
52746 2
52747 1
52748 0
52749 3
52750 2
52751 1
52752 0
52753 3
52754 2
52755 1
52756 0
52757 3
52758 4
52759 2
52760 1
52761 0
52762 3
52763 2
52764 1
52765 0
52766 3
52767 2
52768 1
52769 0
52770 3
52771 2
52772 1
52773 0
52774 3
52775 2
52776 1
52777 0
52778 3
52779 2
52780 1
52781 0
52782 3
52783 2
52784 1
52785 0
52786 3
52787 2
52788 1
52789 0
52790 3
52791 2
52792 1
52793 0
52794 3
52795 2
52796 1
52797 0
52798 3
52799 2
52800 1
52801 0
52802 3
52803 2
52804 1
52805 0
52806 3
52807 2
52808 1
52809 4
52810 0
52811 2
52812 1
52813 3
52814 0
52815 2
52816 1
52817 3
52818 0
52819 2
52820 1
52821 4
52822 3
52823 2
52824 1
52825 0
52826 3
52827 2
52828 1
52829 0
52830 3
52831 2
52832 1
52833 4
52834 0
52835 2
52836 1
52837 3
52838 0
52839 2
52840 1
52841 3
52842 0
52843 2
52844 1
52845 4
52846 3
52847 2
52848 1
52849 0
52850 3
52851 2
52852 1
52853 0
52854 3
52855 4
52856 2
52857 1
52858 0
52859 3
52860 2
52861 1
52862 0
52863 3
52864 2
52865 1
52866 0
52867 3
52868 2
52869 1
52870 0
52871 3
52872 2
52873 1
52874 0
52875 3
52876 2
52877 1
52878 0
52879 3
52880 2
52881 1
52882 0
52883 3
52884 2
52885 1
52886 0
52887 3
52888 2
52889 1
52890 0
52891 3
52892 2
52893 1
52894 0
52895 3
52896 2
52897 1
52898 0
52899 3
52900 2
52901 1
52902 0
52903 3
52904 4
52905 2
52906 1
52907 0
52908 3
52909 2
52910 1
52911 0
52912 3
52913 2
52914 1
52915 0
52916 3
52917 2
52918 1
52919 0
52920 3
52921 2
52922 1
52923 0
52924 3
52925 2
52926 1
52927 0
52928 3
52929 2
52930 1
52931 0
52932 3
52933 2
52934 1
52935 0
52936 3
52937 2
52938 1
52939 0
52940 3
52941 2
52942 1
52943 0
52944 3
52945 2
52946 1
52947 0
52948 3
52949 2
52950 1
52951 0
52952 3
52953 4
52954 2
52955 1
52956 0
52957 3
52958 2
52959 1
52960 0
52961 3
52962 2
52963 1
52964 0
52965 3
52966 2
52967 1
52968 0
52969 3
52970 2
52971 1
52972 0
52973 3
52974 2
52975 1
52976 0
52977 3
52978 2
52979 1
52980 0
52981 3
52982 2
52983 1
52984 0
52985 3
52986 2
52987 1
52988 0
52989 3
52990 2
52991 1
52992 0
52993 3
52994 2
52995 1
52996 0
52997 3
52998 2
52999 1
53000 0
53001 3
53002 2
53003 1
53004 4
53005 0
53006 2
53007 1
53008 3
53009 0
53010 2
53011 1
53012 3
53013 0
53014 2
53015 1
53016 4
53017 3
53018 2
53019 1
53020 0
53021 3
53022 2
53023 1
53024 0
53025 3
53026 2
53027 1
53028 4
53029 0
53030 2
53031 1
53032 3
53033 0
53034 2
53035 1
53036 3
53037 0
53038 2
53039 1
53040 4
53041 3
53042 2
53043 1
53044 0
53045 3
53046 2
53047 1
53048 0
53049 3
53050 4
53051 2
53052 1
53053 0
53054 3
53055 2
53056 1
53057 0
53058 3
53059 2
53060 1
53061 0
53062 3
53063 2
53064 1
53065 0
53066 3
53067 2
53068 1
53069 0
53070 3
53071 2
53072 1
53073 0
53074 3
53075 2
53076 1
53077 0
53078 3
53079 2
53080 1
53081 0
53082 3
53083 2
53084 1
53085 0
53086 3
53087 2
53088 1
53089 0
53090 3
53091 2
53092 1
53093 0
53094 3
53095 2
53096 1
53097 0
53098 3
53099 4
53100 2
53101 1
53102 0
53103 3
53104 2
53105 1
53106 0
53107 3
53108 2
53109 1
53110 0
53111 3
53112 2
53113 1
53114 0
53115 3
53116 2
53117 1
53118 0
53119 3
53120 2
53121 1
53122 0
53123 3
53124 2
53125 1
53126 0
53127 3
53128 2
53129 1
53130 0
53131 3
53132 2
53133 1
53134 0
53135 3
53136 2
53137 1
53138 0
53139 3
53140 2
53141 1
53142 0
53143 3
53144 2
53145 1
53146 0
53147 3
53148 4
53149 2
53150 1
53151 0
53152 3
53153 2
53154 1
53155 0
53156 3
53157 2
53158 1
53159 0
53160 3
53161 2
53162 1
53163 0
53164 3
53165 2
53166 1
53167 0
53168 3
53169 2
53170 1
53171 0
53172 3
53173 2
53174 1
53175 0
53176 3
53177 2
53178 1
53179 0
53180 3
53181 2
53182 1
53183 0
53184 3
53185 2
53186 1
53187 0
53188 3
53189 2
53190 1
53191 0
53192 3
53193 2
53194 1
53195 0
53196 3
53197 2
53198 1
53199 4
53200 0
53201 2
53202 1
53203 3
53204 0
53205 2
53206 1
53207 3
53208 0
53209 2
53210 1
53211 4
53212 3
53213 2
53214 1
53215 0
53216 3
53217 2
53218 1
53219 0
53220 3
53221 2
53222 1
53223 4
53224 0
53225 2
53226 1
53227 3
53228 0
53229 2
53230 1
53231 3
53232 0
53233 2
53234 1
53235 4
53236 3
53237 2
53238 1
53239 0
53240 3
53241 2
53242 1
53243 0
53244 3
53245 4
53246 2
53247 1
53248 0
53249 3
53250 2
53251 1
53252 0
53253 3
53254 2
53255 1
53256 0
53257 3
53258 2
53259 1
53260 0
53261 3
53262 2
53263 1
53264 0
53265 3
53266 2
53267 1
53268 0
53269 3
53270 2
53271 1
53272 0
53273 3
53274 2
53275 1
53276 0
53277 3
53278 2
53279 1
53280 0
53281 3
53282 2
53283 1
53284 0
53285 3
53286 2
53287 1
53288 0
53289 3
53290 2
53291 1
53292 0
53293 3
53294 4
53295 2
53296 1
53297 0
53298 3
53299 2
53300 1
53301 0
53302 3
53303 2
53304 1
53305 0
53306 3
53307 2
53308 1
53309 0
53310 3
53311 2
53312 1
53313 0
53314 3
53315 2
53316 1
53317 0
53318 3
53319 2
53320 1
53321 0
53322 3
53323 2
53324 1
53325 0
53326 3
53327 2
53328 1
53329 0
53330 3
53331 2
53332 1
53333 0
53334 3
53335 2
53336 1
53337 0
53338 3
53339 2
53340 1
53341 0
53342 3
53343 4
53344 2
53345 1
53346 0
53347 3
53348 2
53349 1
53350 0
53351 3
53352 2
53353 1
53354 0
53355 3
53356 2
53357 1
53358 0
53359 3
53360 2
53361 1
53362 0
53363 3
53364 2
53365 1
53366 0
53367 3
53368 2
53369 1
53370 0
53371 3
53372 2
53373 1
53374 0
53375 3
53376 2
53377 1
53378 0
53379 3
53380 2
53381 1
53382 0
53383 3
53384 2
53385 1
53386 0
53387 3
53388 2
53389 1
53390 0
53391 3
53392 2
53393 1
53394 4
53395 0
53396 2
53397 1
53398 3
53399 0
53400 2
53401 1
53402 3
53403 0
53404 2
53405 1
53406 4
53407 3
53408 2
53409 1
53410 0
53411 3
53412 2
53413 1
53414 0
53415 3
53416 4
53417 2
53418 1
53419 0
53420 3
53421 2
53422 1
53423 0
53424 3
53425 2
53426 1
53427 0
53428 3
53429 2
53430 1
53431 0
53432 3
53433 2
53434 1
53435 0
53436 3
53437 2
53438 1
53439 0
53440 3
53441 4
53442 2
53443 1
53444 0
53445 3
53446 2
53447 1
53448 0
53449 3
53450 2
53451 1
53452 0
53453 3
53454 2
53455 1
53456 0
53457 3
53458 2
53459 1
53460 0
53461 3
53462 2
53463 1
53464 0
53465 3
53466 2
53467 1
53468 0
53469 3
53470 2
53471 1
53472 0
53473 3
53474 2
53475 1
53476 0
53477 3
53478 2
53479 1
53480 0
53481 3
53482 2
53483 1
53484 0
53485 3
53486 2
53487 1
53488 0
53489 3
53490 2
53491 1
53492 4
53493 0
53494 2
53495 1
53496 3
53497 0
53498 2
53499 1
53500 3
53501 0
53502 2
53503 1
53504 4
53505 3
53506 2
53507 1
53508 0
53509 3
53510 2
53511 1
53512 0
53513 3
53514 4
53515 2
53516 1
53517 0
53518 3
53519 2
53520 1
53521 0
53522 3
53523 2
53524 1
53525 0
53526 3
53527 2
53528 1
53529 0
53530 3
53531 2
53532 1
53533 0
53534 3
53535 2
53536 1
53537 0
53538 3
53539 4
53540 2
53541 1
53542 0
53543 3
53544 2
53545 1
53546 0
53547 3
53548 2
53549 1
53550 0
53551 3
53552 2
53553 1
53554 0
53555 3
53556 2
53557 1
53558 0
53559 3
53560 2
53561 1
53562 0
53563 3
53564 2
53565 1
53566 0
53567 3
53568 2
53569 1
53570 0
53571 3
53572 2
53573 1
53574 0
53575 3
53576 2
53577 1
53578 0
53579 3
53580 2
53581 1
53582 0
53583 3
53584 2
53585 1
53586 0
53587 3
53588 2
53589 1
53590 4
53591 0
53592 2
53593 1
53594 3
53595 0
53596 2
53597 1
53598 3
53599 0
53600 2
53601 1
53602 4
53603 3
53604 2
53605 1
53606 0
53607 3
53608 2
53609 1
53610 0
53611 3
53612 2
53613 1
53614 4
53615 0
53616 2
53617 1
53618 3
53619 0
53620 2
53621 1
53622 3
53623 0
53624 2
53625 1
53626 4
53627 3
53628 2
53629 1
53630 0
53631 3
53632 2
53633 1
53634 0
53635 3
53636 4
53637 2
53638 1
53639 0
53640 3
53641 2
53642 1
53643 0
53644 3
53645 2
53646 1
53647 0
53648 3
53649 2
53650 1
53651 0
53652 3
53653 2
53654 1
53655 0
53656 3
53657 2
53658 1
53659 0
53660 3
53661 2
53662 1
53663 0
53664 3
53665 2
53666 1
53667 0
53668 3
53669 2
53670 1
53671 0
53672 3
53673 2
53674 1
53675 0
53676 3
53677 2
53678 1
53679 0
53680 3
53681 2
53682 1
53683 0
53684 3
53685 4
53686 2
53687 1
53688 0
53689 3
53690 2
53691 1
53692 0
53693 3
53694 2
53695 1
53696 0
53697 3
53698 2
53699 1
53700 0
53701 3
53702 2
53703 1
53704 0
53705 3
53706 2
53707 1
53708 0
53709 3
53710 2
53711 1
53712 0
53713 3
53714 2
53715 1
53716 0
53717 3
53718 2
53719 1
53720 0
53721 3
53722 2
53723 1
53724 0
53725 3
53726 2
53727 1
53728 0
53729 3
53730 2
53731 1
53732 0
53733 3
53734 4
53735 2
53736 1
53737 0
53738 3
53739 2
53740 1
53741 0
53742 3
53743 2
53744 1
53745 0
53746 3
53747 2
53748 1
53749 0
53750 3
53751 2
53752 1
53753 0
53754 3
53755 2
53756 1
53757 0
53758 3
53759 2
53760 1
53761 0
53762 3
53763 2
53764 1
53765 0
53766 3
53767 2
53768 1
53769 0
53770 3
53771 2
53772 1
53773 0
53774 3
53775 2
53776 1
53777 0
53778 3
53779 2
53780 1
53781 0
53782 3
53783 2
53784 1
53785 4
53786 0
53787 2
53788 1
53789 3
53790 0
53791 2
53792 1
53793 3
53794 0
53795 2
53796 1
53797 4
53798 3
53799 2
53800 1
53801 0
53802 3
53803 2
53804 1
53805 0
53806 3
53807 2
53808 1
53809 4
53810 0
53811 2
53812 1
53813 3
53814 0
53815 2
53816 1
53817 3
53818 0
53819 2
53820 1
53821 4
53822 3
53823 2
53824 1
53825 0
53826 3
53827 2
53828 1
53829 0
53830 3
53831 4
53832 2
53833 1
53834 0
53835 3
53836 2
53837 1
53838 0
53839 3
53840 2
53841 1
53842 0
53843 3
53844 2
53845 1
53846 0
53847 3
53848 2
53849 1
53850 0
53851 3
53852 2
53853 1
53854 0
53855 3
53856 2
53857 1
53858 0
53859 3
53860 2
53861 1
53862 0
53863 3
53864 2
53865 1
53866 0
53867 3
53868 2
53869 1
53870 0
53871 3
53872 2
53873 1
53874 0
53875 3
53876 2
53877 1
53878 0
53879 3
53880 4
53881 2
53882 1
53883 0
53884 3
53885 2
53886 1
53887 0
53888 3
53889 2
53890 1
53891 0
53892 3
53893 2
53894 1
53895 0
53896 3
53897 2
53898 1
53899 0
53900 3
53901 2
53902 1
53903 0
53904 3
53905 2
53906 1
53907 0
53908 3
53909 2
53910 1
53911 0
53912 3
53913 2
53914 1
53915 0
53916 3
53917 2
53918 1
53919 0
53920 3
53921 2
53922 1
53923 0
53924 3
53925 2
53926 1
53927 0
53928 3
53929 4
53930 2
53931 1
53932 0
53933 3
53934 2
53935 1
53936 0
53937 3
53938 2
53939 1
53940 0
53941 3
53942 2
53943 1
53944 0
53945 3
53946 2
53947 1
53948 0
53949 3
53950 2
53951 1
53952 0
53953 3
53954 2
53955 1
53956 0
53957 3
53958 2
53959 1
53960 0
53961 3
53962 2
53963 1
53964 0
53965 3
53966 2
53967 1
53968 0
53969 3
53970 2
53971 1
53972 0
53973 3
53974 2
53975 1
53976 0
53977 3
53978 2
53979 1
53980 4
53981 0
53982 2
53983 1
53984 3
53985 0
53986 2
53987 1
53988 3
53989 0
53990 2
53991 1
53992 4
53993 3
53994 2
53995 1
53996 0
53997 3
53998 2
53999 1
54000 0
54001 3
54002 2
54003 1
54004 4
54005 0
54006 2
54007 1
54008 3
54009 0
54010 2
54011 1
54012 3
54013 0
54014 2
54015 1
54016 4
54017 3
54018 2
54019 1
54020 0
54021 3
54022 2
54023 1
54024 0
54025 3
54026 4
54027 2
54028 1
54029 0
54030 3
54031 2
54032 1
54033 0
54034 3
54035 2
54036 1
54037 0
54038 3
54039 2
54040 1
54041 0
54042 3
54043 2
54044 1
54045 0
54046 3
54047 2
54048 1
54049 0
54050 3
54051 2
54052 1
54053 0
54054 3
54055 2
54056 1
54057 0
54058 3
54059 2
54060 1
54061 0
54062 3
54063 2
54064 1
54065 0
54066 3
54067 2
54068 1
54069 0
54070 3
54071 2
54072 1
54073 0
54074 3
54075 4
54076 2
54077 1
54078 0
54079 3
54080 2
54081 1
54082 0
54083 3
54084 2
54085 1
54086 0
54087 3
54088 2
54089 1
54090 0
54091 3
54092 2
54093 1
54094 0
54095 3
54096 2
54097 1
54098 0
54099 3
54100 2
54101 1
54102 0
54103 3
54104 2
54105 1
54106 0
54107 3
54108 2
54109 1
54110 0
54111 3
54112 2
54113 1
54114 0
54115 3
54116 2
54117 1
54118 0
54119 3
54120 2
54121 1
54122 0
54123 3
54124 4
54125 2
54126 1
54127 0
54128 3
54129 2
54130 1
54131 0
54132 3
54133 2
54134 1
54135 0
54136 3
54137 2
54138 1
54139 0
54140 3
54141 2
54142 1
54143 0
54144 3
54145 2
54146 1
54147 0
54148 3
54149 2
54150 1
54151 0
54152 3
54153 2
54154 1
54155 0
54156 3
54157 2
54158 1
54159 0
54160 3
54161 2
54162 1
54163 0
54164 3
54165 2
54166 1
54167 0
54168 3
54169 2
54170 1
54171 0
54172 3
54173 2
54174 1
54175 4
54176 0
54177 2
54178 1
54179 3
54180 0
54181 2
54182 1
54183 3
54184 0
54185 2
54186 1
54187 4
54188 3
54189 2
54190 1
54191 0
54192 3
54193 2
54194 1
54195 0
54196 3
54197 4
54198 2
54199 1
54200 0
54201 3
54202 2
54203 1
54204 0
54205 3
54206 2
54207 1
54208 0
54209 3
54210 2
54211 1
54212 0
54213 3
54214 2
54215 1
54216 0
54217 3
54218 2
54219 1
54220 0
54221 3
54222 4
54223 2
54224 1
54225 0
54226 3
54227 2
54228 1
54229 0
54230 3
54231 2
54232 1
54233 0
54234 3
54235 2
54236 1
54237 0
54238 3
54239 2
54240 1
54241 0
54242 3
54243 2
54244 1
54245 0
54246 3
54247 2
54248 1
54249 0
54250 3
54251 2
54252 1
54253 0
54254 3
54255 2
54256 1
54257 0
54258 3
54259 2
54260 1
54261 0
54262 3
54263 2
54264 1
54265 0
54266 3
54267 2
54268 1
54269 0
54270 3
54271 2
54272 1
54273 4
54274 0
54275 2
54276 1
54277 3
54278 0
54279 2
54280 1
54281 3
54282 0
54283 2
54284 1
54285 4
54286 3
54287 2
54288 1
54289 0
54290 3
54291 2
54292 1
54293 0
54294 3
54295 4
54296 2
54297 1
54298 0
54299 3
54300 2
54301 1
54302 0
54303 3
54304 2
54305 1
54306 0
54307 3
54308 2
54309 1
54310 0
54311 3
54312 2
54313 1
54314 0
54315 3
54316 2
54317 1
54318 0
54319 3
54320 4
54321 2
54322 1
54323 0
54324 3
54325 2
54326 1
54327 0
54328 3
54329 2
54330 1
54331 0
54332 3
54333 2
54334 1
54335 0
54336 3
54337 2
54338 1
54339 0
54340 3
54341 2
54342 1
54343 0
54344 3
54345 2
54346 1
54347 0
54348 3
54349 2
54350 1
54351 0
54352 3
54353 2
54354 1
54355 0
54356 3
54357 2
54358 1
54359 0
54360 3
54361 2
54362 1
54363 0
54364 3
54365 2
54366 1
54367 0
54368 3
54369 2
54370 1
54371 4
54372 0
54373 2
54374 1
54375 3
54376 0
54377 2
54378 1
54379 3
54380 0
54381 2
54382 1
54383 4
54384 3
54385 2
54386 1
54387 0
54388 3
54389 2
54390 1
54391 0
54392 3
54393 2
54394 1
54395 4
54396 0
54397 2
54398 1
54399 3
54400 0
54401 2
54402 1
54403 3
54404 0
54405 2
54406 1
54407 4
54408 3
54409 2
54410 1
54411 0
54412 3
54413 2
54414 1
54415 0
54416 3
54417 4
54418 2
54419 1
54420 0
54421 3
54422 2
54423 1
54424 0
54425 3
54426 2
54427 1
54428 0
54429 3
54430 2
54431 1
54432 0
54433 3
54434 2
54435 1
54436 0
54437 3
54438 2
54439 1
54440 0
54441 3
54442 2
54443 1
54444 0
54445 3
54446 2
54447 1
54448 0
54449 3
54450 2
54451 1
54452 0
54453 3
54454 2
54455 1
54456 0
54457 3
54458 2
54459 1
54460 0
54461 3
54462 2
54463 1
54464 0
54465 3
54466 4
54467 2
54468 1
54469 0
54470 3
54471 2
54472 1
54473 0
54474 3
54475 2
54476 1
54477 0
54478 3
54479 2
54480 1
54481 0
54482 3
54483 2
54484 1
54485 0
54486 3
54487 2
54488 1
54489 0
54490 3
54491 2
54492 1
54493 0
54494 3
54495 2
54496 1
54497 0
54498 3
54499 2
54500 1
54501 0
54502 3
54503 2
54504 1
54505 0
54506 3
54507 2
54508 1
54509 0
54510 3
54511 2
54512 1
54513 0
54514 3
54515 4
54516 2
54517 1
54518 0
54519 3
54520 2
54521 1
54522 0
54523 3
54524 2
54525 1
54526 0
54527 3
54528 2
54529 1
54530 0
54531 3
54532 2
54533 1
54534 0
54535 3
54536 2
54537 1
54538 0
54539 3
54540 2
54541 1
54542 0
54543 3
54544 2
54545 1
54546 0
54547 3
54548 2
54549 1
54550 0
54551 3
54552 2
54553 1
54554 0
54555 3
54556 2
54557 1
54558 0
54559 3
54560 2
54561 1
54562 0
54563 3
54564 2
54565 1
54566 4
54567 0
54568 2
54569 1
54570 3
54571 0
54572 2
54573 1
54574 3
54575 0
54576 2
54577 1
54578 4
54579 3
54580 2
54581 1
54582 0
54583 3
54584 2
54585 1
54586 0
54587 3
54588 4
54589 2
54590 1
54591 0
54592 3
54593 2
54594 1
54595 0
54596 3
54597 2
54598 1
54599 0
54600 3
54601 2
54602 1
54603 0
54604 3
54605 2
54606 1
54607 0
54608 3
54609 2
54610 1
54611 0
54612 3
54613 4
54614 2
54615 1
54616 0
54617 3
54618 2
54619 1
54620 0
54621 3
54622 2
54623 1
54624 0
54625 3
54626 2
54627 1
54628 0
54629 3
54630 2
54631 1
54632 0
54633 3
54634 2
54635 1
54636 0
54637 3
54638 2
54639 1
54640 0
54641 3
54642 2
54643 1
54644 0
54645 3
54646 2
54647 1
54648 0
54649 3
54650 2
54651 1
54652 0
54653 3
54654 2
54655 1
54656 0
54657 3
54658 2
54659 1
54660 0
54661 3
54662 2
54663 1
54664 4
54665 0
54666 2
54667 1
54668 3
54669 0
54670 2
54671 1
54672 3
54673 0
54674 2
54675 1
54676 4
54677 3
54678 2
54679 1
54680 0
54681 3
54682 2
54683 1
54684 0
54685 3
54686 4
54687 2
54688 1
54689 0
54690 3
54691 2
54692 1
54693 0
54694 3
54695 2
54696 1
54697 0
54698 3
54699 2
54700 1
54701 0
54702 3
54703 2
54704 1
54705 0
54706 3
54707 2
54708 1
54709 0
54710 3
54711 4
54712 2
54713 1
54714 0
54715 3
54716 2
54717 1
54718 0
54719 3
54720 2
54721 1
54722 0
54723 3
54724 2
54725 1
54726 0
54727 3
54728 2
54729 1
54730 0
54731 3
54732 2
54733 1
54734 0
54735 3
54736 2
54737 1
54738 0
54739 3
54740 2
54741 1
54742 0
54743 3
54744 2
54745 1
54746 0
54747 3
54748 2
54749 1
54750 0
54751 3
54752 2
54753 1
54754 0
54755 3
54756 2
54757 1
54758 0
54759 3
54760 2
54761 1
54762 4
54763 0
54764 2
54765 1
54766 3
54767 0
54768 2
54769 1
54770 3
54771 0
54772 2
54773 1
54774 4
54775 3
54776 2
54777 1
54778 0
54779 3
54780 2
54781 1
54782 0
54783 3
54784 2
54785 1
54786 4
54787 0
54788 2
54789 1
54790 3
54791 0
54792 2
54793 1
54794 3
54795 0
54796 2
54797 1
54798 4
54799 3
54800 2
54801 1
54802 0
54803 3
54804 2
54805 1
54806 0
54807 3
54808 4
54809 2
54810 1
54811 0
54812 3
54813 2
54814 1
54815 0
54816 3
54817 2
54818 1
54819 0
54820 3
54821 2
54822 1
54823 0
54824 3
54825 2
54826 1
54827 0
54828 3
54829 2
54830 1
54831 0
54832 3
54833 2
54834 1
54835 0
54836 3
54837 2
54838 1
54839 0
54840 3
54841 2
54842 1
54843 0
54844 3
54845 2
54846 1
54847 0
54848 3
54849 2
54850 1
54851 0
54852 3
54853 2
54854 1
54855 0
54856 3
54857 4
54858 2
54859 1
54860 0
54861 3
54862 2
54863 1
54864 0
54865 3
54866 2
54867 1
54868 0
54869 3
54870 2
54871 1
54872 0
54873 3
54874 2
54875 1
54876 0
54877 3
54878 2
54879 1
54880 0
54881 3
54882 2
54883 1
54884 0
54885 3
54886 2
54887 1
54888 0
54889 3
54890 2
54891 1
54892 0
54893 3
54894 2
54895 1
54896 0
54897 3
54898 2
54899 1
54900 0
54901 3
54902 2
54903 1
54904 0
54905 3
54906 4
54907 2
54908 1
54909 0
54910 3
54911 2
54912 1
54913 0
54914 3
54915 2
54916 1
54917 0
54918 3
54919 2
54920 1
54921 0
54922 3
54923 2
54924 1
54925 0
54926 3
54927 2
54928 1
54929 0
54930 3
54931 2
54932 1
54933 0
54934 3
54935 2
54936 1
54937 0
54938 3
54939 2
54940 1
54941 0
54942 3
54943 2
54944 1
54945 0
54946 3
54947 2
54948 1
54949 0
54950 3
54951 2
54952 1
54953 0
54954 3
54955 2
54956 1
54957 4
54958 0
54959 2
54960 1
54961 3
54962 0
54963 2
54964 1
54965 3
54966 0
54967 2
54968 1
54969 4
54970 3
54971 2
54972 1
54973 0
54974 3
54975 2
54976 1
54977 0
54978 3
54979 4
54980 2
54981 1
54982 0
54983 3
54984 2
54985 1
54986 0
54987 3
54988 2
54989 1
54990 0
54991 3
54992 2
54993 1
54994 0
54995 3
54996 2
54997 1
54998 0
54999 3
55000 2
55001 1
55002 0
55003 3
55004 4
55005 2
55006 1
55007 0
55008 3
55009 2
55010 1
55011 0
55012 3
55013 2
55014 1
55015 0
55016 3
55017 2
55018 1
55019 0
55020 3
55021 2
55022 1
55023 0
55024 3
55025 2
55026 1
55027 0
55028 3
55029 2
55030 1
55031 0
55032 3
55033 2
55034 1
55035 0
55036 3
55037 2
55038 1
55039 0
55040 3
55041 2
55042 1
55043 0
55044 3
55045 2
55046 1
55047 0
55048 3
55049 2
55050 1
55051 0
55052 3
55053 2
55054 1
55055 4
55056 0
55057 2
55058 1
55059 3
55060 0
55061 2
55062 1
55063 3
55064 0
55065 2
55066 1
55067 4
55068 3
55069 2
55070 1
55071 0
55072 3
55073 2
55074 1
55075 0
55076 3
55077 4
55078 2
55079 1
55080 0
55081 3
55082 2
55083 1
55084 0
55085 3
55086 2
55087 1
55088 0
55089 3
55090 2
55091 1
55092 0
55093 3
55094 2
55095 1
55096 0
55097 3
55098 2
55099 1
55100 0
55101 3
55102 4
55103 2
55104 1
55105 0
55106 3
55107 2
55108 1
55109 0
55110 3
55111 2
55112 1
55113 0
55114 3
55115 2
55116 1
55117 0
55118 3
55119 2
55120 1
55121 0
55122 3
55123 2
55124 1
55125 0
55126 3
55127 2
55128 1
55129 0
55130 3
55131 2
55132 1
55133 0
55134 3
55135 2
55136 1
55137 0
55138 3
55139 2
55140 1
55141 0
55142 3
55143 2
55144 1
55145 0
55146 3
55147 2
55148 1
55149 0
55150 3
55151 2
55152 1
55153 4
55154 0
55155 2
55156 1
55157 3
55158 0
55159 2
55160 1
55161 3
55162 0
55163 2
55164 1
55165 4
55166 3
55167 2
55168 1
55169 0
55170 3
55171 2
55172 1
55173 0
55174 3
55175 2
55176 1
55177 4
55178 0
55179 2
55180 1
55181 3
55182 0
55183 2
55184 1
55185 3
55186 0
55187 2
55188 1
55189 4
55190 3
55191 2
55192 1
55193 0
55194 3
55195 2
55196 1
55197 0
55198 3
55199 4
55200 2
55201 1
55202 0
55203 3
55204 2
55205 1
55206 0
55207 3
55208 2
55209 1
55210 0
55211 3
55212 2
55213 1
55214 0
55215 3
55216 2
55217 1
55218 0
55219 3
55220 2
55221 1
55222 0
55223 3
55224 2
55225 1
55226 0
55227 3
55228 2
55229 1
55230 0
55231 3
55232 2
55233 1
55234 0
55235 3
55236 2
55237 1
55238 0
55239 3
55240 2
55241 1
55242 0
55243 3
55244 2
55245 1
55246 0
55247 3
55248 4
55249 2
55250 1
55251 0
55252 3
55253 2
55254 1
55255 0
55256 3
55257 2
55258 1
55259 0
55260 3
55261 2
55262 1
55263 0
55264 3
55265 2
55266 1
55267 0
55268 3
55269 2
55270 1
55271 0
55272 3
55273 2
55274 1
55275 0
55276 3
55277 2
55278 1
55279 0
55280 3
55281 2
55282 1
55283 0
55284 3
55285 2
55286 1
55287 0
55288 3
55289 2
55290 1
55291 0
55292 3
55293 2
55294 1
55295 0
55296 3
55297 4
55298 2
55299 1
55300 0
55301 3
55302 2
55303 1
55304 0
55305 3
55306 2
55307 1
55308 0
55309 3
55310 2
55311 1
55312 0
55313 3
55314 2
55315 1
55316 0
55317 3
55318 2
55319 1
55320 0
55321 3
55322 2
55323 1
55324 0
55325 3
55326 2
55327 1
55328 0
55329 3
55330 2
55331 1
55332 0
55333 3
55334 2
55335 1
55336 0
55337 3
55338 2
55339 1
55340 0
55341 3
55342 2
55343 1
55344 0
55345 3
55346 2
55347 1
55348 4
55349 0
55350 2
55351 1
55352 3
55353 0
55354 2
55355 1
55356 3
55357 0
55358 2
55359 1
55360 4
55361 3
55362 2
55363 1
55364 0
55365 3
55366 2
55367 1
55368 0
55369 3
55370 2
55371 1
55372 4
55373 0
55374 2
55375 1
55376 3
55377 0
55378 2
55379 1
55380 3
55381 0
55382 2
55383 1
55384 4
55385 3
55386 2
55387 1
55388 0
55389 3
55390 2
55391 1
55392 0
55393 3
55394 4
55395 2
55396 1
55397 0
55398 3
55399 2
55400 1
55401 0
55402 3
55403 2
55404 1
55405 0
55406 3
55407 2
55408 1
55409 0
55410 3
55411 2
55412 1
55413 0
55414 3
55415 2
55416 1
55417 0
55418 3
55419 2
55420 1
55421 0
55422 3
55423 2
55424 1
55425 0
55426 3
55427 2
55428 1
55429 0
55430 3
55431 2
55432 1
55433 0
55434 3
55435 2
55436 1
55437 0
55438 3
55439 2
55440 1
55441 0
55442 3
55443 4
55444 2
55445 1
55446 0
55447 3
55448 2
55449 1
55450 0
55451 3
55452 2
55453 1
55454 0
55455 3
55456 2
55457 1
55458 0
55459 3
55460 2
55461 1
55462 0
55463 3
55464 2
55465 1
55466 0
55467 3
55468 2
55469 1
55470 0
55471 3
55472 2
55473 1
55474 0
55475 3
55476 2
55477 1
55478 0
55479 3
55480 2
55481 1
55482 0
55483 3
55484 2
55485 1
55486 0
55487 3
55488 2
55489 1
55490 0
55491 3
55492 4
55493 2
55494 1
55495 0
55496 3
55497 2
55498 1
55499 0
55500 3
55501 2
55502 1
55503 0
55504 3
55505 2
55506 1
55507 0
55508 3
55509 2
55510 1
55511 0
55512 3
55513 2
55514 1
55515 0
55516 3
55517 2
55518 1
55519 0
55520 3
55521 2
55522 1
55523 0
55524 3
55525 2
55526 1
55527 0
55528 3
55529 2
55530 1
55531 0
55532 3
55533 2
55534 1
55535 0
55536 3
55537 2
55538 1
55539 0
55540 3
55541 2
55542 1
55543 4
55544 0
55545 2
55546 1
55547 3
55548 0
55549 2
55550 1
55551 3
55552 0
55553 2
55554 1
55555 4
55556 3
55557 2
55558 1
55559 0
55560 3
55561 2
55562 1
55563 0
55564 3
55565 2
55566 1
55567 4
55568 0
55569 2
55570 1
55571 3
55572 0
55573 2
55574 1
55575 3
55576 0
55577 2
55578 1
55579 4
55580 3
55581 2
55582 1
55583 0
55584 3
55585 2
55586 1
55587 0
55588 3
55589 4
55590 2
55591 1
55592 0
55593 3
55594 2
55595 1
55596 0
55597 3
55598 2
55599 1
55600 0
55601 3
55602 2
55603 1
55604 0
55605 3
55606 2
55607 1
55608 0
55609 3
55610 2
55611 1
55612 0
55613 3
55614 2
55615 1
55616 0
55617 3
55618 2
55619 1
55620 0
55621 3
55622 2
55623 1
55624 0
55625 3
55626 2
55627 1
55628 0
55629 3
55630 2
55631 1
55632 0
55633 3
55634 2
55635 1
55636 0
55637 3
55638 4
55639 2
55640 1
55641 0
55642 3
55643 2
55644 1
55645 0
55646 3
55647 2
55648 1
55649 0
55650 3
55651 2
55652 1
55653 0
55654 3
55655 2
55656 1
55657 0
55658 3
55659 2
55660 1
55661 0
55662 3
55663 2
55664 1
55665 0
55666 3
55667 2
55668 1
55669 0
55670 3
55671 2
55672 1
55673 0
55674 3
55675 2
55676 1
55677 0
55678 3
55679 2
55680 1
55681 0
55682 3
55683 2
55684 1
55685 0
55686 3
55687 4
55688 2
55689 1
55690 0
55691 3
55692 2
55693 1
55694 0
55695 3
55696 2
55697 1
55698 0
55699 3
55700 2
55701 1
55702 0
55703 3
55704 2
55705 1
55706 0
55707 3
55708 2
55709 1
55710 0
55711 3
55712 2
55713 1
55714 0
55715 3
55716 2
55717 1
55718 0
55719 3
55720 2
55721 1
55722 0
55723 3
55724 2
55725 1
55726 0
55727 3
55728 2
55729 1
55730 0
55731 3
55732 2
55733 1
55734 0
55735 3
55736 2
55737 1
55738 4
55739 0
55740 2
55741 1
55742 3
55743 0
55744 2
55745 1
55746 3
55747 0
55748 2
55749 1
55750 4
55751 3
55752 2
55753 1
55754 0
55755 3
55756 2
55757 1
55758 0
55759 3
55760 4
55761 2
55762 1
55763 0
55764 3
55765 2
55766 1
55767 0
55768 3
55769 2
55770 1
55771 0
55772 3
55773 2
55774 1
55775 0
55776 3
55777 2
55778 1
55779 0
55780 3
55781 2
55782 1
55783 0
55784 3
55785 4
55786 2
55787 1
55788 0
55789 3
55790 2
55791 1
55792 0
55793 3
55794 2
55795 1
55796 0
55797 3
55798 2
55799 1
55800 0
55801 3
55802 2
55803 1
55804 0
55805 3
55806 2
55807 1
55808 0
55809 3
55810 2
55811 1
55812 0
55813 3
55814 2
55815 1
55816 0
55817 3
55818 2
55819 1
55820 0
55821 3
55822 2
55823 1
55824 0
55825 3
55826 2
55827 1
55828 0
55829 3
55830 2
55831 1
55832 0
55833 3
55834 2
55835 1
55836 4
55837 0
55838 2
55839 1
55840 3
55841 0
55842 2
55843 1
55844 3
55845 0
55846 2
55847 1
55848 4
55849 3
55850 2
55851 1
55852 0
55853 3
55854 2
55855 1
55856 0
55857 3
55858 4
55859 2
55860 1
55861 0
55862 3
55863 2
55864 1
55865 0
55866 3
55867 2
55868 1
55869 0
55870 3
55871 2
55872 1
55873 0
55874 3
55875 2
55876 1
55877 0
55878 3
55879 2
55880 1
55881 0
55882 3
55883 4
55884 2
55885 1
55886 0
55887 3
55888 2
55889 1
55890 0
55891 3
55892 2
55893 1
55894 0
55895 3
55896 2
55897 1
55898 0
55899 3
55900 2
55901 1
55902 0
55903 3
55904 2
55905 1
55906 0
55907 3
55908 2
55909 1
55910 0
55911 3
55912 2
55913 1
55914 0
55915 3
55916 2
55917 1
55918 0
55919 3
55920 2
55921 1
55922 0
55923 3
55924 2
55925 1
55926 0
55927 3
55928 2
55929 1
55930 0
55931 3
55932 2
55933 1
55934 4
55935 0
55936 2
55937 1
55938 3
55939 0
55940 2
55941 1
55942 3
55943 0
55944 2
55945 1
55946 4
55947 3
55948 2
55949 1
55950 0
55951 3
55952 2
55953 1
55954 0
55955 3
55956 2
55957 1
55958 4
55959 0
55960 2
55961 1
55962 3
55963 0
55964 2
55965 1
55966 3
55967 0
55968 2
55969 1
55970 4
55971 3
55972 2
55973 1
55974 0
55975 3
55976 2
55977 1
55978 0
55979 3
55980 4
55981 2
55982 1
55983 0
55984 3
55985 2
55986 1
55987 0
55988 3
55989 2
55990 1
55991 0
55992 3
55993 2
55994 1
55995 0
55996 3
55997 2
55998 1
55999 0
56000 3
56001 2
56002 1
56003 0
56004 3
56005 2
56006 1
56007 0
56008 3
56009 2
56010 1
56011 0
56012 3
56013 2
56014 1
56015 0
56016 3
56017 2
56018 1
56019 0
56020 3
56021 2
56022 1
56023 0
56024 3
56025 2
56026 1
56027 0
56028 3
56029 4
56030 2
56031 1
56032 0
56033 3
56034 2
56035 1
56036 0
56037 3
56038 2
56039 1
56040 0
56041 3
56042 2
56043 1
56044 0
56045 3
56046 2
56047 1
56048 0
56049 3
56050 2
56051 1
56052 0
56053 3
56054 2
56055 1
56056 0
56057 3
56058 2
56059 1
56060 0
56061 3
56062 2
56063 1
56064 0
56065 3
56066 2
56067 1
56068 0
56069 3
56070 2
56071 1
56072 0
56073 3
56074 2
56075 1
56076 0
56077 3
56078 4
56079 2
56080 1
56081 0
56082 3
56083 2
56084 1
56085 0
56086 3
56087 2
56088 1
56089 0
56090 3
56091 2
56092 1
56093 0
56094 3
56095 2
56096 1
56097 0
56098 3
56099 2
56100 1
56101 0
56102 3
56103 2
56104 1
56105 0
56106 3
56107 2
56108 1
56109 0
56110 3
56111 2
56112 1
56113 0
56114 3
56115 2
56116 1
56117 0
56118 3
56119 2
56120 1
56121 0
56122 3
56123 2
56124 1
56125 0
56126 3
56127 2
56128 1
56129 4
56130 0
56131 2
56132 1
56133 3
56134 0
56135 2
56136 1
56137 3
56138 0
56139 2
56140 1
56141 4
56142 3
56143 2
56144 1
56145 0
56146 3
56147 2
56148 1
56149 0
56150 3
56151 2
56152 1
56153 4
56154 0
56155 2
56156 1
56157 3
56158 0
56159 2
56160 1
56161 3
56162 0
56163 2
56164 1
56165 4
56166 3
56167 2
56168 1
56169 0
56170 3
56171 2
56172 1
56173 0
56174 3
56175 4
56176 2
56177 1
56178 0
56179 3
56180 2
56181 1
56182 0
56183 3
56184 2
56185 1
56186 0
56187 3
56188 2
56189 1
56190 0
56191 3
56192 2
56193 1
56194 0
56195 3
56196 2
56197 1
56198 0
56199 3
56200 2
56201 1
56202 0
56203 3
56204 2
56205 1
56206 0
56207 3
56208 2
56209 1
56210 0
56211 3
56212 2
56213 1
56214 0
56215 3
56216 2
56217 1
56218 0
56219 3
56220 2
56221 1
56222 0
56223 3
56224 2
56225 1
56226 4
56227 0
56228 2
56229 1
56230 3
56231 0
56232 2
56233 1
56234 3
56235 0
56236 2
56237 1
56238 4
56239 3
56240 2
56241 1
56242 0
56243 3
56244 2
56245 1
56246 0
56247 3
56248 4
56249 2
56250 1
56251 0
56252 3
56253 2
56254 1
56255 0
56256 3
56257 2
56258 1
56259 0
56260 3
56261 2
56262 1
56263 0
56264 3
56265 2
56266 1
56267 0
56268 3
56269 2
56270 1
56271 0
56272 3
56273 4
56274 2
56275 1
56276 0
56277 3
56278 2
56279 1
56280 0
56281 3
56282 2
56283 1
56284 0
56285 3
56286 2
56287 1
56288 0
56289 3
56290 2
56291 1
56292 0
56293 3
56294 2
56295 1
56296 0
56297 3
56298 2
56299 1
56300 0
56301 3
56302 2
56303 1
56304 0
56305 3
56306 2
56307 1
56308 0
56309 3
56310 2
56311 1
56312 0
56313 3
56314 2
56315 1
56316 0
56317 3
56318 2
56319 1
56320 0
56321 3
56322 2
56323 1
56324 4
56325 0
56326 2
56327 1
56328 3
56329 0
56330 2
56331 1
56332 3
56333 0
56334 2
56335 1
56336 4
56337 3
56338 2
56339 1
56340 0
56341 3
56342 2
56343 1
56344 0
56345 3
56346 2
56347 1
56348 4
56349 0
56350 2
56351 1
56352 3
56353 0
56354 2
56355 1
56356 3
56357 0
56358 2
56359 1
56360 4
56361 3
56362 2
56363 1
56364 0
56365 3
56366 2
56367 1
56368 0
56369 3
56370 4
56371 2
56372 1
56373 0
56374 3
56375 2
56376 1
56377 0
56378 3
56379 2
56380 1
56381 0
56382 3
56383 2
56384 1
56385 0
56386 3
56387 2
56388 1
56389 0
56390 3
56391 2
56392 1
56393 0
56394 3
56395 2
56396 1
56397 0
56398 3
56399 2
56400 1
56401 0
56402 3
56403 2
56404 1
56405 0
56406 3
56407 2
56408 1
56409 0
56410 3
56411 2
56412 1
56413 0
56414 3
56415 2
56416 1
56417 0
56418 3
56419 4
56420 2
56421 1
56422 0
56423 3
56424 2
56425 1
56426 0
56427 3
56428 2
56429 1
56430 0
56431 3
56432 2
56433 1
56434 0
56435 3
56436 2
56437 1
56438 0
56439 3
56440 2
56441 1
56442 0
56443 3
56444 2
56445 1
56446 0
56447 3
56448 2
56449 1
56450 0
56451 3
56452 2
56453 1
56454 0
56455 3
56456 2
56457 1
56458 0
56459 3
56460 2
56461 1
56462 0
56463 3
56464 2
56465 1
56466 0
56467 3
56468 4
56469 2
56470 1
56471 0
56472 3
56473 2
56474 1
56475 0
56476 3
56477 2
56478 1
56479 0
56480 3
56481 2
56482 1
56483 0
56484 3
56485 2
56486 1
56487 0
56488 3
56489 2
56490 1
56491 0
56492 3
56493 2
56494 1
56495 0
56496 3
56497 2
56498 1
56499 0
56500 3
56501 2
56502 1
56503 0
56504 3
56505 2
56506 1
56507 0
56508 3
56509 2
56510 1
56511 0
56512 3
56513 2
56514 1
56515 0
56516 3
56517 2
56518 1
56519 4
56520 0
56521 2
56522 1
56523 3
56524 0
56525 2
56526 1
56527 3
56528 0
56529 2
56530 1
56531 4
56532 3
56533 2
56534 1
56535 0
56536 3
56537 2
56538 1
56539 0
56540 3
56541 4
56542 2
56543 1
56544 0
56545 3
56546 2
56547 1
56548 0
56549 3
56550 2
56551 1
56552 0
56553 3
56554 2
56555 1
56556 0
56557 3
56558 2
56559 1
56560 0
56561 3
56562 2
56563 1
56564 0
56565 3
56566 4
56567 2
56568 1
56569 0
56570 3
56571 2
56572 1
56573 0
56574 3
56575 2
56576 1
56577 0
56578 3
56579 2
56580 1
56581 0
56582 3
56583 2
56584 1
56585 0
56586 3
56587 2
56588 1
56589 0
56590 3
56591 2
56592 1
56593 0
56594 3
56595 2
56596 1
56597 0
56598 3
56599 2
56600 1
56601 0
56602 3
56603 2
56604 1
56605 0
56606 3
56607 2
56608 1
56609 0
56610 3
56611 2
56612 1
56613 0
56614 3
56615 2
56616 1
56617 4
56618 0
56619 2
56620 1
56621 3
56622 0
56623 2
56624 1
56625 3
56626 0
56627 2
56628 1
56629 4
56630 3
56631 2
56632 1
56633 0
56634 3
56635 2
56636 1
56637 0
56638 3
56639 4
56640 2
56641 1
56642 0
56643 3
56644 2
56645 1
56646 0
56647 3
56648 2
56649 1
56650 0
56651 3
56652 2
56653 1
56654 0
56655 3
56656 2
56657 1
56658 0
56659 3
56660 2
56661 1
56662 0
56663 3
56664 4
56665 2
56666 1
56667 0
56668 3
56669 2
56670 1
56671 0
56672 3
56673 2
56674 1
56675 0
56676 3
56677 2
56678 1
56679 0
56680 3
56681 2
56682 1
56683 0
56684 3
56685 2
56686 1
56687 0
56688 3
56689 2
56690 1
56691 0
56692 3
56693 2
56694 1
56695 0
56696 3
56697 2
56698 1
56699 0
56700 3
56701 2
56702 1
56703 0
56704 3
56705 2
56706 1
56707 0
56708 3
56709 2
56710 1
56711 0
56712 3
56713 2
56714 1
56715 4
56716 0
56717 2
56718 1
56719 3
56720 0
56721 2
56722 1
56723 3
56724 0
56725 2
56726 1
56727 4
56728 3
56729 2
56730 1
56731 0
56732 3
56733 2
56734 1
56735 0
56736 3
56737 2
56738 1
56739 4
56740 0
56741 2
56742 1
56743 3
56744 0
56745 2
56746 1
56747 3
56748 0
56749 2
56750 1
56751 4
56752 3
56753 2
56754 1
56755 0
56756 3
56757 2
56758 1
56759 0
56760 3
56761 4
56762 2
56763 1
56764 0
56765 3
56766 2
56767 1
56768 0
56769 3
56770 2
56771 1
56772 0
56773 3
56774 2
56775 1
56776 0
56777 3
56778 2
56779 1
56780 0
56781 3
56782 2
56783 1
56784 0
56785 3
56786 2
56787 1
56788 0
56789 3
56790 2
56791 1
56792 0
56793 3
56794 2
56795 1
56796 0
56797 3
56798 2
56799 1
56800 0
56801 3
56802 2
56803 1
56804 0
56805 3
56806 2
56807 1
56808 0
56809 3
56810 4
56811 2
56812 1
56813 0
56814 3
56815 2
56816 1
56817 0
56818 3
56819 2
56820 1
56821 0
56822 3
56823 2
56824 1
56825 0
56826 3
56827 2
56828 1
56829 0
56830 3
56831 2
56832 1
56833 0
56834 3
56835 2
56836 1
56837 0
56838 3
56839 2
56840 1
56841 0
56842 3
56843 2
56844 1
56845 0
56846 3
56847 2
56848 1
56849 0
56850 3
56851 2
56852 1
56853 0
56854 3
56855 2
56856 1
56857 0
56858 3
56859 4
56860 2
56861 1
56862 0
56863 3
56864 2
56865 1
56866 0
56867 3
56868 2
56869 1
56870 0
56871 3
56872 2
56873 1
56874 0
56875 3
56876 2
56877 1
56878 0
56879 3
56880 2
56881 1
56882 0
56883 3
56884 2
56885 1
56886 0
56887 3
56888 2
56889 1
56890 0
56891 3
56892 2
56893 1
56894 0
56895 3
56896 2
56897 1
56898 0
56899 3
56900 2
56901 1
56902 0
56903 3
56904 2
56905 1
56906 0
56907 3
56908 2
56909 1
56910 4
56911 0
56912 2
56913 1
56914 3
56915 0
56916 2
56917 1
56918 3
56919 0
56920 2
56921 1
56922 4
56923 3
56924 2
56925 1
56926 0
56927 3
56928 2
56929 1
56930 0
56931 3
56932 2
56933 1
56934 4
56935 0
56936 2
56937 1
56938 3
56939 0
56940 2
56941 1
56942 3
56943 0
56944 2
56945 1
56946 4
56947 3
56948 2
56949 1
56950 0
56951 3
56952 2
56953 1
56954 0
56955 3
56956 4
56957 2
56958 1
56959 0
56960 3
56961 2
56962 1
56963 0
56964 3
56965 2
56966 1
56967 0
56968 3
56969 2
56970 1
56971 0
56972 3
56973 2
56974 1
56975 0
56976 3
56977 2
56978 1
56979 0
56980 3
56981 2
56982 1
56983 0
56984 3
56985 2
56986 1
56987 0
56988 3
56989 2
56990 1
56991 0
56992 3
56993 2
56994 1
56995 0
56996 3
56997 2
56998 1
56999 0
57000 3
57001 2
57002 1
57003 0
57004 3
57005 4
57006 2
57007 1
57008 0
57009 3
57010 2
57011 1
57012 0
57013 3
57014 2
57015 1
57016 0
57017 3
57018 2
57019 1
57020 0
57021 3
57022 2
57023 1
57024 0
57025 3
57026 2
57027 1
57028 0
57029 3
57030 2
57031 1
57032 0
57033 3
57034 2
57035 1
57036 0
57037 3
57038 2
57039 1
57040 0
57041 3
57042 2
57043 1
57044 0
57045 3
57046 2
57047 1
57048 0
57049 3
57050 2
57051 1
57052 0
57053 3
57054 4
57055 2
57056 1
57057 0
57058 3
57059 2
57060 1
57061 0
57062 3
57063 2
57064 1
57065 0
57066 3
57067 2
57068 1
57069 0
57070 3
57071 2
57072 1
57073 0
57074 3
57075 2
57076 1
57077 0
57078 3
57079 2
57080 1
57081 0
57082 3
57083 2
57084 1
57085 0
57086 3
57087 2
57088 1
57089 0
57090 3
57091 2
57092 1
57093 0
57094 3
57095 2
57096 1
57097 0
57098 3
57099 2
57100 1
57101 0
57102 3
57103 2
57104 1
57105 4
57106 0
57107 2
57108 1
57109 3
57110 0
57111 2
57112 1
57113 3
57114 0
57115 2
57116 1
57117 4
57118 3
57119 2
57120 1
57121 0
57122 3
57123 2
57124 1
57125 0
57126 3
57127 2
57128 1
57129 4
57130 0
57131 2
57132 1
57133 3
57134 0
57135 2
57136 1
57137 3
57138 0
57139 2
57140 1
57141 4
57142 3
57143 2
57144 1
57145 0
57146 3
57147 2
57148 1
57149 0
57150 3
57151 4
57152 2
57153 1
57154 0
57155 3
57156 2
57157 1
57158 0
57159 3
57160 2
57161 1
57162 0
57163 3
57164 2
57165 1
57166 0
57167 3
57168 2
57169 1
57170 0
57171 3
57172 2
57173 1
57174 0
57175 3
57176 2
57177 1
57178 0
57179 3
57180 2
57181 1
57182 0
57183 3
57184 2
57185 1
57186 0
57187 3
57188 2
57189 1
57190 0
57191 3
57192 2
57193 1
57194 0
57195 3
57196 2
57197 1
57198 0
57199 3
57200 4
57201 2
57202 1
57203 0
57204 3
57205 2
57206 1
57207 0
57208 3
57209 2
57210 1
57211 0
57212 3
57213 2
57214 1
57215 0
57216 3
57217 2
57218 1
57219 0
57220 3
57221 2
57222 1
57223 0
57224 3
57225 2
57226 1
57227 0
57228 3
57229 2
57230 1
57231 0
57232 3
57233 2
57234 1
57235 0
57236 3
57237 2
57238 1
57239 0
57240 3
57241 2
57242 1
57243 0
57244 3
57245 2
57246 1
57247 0
57248 3
57249 4
57250 2
57251 1
57252 0
57253 3
57254 2
57255 1
57256 0
57257 3
57258 2
57259 1
57260 0
57261 3
57262 2
57263 1
57264 0
57265 3
57266 2
57267 1
57268 0
57269 3
57270 2
57271 1
57272 0
57273 3
57274 2
57275 1
57276 0
57277 3
57278 2
57279 1
57280 0
57281 3
57282 2
57283 1
57284 0
57285 3
57286 2
57287 1
57288 0
57289 3
57290 2
57291 1
57292 0
57293 3
57294 2
57295 1
57296 0
57297 3
57298 2
57299 1
57300 4
57301 0
57302 2
57303 1
57304 3
57305 0
57306 2
57307 1
57308 3
57309 0
57310 2
57311 1
57312 4
57313 3
57314 2
57315 1
57316 0
57317 3
57318 2
57319 1
57320 0
57321 3
57322 4
57323 2
57324 1
57325 0
57326 3
57327 2
57328 1
57329 0
57330 3
57331 2
57332 1
57333 0
57334 3
57335 2
57336 1
57337 0
57338 3
57339 2
57340 1
57341 0
57342 3
57343 2
57344 1
57345 0
57346 3
57347 4
57348 2
57349 1
57350 0
57351 3
57352 2
57353 1
57354 0
57355 3
57356 2
57357 1
57358 0
57359 3
57360 2
57361 1
57362 0
57363 3
57364 2
57365 1
57366 0
57367 3
57368 2
57369 1
57370 0
57371 3
57372 2
57373 1
57374 0
57375 3
57376 2
57377 1
57378 0
57379 3
57380 2
57381 1
57382 0
57383 3
57384 2
57385 1
57386 0
57387 3
57388 2
57389 1
57390 0
57391 3
57392 2
57393 1
57394 0
57395 3
57396 2
57397 1
57398 4
57399 0
57400 2
57401 1
57402 3
57403 0
57404 2
57405 1
57406 3
57407 0
57408 2
57409 1
57410 4
57411 3
57412 2
57413 1
57414 0
57415 3
57416 2
57417 1
57418 0
57419 3
57420 4
57421 2
57422 1
57423 0
57424 3
57425 2
57426 1
57427 0
57428 3
57429 2
57430 1
57431 0
57432 3
57433 2
57434 1
57435 0
57436 3
57437 2
57438 1
57439 0
57440 3
57441 2
57442 1
57443 0
57444 3
57445 4
57446 2
57447 1
57448 0
57449 3
57450 2
57451 1
57452 0
57453 3
57454 2
57455 1
57456 0
57457 3
57458 2
57459 1
57460 0
57461 3
57462 2
57463 1
57464 0
57465 3
57466 2
57467 1
57468 0
57469 3
57470 2
57471 1
57472 0
57473 3
57474 2
57475 1
57476 0
57477 3
57478 2
57479 1
57480 0
57481 3
57482 2
57483 1
57484 0
57485 3
57486 2
57487 1
57488 0
57489 3
57490 2
57491 1
57492 0
57493 3
57494 2
57495 1
57496 4
57497 0
57498 2
57499 1
57500 3
57501 0
57502 2
57503 1
57504 3
57505 0
57506 2
57507 1
57508 4
57509 3
57510 2
57511 1
57512 0
57513 3
57514 2
57515 1
57516 0
57517 3
57518 2
57519 1
57520 4
57521 0
57522 2
57523 1
57524 3
57525 0
57526 2
57527 1
57528 3
57529 0
57530 2
57531 1
57532 4
57533 3
57534 2
57535 1
57536 0
57537 3
57538 2
57539 1
57540 0
57541 3
57542 4
57543 2
57544 1
57545 0
57546 3
57547 2
57548 1
57549 0
57550 3
57551 2
57552 1
57553 0
57554 3
57555 2
57556 1
57557 0
57558 3
57559 2
57560 1
57561 0
57562 3
57563 2
57564 1
57565 0
57566 3
57567 2
57568 1
57569 0
57570 3
57571 2
57572 1
57573 0
57574 3
57575 2
57576 1
57577 0
57578 3
57579 2
57580 1
57581 0
57582 3
57583 2
57584 1
57585 0
57586 3
57587 2
57588 1
57589 0
57590 3
57591 4
57592 2
57593 1
57594 0
57595 3
57596 2
57597 1
57598 0
57599 3
57600 2
57601 1
57602 0
57603 3
57604 2
57605 1
57606 0
57607 3
57608 2
57609 1
57610 0
57611 3
57612 2
57613 1
57614 0
57615 3
57616 2
57617 1
57618 0
57619 3
57620 2
57621 1
57622 0
57623 3
57624 2
57625 1
57626 0
57627 3
57628 2
57629 1
57630 0
57631 3
57632 2
57633 1
57634 0
57635 3
57636 2
57637 1
57638 0
57639 3
57640 4
57641 2
57642 1
57643 0
57644 3
57645 2
57646 1
57647 0
57648 3
57649 2
57650 1
57651 0
57652 3
57653 2
57654 1
57655 0
57656 3
57657 2
57658 1
57659 0
57660 3
57661 2
57662 1
57663 0
57664 3
57665 2
57666 1
57667 0
57668 3
57669 2
57670 1
57671 0
57672 3
57673 2
57674 1
57675 0
57676 3
57677 2
57678 1
57679 0
57680 3
57681 2
57682 1
57683 0
57684 3
57685 2
57686 1
57687 0
57688 3
57689 2
57690 1
57691 4
57692 0
57693 2
57694 1
57695 3
57696 0
57697 2
57698 1
57699 3
57700 0
57701 2
57702 1
57703 4
57704 3
57705 2
57706 1
57707 0
57708 3
57709 2
57710 1
57711 0
57712 3
57713 2
57714 1
57715 4
57716 0
57717 2
57718 1
57719 3
57720 0
57721 2
57722 1
57723 3
57724 0
57725 2
57726 1
57727 4
57728 3
57729 2
57730 1
57731 0
57732 3
57733 2
57734 1
57735 0
57736 3
57737 4
57738 2
57739 1
57740 0
57741 3
57742 2
57743 1
57744 0
57745 3
57746 2
57747 1
57748 0
57749 3
57750 2
57751 1
57752 0
57753 3
57754 2
57755 1
57756 0
57757 3
57758 2
57759 1
57760 0
57761 3
57762 2
57763 1
57764 0
57765 3
57766 2
57767 1
57768 0
57769 3
57770 2
57771 1
57772 0
57773 3
57774 2
57775 1
57776 0
57777 3
57778 2
57779 1
57780 0
57781 3
57782 2
57783 1
57784 0
57785 3
57786 2
57787 1
57788 4
57789 0
57790 2
57791 1
57792 3
57793 0
57794 2
57795 1
57796 3
57797 0
57798 2
57799 1
57800 4
57801 3
57802 2
57803 1
57804 0
57805 3
57806 2
57807 1
57808 0
57809 3
57810 4
57811 2
57812 1
57813 0
57814 3
57815 2
57816 1
57817 0
57818 3
57819 2
57820 1
57821 0
57822 3
57823 2
57824 1
57825 0
57826 3
57827 2
57828 1
57829 0
57830 3
57831 2
57832 1
57833 0
57834 3
57835 4
57836 2
57837 1
57838 0
57839 3
57840 2
57841 1
57842 0
57843 3
57844 2
57845 1
57846 0
57847 3
57848 2
57849 1
57850 0
57851 3
57852 2
57853 1
57854 0
57855 3
57856 2
57857 1
57858 0
57859 3
57860 2
57861 1
57862 0
57863 3
57864 2
57865 1
57866 0
57867 3
57868 2
57869 1
57870 0
57871 3
57872 2
57873 1
57874 0
57875 3
57876 2
57877 1
57878 0
57879 3
57880 2
57881 1
57882 0
57883 3
57884 2
57885 1
57886 4
57887 0
57888 2
57889 1
57890 3
57891 0
57892 2
57893 1
57894 3
57895 0
57896 2
57897 1
57898 4
57899 3
57900 2
57901 1
57902 0
57903 3
57904 2
57905 1
57906 0
57907 3
57908 2
57909 1
57910 4
57911 0
57912 2
57913 1
57914 3
57915 0
57916 2
57917 1
57918 3
57919 0
57920 2
57921 1
57922 4
57923 3
57924 2
57925 1
57926 0
57927 3
57928 2
57929 1
57930 0
57931 3
57932 4
57933 2
57934 1
57935 0
57936 3
57937 2
57938 1
57939 0
57940 3
57941 2
57942 1
57943 0
57944 3
57945 2
57946 1
57947 0
57948 3
57949 2
57950 1
57951 0
57952 3
57953 2
57954 1
57955 0
57956 3
57957 2
57958 1
57959 0
57960 3
57961 2
57962 1
57963 0
57964 3
57965 2
57966 1
57967 0
57968 3
57969 2
57970 1
57971 0
57972 3
57973 2
57974 1
57975 0
57976 3
57977 2
57978 1
57979 0
57980 3
57981 4
57982 2
57983 1
57984 0
57985 3
57986 2
57987 1
57988 0
57989 3
57990 2
57991 1
57992 0
57993 3
57994 2
57995 1
57996 0
57997 3
57998 2
57999 1
58000 0
58001 3
58002 2
58003 1
58004 0
58005 3
58006 2
58007 1
58008 0
58009 3
58010 2
58011 1
58012 0
58013 3
58014 2
58015 1
58016 0
58017 3
58018 2
58019 1
58020 0
58021 3
58022 2
58023 1
58024 0
58025 3
58026 2
58027 1
58028 0
58029 3
58030 4
58031 2
58032 1
58033 0
58034 3
58035 2
58036 1
58037 0
58038 3
58039 2
58040 1
58041 0
58042 3
58043 2
58044 1
58045 0
58046 3
58047 2
58048 1
58049 0
58050 3
58051 2
58052 1
58053 0
58054 3
58055 2
58056 1
58057 0
58058 3
58059 2
58060 1
58061 0
58062 3
58063 2
58064 1
58065 0
58066 3
58067 2
58068 1
58069 0
58070 3
58071 2
58072 1
58073 0
58074 3
58075 2
58076 1
58077 0
58078 3
58079 2
58080 1
58081 4
58082 0
58083 2
58084 1
58085 3
58086 0
58087 2
58088 1
58089 3
58090 0
58091 2
58092 1
58093 4
58094 3
58095 2
58096 1
58097 0
58098 3
58099 2
58100 1
58101 0
58102 3
58103 4
58104 2
58105 1
58106 0
58107 3
58108 2
58109 1
58110 0
58111 3
58112 2
58113 1
58114 0
58115 3
58116 2
58117 1
58118 0
58119 3
58120 2
58121 1
58122 0
58123 3
58124 2
58125 1
58126 0
58127 3
58128 4
58129 2
58130 1
58131 0
58132 3
58133 2
58134 1
58135 0
58136 3
58137 2
58138 1
58139 0
58140 3
58141 2
58142 1
58143 0
58144 3
58145 2
58146 1
58147 0
58148 3
58149 2
58150 1
58151 0
58152 3
58153 2
58154 1
58155 0
58156 3
58157 2
58158 1
58159 0
58160 3
58161 2
58162 1
58163 0
58164 3
58165 2
58166 1
58167 0
58168 3
58169 2
58170 1
58171 0
58172 3
58173 2
58174 1
58175 0
58176 3
58177 2
58178 1
58179 4
58180 0
58181 2
58182 1
58183 3
58184 0
58185 2
58186 1
58187 3
58188 0
58189 2
58190 1
58191 4
58192 3
58193 2
58194 1
58195 0
58196 3
58197 2
58198 1
58199 0
58200 3
58201 4
58202 2
58203 1
58204 0
58205 3
58206 2
58207 1
58208 0
58209 3
58210 2
58211 1
58212 0
58213 3
58214 2
58215 1
58216 0
58217 3
58218 2
58219 1
58220 0
58221 3
58222 2
58223 1
58224 0
58225 3
58226 4
58227 2
58228 1
58229 0
58230 3
58231 2
58232 1
58233 0
58234 3
58235 2
58236 1
58237 0
58238 3
58239 2
58240 1
58241 0
58242 3
58243 2
58244 1
58245 0
58246 3
58247 2
58248 1
58249 0
58250 3
58251 2
58252 1
58253 0
58254 3
58255 2
58256 1
58257 0
58258 3
58259 2
58260 1
58261 0
58262 3
58263 2
58264 1
58265 0
58266 3
58267 2
58268 1
58269 0
58270 3
58271 2
58272 1
58273 0
58274 3
58275 2
58276 1
58277 4
58278 0
58279 2
58280 1
58281 3
58282 0
58283 2
58284 1
58285 3
58286 0
58287 2
58288 1
58289 4
58290 3
58291 2
58292 1
58293 0
58294 3
58295 2
58296 1
58297 0
58298 3
58299 2
58300 1
58301 4
58302 0
58303 2
58304 1
58305 3
58306 0
58307 2
58308 1
58309 3
58310 0
58311 2
58312 1
58313 4
58314 3
58315 2
58316 1
58317 0
58318 3
58319 2
58320 1
58321 0
58322 3
58323 4
58324 2
58325 1
58326 0
58327 3
58328 2
58329 1
58330 0
58331 3
58332 2
58333 1
58334 0
58335 3
58336 2
58337 1
58338 0
58339 3
58340 2
58341 1
58342 0
58343 3
58344 2
58345 1
58346 0
58347 3
58348 2
58349 1
58350 0
58351 3
58352 2
58353 1
58354 0
58355 3
58356 2
58357 1
58358 0
58359 3
58360 2
58361 1
58362 0
58363 3
58364 2
58365 1
58366 0
58367 3
58368 2
58369 1
58370 0
58371 3
58372 4
58373 2
58374 1
58375 0
58376 3
58377 2
58378 1
58379 0
58380 3
58381 2
58382 1
58383 0
58384 3
58385 2
58386 1
58387 0
58388 3
58389 2
58390 1
58391 0
58392 3
58393 2
58394 1
58395 0
58396 3
58397 2
58398 1
58399 0
58400 3
58401 2
58402 1
58403 0
58404 3
58405 2
58406 1
58407 0
58408 3
58409 2
58410 1
58411 0
58412 3
58413 2
58414 1
58415 0
58416 3
58417 2
58418 1
58419 0
58420 3
58421 4
58422 2
58423 1
58424 0
58425 3
58426 2
58427 1
58428 0
58429 3
58430 2
58431 1
58432 0
58433 3
58434 2
58435 1
58436 0
58437 3
58438 2
58439 1
58440 0
58441 3
58442 2
58443 1
58444 0
58445 3
58446 2
58447 1
58448 0
58449 3
58450 2
58451 1
58452 0
58453 3
58454 2
58455 1
58456 0
58457 3
58458 2
58459 1
58460 0
58461 3
58462 2
58463 1
58464 0
58465 3
58466 2
58467 1
58468 0
58469 3
58470 2
58471 1
58472 4
58473 0
58474 2
58475 1
58476 3
58477 0
58478 2
58479 1
58480 3
58481 0
58482 2
58483 1
58484 4
58485 3
58486 2
58487 1
58488 0
58489 3
58490 2
58491 1
58492 0
58493 3
58494 2
58495 1
58496 4
58497 0
58498 2
58499 1
58500 3
58501 0
58502 2
58503 1
58504 3
58505 0
58506 2
58507 1
58508 4
58509 3
58510 2
58511 1
58512 0
58513 3
58514 2
58515 1
58516 0
58517 3
58518 4
58519 2
58520 1
58521 0
58522 3
58523 2
58524 1
58525 0
58526 3
58527 2
58528 1
58529 0
58530 3
58531 2
58532 1
58533 0
58534 3
58535 2
58536 1
58537 0
58538 3
58539 2
58540 1
58541 0
58542 3
58543 2
58544 1
58545 0
58546 3
58547 2
58548 1
58549 0
58550 3
58551 2
58552 1
58553 0
58554 3
58555 2
58556 1
58557 0
58558 3
58559 2
58560 1
58561 0
58562 3
58563 2
58564 1
58565 0
58566 3
58567 4
58568 2
58569 1
58570 0
58571 3
58572 2
58573 1
58574 0
58575 3
58576 2
58577 1
58578 0
58579 3
58580 2
58581 1
58582 0
58583 3
58584 2
58585 1
58586 0
58587 3
58588 2
58589 1
58590 0
58591 3
58592 2
58593 1
58594 0
58595 3
58596 2
58597 1
58598 0
58599 3
58600 2
58601 1
58602 0
58603 3
58604 2
58605 1
58606 0
58607 3
58608 2
58609 1
58610 0
58611 3
58612 2
58613 1
58614 0
58615 3
58616 4
58617 2
58618 1
58619 0
58620 3
58621 2
58622 1
58623 0
58624 3
58625 2
58626 1
58627 0
58628 3
58629 2
58630 1
58631 0
58632 3
58633 2
58634 1
58635 0
58636 3
58637 2
58638 1
58639 0
58640 3
58641 2
58642 1
58643 0
58644 3
58645 2
58646 1
58647 0
58648 3
58649 2
58650 1
58651 0
58652 3
58653 2
58654 1
58655 0
58656 3
58657 2
58658 1
58659 0
58660 3
58661 2
58662 1
58663 0
58664 3
58665 2
58666 1
58667 4
58668 0
58669 2
58670 1
58671 3
58672 0
58673 2
58674 1
58675 3
58676 0
58677 2
58678 1
58679 4
58680 3
58681 2
58682 1
58683 0
58684 3
58685 2
58686 1
58687 0
58688 3
58689 2
58690 1
58691 4
58692 0
58693 2
58694 1
58695 3
58696 0
58697 2
58698 1
58699 3
58700 0
58701 2
58702 1
58703 4
58704 3
58705 2
58706 1
58707 0
58708 3
58709 2
58710 1
58711 0
58712 3
58713 4
58714 2
58715 1
58716 0
58717 3
58718 2
58719 1
58720 0
58721 3
58722 2
58723 1
58724 0
58725 3
58726 2
58727 1
58728 0
58729 3
58730 2
58731 1
58732 0
58733 3
58734 2
58735 1
58736 0
58737 3
58738 2
58739 1
58740 0
58741 3
58742 2
58743 1
58744 0
58745 3
58746 2
58747 1
58748 0
58749 3
58750 2
58751 1
58752 0
58753 3
58754 2
58755 1
58756 0
58757 3
58758 2
58759 1
58760 0
58761 3
58762 4
58763 2
58764 1
58765 0
58766 3
58767 2
58768 1
58769 0
58770 3
58771 2
58772 1
58773 0
58774 3
58775 2
58776 1
58777 0
58778 3
58779 2
58780 1
58781 0
58782 3
58783 2
58784 1
58785 0
58786 3
58787 2
58788 1
58789 0
58790 3
58791 2
58792 1
58793 0
58794 3
58795 2
58796 1
58797 0
58798 3
58799 2
58800 1
58801 0
58802 3
58803 2
58804 1
58805 0
58806 3
58807 2
58808 1
58809 0
58810 3
58811 4
58812 2
58813 1
58814 0
58815 3
58816 2
58817 1
58818 0
58819 3
58820 2
58821 1
58822 0
58823 3
58824 2
58825 1
58826 0
58827 3
58828 2
58829 1
58830 0
58831 3
58832 2
58833 1
58834 0
58835 3
58836 2
58837 1
58838 0
58839 3
58840 2
58841 1
58842 0
58843 3
58844 2
58845 1
58846 0
58847 3
58848 2
58849 1
58850 0
58851 3
58852 2
58853 1
58854 0
58855 3
58856 2
58857 1
58858 0
58859 3
58860 2
58861 1
58862 4
58863 0
58864 2
58865 1
58866 3
58867 0
58868 2
58869 1
58870 3
58871 0
58872 2
58873 1
58874 4
58875 3
58876 2
58877 1
58878 0
58879 3
58880 2
58881 1
58882 0
58883 3
58884 4
58885 2
58886 1
58887 0
58888 3
58889 2
58890 1
58891 0
58892 3
58893 2
58894 1
58895 0
58896 3
58897 2
58898 1
58899 0
58900 3
58901 2
58902 1
58903 0
58904 3
58905 2
58906 1
58907 0
58908 3
58909 4
58910 2
58911 1
58912 0
58913 3
58914 2
58915 1
58916 0
58917 3
58918 2
58919 1
58920 0
58921 3
58922 2
58923 1
58924 0
58925 3
58926 2
58927 1
58928 0
58929 3
58930 2
58931 1
58932 0
58933 3
58934 2
58935 1
58936 0
58937 3
58938 2
58939 1
58940 0
58941 3
58942 2
58943 1
58944 0
58945 3
58946 2
58947 1
58948 0
58949 3
58950 2
58951 1
58952 0
58953 3
58954 2
58955 1
58956 0
58957 3
58958 2
58959 1
58960 4
58961 0
58962 2
58963 1
58964 3
58965 0
58966 2
58967 1
58968 3
58969 0
58970 2
58971 1
58972 4
58973 3
58974 2
58975 1
58976 0
58977 3
58978 2
58979 1
58980 0
58981 3
58982 4
58983 2
58984 1
58985 0
58986 3
58987 2
58988 1
58989 0
58990 3
58991 2
58992 1
58993 0
58994 3
58995 2
58996 1
58997 0
58998 3
58999 2
59000 1
59001 0
59002 3
59003 2
59004 1
59005 0
59006 3
59007 4
59008 2
59009 1
59010 0
59011 3
59012 2
59013 1
59014 0
59015 3
59016 2
59017 1
59018 0
59019 3
59020 2
59021 1
59022 0
59023 3
59024 2
59025 1
59026 0
59027 3
59028 2
59029 1
59030 0
59031 3
59032 2
59033 1
59034 0
59035 3
59036 2
59037 1
59038 0
59039 3
59040 2
59041 1
59042 0
59043 3
59044 2
59045 1
59046 0
59047 3
59048 2
59049 1
59050 0
59051 3
59052 2
59053 1
59054 0
59055 3
59056 2
59057 1
59058 4
59059 0
59060 2
59061 1
59062 3
59063 0
59064 2
59065 1
59066 3
59067 0
59068 2
59069 1
59070 4
59071 3
59072 2
59073 1
59074 0
59075 3
59076 2
59077 1
59078 0
59079 3
59080 2
59081 1
59082 4
59083 0
59084 2
59085 1
59086 3
59087 0
59088 2
59089 1
59090 3
59091 0
59092 2
59093 1
59094 4
59095 3
59096 2
59097 1
59098 0
59099 3
59100 2
59101 1
59102 0
59103 3
59104 4
59105 2
59106 1
59107 0
59108 3
59109 2
59110 1
59111 0
59112 3
59113 2
59114 1
59115 0
59116 3
59117 2
59118 1
59119 0
59120 3
59121 2
59122 1
59123 0
59124 3
59125 2
59126 1
59127 0
59128 3
59129 2
59130 1
59131 0
59132 3
59133 2
59134 1
59135 0
59136 3
59137 2
59138 1
59139 0
59140 3
59141 2
59142 1
59143 0
59144 3
59145 2
59146 1
59147 0
59148 3
59149 2
59150 1
59151 0
59152 3
59153 4
59154 2
59155 1
59156 0
59157 3
59158 2
59159 1
59160 0
59161 3
59162 2
59163 1
59164 0
59165 3
59166 2
59167 1
59168 0
59169 3
59170 2
59171 1
59172 0
59173 3
59174 2
59175 1
59176 0
59177 3
59178 2
59179 1
59180 0
59181 3
59182 2
59183 1
59184 0
59185 3
59186 2
59187 1
59188 0
59189 3
59190 2
59191 1
59192 0
59193 3
59194 2
59195 1
59196 0
59197 3
59198 2
59199 1
59200 0
59201 3
59202 4
59203 2
59204 1
59205 0
59206 3
59207 2
59208 1
59209 0
59210 3
59211 2
59212 1
59213 0
59214 3
59215 2
59216 1
59217 0
59218 3
59219 2
59220 1
59221 0
59222 3
59223 2
59224 1
59225 0
59226 3
59227 2
59228 1
59229 0
59230 3
59231 2
59232 1
59233 0
59234 3
59235 2
59236 1
59237 0
59238 3
59239 2
59240 1
59241 0
59242 3
59243 2
59244 1
59245 0
59246 3
59247 2
59248 1
59249 0
59250 3
59251 2
59252 1
59253 4
59254 0
59255 2
59256 1
59257 3
59258 0
59259 2
59260 1
59261 3
59262 0
59263 2
59264 1
59265 4
59266 3
59267 2
59268 1
59269 0
59270 3
59271 2
59272 1
59273 0
59274 3
59275 2
59276 1
59277 4
59278 0
59279 2
59280 1
59281 3
59282 0
59283 2
59284 1
59285 3
59286 0
59287 2
59288 1
59289 4
59290 3
59291 2
59292 1
59293 0
59294 3
59295 2
59296 1
59297 0
59298 3
59299 4
59300 2
59301 1
59302 0
59303 3
59304 2
59305 1
59306 0
59307 3
59308 2
59309 1
59310 0
59311 3
59312 2
59313 1
59314 0
59315 3
59316 2
59317 1
59318 0
59319 3
59320 2
59321 1
59322 0
59323 3
59324 2
59325 1
59326 0
59327 3
59328 2
59329 1
59330 0
59331 3
59332 2
59333 1
59334 0
59335 3
59336 2
59337 1
59338 0
59339 3
59340 2
59341 1
59342 0
59343 3
59344 2
59345 1
59346 0
59347 3
59348 4
59349 2
59350 1
59351 0
59352 3
59353 2
59354 1
59355 0
59356 3
59357 2
59358 1
59359 0
59360 3
59361 2
59362 1
59363 0
59364 3
59365 2
59366 1
59367 0
59368 3
59369 2
59370 1
59371 0
59372 3
59373 2
59374 1
59375 0
59376 3
59377 2
59378 1
59379 0
59380 3
59381 2
59382 1
59383 0
59384 3
59385 2
59386 1
59387 0
59388 3
59389 2
59390 1
59391 0
59392 3
59393 2
59394 1
59395 0
59396 3
59397 4
59398 2
59399 1
59400 0
59401 3
59402 2
59403 1
59404 0
59405 3
59406 2
59407 1
59408 0
59409 3
59410 2
59411 1
59412 0
59413 3
59414 2
59415 1
59416 0
59417 3
59418 2
59419 1
59420 0
59421 3
59422 2
59423 1
59424 0
59425 3
59426 2
59427 1
59428 0
59429 3
59430 2
59431 1
59432 0
59433 3
59434 2
59435 1
59436 0
59437 3
59438 2
59439 1
59440 0
59441 3
59442 2
59443 1
59444 0
59445 3
59446 2
59447 1
59448 4
59449 0
59450 2
59451 1
59452 3
59453 0
59454 2
59455 1
59456 3
59457 0
59458 2
59459 1
59460 4
59461 3
59462 2
59463 1
59464 0
59465 3
59466 2
59467 1
59468 0
59469 3
59470 2
59471 1
59472 4
59473 0
59474 2
59475 1
59476 3
59477 0
59478 2
59479 1
59480 3
59481 0
59482 2
59483 1
59484 4
59485 3
59486 2
59487 1
59488 0
59489 3
59490 2
59491 1
59492 0
59493 3
59494 4
59495 2
59496 1
59497 0
59498 3
59499 2
59500 1
59501 0
59502 3
59503 2
59504 1
59505 0
59506 3
59507 2
59508 1
59509 0
59510 3
59511 2
59512 1
59513 0
59514 3
59515 2
59516 1
59517 0
59518 3
59519 2
59520 1
59521 0
59522 3
59523 2
59524 1
59525 0
59526 3
59527 2
59528 1
59529 0
59530 3
59531 2
59532 1
59533 0
59534 3
59535 2
59536 1
59537 0
59538 3
59539 2
59540 1
59541 0
59542 3
59543 4
59544 2
59545 1
59546 0
59547 3
59548 2
59549 1
59550 0
59551 3
59552 2
59553 1
59554 0
59555 3
59556 2
59557 1
59558 0
59559 3
59560 2
59561 1
59562 0
59563 3
59564 2
59565 1
59566 0
59567 3
59568 2
59569 1
59570 0
59571 3
59572 2
59573 1
59574 0
59575 3
59576 2
59577 1
59578 0
59579 3
59580 2
59581 1
59582 0
59583 3
59584 2
59585 1
59586 0
59587 3
59588 2
59589 1
59590 0
59591 3
59592 4
59593 2
59594 1
59595 0
59596 3
59597 2
59598 1
59599 0
59600 3
59601 2
59602 1
59603 0
59604 3
59605 2
59606 1
59607 0
59608 3
59609 2
59610 1
59611 0
59612 3
59613 2
59614 1
59615 0
59616 3
59617 2
59618 1
59619 0
59620 3
59621 2
59622 1
59623 0
59624 3
59625 2
59626 1
59627 0
59628 3
59629 2
59630 1
59631 0
59632 3
59633 2
59634 1
59635 0
59636 3
59637 2
59638 1
59639 0
59640 3
59641 2
59642 1
59643 4
59644 0
59645 2
59646 1
59647 3
59648 0
59649 2
59650 1
59651 3
59652 0
59653 2
59654 1
59655 4
59656 3
59657 2
59658 1
59659 0
59660 3
59661 2
59662 1
59663 0
59664 3
59665 4
59666 2
59667 1
59668 0
59669 3
59670 2
59671 1
59672 0
59673 3
59674 2
59675 1
59676 0
59677 3
59678 2
59679 1
59680 0
59681 3
59682 2
59683 1
59684 0
59685 3
59686 2
59687 1
59688 0
59689 3
59690 4
59691 2
59692 1
59693 0
59694 3
59695 2
59696 1
59697 0
59698 3
59699 2
59700 1
59701 0
59702 3
59703 2
59704 1
59705 0
59706 3
59707 2
59708 1
59709 0
59710 3
59711 2
59712 1
59713 0
59714 3
59715 2
59716 1
59717 0
59718 3
59719 2
59720 1
59721 0
59722 3
59723 2
59724 1
59725 0
59726 3
59727 2
59728 1
59729 0
59730 3
59731 2
59732 1
59733 0
59734 3
59735 2
59736 1
59737 0
59738 3
59739 2
59740 1
59741 4
59742 0
59743 2
59744 1
59745 3
59746 0
59747 2
59748 1
59749 3
59750 0
59751 2
59752 1
59753 4
59754 3
59755 2
59756 1
59757 0
59758 3
59759 2
59760 1
59761 0
59762 3
59763 4
59764 2
59765 1
59766 0
59767 3
59768 2
59769 1
59770 0
59771 3
59772 2
59773 1
59774 0
59775 3
59776 2
59777 1
59778 0
59779 3
59780 2
59781 1
59782 0
59783 3
59784 2
59785 1
59786 0
59787 3
59788 4
59789 2
59790 1
59791 0
59792 3
59793 2
59794 1
59795 0
59796 3
59797 2
59798 1
59799 0
59800 3
59801 2
59802 1
59803 0
59804 3
59805 2
59806 1
59807 0
59808 3
59809 2
59810 1
59811 0
59812 3
59813 2
59814 1
59815 0
59816 3
59817 2
59818 1
59819 0
59820 3
59821 2
59822 1
59823 0
59824 3
59825 2
59826 1
59827 0
59828 3
59829 2
59830 1
59831 0
59832 3
59833 2
59834 1
59835 0
59836 3
59837 2
59838 1
59839 4
59840 0
59841 2
59842 1
59843 3
59844 0
59845 2
59846 1
59847 3
59848 0
59849 2
59850 1
59851 4
59852 3
59853 2
59854 1
59855 0
59856 3
59857 2
59858 1
59859 0
59860 3
59861 2
59862 1
59863 4
59864 0
59865 2
59866 1
59867 3
59868 0
59869 2
59870 1
59871 3
59872 0
59873 2
59874 1
59875 4
59876 3
59877 2
59878 1
59879 0
59880 3
59881 2
59882 1
59883 0
59884 3
59885 4
59886 2
59887 1
59888 0
59889 3
59890 2
59891 1
59892 0
59893 3
59894 2
59895 1
59896 0
59897 3
59898 2
59899 1
59900 0
59901 3
59902 2
59903 1
59904 0
59905 3
59906 2
59907 1
59908 0
59909 3
59910 2
59911 1
59912 0
59913 3
59914 2
59915 1
59916 0
59917 3
59918 2
59919 1
59920 0
59921 3
59922 2
59923 1
59924 0
59925 3
59926 2
59927 1
59928 0
59929 3
59930 2
59931 1
59932 0
59933 3
59934 4
59935 2
59936 1
59937 0
59938 3
59939 2
59940 1
59941 0
59942 3
59943 2
59944 1
59945 0
59946 3
59947 2
59948 1
59949 0
59950 3
59951 2
59952 1
59953 0
59954 3
59955 2
59956 1
59957 0
59958 3
59959 2
59960 1
59961 0
59962 3
59963 2
59964 1
59965 0
59966 3
59967 2
59968 1
59969 0
59970 3
59971 2
59972 1
59973 0
59974 3
59975 2
59976 1
59977 0
59978 3
59979 2
59980 1
59981 0
59982 3
59983 4
59984 2
59985 1
59986 0
59987 3
59988 2
59989 1
59990 0
59991 3
59992 2
59993 1
59994 0
59995 3
59996 2
59997 1
59998 0
59999 3
60000 2
60001 1
60002 0
60003 3
60004 2
60005 1
60006 0
60007 3
60008 2
60009 1
60010 0
60011 3
60012 2
60013 1
60014 0
60015 3
60016 2
60017 1
60018 0
60019 3
60020 2
60021 1
60022 0
60023 3
60024 2
60025 1
60026 0
60027 3
60028 2
60029 1
60030 0
60031 3
60032 2
60033 1
60034 4
60035 0
60036 2
60037 1
60038 3
60039 0
60040 2
60041 1
60042 3
60043 0
60044 2
60045 1
60046 4
60047 3
60048 2
60049 1
60050 0
60051 3
60052 2
60053 1
60054 0
60055 3
60056 2
60057 1
60058 4
60059 0
60060 2
60061 1
60062 3
60063 0
60064 2
60065 1
60066 3
60067 0
60068 2
60069 1
60070 4
60071 3
60072 2
60073 1
60074 0
60075 3
60076 2
60077 1
60078 0
60079 3
60080 4
60081 2
60082 1
60083 0
60084 3
60085 2
60086 1
60087 0
60088 3
60089 2
60090 1
60091 0
60092 3
60093 2
60094 1
60095 0
60096 3
60097 2
60098 1
60099 0
60100 3
60101 2
60102 1
60103 0
60104 3
60105 2
60106 1
60107 0
60108 3
60109 2
60110 1
60111 0
60112 3
60113 2
60114 1
60115 0
60116 3
60117 2
60118 1
60119 0
60120 3
60121 2
60122 1
60123 0
60124 3
60125 2
60126 1
60127 0
60128 3
60129 4
60130 2
60131 1
60132 0
60133 3
60134 2
60135 1
60136 0
60137 3
60138 2
60139 1
60140 0
60141 3
60142 2
60143 1
60144 0
60145 3
60146 2
60147 1
60148 0
60149 3
60150 2
60151 1
60152 0
60153 3
60154 2
60155 1
60156 0
60157 3
60158 2
60159 1
60160 0
60161 3
60162 2
60163 1
60164 0
60165 3
60166 2
60167 1
60168 0
60169 3
60170 2
60171 1
60172 0
60173 3
60174 2
60175 1
60176 0
60177 3
60178 4
60179 2
60180 1
60181 0
60182 3
60183 2
60184 1
60185 0
60186 3
60187 2
60188 1
60189 0
60190 3
60191 2
60192 1
60193 0
60194 3
60195 2
60196 1
60197 0
60198 3
60199 2
60200 1
60201 0
60202 3
60203 2
60204 1
60205 0
60206 3
60207 2
60208 1
60209 0
60210 3
60211 2
60212 1
60213 0
60214 3
60215 2
60216 1
60217 0
60218 3
60219 2
60220 1
60221 0
60222 3
60223 2
60224 1
60225 0
60226 3
60227 2
60228 1
60229 4
60230 0
60231 2
60232 1
60233 3
60234 0
60235 2
60236 1
60237 3
60238 0
60239 2
60240 1
60241 4
60242 3
60243 2
60244 1
60245 0
60246 3
60247 2
60248 1
60249 0
60250 3
60251 2
60252 1
60253 4
60254 0
60255 2
60256 1
60257 3
60258 0
60259 2
60260 1
60261 3
60262 0
60263 2
60264 1
60265 4
60266 3
60267 2
60268 1
60269 0
60270 3
60271 2
60272 1
60273 0
60274 3
60275 4
60276 2
60277 1
60278 0
60279 3
60280 2
60281 1
60282 0
60283 3
60284 2
60285 1
60286 0
60287 3
60288 2
60289 1
60290 0
60291 3
60292 2
60293 1
60294 0
60295 3
60296 2
60297 1
60298 0
60299 3
60300 2
60301 1
60302 0
60303 3
60304 2
60305 1
60306 0
60307 3
60308 2
60309 1
60310 0
60311 3
60312 2
60313 1
60314 0
60315 3
60316 2
60317 1
60318 0
60319 3
60320 2
60321 1
60322 0
60323 3
60324 4
60325 2
60326 1
60327 0
60328 3
60329 2
60330 1
60331 0
60332 3
60333 2
60334 1
60335 0
60336 3
60337 2
60338 1
60339 0
60340 3
60341 2
60342 1
60343 0
60344 3
60345 2
60346 1
60347 0
60348 3
60349 2
60350 1
60351 0
60352 3
60353 2
60354 1
60355 0
60356 3
60357 2
60358 1
60359 0
60360 3
60361 2
60362 1
60363 0
60364 3
60365 2
60366 1
60367 0
60368 3
60369 2
60370 1
60371 0
60372 3
60373 4
60374 2
60375 1
60376 0
60377 3
60378 2
60379 1
60380 0
60381 3
60382 2
60383 1
60384 0
60385 3
60386 2
60387 1
60388 0
60389 3
60390 2
60391 1
60392 0
60393 3
60394 2
60395 1
60396 0
60397 3
60398 2
60399 1
60400 0
60401 3
60402 2
60403 1
60404 0
60405 3
60406 2
60407 1
60408 0
60409 3
60410 2
60411 1
60412 0
60413 3
60414 2
60415 1
60416 0
60417 3
60418 2
60419 1
60420 0
60421 3
60422 2
60423 1
60424 4
60425 0
60426 2
60427 1
60428 3
60429 0
60430 2
60431 1
60432 3
60433 0
60434 2
60435 1
60436 4
60437 3
60438 2
60439 1
60440 0
60441 3
60442 2
60443 1
60444 0
60445 3
60446 4
60447 2
60448 1
60449 0
60450 3
60451 2
60452 1
60453 0
60454 3
60455 2
60456 1
60457 0
60458 3
60459 2
60460 1
60461 0
60462 3
60463 2
60464 1
60465 0
60466 3
60467 2
60468 1
60469 0
60470 3
60471 4
60472 2
60473 1
60474 0
60475 3
60476 2
60477 1
60478 0
60479 3
60480 2
60481 1
60482 0
60483 3
60484 2
60485 1
60486 0
60487 3
60488 2
60489 1
60490 0
60491 3
60492 2
60493 1
60494 0
60495 3
60496 2
60497 1
60498 0
60499 3
60500 2
60501 1
60502 0
60503 3
60504 2
60505 1
60506 0
60507 3
60508 2
60509 1
60510 0
60511 3
60512 2
60513 1
60514 0
60515 3
60516 2
60517 1
60518 0
60519 3
60520 2
60521 1
60522 4
60523 0
60524 2
60525 1
60526 3
60527 0
60528 2
60529 1
60530 3
60531 0
60532 2
60533 1
60534 4
60535 3
60536 2
60537 1
60538 0
60539 3
60540 2
60541 1
60542 0
60543 3
60544 4
60545 2
60546 1
60547 0
60548 3
60549 2
60550 1
60551 0
60552 3
60553 2
60554 1
60555 0
60556 3
60557 2
60558 1
60559 0
60560 3
60561 2
60562 1
60563 0
60564 3
60565 2
60566 1
60567 0
60568 3
60569 4
60570 2
60571 1
60572 0
60573 3
60574 2
60575 1
60576 0
60577 3
60578 2
60579 1
60580 0
60581 3
60582 2
60583 1
60584 0
60585 3
60586 2
60587 1
60588 0
60589 3
60590 2
60591 1
60592 0
60593 3
60594 2
60595 1
60596 0
60597 3
60598 2
60599 1
60600 0
60601 3
60602 2
60603 1
60604 0
60605 3
60606 2
60607 1
60608 0
60609 3
60610 2
60611 1
60612 0
60613 3
60614 2
60615 1
60616 0
60617 3
60618 2
60619 1
60620 4
60621 0
60622 2
60623 1
60624 3
60625 0
60626 2
60627 1
60628 3
60629 0
60630 2
60631 1
60632 4
60633 3
60634 2
60635 1
60636 0
60637 3
60638 2
60639 1
60640 0
60641 3
60642 2
60643 1
60644 4
60645 0
60646 2
60647 1
60648 3
60649 0
60650 2
60651 1
60652 3
60653 0
60654 2
60655 1
60656 4
60657 3
60658 2
60659 1
60660 0
60661 3
60662 2
60663 1
60664 0
60665 3
60666 4
60667 2
60668 1
60669 0
60670 3
60671 2
60672 1
60673 0
60674 3
60675 2
60676 1
60677 0
60678 3
60679 2
60680 1
60681 0
60682 3
60683 2
60684 1
60685 0
60686 3
60687 2
60688 1
60689 0
60690 3
60691 2
60692 1
60693 0
60694 3
60695 2
60696 1
60697 0
60698 3
60699 2
60700 1
60701 0
60702 3
60703 2
60704 1
60705 0
60706 3
60707 2
60708 1
60709 0
60710 3
60711 2
60712 1
60713 0
60714 3
60715 4
60716 2
60717 1
60718 0
60719 3
60720 2
60721 1
60722 0
60723 3
60724 2
60725 1
60726 0
60727 3
60728 2
60729 1
60730 0
60731 3
60732 2
60733 1
60734 0
60735 3
60736 2
60737 1
60738 0
60739 3
60740 2
60741 1
60742 0
60743 3
60744 2
60745 1
60746 0
60747 3
60748 2
60749 1
60750 0
60751 3
60752 2
60753 1
60754 0
60755 3
60756 2
60757 1
60758 0
60759 3
60760 2
60761 1
60762 0
60763 3
60764 4
60765 2
60766 1
60767 0
60768 3
60769 2
60770 1
60771 0
60772 3
60773 2
60774 1
60775 0
60776 3
60777 2
60778 1
60779 0
60780 3
60781 2
60782 1
60783 0
60784 3
60785 2
60786 1
60787 0
60788 3
60789 2
60790 1
60791 0
60792 3
60793 2
60794 1
60795 0
60796 3
60797 2
60798 1
60799 0
60800 3
60801 2
60802 1
60803 0
60804 3
60805 2
60806 1
60807 0
60808 3
60809 2
60810 1
60811 0
60812 3
60813 2
60814 1
60815 4
60816 0
60817 2
60818 1
60819 3
60820 0
60821 2
60822 1
60823 3
60824 0
60825 2
60826 1
60827 4
60828 3
60829 2
60830 1
60831 0
60832 3
60833 2
60834 1
60835 0
60836 3
60837 4
60838 2
60839 1
60840 0
60841 3
60842 2
60843 1
60844 0
60845 3
60846 2
60847 1
60848 0
60849 3
60850 2
60851 1
60852 0
60853 3
60854 2
60855 1
60856 0
60857 3
60858 2
60859 1
60860 0
60861 3
60862 4
60863 2
60864 1
60865 0
60866 3
60867 2
60868 1
60869 0
60870 3
60871 2
60872 1
60873 0
60874 3
60875 2
60876 1
60877 0
60878 3
60879 2
60880 1
60881 0
60882 3
60883 2
60884 1
60885 0
60886 3
60887 2
60888 1
60889 0
60890 3
60891 2
60892 1
60893 0
60894 3
60895 2
60896 1
60897 0
60898 3
60899 2
60900 1
60901 0
60902 3
60903 2
60904 1
60905 0
60906 3
60907 2
60908 1
60909 0
60910 3
60911 2
60912 1
60913 4
60914 0
60915 2
60916 1
60917 3
60918 0
60919 2
60920 1
60921 3
60922 0
60923 2
60924 1
60925 4
60926 3
60927 2
60928 1
60929 0
60930 3
60931 2
60932 1
60933 0
60934 3
60935 4
60936 2
60937 1
60938 0
60939 3
60940 2
60941 1
60942 0
60943 3
60944 2
60945 1
60946 0
60947 3
60948 2
60949 1
60950 0
60951 3
60952 2
60953 1
60954 0
60955 3
60956 2
60957 1
60958 0
60959 3
60960 4
60961 2
60962 1
60963 0
60964 3
60965 2
60966 1
60967 0
60968 3
60969 2
60970 1
60971 0
60972 3
60973 2
60974 1
60975 0
60976 3
60977 2
60978 1
60979 0
60980 3
60981 2
60982 1
60983 0
60984 3
60985 2
60986 1
60987 0
60988 3
60989 2
60990 1
60991 0
60992 3
60993 2
60994 1
60995 0
60996 3
60997 2
60998 1
60999 0
61000 3
61001 2
61002 1
61003 0
61004 3
61005 2
61006 1
61007 0
61008 3
61009 2
61010 1
61011 4
61012 0
61013 2
61014 1
61015 3
61016 0
61017 2
61018 1
61019 3
61020 0
61021 2
61022 1
61023 4
61024 3
61025 2
61026 1
61027 0
61028 3
61029 2
61030 1
61031 0
61032 3
61033 2
61034 1
61035 4
61036 0
61037 2
61038 1
61039 3
61040 0
61041 2
61042 1
61043 3
61044 0
61045 2
61046 1
61047 4
61048 3
61049 2
61050 1
61051 0
61052 3
61053 2
61054 1
61055 0
61056 3
61057 4
61058 2
61059 1
61060 0
61061 3
61062 2
61063 1
61064 0
61065 3
61066 2
61067 1
61068 0
61069 3
61070 2
61071 1
61072 0
61073 3
61074 2
61075 1
61076 0
61077 3
61078 2
61079 1
61080 0
61081 3
61082 2
61083 1
61084 0
61085 3
61086 2
61087 1
61088 0
61089 3
61090 2
61091 1
61092 0
61093 3
61094 2
61095 1
61096 0
61097 3
61098 2
61099 1
61100 0
61101 3
61102 2
61103 1
61104 0
61105 3
61106 4
61107 2
61108 1
61109 0
61110 3
61111 2
61112 1
61113 0
61114 3
61115 2
61116 1
61117 0
61118 3
61119 2
61120 1
61121 0
61122 3
61123 2
61124 1
61125 0
61126 3
61127 2
61128 1
61129 0
61130 3
61131 2
61132 1
61133 0
61134 3
61135 2
61136 1
61137 0
61138 3
61139 2
61140 1
61141 0
61142 3
61143 2
61144 1
61145 0
61146 3
61147 2
61148 1
61149 0
61150 3
61151 2
61152 1
61153 0
61154 3
61155 4
61156 2
61157 1
61158 0
61159 3
61160 2
61161 1
61162 0
61163 3
61164 2
61165 1
61166 0
61167 3
61168 2
61169 1
61170 0
61171 3
61172 2
61173 1
61174 0
61175 3
61176 2
61177 1
61178 0
61179 3
61180 2
61181 1
61182 0
61183 3
61184 2
61185 1
61186 0
61187 3
61188 2
61189 1
61190 0
61191 3
61192 2
61193 1
61194 0
61195 3
61196 2
61197 1
61198 0
61199 3
61200 2
61201 1
61202 0
61203 3
61204 2
61205 1
61206 4
61207 0
61208 2
61209 1
61210 3
61211 0
61212 2
61213 1
61214 3
61215 0
61216 2
61217 1
61218 4
61219 3
61220 2
61221 1
61222 0
61223 3
61224 2
61225 1
61226 0
61227 3
61228 4
61229 2
61230 1
61231 0
61232 3
61233 2
61234 1
61235 0
61236 3
61237 2
61238 1
61239 0
61240 3
61241 2
61242 1
61243 0
61244 3
61245 2
61246 1
61247 0
61248 3
61249 2
61250 1
61251 0
61252 3
61253 4
61254 2
61255 1
61256 0
61257 3
61258 2
61259 1
61260 0
61261 3
61262 2
61263 1
61264 0
61265 3
61266 2
61267 1
61268 0
61269 3
61270 2
61271 1
61272 0
61273 3
61274 2
61275 1
61276 0
61277 3
61278 2
61279 1
61280 0
61281 3
61282 2
61283 1
61284 0
61285 3
61286 2
61287 1
61288 0
61289 3
61290 2
61291 1
61292 0
61293 3
61294 2
61295 1
61296 0
61297 3
61298 2
61299 1
61300 0
61301 3
61302 2
61303 1
61304 4
61305 0
61306 2
61307 1
61308 3
61309 0
61310 2
61311 1
61312 3
61313 0
61314 2
61315 1
61316 4
61317 3
61318 2
61319 1
61320 0
61321 3
61322 2
61323 1
61324 0
61325 3
61326 4
61327 2
61328 1
61329 0
61330 3
61331 2
61332 1
61333 0
61334 3
61335 2
61336 1
61337 0
61338 3
61339 2
61340 1
61341 0
61342 3
61343 2
61344 1
61345 0
61346 3
61347 2
61348 1
61349 0
61350 3
61351 4
61352 2
61353 1
61354 0
61355 3
61356 2
61357 1
61358 0
61359 3
61360 2
61361 1
61362 0
61363 3
61364 2
61365 1
61366 0
61367 3
61368 2
61369 1
61370 0
61371 3
61372 2
61373 1
61374 0
61375 3
61376 2
61377 1
61378 0
61379 3
61380 2
61381 1
61382 0
61383 3
61384 2
61385 1
61386 0
61387 3
61388 2
61389 1
61390 0
61391 3
61392 2
61393 1
61394 0
61395 3
61396 2
61397 1
61398 0
61399 3
61400 2
61401 1
61402 4
61403 0
61404 2
61405 1
61406 3
61407 0
61408 2
61409 1
61410 3
61411 0
61412 2
61413 1
61414 4
61415 3
61416 2
61417 1
61418 0
61419 3
61420 2
61421 1
61422 0
61423 3
61424 2
61425 1
61426 4
61427 0
61428 2
61429 1
61430 3
61431 0
61432 2
61433 1
61434 3
61435 0
61436 2
61437 1
61438 4
61439 3
61440 2
61441 1
61442 0
61443 3
61444 2
61445 1
61446 0
61447 3
61448 4
61449 2
61450 1
61451 0
61452 3
61453 2
61454 1
61455 0
61456 3
61457 2
61458 1
61459 0
61460 3
61461 2
61462 1
61463 0
61464 3
61465 2
61466 1
61467 0
61468 3
61469 2
61470 1
61471 0
61472 3
61473 2
61474 1
61475 0
61476 3
61477 2
61478 1
61479 0
61480 3
61481 2
61482 1
61483 0
61484 3
61485 2
61486 1
61487 0
61488 3
61489 2
61490 1
61491 0
61492 3
61493 2
61494 1
61495 0
61496 3
61497 4
61498 2
61499 1
61500 0
61501 3
61502 2
61503 1
61504 0
61505 3
61506 2
61507 1
61508 0
61509 3
61510 2
61511 1
61512 0
61513 3
61514 2
61515 1
61516 0
61517 3
61518 2
61519 1
61520 0
61521 3
61522 2
61523 1
61524 0
61525 3
61526 2
61527 1
61528 0
61529 3
61530 2
61531 1
61532 0
61533 3
61534 2
61535 1
61536 0
61537 3
61538 2
61539 1
61540 0
61541 3
61542 2
61543 1
61544 0
61545 3
61546 4
61547 2
61548 1
61549 0
61550 3
61551 2
61552 1
61553 0
61554 3
61555 2
61556 1
61557 0
61558 3
61559 2
61560 1
61561 0
61562 3
61563 2
61564 1
61565 0
61566 3
61567 2
61568 1
61569 0
61570 3
61571 2
61572 1
61573 0
61574 3
61575 2
61576 1
61577 0
61578 3
61579 2
61580 1
61581 0
61582 3
61583 2
61584 1
61585 0
61586 3
61587 2
61588 1
61589 0
61590 3
61591 2
61592 1
61593 0
61594 3
61595 2
61596 1
61597 4
61598 0
61599 2
61600 1
61601 3
61602 0
61603 2
61604 1
61605 3
61606 0
61607 2
61608 1
61609 4
61610 3
61611 2
61612 1
61613 0
61614 3
61615 2
61616 1
61617 0
61618 3
61619 2
61620 1
61621 4
61622 0
61623 2
61624 1
61625 3
61626 0
61627 2
61628 1
61629 3
61630 0
61631 2
61632 1
61633 4
61634 3
61635 2
61636 1
61637 0
61638 3
61639 2
61640 1
61641 0
61642 3
61643 4
61644 2
61645 1
61646 0
61647 3
61648 2
61649 1
61650 0
61651 3
61652 2
61653 1
61654 0
61655 3
61656 2
61657 1
61658 0
61659 3
61660 2
61661 1
61662 0
61663 3
61664 2
61665 1
61666 0
61667 3
61668 2
61669 1
61670 0
61671 3
61672 2
61673 1
61674 0
61675 3
61676 2
61677 1
61678 0
61679 3
61680 2
61681 1
61682 0
61683 3
61684 2
61685 1
61686 0
61687 3
61688 2
61689 1
61690 0
61691 3
61692 4
61693 2
61694 1
61695 0
61696 3
61697 2
61698 1
61699 0
61700 3
61701 2
61702 1
61703 0
61704 3
61705 2
61706 1
61707 0
61708 3
61709 2
61710 1
61711 0
61712 3
61713 2
61714 1
61715 0
61716 3
61717 2
61718 1
61719 0
61720 3
61721 2
61722 1
61723 0
61724 3
61725 2
61726 1
61727 0
61728 3
61729 2
61730 1
61731 0
61732 3
61733 2
61734 1
61735 0
61736 3
61737 2
61738 1
61739 0
61740 3
61741 4
61742 2
61743 1
61744 0
61745 3
61746 2
61747 1
61748 0
61749 3
61750 2
61751 1
61752 0
61753 3
61754 2
61755 1
61756 0
61757 3
61758 2
61759 1
61760 0
61761 3
61762 2
61763 1
61764 0
61765 3
61766 2
61767 1
61768 0
61769 3
61770 2
61771 1
61772 0
61773 3
61774 2
61775 1
61776 0
61777 3
61778 2
61779 1
61780 0
61781 3
61782 2
61783 1
61784 0
61785 3
61786 2
61787 1
61788 0
61789 3
61790 2
61791 1
61792 4
61793 0
61794 2
61795 1
61796 3
61797 0
61798 2
61799 1
61800 3
61801 0
61802 2
61803 1
61804 4
61805 3
61806 2
61807 1
61808 0
61809 3
61810 2
61811 1
61812 0
61813 3
61814 2
61815 1
61816 4
61817 0
61818 2
61819 1
61820 3
61821 0
61822 2
61823 1
61824 3
61825 0
61826 2
61827 1
61828 4
61829 3
61830 2
61831 1
61832 0
61833 3
61834 2
61835 1
61836 0
61837 3
61838 4
61839 2
61840 1
61841 0
61842 3
61843 2
61844 1
61845 0
61846 3
61847 2
61848 1
61849 0
61850 3
61851 2
61852 1
61853 0
61854 3
61855 2
61856 1
61857 0
61858 3
61859 2
61860 1
61861 0
61862 3
61863 2
61864 1
61865 0
61866 3
61867 2
61868 1
61869 0
61870 3
61871 2
61872 1
61873 0
61874 3
61875 2
61876 1
61877 0
61878 3
61879 2
61880 1
61881 0
61882 3
61883 2
61884 1
61885 0
61886 3
61887 4
61888 2
61889 1
61890 0
61891 3
61892 2
61893 1
61894 0
61895 3
61896 2
61897 1
61898 0
61899 3
61900 2
61901 1
61902 0
61903 3
61904 2
61905 1
61906 0
61907 3
61908 2
61909 1
61910 0
61911 3
61912 2
61913 1
61914 0
61915 3
61916 2
61917 1
61918 0
61919 3
61920 2
61921 1
61922 0
61923 3
61924 2
61925 1
61926 0
61927 3
61928 2
61929 1
61930 0
61931 3
61932 2
61933 1
61934 0
61935 3
61936 4
61937 2
61938 1
61939 0
61940 3
61941 2
61942 1
61943 0
61944 3
61945 2
61946 1
61947 0
61948 3
61949 2
61950 1
61951 0
61952 3
61953 2
61954 1
61955 0
61956 3
61957 2
61958 1
61959 0
61960 3
61961 2
61962 1
61963 0
61964 3
61965 2
61966 1
61967 0
61968 3
61969 2
61970 1
61971 0
61972 3
61973 2
61974 1
61975 0
61976 3
61977 2
61978 1
61979 0
61980 3
61981 2
61982 1
61983 0
61984 3
61985 2
61986 1
61987 4
61988 0
61989 2
61990 1
61991 3
61992 0
61993 2
61994 1
61995 3
61996 0
61997 2
61998 1
61999 4
62000 3
62001 2
62002 1
62003 0
62004 3
62005 2
62006 1
62007 0
62008 3
62009 4
62010 2
62011 1
62012 0
62013 3
62014 2
62015 1
62016 0
62017 3
62018 2
62019 1
62020 0
62021 3
62022 2
62023 1
62024 0
62025 3
62026 2
62027 1
62028 0
62029 3
62030 2
62031 1
62032 0
62033 3
62034 4
62035 2
62036 1
62037 0
62038 3
62039 2
62040 1
62041 0
62042 3
62043 2
62044 1
62045 0
62046 3
62047 2
62048 1
62049 0
62050 3
62051 2
62052 1
62053 0
62054 3
62055 2
62056 1
62057 0
62058 3
62059 2
62060 1
62061 0
62062 3
62063 2
62064 1
62065 0
62066 3
62067 2
62068 1
62069 0
62070 3
62071 2
62072 1
62073 0
62074 3
62075 2
62076 1
62077 0
62078 3
62079 2
62080 1
62081 0
62082 3
62083 2
62084 1
62085 4
62086 0
62087 2
62088 1
62089 3
62090 0
62091 2
62092 1
62093 3
62094 0
62095 2
62096 1
62097 4
62098 3
62099 2
62100 1
62101 0
62102 3
62103 2
62104 1
62105 0
62106 3
62107 4
62108 2
62109 1
62110 0
62111 3
62112 2
62113 1
62114 0
62115 3
62116 2
62117 1
62118 0
62119 3
62120 2
62121 1
62122 0
62123 3
62124 2
62125 1
62126 0
62127 3
62128 2
62129 1
62130 0
62131 3
62132 4
62133 2
62134 1
62135 0
62136 3
62137 2
62138 1
62139 0
62140 3
62141 2
62142 1
62143 0
62144 3
62145 2
62146 1
62147 0
62148 3
62149 2
62150 1
62151 0
62152 3
62153 2
62154 1
62155 0
62156 3
62157 2
62158 1
62159 0
62160 3
62161 2
62162 1
62163 0
62164 3
62165 2
62166 1
62167 0
62168 3
62169 2
62170 1
62171 0
62172 3
62173 2
62174 1
62175 0
62176 3
62177 2
62178 1
62179 0
62180 3
62181 2
62182 1
62183 4
62184 0
62185 2
62186 1
62187 3
62188 0
62189 2
62190 1
62191 3
62192 0
62193 2
62194 1
62195 4
62196 3
62197 2
62198 1
62199 0
62200 3
62201 2
62202 1
62203 0
62204 3
62205 2
62206 1
62207 4
62208 0
62209 2
62210 1
62211 3
62212 0
62213 2
62214 1
62215 3
62216 0
62217 2
62218 1
62219 4
62220 3
62221 2
62222 1
62223 0
62224 3
62225 2
62226 1
62227 0
62228 3
62229 4
62230 2
62231 1
62232 0
62233 3
62234 2
62235 1
62236 0
62237 3
62238 2
62239 1
62240 0
62241 3
62242 2
62243 1
62244 0
62245 3
62246 2
62247 1
62248 0
62249 3
62250 2
62251 1
62252 0
62253 3
62254 2
62255 1
62256 0
62257 3
62258 2
62259 1
62260 0
62261 3
62262 2
62263 1
62264 0
62265 3
62266 2
62267 1
62268 0
62269 3
62270 2
62271 1
62272 0
62273 3
62274 2
62275 1
62276 0
62277 3
62278 4
62279 2
62280 1
62281 0
62282 3
62283 2
62284 1
62285 0
62286 3
62287 2
62288 1
62289 0
62290 3
62291 2
62292 1
62293 0
62294 3
62295 2
62296 1
62297 0
62298 3
62299 2
62300 1
62301 0
62302 3
62303 2
62304 1
62305 0
62306 3
62307 2
62308 1
62309 0
62310 3
62311 2
62312 1
62313 0
62314 3
62315 2
62316 1
62317 0
62318 3
62319 2
62320 1
62321 0
62322 3
62323 2
62324 1
62325 0
62326 3
62327 4
62328 2
62329 1
62330 0
62331 3
62332 2
62333 1
62334 0
62335 3
62336 2
62337 1
62338 0
62339 3
62340 2
62341 1
62342 0
62343 3
62344 2
62345 1
62346 0
62347 3
62348 2
62349 1
62350 0
62351 3
62352 2
62353 1
62354 0
62355 3
62356 2
62357 1
62358 0
62359 3
62360 2
62361 1
62362 0
62363 3
62364 2
62365 1
62366 0
62367 3
62368 2
62369 1
62370 0
62371 3
62372 2
62373 1
62374 0
62375 3
62376 2
62377 1
62378 4
62379 0
62380 2
62381 1
62382 3
62383 0
62384 2
62385 1
62386 3
62387 0
62388 2
62389 1
62390 4
62391 3
62392 2
62393 1
62394 0
62395 3
62396 2
62397 1
62398 0
62399 3
62400 2
62401 1
62402 4
62403 0
62404 2
62405 1
62406 3
62407 0
62408 2
62409 1
62410 3
62411 0
62412 2
62413 1
62414 4
62415 3
62416 2
62417 1
62418 0
62419 3
62420 2
62421 1
62422 0
62423 3
62424 4
62425 2
62426 1
62427 0
62428 3
62429 2
62430 1
62431 0
62432 3
62433 2
62434 1
62435 0
62436 3
62437 2
62438 1
62439 0
62440 3
62441 2
62442 1
62443 0
62444 3
62445 2
62446 1
62447 0
62448 3
62449 2
62450 1
62451 0
62452 3
62453 2
62454 1
62455 0
62456 3
62457 2
62458 1
62459 0
62460 3
62461 2
62462 1
62463 0
62464 3
62465 2
62466 1
62467 0
62468 3
62469 2
62470 1
62471 0
62472 3
62473 4
62474 2
62475 1
62476 0
62477 3
62478 2
62479 1
62480 0
62481 3
62482 2
62483 1
62484 0
62485 3
62486 2
62487 1
62488 0
62489 3
62490 2
62491 1
62492 0
62493 3
62494 2
62495 1
62496 0
62497 3
62498 2
62499 1
62500 0
62501 3
62502 2
62503 1
62504 0
62505 3
62506 2
62507 1
62508 0
62509 3
62510 2
62511 1
62512 0
62513 3
62514 2
62515 1
62516 0
62517 3
62518 2
62519 1
62520 0
62521 3
62522 4
62523 2
62524 1
62525 0
62526 3
62527 2
62528 1
62529 0
62530 3
62531 2
62532 1
62533 0
62534 3
62535 2
62536 1
62537 0
62538 3
62539 2
62540 1
62541 0
62542 3
62543 2
62544 1
62545 0
62546 3
62547 2
62548 1
62549 0
62550 3
62551 2
62552 1
62553 0
62554 3
62555 2
62556 1
62557 0
62558 3
62559 2
62560 1
62561 0
62562 3
62563 2
62564 1
62565 0
62566 3
62567 2
62568 1
62569 0
62570 3
62571 2
62572 1
62573 4
62574 0
62575 2
62576 1
62577 3
62578 0
62579 2
62580 1
62581 3
62582 0
62583 2
62584 1
62585 4
62586 3
62587 2
62588 1
62589 0
62590 3
62591 2
62592 1
62593 0
62594 3
62595 2
62596 1
62597 4
62598 0
62599 2
62600 1
62601 3
62602 0
62603 2
62604 1
62605 3
62606 0
62607 2
62608 1
62609 4
62610 3
62611 2
62612 1
62613 0
62614 3
62615 2
62616 1
62617 0
62618 3
62619 4
62620 2
62621 1
62622 0
62623 3
62624 2
62625 1
62626 0
62627 3
62628 2
62629 1
62630 0
62631 3
62632 2
62633 1
62634 0
62635 3
62636 2
62637 1
62638 0
62639 3
62640 2
62641 1
62642 0
62643 3
62644 2
62645 1
62646 0
62647 3
62648 2
62649 1
62650 0
62651 3
62652 2
62653 1
62654 0
62655 3
62656 2
62657 1
62658 0
62659 3
62660 2
62661 1
62662 0
62663 3
62664 2
62665 1
62666 0
62667 3
62668 4
62669 2
62670 1
62671 0
62672 3
62673 2
62674 1
62675 0
62676 3
62677 2
62678 1
62679 0
62680 3
62681 2
62682 1
62683 0
62684 3
62685 2
62686 1
62687 0
62688 3
62689 2
62690 1
62691 0
62692 3
62693 2
62694 1
62695 0
62696 3
62697 2
62698 1
62699 0
62700 3
62701 2
62702 1
62703 0
62704 3
62705 2
62706 1
62707 0
62708 3
62709 2
62710 1
62711 0
62712 3
62713 2
62714 1
62715 0
62716 3
62717 4
62718 2
62719 1
62720 0
62721 3
62722 2
62723 1
62724 0
62725 3
62726 2
62727 1
62728 0
62729 3
62730 2
62731 1
62732 0
62733 3
62734 2
62735 1
62736 0
62737 3
62738 2
62739 1
62740 0
62741 3
62742 2
62743 1
62744 0
62745 3
62746 2
62747 1
62748 0
62749 3
62750 2
62751 1
62752 0
62753 3
62754 2
62755 1
62756 0
62757 3
62758 2
62759 1
62760 0
62761 3
62762 2
62763 1
62764 0
62765 3
62766 2
62767 1
62768 4
62769 0
62770 2
62771 1
62772 3
62773 0
62774 2
62775 1
62776 3
62777 0
62778 2
62779 1
62780 4
62781 3
62782 2
62783 1
62784 0
62785 3
62786 2
62787 1
62788 0
62789 3
62790 4
62791 2
62792 1
62793 0
62794 3
62795 2
62796 1
62797 0
62798 3
62799 2
62800 1
62801 0
62802 3
62803 2
62804 1
62805 0
62806 3
62807 2
62808 1
62809 0
62810 3
62811 2
62812 1
62813 0
62814 3
62815 4
62816 2
62817 1
62818 0
62819 3
62820 2
62821 1
62822 0
62823 3
62824 2
62825 1
62826 0
62827 3
62828 2
62829 1
62830 0
62831 3
62832 2
62833 1
62834 0
62835 3
62836 2
62837 1
62838 0
62839 3
62840 2
62841 1
62842 0
62843 3
62844 2
62845 1
62846 0
62847 3
62848 2
62849 1
62850 0
62851 3
62852 2
62853 1
62854 0
62855 3
62856 2
62857 1
62858 0
62859 3
62860 2
62861 1
62862 0
62863 3
62864 2
62865 1
62866 4
62867 0
62868 2
62869 1
62870 3
62871 0
62872 2
62873 1
62874 3
62875 0
62876 2
62877 1
62878 4
62879 3
62880 2
62881 1
62882 0
62883 3
62884 2
62885 1
62886 0
62887 3
62888 4
62889 2
62890 1
62891 0
62892 3
62893 2
62894 1
62895 0
62896 3
62897 2
62898 1
62899 0
62900 3
62901 2
62902 1
62903 0
62904 3
62905 2
62906 1
62907 0
62908 3
62909 2
62910 1
62911 0
62912 3
62913 4
62914 2
62915 1
62916 0
62917 3
62918 2
62919 1
62920 0
62921 3
62922 2
62923 1
62924 0
62925 3
62926 2
62927 1
62928 0
62929 3
62930 2
62931 1
62932 0
62933 3
62934 2
62935 1
62936 0
62937 3
62938 2
62939 1
62940 0
62941 3
62942 2
62943 1
62944 0
62945 3
62946 2
62947 1
62948 0
62949 3
62950 2
62951 1
62952 0
62953 3
62954 2
62955 1
62956 0
62957 3
62958 2
62959 1
62960 0
62961 3
62962 2
62963 1
62964 4
62965 0
62966 2
62967 1
62968 3
62969 0
62970 2
62971 1
62972 3
62973 0
62974 2
62975 1
62976 4
62977 3
62978 2
62979 1
62980 0
62981 3
62982 2
62983 1
62984 0
62985 3
62986 2
62987 1
62988 4
62989 0
62990 2
62991 1
62992 3
62993 0
62994 2
62995 1
62996 3
62997 0
62998 2
62999 1
63000 4
63001 3
63002 2
63003 1
63004 0
63005 3
63006 2
63007 1
63008 0
63009 3
63010 4
63011 2
63012 1
63013 0
63014 3
63015 2
63016 1
63017 0
63018 3
63019 2
63020 1
63021 0
63022 3
63023 2
63024 1
63025 0
63026 3
63027 2
63028 1
63029 0
63030 3
63031 2
63032 1
63033 0
63034 3
63035 2
63036 1
63037 0
63038 3
63039 2
63040 1
63041 0
63042 3
63043 2
63044 1
63045 0
63046 3
63047 2
63048 1
63049 0
63050 3
63051 2
63052 1
63053 0
63054 3
63055 2
63056 1
63057 0
63058 3
63059 4
63060 2
63061 1
63062 0
63063 3
63064 2
63065 1
63066 0
63067 3
63068 2
63069 1
63070 0
63071 3
63072 2
63073 1
63074 0
63075 3
63076 2
63077 1
63078 0
63079 3
63080 2
63081 1
63082 0
63083 3
63084 2
63085 1
63086 0
63087 3
63088 2
63089 1
63090 0
63091 3
63092 2
63093 1
63094 0
63095 3
63096 2
63097 1
63098 0
63099 3
63100 2
63101 1
63102 0
63103 3
63104 2
63105 1
63106 0
63107 3
63108 4
63109 2
63110 1
63111 0
63112 3
63113 2
63114 1
63115 0
63116 3
63117 2
63118 1
63119 0
63120 3
63121 2
63122 1
63123 0
63124 3
63125 2
63126 1
63127 0
63128 3
63129 2
63130 1
63131 0
63132 3
63133 2
63134 1
63135 0
63136 3
63137 2
63138 1
63139 0
63140 3
63141 2
63142 1
63143 0
63144 3
63145 2
63146 1
63147 0
63148 3
63149 2
63150 1
63151 0
63152 3
63153 2
63154 1
63155 0
63156 3
63157 2
63158 1
63159 4
63160 0
63161 2
63162 1
63163 3
63164 0
63165 2
63166 1
63167 3
63168 0
63169 2
63170 1
63171 4
63172 3
63173 2
63174 1
63175 0
63176 3
63177 2
63178 1
63179 0
63180 3
63181 2
63182 1
63183 4
63184 0
63185 2
63186 1
63187 3
63188 0
63189 2
63190 1
63191 3
63192 0
63193 2
63194 1
63195 4
63196 3
63197 2
63198 1
63199 0
63200 3
63201 2
63202 1
63203 0
63204 3
63205 4
63206 2
63207 1
63208 0
63209 3
63210 2
63211 1
63212 0
63213 3
63214 2
63215 1
63216 0
63217 3
63218 2
63219 1
63220 0
63221 3
63222 2
63223 1
63224 0
63225 3
63226 2
63227 1
63228 0
63229 3
63230 2
63231 1
63232 0
63233 3
63234 2
63235 1
63236 0
63237 3
63238 2
63239 1
63240 0
63241 3
63242 2
63243 1
63244 0
63245 3
63246 2
63247 1
63248 0
63249 3
63250 2
63251 1
63252 0
63253 3
63254 4
63255 2
63256 1
63257 0
63258 3
63259 2
63260 1
63261 0
63262 3
63263 2
63264 1
63265 0
63266 3
63267 2
63268 1
63269 0
63270 3
63271 2
63272 1
63273 0
63274 3
63275 2
63276 1
63277 0
63278 3
63279 2
63280 1
63281 0
63282 3
63283 2
63284 1
63285 0
63286 3
63287 2
63288 1
63289 0
63290 3
63291 2
63292 1
63293 0
63294 3
63295 2
63296 1
63297 0
63298 3
63299 2
63300 1
63301 0
63302 3
63303 4
63304 2
63305 1
63306 0
63307 3
63308 2
63309 1
63310 0
63311 3
63312 2
63313 1
63314 0
63315 3
63316 2
63317 1
63318 0
63319 3
63320 2
63321 1
63322 0
63323 3
63324 2
63325 1
63326 0
63327 3
63328 2
63329 1
63330 0
63331 3
63332 2
63333 1
63334 0
63335 3
63336 2
63337 1
63338 0
63339 3
63340 2
63341 1
63342 0
63343 3
63344 2
63345 1
63346 0
63347 3
63348 2
63349 1
63350 0
63351 3
63352 2
63353 1
63354 4
63355 0
63356 2
63357 1
63358 3
63359 0
63360 2
63361 1
63362 3
63363 0
63364 2
63365 1
63366 4
63367 3
63368 2
63369 1
63370 0
63371 3
63372 2
63373 1
63374 0
63375 3
63376 2
63377 1
63378 4
63379 0
63380 2
63381 1
63382 3
63383 0
63384 2
63385 1
63386 3
63387 0
63388 2
63389 1
63390 4
63391 3
63392 2
63393 1
63394 0
63395 3
63396 2
63397 1
63398 0
63399 3
63400 4
63401 2
63402 1
63403 0
63404 3
63405 2
63406 1
63407 0
63408 3
63409 2
63410 1
63411 0
63412 3
63413 2
63414 1
63415 0
63416 3
63417 2
63418 1
63419 0
63420 3
63421 2
63422 1
63423 0
63424 3
63425 2
63426 1
63427 0
63428 3
63429 2
63430 1
63431 0
63432 3
63433 2
63434 1
63435 0
63436 3
63437 2
63438 1
63439 0
63440 3
63441 2
63442 1
63443 0
63444 3
63445 2
63446 1
63447 0
63448 3
63449 4
63450 2
63451 1
63452 0
63453 3
63454 2
63455 1
63456 0
63457 3
63458 2
63459 1
63460 0
63461 3
63462 2
63463 1
63464 0
63465 3
63466 2
63467 1
63468 0
63469 3
63470 2
63471 1
63472 0
63473 3
63474 2
63475 1
63476 0
63477 3
63478 2
63479 1
63480 0
63481 3
63482 2
63483 1
63484 0
63485 3
63486 2
63487 1
63488 0
63489 3
63490 2
63491 1
63492 0
63493 3
63494 2
63495 1
63496 0
63497 3
63498 4
63499 2
63500 1
63501 0
63502 3
63503 2
63504 1
63505 0
63506 3
63507 2
63508 1
63509 0
63510 3
63511 2
63512 1
63513 0
63514 3
63515 2
63516 1
63517 0
63518 3
63519 2
63520 1
63521 0
63522 3
63523 2
63524 1
63525 0
63526 3
63527 2
63528 1
63529 0
63530 3
63531 2
63532 1
63533 0
63534 3
63535 2
63536 1
63537 0
63538 3
63539 2
63540 1
63541 0
63542 3
63543 2
63544 1
63545 0
63546 3
63547 2
63548 1
63549 4
63550 0
63551 2
63552 1
63553 3
63554 0
63555 2
63556 1
63557 3
63558 0
63559 2
63560 1
63561 4
63562 3
63563 2
63564 1
63565 0
63566 3
63567 2
63568 1
63569 0
63570 3
63571 4
63572 2
63573 1
63574 0
63575 3
63576 2
63577 1
63578 0
63579 3
63580 2
63581 1
63582 0
63583 3
63584 2
63585 1
63586 0
63587 3
63588 2
63589 1
63590 0
63591 3
63592 2
63593 1
63594 0
63595 3
63596 4
63597 2
63598 1
63599 0
63600 3
63601 2
63602 1
63603 0
63604 3
63605 2
63606 1
63607 0
63608 3
63609 2
63610 1
63611 0
63612 3
63613 2
63614 1
63615 0
63616 3
63617 2
63618 1
63619 0
63620 3
63621 2
63622 1
63623 0
63624 3
63625 2
63626 1
63627 0
63628 3
63629 2
63630 1
63631 0
63632 3
63633 2
63634 1
63635 0
63636 3
63637 2
63638 1
63639 0
63640 3
63641 2
63642 1
63643 0
63644 3
63645 2
63646 1
63647 4
63648 0
63649 2
63650 1
63651 3
63652 0
63653 2
63654 1
63655 3
63656 0
63657 2
63658 1
63659 4
63660 3
63661 2
63662 1
63663 0
63664 3
63665 2
63666 1
63667 0
63668 3
63669 4
63670 2
63671 1
63672 0
63673 3
63674 2
63675 1
63676 0
63677 3
63678 2
63679 1
63680 0
63681 3
63682 2
63683 1
63684 0
63685 3
63686 2
63687 1
63688 0
63689 3
63690 2
63691 1
63692 0
63693 3
63694 4
63695 2
63696 1
63697 0
63698 3
63699 2
63700 1
63701 0
63702 3
63703 2
63704 1
63705 0
63706 3
63707 2
63708 1
63709 0
63710 3
63711 2
63712 1
63713 0
63714 3
63715 2
63716 1
63717 0
63718 3
63719 2
63720 1
63721 0
63722 3
63723 2
63724 1
63725 0
63726 3
63727 2
63728 1
63729 0
63730 3
63731 2
63732 1
63733 0
63734 3
63735 2
63736 1
63737 0
63738 3
63739 2
63740 1
63741 0
63742 3
63743 2
63744 1
63745 4
63746 0
63747 2
63748 1
63749 3
63750 0
63751 2
63752 1
63753 3
63754 0
63755 2
63756 1
63757 4
63758 3
63759 2
63760 1
63761 0
63762 3
63763 2
63764 1
63765 0
63766 3
63767 2
63768 1
63769 4
63770 0
63771 2
63772 1
63773 3
63774 0
63775 2
63776 1
63777 3
63778 0
63779 2
63780 1
63781 4
63782 3
63783 2
63784 1
63785 0
63786 3
63787 2
63788 1
63789 0
63790 3
63791 4
63792 2
63793 1
63794 0
63795 3
63796 2
63797 1
63798 0
63799 3
63800 2
63801 1
63802 0
63803 3
63804 2
63805 1
63806 0
63807 3
63808 2
63809 1
63810 0
63811 3
63812 2
63813 1
63814 0
63815 3
63816 2
63817 1
63818 0
63819 3
63820 2
63821 1
63822 0
63823 3
63824 2
63825 1
63826 0
63827 3
63828 2
63829 1
63830 0
63831 3
63832 2
63833 1
63834 0
63835 3
63836 2
63837 1
63838 0
63839 3
63840 4
63841 2
63842 1
63843 0
63844 3
63845 2
63846 1
63847 0
63848 3
63849 2
63850 1
63851 0
63852 3
63853 2
63854 1
63855 0
63856 3
63857 2
63858 1
63859 0
63860 3
63861 2
63862 1
63863 0
63864 3
63865 2
63866 1
63867 0
63868 3
63869 2
63870 1
63871 0
63872 3
63873 2
63874 1
63875 0
63876 3
63877 2
63878 1
63879 0
63880 3
63881 2
63882 1
63883 0
63884 3
63885 2
63886 1
63887 0
63888 3
63889 4
63890 2
63891 1
63892 0
63893 3
63894 2
63895 1
63896 0
63897 3
63898 2
63899 1
63900 0
63901 3
63902 2
63903 1
63904 0
63905 3
63906 2
63907 1
63908 0
63909 3
63910 2
63911 1
63912 0
63913 3
63914 2
63915 1
63916 0
63917 3
63918 2
63919 1
63920 0
63921 3
63922 2
63923 1
63924 0
63925 3
63926 2
63927 1
63928 0
63929 3
63930 2
63931 1
63932 0
63933 3
63934 2
63935 1
63936 0
63937 3
63938 2
63939 1
63940 4
63941 0
63942 2
63943 1
63944 3
63945 0
63946 2
63947 1
63948 3
63949 0
63950 2
63951 1
63952 4
63953 3
63954 2
63955 1
63956 0
63957 3
63958 2
63959 1
63960 0
63961 3
63962 4
63963 2
63964 1
63965 0
63966 3
63967 2
63968 1
63969 0
63970 3
63971 2
63972 1
63973 0
63974 3
63975 2
63976 1
63977 0
63978 3
63979 2
63980 1
63981 0
63982 3
63983 2
63984 1
63985 0
63986 3
63987 4
63988 2
63989 1
63990 0
63991 3
63992 2
63993 1
63994 0
63995 3
63996 2
63997 1
63998 0
63999 3
64000 2
64001 1
64002 0
64003 3
64004 2
64005 1
64006 0
64007 3
64008 2
64009 1
64010 0
64011 3
64012 2
64013 1
64014 0
64015 3
64016 2
64017 1
64018 0
64019 3
64020 2
64021 1
64022 0
64023 3
64024 2
64025 1
64026 0
64027 3
64028 2
64029 1
64030 0
64031 3
64032 2
64033 1
64034 0
64035 3
64036 2
64037 1
64038 4
64039 0
64040 2
64041 1
64042 3
64043 0
64044 2
64045 1
64046 3
64047 0
64048 2
64049 1
64050 4
64051 3
64052 2
64053 1
64054 0
64055 3
64056 2
64057 1
64058 0
64059 3
64060 4
64061 2
64062 1
64063 0
64064 3
64065 2
64066 1
64067 0
64068 3
64069 2
64070 1
64071 0
64072 3
64073 2
64074 1
64075 0
64076 3
64077 2
64078 1
64079 0
64080 3
64081 2
64082 1
64083 0
64084 3
64085 4
64086 2
64087 1
64088 0
64089 3
64090 2
64091 1
64092 0
64093 3
64094 2
64095 1
64096 0
64097 3
64098 2
64099 1
64100 0
64101 3
64102 2
64103 1
64104 0
64105 3
64106 2
64107 1
64108 0
64109 3
64110 2
64111 1
64112 0
64113 3
64114 2
64115 1
64116 0
64117 3
64118 2
64119 1
64120 0
64121 3
64122 2
64123 1
64124 0
64125 3
64126 2
64127 1
64128 0
64129 3
64130 2
64131 1
64132 0
64133 3
64134 2
64135 1
64136 4
64137 0
64138 2
64139 1
64140 3
64141 0
64142 2
64143 1
64144 3
64145 0
64146 2
64147 1
64148 4
64149 3
64150 2
64151 1
64152 0
64153 3
64154 2
64155 1
64156 0
64157 3
64158 2
64159 1
64160 4
64161 0
64162 2
64163 1
64164 3
64165 0
64166 2
64167 1
64168 3
64169 0
64170 2
64171 1
64172 4
64173 3
64174 2
64175 1
64176 0
64177 3
64178 2
64179 1
64180 0
64181 3
64182 4
64183 2
64184 1
64185 0
64186 3
64187 2
64188 1
64189 0
64190 3
64191 2
64192 1
64193 0
64194 3
64195 2
64196 1
64197 0
64198 3
64199 2
64200 1
64201 0
64202 3
64203 2
64204 1
64205 0
64206 3
64207 2
64208 1
64209 0
64210 3
64211 2
64212 1
64213 0
64214 3
64215 2
64216 1
64217 0
64218 3
64219 2
64220 1
64221 0
64222 3
64223 2
64224 1
64225 0
64226 3
64227 2
64228 1
64229 0
64230 3
64231 4
64232 2
64233 1
64234 0
64235 3
64236 2
64237 1
64238 0
64239 3
64240 2
64241 1
64242 0
64243 3
64244 2
64245 1
64246 0
64247 3
64248 2
64249 1
64250 0
64251 3
64252 2
64253 1
64254 0
64255 3
64256 2
64257 1
64258 0
64259 3
64260 2
64261 1
64262 0
64263 3
64264 2
64265 1
64266 0
64267 3
64268 2
64269 1
64270 0
64271 3
64272 2
64273 1
64274 0
64275 3
64276 2
64277 1
64278 0
64279 3
64280 4
64281 2
64282 1
64283 0
64284 3
64285 2
64286 1
64287 0
64288 3
64289 2
64290 1
64291 0
64292 3
64293 2
64294 1
64295 0
64296 3
64297 2
64298 1
64299 0
64300 3
64301 2
64302 1
64303 0
64304 3
64305 2
64306 1
64307 0
64308 3
64309 2
64310 1
64311 0
64312 3
64313 2
64314 1
64315 0
64316 3
64317 2
64318 1
64319 0
64320 3
64321 2
64322 1
64323 0
64324 3
64325 2
64326 1
64327 0
64328 3
64329 2
64330 1
64331 4
64332 0
64333 2
64334 1
64335 3
64336 0
64337 2
64338 1
64339 3
64340 0
64341 2
64342 1
64343 4
64344 3
64345 2
64346 1
64347 0
64348 3
64349 2
64350 1
64351 0
64352 3
64353 4
64354 2
64355 1
64356 0
64357 3
64358 2
64359 1
64360 0
64361 3
64362 2
64363 1
64364 0
64365 3
64366 2
64367 1
64368 0
64369 3
64370 2
64371 1
64372 0
64373 3
64374 2
64375 1
64376 0
64377 3
64378 4
64379 2
64380 1
64381 0
64382 3
64383 2
64384 1
64385 0
64386 3
64387 2
64388 1
64389 0
64390 3
64391 2
64392 1
64393 0
64394 3
64395 2
64396 1
64397 0
64398 3
64399 2
64400 1
64401 0
64402 3
64403 2
64404 1
64405 0
64406 3
64407 2
64408 1
64409 0
64410 3
64411 2
64412 1
64413 0
64414 3
64415 2
64416 1
64417 0
64418 3
64419 2
64420 1
64421 0
64422 3
64423 2
64424 1
64425 0
64426 3
64427 2
64428 1
64429 4
64430 0
64431 2
64432 1
64433 3
64434 0
64435 2
64436 1
64437 3
64438 0
64439 2
64440 1
64441 4
64442 3
64443 2
64444 1
64445 0
64446 3
64447 2
64448 1
64449 0
64450 3
64451 4
64452 2
64453 1
64454 0
64455 3
64456 2
64457 1
64458 0
64459 3
64460 2
64461 1
64462 0
64463 3
64464 2
64465 1
64466 0
64467 3
64468 2
64469 1
64470 0
64471 3
64472 2
64473 1
64474 0
64475 3
64476 4
64477 2
64478 1
64479 0
64480 3
64481 2
64482 1
64483 0
64484 3
64485 2
64486 1
64487 0
64488 3
64489 2
64490 1
64491 0
64492 3
64493 2
64494 1
64495 0
64496 3
64497 2
64498 1
64499 0
64500 3
64501 2
64502 1
64503 0
64504 3
64505 2
64506 1
64507 0
64508 3
64509 2
64510 1
64511 0
64512 3
64513 2
64514 1
64515 0
64516 3
64517 2
64518 1
64519 0
64520 3
64521 2
64522 1
64523 0
64524 3
64525 2
64526 1
64527 4
64528 0
64529 2
64530 1
64531 3
64532 0
64533 2
64534 1
64535 3
64536 0
64537 2
64538 1
64539 4
64540 3
64541 2
64542 1
64543 0
64544 3
64545 2
64546 1
64547 0
64548 3
64549 2
64550 1
64551 4
64552 0
64553 2
64554 1
64555 3
64556 0
64557 2
64558 1
64559 3
64560 0
64561 2
64562 1
64563 4
64564 3
64565 2
64566 1
64567 0
64568 3
64569 2
64570 1
64571 0
64572 3
64573 4
64574 2
64575 1
64576 0
64577 3
64578 2
64579 1
64580 0
64581 3
64582 2
64583 1
64584 0
64585 3
64586 2
64587 1
64588 0
64589 3
64590 2
64591 1
64592 0
64593 3
64594 2
64595 1
64596 0
64597 3
64598 2
64599 1
64600 0
64601 3
64602 2
64603 1
64604 0
64605 3
64606 2
64607 1
64608 0
64609 3
64610 2
64611 1
64612 0
64613 3
64614 2
64615 1
64616 0
64617 3
64618 2
64619 1
64620 0
64621 3
64622 4
64623 2
64624 1
64625 0
64626 3
64627 2
64628 1
64629 0
64630 3
64631 2
64632 1
64633 0
64634 3
64635 2
64636 1
64637 0
64638 3
64639 2
64640 1
64641 0
64642 3
64643 2
64644 1
64645 0
64646 3
64647 2
64648 1
64649 0
64650 3
64651 2
64652 1
64653 0
64654 3
64655 2
64656 1
64657 0
64658 3
64659 2
64660 1
64661 0
64662 3
64663 2
64664 1
64665 0
64666 3
64667 2
64668 1
64669 0
64670 3
64671 4
64672 2
64673 1
64674 0
64675 3
64676 2
64677 1
64678 0
64679 3
64680 2
64681 1
64682 0
64683 3
64684 2
64685 1
64686 0
64687 3
64688 2
64689 1
64690 0
64691 3
64692 2
64693 1
64694 0
64695 3
64696 2
64697 1
64698 0
64699 3
64700 2
64701 1
64702 0
64703 3
64704 2
64705 1
64706 0
64707 3
64708 2
64709 1
64710 0
64711 3
64712 2
64713 1
64714 0
64715 3
64716 2
64717 1
64718 0
64719 3
64720 2
64721 1
64722 4
64723 0
64724 2
64725 1
64726 3
64727 0
64728 2
64729 1
64730 3
64731 0
64732 2
64733 1
64734 4
64735 3
64736 2
64737 1
64738 0
64739 3
64740 2
64741 1
64742 0
64743 3
64744 2
64745 1
64746 4
64747 0
64748 2
64749 1
64750 3
64751 0
64752 2
64753 1
64754 3
64755 0
64756 2
64757 1
64758 4
64759 3
64760 2
64761 1
64762 0
64763 3
64764 2
64765 1
64766 0
64767 3
64768 4
64769 2
64770 1
64771 0
64772 3
64773 2
64774 1
64775 0
64776 3
64777 2
64778 1
64779 0
64780 3
64781 2
64782 1
64783 0
64784 3
64785 2
64786 1
64787 0
64788 3
64789 2
64790 1
64791 0
64792 3
64793 2
64794 1
64795 0
64796 3
64797 2
64798 1
64799 0
64800 3
64801 2
64802 1
64803 0
64804 3
64805 2
64806 1
64807 0
64808 3
64809 2
64810 1
64811 0
64812 3
64813 2
64814 1
64815 0
64816 3
64817 4
64818 2
64819 1
64820 0
64821 3
64822 2
64823 1
64824 0
64825 3
64826 2
64827 1
64828 0
64829 3
64830 2
64831 1
64832 0
64833 3
64834 2
64835 1
64836 0
64837 3
64838 2
64839 1
64840 0
64841 3
64842 2
64843 1
64844 0
64845 3
64846 2
64847 1
64848 0
64849 3
64850 2
64851 1
64852 0
64853 3
64854 2
64855 1
64856 0
64857 3
64858 2
64859 1
64860 0
64861 3
64862 2
64863 1
64864 0
64865 3
64866 4
64867 2
64868 1
64869 0
64870 3
64871 2
64872 1
64873 0
64874 3
64875 2
64876 1
64877 0
64878 3
64879 2
64880 1
64881 0
64882 3
64883 2
64884 1
64885 0
64886 3
64887 2
64888 1
64889 0
64890 3
64891 2
64892 1
64893 0
64894 3
64895 2
64896 1
64897 0
64898 3
64899 2
64900 1
64901 0
64902 3
64903 2
64904 1
64905 0
64906 3
64907 2
64908 1
64909 0
64910 3
64911 2
64912 1
64913 0
64914 3
64915 2
64916 1
64917 4
64918 0
64919 2
64920 1
64921 3
64922 0
64923 2
64924 1
64925 3
64926 0
64927 2
64928 1
64929 4
64930 3
64931 2
64932 1
64933 0
64934 3
64935 2
64936 1
64937 0
64938 3
64939 2
64940 1
64941 4
64942 0
64943 2
64944 1
64945 3
64946 0
64947 2
64948 1
64949 3
64950 0
64951 2
64952 1
64953 4
64954 3
64955 2
64956 1
64957 0
64958 3
64959 2
64960 1
64961 0
64962 3
64963 4
64964 2
64965 1
64966 0
64967 3
64968 2
64969 1
64970 0
64971 3
64972 2
64973 1
64974 0
64975 3
64976 2
64977 1
64978 0
64979 3
64980 2
64981 1
64982 0
64983 3
64984 2
64985 1
64986 0
64987 3
64988 2
64989 1
64990 0
64991 3
64992 2
64993 1
64994 0
64995 3
64996 2
64997 1
64998 0
64999 3
65000 2
65001 1
65002 0
65003 3
65004 2
65005 1
65006 0
65007 3
65008 2
65009 1
65010 0
65011 3
65012 4
65013 2
65014 1
65015 0
65016 3
65017 2
65018 1
65019 0
65020 3
65021 2
65022 1
65023 0
65024 3
65025 2
65026 1
65027 0
65028 3
65029 2
65030 1
65031 0
65032 3
65033 2
65034 1
65035 0
65036 3
65037 2
65038 1
65039 0
65040 3
65041 2
65042 1
65043 0
65044 3
65045 2
65046 1
65047 0
65048 3
65049 2
65050 1
65051 0
65052 3
65053 2
65054 1
65055 0
65056 3
65057 2
65058 1
65059 0
65060 3
65061 4
65062 2
65063 1
65064 0
65065 3
65066 2
65067 1
65068 0
65069 3
65070 2
65071 1
65072 0
65073 3
65074 2
65075 1
65076 0
65077 3
65078 2
65079 1
65080 0
65081 3
65082 2
65083 1
65084 0
65085 3
65086 2
65087 1
65088 0
65089 3
65090 2
65091 1
65092 0
65093 3
65094 2
65095 1
65096 0
65097 3
65098 2
65099 1
65100 0
65101 3
65102 2
65103 1
65104 0
65105 3
65106 2
65107 1
65108 0
65109 3
65110 2
65111 1
65112 4
65113 0
65114 2
65115 1
65116 3
65117 0
65118 2
65119 1
65120 3
65121 0
65122 2
65123 1
65124 4
65125 3
65126 2
65127 1
65128 0
65129 3
65130 2
65131 1
65132 0
65133 3
65134 4
65135 2
65136 1
65137 0
65138 3
65139 2
65140 1
65141 0
65142 3
65143 2
65144 1
65145 0
65146 3
65147 2
65148 1
65149 0
65150 3
65151 2
65152 1
65153 0
65154 3
65155 2
65156 1
65157 0
65158 3
65159 4
65160 2
65161 1
65162 0
65163 3
65164 2
65165 1
65166 0
65167 3
65168 2
65169 1
65170 0
65171 3
65172 2
65173 1
65174 0
65175 3
65176 2
65177 1
65178 0
65179 3
65180 2
65181 1
65182 0
65183 3
65184 2
65185 1
65186 0
65187 3
65188 2
65189 1
65190 0
65191 3
65192 2
65193 1
65194 0
65195 3
65196 2
65197 1
65198 0
65199 3
65200 2
65201 1
65202 0
65203 3
65204 2
65205 1
65206 0
65207 3
65208 2
65209 1
65210 4
65211 0
65212 2
65213 1
65214 3
65215 0
65216 2
65217 1
65218 3
65219 0
65220 2
65221 1
65222 4
65223 3
65224 2
65225 1
65226 0
65227 3
65228 2
65229 1
65230 0
65231 3
65232 4
65233 2
65234 1
65235 0
65236 3
65237 2
65238 1
65239 0
65240 3
65241 2
65242 1
65243 0
65244 3
65245 2
65246 1
65247 0
65248 3
65249 2
65250 1
65251 0
65252 3
65253 2
65254 1
65255 0
65256 3
65257 4
65258 2
65259 1
65260 0
65261 3
65262 2
65263 1
65264 0
65265 3
65266 2
65267 1
65268 0
65269 3
65270 2
65271 1
65272 0
65273 3
65274 2
65275 1
65276 0
65277 3
65278 2
65279 1
65280 0
65281 3
65282 2
65283 1
65284 0
65285 3
65286 2
65287 1
65288 0
65289 3
65290 2
65291 1
65292 0
65293 3
65294 2
65295 1
65296 0
65297 3
65298 2
65299 1
65300 0
65301 3
65302 2
65303 1
65304 0
65305 3
65306 2
65307 1
65308 4
65309 0
65310 2
65311 1
65312 3
65313 0
65314 2
65315 1
65316 3
65317 0
65318 2
65319 1
65320 4
65321 3
65322 2
65323 1
65324 0
65325 3
65326 2
65327 1
65328 0
65329 3
65330 2
65331 1
65332 4
65333 0
65334 2
65335 1
65336 3
65337 0
65338 2
65339 1
65340 3
65341 0
65342 2
65343 1
65344 4
65345 3
65346 2
65347 1
65348 0
65349 3
65350 2
65351 1
65352 0
65353 3
65354 4
65355 2
65356 1
65357 0
65358 3
65359 2
65360 1
65361 0
65362 3
65363 2
65364 1
65365 0
65366 3
65367 2
65368 1
65369 0
65370 3
65371 2
65372 1
65373 0
65374 3
65375 2
65376 1
65377 0
65378 3
65379 2
65380 1
65381 0
65382 3
65383 2
65384 1
65385 0
65386 3
65387 2
65388 1
65389 0
65390 3
65391 2
65392 1
65393 0
65394 3
65395 2
65396 1
65397 0
65398 3
65399 2
65400 1
65401 0
65402 3
65403 4
65404 2
65405 1
65406 0
65407 3
65408 2
65409 1
65410 0
65411 3
65412 2
65413 1
65414 0
65415 3
65416 2
65417 1
65418 0
65419 3
65420 2
65421 1
65422 0
65423 3
65424 2
65425 1
65426 0
65427 3
65428 2
65429 1
65430 0
65431 3
65432 2
65433 1
65434 0
65435 3
65436 2
65437 1
65438 0
65439 3
65440 2
65441 1
65442 0
65443 3
65444 2
65445 1
65446 0
65447 3
65448 2
65449 1
65450 0
65451 3
65452 4
65453 2
65454 1
65455 0
65456 3
65457 2
65458 1
65459 0
65460 3
65461 2
65462 1
65463 0
65464 3
65465 2
65466 1
65467 0
65468 3
65469 2
65470 1
65471 0
65472 3
65473 2
65474 1
65475 0
65476 3
65477 2
65478 1
65479 0
65480 3
65481 2
65482 1
65483 0
65484 3
65485 2
65486 1
65487 0
65488 3
65489 2
65490 1
65491 0
65492 3
65493 2
65494 1
65495 0
65496 3
65497 2
65498 1
65499 0
65500 3
65501 2
65502 1
65503 4
65504 0
65505 2
65506 1
65507 3
65508 0
65509 2
65510 1
65511 3
65512 0
65513 2
65514 1
65515 4
65516 3
65517 2
65518 1
65519 0
65520 3
65521 2
65522 1
65523 0
65524 3
65525 2
65526 1
65527 4
65528 0
65529 2
65530 1
65531 3
65532 0
65533 2
65534 1
65535 3
65536 0
65537 2
65538 1
65539 4
65540 3
65541 2
65542 1
65543 0
65544 3
65545 2
65546 1
65547 0
65548 3
65549 4
65550 2
65551 1
65552 0
65553 3
65554 2
65555 1
65556 0
65557 3
65558 2
65559 1
65560 0
65561 3
65562 2
65563 1
65564 0
65565 3
65566 2
65567 1
65568 0
65569 3
65570 2
65571 1
65572 0
65573 3
65574 2
65575 1
65576 0
65577 3
65578 2
65579 1
65580 0
65581 3
65582 2
65583 1
65584 0
65585 3
65586 2
65587 1
65588 0
65589 3
65590 2
65591 1
65592 0
65593 3
65594 2
65595 1
65596 0
65597 3
65598 4
65599 2
65600 1
65601 0
65602 3
65603 2
65604 1
65605 0
65606 3
65607 2
65608 1
65609 0
65610 3
65611 2
65612 1
65613 0
65614 3
65615 2
65616 1
65617 0
65618 3
65619 2
65620 1
65621 0
65622 3
65623 2
65624 1
65625 0
65626 3
65627 2
65628 1
65629 0
65630 3
65631 2
65632 1
65633 0
65634 3
65635 2
65636 1
65637 0
65638 3
65639 2
65640 1
65641 0
65642 3
65643 2
65644 1
65645 0
65646 3
65647 4
65648 2
65649 1
65650 0
65651 3
65652 2
65653 1
65654 0
65655 3
65656 2
65657 1
65658 0
65659 3
65660 2
65661 1
65662 0
65663 3
65664 2
65665 1
65666 0
65667 3
65668 2
65669 1
65670 0
65671 3
65672 2
65673 1
65674 0
65675 3
65676 2
65677 1
65678 0
65679 3
65680 2
65681 1
65682 0
65683 3
65684 2
65685 1
65686 0
65687 3
65688 2
65689 1
65690 0
65691 3
65692 2
65693 1
65694 0
65695 3
65696 2
65697 1
65698 4
65699 0
65700 2
65701 1
65702 3
65703 0
65704 2
65705 1
65706 3
65707 0
65708 2
65709 1
65710 4
65711 3
65712 2
65713 1
65714 0
65715 3
65716 2
65717 1
65718 0
65719 3
65720 2
65721 1
65722 4
65723 0
65724 2
65725 1
65726 3
65727 0
65728 2
65729 1
65730 3
65731 0
65732 2
65733 1
65734 4
65735 3
65736 2
65737 1
65738 0
65739 3
65740 2
65741 1
65742 0
65743 3
65744 4
65745 2
65746 1
65747 0
65748 3
65749 2
65750 1
65751 0
65752 3
65753 2
65754 1
65755 0
65756 3
65757 2
65758 1
65759 0
65760 3
65761 2
65762 1
65763 0
65764 3
65765 2
65766 1
65767 0
65768 3
65769 2
65770 1
65771 0
65772 3
65773 2
65774 1
65775 0
65776 3
65777 2
65778 1
65779 0
65780 3
65781 2
65782 1
65783 0
65784 3
65785 2
65786 1
65787 0
65788 3
65789 2
65790 1
65791 0
65792 3
65793 4
65794 2
65795 1
65796 0
65797 3
65798 2
65799 1
65800 0
65801 3
65802 2
65803 1
65804 0
65805 3
65806 2
65807 1
65808 0
65809 3
65810 2
65811 1
65812 0
65813 3
65814 2
65815 1
65816 0
65817 3
65818 2
65819 1
65820 0
65821 3
65822 2
65823 1
65824 0
65825 3
65826 2
65827 1
65828 0
65829 3
65830 2
65831 1
65832 0
65833 3
65834 2
65835 1
65836 0
65837 3
65838 2
65839 1
65840 0
65841 3
65842 4
65843 2
65844 1
65845 0
65846 3
65847 2
65848 1
65849 0
65850 3
65851 2
65852 1
65853 0
65854 3
65855 2
65856 1
65857 0
65858 3
65859 2
65860 1
65861 0
65862 3
65863 2
65864 1
65865 0
65866 3
65867 2
65868 1
65869 0
65870 3
65871 2
65872 1
65873 0
65874 3
65875 2
65876 1
65877 0
65878 3
65879 2
65880 1
65881 0
65882 3
65883 2
65884 1
65885 0
65886 3
65887 2
65888 1
65889 0
65890 3
65891 2
65892 1
65893 4
65894 0
65895 2
65896 1
65897 3
65898 0
65899 2
65900 1
65901 3
65902 0
65903 2
65904 1
65905 4
65906 3
65907 2
65908 1
65909 0
65910 3
65911 2
65912 1
65913 0
65914 3
65915 4
65916 2
65917 1
65918 0
65919 3
65920 2
65921 1
65922 0
65923 3
65924 2
65925 1
65926 0
65927 3
65928 2
65929 1
65930 0
65931 3
65932 2
65933 1
65934 0
65935 3
65936 2
65937 1
65938 0
65939 3
65940 4
65941 2
65942 1
65943 0
65944 3
65945 2
65946 1
65947 0
65948 3
65949 2
65950 1
65951 0
65952 3
65953 2
65954 1
65955 0
65956 3
65957 2
65958 1
65959 0
65960 3
65961 2
65962 1
65963 0
65964 3
65965 2
65966 1
65967 0
65968 3
65969 2
65970 1
65971 0
65972 3
65973 2
65974 1
65975 0
65976 3
65977 2
65978 1
65979 0
65980 3
65981 2
65982 1
65983 0
65984 3
65985 2
65986 1
65987 0
65988 3
65989 2
65990 1
65991 4
65992 0
65993 2
65994 1
65995 3
65996 0
65997 2
65998 1
65999 3
66000 0
66001 2
66002 1
66003 4
66004 3
66005 2
66006 1
66007 0
66008 3
66009 2
66010 1
66011 0
66012 3
66013 4
66014 2
66015 1
66016 0
66017 3
66018 2
66019 1
66020 0
66021 3
66022 2
66023 1
66024 0
66025 3
66026 2
66027 1
66028 0
66029 3
66030 2
66031 1
66032 0
66033 3
66034 2
66035 1
66036 0
66037 3
66038 4
66039 2
66040 1
66041 0
66042 3
66043 2
66044 1
66045 0
66046 3
66047 2
66048 1
66049 0
66050 3
66051 2
66052 1
66053 0
66054 3
66055 2
66056 1
66057 0
66058 3
66059 2
66060 1
66061 0
66062 3
66063 2
66064 1
66065 0
66066 3
66067 2
66068 1
66069 0
66070 3
66071 2
66072 1
66073 0
66074 3
66075 2
66076 1
66077 0
66078 3
66079 2
66080 1
66081 0
66082 3
66083 2
66084 1
66085 0
66086 3
66087 2
66088 1
66089 4
66090 0
66091 2
66092 1
66093 3
66094 0
66095 2
66096 1
66097 3
66098 0
66099 2
66100 1
66101 4
66102 3
66103 2
66104 1
66105 0
66106 3
66107 2
66108 1
66109 0
66110 3
66111 2
66112 1
66113 4
66114 0
66115 2
66116 1
66117 3
66118 0
66119 2
66120 1
66121 3
66122 0
66123 2
66124 1
66125 4
66126 3
66127 2
66128 1
66129 0
66130 3
66131 2
66132 1
66133 0
66134 3
66135 4
66136 2
66137 1
66138 0
66139 3
66140 2
66141 1
66142 0
66143 3
66144 2
66145 1
66146 0
66147 3
66148 2
66149 1
66150 0
66151 3
66152 2
66153 1
66154 0
66155 3
66156 2
66157 1
66158 0
66159 3
66160 2
66161 1
66162 0
66163 3
66164 2
66165 1
66166 0
66167 3
66168 2
66169 1
66170 0
66171 3
66172 2
66173 1
66174 0
66175 3
66176 2
66177 1
66178 0
66179 3
66180 2
66181 1
66182 0
66183 3
66184 4
66185 2
66186 1
66187 0
66188 3
66189 2
66190 1
66191 0
66192 3
66193 2
66194 1
66195 0
66196 3
66197 2
66198 1
66199 0
66200 3
66201 2
66202 1
66203 0
66204 3
66205 2
66206 1
66207 0
66208 3
66209 2
66210 1
66211 0
66212 3
66213 2
66214 1
66215 0
66216 3
66217 2
66218 1
66219 0
66220 3
66221 2
66222 1
66223 0
66224 3
66225 2
66226 1
66227 0
66228 3
66229 2
66230 1
66231 0
66232 3
66233 4
66234 2
66235 1
66236 0
66237 3
66238 2
66239 1
66240 0
66241 3
66242 2
66243 1
66244 0
66245 3
66246 2
66247 1
66248 0
66249 3
66250 2
66251 1
66252 0
66253 3
66254 2
66255 1
66256 0
66257 3
66258 2
66259 1
66260 0
66261 3
66262 2
66263 1
66264 0
66265 3
66266 2
66267 1
66268 0
66269 3
66270 2
66271 1
66272 0
66273 3
66274 2
66275 1
66276 0
66277 3
66278 2
66279 1
66280 0
66281 3
66282 2
66283 1
66284 4
66285 0
66286 2
66287 1
66288 3
66289 0
66290 2
66291 1
66292 3
66293 0
66294 2
66295 1
66296 4
66297 3
66298 2
66299 1
66300 0
66301 3
66302 2
66303 1
66304 0
66305 3
66306 2
66307 1
66308 4
66309 0
66310 2
66311 1
66312 3
66313 0
66314 2
66315 1
66316 3
66317 0
66318 2
66319 1
66320 4
66321 3
66322 2
66323 1
66324 0
66325 3
66326 2
66327 1
66328 0
66329 3
66330 4
66331 2
66332 1
66333 0
66334 3
66335 2
66336 1
66337 0
66338 3
66339 2
66340 1
66341 0
66342 3
66343 2
66344 1
66345 0
66346 3
66347 2
66348 1
66349 0
66350 3
66351 2
66352 1
66353 0
66354 3
66355 2
66356 1
66357 0
66358 3
66359 2
66360 1
66361 0
66362 3
66363 2
66364 1
66365 0
66366 3
66367 2
66368 1
66369 0
66370 3
66371 2
66372 1
66373 0
66374 3
66375 2
66376 1
66377 0
66378 3
66379 4
66380 2
66381 1
66382 0
66383 3
66384 2
66385 1
66386 0
66387 3
66388 2
66389 1
66390 0
66391 3
66392 2
66393 1
66394 0
66395 3
66396 2
66397 1
66398 0
66399 3
66400 2
66401 1
66402 0
66403 3
66404 2
66405 1
66406 0
66407 3
66408 2
66409 1
66410 0
66411 3
66412 2
66413 1
66414 0
66415 3
66416 2
66417 1
66418 0
66419 3
66420 2
66421 1
66422 0
66423 3
66424 2
66425 1
66426 0
66427 3
66428 4
66429 2
66430 1
66431 0
66432 3
66433 2
66434 1
66435 0
66436 3
66437 2
66438 1
66439 0
66440 3
66441 2
66442 1
66443 0
66444 3
66445 2
66446 1
66447 0
66448 3
66449 2
66450 1
66451 0
66452 3
66453 2
66454 1
66455 0
66456 3
66457 2
66458 1
66459 0
66460 3
66461 2
66462 1
66463 0
66464 3
66465 2
66466 1
66467 0
66468 3
66469 2
66470 1
66471 0
66472 3
66473 2
66474 1
66475 0
66476 3
66477 2
66478 1
66479 4
66480 0
66481 2
66482 1
66483 3
66484 0
66485 2
66486 1
66487 3
66488 0
66489 2
66490 1
66491 4
66492 3
66493 2
66494 1
66495 0
66496 3
66497 2
66498 1
66499 0
66500 3
66501 2
66502 1
66503 4
66504 0
66505 2
66506 1
66507 3
66508 0
66509 2
66510 1
66511 3
66512 0
66513 2
66514 1
66515 4
66516 3
66517 2
66518 1
66519 0
66520 3
66521 2
66522 1
66523 0
66524 3
66525 4
66526 2
66527 1
66528 0
66529 3
66530 2
66531 1
66532 0
66533 3
66534 2
66535 1
66536 0
66537 3
66538 2
66539 1
66540 0
66541 3
66542 2
66543 1
66544 0
66545 3
66546 2
66547 1
66548 0
66549 3
66550 2
66551 1
66552 0
66553 3
66554 2
66555 1
66556 0
66557 3
66558 2
66559 1
66560 0
66561 3
66562 2
66563 1
66564 0
66565 3
66566 2
66567 1
66568 0
66569 3
66570 2
66571 1
66572 0
66573 3
66574 4
66575 2
66576 1
66577 0
66578 3
66579 2
66580 1
66581 0
66582 3
66583 2
66584 1
66585 0
66586 3
66587 2
66588 1
66589 0
66590 3
66591 2
66592 1
66593 0
66594 3
66595 2
66596 1
66597 0
66598 3
66599 2
66600 1
66601 0
66602 3
66603 2
66604 1
66605 0
66606 3
66607 2
66608 1
66609 0
66610 3
66611 2
66612 1
66613 0
66614 3
66615 2
66616 1
66617 0
66618 3
66619 2
66620 1
66621 0
66622 3
66623 4
66624 2
66625 1
66626 0
66627 3
66628 2
66629 1
66630 0
66631 3
66632 2
66633 1
66634 0
66635 3
66636 2
66637 1
66638 0
66639 3
66640 2
66641 1
66642 0
66643 3
66644 2
66645 1
66646 0
66647 3
66648 2
66649 1
66650 0
66651 3
66652 2
66653 1
66654 0
66655 3
66656 2
66657 1
66658 0
66659 3
66660 2
66661 1
66662 0
66663 3
66664 2
66665 1
66666 0
66667 3
66668 2
66669 1
66670 0
66671 3
66672 2
66673 1
66674 4
66675 0
66676 2
66677 1
66678 3
66679 0
66680 2
66681 1
66682 3
66683 0
66684 2
66685 1
66686 4
66687 3
66688 2
66689 1
66690 0
66691 3
66692 2
66693 1
66694 0
66695 3
66696 4
66697 2
66698 1
66699 0
66700 3
66701 2
66702 1
66703 0
66704 3
66705 2
66706 1
66707 0
66708 3
66709 2
66710 1
66711 0
66712 3
66713 2
66714 1
66715 0
66716 3
66717 2
66718 1
66719 0
66720 3
66721 4
66722 2
66723 1
66724 0
66725 3
66726 2
66727 1
66728 0
66729 3
66730 2
66731 1
66732 0
66733 3
66734 2
66735 1
66736 0
66737 3
66738 2
66739 1
66740 0
66741 3
66742 2
66743 1
66744 0
66745 3
66746 2
66747 1
66748 0
66749 3
66750 2
66751 1
66752 0
66753 3
66754 2
66755 1
66756 0
66757 3
66758 2
66759 1
66760 0
66761 3
66762 2
66763 1
66764 0
66765 3
66766 2
66767 1
66768 0
66769 3
66770 2
66771 1
66772 4
66773 0
66774 2
66775 1
66776 3
66777 0
66778 2
66779 1
66780 3
66781 0
66782 2
66783 1
66784 4
66785 3
66786 2
66787 1
66788 0
66789 3
66790 2
66791 1
66792 0
66793 3
66794 4
66795 2
66796 1
66797 0
66798 3
66799 2
66800 1
66801 0
66802 3
66803 2
66804 1
66805 0
66806 3
66807 2
66808 1
66809 0
66810 3
66811 2
66812 1
66813 0
66814 3
66815 2
66816 1
66817 0
66818 3
66819 4
66820 2
66821 1
66822 0
66823 3
66824 2
66825 1
66826 0
66827 3
66828 2
66829 1
66830 0
66831 3
66832 2
66833 1
66834 0
66835 3
66836 2
66837 1
66838 0
66839 3
66840 2
66841 1
66842 0
66843 3
66844 2
66845 1
66846 0
66847 3
66848 2
66849 1
66850 0
66851 3
66852 2
66853 1
66854 0
66855 3
66856 2
66857 1
66858 0
66859 3
66860 2
66861 1
66862 0
66863 3
66864 2
66865 1
66866 0
66867 3
66868 2
66869 1
66870 4
66871 0
66872 2
66873 1
66874 3
66875 0
66876 2
66877 1
66878 3
66879 0
66880 2
66881 1
66882 4
66883 3
66884 2
66885 1
66886 0
66887 3
66888 2
66889 1
66890 0
66891 3
66892 2
66893 1
66894 4
66895 0
66896 2
66897 1
66898 3
66899 0
66900 2
66901 1
66902 3
66903 0
66904 2
66905 1
66906 4
66907 3
66908 2
66909 1
66910 0
66911 3
66912 2
66913 1
66914 0
66915 3
66916 4
66917 2
66918 1
66919 0
66920 3
66921 2
66922 1
66923 0
66924 3
66925 2
66926 1
66927 0
66928 3
66929 2
66930 1
66931 0
66932 3
66933 2
66934 1
66935 0
66936 3
66937 2
66938 1
66939 0
66940 3
66941 2
66942 1
66943 0
66944 3
66945 2
66946 1
66947 0
66948 3
66949 2
66950 1
66951 0
66952 3
66953 2
66954 1
66955 0
66956 3
66957 2
66958 1
66959 0
66960 3
66961 2
66962 1
66963 0
66964 3
66965 4
66966 2
66967 1
66968 0
66969 3
66970 2
66971 1
66972 0
66973 3
66974 2
66975 1
66976 0
66977 3
66978 2
66979 1
66980 0
66981 3
66982 2
66983 1
66984 0
66985 3
66986 2
66987 1
66988 0
66989 3
66990 2
66991 1
66992 0
66993 3
66994 2
66995 1
66996 0
66997 3
66998 2
66999 1
67000 0
67001 3
67002 2
67003 1
67004 0
67005 3
67006 2
67007 1
67008 0
67009 3
67010 2
67011 1
67012 0
67013 3
67014 4
67015 2
67016 1
67017 0
67018 3
67019 2
67020 1
67021 0
67022 3
67023 2
67024 1
67025 0
67026 3
67027 2
67028 1
67029 0
67030 3
67031 2
67032 1
67033 0
67034 3
67035 2
67036 1
67037 0
67038 3
67039 2
67040 1
67041 0
67042 3
67043 2
67044 1
67045 0
67046 3
67047 2
67048 1
67049 0
67050 3
67051 2
67052 1
67053 0
67054 3
67055 2
67056 1
67057 0
67058 3
67059 2
67060 1
67061 0
67062 3
67063 2
67064 1
67065 4
67066 0
67067 2
67068 1
67069 3
67070 0
67071 2
67072 1
67073 3
67074 0
67075 2
67076 1
67077 4
67078 3
67079 2
67080 1
67081 0
67082 3
67083 2
67084 1
67085 0
67086 3
67087 4
67088 2
67089 1
67090 0
67091 3
67092 2
67093 1
67094 0
67095 3
67096 2
67097 1
67098 0
67099 3
67100 2
67101 1
67102 0
67103 3
67104 2
67105 1
67106 0
67107 3
67108 2
67109 1
67110 0
67111 3
67112 4
67113 2
67114 1
67115 0
67116 3
67117 2
67118 1
67119 0
67120 3
67121 2
67122 1
67123 0
67124 3
67125 2
67126 1
67127 0
67128 3
67129 2
67130 1
67131 0
67132 3
67133 2
67134 1
67135 0
67136 3
67137 2
67138 1
67139 0
67140 3
67141 2
67142 1
67143 0
67144 3
67145 2
67146 1
67147 0
67148 3
67149 2
67150 1
67151 0
67152 3
67153 2
67154 1
67155 0
67156 3
67157 2
67158 1
67159 0
67160 3
67161 2
67162 1
67163 4
67164 0
67165 2
67166 1
67167 3
67168 0
67169 2
67170 1
67171 3
67172 0
67173 2
67174 1
67175 4
67176 3
67177 2
67178 1
67179 0
67180 3
67181 2
67182 1
67183 0
67184 3
67185 4
67186 2
67187 1
67188 0
67189 3
67190 2
67191 1
67192 0
67193 3
67194 2
67195 1
67196 0
67197 3
67198 2
67199 1
67200 0
67201 3
67202 2
67203 1
67204 0
67205 3
67206 2
67207 1
67208 0
67209 3
67210 4
67211 2
67212 1
67213 0
67214 3
67215 2
67216 1
67217 0
67218 3
67219 2
67220 1
67221 0
67222 3
67223 2
67224 1
67225 0
67226 3
67227 2
67228 1
67229 0
67230 3
67231 2
67232 1
67233 0
67234 3
67235 2
67236 1
67237 0
67238 3
67239 2
67240 1
67241 0
67242 3
67243 2
67244 1
67245 0
67246 3
67247 2
67248 1
67249 0
67250 3
67251 2
67252 1
67253 0
67254 3
67255 2
67256 1
67257 0
67258 3
67259 2
67260 1
67261 4
67262 0
67263 2
67264 1
67265 3
67266 0
67267 2
67268 1
67269 3
67270 0
67271 2
67272 1
67273 4
67274 3
67275 2
67276 1
67277 0
67278 3
67279 2
67280 1
67281 0
67282 3
67283 2
67284 1
67285 4
67286 0
67287 2
67288 1
67289 3
67290 0
67291 2
67292 1
67293 3
67294 0
67295 2
67296 1
67297 4
67298 3
67299 2
67300 1
67301 0
67302 3
67303 2
67304 1
67305 0
67306 3
67307 4
67308 2
67309 1
67310 0
67311 3
67312 2
67313 1
67314 0
67315 3
67316 2
67317 1
67318 0
67319 3
67320 2
67321 1
67322 0
67323 3
67324 2
67325 1
67326 0
67327 3
67328 2
67329 1
67330 0
67331 3
67332 2
67333 1
67334 0
67335 3
67336 2
67337 1
67338 0
67339 3
67340 2
67341 1
67342 0
67343 3
67344 2
67345 1
67346 0
67347 3
67348 2
67349 1
67350 0
67351 3
67352 2
67353 1
67354 0
67355 3
67356 4
67357 2
67358 1
67359 0
67360 3
67361 2
67362 1
67363 0
67364 3
67365 2
67366 1
67367 0
67368 3
67369 2
67370 1
67371 0
67372 3
67373 2
67374 1
67375 0
67376 3
67377 2
67378 1
67379 0
67380 3
67381 2
67382 1
67383 0
67384 3
67385 2
67386 1
67387 0
67388 3
67389 2
67390 1
67391 0
67392 3
67393 2
67394 1
67395 0
67396 3
67397 2
67398 1
67399 0
67400 3
67401 2
67402 1
67403 0
67404 3
67405 4
67406 2
67407 1
67408 0
67409 3
67410 2
67411 1
67412 0
67413 3
67414 2
67415 1
67416 0
67417 3
67418 2
67419 1
67420 0
67421 3
67422 2
67423 1
67424 0
67425 3
67426 2
67427 1
67428 0
67429 3
67430 2
67431 1
67432 0
67433 3
67434 2
67435 1
67436 0
67437 3
67438 2
67439 1
67440 0
67441 3
67442 2
67443 1
67444 0
67445 3
67446 2
67447 1
67448 0
67449 3
67450 2
67451 1
67452 0
67453 3
67454 2
67455 1
67456 4
67457 0
67458 2
67459 1
67460 3
67461 0
67462 2
67463 1
67464 3
67465 0
67466 2
67467 1
67468 4
67469 3
67470 2
67471 1
67472 0
67473 3
67474 2
67475 1
67476 0
67477 3
67478 4
67479 2
67480 1
67481 0
67482 3
67483 2
67484 1
67485 0
67486 3
67487 2
67488 1
67489 0
67490 3
67491 2
67492 1
67493 0
67494 3
67495 2
67496 1
67497 0
67498 3
67499 2
67500 1
67501 0
67502 3
67503 4
67504 2
67505 1
67506 0
67507 3
67508 2
67509 1
67510 0
67511 3
67512 2
67513 1
67514 0
67515 3
67516 2
67517 1
67518 0
67519 3
67520 2
67521 1
67522 0
67523 3
67524 2
67525 1
67526 0
67527 3
67528 2
67529 1
67530 0
67531 3
67532 2
67533 1
67534 0
67535 3
67536 2
67537 1
67538 0
67539 3
67540 2
67541 1
67542 0
67543 3
67544 2
67545 1
67546 0
67547 3
67548 2
67549 1
67550 0
67551 3
67552 2
67553 1
67554 4
67555 0
67556 2
67557 1
67558 3
67559 0
67560 2
67561 1
67562 3
67563 0
67564 2
67565 1
67566 4
67567 3
67568 2
67569 1
67570 0
67571 3
67572 2
67573 1
67574 0
67575 3
67576 4
67577 2
67578 1
67579 0
67580 3
67581 2
67582 1
67583 0
67584 3
67585 2
67586 1
67587 0
67588 3
67589 2
67590 1
67591 0
67592 3
67593 2
67594 1
67595 0
67596 3
67597 2
67598 1
67599 0
67600 3
67601 4
67602 2
67603 1
67604 0
67605 3
67606 2
67607 1
67608 0
67609 3
67610 2
67611 1
67612 0
67613 3
67614 2
67615 1
67616 0
67617 3
67618 2
67619 1
67620 0
67621 3
67622 2
67623 1
67624 0
67625 3
67626 2
67627 1
67628 0
67629 3
67630 2
67631 1
67632 0
67633 3
67634 2
67635 1
67636 0
67637 3
67638 2
67639 1
67640 0
67641 3
67642 2
67643 1
67644 0
67645 3
67646 2
67647 1
67648 0
67649 3
67650 2
67651 1
67652 4
67653 0
67654 2
67655 1
67656 3
67657 0
67658 2
67659 1
67660 3
67661 0
67662 2
67663 1
67664 4
67665 3
67666 2
67667 1
67668 0
67669 3
67670 2
67671 1
67672 0
67673 3
67674 2
67675 1
67676 4
67677 0
67678 2
67679 1
67680 3
67681 0
67682 2
67683 1
67684 3
67685 0
67686 2
67687 1
67688 4
67689 3
67690 2
67691 1
67692 0
67693 3
67694 2
67695 1
67696 0
67697 3
67698 4
67699 2
67700 1
67701 0
67702 3
67703 2
67704 1
67705 0
67706 3
67707 2
67708 1
67709 0
67710 3
67711 2
67712 1
67713 0
67714 3
67715 2
67716 1
67717 0
67718 3
67719 2
67720 1
67721 0
67722 3
67723 2
67724 1
67725 0
67726 3
67727 2
67728 1
67729 0
67730 3
67731 2
67732 1
67733 0
67734 3
67735 2
67736 1
67737 0
67738 3
67739 2
67740 1
67741 0
67742 3
67743 2
67744 1
67745 0
67746 3
67747 4
67748 2
67749 1
67750 0
67751 3
67752 2
67753 1
67754 0
67755 3
67756 2
67757 1
67758 0
67759 3
67760 2
67761 1
67762 0
67763 3
67764 2
67765 1
67766 0
67767 3
67768 2
67769 1
67770 0
67771 3
67772 2
67773 1
67774 0
67775 3
67776 2
67777 1
67778 0
67779 3
67780 2
67781 1
67782 0
67783 3
67784 2
67785 1
67786 0
67787 3
67788 2
67789 1
67790 0
67791 3
67792 2
67793 1
67794 0
67795 3
67796 4
67797 2
67798 1
67799 0
67800 3
67801 2
67802 1
67803 0
67804 3
67805 2
67806 1
67807 0
67808 3
67809 2
67810 1
67811 0
67812 3
67813 2
67814 1
67815 0
67816 3
67817 2
67818 1
67819 0
67820 3
67821 2
67822 1
67823 0
67824 3
67825 2
67826 1
67827 0
67828 3
67829 2
67830 1
67831 0
67832 3
67833 2
67834 1
67835 0
67836 3
67837 2
67838 1
67839 0
67840 3
67841 2
67842 1
67843 0
67844 3
67845 2
67846 1
67847 4
67848 0
67849 2
67850 1
67851 3
67852 0
67853 2
67854 1
67855 3
67856 0
67857 2
67858 1
67859 4
67860 3
67861 2
67862 1
67863 0
67864 3
67865 2
67866 1
67867 0
67868 3
67869 2
67870 1
67871 4
67872 0
67873 2
67874 1
67875 3
67876 0
67877 2
67878 1
67879 3
67880 0
67881 2
67882 1
67883 4
67884 3
67885 2
67886 1
67887 0
67888 3
67889 2
67890 1
67891 0
67892 3
67893 4
67894 2
67895 1
67896 0
67897 3
67898 2
67899 1
67900 0
67901 3
67902 2
67903 1
67904 0
67905 3
67906 2
67907 1
67908 0
67909 3
67910 2
67911 1
67912 0
67913 3
67914 2
67915 1
67916 0
67917 3
67918 2
67919 1
67920 0
67921 3
67922 2
67923 1
67924 0
67925 3
67926 2
67927 1
67928 0
67929 3
67930 2
67931 1
67932 0
67933 3
67934 2
67935 1
67936 0
67937 3
67938 2
67939 1
67940 0
67941 3
67942 4
67943 2
67944 1
67945 0
67946 3
67947 2
67948 1
67949 0
67950 3
67951 2
67952 1
67953 0
67954 3
67955 2
67956 1
67957 0
67958 3
67959 2
67960 1
67961 0
67962 3
67963 2
67964 1
67965 0
67966 3
67967 2
67968 1
67969 0
67970 3
67971 2
67972 1
67973 0
67974 3
67975 2
67976 1
67977 0
67978 3
67979 2
67980 1
67981 0
67982 3
67983 2
67984 1
67985 0
67986 3
67987 2
67988 1
67989 0
67990 3
67991 4
67992 2
67993 1
67994 0
67995 3
67996 2
67997 1
67998 0
67999 3
68000 2
68001 1
68002 0
68003 3
68004 2
68005 1
68006 0
68007 3
68008 2
68009 1
68010 0
68011 3
68012 2
68013 1
68014 0
68015 3
68016 2
68017 1
68018 0
68019 3
68020 2
68021 1
68022 0
68023 3
68024 2
68025 1
68026 0
68027 3
68028 2
68029 1
68030 0
68031 3
68032 2
68033 1
68034 0
68035 3
68036 2
68037 1
68038 0
68039 3
68040 2
68041 1
68042 4
68043 0
68044 2
68045 1
68046 3
68047 0
68048 2
68049 1
68050 3
68051 0
68052 2
68053 1
68054 4
68055 3
68056 2
68057 1
68058 0
68059 3
68060 2
68061 1
68062 0
68063 3
68064 2
68065 1
68066 4
68067 0
68068 2
68069 1
68070 3
68071 0
68072 2
68073 1
68074 3
68075 0
68076 2
68077 1
68078 4
68079 3
68080 2
68081 1
68082 0
68083 3
68084 2
68085 1
68086 0
68087 3
68088 4
68089 2
68090 1
68091 0
68092 3
68093 2
68094 1
68095 0
68096 3
68097 2
68098 1
68099 0
68100 3
68101 2
68102 1
68103 0
68104 3
68105 2
68106 1
68107 0
68108 3
68109 2
68110 1
68111 0
68112 3
68113 2
68114 1
68115 0
68116 3
68117 2
68118 1
68119 0
68120 3
68121 2
68122 1
68123 0
68124 3
68125 2
68126 1
68127 0
68128 3
68129 2
68130 1
68131 0
68132 3
68133 2
68134 1
68135 0
68136 3
68137 4
68138 2
68139 1
68140 0
68141 3
68142 2
68143 1
68144 0
68145 3
68146 2
68147 1
68148 0
68149 3
68150 2
68151 1
68152 0
68153 3
68154 2
68155 1
68156 0
68157 3
68158 2
68159 1
68160 0
68161 3
68162 2
68163 1
68164 0
68165 3
68166 2
68167 1
68168 0
68169 3
68170 2
68171 1
68172 0
68173 3
68174 2
68175 1
68176 0
68177 3
68178 2
68179 1
68180 0
68181 3
68182 2
68183 1
68184 0
68185 3
68186 4
68187 2
68188 1
68189 0
68190 3
68191 2
68192 1
68193 0
68194 3
68195 2
68196 1
68197 0
68198 3
68199 2
68200 1
68201 0
68202 3
68203 2
68204 1
68205 0
68206 3
68207 2
68208 1
68209 0
68210 3
68211 2
68212 1
68213 0
68214 3
68215 2
68216 1
68217 0
68218 3
68219 2
68220 1
68221 0
68222 3
68223 2
68224 1
68225 0
68226 3
68227 2
68228 1
68229 0
68230 3
68231 2
68232 1
68233 0
68234 3
68235 2
68236 1
68237 4
68238 0
68239 2
68240 1
68241 3
68242 0
68243 2
68244 1
68245 3
68246 0
68247 2
68248 1
68249 4
68250 3
68251 2
68252 1
68253 0
68254 3
68255 2
68256 1
68257 0
68258 3
68259 4
68260 2
68261 1
68262 0
68263 3
68264 2
68265 1
68266 0
68267 3
68268 2
68269 1
68270 0
68271 3
68272 2
68273 1
68274 0
68275 3
68276 2
68277 1
68278 0
68279 3
68280 2
68281 1
68282 0
68283 3
68284 4
68285 2
68286 1
68287 0
68288 3
68289 2
68290 1
68291 0
68292 3
68293 2
68294 1
68295 0
68296 3
68297 2
68298 1
68299 0
68300 3
68301 2
68302 1
68303 0
68304 3
68305 2
68306 1
68307 0
68308 3
68309 2
68310 1
68311 0
68312 3
68313 2
68314 1
68315 0
68316 3
68317 2
68318 1
68319 0
68320 3
68321 2
68322 1
68323 0
68324 3
68325 2
68326 1
68327 0
68328 3
68329 2
68330 1
68331 0
68332 3
68333 2
68334 1
68335 4
68336 0
68337 2
68338 1
68339 3
68340 0
68341 2
68342 1
68343 3
68344 0
68345 2
68346 1
68347 4
68348 3
68349 2
68350 1
68351 0
68352 3
68353 2
68354 1
68355 0
68356 3
68357 4
68358 2
68359 1
68360 0
68361 3
68362 2
68363 1
68364 0
68365 3
68366 2
68367 1
68368 0
68369 3
68370 2
68371 1
68372 0
68373 3
68374 2
68375 1
68376 0
68377 3
68378 2
68379 1
68380 0
68381 3
68382 4
68383 2
68384 1
68385 0
68386 3
68387 2
68388 1
68389 0
68390 3
68391 2
68392 1
68393 0
68394 3
68395 2
68396 1
68397 0
68398 3
68399 2
68400 1
68401 0
68402 3
68403 2
68404 1
68405 0
68406 3
68407 2
68408 1
68409 0
68410 3
68411 2
68412 1
68413 0
68414 3
68415 2
68416 1
68417 0
68418 3
68419 2
68420 1
68421 0
68422 3
68423 2
68424 1
68425 0
68426 3
68427 2
68428 1
68429 0
68430 3
68431 2
68432 1
68433 4
68434 0
68435 2
68436 1
68437 3
68438 0
68439 2
68440 1
68441 3
68442 0
68443 2
68444 1
68445 4
68446 3
68447 2
68448 1
68449 0
68450 3
68451 2
68452 1
68453 0
68454 3
68455 2
68456 1
68457 4
68458 0
68459 2
68460 1
68461 3
68462 0
68463 2
68464 1
68465 3
68466 0
68467 2
68468 1
68469 4
68470 3
68471 2
68472 1
68473 0
68474 3
68475 2
68476 1
68477 0
68478 3
68479 4
68480 2
68481 1
68482 0
68483 3
68484 2
68485 1
68486 0
68487 3
68488 2
68489 1
68490 0
68491 3
68492 2
68493 1
68494 0
68495 3
68496 2
68497 1
68498 0
68499 3
68500 2
68501 1
68502 0
68503 3
68504 2
68505 1
68506 0
68507 3
68508 2
68509 1
68510 0
68511 3
68512 2
68513 1
68514 0
68515 3
68516 2
68517 1
68518 0
68519 3
68520 2
68521 1
68522 0
68523 3
68524 2
68525 1
68526 0
68527 3
68528 4
68529 2
68530 1
68531 0
68532 3
68533 2
68534 1
68535 0
68536 3
68537 2
68538 1
68539 0
68540 3
68541 2
68542 1
68543 0
68544 3
68545 2
68546 1
68547 0
68548 3
68549 2
68550 1
68551 0
68552 3
68553 2
68554 1
68555 0
68556 3
68557 2
68558 1
68559 0
68560 3
68561 2
68562 1
68563 0
68564 3
68565 2
68566 1
68567 0
68568 3
68569 2
68570 1
68571 0
68572 3
68573 2
68574 1
68575 0
68576 3
68577 4
68578 2
68579 1
68580 0
68581 3
68582 2
68583 1
68584 0
68585 3
68586 2
68587 1
68588 0
68589 3
68590 2
68591 1
68592 0
68593 3
68594 2
68595 1
68596 0
68597 3
68598 2
68599 1
68600 0
68601 3
68602 2
68603 1
68604 0
68605 3
68606 2
68607 1
68608 0
68609 3
68610 2
68611 1
68612 0
68613 3
68614 2
68615 1
68616 0
68617 3
68618 2
68619 1
68620 0
68621 3
68622 2
68623 1
68624 0
68625 3
68626 2
68627 1
68628 4
68629 0
68630 2
68631 1
68632 3
68633 0
68634 2
68635 1
68636 3
68637 0
68638 2
68639 1
68640 4
68641 3
68642 2
68643 1
68644 0
68645 3
68646 2
68647 1
68648 0
68649 3
68650 2
68651 1
68652 4
68653 0
68654 2
68655 1
68656 3
68657 0
68658 2
68659 1
68660 3
68661 0
68662 2
68663 1
68664 4
68665 3
68666 2
68667 1
68668 0
68669 3
68670 2
68671 1
68672 0
68673 3
68674 4
68675 2
68676 1
68677 0
68678 3
68679 2
68680 1
68681 0
68682 3
68683 2
68684 1
68685 0
68686 3
68687 2
68688 1
68689 0
68690 3
68691 2
68692 1
68693 0
68694 3
68695 2
68696 1
68697 0
68698 3
68699 2
68700 1
68701 0
68702 3
68703 2
68704 1
68705 0
68706 3
68707 2
68708 1
68709 0
68710 3
68711 2
68712 1
68713 0
68714 3
68715 2
68716 1
68717 0
68718 3
68719 2
68720 1
68721 0
68722 3
68723 2
68724 1
68725 4
68726 0
68727 2
68728 1
68729 3
68730 0
68731 2
68732 1
68733 3
68734 0
68735 2
68736 1
68737 4
68738 3
68739 2
68740 1
68741 0
68742 3
68743 2
68744 1
68745 0
68746 3
68747 4
68748 2
68749 1
68750 0
68751 3
68752 2
68753 1
68754 0
68755 3
68756 2
68757 1
68758 0
68759 3
68760 2
68761 1
68762 0
68763 3
68764 2
68765 1
68766 0
68767 3
68768 2
68769 1
68770 0
68771 3
68772 4
68773 2
68774 1
68775 0
68776 3
68777 2
68778 1
68779 0
68780 3
68781 2
68782 1
68783 0
68784 3
68785 2
68786 1
68787 0
68788 3
68789 2
68790 1
68791 0
68792 3
68793 2
68794 1
68795 0
68796 3
68797 2
68798 1
68799 0
68800 3
68801 2
68802 1
68803 0
68804 3
68805 2
68806 1
68807 0
68808 3
68809 2
68810 1
68811 0
68812 3
68813 2
68814 1
68815 0
68816 3
68817 2
68818 1
68819 0
68820 3
68821 2
68822 1
68823 4
68824 0
68825 2
68826 1
68827 3
68828 0
68829 2
68830 1
68831 3
68832 0
68833 2
68834 1
68835 4
68836 3
68837 2
68838 1
68839 0
68840 3
68841 2
68842 1
68843 0
68844 3
68845 2
68846 1
68847 4
68848 0
68849 2
68850 1
68851 3
68852 0
68853 2
68854 1
68855 3
68856 0
68857 2
68858 1
68859 4
68860 3
68861 2
68862 1
68863 0
68864 3
68865 2
68866 1
68867 0
68868 3
68869 4
68870 2
68871 1
68872 0
68873 3
68874 2
68875 1
68876 0
68877 3
68878 2
68879 1
68880 0
68881 3
68882 2
68883 1
68884 0
68885 3
68886 2
68887 1
68888 0
68889 3
68890 2
68891 1
68892 0
68893 3
68894 2
68895 1
68896 0
68897 3
68898 2
68899 1
68900 0
68901 3
68902 2
68903 1
68904 0
68905 3
68906 2
68907 1
68908 0
68909 3
68910 2
68911 1
68912 0
68913 3
68914 2
68915 1
68916 0
68917 3
68918 4
68919 2
68920 1
68921 0
68922 3
68923 2
68924 1
68925 0
68926 3
68927 2
68928 1
68929 0
68930 3
68931 2
68932 1
68933 0
68934 3
68935 2
68936 1
68937 0
68938 3
68939 2
68940 1
68941 0
68942 3
68943 2
68944 1
68945 0
68946 3
68947 2
68948 1
68949 0
68950 3
68951 2
68952 1
68953 0
68954 3
68955 2
68956 1
68957 0
68958 3
68959 2
68960 1
68961 0
68962 3
68963 2
68964 1
68965 0
68966 3
68967 4
68968 2
68969 1
68970 0
68971 3
68972 2
68973 1
68974 0
68975 3
68976 2
68977 1
68978 0
68979 3
68980 2
68981 1
68982 0
68983 3
68984 2
68985 1
68986 0
68987 3
68988 2
68989 1
68990 0
68991 3
68992 2
68993 1
68994 0
68995 3
68996 2
68997 1
68998 0
68999 3
69000 2
69001 1
69002 0
69003 3
69004 2
69005 1
69006 0
69007 3
69008 2
69009 1
69010 0
69011 3
69012 2
69013 1
69014 0
69015 3
69016 2
69017 1
69018 4
69019 0
69020 2
69021 1
69022 3
69023 0
69024 2
69025 1
69026 3
69027 0
69028 2
69029 1
69030 4
69031 3
69032 2
69033 1
69034 0
69035 3
69036 2
69037 1
69038 0
69039 3
69040 4
69041 2
69042 1
69043 0
69044 3
69045 2
69046 1
69047 0
69048 3
69049 2
69050 1
69051 0
69052 3
69053 2
69054 1
69055 0
69056 3
69057 2
69058 1
69059 0
69060 3
69061 2
69062 1
69063 0
69064 3
69065 4
69066 2
69067 1
69068 0
69069 3
69070 2
69071 1
69072 0
69073 3
69074 2
69075 1
69076 0
69077 3
69078 2
69079 1
69080 0
69081 3
69082 2
69083 1
69084 0
69085 3
69086 2
69087 1
69088 0
69089 3
69090 2
69091 1
69092 0
69093 3
69094 2
69095 1
69096 0
69097 3
69098 2
69099 1
69100 0
69101 3
69102 2
69103 1
69104 0
69105 3
69106 2
69107 1
69108 0
69109 3
69110 2
69111 1
69112 0
69113 3
69114 2
69115 1
69116 4
69117 0
69118 2
69119 1
69120 3
69121 0
69122 2
69123 1
69124 3
69125 0
69126 2
69127 1
69128 4
69129 3
69130 2
69131 1
69132 0
69133 3
69134 2
69135 1
69136 0
69137 3
69138 4
69139 2
69140 1
69141 0
69142 3
69143 2
69144 1
69145 0
69146 3
69147 2
69148 1
69149 0
69150 3
69151 2
69152 1
69153 0
69154 3
69155 2
69156 1
69157 0
69158 3
69159 2
69160 1
69161 0
69162 3
69163 4
69164 2
69165 1
69166 0
69167 3
69168 2
69169 1
69170 0
69171 3
69172 2
69173 1
69174 0
69175 3
69176 2
69177 1
69178 0
69179 3
69180 2
69181 1
69182 0
69183 3
69184 2
69185 1
69186 0
69187 3
69188 2
69189 1
69190 0
69191 3
69192 2
69193 1
69194 0
69195 3
69196 2
69197 1
69198 0
69199 3
69200 2
69201 1
69202 0
69203 3
69204 2
69205 1
69206 0
69207 3
69208 2
69209 1
69210 0
69211 3
69212 2
69213 1
69214 4
69215 0
69216 2
69217 1
69218 3
69219 0
69220 2
69221 1
69222 3
69223 0
69224 2
69225 1
69226 4
69227 3
69228 2
69229 1
69230 0
69231 3
69232 2
69233 1
69234 0
69235 3
69236 2
69237 1
69238 4
69239 0
69240 2
69241 1
69242 3
69243 0
69244 2
69245 1
69246 3
69247 0
69248 2
69249 1
69250 4
69251 3
69252 2
69253 1
69254 0
69255 3
69256 2
69257 1
69258 0
69259 3
69260 4
69261 2
69262 1
69263 0
69264 3
69265 2
69266 1
69267 0
69268 3
69269 2
69270 1
69271 0
69272 3
69273 2
69274 1
69275 0
69276 3
69277 2
69278 1
69279 0
69280 3
69281 2
69282 1
69283 0
69284 3
69285 2
69286 1
69287 0
69288 3
69289 2
69290 1
69291 0
69292 3
69293 2
69294 1
69295 0
69296 3
69297 2
69298 1
69299 0
69300 3
69301 2
69302 1
69303 0
69304 3
69305 2
69306 1
69307 0
69308 3
69309 4
69310 2
69311 1
69312 0
69313 3
69314 2
69315 1
69316 0
69317 3
69318 2
69319 1
69320 0
69321 3
69322 2
69323 1
69324 0
69325 3
69326 2
69327 1
69328 0
69329 3
69330 2
69331 1
69332 0
69333 3
69334 2
69335 1
69336 0
69337 3
69338 2
69339 1
69340 0
69341 3
69342 2
69343 1
69344 0
69345 3
69346 2
69347 1
69348 0
69349 3
69350 2
69351 1
69352 0
69353 3
69354 2
69355 1
69356 0
69357 3
69358 4
69359 2
69360 1
69361 0
69362 3
69363 2
69364 1
69365 0
69366 3
69367 2
69368 1
69369 0
69370 3
69371 2
69372 1
69373 0
69374 3
69375 2
69376 1
69377 0
69378 3
69379 2
69380 1
69381 0
69382 3
69383 2
69384 1
69385 0
69386 3
69387 2
69388 1
69389 0
69390 3
69391 2
69392 1
69393 0
69394 3
69395 2
69396 1
69397 0
69398 3
69399 2
69400 1
69401 0
69402 3
69403 2
69404 1
69405 0
69406 3
69407 2
69408 1
69409 4
69410 0
69411 2
69412 1
69413 3
69414 0
69415 2
69416 1
69417 3
69418 0
69419 2
69420 1
69421 4
69422 3
69423 2
69424 1
69425 0
69426 3
69427 2
69428 1
69429 0
69430 3
69431 2
69432 1
69433 4
69434 0
69435 2
69436 1
69437 3
69438 0
69439 2
69440 1
69441 3
69442 0
69443 2
69444 1
69445 4
69446 3
69447 2
69448 1
69449 0
69450 3
69451 2
69452 1
69453 0
69454 3
69455 4
69456 2
69457 1
69458 0
69459 3
69460 2
69461 1
69462 0
69463 3
69464 2
69465 1
69466 0
69467 3
69468 2
69469 1
69470 0
69471 3
69472 2
69473 1
69474 0
69475 3
69476 2
69477 1
69478 0
69479 3
69480 2
69481 1
69482 0
69483 3
69484 2
69485 1
69486 0
69487 3
69488 2
69489 1
69490 0
69491 3
69492 2
69493 1
69494 0
69495 3
69496 2
69497 1
69498 0
69499 3
69500 2
69501 1
69502 0
69503 3
69504 4
69505 2
69506 1
69507 0
69508 3
69509 2
69510 1
69511 0
69512 3
69513 2
69514 1
69515 0
69516 3
69517 2
69518 1
69519 0
69520 3
69521 2
69522 1
69523 0
69524 3
69525 2
69526 1
69527 0
69528 3
69529 2
69530 1
69531 0
69532 3
69533 2
69534 1
69535 0
69536 3
69537 2
69538 1
69539 0
69540 3
69541 2
69542 1
69543 0
69544 3
69545 2
69546 1
69547 0
69548 3
69549 2
69550 1
69551 0
69552 3
69553 4
69554 2
69555 1
69556 0
69557 3
69558 2
69559 1
69560 0
69561 3
69562 2
69563 1
69564 0
69565 3
69566 2
69567 1
69568 0
69569 3
69570 2
69571 1
69572 0
69573 3
69574 2
69575 1
69576 0
69577 3
69578 2
69579 1
69580 0
69581 3
69582 2
69583 1
69584 0
69585 3
69586 2
69587 1
69588 0
69589 3
69590 2
69591 1
69592 0
69593 3
69594 2
69595 1
69596 0
69597 3
69598 2
69599 1
69600 0
69601 3
69602 2
69603 1
69604 4
69605 0
69606 2
69607 1
69608 3
69609 0
69610 2
69611 1
69612 3
69613 0
69614 2
69615 1
69616 4
69617 3
69618 2
69619 1
69620 0
69621 3
69622 2
69623 1
69624 0
69625 3
69626 2
69627 1
69628 4
69629 0
69630 2
69631 1
69632 3
69633 0
69634 2
69635 1
69636 3
69637 0
69638 2
69639 1
69640 4
69641 3
69642 2
69643 1
69644 0
69645 3
69646 2
69647 1
69648 0
69649 3
69650 4
69651 2
69652 1
69653 0
69654 3
69655 2
69656 1
69657 0
69658 3
69659 2
69660 1
69661 0
69662 3
69663 2
69664 1
69665 0
69666 3
69667 2
69668 1
69669 0
69670 3
69671 2
69672 1
69673 0
69674 3
69675 2
69676 1
69677 0
69678 3
69679 2
69680 1
69681 0
69682 3
69683 2
69684 1
69685 0
69686 3
69687 2
69688 1
69689 0
69690 3
69691 2
69692 1
69693 0
69694 3
69695 2
69696 1
69697 0
69698 3
69699 4
69700 2
69701 1
69702 0
69703 3
69704 2
69705 1
69706 0
69707 3
69708 2
69709 1
69710 0
69711 3
69712 2
69713 1
69714 0
69715 3
69716 2
69717 1
69718 0
69719 3
69720 2
69721 1
69722 0
69723 3
69724 2
69725 1
69726 0
69727 3
69728 2
69729 1
69730 0
69731 3
69732 2
69733 1
69734 0
69735 3
69736 2
69737 1
69738 0
69739 3
69740 2
69741 1
69742 0
69743 3
69744 2
69745 1
69746 0
69747 3
69748 4
69749 2
69750 1
69751 0
69752 3
69753 2
69754 1
69755 0
69756 3
69757 2
69758 1
69759 0
69760 3
69761 2
69762 1
69763 0
69764 3
69765 2
69766 1
69767 0
69768 3
69769 2
69770 1
69771 0
69772 3
69773 2
69774 1
69775 0
69776 3
69777 2
69778 1
69779 0
69780 3
69781 2
69782 1
69783 0
69784 3
69785 2
69786 1
69787 0
69788 3
69789 2
69790 1
69791 0
69792 3
69793 2
69794 1
69795 0
69796 3
69797 2
69798 1
69799 4
69800 0
69801 2
69802 1
69803 3
69804 0
69805 2
69806 1
69807 3
69808 0
69809 2
69810 1
69811 4
69812 3
69813 2
69814 1
69815 0
69816 3
69817 2
69818 1
69819 0
69820 3
69821 4
69822 2
69823 1
69824 0
69825 3
69826 2
69827 1
69828 0
69829 3
69830 2
69831 1
69832 0
69833 3
69834 2
69835 1
69836 0
69837 3
69838 2
69839 1
69840 0
69841 3
69842 2
69843 1
69844 0
69845 3
69846 4
69847 2
69848 1
69849 0
69850 3
69851 2
69852 1
69853 0
69854 3
69855 2
69856 1
69857 0
69858 3
69859 2
69860 1
69861 0
69862 3
69863 2
69864 1
69865 0
69866 3
69867 2
69868 1
69869 0
69870 3
69871 2
69872 1
69873 0
69874 3
69875 2
69876 1
69877 0
69878 3
69879 2
69880 1
69881 0
69882 3
69883 2
69884 1
69885 0
69886 3
69887 2
69888 1
69889 0
69890 3
69891 2
69892 1
69893 0
69894 3
69895 2
69896 1
69897 4
69898 0
69899 2
69900 1
69901 3
69902 0
69903 2
69904 1
69905 3
69906 0
69907 2
69908 1
69909 4
69910 3
69911 2
69912 1
69913 0
69914 3
69915 2
69916 1
69917 0
69918 3
69919 4
69920 2
69921 1
69922 0
69923 3
69924 2
69925 1
69926 0
69927 3
69928 2
69929 1
69930 0
69931 3
69932 2
69933 1
69934 0
69935 3
69936 2
69937 1
69938 0
69939 3
69940 2
69941 1
69942 0
69943 3
69944 4
69945 2
69946 1
69947 0
69948 3
69949 2
69950 1
69951 0
69952 3
69953 2
69954 1
69955 0
69956 3
69957 2
69958 1
69959 0
69960 3
69961 2
69962 1
69963 0
69964 3
69965 2
69966 1
69967 0
69968 3
69969 2
69970 1
69971 0
69972 3
69973 2
69974 1
69975 0
69976 3
69977 2
69978 1
69979 0
69980 3
69981 2
69982 1
69983 0
69984 3
69985 2
69986 1
69987 0
69988 3
69989 2
69990 1
69991 0
69992 3
69993 2
69994 1
69995 4
69996 0
69997 2
69998 1
69999 3
70000 0
70001 2
70002 1
70003 3
70004 0
70005 2
70006 1
70007 4
70008 3
70009 2
70010 1
70011 0
70012 3
70013 2
70014 1
70015 0
70016 3
70017 2
70018 1
70019 4
70020 0
70021 2
70022 1
70023 3
70024 0
70025 2
70026 1
70027 3
70028 0
70029 2
70030 1
70031 4
70032 3
70033 2
70034 1
70035 0
70036 3
70037 2
70038 1
70039 0
70040 3
70041 4
70042 2
70043 1
70044 0
70045 3
70046 2
70047 1
70048 0
70049 3
70050 2
70051 1
70052 0
70053 3
70054 2
70055 1
70056 0
70057 3
70058 2
70059 1
70060 0
70061 3
70062 2
70063 1
70064 0
70065 3
70066 2
70067 1
70068 0
70069 3
70070 2
70071 1
70072 0
70073 3
70074 2
70075 1
70076 0
70077 3
70078 2
70079 1
70080 0
70081 3
70082 2
70083 1
70084 0
70085 3
70086 2
70087 1
70088 0
70089 3
70090 4
70091 2
70092 1
70093 0
70094 3
70095 2
70096 1
70097 0
70098 3
70099 2
70100 1
70101 0
70102 3
70103 2
70104 1
70105 0
70106 3
70107 2
70108 1
70109 0
70110 3
70111 2
70112 1
70113 0
70114 3
70115 2
70116 1
70117 0
70118 3
70119 2
70120 1
70121 0
70122 3
70123 2
70124 1
70125 0
70126 3
70127 2
70128 1
70129 0
70130 3
70131 2
70132 1
70133 0
70134 3
70135 2
70136 1
70137 0
70138 3
70139 4
70140 2
70141 1
70142 0
70143 3
70144 2
70145 1
70146 0
70147 3
70148 2
70149 1
70150 0
70151 3
70152 2
70153 1
70154 0
70155 3
70156 2
70157 1
70158 0
70159 3
70160 2
70161 1
70162 0
70163 3
70164 2
70165 1
70166 0
70167 3
70168 2
70169 1
70170 0
70171 3
70172 2
70173 1
70174 0
70175 3
70176 2
70177 1
70178 0
70179 3
70180 2
70181 1
70182 0
70183 3
70184 2
70185 1
70186 0
70187 3
70188 2
70189 1
70190 4
70191 0
70192 2
70193 1
70194 3
70195 0
70196 2
70197 1
70198 3
70199 0
70200 2
70201 1
70202 4
70203 3
70204 2
70205 1
70206 0
70207 3
70208 2
70209 1
70210 0
70211 3
70212 4
70213 2
70214 1
70215 0
70216 3
70217 2
70218 1
70219 0
70220 3
70221 2
70222 1
70223 0
70224 3
70225 2
70226 1
70227 0
70228 3
70229 2
70230 1
70231 0
70232 3
70233 2
70234 1
70235 0
70236 3
70237 4
70238 2
70239 1
70240 0
70241 3
70242 2
70243 1
70244 0
70245 3
70246 2
70247 1
70248 0
70249 3
70250 2
70251 1
70252 0
70253 3
70254 2
70255 1
70256 0
70257 3
70258 2
70259 1
70260 0
70261 3
70262 2
70263 1
70264 0
70265 3
70266 2
70267 1
70268 0
70269 3
70270 2
70271 1
70272 0
70273 3
70274 2
70275 1
70276 0
70277 3
70278 2
70279 1
70280 0
70281 3
70282 2
70283 1
70284 0
70285 3
70286 2
70287 1
70288 4
70289 0
70290 2
70291 1
70292 3
70293 0
70294 2
70295 1
70296 3
70297 0
70298 2
70299 1
70300 4
70301 3
70302 2
70303 1
70304 0
70305 3
70306 2
70307 1
70308 0
70309 3
70310 4
70311 2
70312 1
70313 0
70314 3
70315 2
70316 1
70317 0
70318 3
70319 2
70320 1
70321 0
70322 3
70323 2
70324 1
70325 0
70326 3
70327 2
70328 1
70329 0
70330 3
70331 2
70332 1
70333 0
70334 3
70335 4
70336 2
70337 1
70338 0
70339 3
70340 2
70341 1
70342 0
70343 3
70344 2
70345 1
70346 0
70347 3
70348 2
70349 1
70350 0
70351 3
70352 2
70353 1
70354 0
70355 3
70356 2
70357 1
70358 0
70359 3
70360 2
70361 1
70362 0
70363 3
70364 2
70365 1
70366 0
70367 3
70368 2
70369 1
70370 0
70371 3
70372 2
70373 1
70374 0
70375 3
70376 2
70377 1
70378 0
70379 3
70380 2
70381 1
70382 0
70383 3
70384 2
70385 1
70386 4
70387 0
70388 2
70389 1
70390 3
70391 0
70392 2
70393 1
70394 3
70395 0
70396 2
70397 1
70398 4
70399 3
70400 2
70401 1
70402 0
70403 3
70404 2
70405 1
70406 0
70407 3
70408 2
70409 1
70410 4
70411 0
70412 2
70413 1
70414 3
70415 0
70416 2
70417 1
70418 3
70419 0
70420 2
70421 1
70422 4
70423 3
70424 2
70425 1
70426 0
70427 3
70428 2
70429 1
70430 0
70431 3
70432 4
70433 2
70434 1
70435 0
70436 3
70437 2
70438 1
70439 0
70440 3
70441 2
70442 1
70443 0
70444 3
70445 2
70446 1
70447 0
70448 3
70449 2
70450 1
70451 0
70452 3
70453 2
70454 1
70455 0
70456 3
70457 2
70458 1
70459 0
70460 3
70461 2
70462 1
70463 0
70464 3
70465 2
70466 1
70467 0
70468 3
70469 2
70470 1
70471 0
70472 3
70473 2
70474 1
70475 0
70476 3
70477 2
70478 1
70479 0
70480 3
70481 4
70482 2
70483 1
70484 0
70485 3
70486 2
70487 1
70488 0
70489 3
70490 2
70491 1
70492 0
70493 3
70494 2
70495 1
70496 0
70497 3
70498 2
70499 1
70500 0
70501 3
70502 2
70503 1
70504 0
70505 3
70506 2
70507 1
70508 0
70509 3
70510 2
70511 1
70512 0
70513 3
70514 2
70515 1
70516 0
70517 3
70518 2
70519 1
70520 0
70521 3
70522 2
70523 1
70524 0
70525 3
70526 2
70527 1
70528 0
70529 3
70530 4
70531 2
70532 1
70533 0
70534 3
70535 2
70536 1
70537 0
70538 3
70539 2
70540 1
70541 0
70542 3
70543 2
70544 1
70545 0
70546 3
70547 2
70548 1
70549 0
70550 3
70551 2
70552 1
70553 0
70554 3
70555 2
70556 1
70557 0
70558 3
70559 2
70560 1
70561 0
70562 3
70563 2
70564 1
70565 0
70566 3
70567 2
70568 1
70569 0
70570 3
70571 2
70572 1
70573 0
70574 3
70575 2
70576 1
70577 0
70578 3
70579 2
70580 1
70581 4
70582 0
70583 2
70584 1
70585 3
70586 0
70587 2
70588 1
70589 3
70590 0
70591 2
70592 1
70593 4
70594 3
70595 2
70596 1
70597 0
70598 3
70599 2
70600 1
70601 0
70602 3
70603 4
70604 2
70605 1
70606 0
70607 3
70608 2
70609 1
70610 0
70611 3
70612 2
70613 1
70614 0
70615 3
70616 2
70617 1
70618 0
70619 3
70620 2
70621 1
70622 0
70623 3
70624 2
70625 1
70626 0
70627 3
70628 4
70629 2
70630 1
70631 0
70632 3
70633 2
70634 1
70635 0
70636 3
70637 2
70638 1
70639 0
70640 3
70641 2
70642 1
70643 0
70644 3
70645 2
70646 1
70647 0
70648 3
70649 2
70650 1
70651 0
70652 3
70653 2
70654 1
70655 0
70656 3
70657 2
70658 1
70659 0
70660 3
70661 2
70662 1
70663 0
70664 3
70665 2
70666 1
70667 0
70668 3
70669 2
70670 1
70671 0
70672 3
70673 2
70674 1
70675 0
70676 3
70677 2
70678 1
70679 4
70680 0
70681 2
70682 1
70683 3
70684 0
70685 2
70686 1
70687 3
70688 0
70689 2
70690 1
70691 4
70692 3
70693 2
70694 1
70695 0
70696 3
70697 2
70698 1
70699 0
70700 3
70701 4
70702 2
70703 1
70704 0
70705 3
70706 2
70707 1
70708 0
70709 3
70710 2
70711 1
70712 0
70713 3
70714 2
70715 1
70716 0
70717 3
70718 2
70719 1
70720 0
70721 3
70722 2
70723 1
70724 0
70725 3
70726 4
70727 2
70728 1
70729 0
70730 3
70731 2
70732 1
70733 0
70734 3
70735 2
70736 1
70737 0
70738 3
70739 2
70740 1
70741 0
70742 3
70743 2
70744 1
70745 0
70746 3
70747 2
70748 1
70749 0
70750 3
70751 2
70752 1
70753 0
70754 3
70755 2
70756 1
70757 0
70758 3
70759 2
70760 1
70761 0
70762 3
70763 2
70764 1
70765 0
70766 3
70767 2
70768 1
70769 0
70770 3
70771 2
70772 1
70773 0
70774 3
70775 2
70776 1
70777 4
70778 0
70779 2
70780 1
70781 3
70782 0
70783 2
70784 1
70785 3
70786 0
70787 2
70788 1
70789 4
70790 3
70791 2
70792 1
70793 0
70794 3
70795 2
70796 1
70797 0
70798 3
70799 2
70800 1
70801 4
70802 0
70803 2
70804 1
70805 3
70806 0
70807 2
70808 1
70809 3
70810 0
70811 2
70812 1
70813 4
70814 3
70815 2
70816 1
70817 0
70818 3
70819 2
70820 1
70821 0
70822 3
70823 4
70824 2
70825 1
70826 0
70827 3
70828 2
70829 1
70830 0
70831 3
70832 2
70833 1
70834 0
70835 3
70836 2
70837 1
70838 0
70839 3
70840 2
70841 1
70842 0
70843 3
70844 2
70845 1
70846 0
70847 3
70848 2
70849 1
70850 0
70851 3
70852 2
70853 1
70854 0
70855 3
70856 2
70857 1
70858 0
70859 3
70860 2
70861 1
70862 0
70863 3
70864 2
70865 1
70866 0
70867 3
70868 2
70869 1
70870 0
70871 3
70872 4
70873 2
70874 1
70875 0
70876 3
70877 2
70878 1
70879 0
70880 3
70881 2
70882 1
70883 0
70884 3
70885 2
70886 1
70887 0
70888 3
70889 2
70890 1
70891 0
70892 3
70893 2
70894 1
70895 0
70896 3
70897 2
70898 1
70899 0
70900 3
70901 2
70902 1
70903 0
70904 3
70905 2
70906 1
70907 0
70908 3
70909 2
70910 1
70911 0
70912 3
70913 2
70914 1
70915 0
70916 3
70917 2
70918 1
70919 0
70920 3
70921 4
70922 2
70923 1
70924 0
70925 3
70926 2
70927 1
70928 0
70929 3
70930 2
70931 1
70932 0
70933 3
70934 2
70935 1
70936 0
70937 3
70938 2
70939 1
70940 0
70941 3
70942 2
70943 1
70944 0
70945 3
70946 2
70947 1
70948 0
70949 3
70950 2
70951 1
70952 0
70953 3
70954 2
70955 1
70956 0
70957 3
70958 2
70959 1
70960 0
70961 3
70962 2
70963 1
70964 0
70965 3
70966 2
70967 1
70968 0
70969 3
70970 2
70971 1
70972 4
70973 0
70974 2
70975 1
70976 3
70977 0
70978 2
70979 1
70980 3
70981 0
70982 2
70983 1
70984 4
70985 3
70986 2
70987 1
70988 0
70989 3
70990 2
70991 1
70992 0
70993 3
70994 2
70995 1
70996 4
70997 0
70998 2
70999 1
71000 3
71001 0
71002 2
71003 1
71004 3
71005 0
71006 2
71007 1
71008 4
71009 3
71010 2
71011 1
71012 0
71013 3
71014 2
71015 1
71016 0
71017 3
71018 4
71019 2
71020 1
71021 0
71022 3
71023 2
71024 1
71025 0
71026 3
71027 2
71028 1
71029 0
71030 3
71031 2
71032 1
71033 0
71034 3
71035 2
71036 1
71037 0
71038 3
71039 2
71040 1
71041 0
71042 3
71043 2
71044 1
71045 0
71046 3
71047 2
71048 1
71049 0
71050 3
71051 2
71052 1
71053 0
71054 3
71055 2
71056 1
71057 0
71058 3
71059 2
71060 1
71061 0
71062 3
71063 2
71064 1
71065 0
71066 3
71067 4
71068 2
71069 1
71070 0
71071 3
71072 2
71073 1
71074 0
71075 3
71076 2
71077 1
71078 0
71079 3
71080 2
71081 1
71082 0
71083 3
71084 2
71085 1
71086 0
71087 3
71088 2
71089 1
71090 0
71091 3
71092 2
71093 1
71094 0
71095 3
71096 2
71097 1
71098 0
71099 3
71100 2
71101 1
71102 0
71103 3
71104 2
71105 1
71106 0
71107 3
71108 2
71109 1
71110 0
71111 3
71112 2
71113 1
71114 0
71115 3
71116 4
71117 2
71118 1
71119 0
71120 3
71121 2
71122 1
71123 0
71124 3
71125 2
71126 1
71127 0
71128 3
71129 2
71130 1
71131 0
71132 3
71133 2
71134 1
71135 0
71136 3
71137 2
71138 1
71139 0
71140 3
71141 2
71142 1
71143 0
71144 3
71145 2
71146 1
71147 0
71148 3
71149 2
71150 1
71151 0
71152 3
71153 2
71154 1
71155 0
71156 3
71157 2
71158 1
71159 0
71160 3
71161 2
71162 1
71163 0
71164 3
71165 2
71166 1
71167 4
71168 0
71169 2
71170 1
71171 3
71172 0
71173 2
71174 1
71175 3
71176 0
71177 2
71178 1
71179 4
71180 3
71181 2
71182 1
71183 0
71184 3
71185 2
71186 1
71187 0
71188 3
71189 2
71190 1
71191 4
71192 0
71193 2
71194 1
71195 3
71196 0
71197 2
71198 1
71199 3
71200 0
71201 2
71202 1
71203 4
71204 3
71205 2
71206 1
71207 0
71208 3
71209 2
71210 1
71211 0
71212 3
71213 4
71214 2
71215 1
71216 0
71217 3
71218 2
71219 1
71220 0
71221 3
71222 2
71223 1
71224 0
71225 3
71226 2
71227 1
71228 0
71229 3
71230 2
71231 1
71232 0
71233 3
71234 2
71235 1
71236 0
71237 3
71238 2
71239 1
71240 0
71241 3
71242 2
71243 1
71244 0
71245 3
71246 2
71247 1
71248 0
71249 3
71250 2
71251 1
71252 0
71253 3
71254 2
71255 1
71256 0
71257 3
71258 2
71259 1
71260 0
71261 3
71262 4
71263 2
71264 1
71265 0
71266 3
71267 2
71268 1
71269 0
71270 3
71271 2
71272 1
71273 0
71274 3
71275 2
71276 1
71277 0
71278 3
71279 2
71280 1
71281 0
71282 3
71283 2
71284 1
71285 0
71286 3
71287 2
71288 1
71289 0
71290 3
71291 2
71292 1
71293 0
71294 3
71295 2
71296 1
71297 0
71298 3
71299 2
71300 1
71301 0
71302 3
71303 2
71304 1
71305 0
71306 3
71307 2
71308 1
71309 0
71310 3
71311 4
71312 2
71313 1
71314 0
71315 3
71316 2
71317 1
71318 0
71319 3
71320 2
71321 1
71322 0
71323 3
71324 2
71325 1
71326 0
71327 3
71328 2
71329 1
71330 0
71331 3
71332 2
71333 1
71334 0
71335 3
71336 2
71337 1
71338 0
71339 3
71340 2
71341 1
71342 0
71343 3
71344 2
71345 1
71346 0
71347 3
71348 2
71349 1
71350 0
71351 3
71352 2
71353 1
71354 0
71355 3
71356 2
71357 1
71358 0
71359 3
71360 2
71361 1
71362 4
71363 0
71364 2
71365 1
71366 3
71367 0
71368 2
71369 1
71370 3
71371 0
71372 2
71373 1
71374 4
71375 3
71376 2
71377 1
71378 0
71379 3
71380 2
71381 1
71382 0
71383 3
71384 4
71385 2
71386 1
71387 0
71388 3
71389 2
71390 1
71391 0
71392 3
71393 2
71394 1
71395 0
71396 3
71397 2
71398 1
71399 0
71400 3
71401 2
71402 1
71403 0
71404 3
71405 2
71406 1
71407 0
71408 3
71409 4
71410 2
71411 1
71412 0
71413 3
71414 2
71415 1
71416 0
71417 3
71418 2
71419 1
71420 0
71421 3
71422 2
71423 1
71424 0
71425 3
71426 2
71427 1
71428 0
71429 3
71430 2
71431 1
71432 0
71433 3
71434 2
71435 1
71436 0
71437 3
71438 2
71439 1
71440 0
71441 3
71442 2
71443 1
71444 0
71445 3
71446 2
71447 1
71448 0
71449 3
71450 2
71451 1
71452 0
71453 3
71454 2
71455 1
71456 0
71457 3
71458 2
71459 1
71460 4
71461 0
71462 2
71463 1
71464 3
71465 0
71466 2
71467 1
71468 3
71469 0
71470 2
71471 1
71472 4
71473 3
71474 2
71475 1
71476 0
71477 3
71478 2
71479 1
71480 0
71481 3
71482 4
71483 2
71484 1
71485 0
71486 3
71487 2
71488 1
71489 0
71490 3
71491 2
71492 1
71493 0
71494 3
71495 2
71496 1
71497 0
71498 3
71499 2
71500 1
71501 0
71502 3
71503 2
71504 1
71505 0
71506 3
71507 4
71508 2
71509 1
71510 0
71511 3
71512 2
71513 1
71514 0
71515 3
71516 2
71517 1
71518 0
71519 3
71520 2
71521 1
71522 0
71523 3
71524 2
71525 1
71526 0
71527 3
71528 2
71529 1
71530 0
71531 3
71532 2
71533 1
71534 0
71535 3
71536 2
71537 1
71538 0
71539 3
71540 2
71541 1
71542 0
71543 3
71544 2
71545 1
71546 0
71547 3
71548 2
71549 1
71550 0
71551 3
71552 2
71553 1
71554 0
71555 3
71556 2
71557 1
71558 4
71559 0
71560 2
71561 1
71562 3
71563 0
71564 2
71565 1
71566 3
71567 0
71568 2
71569 1
71570 4
71571 3
71572 2
71573 1
71574 0
71575 3
71576 2
71577 1
71578 0
71579 3
71580 2
71581 1
71582 4
71583 0
71584 2
71585 1
71586 3
71587 0
71588 2
71589 1
71590 3
71591 0
71592 2
71593 1
71594 4
71595 3
71596 2
71597 1
71598 0
71599 3
71600 2
71601 1
71602 0
71603 3
71604 4
71605 2
71606 1
71607 0
71608 3
71609 2
71610 1
71611 0
71612 3
71613 2
71614 1
71615 0
71616 3
71617 2
71618 1
71619 0
71620 3
71621 2
71622 1
71623 0
71624 3
71625 2
71626 1
71627 0
71628 3
71629 2
71630 1
71631 0
71632 3
71633 2
71634 1
71635 0
71636 3
71637 2
71638 1
71639 0
71640 3
71641 2
71642 1
71643 0
71644 3
71645 2
71646 1
71647 0
71648 3
71649 2
71650 1
71651 0
71652 3
71653 4
71654 2
71655 1
71656 0
71657 3
71658 2
71659 1
71660 0
71661 3
71662 2
71663 1
71664 0
71665 3
71666 2
71667 1
71668 0
71669 3
71670 2
71671 1
71672 0
71673 3
71674 2
71675 1
71676 0
71677 3
71678 2
71679 1
71680 0
71681 3
71682 2
71683 1
71684 0
71685 3
71686 2
71687 1
71688 0
71689 3
71690 2
71691 1
71692 0
71693 3
71694 2
71695 1
71696 0
71697 3
71698 2
71699 1
71700 0
71701 3
71702 4
71703 2
71704 1
71705 0
71706 3
71707 2
71708 1
71709 0
71710 3
71711 2
71712 1
71713 0
71714 3
71715 2
71716 1
71717 0
71718 3
71719 2
71720 1
71721 0
71722 3
71723 2
71724 1
71725 0
71726 3
71727 2
71728 1
71729 0
71730 3
71731 2
71732 1
71733 0
71734 3
71735 2
71736 1
71737 0
71738 3
71739 2
71740 1
71741 0
71742 3
71743 2
71744 1
71745 0
71746 3
71747 2
71748 1
71749 0
71750 3
71751 2
71752 1
71753 4
71754 0
71755 2
71756 1
71757 3
71758 0
71759 2
71760 1
71761 3
71762 0
71763 2
71764 1
71765 4
71766 3
71767 2
71768 1
71769 0
71770 3
71771 2
71772 1
71773 0
71774 3
71775 2
71776 1
71777 4
71778 0
71779 2
71780 1
71781 3
71782 0
71783 2
71784 1
71785 3
71786 0
71787 2
71788 1
71789 4
71790 3
71791 2
71792 1
71793 0
71794 3
71795 2
71796 1
71797 0
71798 3
71799 4
71800 2
71801 1
71802 0
71803 3
71804 2
71805 1
71806 0
71807 3
71808 2
71809 1
71810 0
71811 3
71812 2
71813 1
71814 0
71815 3
71816 2
71817 1
71818 0
71819 3
71820 2
71821 1
71822 0
71823 3
71824 2
71825 1
71826 0
71827 3
71828 2
71829 1
71830 0
71831 3
71832 2
71833 1
71834 0
71835 3
71836 2
71837 1
71838 0
71839 3
71840 2
71841 1
71842 0
71843 3
71844 2
71845 1
71846 0
71847 3
71848 4
71849 2
71850 1
71851 0
71852 3
71853 2
71854 1
71855 0
71856 3
71857 2
71858 1
71859 0
71860 3
71861 2
71862 1
71863 0
71864 3
71865 2
71866 1
71867 0
71868 3
71869 2
71870 1
71871 0
71872 3
71873 2
71874 1
71875 0
71876 3
71877 2
71878 1
71879 0
71880 3
71881 2
71882 1
71883 0
71884 3
71885 2
71886 1
71887 0
71888 3
71889 2
71890 1
71891 0
71892 3
71893 2
71894 1
71895 0
71896 3
71897 4
71898 2
71899 1
71900 0
71901 3
71902 2
71903 1
71904 0
71905 3
71906 2
71907 1
71908 0
71909 3
71910 2
71911 1
71912 0
71913 3
71914 2
71915 1
71916 0
71917 3
71918 2
71919 1
71920 0
71921 3
71922 2
71923 1
71924 0
71925 3
71926 2
71927 1
71928 0
71929 3
71930 2
71931 1
71932 0
71933 3
71934 2
71935 1
71936 0
71937 3
71938 2
71939 1
71940 0
71941 3
71942 2
71943 1
71944 0
71945 3
71946 2
71947 1
71948 4
71949 0
71950 2
71951 1
71952 3
71953 0
71954 2
71955 1
71956 3
71957 0
71958 2
71959 1
71960 4
71961 3
71962 2
71963 1
71964 0
71965 3
71966 2
71967 1
71968 0
71969 3
71970 2
71971 1
71972 4
71973 0
71974 2
71975 1
71976 3
71977 0
71978 2
71979 1
71980 3
71981 0
71982 2
71983 1
71984 4
71985 3
71986 2
71987 1
71988 0
71989 3
71990 2
71991 1
71992 0
71993 3
71994 4
71995 2
71996 1
71997 0
71998 3
71999 2
72000 1
72001 0
72002 3
72003 2
72004 1
72005 0
72006 3
72007 2
72008 1
72009 0
72010 3
72011 2
72012 1
72013 0
72014 3
72015 2
72016 1
72017 0
72018 3
72019 2
72020 1
72021 0
72022 3
72023 2
72024 1
72025 0
72026 3
72027 2
72028 1
72029 0
72030 3
72031 2
72032 1
72033 0
72034 3
72035 2
72036 1
72037 0
72038 3
72039 2
72040 1
72041 0
72042 3
72043 4
72044 2
72045 1
72046 0
72047 3
72048 2
72049 1
72050 0
72051 3
72052 2
72053 1
72054 0
72055 3
72056 2
72057 1
72058 0
72059 3
72060 2
72061 1
72062 0
72063 3
72064 2
72065 1
72066 0
72067 3
72068 2
72069 1
72070 0
72071 3
72072 2
72073 1
72074 0
72075 3
72076 2
72077 1
72078 0
72079 3
72080 2
72081 1
72082 0
72083 3
72084 2
72085 1
72086 0
72087 3
72088 2
72089 1
72090 0
72091 3
72092 4
72093 2
72094 1
72095 0
72096 3
72097 2
72098 1
72099 0
72100 3
72101 2
72102 1
72103 0
72104 3
72105 2
72106 1
72107 0
72108 3
72109 2
72110 1
72111 0
72112 3
72113 2
72114 1
72115 0
72116 3
72117 2
72118 1
72119 0
72120 3
72121 2
72122 1
72123 0
72124 3
72125 2
72126 1
72127 0
72128 3
72129 2
72130 1
72131 0
72132 3
72133 2
72134 1
72135 0
72136 3
72137 2
72138 1
72139 0
72140 3
72141 2
72142 1
72143 4
72144 0
72145 2
72146 1
72147 3
72148 0
72149 2
72150 1
72151 3
72152 0
72153 2
72154 1
72155 4
72156 3
72157 2
72158 1
72159 0
72160 3
72161 2
72162 1
72163 0
72164 3
72165 4
72166 2
72167 1
72168 0
72169 3
72170 2
72171 1
72172 0
72173 3
72174 2
72175 1
72176 0
72177 3
72178 2
72179 1
72180 0
72181 3
72182 2
72183 1
72184 0
72185 3
72186 2
72187 1
72188 0
72189 3
72190 4
72191 2
72192 1
72193 0
72194 3
72195 2
72196 1
72197 0
72198 3
72199 2
72200 1
72201 0
72202 3
72203 2
72204 1
72205 0
72206 3
72207 2
72208 1
72209 0
72210 3
72211 2
72212 1
72213 0
72214 3
72215 2
72216 1
72217 0
72218 3
72219 2
72220 1
72221 0
72222 3
72223 2
72224 1
72225 0
72226 3
72227 2
72228 1
72229 0
72230 3
72231 2
72232 1
72233 0
72234 3
72235 2
72236 1
72237 0
72238 3
72239 2
72240 1
72241 4
72242 0
72243 2
72244 1
72245 3
72246 0
72247 2
72248 1
72249 3
72250 0
72251 2
72252 1
72253 4
72254 3
72255 2
72256 1
72257 0
72258 3
72259 2
72260 1
72261 0
72262 3
72263 4
72264 2
72265 1
72266 0
72267 3
72268 2
72269 1
72270 0
72271 3
72272 2
72273 1
72274 0
72275 3
72276 2
72277 1
72278 0
72279 3
72280 2
72281 1
72282 0
72283 3
72284 2
72285 1
72286 0
72287 3
72288 4
72289 2
72290 1
72291 0
72292 3
72293 2
72294 1
72295 0
72296 3
72297 2
72298 1
72299 0
72300 3
72301 2
72302 1
72303 0
72304 3
72305 2
72306 1
72307 0
72308 3
72309 2
72310 1
72311 0
72312 3
72313 2
72314 1
72315 0
72316 3
72317 2
72318 1
72319 0
72320 3
72321 2
72322 1
72323 0
72324 3
72325 2
72326 1
72327 0
72328 3
72329 2
72330 1
72331 0
72332 3
72333 2
72334 1
72335 0
72336 3
72337 2
72338 1
72339 4
72340 0
72341 2
72342 1
72343 3
72344 0
72345 2
72346 1
72347 3
72348 0
72349 2
72350 1
72351 4
72352 3
72353 2
72354 1
72355 0
72356 3
72357 2
72358 1
72359 0
72360 3
72361 2
72362 1
72363 4
72364 0
72365 2
72366 1
72367 3
72368 0
72369 2
72370 1
72371 3
72372 0
72373 2
72374 1
72375 4
72376 3
72377 2
72378 1
72379 0
72380 3
72381 2
72382 1
72383 0
72384 3
72385 4
72386 2
72387 1
72388 0
72389 3
72390 2
72391 1
72392 0
72393 3
72394 2
72395 1
72396 0
72397 3
72398 2
72399 1
72400 0
72401 3
72402 2
72403 1
72404 0
72405 3
72406 2
72407 1
72408 0
72409 3
72410 2
72411 1
72412 0
72413 3
72414 2
72415 1
72416 0
72417 3
72418 2
72419 1
72420 0
72421 3
72422 2
72423 1
72424 0
72425 3
72426 2
72427 1
72428 0
72429 3
72430 2
72431 1
72432 0
72433 3
72434 4
72435 2
72436 1
72437 0
72438 3
72439 2
72440 1
72441 0
72442 3
72443 2
72444 1
72445 0
72446 3
72447 2
72448 1
72449 0
72450 3
72451 2
72452 1
72453 0
72454 3
72455 2
72456 1
72457 0
72458 3
72459 2
72460 1
72461 0
72462 3
72463 2
72464 1
72465 0
72466 3
72467 2
72468 1
72469 0
72470 3
72471 2
72472 1
72473 0
72474 3
72475 2
72476 1
72477 0
72478 3
72479 2
72480 1
72481 0
72482 3
72483 4
72484 2
72485 1
72486 0
72487 3
72488 2
72489 1
72490 0
72491 3
72492 2
72493 1
72494 0
72495 3
72496 2
72497 1
72498 0
72499 3
72500 2
72501 1
72502 0
72503 3
72504 2
72505 1
72506 0
72507 3
72508 2
72509 1
72510 0
72511 3
72512 2
72513 1
72514 0
72515 3
72516 2
72517 1
72518 0
72519 3
72520 2
72521 1
72522 0
72523 3
72524 2
72525 1
72526 0
72527 3
72528 2
72529 1
72530 0
72531 3
72532 2
72533 1
72534 4
72535 0
72536 2
72537 1
72538 3
72539 0
72540 2
72541 1
72542 3
72543 0
72544 2
72545 1
72546 4
72547 3
72548 2
72549 1
72550 0
72551 3
72552 2
72553 1
72554 0
72555 3
72556 2
72557 1
72558 4
72559 0
72560 2
72561 1
72562 3
72563 0
72564 2
72565 1
72566 3
72567 0
72568 2
72569 1
72570 4
72571 3
72572 2
72573 1
72574 0
72575 3
72576 2
72577 1
72578 0
72579 3
72580 4
72581 2
72582 1
72583 0
72584 3
72585 2
72586 1
72587 0
72588 3
72589 2
72590 1
72591 0
72592 3
72593 2
72594 1
72595 0
72596 3
72597 2
72598 1
72599 0
72600 3
72601 2
72602 1
72603 0
72604 3
72605 2
72606 1
72607 0
72608 3
72609 2
72610 1
72611 0
72612 3
72613 2
72614 1
72615 0
72616 3
72617 2
72618 1
72619 0
72620 3
72621 2
72622 1
72623 0
72624 3
72625 2
72626 1
72627 0
72628 3
72629 4
72630 2
72631 1
72632 0
72633 3
72634 2
72635 1
72636 0
72637 3
72638 2
72639 1
72640 0
72641 3
72642 2
72643 1
72644 0
72645 3
72646 2
72647 1
72648 0
72649 3
72650 2
72651 1
72652 0
72653 3
72654 2
72655 1
72656 0
72657 3
72658 2
72659 1
72660 0
72661 3
72662 2
72663 1
72664 0
72665 3
72666 2
72667 1
72668 0
72669 3
72670 2
72671 1
72672 0
72673 3
72674 2
72675 1
72676 0
72677 3
72678 4
72679 2
72680 1
72681 0
72682 3
72683 2
72684 1
72685 0
72686 3
72687 2
72688 1
72689 0
72690 3
72691 2
72692 1
72693 0
72694 3
72695 2
72696 1
72697 0
72698 3
72699 2
72700 1
72701 0
72702 3
72703 2
72704 1
72705 0
72706 3
72707 2
72708 1
72709 0
72710 3
72711 2
72712 1
72713 0
72714 3
72715 2
72716 1
72717 0
72718 3
72719 2
72720 1
72721 0
72722 3
72723 2
72724 1
72725 0
72726 3
72727 2
72728 1
72729 4
72730 0
72731 2
72732 1
72733 3
72734 0
72735 2
72736 1
72737 3
72738 0
72739 2
72740 1
72741 4
72742 3
72743 2
72744 1
72745 0
72746 3
72747 2
72748 1
72749 0
72750 3
72751 2
72752 1
72753 4
72754 0
72755 2
72756 1
72757 3
72758 0
72759 2
72760 1
72761 3
72762 0
72763 2
72764 1
72765 4
72766 3
72767 2
72768 1
72769 0
72770 3
72771 2
72772 1
72773 0
72774 3
72775 4
72776 2
72777 1
72778 0
72779 3
72780 2
72781 1
72782 0
72783 3
72784 2
72785 1
72786 0
72787 3
72788 2
72789 1
72790 0
72791 3
72792 2
72793 1
72794 0
72795 3
72796 2
72797 1
72798 0
72799 3
72800 2
72801 1
72802 0
72803 3
72804 2
72805 1
72806 0
72807 3
72808 2
72809 1
72810 0
72811 3
72812 2
72813 1
72814 0
72815 3
72816 2
72817 1
72818 0
72819 3
72820 2
72821 1
72822 0
72823 3
72824 4
72825 2
72826 1
72827 0
72828 3
72829 2
72830 1
72831 0
72832 3
72833 2
72834 1
72835 0
72836 3
72837 2
72838 1
72839 0
72840 3
72841 2
72842 1
72843 0
72844 3
72845 2
72846 1
72847 0
72848 3
72849 2
72850 1
72851 0
72852 3
72853 2
72854 1
72855 0
72856 3
72857 2
72858 1
72859 0
72860 3
72861 2
72862 1
72863 0
72864 3
72865 2
72866 1
72867 0
72868 3
72869 2
72870 1
72871 0
72872 3
72873 4
72874 2
72875 1
72876 0
72877 3
72878 2
72879 1
72880 0
72881 3
72882 2
72883 1
72884 0
72885 3
72886 2
72887 1
72888 0
72889 3
72890 2
72891 1
72892 0
72893 3
72894 2
72895 1
72896 0
72897 3
72898 2
72899 1
72900 0
72901 3
72902 2
72903 1
72904 0
72905 3
72906 2
72907 1
72908 0
72909 3
72910 2
72911 1
72912 0
72913 3
72914 2
72915 1
72916 0
72917 3
72918 2
72919 1
72920 0
72921 3
72922 2
72923 1
72924 4
72925 0
72926 2
72927 1
72928 3
72929 0
72930 2
72931 1
72932 3
72933 0
72934 2
72935 1
72936 4
72937 3
72938 2
72939 1
72940 0
72941 3
72942 2
72943 1
72944 0
72945 3
72946 4
72947 2
72948 1
72949 0
72950 3
72951 2
72952 1
72953 0
72954 3
72955 2
72956 1
72957 0
72958 3
72959 2
72960 1
72961 0
72962 3
72963 2
72964 1
72965 0
72966 3
72967 2
72968 1
72969 0
72970 3
72971 4
72972 2
72973 1
72974 0
72975 3
72976 2
72977 1
72978 0
72979 3
72980 2
72981 1
72982 0
72983 3
72984 2
72985 1
72986 0
72987 3
72988 2
72989 1
72990 0
72991 3
72992 2
72993 1
72994 0
72995 3
72996 2
72997 1
72998 0
72999 3
73000 2
73001 1
73002 0
73003 3
73004 2
73005 1
73006 0
73007 3
73008 2
73009 1
73010 0
73011 3
73012 2
73013 1
73014 0
73015 3
73016 2
73017 1
73018 0
73019 3
73020 2
73021 1
73022 4
73023 0
73024 2
73025 1
73026 3
73027 0
73028 2
73029 1
73030 3
73031 0
73032 2
73033 1
73034 4
73035 3
73036 2
73037 1
73038 0
73039 3
73040 2
73041 1
73042 0
73043 3
73044 4
73045 2
73046 1
73047 0
73048 3
73049 2
73050 1
73051 0
73052 3
73053 2
73054 1
73055 0
73056 3
73057 2
73058 1
73059 0
73060 3
73061 2
73062 1
73063 0
73064 3
73065 2
73066 1
73067 0
73068 3
73069 4
73070 2
73071 1
73072 0
73073 3
73074 2
73075 1
73076 0
73077 3
73078 2
73079 1
73080 0
73081 3
73082 2
73083 1
73084 0
73085 3
73086 2
73087 1
73088 0
73089 3
73090 2
73091 1
73092 0
73093 3
73094 2
73095 1
73096 0
73097 3
73098 2
73099 1
73100 0
73101 3
73102 2
73103 1
73104 0
73105 3
73106 2
73107 1
73108 0
73109 3
73110 2
73111 1
73112 0
73113 3
73114 2
73115 1
73116 0
73117 3
73118 2
73119 1
73120 4
73121 0
73122 2
73123 1
73124 3
73125 0
73126 2
73127 1
73128 3
73129 0
73130 2
73131 1
73132 4
73133 3
73134 2
73135 1
73136 0
73137 3
73138 2
73139 1
73140 0
73141 3
73142 2
73143 1
73144 4
73145 0
73146 2
73147 1
73148 3
73149 0
73150 2
73151 1
73152 3
73153 0
73154 2
73155 1
73156 4
73157 3
73158 2
73159 1
73160 0
73161 3
73162 2
73163 1
73164 0
73165 3
73166 4
73167 2
73168 1
73169 0
73170 3
73171 2
73172 1
73173 0
73174 3
73175 2
73176 1
73177 0
73178 3
73179 2
73180 1
73181 0
73182 3
73183 2
73184 1
73185 0
73186 3
73187 2
73188 1
73189 0
73190 3
73191 2
73192 1
73193 0
73194 3
73195 2
73196 1
73197 0
73198 3
73199 2
73200 1
73201 0
73202 3
73203 2
73204 1
73205 0
73206 3
73207 2
73208 1
73209 0
73210 3
73211 2
73212 1
73213 0
73214 3
73215 4
73216 2
73217 1
73218 0
73219 3
73220 2
73221 1
73222 0
73223 3
73224 2
73225 1
73226 0
73227 3
73228 2
73229 1
73230 0
73231 3
73232 2
73233 1
73234 0
73235 3
73236 2
73237 1
73238 0
73239 3
73240 2
73241 1
73242 0
73243 3
73244 2
73245 1
73246 0
73247 3
73248 2
73249 1
73250 0
73251 3
73252 2
73253 1
73254 0
73255 3
73256 2
73257 1
73258 0
73259 3
73260 2
73261 1
73262 0
73263 3
73264 4
73265 2
73266 1
73267 0
73268 3
73269 2
73270 1
73271 0
73272 3
73273 2
73274 1
73275 0
73276 3
73277 2
73278 1
73279 0
73280 3
73281 2
73282 1
73283 0
73284 3
73285 2
73286 1
73287 0
73288 3
73289 2
73290 1
73291 0
73292 3
73293 2
73294 1
73295 0
73296 3
73297 2
73298 1
73299 0
73300 3
73301 2
73302 1
73303 0
73304 3
73305 2
73306 1
73307 0
73308 3
73309 2
73310 1
73311 0
73312 3
73313 2
73314 1
73315 4
73316 0
73317 2
73318 1
73319 3
73320 0
73321 2
73322 1
73323 3
73324 0
73325 2
73326 1
73327 4
73328 3
73329 2
73330 1
73331 0
73332 3
73333 2
73334 1
73335 0
73336 3
73337 4
73338 2
73339 1
73340 0
73341 3
73342 2
73343 1
73344 0
73345 3
73346 2
73347 1
73348 0
73349 3
73350 2
73351 1
73352 0
73353 3
73354 2
73355 1
73356 0
73357 3
73358 2
73359 1
73360 0
73361 3
73362 4
73363 2
73364 1
73365 0
73366 3
73367 2
73368 1
73369 0
73370 3
73371 2
73372 1
73373 0
73374 3
73375 2
73376 1
73377 0
73378 3
73379 2
73380 1
73381 0
73382 3
73383 2
73384 1
73385 0
73386 3
73387 2
73388 1
73389 0
73390 3
73391 2
73392 1
73393 0
73394 3
73395 2
73396 1
73397 0
73398 3
73399 2
73400 1
73401 0
73402 3
73403 2
73404 1
73405 0
73406 3
73407 2
73408 1
73409 0
73410 3
73411 2
73412 1
73413 4
73414 0
73415 2
73416 1
73417 3
73418 0
73419 2
73420 1
73421 3
73422 0
73423 2
73424 1
73425 4
73426 3
73427 2
73428 1
73429 0
73430 3
73431 2
73432 1
73433 0
73434 3
73435 4
73436 2
73437 1
73438 0
73439 3
73440 2
73441 1
73442 0
73443 3
73444 2
73445 1
73446 0
73447 3
73448 2
73449 1
73450 0
73451 3
73452 2
73453 1
73454 0
73455 3
73456 2
73457 1
73458 0
73459 3
73460 4
73461 2
73462 1
73463 0
73464 3
73465 2
73466 1
73467 0
73468 3
73469 2
73470 1
73471 0
73472 3
73473 2
73474 1
73475 0
73476 3
73477 2
73478 1
73479 0
73480 3
73481 2
73482 1
73483 0
73484 3
73485 2
73486 1
73487 0
73488 3
73489 2
73490 1
73491 0
73492 3
73493 2
73494 1
73495 0
73496 3
73497 2
73498 1
73499 0
73500 3
73501 2
73502 1
73503 0
73504 3
73505 2
73506 1
73507 0
73508 3
73509 2
73510 1
73511 4
73512 0
73513 2
73514 1
73515 3
73516 0
73517 2
73518 1
73519 3
73520 0
73521 2
73522 1
73523 4
73524 3
73525 2
73526 1
73527 0
73528 3
73529 2
73530 1
73531 0
73532 3
73533 2
73534 1
73535 4
73536 0
73537 2
73538 1
73539 3
73540 0
73541 2
73542 1
73543 3
73544 0
73545 2
73546 1
73547 4
73548 3
73549 2
73550 1
73551 0
73552 3
73553 2
73554 1
73555 0
73556 3
73557 4
73558 2
73559 1
73560 0
73561 3
73562 2
73563 1
73564 0
73565 3
73566 2
73567 1
73568 0
73569 3
73570 2
73571 1
73572 0
73573 3
73574 2
73575 1
73576 0
73577 3
73578 2
73579 1
73580 0
73581 3
73582 2
73583 1
73584 0
73585 3
73586 2
73587 1
73588 0
73589 3
73590 2
73591 1
73592 0
73593 3
73594 2
73595 1
73596 0
73597 3
73598 2
73599 1
73600 0
73601 3
73602 2
73603 1
73604 0
73605 3
73606 4
73607 2
73608 1
73609 0
73610 3
73611 2
73612 1
73613 0
73614 3
73615 2
73616 1
73617 0
73618 3
73619 2
73620 1
73621 0
73622 3
73623 2
73624 1
73625 0
73626 3
73627 2
73628 1
73629 0
73630 3
73631 2
73632 1
73633 0
73634 3
73635 2
73636 1
73637 0
73638 3
73639 2
73640 1
73641 0
73642 3
73643 2
73644 1
73645 0
73646 3
73647 2
73648 1
73649 0
73650 3
73651 2
73652 1
73653 0
73654 3
73655 4
73656 2
73657 1
73658 0
73659 3
73660 2
73661 1
73662 0
73663 3
73664 2
73665 1
73666 0
73667 3
73668 2
73669 1
73670 0
73671 3
73672 2
73673 1
73674 0
73675 3
73676 2
73677 1
73678 0
73679 3
73680 2
73681 1
73682 0
73683 3
73684 2
73685 1
73686 0
73687 3
73688 2
73689 1
73690 0
73691 3
73692 2
73693 1
73694 0
73695 3
73696 2
73697 1
73698 0
73699 3
73700 2
73701 1
73702 0
73703 3
73704 2
73705 1
73706 4
73707 0
73708 2
73709 1
73710 3
73711 0
73712 2
73713 1
73714 3
73715 0
73716 2
73717 1
73718 4
73719 3
73720 2
73721 1
73722 0
73723 3
73724 2
73725 1
73726 0
73727 3
73728 4
73729 2
73730 1
73731 0
73732 3
73733 2
73734 1
73735 0
73736 3
73737 2
73738 1
73739 0
73740 3
73741 2
73742 1
73743 0
73744 3
73745 2
73746 1
73747 0
73748 3
73749 2
73750 1
73751 0
73752 3
73753 4
73754 2
73755 1
73756 0
73757 3
73758 2
73759 1
73760 0
73761 3
73762 2
73763 1
73764 0
73765 3
73766 2
73767 1
73768 0
73769 3
73770 2
73771 1
73772 0
73773 3
73774 2
73775 1
73776 0
73777 3
73778 2
73779 1
73780 0
73781 3
73782 2
73783 1
73784 0
73785 3
73786 2
73787 1
73788 0
73789 3
73790 2
73791 1
73792 0
73793 3
73794 2
73795 1
73796 0
73797 3
73798 2
73799 1
73800 0
73801 3
73802 2
73803 1
73804 4
73805 0
73806 2
73807 1
73808 3
73809 0
73810 2
73811 1
73812 3
73813 0
73814 2
73815 1
73816 4
73817 3
73818 2
73819 1
73820 0
73821 3
73822 2
73823 1
73824 0
73825 3
73826 4
73827 2
73828 1
73829 0
73830 3
73831 2
73832 1
73833 0
73834 3
73835 2
73836 1
73837 0
73838 3
73839 2
73840 1
73841 0
73842 3
73843 2
73844 1
73845 0
73846 3
73847 2
73848 1
73849 0
73850 3
73851 4
73852 2
73853 1
73854 0
73855 3
73856 2
73857 1
73858 0
73859 3
73860 2
73861 1
73862 0
73863 3
73864 2
73865 1
73866 0
73867 3
73868 2
73869 1
73870 0
73871 3
73872 2
73873 1
73874 0
73875 3
73876 2
73877 1
73878 0
73879 3
73880 2
73881 1
73882 0
73883 3
73884 2
73885 1
73886 0
73887 3
73888 2
73889 1
73890 0
73891 3
73892 2
73893 1
73894 0
73895 3
73896 2
73897 1
73898 0
73899 3
73900 2
73901 1
73902 4
73903 0
73904 2
73905 1
73906 3
73907 0
73908 2
73909 1
73910 3
73911 0
73912 2
73913 1
73914 4
73915 3
73916 2
73917 1
73918 0
73919 3
73920 2
73921 1
73922 0
73923 3
73924 2
73925 1
73926 4
73927 0
73928 2
73929 1
73930 3
73931 0
73932 2
73933 1
73934 3
73935 0
73936 2
73937 1
73938 4
73939 3
73940 2
73941 1
73942 0
73943 3
73944 2
73945 1
73946 0
73947 3
73948 4
73949 2
73950 1
73951 0
73952 3
73953 2
73954 1
73955 0
73956 3
73957 2
73958 1
73959 0
73960 3
73961 2
73962 1
73963 0
73964 3
73965 2
73966 1
73967 0
73968 3
73969 2
73970 1
73971 0
73972 3
73973 2
73974 1
73975 0
73976 3
73977 2
73978 1
73979 0
73980 3
73981 2
73982 1
73983 0
73984 3
73985 2
73986 1
73987 0
73988 3
73989 2
73990 1
73991 0
73992 3
73993 2
73994 1
73995 0
73996 3
73997 4
73998 2
73999 1
74000 0
74001 3
74002 2
74003 1
74004 0
74005 3
74006 2
74007 1
74008 0
74009 3
74010 2
74011 1
74012 0
74013 3
74014 2
74015 1
74016 0
74017 3
74018 2
74019 1
74020 0
74021 3
74022 2
74023 1
74024 0
74025 3
74026 2
74027 1
74028 0
74029 3
74030 2
74031 1
74032 0
74033 3
74034 2
74035 1
74036 0
74037 3
74038 2
74039 1
74040 0
74041 3
74042 2
74043 1
74044 0
74045 3
74046 4
74047 2
74048 1
74049 0
74050 3
74051 2
74052 1
74053 0
74054 3
74055 2
74056 1
74057 0
74058 3
74059 2
74060 1
74061 0
74062 3
74063 2
74064 1
74065 0
74066 3
74067 2
74068 1
74069 0
74070 3
74071 2
74072 1
74073 0
74074 3
74075 2
74076 1
74077 0
74078 3
74079 2
74080 1
74081 0
74082 3
74083 2
74084 1
74085 0
74086 3
74087 2
74088 1
74089 0
74090 3
74091 2
74092 1
74093 0
74094 3
74095 2
74096 1
74097 4
74098 0
74099 2
74100 1
74101 3
74102 0
74103 2
74104 1
74105 3
74106 0
74107 2
74108 1
74109 4
74110 3
74111 2
74112 1
74113 0
74114 3
74115 2
74116 1
74117 0
74118 3
74119 2
74120 1
74121 4
74122 0
74123 2
74124 1
74125 3
74126 0
74127 2
74128 1
74129 3
74130 0
74131 2
74132 1
74133 4
74134 3
74135 2
74136 1
74137 0
74138 3
74139 2
74140 1
74141 0
74142 3
74143 4
74144 2
74145 1
74146 0
74147 3
74148 2
74149 1
74150 0
74151 3
74152 2
74153 1
74154 0
74155 3
74156 2
74157 1
74158 0
74159 3
74160 2
74161 1
74162 0
74163 3
74164 2
74165 1
74166 0
74167 3
74168 2
74169 1
74170 0
74171 3
74172 2
74173 1
74174 0
74175 3
74176 2
74177 1
74178 0
74179 3
74180 2
74181 1
74182 0
74183 3
74184 2
74185 1
74186 0
74187 3
74188 2
74189 1
74190 0
74191 3
74192 4
74193 2
74194 1
74195 0
74196 3
74197 2
74198 1
74199 0
74200 3
74201 2
74202 1
74203 0
74204 3
74205 2
74206 1
74207 0
74208 3
74209 2
74210 1
74211 0
74212 3
74213 2
74214 1
74215 0
74216 3
74217 2
74218 1
74219 0
74220 3
74221 2
74222 1
74223 0
74224 3
74225 2
74226 1
74227 0
74228 3
74229 2
74230 1
74231 0
74232 3
74233 2
74234 1
74235 0
74236 3
74237 2
74238 1
74239 0
74240 3
74241 4
74242 2
74243 1
74244 0
74245 3
74246 2
74247 1
74248 0
74249 3
74250 2
74251 1
74252 0
74253 3
74254 2
74255 1
74256 0
74257 3
74258 2
74259 1
74260 0
74261 3
74262 2
74263 1
74264 0
74265 3
74266 2
74267 1
74268 0
74269 3
74270 2
74271 1
74272 0
74273 3
74274 2
74275 1
74276 0
74277 3
74278 2
74279 1
74280 0
74281 3
74282 2
74283 1
74284 0
74285 3
74286 2
74287 1
74288 0
74289 3
74290 2
74291 1
74292 4
74293 0
74294 2
74295 1
74296 3
74297 0
74298 2
74299 1
74300 3
74301 0
74302 2
74303 1
74304 4
74305 3
74306 2
74307 1
74308 0
74309 3
74310 2
74311 1
74312 0
74313 3
74314 2
74315 1
74316 4
74317 0
74318 2
74319 1
74320 3
74321 0
74322 2
74323 1
74324 3
74325 0
74326 2
74327 1
74328 4
74329 3
74330 2
74331 1
74332 0
74333 3
74334 2
74335 1
74336 0
74337 3
74338 4
74339 2
74340 1
74341 0
74342 3
74343 2
74344 1
74345 0
74346 3
74347 2
74348 1
74349 0
74350 3
74351 2
74352 1
74353 0
74354 3
74355 2
74356 1
74357 0
74358 3
74359 2
74360 1
74361 0
74362 3
74363 2
74364 1
74365 0
74366 3
74367 2
74368 1
74369 0
74370 3
74371 2
74372 1
74373 0
74374 3
74375 2
74376 1
74377 0
74378 3
74379 2
74380 1
74381 0
74382 3
74383 2
74384 1
74385 0
74386 3
74387 4
74388 2
74389 1
74390 0
74391 3
74392 2
74393 1
74394 0
74395 3
74396 2
74397 1
74398 0
74399 3
74400 2
74401 1
74402 0
74403 3
74404 2
74405 1
74406 0
74407 3
74408 2
74409 1
74410 0
74411 3
74412 2
74413 1
74414 0
74415 3
74416 2
74417 1
74418 0
74419 3
74420 2
74421 1
74422 0
74423 3
74424 2
74425 1
74426 0
74427 3
74428 2
74429 1
74430 0
74431 3
74432 2
74433 1
74434 0
74435 3
74436 4
74437 2
74438 1
74439 0
74440 3
74441 2
74442 1
74443 0
74444 3
74445 2
74446 1
74447 0
74448 3
74449 2
74450 1
74451 0
74452 3
74453 2
74454 1
74455 0
74456 3
74457 2
74458 1
74459 0
74460 3
74461 2
74462 1
74463 0
74464 3
74465 2
74466 1
74467 0
74468 3
74469 2
74470 1
74471 0
74472 3
74473 2
74474 1
74475 0
74476 3
74477 2
74478 1
74479 0
74480 3
74481 2
74482 1
74483 0
74484 3
74485 2
74486 1
74487 4
74488 0
74489 2
74490 1
74491 3
74492 0
74493 2
74494 1
74495 3
74496 0
74497 2
74498 1
74499 4
74500 3
74501 2
74502 1
74503 0
74504 3
74505 2
74506 1
74507 0
74508 3
74509 4
74510 2
74511 1
74512 0
74513 3
74514 2
74515 1
74516 0
74517 3
74518 2
74519 1
74520 0
74521 3
74522 2
74523 1
74524 0
74525 3
74526 2
74527 1
74528 0
74529 3
74530 2
74531 1
74532 0
74533 3
74534 4
74535 2
74536 1
74537 0
74538 3
74539 2
74540 1
74541 0
74542 3
74543 2
74544 1
74545 0
74546 3
74547 2
74548 1
74549 0
74550 3
74551 2
74552 1
74553 0
74554 3
74555 2
74556 1
74557 0
74558 3
74559 2
74560 1
74561 0
74562 3
74563 2
74564 1
74565 0
74566 3
74567 2
74568 1
74569 0
74570 3
74571 2
74572 1
74573 0
74574 3
74575 2
74576 1
74577 0
74578 3
74579 2
74580 1
74581 0
74582 3
74583 2
74584 1
74585 4
74586 0
74587 2
74588 1
74589 3
74590 0
74591 2
74592 1
74593 3
74594 0
74595 2
74596 1
74597 4
74598 3
74599 2
74600 1
74601 0
74602 3
74603 2
74604 1
74605 0
74606 3
74607 4
74608 2
74609 1
74610 0
74611 3
74612 2
74613 1
74614 0
74615 3
74616 2
74617 1
74618 0
74619 3
74620 2
74621 1
74622 0
74623 3
74624 2
74625 1
74626 0
74627 3
74628 2
74629 1
74630 0
74631 3
74632 4
74633 2
74634 1
74635 0
74636 3
74637 2
74638 1
74639 0
74640 3
74641 2
74642 1
74643 0
74644 3
74645 2
74646 1
74647 0
74648 3
74649 2
74650 1
74651 0
74652 3
74653 2
74654 1
74655 0
74656 3
74657 2
74658 1
74659 0
74660 3
74661 2
74662 1
74663 0
74664 3
74665 2
74666 1
74667 0
74668 3
74669 2
74670 1
74671 0
74672 3
74673 2
74674 1
74675 0
74676 3
74677 2
74678 1
74679 0
74680 3
74681 2
74682 1
74683 4
74684 0
74685 2
74686 1
74687 3
74688 0
74689 2
74690 1
74691 3
74692 0
74693 2
74694 1
74695 4
74696 3
74697 2
74698 1
74699 0
74700 3
74701 2
74702 1
74703 0
74704 3
74705 2
74706 1
74707 4
74708 0
74709 2
74710 1
74711 3
74712 0
74713 2
74714 1
74715 3
74716 0
74717 2
74718 1
74719 4
74720 3
74721 2
74722 1
74723 0
74724 3
74725 2
74726 1
74727 0
74728 3
74729 4
74730 2
74731 1
74732 0
74733 3
74734 2
74735 1
74736 0
74737 3
74738 2
74739 1
74740 0
74741 3
74742 2
74743 1
74744 0
74745 3
74746 2
74747 1
74748 0
74749 3
74750 2
74751 1
74752 0
74753 3
74754 2
74755 1
74756 0
74757 3
74758 2
74759 1
74760 0
74761 3
74762 2
74763 1
74764 0
74765 3
74766 2
74767 1
74768 0
74769 3
74770 2
74771 1
74772 0
74773 3
74774 2
74775 1
74776 0
74777 3
74778 4
74779 2
74780 1
74781 0
74782 3
74783 2
74784 1
74785 0
74786 3
74787 2
74788 1
74789 0
74790 3
74791 2
74792 1
74793 0
74794 3
74795 2
74796 1
74797 0
74798 3
74799 2
74800 1
74801 0
74802 3
74803 2
74804 1
74805 0
74806 3
74807 2
74808 1
74809 0
74810 3
74811 2
74812 1
74813 0
74814 3
74815 2
74816 1
74817 0
74818 3
74819 2
74820 1
74821 0
74822 3
74823 2
74824 1
74825 0
74826 3
74827 4
74828 2
74829 1
74830 0
74831 3
74832 2
74833 1
74834 0
74835 3
74836 2
74837 1
74838 0
74839 3
74840 2
74841 1
74842 0
74843 3
74844 2
74845 1
74846 0
74847 3
74848 2
74849 1
74850 0
74851 3
74852 2
74853 1
74854 0
74855 3
74856 2
74857 1
74858 0
74859 3
74860 2
74861 1
74862 0
74863 3
74864 2
74865 1
74866 0
74867 3
74868 2
74869 1
74870 0
74871 3
74872 2
74873 1
74874 0
74875 3
74876 2
74877 1
74878 4
74879 0
74880 2
74881 1
74882 3
74883 0
74884 2
74885 1
74886 3
74887 0
74888 2
74889 1
74890 4
74891 3
74892 2
74893 1
74894 0
74895 3
74896 2
74897 1
74898 0
74899 3
74900 2
74901 1
74902 4
74903 0
74904 2
74905 1
74906 3
74907 0
74908 2
74909 1
74910 3
74911 0
74912 2
74913 1
74914 4
74915 3
74916 2
74917 1
74918 0
74919 3
74920 2
74921 1
74922 0
74923 3
74924 4
74925 2
74926 1
74927 0
74928 3
74929 2
74930 1
74931 0
74932 3
74933 2
74934 1
74935 0
74936 3
74937 2
74938 1
74939 0
74940 3
74941 2
74942 1
74943 0
74944 3
74945 2
74946 1
74947 0
74948 3
74949 2
74950 1
74951 0
74952 3
74953 2
74954 1
74955 0
74956 3
74957 2
74958 1
74959 0
74960 3
74961 2
74962 1
74963 0
74964 3
74965 2
74966 1
74967 0
74968 3
74969 2
74970 1
74971 0
74972 3
74973 2
74974 1
74975 4
74976 0
74977 2
74978 1
74979 3
74980 0
74981 2
74982 1
74983 3
74984 0
74985 2
74986 1
74987 4
74988 3
74989 2
74990 1
74991 0
74992 3
74993 2
74994 1
74995 0
74996 3
74997 4
74998 2
74999 1
75000 0
75001 3
75002 2
75003 1
75004 0
75005 3
75006 2
75007 1
75008 0
75009 3
75010 2
75011 1
75012 0
75013 3
75014 2
75015 1
75016 0
75017 3
75018 2
75019 1
75020 0
75021 3
75022 4
75023 2
75024 1
75025 0
75026 3
75027 2
75028 1
75029 0
75030 3
75031 2
75032 1
75033 0
75034 3
75035 2
75036 1
75037 0
75038 3
75039 2
75040 1
75041 0
75042 3
75043 2
75044 1
75045 0
75046 3
75047 2
75048 1
75049 0
75050 3
75051 2
75052 1
75053 0
75054 3
75055 2
75056 1
75057 0
75058 3
75059 2
75060 1
75061 0
75062 3
75063 2
75064 1
75065 0
75066 3
75067 2
75068 1
75069 0
75070 3
75071 2
75072 1
75073 4
75074 0
75075 2
75076 1
75077 3
75078 0
75079 2
75080 1
75081 3
75082 0
75083 2
75084 1
75085 4
75086 3
75087 2
75088 1
75089 0
75090 3
75091 2
75092 1
75093 0
75094 3
75095 2
75096 1
75097 4
75098 0
75099 2
75100 1
75101 3
75102 0
75103 2
75104 1
75105 3
75106 0
75107 2
75108 1
75109 4
75110 3
75111 2
75112 1
75113 0
75114 3
75115 2
75116 1
75117 0
75118 3
75119 4
75120 2
75121 1
75122 0
75123 3
75124 2
75125 1
75126 0
75127 3
75128 2
75129 1
75130 0
75131 3
75132 2
75133 1
75134 0
75135 3
75136 2
75137 1
75138 0
75139 3
75140 2
75141 1
75142 0
75143 3
75144 2
75145 1
75146 0
75147 3
75148 2
75149 1
75150 0
75151 3
75152 2
75153 1
75154 0
75155 3
75156 2
75157 1
75158 0
75159 3
75160 2
75161 1
75162 0
75163 3
75164 2
75165 1
75166 0
75167 3
75168 4
75169 2
75170 1
75171 0
75172 3
75173 2
75174 1
75175 0
75176 3
75177 2
75178 1
75179 0
75180 3
75181 2
75182 1
75183 0
75184 3
75185 2
75186 1
75187 0
75188 3
75189 2
75190 1
75191 0
75192 3
75193 2
75194 1
75195 0
75196 3
75197 2
75198 1
75199 0
75200 3
75201 2
75202 1
75203 0
75204 3
75205 2
75206 1
75207 0
75208 3
75209 2
75210 1
75211 0
75212 3
75213 2
75214 1
75215 0
75216 3
75217 4
75218 2
75219 1
75220 0
75221 3
75222 2
75223 1
75224 0
75225 3
75226 2
75227 1
75228 0
75229 3
75230 2
75231 1
75232 0
75233 3
75234 2
75235 1
75236 0
75237 3
75238 2
75239 1
75240 0
75241 3
75242 2
75243 1
75244 0
75245 3
75246 2
75247 1
75248 0
75249 3
75250 2
75251 1
75252 0
75253 3
75254 2
75255 1
75256 0
75257 3
75258 2
75259 1
75260 0
75261 3
75262 2
75263 1
75264 0
75265 3
75266 2
75267 1
75268 4
75269 0
75270 2
75271 1
75272 3
75273 0
75274 2
75275 1
75276 3
75277 0
75278 2
75279 1
75280 4
75281 3
75282 2
75283 1
75284 0
75285 3
75286 2
75287 1
75288 0
75289 3
75290 4
75291 2
75292 1
75293 0
75294 3
75295 2
75296 1
75297 0
75298 3
75299 2
75300 1
75301 0
75302 3
75303 2
75304 1
75305 0
75306 3
75307 2
75308 1
75309 0
75310 3
75311 2
75312 1
75313 0
75314 3
75315 4
75316 2
75317 1
75318 0
75319 3
75320 2
75321 1
75322 0
75323 3
75324 2
75325 1
75326 0
75327 3
75328 2
75329 1
75330 0
75331 3
75332 2
75333 1
75334 0
75335 3
75336 2
75337 1
75338 0
75339 3
75340 2
75341 1
75342 0
75343 3
75344 2
75345 1
75346 0
75347 3
75348 2
75349 1
75350 0
75351 3
75352 2
75353 1
75354 0
75355 3
75356 2
75357 1
75358 0
75359 3
75360 2
75361 1
75362 0
75363 3
75364 2
75365 1
75366 4
75367 0
75368 2
75369 1
75370 3
75371 0
75372 2
75373 1
75374 3
75375 0
75376 2
75377 1
75378 4
75379 3
75380 2
75381 1
75382 0
75383 3
75384 2
75385 1
75386 0
75387 3
75388 4
75389 2
75390 1
75391 0
75392 3
75393 2
75394 1
75395 0
75396 3
75397 2
75398 1
75399 0
75400 3
75401 2
75402 1
75403 0
75404 3
75405 2
75406 1
75407 0
75408 3
75409 2
75410 1
75411 0
75412 3
75413 4
75414 2
75415 1
75416 0
75417 3
75418 2
75419 1
75420 0
75421 3
75422 2
75423 1
75424 0
75425 3
75426 2
75427 1
75428 0
75429 3
75430 2
75431 1
75432 0
75433 3
75434 2
75435 1
75436 0
75437 3
75438 2
75439 1
75440 0
75441 3
75442 2
75443 1
75444 0
75445 3
75446 2
75447 1
75448 0
75449 3
75450 2
75451 1
75452 0
75453 3
75454 2
75455 1
75456 0
75457 3
75458 2
75459 1
75460 0
75461 3
75462 2
75463 1
75464 4
75465 0
75466 2
75467 1
75468 3
75469 0
75470 2
75471 1
75472 3
75473 0
75474 2
75475 1
75476 4
75477 3
75478 2
75479 1
75480 0
75481 3
75482 2
75483 1
75484 0
75485 3
75486 2
75487 1
75488 4
75489 0
75490 2
75491 1
75492 3
75493 0
75494 2
75495 1
75496 3
75497 0
75498 2
75499 1
75500 4
75501 3
75502 2
75503 1
75504 0
75505 3
75506 2
75507 1
75508 0
75509 3
75510 4
75511 2
75512 1
75513 0
75514 3
75515 2
75516 1
75517 0
75518 3
75519 2
75520 1
75521 0
75522 3
75523 2
75524 1
75525 0
75526 3
75527 2
75528 1
75529 0
75530 3
75531 2
75532 1
75533 0
75534 3
75535 2
75536 1
75537 0
75538 3
75539 2
75540 1
75541 0
75542 3
75543 2
75544 1
75545 0
75546 3
75547 2
75548 1
75549 0
75550 3
75551 2
75552 1
75553 0
75554 3
75555 2
75556 1
75557 0
75558 3
75559 4
75560 2
75561 1
75562 0
75563 3
75564 2
75565 1
75566 0
75567 3
75568 2
75569 1
75570 0
75571 3
75572 2
75573 1
75574 0
75575 3
75576 2
75577 1
75578 0
75579 3
75580 2
75581 1
75582 0
75583 3
75584 2
75585 1
75586 0
75587 3
75588 2
75589 1
75590 0
75591 3
75592 2
75593 1
75594 0
75595 3
75596 2
75597 1
75598 0
75599 3
75600 2
75601 1
75602 0
75603 3
75604 2
75605 1
75606 0
75607 3
75608 4
75609 2
75610 1
75611 0
75612 3
75613 2
75614 1
75615 0
75616 3
75617 2
75618 1
75619 0
75620 3
75621 2
75622 1
75623 0
75624 3
75625 2
75626 1
75627 0
75628 3
75629 2
75630 1
75631 0
75632 3
75633 2
75634 1
75635 0
75636 3
75637 2
75638 1
75639 0
75640 3
75641 2
75642 1
75643 0
75644 3
75645 2
75646 1
75647 0
75648 3
75649 2
75650 1
75651 0
75652 3
75653 2
75654 1
75655 0
75656 3
75657 2
75658 1
75659 4
75660 0
75661 2
75662 1
75663 3
75664 0
75665 2
75666 1
75667 3
75668 0
75669 2
75670 1
75671 4
75672 3
75673 2
75674 1
75675 0
75676 3
75677 2
75678 1
75679 0
75680 3
75681 2
75682 1
75683 4
75684 0
75685 2
75686 1
75687 3
75688 0
75689 2
75690 1
75691 3
75692 0
75693 2
75694 1
75695 4
75696 3
75697 2
75698 1
75699 0
75700 3
75701 2
75702 1
75703 0
75704 3
75705 4
75706 2
75707 1
75708 0
75709 3
75710 2
75711 1
75712 0
75713 3
75714 2
75715 1
75716 0
75717 3
75718 2
75719 1
75720 0
75721 3
75722 2
75723 1
75724 0
75725 3
75726 2
75727 1
75728 0
75729 3
75730 2
75731 1
75732 0
75733 3
75734 2
75735 1
75736 0
75737 3
75738 2
75739 1
75740 0
75741 3
75742 2
75743 1
75744 0
75745 3
75746 2
75747 1
75748 0
75749 3
75750 2
75751 1
75752 0
75753 3
75754 4
75755 2
75756 1
75757 0
75758 3
75759 2
75760 1
75761 0
75762 3
75763 2
75764 1
75765 0
75766 3
75767 2
75768 1
75769 0
75770 3
75771 2
75772 1
75773 0
75774 3
75775 2
75776 1
75777 0
75778 3
75779 2
75780 1
75781 0
75782 3
75783 2
75784 1
75785 0
75786 3
75787 2
75788 1
75789 0
75790 3
75791 2
75792 1
75793 0
75794 3
75795 2
75796 1
75797 0
75798 3
75799 2
75800 1
75801 0
75802 3
75803 4
75804 2
75805 1
75806 0
75807 3
75808 2
75809 1
75810 0
75811 3
75812 2
75813 1
75814 0
75815 3
75816 2
75817 1
75818 0
75819 3
75820 2
75821 1
75822 0
75823 3
75824 2
75825 1
75826 0
75827 3
75828 2
75829 1
75830 0
75831 3
75832 2
75833 1
75834 0
75835 3
75836 2
75837 1
75838 0
75839 3
75840 2
75841 1
75842 0
75843 3
75844 2
75845 1
75846 0
75847 3
75848 2
75849 1
75850 0
75851 3
75852 2
75853 1
75854 4
75855 0
75856 2
75857 1
75858 3
75859 0
75860 2
75861 1
75862 3
75863 0
75864 2
75865 1
75866 4
75867 3
75868 2
75869 1
75870 0
75871 3
75872 2
75873 1
75874 0
75875 3
75876 2
75877 1
75878 4
75879 0
75880 2
75881 1
75882 3
75883 0
75884 2
75885 1
75886 3
75887 0
75888 2
75889 1
75890 4
75891 3
75892 2
75893 1
75894 0
75895 3
75896 2
75897 1
75898 0
75899 3
75900 4
75901 2
75902 1
75903 0
75904 3
75905 2
75906 1
75907 0
75908 3
75909 2
75910 1
75911 0
75912 3
75913 2
75914 1
75915 0
75916 3
75917 2
75918 1
75919 0
75920 3
75921 2
75922 1
75923 0
75924 3
75925 2
75926 1
75927 0
75928 3
75929 2
75930 1
75931 0
75932 3
75933 2
75934 1
75935 0
75936 3
75937 2
75938 1
75939 0
75940 3
75941 2
75942 1
75943 0
75944 3
75945 2
75946 1
75947 0
75948 3
75949 4
75950 2
75951 1
75952 0
75953 3
75954 2
75955 1
75956 0
75957 3
75958 2
75959 1
75960 0
75961 3
75962 2
75963 1
75964 0
75965 3
75966 2
75967 1
75968 0
75969 3
75970 2
75971 1
75972 0
75973 3
75974 2
75975 1
75976 0
75977 3
75978 2
75979 1
75980 0
75981 3
75982 2
75983 1
75984 0
75985 3
75986 2
75987 1
75988 0
75989 3
75990 2
75991 1
75992 0
75993 3
75994 2
75995 1
75996 0
75997 3
75998 4
75999 2
76000 1
76001 0
76002 3
76003 2
76004 1
76005 0
76006 3
76007 2
76008 1
76009 0
76010 3
76011 2
76012 1
76013 0
76014 3
76015 2
76016 1
76017 0
76018 3
76019 2
76020 1
76021 0
76022 3
76023 2
76024 1
76025 0
76026 3
76027 2
76028 1
76029 0
76030 3
76031 2
76032 1
76033 0
76034 3
76035 2
76036 1
76037 0
76038 3
76039 2
76040 1
76041 0
76042 3
76043 2
76044 1
76045 0
76046 3
76047 2
76048 1
76049 4
76050 0
76051 2
76052 1
76053 3
76054 0
76055 2
76056 1
76057 3
76058 0
76059 2
76060 1
76061 4
76062 3
76063 2
76064 1
76065 0
76066 3
76067 2
76068 1
76069 0
76070 3
76071 4
76072 2
76073 1
76074 0
76075 3
76076 2
76077 1
76078 0
76079 3
76080 2
76081 1
76082 0
76083 3
76084 2
76085 1
76086 0
76087 3
76088 2
76089 1
76090 0
76091 3
76092 2
76093 1
76094 0
76095 3
76096 4
76097 2
76098 1
76099 0
76100 3
76101 2
76102 1
76103 0
76104 3
76105 2
76106 1
76107 0
76108 3
76109 2
76110 1
76111 0
76112 3
76113 2
76114 1
76115 0
76116 3
76117 2
76118 1
76119 0
76120 3
76121 2
76122 1
76123 0
76124 3
76125 2
76126 1
76127 0
76128 3
76129 2
76130 1
76131 0
76132 3
76133 2
76134 1
76135 0
76136 3
76137 2
76138 1
76139 0
76140 3
76141 2
76142 1
76143 0
76144 3
76145 2
76146 1
76147 4
76148 0
76149 2
76150 1
76151 3
76152 0
76153 2
76154 1
76155 3
76156 0
76157 2
76158 1
76159 4
76160 3
76161 2
76162 1
76163 0
76164 3
76165 2
76166 1
76167 0
76168 3
76169 4
76170 2
76171 1
76172 0
76173 3
76174 2
76175 1
76176 0
76177 3
76178 2
76179 1
76180 0
76181 3
76182 2
76183 1
76184 0
76185 3
76186 2
76187 1
76188 0
76189 3
76190 2
76191 1
76192 0
76193 3
76194 4
76195 2
76196 1
76197 0
76198 3
76199 2
76200 1
76201 0
76202 3
76203 2
76204 1
76205 0
76206 3
76207 2
76208 1
76209 0
76210 3
76211 2
76212 1
76213 0
76214 3
76215 2
76216 1
76217 0
76218 3
76219 2
76220 1
76221 0
76222 3
76223 2
76224 1
76225 0
76226 3
76227 2
76228 1
76229 0
76230 3
76231 2
76232 1
76233 0
76234 3
76235 2
76236 1
76237 0
76238 3
76239 2
76240 1
76241 0
76242 3
76243 2
76244 1
76245 4
76246 0
76247 2
76248 1
76249 3
76250 0
76251 2
76252 1
76253 3
76254 0
76255 2
76256 1
76257 4
76258 3
76259 2
76260 1
76261 0
76262 3
76263 2
76264 1
76265 0
76266 3
76267 2
76268 1
76269 4
76270 0
76271 2
76272 1
76273 3
76274 0
76275 2
76276 1
76277 3
76278 0
76279 2
76280 1
76281 4
76282 3
76283 2
76284 1
76285 0
76286 3
76287 2
76288 1
76289 0
76290 3
76291 4
76292 2
76293 1
76294 0
76295 3
76296 2
76297 1
76298 0
76299 3
76300 2
76301 1
76302 0
76303 3
76304 2
76305 1
76306 0
76307 3
76308 2
76309 1
76310 0
76311 3
76312 2
76313 1
76314 0
76315 3
76316 2
76317 1
76318 0
76319 3
76320 2
76321 1
76322 0
76323 3
76324 2
76325 1
76326 0
76327 3
76328 2
76329 1
76330 0
76331 3
76332 2
76333 1
76334 0
76335 3
76336 2
76337 1
76338 0
76339 3
76340 4
76341 2
76342 1
76343 0
76344 3
76345 2
76346 1
76347 0
76348 3
76349 2
76350 1
76351 0
76352 3
76353 2
76354 1
76355 0
76356 3
76357 2
76358 1
76359 0
76360 3
76361 2
76362 1
76363 0
76364 3
76365 2
76366 1
76367 0
76368 3
76369 2
76370 1
76371 0
76372 3
76373 2
76374 1
76375 0
76376 3
76377 2
76378 1
76379 0
76380 3
76381 2
76382 1
76383 0
76384 3
76385 2
76386 1
76387 0
76388 3
76389 4
76390 2
76391 1
76392 0
76393 3
76394 2
76395 1
76396 0
76397 3
76398 2
76399 1
76400 0
76401 3
76402 2
76403 1
76404 0
76405 3
76406 2
76407 1
76408 0
76409 3
76410 2
76411 1
76412 0
76413 3
76414 2
76415 1
76416 0
76417 3
76418 2
76419 1
76420 0
76421 3
76422 2
76423 1
76424 0
76425 3
76426 2
76427 1
76428 0
76429 3
76430 2
76431 1
76432 0
76433 3
76434 2
76435 1
76436 0
76437 3
76438 2
76439 1
76440 4
76441 0
76442 2
76443 1
76444 3
76445 0
76446 2
76447 1
76448 3
76449 0
76450 2
76451 1
76452 4
76453 3
76454 2
76455 1
76456 0
76457 3
76458 2
76459 1
76460 0
76461 3
76462 4
76463 2
76464 1
76465 0
76466 3
76467 2
76468 1
76469 0
76470 3
76471 2
76472 1
76473 0
76474 3
76475 2
76476 1
76477 0
76478 3
76479 2
76480 1
76481 0
76482 3
76483 2
76484 1
76485 0
76486 3
76487 4
76488 2
76489 1
76490 0
76491 3
76492 2
76493 1
76494 0
76495 3
76496 2
76497 1
76498 0
76499 3
76500 2
76501 1
76502 0
76503 3
76504 2
76505 1
76506 0
76507 3
76508 2
76509 1
76510 0
76511 3
76512 2
76513 1
76514 0
76515 3
76516 2
76517 1
76518 0
76519 3
76520 2
76521 1
76522 0
76523 3
76524 2
76525 1
76526 0
76527 3
76528 2
76529 1
76530 0
76531 3
76532 2
76533 1
76534 0
76535 3
76536 2
76537 1
76538 4
76539 0
76540 2
76541 1
76542 3
76543 0
76544 2
76545 1
76546 3
76547 0
76548 2
76549 1
76550 4
76551 3
76552 2
76553 1
76554 0
76555 3
76556 2
76557 1
76558 0
76559 3
76560 4
76561 2
76562 1
76563 0
76564 3
76565 2
76566 1
76567 0
76568 3
76569 2
76570 1
76571 0
76572 3
76573 2
76574 1
76575 0
76576 3
76577 2
76578 1
76579 0
76580 3
76581 2
76582 1
76583 0
76584 3
76585 4
76586 2
76587 1
76588 0
76589 3
76590 2
76591 1
76592 0
76593 3
76594 2
76595 1
76596 0
76597 3
76598 2
76599 1
76600 0
76601 3
76602 2
76603 1
76604 0
76605 3
76606 2
76607 1
76608 0
76609 3
76610 2
76611 1
76612 0
76613 3
76614 2
76615 1
76616 0
76617 3
76618 2
76619 1
76620 0
76621 3
76622 2
76623 1
76624 0
76625 3
76626 2
76627 1
76628 0
76629 3
76630 2
76631 1
76632 0
76633 3
76634 2
76635 1
76636 4
76637 0
76638 2
76639 1
76640 3
76641 0
76642 2
76643 1
76644 3
76645 0
76646 2
76647 1
76648 4
76649 3
76650 2
76651 1
76652 0
76653 3
76654 2
76655 1
76656 0
76657 3
76658 2
76659 1
76660 4
76661 0
76662 2
76663 1
76664 3
76665 0
76666 2
76667 1
76668 3
76669 0
76670 2
76671 1
76672 4
76673 3
76674 2
76675 1
76676 0
76677 3
76678 2
76679 1
76680 0
76681 3
76682 4
76683 2
76684 1
76685 0
76686 3
76687 2
76688 1
76689 0
76690 3
76691 2
76692 1
76693 0
76694 3
76695 2
76696 1
76697 0
76698 3
76699 2
76700 1
76701 0
76702 3
76703 2
76704 1
76705 0
76706 3
76707 2
76708 1
76709 0
76710 3
76711 2
76712 1
76713 0
76714 3
76715 2
76716 1
76717 0
76718 3
76719 2
76720 1
76721 0
76722 3
76723 2
76724 1
76725 0
76726 3
76727 2
76728 1
76729 0
76730 3
76731 4
76732 2
76733 1
76734 0
76735 3
76736 2
76737 1
76738 0
76739 3
76740 2
76741 1
76742 0
76743 3
76744 2
76745 1
76746 0
76747 3
76748 2
76749 1
76750 0
76751 3
76752 2
76753 1
76754 0
76755 3
76756 2
76757 1
76758 0
76759 3
76760 2
76761 1
76762 0
76763 3
76764 2
76765 1
76766 0
76767 3
76768 2
76769 1
76770 0
76771 3
76772 2
76773 1
76774 0
76775 3
76776 2
76777 1
76778 0
76779 3
76780 4
76781 2
76782 1
76783 0
76784 3
76785 2
76786 1
76787 0
76788 3
76789 2
76790 1
76791 0
76792 3
76793 2
76794 1
76795 0
76796 3
76797 2
76798 1
76799 0
76800 3
76801 2
76802 1
76803 0
76804 3
76805 2
76806 1
76807 0
76808 3
76809 2
76810 1
76811 0
76812 3
76813 2
76814 1
76815 0
76816 3
76817 2
76818 1
76819 0
76820 3
76821 2
76822 1
76823 0
76824 3
76825 2
76826 1
76827 0
76828 3
76829 2
76830 1
76831 4
76832 0
76833 2
76834 1
76835 3
76836 0
76837 2
76838 1
76839 3
76840 0
76841 2
76842 1
76843 4
76844 3
76845 2
76846 1
76847 0
76848 3
76849 2
76850 1
76851 0
76852 3
76853 4
76854 2
76855 1
76856 0
76857 3
76858 2
76859 1
76860 0
76861 3
76862 2
76863 1
76864 0
76865 3
76866 2
76867 1
76868 0
76869 3
76870 2
76871 1
76872 0
76873 3
76874 2
76875 1
76876 0
76877 3
76878 4
76879 2
76880 1
76881 0
76882 3
76883 2
76884 1
76885 0
76886 3
76887 2
76888 1
76889 0
76890 3
76891 2
76892 1
76893 0
76894 3
76895 2
76896 1
76897 0
76898 3
76899 2
76900 1
76901 0
76902 3
76903 2
76904 1
76905 0
76906 3
76907 2
76908 1
76909 0
76910 3
76911 2
76912 1
76913 0
76914 3
76915 2
76916 1
76917 0
76918 3
76919 2
76920 1
76921 0
76922 3
76923 2
76924 1
76925 0
76926 3
76927 2
76928 1
76929 4
76930 0
76931 2
76932 1
76933 3
76934 0
76935 2
76936 1
76937 3
76938 0
76939 2
76940 1
76941 4
76942 3
76943 2
76944 1
76945 0
76946 3
76947 2
76948 1
76949 0
76950 3
76951 4
76952 2
76953 1
76954 0
76955 3
76956 2
76957 1
76958 0
76959 3
76960 2
76961 1
76962 0
76963 3
76964 2
76965 1
76966 0
76967 3
76968 2
76969 1
76970 0
76971 3
76972 2
76973 1
76974 0
76975 3
76976 4
76977 2
76978 1
76979 0
76980 3
76981 2
76982 1
76983 0
76984 3
76985 2
76986 1
76987 0
76988 3
76989 2
76990 1
76991 0
76992 3
76993 2
76994 1
76995 0
76996 3
76997 2
76998 1
76999 0
77000 3
77001 2
77002 1
77003 0
77004 3
77005 2
77006 1
77007 0
77008 3
77009 2
77010 1
77011 0
77012 3
77013 2
77014 1
77015 0
77016 3
77017 2
77018 1
77019 0
77020 3
77021 2
77022 1
77023 0
77024 3
77025 2
77026 1
77027 4
77028 0
77029 2
77030 1
77031 3
77032 0
77033 2
77034 1
77035 3
77036 0
77037 2
77038 1
77039 4
77040 3
77041 2
77042 1
77043 0
77044 3
77045 2
77046 1
77047 0
77048 3
77049 2
77050 1
77051 4
77052 0
77053 2
77054 1
77055 3
77056 0
77057 2
77058 1
77059 3
77060 0
77061 2
77062 1
77063 4
77064 3
77065 2
77066 1
77067 0
77068 3
77069 2
77070 1
77071 0
77072 3
77073 4
77074 2
77075 1
77076 0
77077 3
77078 2
77079 1
77080 0
77081 3
77082 2
77083 1
77084 0
77085 3
77086 2
77087 1
77088 0
77089 3
77090 2
77091 1
77092 0
77093 3
77094 2
77095 1
77096 0
77097 3
77098 2
77099 1
77100 0
77101 3
77102 2
77103 1
77104 0
77105 3
77106 2
77107 1
77108 0
77109 3
77110 2
77111 1
77112 0
77113 3
77114 2
77115 1
77116 0
77117 3
77118 2
77119 1
77120 0
77121 3
77122 4
77123 2
77124 1
77125 0
77126 3
77127 2
77128 1
77129 0
77130 3
77131 2
77132 1
77133 0
77134 3
77135 2
77136 1
77137 0
77138 3
77139 2
77140 1
77141 0
77142 3
77143 2
77144 1
77145 0
77146 3
77147 2
77148 1
77149 0
77150 3
77151 2
77152 1
77153 0
77154 3
77155 2
77156 1
77157 0
77158 3
77159 2
77160 1
77161 0
77162 3
77163 2
77164 1
77165 0
77166 3
77167 2
77168 1
77169 0
77170 3
77171 4
77172 2
77173 1
77174 0
77175 3
77176 2
77177 1
77178 0
77179 3
77180 2
77181 1
77182 0
77183 3
77184 2
77185 1
77186 0
77187 3
77188 2
77189 1
77190 0
77191 3
77192 2
77193 1
77194 0
77195 3
77196 2
77197 1
77198 0
77199 3
77200 2
77201 1
77202 0
77203 3
77204 2
77205 1
77206 0
77207 3
77208 2
77209 1
77210 0
77211 3
77212 2
77213 1
77214 0
77215 3
77216 2
77217 1
77218 0
77219 3
77220 2
77221 1
77222 4
77223 0
77224 2
77225 1
77226 3
77227 0
77228 2
77229 1
77230 3
77231 0
77232 2
77233 1
77234 4
77235 3
77236 2
77237 1
77238 0
77239 3
77240 2
77241 1
77242 0
77243 3
77244 2
77245 1
77246 4
77247 0
77248 2
77249 1
77250 3
77251 0
77252 2
77253 1
77254 3
77255 0
77256 2
77257 1
77258 4
77259 3
77260 2
77261 1
77262 0
77263 3
77264 2
77265 1
77266 0
77267 3
77268 4
77269 2
77270 1
77271 0
77272 3
77273 2
77274 1
77275 0
77276 3
77277 2
77278 1
77279 0
77280 3
77281 2
77282 1
77283 0
77284 3
77285 2
77286 1
77287 0
77288 3
77289 2
77290 1
77291 0
77292 3
77293 2
77294 1
77295 0
77296 3
77297 2
77298 1
77299 0
77300 3
77301 2
77302 1
77303 0
77304 3
77305 2
77306 1
77307 0
77308 3
77309 2
77310 1
77311 0
77312 3
77313 2
77314 1
77315 0
77316 3
77317 4
77318 2
77319 1
77320 0
77321 3
77322 2
77323 1
77324 0
77325 3
77326 2
77327 1
77328 0
77329 3
77330 2
77331 1
77332 0
77333 3
77334 2
77335 1
77336 0
77337 3
77338 2
77339 1
77340 0
77341 3
77342 2
77343 1
77344 0
77345 3
77346 2
77347 1
77348 0
77349 3
77350 2
77351 1
77352 0
77353 3
77354 2
77355 1
77356 0
77357 3
77358 2
77359 1
77360 0
77361 3
77362 2
77363 1
77364 0
77365 3
77366 4
77367 2
77368 1
77369 0
77370 3
77371 2
77372 1
77373 0
77374 3
77375 2
77376 1
77377 0
77378 3
77379 2
77380 1
77381 0
77382 3
77383 2
77384 1
77385 0
77386 3
77387 2
77388 1
77389 0
77390 3
77391 2
77392 1
77393 0
77394 3
77395 2
77396 1
77397 0
77398 3
77399 2
77400 1
77401 0
77402 3
77403 2
77404 1
77405 0
77406 3
77407 2
77408 1
77409 0
77410 3
77411 2
77412 1
77413 0
77414 3
77415 2
77416 1
77417 4
77418 0
77419 2
77420 1
77421 3
77422 0
77423 2
77424 1
77425 3
77426 0
77427 2
77428 1
77429 4
77430 3
77431 2
77432 1
77433 0
77434 3
77435 2
77436 1
77437 0
77438 3
77439 2
77440 1
77441 4
77442 0
77443 2
77444 1
77445 3
77446 0
77447 2
77448 1
77449 3
77450 0
77451 2
77452 1
77453 4
77454 3
77455 2
77456 1
77457 0
77458 3
77459 2
77460 1
77461 0
77462 3
77463 4
77464 2
77465 1
77466 0
77467 3
77468 2
77469 1
77470 0
77471 3
77472 2
77473 1
77474 0
77475 3
77476 2
77477 1
77478 0
77479 3
77480 2
77481 1
77482 0
77483 3
77484 2
77485 1
77486 0
77487 3
77488 2
77489 1
77490 0
77491 3
77492 2
77493 1
77494 0
77495 3
77496 2
77497 1
77498 0
77499 3
77500 2
77501 1
77502 0
77503 3
77504 2
77505 1
77506 0
77507 3
77508 2
77509 1
77510 0
77511 3
77512 4
77513 2
77514 1
77515 0
77516 3
77517 2
77518 1
77519 0
77520 3
77521 2
77522 1
77523 0
77524 3
77525 2
77526 1
77527 0
77528 3
77529 2
77530 1
77531 0
77532 3
77533 2
77534 1
77535 0
77536 3
77537 2
77538 1
77539 0
77540 3
77541 2
77542 1
77543 0
77544 3
77545 2
77546 1
77547 0
77548 3
77549 2
77550 1
77551 0
77552 3
77553 2
77554 1
77555 0
77556 3
77557 2
77558 1
77559 0
77560 3
77561 4
77562 2
77563 1
77564 0
77565 3
77566 2
77567 1
77568 0
77569 3
77570 2
77571 1
77572 0
77573 3
77574 2
77575 1
77576 0
77577 3
77578 2
77579 1
77580 0
77581 3
77582 2
77583 1
77584 0
77585 3
77586 2
77587 1
77588 0
77589 3
77590 2
77591 1
77592 0
77593 3
77594 2
77595 1
77596 0
77597 3
77598 2
77599 1
77600 0
77601 3
77602 2
77603 1
77604 0
77605 3
77606 2
77607 1
77608 0
77609 3
77610 2
77611 1
77612 4
77613 0
77614 2
77615 1
77616 3
77617 0
77618 2
77619 1
77620 3
77621 0
77622 2
77623 1
77624 4
77625 3
77626 2
77627 1
77628 0
77629 3
77630 2
77631 1
77632 0
77633 3
77634 4
77635 2
77636 1
77637 0
77638 3
77639 2
77640 1
77641 0
77642 3
77643 2
77644 1
77645 0
77646 3
77647 2
77648 1
77649 0
77650 3
77651 2
77652 1
77653 0
77654 3
77655 2
77656 1
77657 0
77658 3
77659 4
77660 2
77661 1
77662 0
77663 3
77664 2
77665 1
77666 0
77667 3
77668 2
77669 1
77670 0
77671 3
77672 2
77673 1
77674 0
77675 3
77676 2
77677 1
77678 0
77679 3
77680 2
77681 1
77682 0
77683 3
77684 2
77685 1
77686 0
77687 3
77688 2
77689 1
77690 0
77691 3
77692 2
77693 1
77694 0
77695 3
77696 2
77697 1
77698 0
77699 3
77700 2
77701 1
77702 0
77703 3
77704 2
77705 1
77706 0
77707 3
77708 2
77709 1
77710 4
77711 0
77712 2
77713 1
77714 3
77715 0
77716 2
77717 1
77718 3
77719 0
77720 2
77721 1
77722 4
77723 3
77724 2
77725 1
77726 0
77727 3
77728 2
77729 1
77730 0
77731 3
77732 4
77733 2
77734 1
77735 0
77736 3
77737 2
77738 1
77739 0
77740 3
77741 2
77742 1
77743 0
77744 3
77745 2
77746 1
77747 0
77748 3
77749 2
77750 1
77751 0
77752 3
77753 2
77754 1
77755 0
77756 3
77757 4
77758 2
77759 1
77760 0
77761 3
77762 2
77763 1
77764 0
77765 3
77766 2
77767 1
77768 0
77769 3
77770 2
77771 1
77772 0
77773 3
77774 2
77775 1
77776 0
77777 3
77778 2
77779 1
77780 0
77781 3
77782 2
77783 1
77784 0
77785 3
77786 2
77787 1
77788 0
77789 3
77790 2
77791 1
77792 0
77793 3
77794 2
77795 1
77796 0
77797 3
77798 2
77799 1
77800 0
77801 3
77802 2
77803 1
77804 0
77805 3
77806 2
77807 1
77808 4
77809 0
77810 2
77811 1
77812 3
77813 0
77814 2
77815 1
77816 3
77817 0
77818 2
77819 1
77820 4
77821 3
77822 2
77823 1
77824 0
77825 3
77826 2
77827 1
77828 0
77829 3
77830 2
77831 1
77832 4
77833 0
77834 2
77835 1
77836 3
77837 0
77838 2
77839 1
77840 3
77841 0
77842 2
77843 1
77844 4
77845 3
77846 2
77847 1
77848 0
77849 3
77850 2
77851 1
77852 0
77853 3
77854 4
77855 2
77856 1
77857 0
77858 3
77859 2
77860 1
77861 0
77862 3
77863 2
77864 1
77865 0
77866 3
77867 2
77868 1
77869 0
77870 3
77871 2
77872 1
77873 0
77874 3
77875 2
77876 1
77877 0
77878 3
77879 2
77880 1
77881 0
77882 3
77883 2
77884 1
77885 0
77886 3
77887 2
77888 1
77889 0
77890 3
77891 2
77892 1
77893 0
77894 3
77895 2
77896 1
77897 0
77898 3
77899 2
77900 1
77901 0
77902 3
77903 4
77904 2
77905 1
77906 0
77907 3
77908 2
77909 1
77910 0
77911 3
77912 2
77913 1
77914 0
77915 3
77916 2
77917 1
77918 0
77919 3
77920 2
77921 1
77922 0
77923 3
77924 2
77925 1
77926 0
77927 3
77928 2
77929 1
77930 0
77931 3
77932 2
77933 1
77934 0
77935 3
77936 2
77937 1
77938 0
77939 3
77940 2
77941 1
77942 0
77943 3
77944 2
77945 1
77946 0
77947 3
77948 2
77949 1
77950 0
77951 3
77952 4
77953 2
77954 1
77955 0
77956 3
77957 2
77958 1
77959 0
77960 3
77961 2
77962 1
77963 0
77964 3
77965 2
77966 1
77967 0
77968 3
77969 2
77970 1
77971 0
77972 3
77973 2
77974 1
77975 0
77976 3
77977 2
77978 1
77979 0
77980 3
77981 2
77982 1
77983 0
77984 3
77985 2
77986 1
77987 0
77988 3
77989 2
77990 1
77991 0
77992 3
77993 2
77994 1
77995 0
77996 3
77997 2
77998 1
77999 0
78000 3
78001 2
78002 1
78003 4
78004 0
78005 2
78006 1
78007 3
78008 0
78009 2
78010 1
78011 3
78012 0
78013 2
78014 1
78015 4
78016 3
78017 2
78018 1
78019 0
78020 3
78021 2
78022 1
78023 0
78024 3
78025 2
78026 1
78027 4
78028 0
78029 2
78030 1
78031 3
78032 0
78033 2
78034 1
78035 3
78036 0
78037 2
78038 1
78039 4
78040 3
78041 2
78042 1
78043 0
78044 3
78045 2
78046 1
78047 0
78048 3
78049 4
78050 2
78051 1
78052 0
78053 3
78054 2
78055 1
78056 0
78057 3
78058 2
78059 1
78060 0
78061 3
78062 2
78063 1
78064 0
78065 3
78066 2
78067 1
78068 0
78069 3
78070 2
78071 1
78072 0
78073 3
78074 2
78075 1
78076 0
78077 3
78078 2
78079 1
78080 0
78081 3
78082 2
78083 1
78084 0
78085 3
78086 2
78087 1
78088 0
78089 3
78090 2
78091 1
78092 0
78093 3
78094 2
78095 1
78096 0
78097 3
78098 4
78099 2
78100 1
78101 0
78102 3
78103 2
78104 1
78105 0
78106 3
78107 2
78108 1
78109 0
78110 3
78111 2
78112 1
78113 0
78114 3
78115 2
78116 1
78117 0
78118 3
78119 2
78120 1
78121 0
78122 3
78123 2
78124 1
78125 0
78126 3
78127 2
78128 1
78129 0
78130 3
78131 2
78132 1
78133 0
78134 3
78135 2
78136 1
78137 0
78138 3
78139 2
78140 1
78141 0
78142 3
78143 2
78144 1
78145 0
78146 3
78147 4
78148 2
78149 1
78150 0
78151 3
78152 2
78153 1
78154 0
78155 3
78156 2
78157 1
78158 0
78159 3
78160 2
78161 1
78162 0
78163 3
78164 2
78165 1
78166 0
78167 3
78168 2
78169 1
78170 0
78171 3
78172 2
78173 1
78174 0
78175 3
78176 2
78177 1
78178 0
78179 3
78180 2
78181 1
78182 0
78183 3
78184 2
78185 1
78186 0
78187 3
78188 2
78189 1
78190 0
78191 3
78192 2
78193 1
78194 0
78195 3
78196 2
78197 1
78198 4
78199 0
78200 2
78201 1
78202 3
78203 0
78204 2
78205 1
78206 3
78207 0
78208 2
78209 1
78210 4
78211 3
78212 2
78213 1
78214 0
78215 3
78216 2
78217 1
78218 0
78219 3
78220 2
78221 1
78222 4
78223 0
78224 2
78225 1
78226 3
78227 0
78228 2
78229 1
78230 3
78231 0
78232 2
78233 1
78234 4
78235 3
78236 2
78237 1
78238 0
78239 3
78240 2
78241 1
78242 0
78243 3
78244 4
78245 2
78246 1
78247 0
78248 3
78249 2
78250 1
78251 0
78252 3
78253 2
78254 1
78255 0
78256 3
78257 2
78258 1
78259 0
78260 3
78261 2
78262 1
78263 0
78264 3
78265 2
78266 1
78267 0
78268 3
78269 2
78270 1
78271 0
78272 3
78273 2
78274 1
78275 0
78276 3
78277 2
78278 1
78279 0
78280 3
78281 2
78282 1
78283 0
78284 3
78285 2
78286 1
78287 0
78288 3
78289 2
78290 1
78291 0
78292 3
78293 4
78294 2
78295 1
78296 0
78297 3
78298 2
78299 1
78300 0
78301 3
78302 2
78303 1
78304 0
78305 3
78306 2
78307 1
78308 0
78309 3
78310 2
78311 1
78312 0
78313 3
78314 2
78315 1
78316 0
78317 3
78318 2
78319 1
78320 0
78321 3
78322 2
78323 1
78324 0
78325 3
78326 2
78327 1
78328 0
78329 3
78330 2
78331 1
78332 0
78333 3
78334 2
78335 1
78336 0
78337 3
78338 2
78339 1
78340 0
78341 3
78342 4
78343 2
78344 1
78345 0
78346 3
78347 2
78348 1
78349 0
78350 3
78351 2
78352 1
78353 0
78354 3
78355 2
78356 1
78357 0
78358 3
78359 2
78360 1
78361 0
78362 3
78363 2
78364 1
78365 0
78366 3
78367 2
78368 1
78369 0
78370 3
78371 2
78372 1
78373 0
78374 3
78375 2
78376 1
78377 0
78378 3
78379 2
78380 1
78381 0
78382 3
78383 2
78384 1
78385 0
78386 3
78387 2
78388 1
78389 0
78390 3
78391 2
78392 1
78393 4
78394 0
78395 2
78396 1
78397 3
78398 0
78399 2
78400 1
78401 3
78402 0
78403 2
78404 1
78405 4
78406 3
78407 2
78408 1
78409 0
78410 3
78411 2
78412 1
78413 0
78414 3
78415 4
78416 2
78417 1
78418 0
78419 3
78420 2
78421 1
78422 0
78423 3
78424 2
78425 1
78426 0
78427 3
78428 2
78429 1
78430 0
78431 3
78432 2
78433 1
78434 0
78435 3
78436 2
78437 1
78438 0
78439 3
78440 4
78441 2
78442 1
78443 0
78444 3
78445 2
78446 1
78447 0
78448 3
78449 2
78450 1
78451 0
78452 3
78453 2
78454 1
78455 0
78456 3
78457 2
78458 1
78459 0
78460 3
78461 2
78462 1
78463 0
78464 3
78465 2
78466 1
78467 0
78468 3
78469 2
78470 1
78471 0
78472 3
78473 2
78474 1
78475 0
78476 3
78477 2
78478 1
78479 0
78480 3
78481 2
78482 1
78483 0
78484 3
78485 2
78486 1
78487 0
78488 3
78489 2
78490 1
78491 4
78492 0
78493 2
78494 1
78495 3
78496 0
78497 2
78498 1
78499 3
78500 0
78501 2
78502 1
78503 4
78504 3
78505 2
78506 1
78507 0
78508 3
78509 2
78510 1
78511 0
78512 3
78513 4
78514 2
78515 1
78516 0
78517 3
78518 2
78519 1
78520 0
78521 3
78522 2
78523 1
78524 0
78525 3
78526 2
78527 1
78528 0
78529 3
78530 2
78531 1
78532 0
78533 3
78534 2
78535 1
78536 0
78537 3
78538 4
78539 2
78540 1
78541 0
78542 3
78543 2
78544 1
78545 0
78546 3
78547 2
78548 1
78549 0
78550 3
78551 2
78552 1
78553 0
78554 3
78555 2
78556 1
78557 0
78558 3
78559 2
78560 1
78561 0
78562 3
78563 2
78564 1
78565 0
78566 3
78567 2
78568 1
78569 0
78570 3
78571 2
78572 1
78573 0
78574 3
78575 2
78576 1
78577 0
78578 3
78579 2
78580 1
78581 0
78582 3
78583 2
78584 1
78585 0
78586 3
78587 2
78588 1
78589 4
78590 0
78591 2
78592 1
78593 3
78594 0
78595 2
78596 1
78597 3
78598 0
78599 2
78600 1
78601 4
78602 3
78603 2
78604 1
78605 0
78606 3
78607 2
78608 1
78609 0
78610 3
78611 2
78612 1
78613 4
78614 0
78615 2
78616 1
78617 3
78618 0
78619 2
78620 1
78621 3
78622 0
78623 2
78624 1
78625 4
78626 3
78627 2
78628 1
78629 0
78630 3
78631 2
78632 1
78633 0
78634 3
78635 4
78636 2
78637 1
78638 0
78639 3
78640 2
78641 1
78642 0
78643 3
78644 2
78645 1
78646 0
78647 3
78648 2
78649 1
78650 0
78651 3
78652 2
78653 1
78654 0
78655 3
78656 2
78657 1
78658 0
78659 3
78660 2
78661 1
78662 0
78663 3
78664 2
78665 1
78666 0
78667 3
78668 2
78669 1
78670 0
78671 3
78672 2
78673 1
78674 0
78675 3
78676 2
78677 1
78678 0
78679 3
78680 2
78681 1
78682 0
78683 3
78684 4
78685 2
78686 1
78687 0
78688 3
78689 2
78690 1
78691 0
78692 3
78693 2
78694 1
78695 0
78696 3
78697 2
78698 1
78699 0
78700 3
78701 2
78702 1
78703 0
78704 3
78705 2
78706 1
78707 0
78708 3
78709 2
78710 1
78711 0
78712 3
78713 2
78714 1
78715 0
78716 3
78717 2
78718 1
78719 0
78720 3
78721 2
78722 1
78723 0
78724 3
78725 2
78726 1
78727 0
78728 3
78729 2
78730 1
78731 0
78732 3
78733 4
78734 2
78735 1
78736 0
78737 3
78738 2
78739 1
78740 0
78741 3
78742 2
78743 1
78744 0
78745 3
78746 2
78747 1
78748 0
78749 3
78750 2
78751 1
78752 0
78753 3
78754 2
78755 1
78756 0
78757 3
78758 2
78759 1
78760 0
78761 3
78762 2
78763 1
78764 0
78765 3
78766 2
78767 1
78768 0
78769 3
78770 2
78771 1
78772 0
78773 3
78774 2
78775 1
78776 0
78777 3
78778 2
78779 1
78780 0
78781 3
78782 2
78783 1
78784 4
78785 0
78786 2
78787 1
78788 3
78789 0
78790 2
78791 1
78792 3
78793 0
78794 2
78795 1
78796 4
78797 3
78798 2
78799 1
78800 0
78801 3
78802 2
78803 1
78804 0
78805 3
78806 2
78807 1
78808 4
78809 0
78810 2
78811 1
78812 3
78813 0
78814 2
78815 1
78816 3
78817 0
78818 2
78819 1
78820 4
78821 3
78822 2
78823 1
78824 0
78825 3
78826 2
78827 1
78828 0
78829 3
78830 4
78831 2
78832 1
78833 0
78834 3
78835 2
78836 1
78837 0
78838 3
78839 2
78840 1
78841 0
78842 3
78843 2
78844 1
78845 0
78846 3
78847 2
78848 1
78849 0
78850 3
78851 2
78852 1
78853 0
78854 3
78855 2
78856 1
78857 0
78858 3
78859 2
78860 1
78861 0
78862 3
78863 2
78864 1
78865 0
78866 3
78867 2
78868 1
78869 0
78870 3
78871 2
78872 1
78873 0
78874 3
78875 2
78876 1
78877 0
78878 3
78879 4
78880 2
78881 1
78882 0
78883 3
78884 2
78885 1
78886 0
78887 3
78888 2
78889 1
78890 0
78891 3
78892 2
78893 1
78894 0
78895 3
78896 2
78897 1
78898 0
78899 3
78900 2
78901 1
78902 0
78903 3
78904 2
78905 1
78906 0
78907 3
78908 2
78909 1
78910 0
78911 3
78912 2
78913 1
78914 0
78915 3
78916 2
78917 1
78918 0
78919 3
78920 2
78921 1
78922 0
78923 3
78924 2
78925 1
78926 0
78927 3
78928 4
78929 2
78930 1
78931 0
78932 3
78933 2
78934 1
78935 0
78936 3
78937 2
78938 1
78939 0
78940 3
78941 2
78942 1
78943 0
78944 3
78945 2
78946 1
78947 0
78948 3
78949 2
78950 1
78951 0
78952 3
78953 2
78954 1
78955 0
78956 3
78957 2
78958 1
78959 0
78960 3
78961 2
78962 1
78963 0
78964 3
78965 2
78966 1
78967 0
78968 3
78969 2
78970 1
78971 0
78972 3
78973 2
78974 1
78975 0
78976 3
78977 2
78978 1
78979 4
78980 0
78981 2
78982 1
78983 3
78984 0
78985 2
78986 1
78987 3
78988 0
78989 2
78990 1
78991 4
78992 3
78993 2
78994 1
78995 0
78996 3
78997 2
78998 1
78999 0
79000 3
79001 2
79002 1
79003 4
79004 0
79005 2
79006 1
79007 3
79008 0
79009 2
79010 1
79011 3
79012 0
79013 2
79014 1
79015 4
79016 3
79017 2
79018 1
79019 0
79020 3
79021 2
79022 1
79023 0
79024 3
79025 4
79026 2
79027 1
79028 0
79029 3
79030 2
79031 1
79032 0
79033 3
79034 2
79035 1
79036 0
79037 3
79038 2
79039 1
79040 0
79041 3
79042 2
79043 1
79044 0
79045 3
79046 2
79047 1
79048 0
79049 3
79050 2
79051 1
79052 0
79053 3
79054 2
79055 1
79056 0
79057 3
79058 2
79059 1
79060 0
79061 3
79062 2
79063 1
79064 0
79065 3
79066 2
79067 1
79068 0
79069 3
79070 2
79071 1
79072 0
79073 3
79074 4
79075 2
79076 1
79077 0
79078 3
79079 2
79080 1
79081 0
79082 3
79083 2
79084 1
79085 0
79086 3
79087 2
79088 1
79089 0
79090 3
79091 2
79092 1
79093 0
79094 3
79095 2
79096 1
79097 0
79098 3
79099 2
79100 1
79101 0
79102 3
79103 2
79104 1
79105 0
79106 3
79107 2
79108 1
79109 0
79110 3
79111 2
79112 1
79113 0
79114 3
79115 2
79116 1
79117 0
79118 3
79119 2
79120 1
79121 0
79122 3
79123 4
79124 2
79125 1
79126 0
79127 3
79128 2
79129 1
79130 0
79131 3
79132 2
79133 1
79134 0
79135 3
79136 2
79137 1
79138 0
79139 3
79140 2
79141 1
79142 0
79143 3
79144 2
79145 1
79146 0
79147 3
79148 2
79149 1
79150 0
79151 3
79152 2
79153 1
79154 0
79155 3
79156 2
79157 1
79158 0
79159 3
79160 2
79161 1
79162 0
79163 3
79164 2
79165 1
79166 0
79167 3
79168 2
79169 1
79170 0
79171 3
79172 2
79173 1
79174 4
79175 0
79176 2
79177 1
79178 3
79179 0
79180 2
79181 1
79182 3
79183 0
79184 2
79185 1
79186 4
79187 3
79188 2
79189 1
79190 0
79191 3
79192 2
79193 1
79194 0
79195 3
79196 4
79197 2
79198 1
79199 0
79200 3
79201 2
79202 1
79203 0
79204 3
79205 2
79206 1
79207 0
79208 3
79209 2
79210 1
79211 0
79212 3
79213 2
79214 1
79215 0
79216 3
79217 2
79218 1
79219 0
79220 3
79221 4
79222 2
79223 1
79224 0
79225 3
79226 2
79227 1
79228 0
79229 3
79230 2
79231 1
79232 0
79233 3
79234 2
79235 1
79236 0
79237 3
79238 2
79239 1
79240 0
79241 3
79242 2
79243 1
79244 0
79245 3
79246 2
79247 1
79248 0
79249 3
79250 2
79251 1
79252 0
79253 3
79254 2
79255 1
79256 0
79257 3
79258 2
79259 1
79260 0
79261 3
79262 2
79263 1
79264 0
79265 3
79266 2
79267 1
79268 0
79269 3
79270 2
79271 1
79272 4
79273 0
79274 2
79275 1
79276 3
79277 0
79278 2
79279 1
79280 3
79281 0
79282 2
79283 1
79284 4
79285 3
79286 2
79287 1
79288 0
79289 3
79290 2
79291 1
79292 0
79293 3
79294 4
79295 2
79296 1
79297 0
79298 3
79299 2
79300 1
79301 0
79302 3
79303 2
79304 1
79305 0
79306 3
79307 2
79308 1
79309 0
79310 3
79311 2
79312 1
79313 0
79314 3
79315 2
79316 1
79317 0
79318 3
79319 4
79320 2
79321 1
79322 0
79323 3
79324 2
79325 1
79326 0
79327 3
79328 2
79329 1
79330 0
79331 3
79332 2
79333 1
79334 0
79335 3
79336 2
79337 1
79338 0
79339 3
79340 2
79341 1
79342 0
79343 3
79344 2
79345 1
79346 0
79347 3
79348 2
79349 1
79350 0
79351 3
79352 2
79353 1
79354 0
79355 3
79356 2
79357 1
79358 0
79359 3
79360 2
79361 1
79362 0
79363 3
79364 2
79365 1
79366 0
79367 3
79368 2
79369 1
79370 4
79371 0
79372 2
79373 1
79374 3
79375 0
79376 2
79377 1
79378 3
79379 0
79380 2
79381 1
79382 4
79383 3
79384 2
79385 1
79386 0
79387 3
79388 2
79389 1
79390 0
79391 3
79392 2
79393 1
79394 4
79395 0
79396 2
79397 1
79398 3
79399 0
79400 2
79401 1
79402 3
79403 0
79404 2
79405 1
79406 4
79407 3
79408 2
79409 1
79410 0
79411 3
79412 2
79413 1
79414 0
79415 3
79416 4
79417 2
79418 1
79419 0
79420 3
79421 2
79422 1
79423 0
79424 3
79425 2
79426 1
79427 0
79428 3
79429 2
79430 1
79431 0
79432 3
79433 2
79434 1
79435 0
79436 3
79437 2
79438 1
79439 0
79440 3
79441 2
79442 1
79443 0
79444 3
79445 2
79446 1
79447 0
79448 3
79449 2
79450 1
79451 0
79452 3
79453 2
79454 1
79455 0
79456 3
79457 2
79458 1
79459 0
79460 3
79461 2
79462 1
79463 0
79464 3
79465 4
79466 2
79467 1
79468 0
79469 3
79470 2
79471 1
79472 0
79473 3
79474 2
79475 1
79476 0
79477 3
79478 2
79479 1
79480 0
79481 3
79482 2
79483 1
79484 0
79485 3
79486 2
79487 1
79488 0
79489 3
79490 2
79491 1
79492 0
79493 3
79494 2
79495 1
79496 0
79497 3
79498 2
79499 1
79500 0
79501 3
79502 2
79503 1
79504 0
79505 3
79506 2
79507 1
79508 0
79509 3
79510 2
79511 1
79512 0
79513 3
79514 4
79515 2
79516 1
79517 0
79518 3
79519 2
79520 1
79521 0
79522 3
79523 2
79524 1
79525 0
79526 3
79527 2
79528 1
79529 0
79530 3
79531 2
79532 1
79533 0
79534 3
79535 2
79536 1
79537 0
79538 3
79539 2
79540 1
79541 0
79542 3
79543 2
79544 1
79545 0
79546 3
79547 2
79548 1
79549 0
79550 3
79551 2
79552 1
79553 0
79554 3
79555 2
79556 1
79557 0
79558 3
79559 2
79560 1
79561 0
79562 3
79563 2
79564 1
79565 4
79566 0
79567 2
79568 1
79569 3
79570 0
79571 2
79572 1
79573 3
79574 0
79575 2
79576 1
79577 4
79578 3
79579 2
79580 1
79581 0
79582 3
79583 2
79584 1
79585 0
79586 3
79587 4
79588 2
79589 1
79590 0
79591 3
79592 2
79593 1
79594 0
79595 3
79596 2
79597 1
79598 0
79599 3
79600 2
79601 1
79602 0
79603 3
79604 2
79605 1
79606 0
79607 3
79608 2
79609 1
79610 0
79611 3
79612 4
79613 2
79614 1
79615 0
79616 3
79617 2
79618 1
79619 0
79620 3
79621 2
79622 1
79623 0
79624 3
79625 2
79626 1
79627 0
79628 3
79629 2
79630 1
79631 0
79632 3
79633 2
79634 1
79635 0
79636 3
79637 2
79638 1
79639 0
79640 3
79641 2
79642 1
79643 0
79644 3
79645 2
79646 1
79647 0
79648 3
79649 2
79650 1
79651 0
79652 3
79653 2
79654 1
79655 0
79656 3
79657 2
79658 1
79659 0
79660 3
79661 2
79662 1
79663 4
79664 0
79665 2
79666 1
79667 3
79668 0
79669 2
79670 1
79671 3
79672 0
79673 2
79674 1
79675 4
79676 3
79677 2
79678 1
79679 0
79680 3
79681 2
79682 1
79683 0
79684 3
79685 4
79686 2
79687 1
79688 0
79689 3
79690 2
79691 1
79692 0
79693 3
79694 2
79695 1
79696 0
79697 3
79698 2
79699 1
79700 0
79701 3
79702 2
79703 1
79704 0
79705 3
79706 2
79707 1
79708 0
79709 3
79710 4
79711 2
79712 1
79713 0
79714 3
79715 2
79716 1
79717 0
79718 3
79719 2
79720 1
79721 0
79722 3
79723 2
79724 1
79725 0
79726 3
79727 2
79728 1
79729 0
79730 3
79731 2
79732 1
79733 0
79734 3
79735 2
79736 1
79737 0
79738 3
79739 2
79740 1
79741 0
79742 3
79743 2
79744 1
79745 0
79746 3
79747 2
79748 1
79749 0
79750 3
79751 2
79752 1
79753 0
79754 3
79755 2
79756 1
79757 0
79758 3
79759 2
79760 1
79761 4
79762 0
79763 2
79764 1
79765 3
79766 0
79767 2
79768 1
79769 3
79770 0
79771 2
79772 1
79773 4
79774 3
79775 2
79776 1
79777 0
79778 3
79779 2
79780 1
79781 0
79782 3
79783 2
79784 1
79785 4
79786 0
79787 2
79788 1
79789 3
79790 0
79791 2
79792 1
79793 3
79794 0
79795 2
79796 1
79797 4
79798 3
79799 2
79800 1
79801 0
79802 3
79803 2
79804 1
79805 0
79806 3
79807 4
79808 2
79809 1
79810 0
79811 3
79812 2
79813 1
79814 0
79815 3
79816 2
79817 1
79818 0
79819 3
79820 2
79821 1
79822 0
79823 3
79824 2
79825 1
79826 0
79827 3
79828 2
79829 1
79830 0
79831 3
79832 2
79833 1
79834 0
79835 3
79836 2
79837 1
79838 0
79839 3
79840 2
79841 1
79842 0
79843 3
79844 2
79845 1
79846 0
79847 3
79848 2
79849 1
79850 0
79851 3
79852 2
79853 1
79854 0
79855 3
79856 4
79857 2
79858 1
79859 0
79860 3
79861 2
79862 1
79863 0
79864 3
79865 2
79866 1
79867 0
79868 3
79869 2
79870 1
79871 0
79872 3
79873 2
79874 1
79875 0
79876 3
79877 2
79878 1
79879 0
79880 3
79881 2
79882 1
79883 0
79884 3
79885 2
79886 1
79887 0
79888 3
79889 2
79890 1
79891 0
79892 3
79893 2
79894 1
79895 0
79896 3
79897 2
79898 1
79899 0
79900 3
79901 2
79902 1
79903 0
79904 3
79905 4
79906 2
79907 1
79908 0
79909 3
79910 2
79911 1
79912 0
79913 3
79914 2
79915 1
79916 0
79917 3
79918 2
79919 1
79920 0
79921 3
79922 2
79923 1
79924 0
79925 3
79926 2
79927 1
79928 0
79929 3
79930 2
79931 1
79932 0
79933 3
79934 2
79935 1
79936 0
79937 3
79938 2
79939 1
79940 0
79941 3
79942 2
79943 1
79944 0
79945 3
79946 2
79947 1
79948 0
79949 3
79950 2
79951 1
79952 0
79953 3
79954 2
79955 1
79956 4
79957 0
79958 2
79959 1
79960 3
79961 0
79962 2
79963 1
79964 3
79965 0
79966 2
79967 1
79968 4
79969 3
79970 2
79971 1
79972 0
79973 3
79974 2
79975 1
79976 0
79977 3
79978 4
79979 2
79980 1
79981 0
79982 3
79983 2
79984 1
79985 0
79986 3
79987 2
79988 1
79989 0
79990 3
79991 2
79992 1
79993 0
79994 3
79995 2
79996 1
79997 0
79998 3
79999 2
80000 1
80001 0
80002 3
80003 4
80004 2
80005 1
80006 0
80007 3
80008 2
80009 1
80010 0
80011 3
80012 2
80013 1
80014 0
80015 3
80016 2
80017 1
80018 0
80019 3
80020 2
80021 1
80022 0
80023 3
80024 2
80025 1
80026 0
80027 3
80028 2
80029 1
80030 0
80031 3
80032 2
80033 1
80034 0
80035 3
80036 2
80037 1
80038 0
80039 3
80040 2
80041 1
80042 0
80043 3
80044 2
80045 1
80046 0
80047 3
80048 2
80049 1
80050 0
80051 3
80052 2
80053 1
80054 4
80055 0
80056 2
80057 1
80058 3
80059 0
80060 2
80061 1
80062 3
80063 0
80064 2
80065 1
80066 4
80067 3
80068 2
80069 1
80070 0
80071 3
80072 2
80073 1
80074 0
80075 3
80076 4
80077 2
80078 1
80079 0
80080 3
80081 2
80082 1
80083 0
80084 3
80085 2
80086 1
80087 0
80088 3
80089 2
80090 1
80091 0
80092 3
80093 2
80094 1
80095 0
80096 3
80097 2
80098 1
80099 0
80100 3
80101 4
80102 2
80103 1
80104 0
80105 3
80106 2
80107 1
80108 0
80109 3
80110 2
80111 1
80112 0
80113 3
80114 2
80115 1
80116 0
80117 3
80118 2
80119 1
80120 0
80121 3
80122 2
80123 1
80124 0
80125 3
80126 2
80127 1
80128 0
80129 3
80130 2
80131 1
80132 0
80133 3
80134 2
80135 1
80136 0
80137 3
80138 2
80139 1
80140 0
80141 3
80142 2
80143 1
80144 0
80145 3
80146 2
80147 1
80148 0
80149 3
80150 2
80151 1
80152 4
80153 0
80154 2
80155 1
80156 3
80157 0
80158 2
80159 1
80160 3
80161 0
80162 2
80163 1
80164 4
80165 3
80166 2
80167 1
80168 0
80169 3
80170 2
80171 1
80172 0
80173 3
80174 2
80175 1
80176 4
80177 0
80178 2
80179 1
80180 3
80181 0
80182 2
80183 1
80184 3
80185 0
80186 2
80187 1
80188 4
80189 3
80190 2
80191 1
80192 0
80193 3
80194 2
80195 1
80196 0
80197 3
80198 4
80199 2
80200 1
80201 0
80202 3
80203 2
80204 1
80205 0
80206 3
80207 2
80208 1
80209 0
80210 3
80211 2
80212 1
80213 0
80214 3
80215 2
80216 1
80217 0
80218 3
80219 2
80220 1
80221 0
80222 3
80223 2
80224 1
80225 0
80226 3
80227 2
80228 1
80229 0
80230 3
80231 2
80232 1
80233 0
80234 3
80235 2
80236 1
80237 0
80238 3
80239 2
80240 1
80241 0
80242 3
80243 2
80244 1
80245 0
80246 3
80247 4
80248 2
80249 1
80250 0
80251 3
80252 2
80253 1
80254 0
80255 3
80256 2
80257 1
80258 0
80259 3
80260 2
80261 1
80262 0
80263 3
80264 2
80265 1
80266 0
80267 3
80268 2
80269 1
80270 0
80271 3
80272 2
80273 1
80274 0
80275 3
80276 2
80277 1
80278 0
80279 3
80280 2
80281 1
80282 0
80283 3
80284 2
80285 1
80286 0
80287 3
80288 2
80289 1
80290 0
80291 3
80292 2
80293 1
80294 0
80295 3
80296 4
80297 2
80298 1
80299 0
80300 3
80301 2
80302 1
80303 0
80304 3
80305 2
80306 1
80307 0
80308 3
80309 2
80310 1
80311 0
80312 3
80313 2
80314 1
80315 0
80316 3
80317 2
80318 1
80319 0
80320 3
80321 2
80322 1
80323 0
80324 3
80325 2
80326 1
80327 0
80328 3
80329 2
80330 1
80331 0
80332 3
80333 2
80334 1
80335 0
80336 3
80337 2
80338 1
80339 0
80340 3
80341 2
80342 1
80343 0
80344 3
80345 2
80346 1
80347 4
80348 0
80349 2
80350 1
80351 3
80352 0
80353 2
80354 1
80355 3
80356 0
80357 2
80358 1
80359 4
80360 3
80361 2
80362 1
80363 0
80364 3
80365 2
80366 1
80367 0
80368 3
80369 2
80370 1
80371 4
80372 0
80373 2
80374 1
80375 3
80376 0
80377 2
80378 1
80379 3
80380 0
80381 2
80382 1
80383 4
80384 3
80385 2
80386 1
80387 0
80388 3
80389 2
80390 1
80391 0
80392 3
80393 4
80394 2
80395 1
80396 0
80397 3
80398 2
80399 1
80400 0
80401 3
80402 2
80403 1
80404 0
80405 3
80406 2
80407 1
80408 0
80409 3
80410 2
80411 1
80412 0
80413 3
80414 2
80415 1
80416 0
80417 3
80418 2
80419 1
80420 0
80421 3
80422 2
80423 1
80424 0
80425 3
80426 2
80427 1
80428 0
80429 3
80430 2
80431 1
80432 0
80433 3
80434 2
80435 1
80436 0
80437 3
80438 2
80439 1
80440 0
80441 3
80442 4
80443 2
80444 1
80445 0
80446 3
80447 2
80448 1
80449 0
80450 3
80451 2
80452 1
80453 0
80454 3
80455 2
80456 1
80457 0
80458 3
80459 2
80460 1
80461 0
80462 3
80463 2
80464 1
80465 0
80466 3
80467 2
80468 1
80469 0
80470 3
80471 2
80472 1
80473 0
80474 3
80475 2
80476 1
80477 0
80478 3
80479 2
80480 1
80481 0
80482 3
80483 2
80484 1
80485 0
80486 3
80487 2
80488 1
80489 0
80490 3
80491 4
80492 2
80493 1
80494 0
80495 3
80496 2
80497 1
80498 0
80499 3
80500 2
80501 1
80502 0
80503 3
80504 2
80505 1
80506 0
80507 3
80508 2
80509 1
80510 0
80511 3
80512 2
80513 1
80514 0
80515 3
80516 2
80517 1
80518 0
80519 3
80520 2
80521 1
80522 0
80523 3
80524 2
80525 1
80526 0
80527 3
80528 2
80529 1
80530 0
80531 3
80532 2
80533 1
80534 0
80535 3
80536 2
80537 1
80538 0
80539 3
80540 2
80541 1
80542 4
80543 0
80544 2
80545 1
80546 3
80547 0
80548 2
80549 1
80550 3
80551 0
80552 2
80553 1
80554 4
80555 3
80556 2
80557 1
80558 0
80559 3
80560 2
80561 1
80562 0
80563 3
80564 2
80565 1
80566 4
80567 0
80568 2
80569 1
80570 3
80571 0
80572 2
80573 1
80574 3
80575 0
80576 2
80577 1
80578 4
80579 3
80580 2
80581 1
80582 0
80583 3
80584 2
80585 1
80586 0
80587 3
80588 4
80589 2
80590 1
80591 0
80592 3
80593 2
80594 1
80595 0
80596 3
80597 2
80598 1
80599 0
80600 3
80601 2
80602 1
80603 0
80604 3
80605 2
80606 1
80607 0
80608 3
80609 2
80610 1
80611 0
80612 3
80613 2
80614 1
80615 0
80616 3
80617 2
80618 1
80619 0
80620 3
80621 2
80622 1
80623 0
80624 3
80625 2
80626 1
80627 0
80628 3
80629 2
80630 1
80631 0
80632 3
80633 2
80634 1
80635 0
80636 3
80637 4
80638 2
80639 1
80640 0
80641 3
80642 2
80643 1
80644 0
80645 3
80646 2
80647 1
80648 0
80649 3
80650 2
80651 1
80652 0
80653 3
80654 2
80655 1
80656 0
80657 3
80658 2
80659 1
80660 0
80661 3
80662 2
80663 1
80664 0
80665 3
80666 2
80667 1
80668 0
80669 3
80670 2
80671 1
80672 0
80673 3
80674 2
80675 1
80676 0
80677 3
80678 2
80679 1
80680 0
80681 3
80682 2
80683 1
80684 0
80685 3
80686 4
80687 2
80688 1
80689 0
80690 3
80691 2
80692 1
80693 0
80694 3
80695 2
80696 1
80697 0
80698 3
80699 2
80700 1
80701 0
80702 3
80703 2
80704 1
80705 0
80706 3
80707 2
80708 1
80709 0
80710 3
80711 2
80712 1
80713 0
80714 3
80715 2
80716 1
80717 0
80718 3
80719 2
80720 1
80721 0
80722 3
80723 2
80724 1
80725 0
80726 3
80727 2
80728 1
80729 0
80730 3
80731 2
80732 1
80733 0
80734 3
80735 2
80736 1
80737 4
80738 0
80739 2
80740 1
80741 3
80742 0
80743 2
80744 1
80745 3
80746 0
80747 2
80748 1
80749 4
80750 3
80751 2
80752 1
80753 0
80754 3
80755 2
80756 1
80757 0
80758 3
80759 4
80760 2
80761 1
80762 0
80763 3
80764 2
80765 1
80766 0
80767 3
80768 2
80769 1
80770 0
80771 3
80772 2
80773 1
80774 0
80775 3
80776 2
80777 1
80778 0
80779 3
80780 2
80781 1
80782 0
80783 3
80784 4
80785 2
80786 1
80787 0
80788 3
80789 2
80790 1
80791 0
80792 3
80793 2
80794 1
80795 0
80796 3
80797 2
80798 1
80799 0
80800 3
80801 2
80802 1
80803 0
80804 3
80805 2
80806 1
80807 0
80808 3
80809 2
80810 1
80811 0
80812 3
80813 2
80814 1
80815 0
80816 3
80817 2
80818 1
80819 0
80820 3
80821 2
80822 1
80823 0
80824 3
80825 2
80826 1
80827 0
80828 3
80829 2
80830 1
80831 0
80832 3
80833 2
80834 1
80835 4
80836 0
80837 2
80838 1
80839 3
80840 0
80841 2
80842 1
80843 3
80844 0
80845 2
80846 1
80847 4
80848 3
80849 2
80850 1
80851 0
80852 3
80853 2
80854 1
80855 0
80856 3
80857 4
80858 2
80859 1
80860 0
80861 3
80862 2
80863 1
80864 0
80865 3
80866 2
80867 1
80868 0
80869 3
80870 2
80871 1
80872 0
80873 3
80874 2
80875 1
80876 0
80877 3
80878 2
80879 1
80880 0
80881 3
80882 4
80883 2
80884 1
80885 0
80886 3
80887 2
80888 1
80889 0
80890 3
80891 2
80892 1
80893 0
80894 3
80895 2
80896 1
80897 0
80898 3
80899 2
80900 1
80901 0
80902 3
80903 2
80904 1
80905 0
80906 3
80907 2
80908 1
80909 0
80910 3
80911 2
80912 1
80913 0
80914 3
80915 2
80916 1
80917 0
80918 3
80919 2
80920 1
80921 0
80922 3
80923 2
80924 1
80925 0
80926 3
80927 2
80928 1
80929 0
80930 3
80931 2
80932 1
80933 4
80934 0
80935 2
80936 1
80937 3
80938 0
80939 2
80940 1
80941 3
80942 0
80943 2
80944 1
80945 4
80946 3
80947 2
80948 1
80949 0
80950 3
80951 2
80952 1
80953 0
80954 3
80955 2
80956 1
80957 4
80958 0
80959 2
80960 1
80961 3
80962 0
80963 2
80964 1
80965 3
80966 0
80967 2
80968 1
80969 4
80970 3
80971 2
80972 1
80973 0
80974 3
80975 2
80976 1
80977 0
80978 3
80979 4
80980 2
80981 1
80982 0
80983 3
80984 2
80985 1
80986 0
80987 3
80988 2
80989 1
80990 0
80991 3
80992 2
80993 1
80994 0
80995 3
80996 2
80997 1
80998 0
80999 3
81000 2
81001 1
81002 0
81003 3
81004 2
81005 1
81006 0
81007 3
81008 2
81009 1
81010 0
81011 3
81012 2
81013 1
81014 0
81015 3
81016 2
81017 1
81018 0
81019 3
81020 2
81021 1
81022 0
81023 3
81024 2
81025 1
81026 0
81027 3
81028 4
81029 2
81030 1
81031 0
81032 3
81033 2
81034 1
81035 0
81036 3
81037 2
81038 1
81039 0
81040 3
81041 2
81042 1
81043 0
81044 3
81045 2
81046 1
81047 0
81048 3
81049 2
81050 1
81051 0
81052 3
81053 2
81054 1
81055 0
81056 3
81057 2
81058 1
81059 0
81060 3
81061 2
81062 1
81063 0
81064 3
81065 2
81066 1
81067 0
81068 3
81069 2
81070 1
81071 0
81072 3
81073 2
81074 1
81075 0
81076 3
81077 4
81078 2
81079 1
81080 0
81081 3
81082 2
81083 1
81084 0
81085 3
81086 2
81087 1
81088 0
81089 3
81090 2
81091 1
81092 0
81093 3
81094 2
81095 1
81096 0
81097 3
81098 2
81099 1
81100 0
81101 3
81102 2
81103 1
81104 0
81105 3
81106 2
81107 1
81108 0
81109 3
81110 2
81111 1
81112 0
81113 3
81114 2
81115 1
81116 0
81117 3
81118 2
81119 1
81120 0
81121 3
81122 2
81123 1
81124 0
81125 3
81126 2
81127 1
81128 4
81129 0
81130 2
81131 1
81132 3
81133 0
81134 2
81135 1
81136 3
81137 0
81138 2
81139 1
81140 4
81141 3
81142 2
81143 1
81144 0
81145 3
81146 2
81147 1
81148 0
81149 3
81150 2
81151 1
81152 4
81153 0
81154 2
81155 1
81156 3
81157 0
81158 2
81159 1
81160 3
81161 0
81162 2
81163 1
81164 4
81165 3
81166 2
81167 1
81168 0
81169 3
81170 2
81171 1
81172 0
81173 3
81174 4
81175 2
81176 1
81177 0
81178 3
81179 2
81180 1
81181 0
81182 3
81183 2
81184 1
81185 0
81186 3
81187 2
81188 1
81189 0
81190 3
81191 2
81192 1
81193 0
81194 3
81195 2
81196 1
81197 0
81198 3
81199 2
81200 1
81201 0
81202 3
81203 2
81204 1
81205 0
81206 3
81207 2
81208 1
81209 0
81210 3
81211 2
81212 1
81213 0
81214 3
81215 2
81216 1
81217 0
81218 3
81219 2
81220 1
81221 0
81222 3
81223 2
81224 1
81225 4
81226 0
81227 2
81228 1
81229 3
81230 0
81231 2
81232 1
81233 3
81234 0
81235 2
81236 1
81237 4
81238 3
81239 2
81240 1
81241 0
81242 3
81243 2
81244 1
81245 0
81246 3
81247 4
81248 2
81249 1
81250 0
81251 3
81252 2
81253 1
81254 0
81255 3
81256 2
81257 1
81258 0
81259 3
81260 2
81261 1
81262 0
81263 3
81264 2
81265 1
81266 0
81267 3
81268 2
81269 1
81270 0
81271 3
81272 4
81273 2
81274 1
81275 0
81276 3
81277 2
81278 1
81279 0
81280 3
81281 2
81282 1
81283 0
81284 3
81285 2
81286 1
81287 0
81288 3
81289 2
81290 1
81291 0
81292 3
81293 2
81294 1
81295 0
81296 3
81297 2
81298 1
81299 0
81300 3
81301 2
81302 1
81303 0
81304 3
81305 2
81306 1
81307 0
81308 3
81309 2
81310 1
81311 0
81312 3
81313 2
81314 1
81315 0
81316 3
81317 2
81318 1
81319 0
81320 3
81321 2
81322 1
81323 4
81324 0
81325 2
81326 1
81327 3
81328 0
81329 2
81330 1
81331 3
81332 0
81333 2
81334 1
81335 4
81336 3
81337 2
81338 1
81339 0
81340 3
81341 2
81342 1
81343 0
81344 3
81345 2
81346 1
81347 4
81348 0
81349 2
81350 1
81351 3
81352 0
81353 2
81354 1
81355 3
81356 0
81357 2
81358 1
81359 4
81360 3
81361 2
81362 1
81363 0
81364 3
81365 2
81366 1
81367 0
81368 3
81369 4
81370 2
81371 1
81372 0
81373 3
81374 2
81375 1
81376 0
81377 3
81378 2
81379 1
81380 0
81381 3
81382 2
81383 1
81384 0
81385 3
81386 2
81387 1
81388 0
81389 3
81390 2
81391 1
81392 0
81393 3
81394 2
81395 1
81396 0
81397 3
81398 2
81399 1
81400 0
81401 3
81402 2
81403 1
81404 0
81405 3
81406 2
81407 1
81408 0
81409 3
81410 2
81411 1
81412 0
81413 3
81414 2
81415 1
81416 0
81417 3
81418 4
81419 2
81420 1
81421 0
81422 3
81423 2
81424 1
81425 0
81426 3
81427 2
81428 1
81429 0
81430 3
81431 2
81432 1
81433 0
81434 3
81435 2
81436 1
81437 0
81438 3
81439 2
81440 1
81441 0
81442 3
81443 2
81444 1
81445 0
81446 3
81447 2
81448 1
81449 0
81450 3
81451 2
81452 1
81453 0
81454 3
81455 2
81456 1
81457 0
81458 3
81459 2
81460 1
81461 0
81462 3
81463 2
81464 1
81465 0
81466 3
81467 4
81468 2
81469 1
81470 0
81471 3
81472 2
81473 1
81474 0
81475 3
81476 2
81477 1
81478 0
81479 3
81480 2
81481 1
81482 0
81483 3
81484 2
81485 1
81486 0
81487 3
81488 2
81489 1
81490 0
81491 3
81492 2
81493 1
81494 0
81495 3
81496 2
81497 1
81498 0
81499 3
81500 2
81501 1
81502 0
81503 3
81504 2
81505 1
81506 0
81507 3
81508 2
81509 1
81510 0
81511 3
81512 2
81513 1
81514 0
81515 3
81516 2
81517 1
81518 4
81519 0
81520 2
81521 1
81522 3
81523 0
81524 2
81525 1
81526 3
81527 0
81528 2
81529 1
81530 4
81531 3
81532 2
81533 1
81534 0
81535 3
81536 2
81537 1
81538 0
81539 3
81540 4
81541 2
81542 1
81543 0
81544 3
81545 2
81546 1
81547 0
81548 3
81549 2
81550 1
81551 0
81552 3
81553 2
81554 1
81555 0
81556 3
81557 2
81558 1
81559 0
81560 3
81561 2
81562 1
81563 0
81564 3
81565 4
81566 2
81567 1
81568 0
81569 3
81570 2
81571 1
81572 0
81573 3
81574 2
81575 1
81576 0
81577 3
81578 2
81579 1
81580 0
81581 3
81582 2
81583 1
81584 0
81585 3
81586 2
81587 1
81588 0
81589 3
81590 2
81591 1
81592 0
81593 3
81594 2
81595 1
81596 0
81597 3
81598 2
81599 1
81600 0
81601 3
81602 2
81603 1
81604 0
81605 3
81606 2
81607 1
81608 0
81609 3
81610 2
81611 1
81612 0
81613 3
81614 2
81615 1
81616 4
81617 0
81618 2
81619 1
81620 3
81621 0
81622 2
81623 1
81624 3
81625 0
81626 2
81627 1
81628 4
81629 3
81630 2
81631 1
81632 0
81633 3
81634 2
81635 1
81636 0
81637 3
81638 4
81639 2
81640 1
81641 0
81642 3
81643 2
81644 1
81645 0
81646 3
81647 2
81648 1
81649 0
81650 3
81651 2
81652 1
81653 0
81654 3
81655 2
81656 1
81657 0
81658 3
81659 2
81660 1
81661 0
81662 3
81663 4
81664 2
81665 1
81666 0
81667 3
81668 2
81669 1
81670 0
81671 3
81672 2
81673 1
81674 0
81675 3
81676 2
81677 1
81678 0
81679 3
81680 2
81681 1
81682 0
81683 3
81684 2
81685 1
81686 0
81687 3
81688 2
81689 1
81690 0
81691 3
81692 2
81693 1
81694 0
81695 3
81696 2
81697 1
81698 0
81699 3
81700 2
81701 1
81702 0
81703 3
81704 2
81705 1
81706 0
81707 3
81708 2
81709 1
81710 0
81711 3
81712 2
81713 1
81714 4
81715 0
81716 2
81717 1
81718 3
81719 0
81720 2
81721 1
81722 3
81723 0
81724 2
81725 1
81726 4
81727 3
81728 2
81729 1
81730 0
81731 3
81732 2
81733 1
81734 0
81735 3
81736 2
81737 1
81738 4
81739 0
81740 2
81741 1
81742 3
81743 0
81744 2
81745 1
81746 3
81747 0
81748 2
81749 1
81750 4
81751 3
81752 2
81753 1
81754 0
81755 3
81756 2
81757 1
81758 0
81759 3
81760 4
81761 2
81762 1
81763 0
81764 3
81765 2
81766 1
81767 0
81768 3
81769 2
81770 1
81771 0
81772 3
81773 2
81774 1
81775 0
81776 3
81777 2
81778 1
81779 0
81780 3
81781 2
81782 1
81783 0
81784 3
81785 2
81786 1
81787 0
81788 3
81789 2
81790 1
81791 0
81792 3
81793 2
81794 1
81795 0
81796 3
81797 2
81798 1
81799 0
81800 3
81801 2
81802 1
81803 0
81804 3
81805 2
81806 1
81807 0
81808 3
81809 4
81810 2
81811 1
81812 0
81813 3
81814 2
81815 1
81816 0
81817 3
81818 2
81819 1
81820 0
81821 3
81822 2
81823 1
81824 0
81825 3
81826 2
81827 1
81828 0
81829 3
81830 2
81831 1
81832 0
81833 3
81834 2
81835 1
81836 0
81837 3
81838 2
81839 1
81840 0
81841 3
81842 2
81843 1
81844 0
81845 3
81846 2
81847 1
81848 0
81849 3
81850 2
81851 1
81852 0
81853 3
81854 2
81855 1
81856 0
81857 3
81858 4
81859 2
81860 1
81861 0
81862 3
81863 2
81864 1
81865 0
81866 3
81867 2
81868 1
81869 0
81870 3
81871 2
81872 1
81873 0
81874 3
81875 2
81876 1
81877 0
81878 3
81879 2
81880 1
81881 0
81882 3
81883 2
81884 1
81885 0
81886 3
81887 2
81888 1
81889 0
81890 3
81891 2
81892 1
81893 0
81894 3
81895 2
81896 1
81897 0
81898 3
81899 2
81900 1
81901 0
81902 3
81903 2
81904 1
81905 0
81906 3
81907 2
81908 1
81909 4
81910 0
81911 2
81912 1
81913 3
81914 0
81915 2
81916 1
81917 3
81918 0
81919 2
81920 1
81921 4
81922 3
81923 2
81924 1
81925 0
81926 3
81927 2
81928 1
81929 0
81930 3
81931 2
81932 1
81933 4
81934 0
81935 2
81936 1
81937 3
81938 0
81939 2
81940 1
81941 3
81942 0
81943 2
81944 1
81945 4
81946 3
81947 2
81948 1
81949 0
81950 3
81951 2
81952 1
81953 0
81954 3
81955 4
81956 2
81957 1
81958 0
81959 3
81960 2
81961 1
81962 0
81963 3
81964 2
81965 1
81966 0
81967 3
81968 2
81969 1
81970 0
81971 3
81972 2
81973 1
81974 0
81975 3
81976 2
81977 1
81978 0
81979 3
81980 2
81981 1
81982 0
81983 3
81984 2
81985 1
81986 0
81987 3
81988 2
81989 1
81990 0
81991 3
81992 2
81993 1
81994 0
81995 3
81996 2
81997 1
81998 0
81999 3
82000 2
82001 1
82002 0
82003 3
82004 4
82005 2
82006 1
82007 0
82008 3
82009 2
82010 1
82011 0
82012 3
82013 2
82014 1
82015 0
82016 3
82017 2
82018 1
82019 0
82020 3
82021 2
82022 1
82023 0
82024 3
82025 2
82026 1
82027 0
82028 3
82029 2
82030 1
82031 0
82032 3
82033 2
82034 1
82035 0
82036 3
82037 2
82038 1
82039 0
82040 3
82041 2
82042 1
82043 0
82044 3
82045 2
82046 1
82047 0
82048 3
82049 2
82050 1
82051 0
82052 3
82053 4
82054 2
82055 1
82056 0
82057 3
82058 2
82059 1
82060 0
82061 3
82062 2
82063 1
82064 0
82065 3
82066 2
82067 1
82068 0
82069 3
82070 2
82071 1
82072 0
82073 3
82074 2
82075 1
82076 0
82077 3
82078 2
82079 1
82080 0
82081 3
82082 2
82083 1
82084 0
82085 3
82086 2
82087 1
82088 0
82089 3
82090 2
82091 1
82092 0
82093 3
82094 2
82095 1
82096 0
82097 3
82098 2
82099 1
82100 0
82101 3
82102 2
82103 1
82104 4
82105 0
82106 2
82107 1
82108 3
82109 0
82110 2
82111 1
82112 3
82113 0
82114 2
82115 1
82116 4
82117 3
82118 2
82119 1
82120 0
82121 3
82122 2
82123 1
82124 0
82125 3
82126 2
82127 1
82128 4
82129 0
82130 2
82131 1
82132 3
82133 0
82134 2
82135 1
82136 3
82137 0
82138 2
82139 1
82140 4
82141 3
82142 2
82143 1
82144 0
82145 3
82146 2
82147 1
82148 0
82149 3
82150 4
82151 2
82152 1
82153 0
82154 3
82155 2
82156 1
82157 0
82158 3
82159 2
82160 1
82161 0
82162 3
82163 2
82164 1
82165 0
82166 3
82167 2
82168 1
82169 0
82170 3
82171 2
82172 1
82173 0
82174 3
82175 2
82176 1
82177 0
82178 3
82179 2
82180 1
82181 0
82182 3
82183 2
82184 1
82185 0
82186 3
82187 2
82188 1
82189 0
82190 3
82191 2
82192 1
82193 0
82194 3
82195 2
82196 1
82197 0
82198 3
82199 4
82200 2
82201 1
82202 0
82203 3
82204 2
82205 1
82206 0
82207 3
82208 2
82209 1
82210 0
82211 3
82212 2
82213 1
82214 0
82215 3
82216 2
82217 1
82218 0
82219 3
82220 2
82221 1
82222 0
82223 3
82224 2
82225 1
82226 0
82227 3
82228 2
82229 1
82230 0
82231 3
82232 2
82233 1
82234 0
82235 3
82236 2
82237 1
82238 0
82239 3
82240 2
82241 1
82242 0
82243 3
82244 2
82245 1
82246 0
82247 3
82248 4
82249 2
82250 1
82251 0
82252 3
82253 2
82254 1
82255 0
82256 3
82257 2
82258 1
82259 0
82260 3
82261 2
82262 1
82263 0
82264 3
82265 2
82266 1
82267 0
82268 3
82269 2
82270 1
82271 0
82272 3
82273 2
82274 1
82275 0
82276 3
82277 2
82278 1
82279 0
82280 3
82281 2
82282 1
82283 0
82284 3
82285 2
82286 1
82287 0
82288 3
82289 2
82290 1
82291 0
82292 3
82293 2
82294 1
82295 0
82296 3
82297 2
82298 1
82299 4
82300 0
82301 2
82302 1
82303 3
82304 0
82305 2
82306 1
82307 3
82308 0
82309 2
82310 1
82311 4
82312 3
82313 2
82314 1
82315 0
82316 3
82317 2
82318 1
82319 0
82320 3
82321 4
82322 2
82323 1
82324 0
82325 3
82326 2
82327 1
82328 0
82329 3
82330 2
82331 1
82332 0
82333 3
82334 2
82335 1
82336 0
82337 3
82338 2
82339 1
82340 0
82341 3
82342 2
82343 1
82344 0
82345 3
82346 4
82347 2
82348 1
82349 0
82350 3
82351 2
82352 1
82353 0
82354 3
82355 2
82356 1
82357 0
82358 3
82359 2
82360 1
82361 0
82362 3
82363 2
82364 1
82365 0
82366 3
82367 2
82368 1
82369 0
82370 3
82371 2
82372 1
82373 0
82374 3
82375 2
82376 1
82377 0
82378 3
82379 2
82380 1
82381 0
82382 3
82383 2
82384 1
82385 0
82386 3
82387 2
82388 1
82389 0
82390 3
82391 2
82392 1
82393 0
82394 3
82395 2
82396 1
82397 4
82398 0
82399 2
82400 1
82401 3
82402 0
82403 2
82404 1
82405 3
82406 0
82407 2
82408 1
82409 4
82410 3
82411 2
82412 1
82413 0
82414 3
82415 2
82416 1
82417 0
82418 3
82419 4
82420 2
82421 1
82422 0
82423 3
82424 2
82425 1
82426 0
82427 3
82428 2
82429 1
82430 0
82431 3
82432 2
82433 1
82434 0
82435 3
82436 2
82437 1
82438 0
82439 3
82440 2
82441 1
82442 0
82443 3
82444 4
82445 2
82446 1
82447 0
82448 3
82449 2
82450 1
82451 0
82452 3
82453 2
82454 1
82455 0
82456 3
82457 2
82458 1
82459 0
82460 3
82461 2
82462 1
82463 0
82464 3
82465 2
82466 1
82467 0
82468 3
82469 2
82470 1
82471 0
82472 3
82473 2
82474 1
82475 0
82476 3
82477 2
82478 1
82479 0
82480 3
82481 2
82482 1
82483 0
82484 3
82485 2
82486 1
82487 0
82488 3
82489 2
82490 1
82491 0
82492 3
82493 2
82494 1
82495 4
82496 0
82497 2
82498 1
82499 3
82500 0
82501 2
82502 1
82503 3
82504 0
82505 2
82506 1
82507 4
82508 3
82509 2
82510 1
82511 0
82512 3
82513 2
82514 1
82515 0
82516 3
82517 2
82518 1
82519 4
82520 0
82521 2
82522 1
82523 3
82524 0
82525 2
82526 1
82527 3
82528 0
82529 2
82530 1
82531 4
82532 3
82533 2
82534 1
82535 0
82536 3
82537 2
82538 1
82539 0
82540 3
82541 4
82542 2
82543 1
82544 0
82545 3
82546 2
82547 1
82548 0
82549 3
82550 2
82551 1
82552 0
82553 3
82554 2
82555 1
82556 0
82557 3
82558 2
82559 1
82560 0
82561 3
82562 2
82563 1
82564 0
82565 3
82566 2
82567 1
82568 0
82569 3
82570 2
82571 1
82572 0
82573 3
82574 2
82575 1
82576 0
82577 3
82578 2
82579 1
82580 0
82581 3
82582 2
82583 1
82584 0
82585 3
82586 2
82587 1
82588 0
82589 3
82590 4
82591 2
82592 1
82593 0
82594 3
82595 2
82596 1
82597 0
82598 3
82599 2
82600 1
82601 0
82602 3
82603 2
82604 1
82605 0
82606 3
82607 2
82608 1
82609 0
82610 3
82611 2
82612 1
82613 0
82614 3
82615 2
82616 1
82617 0
82618 3
82619 2
82620 1
82621 0
82622 3
82623 2
82624 1
82625 0
82626 3
82627 2
82628 1
82629 0
82630 3
82631 2
82632 1
82633 0
82634 3
82635 2
82636 1
82637 0
82638 3
82639 4
82640 2
82641 1
82642 0
82643 3
82644 2
82645 1
82646 0
82647 3
82648 2
82649 1
82650 0
82651 3
82652 2
82653 1
82654 0
82655 3
82656 2
82657 1
82658 0
82659 3
82660 2
82661 1
82662 0
82663 3
82664 2
82665 1
82666 0
82667 3
82668 2
82669 1
82670 0
82671 3
82672 2
82673 1
82674 0
82675 3
82676 2
82677 1
82678 0
82679 3
82680 2
82681 1
82682 0
82683 3
82684 2
82685 1
82686 0
82687 3
82688 2
82689 1
82690 4
82691 0
82692 2
82693 1
82694 3
82695 0
82696 2
82697 1
82698 3
82699 0
82700 2
82701 1
82702 4
82703 3
82704 2
82705 1
82706 0
82707 3
82708 2
82709 1
82710 0
82711 3
82712 2
82713 1
82714 4
82715 0
82716 2
82717 1
82718 3
82719 0
82720 2
82721 1
82722 3
82723 0
82724 2
82725 1
82726 4
82727 3
82728 2
82729 1
82730 0
82731 3
82732 2
82733 1
82734 0
82735 3
82736 4
82737 2
82738 1
82739 0
82740 3
82741 2
82742 1
82743 0
82744 3
82745 2
82746 1
82747 0
82748 3
82749 2
82750 1
82751 0
82752 3
82753 2
82754 1
82755 0
82756 3
82757 2
82758 1
82759 0
82760 3
82761 2
82762 1
82763 0
82764 3
82765 2
82766 1
82767 0
82768 3
82769 2
82770 1
82771 0
82772 3
82773 2
82774 1
82775 0
82776 3
82777 2
82778 1
82779 0
82780 3
82781 2
82782 1
82783 0
82784 3
82785 2
82786 1
82787 4
82788 0
82789 2
82790 1
82791 3
82792 0
82793 2
82794 1
82795 3
82796 0
82797 2
82798 1
82799 4
82800 3
82801 2
82802 1
82803 0
82804 3
82805 2
82806 1
82807 0
82808 3
82809 4
82810 2
82811 1
82812 0
82813 3
82814 2
82815 1
82816 0
82817 3
82818 2
82819 1
82820 0
82821 3
82822 2
82823 1
82824 0
82825 3
82826 2
82827 1
82828 0
82829 3
82830 2
82831 1
82832 0
82833 3
82834 4
82835 2
82836 1
82837 0
82838 3
82839 2
82840 1
82841 0
82842 3
82843 2
82844 1
82845 0
82846 3
82847 2
82848 1
82849 0
82850 3
82851 2
82852 1
82853 0
82854 3
82855 2
82856 1
82857 0
82858 3
82859 2
82860 1
82861 0
82862 3
82863 2
82864 1
82865 0
82866 3
82867 2
82868 1
82869 0
82870 3
82871 2
82872 1
82873 0
82874 3
82875 2
82876 1
82877 0
82878 3
82879 2
82880 1
82881 0
82882 3
82883 2
82884 1
82885 4
82886 0
82887 2
82888 1
82889 3
82890 0
82891 2
82892 1
82893 3
82894 0
82895 2
82896 1
82897 4
82898 3
82899 2
82900 1
82901 0
82902 3
82903 2
82904 1
82905 0
82906 3
82907 2
82908 1
82909 4
82910 0
82911 2
82912 1
82913 3
82914 0
82915 2
82916 1
82917 3
82918 0
82919 2
82920 1
82921 4
82922 3
82923 2
82924 1
82925 0
82926 3
82927 2
82928 1
82929 0
82930 3
82931 4
82932 2
82933 1
82934 0
82935 3
82936 2
82937 1
82938 0
82939 3
82940 2
82941 1
82942 0
82943 3
82944 2
82945 1
82946 0
82947 3
82948 2
82949 1
82950 0
82951 3
82952 2
82953 1
82954 0
82955 3
82956 2
82957 1
82958 0
82959 3
82960 2
82961 1
82962 0
82963 3
82964 2
82965 1
82966 0
82967 3
82968 2
82969 1
82970 0
82971 3
82972 2
82973 1
82974 0
82975 3
82976 2
82977 1
82978 0
82979 3
82980 4
82981 2
82982 1
82983 0
82984 3
82985 2
82986 1
82987 0
82988 3
82989 2
82990 1
82991 0
82992 3
82993 2
82994 1
82995 0
82996 3
82997 2
82998 1
82999 0
83000 3
83001 2
83002 1
83003 0
83004 3
83005 2
83006 1
83007 0
83008 3
83009 2
83010 1
83011 0
83012 3
83013 2
83014 1
83015 0
83016 3
83017 2
83018 1
83019 0
83020 3
83021 2
83022 1
83023 0
83024 3
83025 2
83026 1
83027 0
83028 3
83029 4
83030 2
83031 1
83032 0
83033 3
83034 2
83035 1
83036 0
83037 3
83038 2
83039 1
83040 0
83041 3
83042 2
83043 1
83044 0
83045 3
83046 2
83047 1
83048 0
83049 3
83050 2
83051 1
83052 0
83053 3
83054 2
83055 1
83056 0
83057 3
83058 2
83059 1
83060 0
83061 3
83062 2
83063 1
83064 0
83065 3
83066 2
83067 1
83068 0
83069 3
83070 2
83071 1
83072 0
83073 3
83074 2
83075 1
83076 0
83077 3
83078 2
83079 1
83080 4
83081 0
83082 2
83083 1
83084 3
83085 0
83086 2
83087 1
83088 3
83089 0
83090 2
83091 1
83092 4
83093 3
83094 2
83095 1
83096 0
83097 3
83098 2
83099 1
83100 0
83101 3
83102 4
83103 2
83104 1
83105 0
83106 3
83107 2
83108 1
83109 0
83110 3
83111 2
83112 1
83113 0
83114 3
83115 2
83116 1
83117 0
83118 3
83119 2
83120 1
83121 0
83122 3
83123 2
83124 1
83125 0
83126 3
83127 4
83128 2
83129 1
83130 0
83131 3
83132 2
83133 1
83134 0
83135 3
83136 2
83137 1
83138 0
83139 3
83140 2
83141 1
83142 0
83143 3
83144 2
83145 1
83146 0
83147 3
83148 2
83149 1
83150 0
83151 3
83152 2
83153 1
83154 0
83155 3
83156 2
83157 1
83158 0
83159 3
83160 2
83161 1
83162 0
83163 3
83164 2
83165 1
83166 0
83167 3
83168 2
83169 1
83170 0
83171 3
83172 2
83173 1
83174 0
83175 3
83176 2
83177 1
83178 4
83179 0
83180 2
83181 1
83182 3
83183 0
83184 2
83185 1
83186 3
83187 0
83188 2
83189 1
83190 4
83191 3
83192 2
83193 1
83194 0
83195 3
83196 2
83197 1
83198 0
83199 3
83200 4
83201 2
83202 1
83203 0
83204 3
83205 2
83206 1
83207 0
83208 3
83209 2
83210 1
83211 0
83212 3
83213 2
83214 1
83215 0
83216 3
83217 2
83218 1
83219 0
83220 3
83221 2
83222 1
83223 0
83224 3
83225 4
83226 2
83227 1
83228 0
83229 3
83230 2
83231 1
83232 0
83233 3
83234 2
83235 1
83236 0
83237 3
83238 2
83239 1
83240 0
83241 3
83242 2
83243 1
83244 0
83245 3
83246 2
83247 1
83248 0
83249 3
83250 2
83251 1
83252 0
83253 3
83254 2
83255 1
83256 0
83257 3
83258 2
83259 1
83260 0
83261 3
83262 2
83263 1
83264 0
83265 3
83266 2
83267 1
83268 0
83269 3
83270 2
83271 1
83272 0
83273 3
83274 2
83275 1
83276 4
83277 0
83278 2
83279 1
83280 3
83281 0
83282 2
83283 1
83284 3
83285 0
83286 2
83287 1
83288 4
83289 3
83290 2
83291 1
83292 0
83293 3
83294 2
83295 1
83296 0
83297 3
83298 2
83299 1
83300 4
83301 0
83302 2
83303 1
83304 3
83305 0
83306 2
83307 1
83308 3
83309 0
83310 2
83311 1
83312 4
83313 3
83314 2
83315 1
83316 0
83317 3
83318 2
83319 1
83320 0
83321 3
83322 4
83323 2
83324 1
83325 0
83326 3
83327 2
83328 1
83329 0
83330 3
83331 2
83332 1
83333 0
83334 3
83335 2
83336 1
83337 0
83338 3
83339 2
83340 1
83341 0
83342 3
83343 2
83344 1
83345 0
83346 3
83347 2
83348 1
83349 0
83350 3
83351 2
83352 1
83353 0
83354 3
83355 2
83356 1
83357 0
83358 3
83359 2
83360 1
83361 0
83362 3
83363 2
83364 1
83365 0
83366 3
83367 2
83368 1
83369 0
83370 3
83371 4
83372 2
83373 1
83374 0
83375 3
83376 2
83377 1
83378 0
83379 3
83380 2
83381 1
83382 0
83383 3
83384 2
83385 1
83386 0
83387 3
83388 2
83389 1
83390 0
83391 3
83392 2
83393 1
83394 0
83395 3
83396 2
83397 1
83398 0
83399 3
83400 2
83401 1
83402 0
83403 3
83404 2
83405 1
83406 0
83407 3
83408 2
83409 1
83410 0
83411 3
83412 2
83413 1
83414 0
83415 3
83416 2
83417 1
83418 0
83419 3
83420 4
83421 2
83422 1
83423 0
83424 3
83425 2
83426 1
83427 0
83428 3
83429 2
83430 1
83431 0
83432 3
83433 2
83434 1
83435 0
83436 3
83437 2
83438 1
83439 0
83440 3
83441 2
83442 1
83443 0
83444 3
83445 2
83446 1
83447 0
83448 3
83449 2
83450 1
83451 0
83452 3
83453 2
83454 1
83455 0
83456 3
83457 2
83458 1
83459 0
83460 3
83461 2
83462 1
83463 0
83464 3
83465 2
83466 1
83467 0
83468 3
83469 2
83470 1
83471 4
83472 0
83473 2
83474 1
83475 3
83476 0
83477 2
83478 1
83479 3
83480 0
83481 2
83482 1
83483 4
83484 3
83485 2
83486 1
83487 0
83488 3
83489 2
83490 1
83491 0
83492 3
83493 2
83494 1
83495 4
83496 0
83497 2
83498 1
83499 3
83500 0
83501 2
83502 1
83503 3
83504 0
83505 2
83506 1
83507 4
83508 3
83509 2
83510 1
83511 0
83512 3
83513 2
83514 1
83515 0
83516 3
83517 4
83518 2
83519 1
83520 0
83521 3
83522 2
83523 1
83524 0
83525 3
83526 2
83527 1
83528 0
83529 3
83530 2
83531 1
83532 0
83533 3
83534 2
83535 1
83536 0
83537 3
83538 2
83539 1
83540 0
83541 3
83542 2
83543 1
83544 0
83545 3
83546 2
83547 1
83548 0
83549 3
83550 2
83551 1
83552 0
83553 3
83554 2
83555 1
83556 0
83557 3
83558 2
83559 1
83560 0
83561 3
83562 2
83563 1
83564 0
83565 3
83566 4
83567 2
83568 1
83569 0
83570 3
83571 2
83572 1
83573 0
83574 3
83575 2
83576 1
83577 0
83578 3
83579 2
83580 1
83581 0
83582 3
83583 2
83584 1
83585 0
83586 3
83587 2
83588 1
83589 0
83590 3
83591 2
83592 1
83593 0
83594 3
83595 2
83596 1
83597 0
83598 3
83599 2
83600 1
83601 0
83602 3
83603 2
83604 1
83605 0
83606 3
83607 2
83608 1
83609 0
83610 3
83611 2
83612 1
83613 0
83614 3
83615 4
83616 2
83617 1
83618 0
83619 3
83620 2
83621 1
83622 0
83623 3
83624 2
83625 1
83626 0
83627 3
83628 2
83629 1
83630 0
83631 3
83632 2
83633 1
83634 0
83635 3
83636 2
83637 1
83638 0
83639 3
83640 2
83641 1
83642 0
83643 3
83644 2
83645 1
83646 0
83647 3
83648 2
83649 1
83650 0
83651 3
83652 2
83653 1
83654 0
83655 3
83656 2
83657 1
83658 0
83659 3
83660 2
83661 1
83662 0
83663 3
83664 2
83665 1
83666 4
83667 0
83668 2
83669 1
83670 3
83671 0
83672 2
83673 1
83674 3
83675 0
83676 2
83677 1
83678 4
83679 3
83680 2
83681 1
83682 0
83683 3
83684 2
83685 1
83686 0
83687 3
83688 2
83689 1
83690 4
83691 0
83692 2
83693 1
83694 3
83695 0
83696 2
83697 1
83698 3
83699 0
83700 2
83701 1
83702 4
83703 3
83704 2
83705 1
83706 0
83707 3
83708 2
83709 1
83710 0
83711 3
83712 4
83713 2
83714 1
83715 0
83716 3
83717 2
83718 1
83719 0
83720 3
83721 2
83722 1
83723 0
83724 3
83725 2
83726 1
83727 0
83728 3
83729 2
83730 1
83731 0
83732 3
83733 2
83734 1
83735 0
83736 3
83737 2
83738 1
83739 0
83740 3
83741 2
83742 1
83743 0
83744 3
83745 2
83746 1
83747 0
83748 3
83749 2
83750 1
83751 0
83752 3
83753 2
83754 1
83755 0
83756 3
83757 2
83758 1
83759 0
83760 3
83761 4
83762 2
83763 1
83764 0
83765 3
83766 2
83767 1
83768 0
83769 3
83770 2
83771 1
83772 0
83773 3
83774 2
83775 1
83776 0
83777 3
83778 2
83779 1
83780 0
83781 3
83782 2
83783 1
83784 0
83785 3
83786 2
83787 1
83788 0
83789 3
83790 2
83791 1
83792 0
83793 3
83794 2
83795 1
83796 0
83797 3
83798 2
83799 1
83800 0
83801 3
83802 2
83803 1
83804 0
83805 3
83806 2
83807 1
83808 0
83809 3
83810 4
83811 2
83812 1
83813 0
83814 3
83815 2
83816 1
83817 0
83818 3
83819 2
83820 1
83821 0
83822 3
83823 2
83824 1
83825 0
83826 3
83827 2
83828 1
83829 0
83830 3
83831 2
83832 1
83833 0
83834 3
83835 2
83836 1
83837 0
83838 3
83839 2
83840 1
83841 0
83842 3
83843 2
83844 1
83845 0
83846 3
83847 2
83848 1
83849 0
83850 3
83851 2
83852 1
83853 0
83854 3
83855 2
83856 1
83857 0
83858 3
83859 2
83860 1
83861 4
83862 0
83863 2
83864 1
83865 3
83866 0
83867 2
83868 1
83869 3
83870 0
83871 2
83872 1
83873 4
83874 3
83875 2
83876 1
83877 0
83878 3
83879 2
83880 1
83881 0
83882 3
83883 4
83884 2
83885 1
83886 0
83887 3
83888 2
83889 1
83890 0
83891 3
83892 2
83893 1
83894 0
83895 3
83896 2
83897 1
83898 0
83899 3
83900 2
83901 1
83902 0
83903 3
83904 2
83905 1
83906 0
83907 3
83908 4
83909 2
83910 1
83911 0
83912 3
83913 2
83914 1
83915 0
83916 3
83917 2
83918 1
83919 0
83920 3
83921 2
83922 1
83923 0
83924 3
83925 2
83926 1
83927 0
83928 3
83929 2
83930 1
83931 0
83932 3
83933 2
83934 1
83935 0
83936 3
83937 2
83938 1
83939 0
83940 3
83941 2
83942 1
83943 0
83944 3
83945 2
83946 1
83947 0
83948 3
83949 2
83950 1
83951 0
83952 3
83953 2
83954 1
83955 0
83956 3
83957 2
83958 1
83959 4
83960 0
83961 2
83962 1
83963 3
83964 0
83965 2
83966 1
83967 3
83968 0
83969 2
83970 1
83971 4
83972 3
83973 2
83974 1
83975 0
83976 3
83977 2
83978 1
83979 0
83980 3
83981 4
83982 2
83983 1
83984 0
83985 3
83986 2
83987 1
83988 0
83989 3
83990 2
83991 1
83992 0
83993 3
83994 2
83995 1
83996 0
83997 3
83998 2
83999 1
84000 0
84001 3
84002 2
84003 1
84004 0
84005 3
84006 4
84007 2
84008 1
84009 0
84010 3
84011 2
84012 1
84013 0
84014 3
84015 2
84016 1
84017 0
84018 3
84019 2
84020 1
84021 0
84022 3
84023 2
84024 1
84025 0
84026 3
84027 2
84028 1
84029 0
84030 3
84031 2
84032 1
84033 0
84034 3
84035 2
84036 1
84037 0
84038 3
84039 2
84040 1
84041 0
84042 3
84043 2
84044 1
84045 0
84046 3
84047 2
84048 1
84049 0
84050 3
84051 2
84052 1
84053 0
84054 3
84055 2
84056 1
84057 4
84058 0
84059 2
84060 1
84061 3
84062 0
84063 2
84064 1
84065 3
84066 0
84067 2
84068 1
84069 4
84070 3
84071 2
84072 1
84073 0
84074 3
84075 2
84076 1
84077 0
84078 3
84079 2
84080 1
84081 4
84082 0
84083 2
84084 1
84085 3
84086 0
84087 2
84088 1
84089 3
84090 0
84091 2
84092 1
84093 4
84094 3
84095 2
84096 1
84097 0
84098 3
84099 2
84100 1
84101 0
84102 3
84103 4
84104 2
84105 1
84106 0
84107 3
84108 2
84109 1
84110 0
84111 3
84112 2
84113 1
84114 0
84115 3
84116 2
84117 1
84118 0
84119 3
84120 2
84121 1
84122 0
84123 3
84124 2
84125 1
84126 0
84127 3
84128 2
84129 1
84130 0
84131 3
84132 2
84133 1
84134 0
84135 3
84136 2
84137 1
84138 0
84139 3
84140 2
84141 1
84142 0
84143 3
84144 2
84145 1
84146 0
84147 3
84148 2
84149 1
84150 0
84151 3
84152 4
84153 2
84154 1
84155 0
84156 3
84157 2
84158 1
84159 0
84160 3
84161 2
84162 1
84163 0
84164 3
84165 2
84166 1
84167 0
84168 3
84169 2
84170 1
84171 0
84172 3
84173 2
84174 1
84175 0
84176 3
84177 2
84178 1
84179 0
84180 3
84181 2
84182 1
84183 0
84184 3
84185 2
84186 1
84187 0
84188 3
84189 2
84190 1
84191 0
84192 3
84193 2
84194 1
84195 0
84196 3
84197 2
84198 1
84199 0
84200 3
84201 4
84202 2
84203 1
84204 0
84205 3
84206 2
84207 1
84208 0
84209 3
84210 2
84211 1
84212 0
84213 3
84214 2
84215 1
84216 0
84217 3
84218 2
84219 1
84220 0
84221 3
84222 2
84223 1
84224 0
84225 3
84226 2
84227 1
84228 0
84229 3
84230 2
84231 1
84232 0
84233 3
84234 2
84235 1
84236 0
84237 3
84238 2
84239 1
84240 0
84241 3
84242 2
84243 1
84244 0
84245 3
84246 2
84247 1
84248 0
84249 3
84250 2
84251 1
84252 4
84253 0
84254 2
84255 1
84256 3
84257 0
84258 2
84259 1
84260 3
84261 0
84262 2
84263 1
84264 4
84265 3
84266 2
84267 1
84268 0
84269 3
84270 2
84271 1
84272 0
84273 3
84274 2
84275 1
84276 4
84277 0
84278 2
84279 1
84280 3
84281 0
84282 2
84283 1
84284 3
84285 0
84286 2
84287 1
84288 4
84289 3
84290 2
84291 1
84292 0
84293 3
84294 2
84295 1
84296 0
84297 3
84298 4
84299 2
84300 1
84301 0
84302 3
84303 2
84304 1
84305 0
84306 3
84307 2
84308 1
84309 0
84310 3
84311 2
84312 1
84313 0
84314 3
84315 2
84316 1
84317 0
84318 3
84319 2
84320 1
84321 0
84322 3
84323 2
84324 1
84325 0
84326 3
84327 2
84328 1
84329 0
84330 3
84331 2
84332 1
84333 0
84334 3
84335 2
84336 1
84337 0
84338 3
84339 2
84340 1
84341 0
84342 3
84343 2
84344 1
84345 0
84346 3
84347 4
84348 2
84349 1
84350 0
84351 3
84352 2
84353 1
84354 0
84355 3
84356 2
84357 1
84358 0
84359 3
84360 2
84361 1
84362 0
84363 3
84364 2
84365 1
84366 0
84367 3
84368 2
84369 1
84370 0
84371 3
84372 2
84373 1
84374 0
84375 3
84376 2
84377 1
84378 0
84379 3
84380 2
84381 1
84382 0
84383 3
84384 2
84385 1
84386 0
84387 3
84388 2
84389 1
84390 0
84391 3
84392 2
84393 1
84394 0
84395 3
84396 4
84397 2
84398 1
84399 0
84400 3
84401 2
84402 1
84403 0
84404 3
84405 2
84406 1
84407 0
84408 3
84409 2
84410 1
84411 0
84412 3
84413 2
84414 1
84415 0
84416 3
84417 2
84418 1
84419 0
84420 3
84421 2
84422 1
84423 0
84424 3
84425 2
84426 1
84427 0
84428 3
84429 2
84430 1
84431 0
84432 3
84433 2
84434 1
84435 0
84436 3
84437 2
84438 1
84439 0
84440 3
84441 2
84442 1
84443 0
84444 3
84445 2
84446 1
84447 4
84448 0
84449 2
84450 1
84451 3
84452 0
84453 2
84454 1
84455 3
84456 0
84457 2
84458 1
84459 4
84460 3
84461 2
84462 1
84463 0
84464 3
84465 2
84466 1
84467 0
84468 3
84469 2
84470 1
84471 4
84472 0
84473 2
84474 1
84475 3
84476 0
84477 2
84478 1
84479 3
84480 0
84481 2
84482 1
84483 4
84484 3
84485 2
84486 1
84487 0
84488 3
84489 2
84490 1
84491 0
84492 3
84493 4
84494 2
84495 1
84496 0
84497 3
84498 2
84499 1
84500 0
84501 3
84502 2
84503 1
84504 0
84505 3
84506 2
84507 1
84508 0
84509 3
84510 2
84511 1
84512 0
84513 3
84514 2
84515 1
84516 0
84517 3
84518 2
84519 1
84520 0
84521 3
84522 2
84523 1
84524 0
84525 3
84526 2
84527 1
84528 0
84529 3
84530 2
84531 1
84532 0
84533 3
84534 2
84535 1
84536 0
84537 3
84538 2
84539 1
84540 0
84541 3
84542 4
84543 2
84544 1
84545 0
84546 3
84547 2
84548 1
84549 0
84550 3
84551 2
84552 1
84553 0
84554 3
84555 2
84556 1
84557 0
84558 3
84559 2
84560 1
84561 0
84562 3
84563 2
84564 1
84565 0
84566 3
84567 2
84568 1
84569 0
84570 3
84571 2
84572 1
84573 0
84574 3
84575 2
84576 1
84577 0
84578 3
84579 2
84580 1
84581 0
84582 3
84583 2
84584 1
84585 0
84586 3
84587 2
84588 1
84589 0
84590 3
84591 4
84592 2
84593 1
84594 0
84595 3
84596 2
84597 1
84598 0
84599 3
84600 2
84601 1
84602 0
84603 3
84604 2
84605 1
84606 0
84607 3
84608 2
84609 1
84610 0
84611 3
84612 2
84613 1
84614 0
84615 3
84616 2
84617 1
84618 0
84619 3
84620 2
84621 1
84622 0
84623 3
84624 2
84625 1
84626 0
84627 3
84628 2
84629 1
84630 0
84631 3
84632 2
84633 1
84634 0
84635 3
84636 2
84637 1
84638 0
84639 3
84640 2
84641 1
84642 4
84643 0
84644 2
84645 1
84646 3
84647 0
84648 2
84649 1
84650 3
84651 0
84652 2
84653 1
84654 4
84655 3
84656 2
84657 1
84658 0
84659 3
84660 2
84661 1
84662 0
84663 3
84664 4
84665 2
84666 1
84667 0
84668 3
84669 2
84670 1
84671 0
84672 3
84673 2
84674 1
84675 0
84676 3
84677 2
84678 1
84679 0
84680 3
84681 2
84682 1
84683 0
84684 3
84685 2
84686 1
84687 0
84688 3
84689 4
84690 2
84691 1
84692 0
84693 3
84694 2
84695 1
84696 0
84697 3
84698 2
84699 1
84700 0
84701 3
84702 2
84703 1
84704 0
84705 3
84706 2
84707 1
84708 0
84709 3
84710 2
84711 1
84712 0
84713 3
84714 2
84715 1
84716 0
84717 3
84718 2
84719 1
84720 0
84721 3
84722 2
84723 1
84724 0
84725 3
84726 2
84727 1
84728 0
84729 3
84730 2
84731 1
84732 0
84733 3
84734 2
84735 1
84736 0
84737 3
84738 2
84739 1
84740 4
84741 0
84742 2
84743 1
84744 3
84745 0
84746 2
84747 1
84748 3
84749 0
84750 2
84751 1
84752 4
84753 3
84754 2
84755 1
84756 0
84757 3
84758 2
84759 1
84760 0
84761 3
84762 4
84763 2
84764 1
84765 0
84766 3
84767 2
84768 1
84769 0
84770 3
84771 2
84772 1
84773 0
84774 3
84775 2
84776 1
84777 0
84778 3
84779 2
84780 1
84781 0
84782 3
84783 2
84784 1
84785 0
84786 3
84787 4
84788 2
84789 1
84790 0
84791 3
84792 2
84793 1
84794 0
84795 3
84796 2
84797 1
84798 0
84799 3
84800 2
84801 1
84802 0
84803 3
84804 2
84805 1
84806 0
84807 3
84808 2
84809 1
84810 0
84811 3
84812 2
84813 1
84814 0
84815 3
84816 2
84817 1
84818 0
84819 3
84820 2
84821 1
84822 0
84823 3
84824 2
84825 1
84826 0
84827 3
84828 2
84829 1
84830 0
84831 3
84832 2
84833 1
84834 0
84835 3
84836 2
84837 1
84838 4
84839 0
84840 2
84841 1
84842 3
84843 0
84844 2
84845 1
84846 3
84847 0
84848 2
84849 1
84850 4
84851 3
84852 2
84853 1
84854 0
84855 3
84856 2
84857 1
84858 0
84859 3
84860 2
84861 1
84862 4
84863 0
84864 2
84865 1
84866 3
84867 0
84868 2
84869 1
84870 3
84871 0
84872 2
84873 1
84874 4
84875 3
84876 2
84877 1
84878 0
84879 3
84880 2
84881 1
84882 0
84883 3
84884 4
84885 2
84886 1
84887 0
84888 3
84889 2
84890 1
84891 0
84892 3
84893 2
84894 1
84895 0
84896 3
84897 2
84898 1
84899 0
84900 3
84901 2
84902 1
84903 0
84904 3
84905 2
84906 1
84907 0
84908 3
84909 2
84910 1
84911 0
84912 3
84913 2
84914 1
84915 0
84916 3
84917 2
84918 1
84919 0
84920 3
84921 2
84922 1
84923 0
84924 3
84925 2
84926 1
84927 0
84928 3
84929 2
84930 1
84931 0
84932 3
84933 4
84934 2
84935 1
84936 0
84937 3
84938 2
84939 1
84940 0
84941 3
84942 2
84943 1
84944 0
84945 3
84946 2
84947 1
84948 0
84949 3
84950 2
84951 1
84952 0
84953 3
84954 2
84955 1
84956 0
84957 3
84958 2
84959 1
84960 0
84961 3
84962 2
84963 1
84964 0
84965 3
84966 2
84967 1
84968 0
84969 3
84970 2
84971 1
84972 0
84973 3
84974 2
84975 1
84976 0
84977 3
84978 2
84979 1
84980 0
84981 3
84982 4
84983 2
84984 1
84985 0
84986 3
84987 2
84988 1
84989 0
84990 3
84991 2
84992 1
84993 0
84994 3
84995 2
84996 1
84997 0
84998 3
84999 2
85000 1
85001 0
85002 3
85003 2
85004 1
85005 0
85006 3
85007 2
85008 1
85009 0
85010 3
85011 2
85012 1
85013 0
85014 3
85015 2
85016 1
85017 0
85018 3
85019 2
85020 1
85021 0
85022 3
85023 2
85024 1
85025 0
85026 3
85027 2
85028 1
85029 0
85030 3
85031 2
85032 1
85033 4
85034 0
85035 2
85036 1
85037 3
85038 0
85039 2
85040 1
85041 3
85042 0
85043 2
85044 1
85045 4
85046 3
85047 2
85048 1
85049 0
85050 3
85051 2
85052 1
85053 0
85054 3
85055 2
85056 1
85057 4
85058 0
85059 2
85060 1
85061 3
85062 0
85063 2
85064 1
85065 3
85066 0
85067 2
85068 1
85069 4
85070 3
85071 2
85072 1
85073 0
85074 3
85075 2
85076 1
85077 0
85078 3
85079 4
85080 2
85081 1
85082 0
85083 3
85084 2
85085 1
85086 0
85087 3
85088 2
85089 1
85090 0
85091 3
85092 2
85093 1
85094 0
85095 3
85096 2
85097 1
85098 0
85099 3
85100 2
85101 1
85102 0
85103 3
85104 2
85105 1
85106 0
85107 3
85108 2
85109 1
85110 0
85111 3
85112 2
85113 1
85114 0
85115 3
85116 2
85117 1
85118 0
85119 3
85120 2
85121 1
85122 0
85123 3
85124 2
85125 1
85126 0
85127 3
85128 4
85129 2
85130 1
85131 0
85132 3
85133 2
85134 1
85135 0
85136 3
85137 2
85138 1
85139 0
85140 3
85141 2
85142 1
85143 0
85144 3
85145 2
85146 1
85147 0
85148 3
85149 2
85150 1
85151 0
85152 3
85153 2
85154 1
85155 0
85156 3
85157 2
85158 1
85159 0
85160 3
85161 2
85162 1
85163 0
85164 3
85165 2
85166 1
85167 0
85168 3
85169 2
85170 1
85171 0
85172 3
85173 2
85174 1
85175 0
85176 3
85177 4
85178 2
85179 1
85180 0
85181 3
85182 2
85183 1
85184 0
85185 3
85186 2
85187 1
85188 0
85189 3
85190 2
85191 1
85192 0
85193 3
85194 2
85195 1
85196 0
85197 3
85198 2
85199 1
85200 0
85201 3
85202 2
85203 1
85204 0
85205 3
85206 2
85207 1
85208 0
85209 3
85210 2
85211 1
85212 0
85213 3
85214 2
85215 1
85216 0
85217 3
85218 2
85219 1
85220 0
85221 3
85222 2
85223 1
85224 0
85225 3
85226 2
85227 1
85228 4
85229 0
85230 2
85231 1
85232 3
85233 0
85234 2
85235 1
85236 3
85237 0
85238 2
85239 1
85240 4
85241 3
85242 2
85243 1
85244 0
85245 3
85246 2
85247 1
85248 0
85249 3
85250 2
85251 1
85252 4
85253 0
85254 2
85255 1
85256 3
85257 0
85258 2
85259 1
85260 3
85261 0
85262 2
85263 1
85264 4
85265 3
85266 2
85267 1
85268 0
85269 3
85270 2
85271 1
85272 0
85273 3
85274 4
85275 2
85276 1
85277 0
85278 3
85279 2
85280 1
85281 0
85282 3
85283 2
85284 1
85285 0
85286 3
85287 2
85288 1
85289 0
85290 3
85291 2
85292 1
85293 0
85294 3
85295 2
85296 1
85297 0
85298 3
85299 2
85300 1
85301 0
85302 3
85303 2
85304 1
85305 0
85306 3
85307 2
85308 1
85309 0
85310 3
85311 2
85312 1
85313 0
85314 3
85315 2
85316 1
85317 0
85318 3
85319 2
85320 1
85321 0
85322 3
85323 4
85324 2
85325 1
85326 0
85327 3
85328 2
85329 1
85330 0
85331 3
85332 2
85333 1
85334 0
85335 3
85336 2
85337 1
85338 0
85339 3
85340 2
85341 1
85342 0
85343 3
85344 2
85345 1
85346 0
85347 3
85348 2
85349 1
85350 0
85351 3
85352 2
85353 1
85354 0
85355 3
85356 2
85357 1
85358 0
85359 3
85360 2
85361 1
85362 0
85363 3
85364 2
85365 1
85366 0
85367 3
85368 2
85369 1
85370 0
85371 3
85372 4
85373 2
85374 1
85375 0
85376 3
85377 2
85378 1
85379 0
85380 3
85381 2
85382 1
85383 0
85384 3
85385 2
85386 1
85387 0
85388 3
85389 2
85390 1
85391 0
85392 3
85393 2
85394 1
85395 0
85396 3
85397 2
85398 1
85399 0
85400 3
85401 2
85402 1
85403 0
85404 3
85405 2
85406 1
85407 0
85408 3
85409 2
85410 1
85411 0
85412 3
85413 2
85414 1
85415 0
85416 3
85417 2
85418 1
85419 0
85420 3
85421 2
85422 1
85423 4
85424 0
85425 2
85426 1
85427 3
85428 0
85429 2
85430 1
85431 3
85432 0
85433 2
85434 1
85435 4
85436 3
85437 2
85438 1
85439 0
85440 3
85441 2
85442 1
85443 0
85444 3
85445 4
85446 2
85447 1
85448 0
85449 3
85450 2
85451 1
85452 0
85453 3
85454 2
85455 1
85456 0
85457 3
85458 2
85459 1
85460 0
85461 3
85462 2
85463 1
85464 0
85465 3
85466 2
85467 1
85468 0
85469 3
85470 4
85471 2
85472 1
85473 0
85474 3
85475 2
85476 1
85477 0
85478 3
85479 2
85480 1
85481 0
85482 3
85483 2
85484 1
85485 0
85486 3
85487 2
85488 1
85489 0
85490 3
85491 2
85492 1
85493 0
85494 3
85495 2
85496 1
85497 0
85498 3
85499 2
85500 1
85501 0
85502 3
85503 2
85504 1
85505 0
85506 3
85507 2
85508 1
85509 0
85510 3
85511 2
85512 1
85513 0
85514 3
85515 2
85516 1
85517 0
85518 3
85519 2
85520 1
85521 4
85522 0
85523 2
85524 1
85525 3
85526 0
85527 2
85528 1
85529 3
85530 0
85531 2
85532 1
85533 4
85534 3
85535 2
85536 1
85537 0
85538 3
85539 2
85540 1
85541 0
85542 3
85543 4
85544 2
85545 1
85546 0
85547 3
85548 2
85549 1
85550 0
85551 3
85552 2
85553 1
85554 0
85555 3
85556 2
85557 1
85558 0
85559 3
85560 2
85561 1
85562 0
85563 3
85564 2
85565 1
85566 0
85567 3
85568 4
85569 2
85570 1
85571 0
85572 3
85573 2
85574 1
85575 0
85576 3
85577 2
85578 1
85579 0
85580 3
85581 2
85582 1
85583 0
85584 3
85585 2
85586 1
85587 0
85588 3
85589 2
85590 1
85591 0
85592 3
85593 2
85594 1
85595 0
85596 3
85597 2
85598 1
85599 0
85600 3
85601 2
85602 1
85603 0
85604 3
85605 2
85606 1
85607 0
85608 3
85609 2
85610 1
85611 0
85612 3
85613 2
85614 1
85615 0
85616 3
85617 2
85618 1
85619 4
85620 0
85621 2
85622 1
85623 3
85624 0
85625 2
85626 1
85627 3
85628 0
85629 2
85630 1
85631 4
85632 3
85633 2
85634 1
85635 0
85636 3
85637 2
85638 1
85639 0
85640 3
85641 2
85642 1
85643 4
85644 0
85645 2
85646 1
85647 3
85648 0
85649 2
85650 1
85651 3
85652 0
85653 2
85654 1
85655 4
85656 3
85657 2
85658 1
85659 0
85660 3
85661 2
85662 1
85663 0
85664 3
85665 4
85666 2
85667 1
85668 0
85669 3
85670 2
85671 1
85672 0
85673 3
85674 2
85675 1
85676 0
85677 3
85678 2
85679 1
85680 0
85681 3
85682 2
85683 1
85684 0
85685 3
85686 2
85687 1
85688 0
85689 3
85690 2
85691 1
85692 0
85693 3
85694 2
85695 1
85696 0
85697 3
85698 2
85699 1
85700 0
85701 3
85702 2
85703 1
85704 0
85705 3
85706 2
85707 1
85708 0
85709 3
85710 2
85711 1
85712 0
85713 3
85714 4
85715 2
85716 1
85717 0
85718 3
85719 2
85720 1
85721 0
85722 3
85723 2
85724 1
85725 0
85726 3
85727 2
85728 1
85729 0
85730 3
85731 2
85732 1
85733 0
85734 3
85735 2
85736 1
85737 0
85738 3
85739 2
85740 1
85741 0
85742 3
85743 2
85744 1
85745 0
85746 3
85747 2
85748 1
85749 0
85750 3
85751 2
85752 1
85753 0
85754 3
85755 2
85756 1
85757 0
85758 3
85759 2
85760 1
85761 0
85762 3
85763 4
85764 2
85765 1
85766 0
85767 3
85768 2
85769 1
85770 0
85771 3
85772 2
85773 1
85774 0
85775 3
85776 2
85777 1
85778 0
85779 3
85780 2
85781 1
85782 0
85783 3
85784 2
85785 1
85786 0
85787 3
85788 2
85789 1
85790 0
85791 3
85792 2
85793 1
85794 0
85795 3
85796 2
85797 1
85798 0
85799 3
85800 2
85801 1
85802 0
85803 3
85804 2
85805 1
85806 0
85807 3
85808 2
85809 1
85810 0
85811 3
85812 2
85813 1
85814 4
85815 0
85816 2
85817 1
85818 3
85819 0
85820 2
85821 1
85822 3
85823 0
85824 2
85825 1
85826 4
85827 3
85828 2
85829 1
85830 0
85831 3
85832 2
85833 1
85834 0
85835 3
85836 4
85837 2
85838 1
85839 0
85840 3
85841 2
85842 1
85843 0
85844 3
85845 2
85846 1
85847 0
85848 3
85849 2
85850 1
85851 0
85852 3
85853 2
85854 1
85855 0
85856 3
85857 2
85858 1
85859 0
85860 3
85861 4
85862 2
85863 1
85864 0
85865 3
85866 2
85867 1
85868 0
85869 3
85870 2
85871 1
85872 0
85873 3
85874 2
85875 1
85876 0
85877 3
85878 2
85879 1
85880 0
85881 3
85882 2
85883 1
85884 0
85885 3
85886 2
85887 1
85888 0
85889 3
85890 2
85891 1
85892 0
85893 3
85894 2
85895 1
85896 0
85897 3
85898 2
85899 1
85900 0
85901 3
85902 2
85903 1
85904 0
85905 3
85906 2
85907 1
85908 0
85909 3
85910 2
85911 1
85912 4
85913 0
85914 2
85915 1
85916 3
85917 0
85918 2
85919 1
85920 3
85921 0
85922 2
85923 1
85924 4
85925 3
85926 2
85927 1
85928 0
85929 3
85930 2
85931 1
85932 0
85933 3
85934 4
85935 2
85936 1
85937 0
85938 3
85939 2
85940 1
85941 0
85942 3
85943 2
85944 1
85945 0
85946 3
85947 2
85948 1
85949 0
85950 3
85951 2
85952 1
85953 0
85954 3
85955 2
85956 1
85957 0
85958 3
85959 4
85960 2
85961 1
85962 0
85963 3
85964 2
85965 1
85966 0
85967 3
85968 2
85969 1
85970 0
85971 3
85972 2
85973 1
85974 0
85975 3
85976 2
85977 1
85978 0
85979 3
85980 2
85981 1
85982 0
85983 3
85984 2
85985 1
85986 0
85987 3
85988 2
85989 1
85990 0
85991 3
85992 2
85993 1
85994 0
85995 3
85996 2
85997 1
85998 0
85999 3
86000 2
86001 1
86002 0
86003 3
86004 2
86005 1
86006 0
86007 3
86008 2
86009 1
86010 4
86011 0
86012 2
86013 1
86014 3
86015 0
86016 2
86017 1
86018 3
86019 0
86020 2
86021 1
86022 4
86023 3
86024 2
86025 1
86026 0
86027 3
86028 2
86029 1
86030 0
86031 3
86032 2
86033 1
86034 4
86035 0
86036 2
86037 1
86038 3
86039 0
86040 2
86041 1
86042 3
86043 0
86044 2
86045 1
86046 4
86047 3
86048 2
86049 1
86050 0
86051 3
86052 2
86053 1
86054 0
86055 3
86056 4
86057 2
86058 1
86059 0
86060 3
86061 2
86062 1
86063 0
86064 3
86065 2
86066 1
86067 0
86068 3
86069 2
86070 1
86071 0
86072 3
86073 2
86074 1
86075 0
86076 3
86077 2
86078 1
86079 0
86080 3
86081 2
86082 1
86083 0
86084 3
86085 2
86086 1
86087 0
86088 3
86089 2
86090 1
86091 0
86092 3
86093 2
86094 1
86095 0
86096 3
86097 2
86098 1
86099 0
86100 3
86101 2
86102 1
86103 0
86104 3
86105 4
86106 2
86107 1
86108 0
86109 3
86110 2
86111 1
86112 0
86113 3
86114 2
86115 1
86116 0
86117 3
86118 2
86119 1
86120 0
86121 3
86122 2
86123 1
86124 0
86125 3
86126 2
86127 1
86128 0
86129 3
86130 2
86131 1
86132 0
86133 3
86134 2
86135 1
86136 0
86137 3
86138 2
86139 1
86140 0
86141 3
86142 2
86143 1
86144 0
86145 3
86146 2
86147 1
86148 0
86149 3
86150 2
86151 1
86152 0
86153 3
86154 4
86155 2
86156 1
86157 0
86158 3
86159 2
86160 1
86161 0
86162 3
86163 2
86164 1
86165 0
86166 3
86167 2
86168 1
86169 0
86170 3
86171 2
86172 1
86173 0
86174 3
86175 2
86176 1
86177 0
86178 3
86179 2
86180 1
86181 0
86182 3
86183 2
86184 1
86185 0
86186 3
86187 2
86188 1
86189 0
86190 3
86191 2
86192 1
86193 0
86194 3
86195 2
86196 1
86197 0
86198 3
86199 2
86200 1
86201 0
86202 3
86203 2
86204 1
86205 4
86206 0
86207 2
86208 1
86209 3
86210 0
86211 2
86212 1
86213 3
86214 0
86215 2
86216 1
86217 4
86218 3
86219 2
86220 1
86221 0
86222 3
86223 2
86224 1
86225 0
86226 3
86227 4
86228 2
86229 1
86230 0
86231 3
86232 2
86233 1
86234 0
86235 3
86236 2
86237 1
86238 0
86239 3
86240 2
86241 1
86242 0
86243 3
86244 2
86245 1
86246 0
86247 3
86248 2
86249 1
86250 0
86251 3
86252 4
86253 2
86254 1
86255 0
86256 3
86257 2
86258 1
86259 0
86260 3
86261 2
86262 1
86263 0
86264 3
86265 2
86266 1
86267 0
86268 3
86269 2
86270 1
86271 0
86272 3
86273 2
86274 1
86275 0
86276 3
86277 2
86278 1
86279 0
86280 3
86281 2
86282 1
86283 0
86284 3
86285 2
86286 1
86287 0
86288 3
86289 2
86290 1
86291 0
86292 3
86293 2
86294 1
86295 0
86296 3
86297 2
86298 1
86299 0
86300 3
86301 2
86302 1
86303 4
86304 0
86305 2
86306 1
86307 3
86308 0
86309 2
86310 1
86311 3
86312 0
86313 2
86314 1
86315 4
86316 3
86317 2
86318 1
86319 0
86320 3
86321 2
86322 1
86323 0
86324 3
86325 4
86326 2
86327 1
86328 0
86329 3
86330 2
86331 1
86332 0
86333 3
86334 2
86335 1
86336 0
86337 3
86338 2
86339 1
86340 0
86341 3
86342 2
86343 1
86344 0
86345 3
86346 2
86347 1
86348 0
86349 3
86350 4
86351 2
86352 1
86353 0
86354 3
86355 2
86356 1
86357 0
86358 3
86359 2
86360 1
86361 0
86362 3
86363 2
86364 1
86365 0
86366 3
86367 2
86368 1
86369 0
86370 3
86371 2
86372 1
86373 0
86374 3
86375 2
86376 1
86377 0
86378 3
86379 2
86380 1
86381 0
86382 3
86383 2
86384 1
86385 0
86386 3
86387 2
86388 1
86389 0
86390 3
86391 2
86392 1
86393 0
86394 3
86395 2
86396 1
86397 0
86398 3
86399 2
86400 1
86401 4
86402 0
86403 2
86404 1
86405 3
86406 0
86407 2
86408 1
86409 3
86410 0
86411 2
86412 1
86413 4
86414 3
86415 2
86416 1
86417 0
86418 3
86419 2
86420 1
86421 0
86422 3
86423 2
86424 1
86425 4
86426 0
86427 2
86428 1
86429 3
86430 0
86431 2
86432 1
86433 3
86434 0
86435 2
86436 1
86437 4
86438 3
86439 2
86440 1
86441 0
86442 3
86443 2
86444 1
86445 0
86446 3
86447 4
86448 2
86449 1
86450 0
86451 3
86452 2
86453 1
86454 0
86455 3
86456 2
86457 1
86458 0
86459 3
86460 2
86461 1
86462 0
86463 3
86464 2
86465 1
86466 0
86467 3
86468 2
86469 1
86470 0
86471 3
86472 2
86473 1
86474 0
86475 3
86476 2
86477 1
86478 0
86479 3
86480 2
86481 1
86482 0
86483 3
86484 2
86485 1
86486 0
86487 3
86488 2
86489 1
86490 0
86491 3
86492 2
86493 1
86494 0
86495 3
86496 4
86497 2
86498 1
86499 0
86500 3
86501 2
86502 1
86503 0
86504 3
86505 2
86506 1
86507 0
86508 3
86509 2
86510 1
86511 0
86512 3
86513 2
86514 1
86515 0
86516 3
86517 2
86518 1
86519 0
86520 3
86521 2
86522 1
86523 0
86524 3
86525 2
86526 1
86527 0
86528 3
86529 2
86530 1
86531 0
86532 3
86533 2
86534 1
86535 0
86536 3
86537 2
86538 1
86539 0
86540 3
86541 2
86542 1
86543 0
86544 3
86545 4
86546 2
86547 1
86548 0
86549 3
86550 2
86551 1
86552 0
86553 3
86554 2
86555 1
86556 0
86557 3
86558 2
86559 1
86560 0
86561 3
86562 2
86563 1
86564 0
86565 3
86566 2
86567 1
86568 0
86569 3
86570 2
86571 1
86572 0
86573 3
86574 2
86575 1
86576 0
86577 3
86578 2
86579 1
86580 0
86581 3
86582 2
86583 1
86584 0
86585 3
86586 2
86587 1
86588 0
86589 3
86590 2
86591 1
86592 0
86593 3
86594 2
86595 1
86596 4
86597 0
86598 2
86599 1
86600 3
86601 0
86602 2
86603 1
86604 3
86605 0
86606 2
86607 1
86608 4
86609 3
86610 2
86611 1
86612 0
86613 3
86614 2
86615 1
86616 0
86617 3
86618 2
86619 1
86620 4
86621 0
86622 2
86623 1
86624 3
86625 0
86626 2
86627 1
86628 3
86629 0
86630 2
86631 1
86632 4
86633 3
86634 2
86635 1
86636 0
86637 3
86638 2
86639 1
86640 0
86641 3
86642 4
86643 2
86644 1
86645 0
86646 3
86647 2
86648 1
86649 0
86650 3
86651 2
86652 1
86653 0
86654 3
86655 2
86656 1
86657 0
86658 3
86659 2
86660 1
86661 0
86662 3
86663 2
86664 1
86665 0
86666 3
86667 2
86668 1
86669 0
86670 3
86671 2
86672 1
86673 0
86674 3
86675 2
86676 1
86677 0
86678 3
86679 2
86680 1
86681 0
86682 3
86683 2
86684 1
86685 0
86686 3
86687 2
86688 1
86689 0
86690 3
86691 4
86692 2
86693 1
86694 0
86695 3
86696 2
86697 1
86698 0
86699 3
86700 2
86701 1
86702 0
86703 3
86704 2
86705 1
86706 0
86707 3
86708 2
86709 1
86710 0
86711 3
86712 2
86713 1
86714 0
86715 3
86716 2
86717 1
86718 0
86719 3
86720 2
86721 1
86722 0
86723 3
86724 2
86725 1
86726 0
86727 3
86728 2
86729 1
86730 0
86731 3
86732 2
86733 1
86734 0
86735 3
86736 2
86737 1
86738 0
86739 3
86740 4
86741 2
86742 1
86743 0
86744 3
86745 2
86746 1
86747 0
86748 3
86749 2
86750 1
86751 0
86752 3
86753 2
86754 1
86755 0
86756 3
86757 2
86758 1
86759 0
86760 3
86761 2
86762 1
86763 0
86764 3
86765 2
86766 1
86767 0
86768 3
86769 2
86770 1
86771 0
86772 3
86773 2
86774 1
86775 0
86776 3
86777 2
86778 1
86779 0
86780 3
86781 2
86782 1
86783 0
86784 3
86785 2
86786 1
86787 0
86788 3
86789 2
86790 1
86791 4
86792 0
86793 2
86794 1
86795 3
86796 0
86797 2
86798 1
86799 3
86800 0
86801 2
86802 1
86803 4
86804 3
86805 2
86806 1
86807 0
86808 3
86809 2
86810 1
86811 0
86812 3
86813 2
86814 1
86815 4
86816 0
86817 2
86818 1
86819 3
86820 0
86821 2
86822 1
86823 3
86824 0
86825 2
86826 1
86827 4
86828 3
86829 2
86830 1
86831 0
86832 3
86833 2
86834 1
86835 0
86836 3
86837 4
86838 2
86839 1
86840 0
86841 3
86842 2
86843 1
86844 0
86845 3
86846 2
86847 1
86848 0
86849 3
86850 2
86851 1
86852 0
86853 3
86854 2
86855 1
86856 0
86857 3
86858 2
86859 1
86860 0
86861 3
86862 2
86863 1
86864 0
86865 3
86866 2
86867 1
86868 0
86869 3
86870 2
86871 1
86872 0
86873 3
86874 2
86875 1
86876 0
86877 3
86878 2
86879 1
86880 0
86881 3
86882 2
86883 1
86884 0
86885 3
86886 4
86887 2
86888 1
86889 0
86890 3
86891 2
86892 1
86893 0
86894 3
86895 2
86896 1
86897 0
86898 3
86899 2
86900 1
86901 0
86902 3
86903 2
86904 1
86905 0
86906 3
86907 2
86908 1
86909 0
86910 3
86911 2
86912 1
86913 0
86914 3
86915 2
86916 1
86917 0
86918 3
86919 2
86920 1
86921 0
86922 3
86923 2
86924 1
86925 0
86926 3
86927 2
86928 1
86929 0
86930 3
86931 2
86932 1
86933 0
86934 3
86935 4
86936 2
86937 1
86938 0
86939 3
86940 2
86941 1
86942 0
86943 3
86944 2
86945 1
86946 0
86947 3
86948 2
86949 1
86950 0
86951 3
86952 2
86953 1
86954 0
86955 3
86956 2
86957 1
86958 0
86959 3
86960 2
86961 1
86962 0
86963 3
86964 2
86965 1
86966 0
86967 3
86968 2
86969 1
86970 0
86971 3
86972 2
86973 1
86974 0
86975 3
86976 2
86977 1
86978 0
86979 3
86980 2
86981 1
86982 0
86983 3
86984 2
86985 1
86986 4
86987 0
86988 2
86989 1
86990 3
86991 0
86992 2
86993 1
86994 3
86995 0
86996 2
86997 1
86998 4
86999 3
87000 2
87001 1
87002 0
87003 3
87004 2
87005 1
87006 0
87007 3
87008 4
87009 2
87010 1
87011 0
87012 3
87013 2
87014 1
87015 0
87016 3
87017 2
87018 1
87019 0
87020 3
87021 2
87022 1
87023 0
87024 3
87025 2
87026 1
87027 0
87028 3
87029 2
87030 1
87031 0
87032 3
87033 4
87034 2
87035 1
87036 0
87037 3
87038 2
87039 1
87040 0
87041 3
87042 2
87043 1
87044 0
87045 3
87046 2
87047 1
87048 0
87049 3
87050 2
87051 1
87052 0
87053 3
87054 2
87055 1
87056 0
87057 3
87058 2
87059 1
87060 0
87061 3
87062 2
87063 1
87064 0
87065 3
87066 2
87067 1
87068 0
87069 3
87070 2
87071 1
87072 0
87073 3
87074 2
87075 1
87076 0
87077 3
87078 2
87079 1
87080 0
87081 3
87082 2
87083 1
87084 4
87085 0
87086 2
87087 1
87088 3
87089 0
87090 2
87091 1
87092 3
87093 0
87094 2
87095 1
87096 4
87097 3
87098 2
87099 1
87100 0
87101 3
87102 2
87103 1
87104 0
87105 3
87106 4
87107 2
87108 1
87109 0
87110 3
87111 2
87112 1
87113 0
87114 3
87115 2
87116 1
87117 0
87118 3
87119 2
87120 1
87121 0
87122 3
87123 2
87124 1
87125 0
87126 3
87127 2
87128 1
87129 0
87130 3
87131 4
87132 2
87133 1
87134 0
87135 3
87136 2
87137 1
87138 0
87139 3
87140 2
87141 1
87142 0
87143 3
87144 2
87145 1
87146 0
87147 3
87148 2
87149 1
87150 0
87151 3
87152 2
87153 1
87154 0
87155 3
87156 2
87157 1
87158 0
87159 3
87160 2
87161 1
87162 0
87163 3
87164 2
87165 1
87166 0
87167 3
87168 2
87169 1
87170 0
87171 3
87172 2
87173 1
87174 0
87175 3
87176 2
87177 1
87178 0
87179 3
87180 2
87181 1
87182 4
87183 0
87184 2
87185 1
87186 3
87187 0
87188 2
87189 1
87190 3
87191 0
87192 2
87193 1
87194 4
87195 3
87196 2
87197 1
87198 0
87199 3
87200 2
87201 1
87202 0
87203 3
87204 2
87205 1
87206 4
87207 0
87208 2
87209 1
87210 3
87211 0
87212 2
87213 1
87214 3
87215 0
87216 2
87217 1
87218 4
87219 3
87220 2
87221 1
87222 0
87223 3
87224 2
87225 1
87226 0
87227 3
87228 4
87229 2
87230 1
87231 0
87232 3
87233 2
87234 1
87235 0
87236 3
87237 2
87238 1
87239 0
87240 3
87241 2
87242 1
87243 0
87244 3
87245 2
87246 1
87247 0
87248 3
87249 2
87250 1
87251 0
87252 3
87253 2
87254 1
87255 0
87256 3
87257 2
87258 1
87259 0
87260 3
87261 2
87262 1
87263 0
87264 3
87265 2
87266 1
87267 0
87268 3
87269 2
87270 1
87271 0
87272 3
87273 2
87274 1
87275 0
87276 3
87277 4
87278 2
87279 1
87280 0
87281 3
87282 2
87283 1
87284 0
87285 3
87286 2
87287 1
87288 0
87289 3
87290 2
87291 1
87292 0
87293 3
87294 2
87295 1
87296 0
87297 3
87298 2
87299 1
87300 0
87301 3
87302 2
87303 1
87304 0
87305 3
87306 2
87307 1
87308 0
87309 3
87310 2
87311 1
87312 0
87313 3
87314 2
87315 1
87316 0
87317 3
87318 2
87319 1
87320 0
87321 3
87322 2
87323 1
87324 0
87325 3
87326 4
87327 2
87328 1
87329 0
87330 3
87331 2
87332 1
87333 0
87334 3
87335 2
87336 1
87337 0
87338 3
87339 2
87340 1
87341 0
87342 3
87343 2
87344 1
87345 0
87346 3
87347 2
87348 1
87349 0
87350 3
87351 2
87352 1
87353 0
87354 3
87355 2
87356 1
87357 0
87358 3
87359 2
87360 1
87361 0
87362 3
87363 2
87364 1
87365 0
87366 3
87367 2
87368 1
87369 0
87370 3
87371 2
87372 1
87373 0
87374 3
87375 2
87376 1
87377 4
87378 0
87379 2
87380 1
87381 3
87382 0
87383 2
87384 1
87385 3
87386 0
87387 2
87388 1
87389 4
87390 3
87391 2
87392 1
87393 0
87394 3
87395 2
87396 1
87397 0
87398 3
87399 2
87400 1
87401 4
87402 0
87403 2
87404 1
87405 3
87406 0
87407 2
87408 1
87409 3
87410 0
87411 2
87412 1
87413 4
87414 3
87415 2
87416 1
87417 0
87418 3
87419 2
87420 1
87421 0
87422 3
87423 4
87424 2
87425 1
87426 0
87427 3
87428 2
87429 1
87430 0
87431 3
87432 2
87433 1
87434 0
87435 3
87436 2
87437 1
87438 0
87439 3
87440 2
87441 1
87442 0
87443 3
87444 2
87445 1
87446 0
87447 3
87448 2
87449 1
87450 0
87451 3
87452 2
87453 1
87454 0
87455 3
87456 2
87457 1
87458 0
87459 3
87460 2
87461 1
87462 0
87463 3
87464 2
87465 1
87466 0
87467 3
87468 2
87469 1
87470 0
87471 3
87472 4
87473 2
87474 1
87475 0
87476 3
87477 2
87478 1
87479 0
87480 3
87481 2
87482 1
87483 0
87484 3
87485 2
87486 1
87487 0
87488 3
87489 2
87490 1
87491 0
87492 3
87493 2
87494 1
87495 0
87496 3
87497 2
87498 1
87499 0
87500 3
87501 2
87502 1
87503 0
87504 3
87505 2
87506 1
87507 0
87508 3
87509 2
87510 1
87511 0
87512 3
87513 2
87514 1
87515 0
87516 3
87517 2
87518 1
87519 0
87520 3
87521 4
87522 2
87523 1
87524 0
87525 3
87526 2
87527 1
87528 0
87529 3
87530 2
87531 1
87532 0
87533 3
87534 2
87535 1
87536 0
87537 3
87538 2
87539 1
87540 0
87541 3
87542 2
87543 1
87544 0
87545 3
87546 2
87547 1
87548 0
87549 3
87550 2
87551 1
87552 0
87553 3
87554 2
87555 1
87556 0
87557 3
87558 2
87559 1
87560 0
87561 3
87562 2
87563 1
87564 0
87565 3
87566 2
87567 1
87568 0
87569 3
87570 2
87571 1
87572 4
87573 0
87574 2
87575 1
87576 3
87577 0
87578 2
87579 1
87580 3
87581 0
87582 2
87583 1
87584 4
87585 3
87586 2
87587 1
87588 0
87589 3
87590 2
87591 1
87592 0
87593 3
87594 2
87595 1
87596 4
87597 0
87598 2
87599 1
87600 3
87601 0
87602 2
87603 1
87604 3
87605 0
87606 2
87607 1
87608 4
87609 3
87610 2
87611 1
87612 0
87613 3
87614 2
87615 1
87616 0
87617 3
87618 4
87619 2
87620 1
87621 0
87622 3
87623 2
87624 1
87625 0
87626 3
87627 2
87628 1
87629 0
87630 3
87631 2
87632 1
87633 0
87634 3
87635 2
87636 1
87637 0
87638 3
87639 2
87640 1
87641 0
87642 3
87643 2
87644 1
87645 0
87646 3
87647 2
87648 1
87649 0
87650 3
87651 2
87652 1
87653 0
87654 3
87655 2
87656 1
87657 0
87658 3
87659 2
87660 1
87661 0
87662 3
87663 2
87664 1
87665 0
87666 3
87667 4
87668 2
87669 1
87670 0
87671 3
87672 2
87673 1
87674 0
87675 3
87676 2
87677 1
87678 0
87679 3
87680 2
87681 1
87682 0
87683 3
87684 2
87685 1
87686 0
87687 3
87688 2
87689 1
87690 0
87691 3
87692 2
87693 1
87694 0
87695 3
87696 2
87697 1
87698 0
87699 3
87700 2
87701 1
87702 0
87703 3
87704 2
87705 1
87706 0
87707 3
87708 2
87709 1
87710 0
87711 3
87712 2
87713 1
87714 0
87715 3
87716 4
87717 2
87718 1
87719 0
87720 3
87721 2
87722 1
87723 0
87724 3
87725 2
87726 1
87727 0
87728 3
87729 2
87730 1
87731 0
87732 3
87733 2
87734 1
87735 0
87736 3
87737 2
87738 1
87739 0
87740 3
87741 2
87742 1
87743 0
87744 3
87745 2
87746 1
87747 0
87748 3
87749 2
87750 1
87751 0
87752 3
87753 2
87754 1
87755 0
87756 3
87757 2
87758 1
87759 0
87760 3
87761 2
87762 1
87763 0
87764 3
87765 2
87766 1
87767 4
87768 0
87769 2
87770 1
87771 3
87772 0
87773 2
87774 1
87775 3
87776 0
87777 2
87778 1
87779 4
87780 3
87781 2
87782 1
87783 0
87784 3
87785 2
87786 1
87787 0
87788 3
87789 4
87790 2
87791 1
87792 0
87793 3
87794 2
87795 1
87796 0
87797 3
87798 2
87799 1
87800 0
87801 3
87802 2
87803 1
87804 0
87805 3
87806 2
87807 1
87808 0
87809 3
87810 2
87811 1
87812 0
87813 3
87814 4
87815 2
87816 1
87817 0
87818 3
87819 2
87820 1
87821 0
87822 3
87823 2
87824 1
87825 0
87826 3
87827 2
87828 1
87829 0
87830 3
87831 2
87832 1
87833 0
87834 3
87835 2
87836 1
87837 0
87838 3
87839 2
87840 1
87841 0
87842 3
87843 2
87844 1
87845 0
87846 3
87847 2
87848 1
87849 0
87850 3
87851 2
87852 1
87853 0
87854 3
87855 2
87856 1
87857 0
87858 3
87859 2
87860 1
87861 0
87862 3
87863 2
87864 1
87865 4
87866 0
87867 2
87868 1
87869 3
87870 0
87871 2
87872 1
87873 3
87874 0
87875 2
87876 1
87877 4
87878 3
87879 2
87880 1
87881 0
87882 3
87883 2
87884 1
87885 0
87886 3
87887 4
87888 2
87889 1
87890 0
87891 3
87892 2
87893 1
87894 0
87895 3
87896 2
87897 1
87898 0
87899 3
87900 2
87901 1
87902 0
87903 3
87904 2
87905 1
87906 0
87907 3
87908 2
87909 1
87910 0
87911 3
87912 4
87913 2
87914 1
87915 0
87916 3
87917 2
87918 1
87919 0
87920 3
87921 2
87922 1
87923 0
87924 3
87925 2
87926 1
87927 0
87928 3
87929 2
87930 1
87931 0
87932 3
87933 2
87934 1
87935 0
87936 3
87937 2
87938 1
87939 0
87940 3
87941 2
87942 1
87943 0
87944 3
87945 2
87946 1
87947 0
87948 3
87949 2
87950 1
87951 0
87952 3
87953 2
87954 1
87955 0
87956 3
87957 2
87958 1
87959 0
87960 3
87961 2
87962 1
87963 4
87964 0
87965 2
87966 1
87967 3
87968 0
87969 2
87970 1
87971 3
87972 0
87973 2
87974 1
87975 4
87976 3
87977 2
87978 1
87979 0
87980 3
87981 2
87982 1
87983 0
87984 3
87985 2
87986 1
87987 4
87988 0
87989 2
87990 1
87991 3
87992 0
87993 2
87994 1
87995 3
87996 0
87997 2
87998 1
87999 4
88000 3
88001 2
88002 1
88003 0
88004 3
88005 2
88006 1
88007 0
88008 3
88009 4
88010 2
88011 1
88012 0
88013 3
88014 2
88015 1
88016 0
88017 3
88018 2
88019 1
88020 0
88021 3
88022 2
88023 1
88024 0
88025 3
88026 2
88027 1
88028 0
88029 3
88030 2
88031 1
88032 0
88033 3
88034 2
88035 1
88036 0
88037 3
88038 2
88039 1
88040 0
88041 3
88042 2
88043 1
88044 0
88045 3
88046 2
88047 1
88048 0
88049 3
88050 2
88051 1
88052 0
88053 3
88054 2
88055 1
88056 0
88057 3
88058 4
88059 2
88060 1
88061 0
88062 3
88063 2
88064 1
88065 0
88066 3
88067 2
88068 1
88069 0
88070 3
88071 2
88072 1
88073 0
88074 3
88075 2
88076 1
88077 0
88078 3
88079 2
88080 1
88081 0
88082 3
88083 2
88084 1
88085 0
88086 3
88087 2
88088 1
88089 0
88090 3
88091 2
88092 1
88093 0
88094 3
88095 2
88096 1
88097 0
88098 3
88099 2
88100 1
88101 0
88102 3
88103 2
88104 1
88105 0
88106 3
88107 4
88108 2
88109 1
88110 0
88111 3
88112 2
88113 1
88114 0
88115 3
88116 2
88117 1
88118 0
88119 3
88120 2
88121 1
88122 0
88123 3
88124 2
88125 1
88126 0
88127 3
88128 2
88129 1
88130 0
88131 3
88132 2
88133 1
88134 0
88135 3
88136 2
88137 1
88138 0
88139 3
88140 2
88141 1
88142 0
88143 3
88144 2
88145 1
88146 0
88147 3
88148 2
88149 1
88150 0
88151 3
88152 2
88153 1
88154 0
88155 3
88156 2
88157 1
88158 4
88159 0
88160 2
88161 1
88162 3
88163 0
88164 2
88165 1
88166 3
88167 0
88168 2
88169 1
88170 4
88171 3
88172 2
88173 1
88174 0
88175 3
88176 2
88177 1
88178 0
88179 3
88180 2
88181 1
88182 4
88183 0
88184 2
88185 1
88186 3
88187 0
88188 2
88189 1
88190 3
88191 0
88192 2
88193 1
88194 4
88195 3
88196 2
88197 1
88198 0
88199 3
88200 2
88201 1
88202 0
88203 3
88204 4
88205 2
88206 1
88207 0
88208 3
88209 2
88210 1
88211 0
88212 3
88213 2
88214 1
88215 0
88216 3
88217 2
88218 1
88219 0
88220 3
88221 2
88222 1
88223 0
88224 3
88225 2
88226 1
88227 0
88228 3
88229 2
88230 1
88231 0
88232 3
88233 2
88234 1
88235 0
88236 3
88237 2
88238 1
88239 0
88240 3
88241 2
88242 1
88243 0
88244 3
88245 2
88246 1
88247 0
88248 3
88249 2
88250 1
88251 0
88252 3
88253 4
88254 2
88255 1
88256 0
88257 3
88258 2
88259 1
88260 0
88261 3
88262 2
88263 1
88264 0
88265 3
88266 2
88267 1
88268 0
88269 3
88270 2
88271 1
88272 0
88273 3
88274 2
88275 1
88276 0
88277 3
88278 2
88279 1
88280 0
88281 3
88282 2
88283 1
88284 0
88285 3
88286 2
88287 1
88288 0
88289 3
88290 2
88291 1
88292 0
88293 3
88294 2
88295 1
88296 0
88297 3
88298 2
88299 1
88300 0
88301 3
88302 4
88303 2
88304 1
88305 0
88306 3
88307 2
88308 1
88309 0
88310 3
88311 2
88312 1
88313 0
88314 3
88315 2
88316 1
88317 0
88318 3
88319 2
88320 1
88321 0
88322 3
88323 2
88324 1
88325 0
88326 3
88327 2
88328 1
88329 0
88330 3
88331 2
88332 1
88333 0
88334 3
88335 2
88336 1
88337 0
88338 3
88339 2
88340 1
88341 0
88342 3
88343 2
88344 1
88345 0
88346 3
88347 2
88348 1
88349 0
88350 3
88351 2
88352 1
88353 4
88354 0
88355 2
88356 1
88357 3
88358 0
88359 2
88360 1
88361 3
88362 0
88363 2
88364 1
88365 4
88366 3
88367 2
88368 1
88369 0
88370 3
88371 2
88372 1
88373 0
88374 3
88375 2
88376 1
88377 4
88378 0
88379 2
88380 1
88381 3
88382 0
88383 2
88384 1
88385 3
88386 0
88387 2
88388 1
88389 4
88390 3
88391 2
88392 1
88393 0
88394 3
88395 2
88396 1
88397 0
88398 3
88399 4
88400 2
88401 1
88402 0
88403 3
88404 2
88405 1
88406 0
88407 3
88408 2
88409 1
88410 0
88411 3
88412 2
88413 1
88414 0
88415 3
88416 2
88417 1
88418 0
88419 3
88420 2
88421 1
88422 0
88423 3
88424 2
88425 1
88426 0
88427 3
88428 2
88429 1
88430 0
88431 3
88432 2
88433 1
88434 0
88435 3
88436 2
88437 1
88438 0
88439 3
88440 2
88441 1
88442 0
88443 3
88444 2
88445 1
88446 0
88447 3
88448 4
88449 2
88450 1
88451 0
88452 3
88453 2
88454 1
88455 0
88456 3
88457 2
88458 1
88459 0
88460 3
88461 2
88462 1
88463 0
88464 3
88465 2
88466 1
88467 0
88468 3
88469 2
88470 1
88471 0
88472 3
88473 2
88474 1
88475 0
88476 3
88477 2
88478 1
88479 0
88480 3
88481 2
88482 1
88483 0
88484 3
88485 2
88486 1
88487 0
88488 3
88489 2
88490 1
88491 0
88492 3
88493 2
88494 1
88495 0
88496 3
88497 4
88498 2
88499 1
88500 0
88501 3
88502 2
88503 1
88504 0
88505 3
88506 2
88507 1
88508 0
88509 3
88510 2
88511 1
88512 0
88513 3
88514 2
88515 1
88516 0
88517 3
88518 2
88519 1
88520 0
88521 3
88522 2
88523 1
88524 0
88525 3
88526 2
88527 1
88528 0
88529 3
88530 2
88531 1
88532 0
88533 3
88534 2
88535 1
88536 0
88537 3
88538 2
88539 1
88540 0
88541 3
88542 2
88543 1
88544 0
88545 3
88546 2
88547 1
88548 4
88549 0
88550 2
88551 1
88552 3
88553 0
88554 2
88555 1
88556 3
88557 0
88558 2
88559 1
88560 4
88561 3
88562 2
88563 1
88564 0
88565 3
88566 2
88567 1
88568 0
88569 3
88570 4
88571 2
88572 1
88573 0
88574 3
88575 2
88576 1
88577 0
88578 3
88579 2
88580 1
88581 0
88582 3
88583 2
88584 1
88585 0
88586 3
88587 2
88588 1
88589 0
88590 3
88591 2
88592 1
88593 0
88594 3
88595 4
88596 2
88597 1
88598 0
88599 3
88600 2
88601 1
88602 0
88603 3
88604 2
88605 1
88606 0
88607 3
88608 2
88609 1
88610 0
88611 3
88612 2
88613 1
88614 0
88615 3
88616 2
88617 1
88618 0
88619 3
88620 2
88621 1
88622 0
88623 3
88624 2
88625 1
88626 0
88627 3
88628 2
88629 1
88630 0
88631 3
88632 2
88633 1
88634 0
88635 3
88636 2
88637 1
88638 0
88639 3
88640 2
88641 1
88642 0
88643 3
88644 2
88645 1
88646 4
88647 0
88648 2
88649 1
88650 3
88651 0
88652 2
88653 1
88654 3
88655 0
88656 2
88657 1
88658 4
88659 3
88660 2
88661 1
88662 0
88663 3
88664 2
88665 1
88666 0
88667 3
88668 4
88669 2
88670 1
88671 0
88672 3
88673 2
88674 1
88675 0
88676 3
88677 2
88678 1
88679 0
88680 3
88681 2
88682 1
88683 0
88684 3
88685 2
88686 1
88687 0
88688 3
88689 2
88690 1
88691 0
88692 3
88693 4
88694 2
88695 1
88696 0
88697 3
88698 2
88699 1
88700 0
88701 3
88702 2
88703 1
88704 0
88705 3
88706 2
88707 1
88708 0
88709 3
88710 2
88711 1
88712 0
88713 3
88714 2
88715 1
88716 0
88717 3
88718 2
88719 1
88720 0
88721 3
88722 2
88723 1
88724 0
88725 3
88726 2
88727 1
88728 0
88729 3
88730 2
88731 1
88732 0
88733 3
88734 2
88735 1
88736 0
88737 3
88738 2
88739 1
88740 0
88741 3
88742 2
88743 1
88744 4
88745 0
88746 2
88747 1
88748 3
88749 0
88750 2
88751 1
88752 3
88753 0
88754 2
88755 1
88756 4
88757 3
88758 2
88759 1
88760 0
88761 3
88762 2
88763 1
88764 0
88765 3
88766 2
88767 1
88768 4
88769 0
88770 2
88771 1
88772 3
88773 0
88774 2
88775 1
88776 3
88777 0
88778 2
88779 1
88780 4
88781 3
88782 2
88783 1
88784 0
88785 3
88786 2
88787 1
88788 0
88789 3
88790 4
88791 2
88792 1
88793 0
88794 3
88795 2
88796 1
88797 0
88798 3
88799 2
88800 1
88801 0
88802 3
88803 2
88804 1
88805 0
88806 3
88807 2
88808 1
88809 0
88810 3
88811 2
88812 1
88813 0
88814 3
88815 2
88816 1
88817 0
88818 3
88819 2
88820 1
88821 0
88822 3
88823 2
88824 1
88825 0
88826 3
88827 2
88828 1
88829 0
88830 3
88831 2
88832 1
88833 0
88834 3
88835 2
88836 1
88837 0
88838 3
88839 4
88840 2
88841 1
88842 0
88843 3
88844 2
88845 1
88846 0
88847 3
88848 2
88849 1
88850 0
88851 3
88852 2
88853 1
88854 0
88855 3
88856 2
88857 1
88858 0
88859 3
88860 2
88861 1
88862 0
88863 3
88864 2
88865 1
88866 0
88867 3
88868 2
88869 1
88870 0
88871 3
88872 2
88873 1
88874 0
88875 3
88876 2
88877 1
88878 0
88879 3
88880 2
88881 1
88882 0
88883 3
88884 2
88885 1
88886 0
88887 3
88888 4
88889 2
88890 1
88891 0
88892 3
88893 2
88894 1
88895 0
88896 3
88897 2
88898 1
88899 0
88900 3
88901 2
88902 1
88903 0
88904 3
88905 2
88906 1
88907 0
88908 3
88909 2
88910 1
88911 0
88912 3
88913 2
88914 1
88915 0
88916 3
88917 2
88918 1
88919 0
88920 3
88921 2
88922 1
88923 0
88924 3
88925 2
88926 1
88927 0
88928 3
88929 2
88930 1
88931 0
88932 3
88933 2
88934 1
88935 0
88936 3
88937 2
88938 1
88939 4
88940 0
88941 2
88942 1
88943 3
88944 0
88945 2
88946 1
88947 3
88948 0
88949 2
88950 1
88951 4
88952 3
88953 2
88954 1
88955 0
88956 3
88957 2
88958 1
88959 0
88960 3
88961 4
88962 2
88963 1
88964 0
88965 3
88966 2
88967 1
88968 0
88969 3
88970 2
88971 1
88972 0
88973 3
88974 2
88975 1
88976 0
88977 3
88978 2
88979 1
88980 0
88981 3
88982 2
88983 1
88984 0
88985 3
88986 4
88987 2
88988 1
88989 0
88990 3
88991 2
88992 1
88993 0
88994 3
88995 2
88996 1
88997 0
88998 3
88999 2
89000 1
89001 0
89002 3
89003 2
89004 1
89005 0
89006 3
89007 2
89008 1
89009 0
89010 3
89011 2
89012 1
89013 0
89014 3
89015 2
89016 1
89017 0
89018 3
89019 2
89020 1
89021 0
89022 3
89023 2
89024 1
89025 0
89026 3
89027 2
89028 1
89029 0
89030 3
89031 2
89032 1
89033 0
89034 3
89035 2
89036 1
89037 4
89038 0
89039 2
89040 1
89041 3
89042 0
89043 2
89044 1
89045 3
89046 0
89047 2
89048 1
89049 4
89050 3
89051 2
89052 1
89053 0
89054 3
89055 2
89056 1
89057 0
89058 3
89059 4
89060 2
89061 1
89062 0
89063 3
89064 2
89065 1
89066 0
89067 3
89068 2
89069 1
89070 0
89071 3
89072 2
89073 1
89074 0
89075 3
89076 2
89077 1
89078 0
89079 3
89080 2
89081 1
89082 0
89083 3
89084 4
89085 2
89086 1
89087 0
89088 3
89089 2
89090 1
89091 0
89092 3
89093 2
89094 1
89095 0
89096 3
89097 2
89098 1
89099 0
89100 3
89101 2
89102 1
89103 0
89104 3
89105 2
89106 1
89107 0
89108 3
89109 2
89110 1
89111 0
89112 3
89113 2
89114 1
89115 0
89116 3
89117 2
89118 1
89119 0
89120 3
89121 2
89122 1
89123 0
89124 3
89125 2
89126 1
89127 0
89128 3
89129 2
89130 1
89131 0
89132 3
89133 2
89134 1
89135 4
89136 0
89137 2
89138 1
89139 3
89140 0
89141 2
89142 1
89143 3
89144 0
89145 2
89146 1
89147 4
89148 3
89149 2
89150 1
89151 0
89152 3
89153 2
89154 1
89155 0
89156 3
89157 2
89158 1
89159 4
89160 0
89161 2
89162 1
89163 3
89164 0
89165 2
89166 1
89167 3
89168 0
89169 2
89170 1
89171 4
89172 3
89173 2
89174 1
89175 0
89176 3
89177 2
89178 1
89179 0
89180 3
89181 4
89182 2
89183 1
89184 0
89185 3
89186 2
89187 1
89188 0
89189 3
89190 2
89191 1
89192 0
89193 3
89194 2
89195 1
89196 0
89197 3
89198 2
89199 1
89200 0
89201 3
89202 2
89203 1
89204 0
89205 3
89206 2
89207 1
89208 0
89209 3
89210 2
89211 1
89212 0
89213 3
89214 2
89215 1
89216 0
89217 3
89218 2
89219 1
89220 0
89221 3
89222 2
89223 1
89224 0
89225 3
89226 2
89227 1
89228 0
89229 3
89230 4
89231 2
89232 1
89233 0
89234 3
89235 2
89236 1
89237 0
89238 3
89239 2
89240 1
89241 0
89242 3
89243 2
89244 1
89245 0
89246 3
89247 2
89248 1
89249 0
89250 3
89251 2
89252 1
89253 0
89254 3
89255 2
89256 1
89257 0
89258 3
89259 2
89260 1
89261 0
89262 3
89263 2
89264 1
89265 0
89266 3
89267 2
89268 1
89269 0
89270 3
89271 2
89272 1
89273 0
89274 3
89275 2
89276 1
89277 0
89278 3
89279 4
89280 2
89281 1
89282 0
89283 3
89284 2
89285 1
89286 0
89287 3
89288 2
89289 1
89290 0
89291 3
89292 2
89293 1
89294 0
89295 3
89296 2
89297 1
89298 0
89299 3
89300 2
89301 1
89302 0
89303 3
89304 2
89305 1
89306 0
89307 3
89308 2
89309 1
89310 0
89311 3
89312 2
89313 1
89314 0
89315 3
89316 2
89317 1
89318 0
89319 3
89320 2
89321 1
89322 0
89323 3
89324 2
89325 1
89326 0
89327 3
89328 2
89329 1
89330 4
89331 0
89332 2
89333 1
89334 3
89335 0
89336 2
89337 1
89338 3
89339 0
89340 2
89341 1
89342 4
89343 3
89344 2
89345 1
89346 0
89347 3
89348 2
89349 1
89350 0
89351 3
89352 4
89353 2
89354 1
89355 0
89356 3
89357 2
89358 1
89359 0
89360 3
89361 2
89362 1
89363 0
89364 3
89365 2
89366 1
89367 0
89368 3
89369 2
89370 1
89371 0
89372 3
89373 2
89374 1
89375 0
89376 3
89377 4
89378 2
89379 1
89380 0
89381 3
89382 2
89383 1
89384 0
89385 3
89386 2
89387 1
89388 0
89389 3
89390 2
89391 1
89392 0
89393 3
89394 2
89395 1
89396 0
89397 3
89398 2
89399 1
89400 0
89401 3
89402 2
89403 1
89404 0
89405 3
89406 2
89407 1
89408 0
89409 3
89410 2
89411 1
89412 0
89413 3
89414 2
89415 1
89416 0
89417 3
89418 2
89419 1
89420 0
89421 3
89422 2
89423 1
89424 0
89425 3
89426 2
89427 1
89428 4
89429 0
89430 2
89431 1
89432 3
89433 0
89434 2
89435 1
89436 3
89437 0
89438 2
89439 1
89440 4
89441 3
89442 2
89443 1
89444 0
89445 3
89446 2
89447 1
89448 0
89449 3
89450 4
89451 2
89452 1
89453 0
89454 3
89455 2
89456 1
89457 0
89458 3
89459 2
89460 1
89461 0
89462 3
89463 2
89464 1
89465 0
89466 3
89467 2
89468 1
89469 0
89470 3
89471 2
89472 1
89473 0
89474 3
89475 4
89476 2
89477 1
89478 0
89479 3
89480 2
89481 1
89482 0
89483 3
89484 2
89485 1
89486 0
89487 3
89488 2
89489 1
89490 0
89491 3
89492 2
89493 1
89494 0
89495 3
89496 2
89497 1
89498 0
89499 3
89500 2
89501 1
89502 0
89503 3
89504 2
89505 1
89506 0
89507 3
89508 2
89509 1
89510 0
89511 3
89512 2
89513 1
89514 0
89515 3
89516 2
89517 1
89518 0
89519 3
89520 2
89521 1
89522 0
89523 3
89524 2
89525 1
89526 4
89527 0
89528 2
89529 1
89530 3
89531 0
89532 2
89533 1
89534 3
89535 0
89536 2
89537 1
89538 4
89539 3
89540 2
89541 1
89542 0
89543 3
89544 2
89545 1
89546 0
89547 3
89548 2
89549 1
89550 4
89551 0
89552 2
89553 1
89554 3
89555 0
89556 2
89557 1
89558 3
89559 0
89560 2
89561 1
89562 4
89563 3
89564 2
89565 1
89566 0
89567 3
89568 2
89569 1
89570 0
89571 3
89572 4
89573 2
89574 1
89575 0
89576 3
89577 2
89578 1
89579 0
89580 3
89581 2
89582 1
89583 0
89584 3
89585 2
89586 1
89587 0
89588 3
89589 2
89590 1
89591 0
89592 3
89593 2
89594 1
89595 0
89596 3
89597 2
89598 1
89599 0
89600 3
89601 2
89602 1
89603 0
89604 3
89605 2
89606 1
89607 0
89608 3
89609 2
89610 1
89611 0
89612 3
89613 2
89614 1
89615 0
89616 3
89617 2
89618 1
89619 0
89620 3
89621 4
89622 2
89623 1
89624 0
89625 3
89626 2
89627 1
89628 0
89629 3
89630 2
89631 1
89632 0
89633 3
89634 2
89635 1
89636 0
89637 3
89638 2
89639 1
89640 0
89641 3
89642 2
89643 1
89644 0
89645 3
89646 2
89647 1
89648 0
89649 3
89650 2
89651 1
89652 0
89653 3
89654 2
89655 1
89656 0
89657 3
89658 2
89659 1
89660 0
89661 3
89662 2
89663 1
89664 0
89665 3
89666 2
89667 1
89668 0
89669 3
89670 4
89671 2
89672 1
89673 0
89674 3
89675 2
89676 1
89677 0
89678 3
89679 2
89680 1
89681 0
89682 3
89683 2
89684 1
89685 0
89686 3
89687 2
89688 1
89689 0
89690 3
89691 2
89692 1
89693 0
89694 3
89695 2
89696 1
89697 0
89698 3
89699 2
89700 1
89701 0
89702 3
89703 2
89704 1
89705 0
89706 3
89707 2
89708 1
89709 0
89710 3
89711 2
89712 1
89713 0
89714 3
89715 2
89716 1
89717 0
89718 3
89719 2
89720 1
89721 4
89722 0
89723 2
89724 1
89725 3
89726 0
89727 2
89728 1
89729 3
89730 0
89731 2
89732 1
89733 4
89734 3
89735 2
89736 1
89737 0
89738 3
89739 2
89740 1
89741 0
89742 3
89743 2
89744 1
89745 4
89746 0
89747 2
89748 1
89749 3
89750 0
89751 2
89752 1
89753 3
89754 0
89755 2
89756 1
89757 4
89758 3
89759 2
89760 1
89761 0
89762 3
89763 2
89764 1
89765 0
89766 3
89767 4
89768 2
89769 1
89770 0
89771 3
89772 2
89773 1
89774 0
89775 3
89776 2
89777 1
89778 0
89779 3
89780 2
89781 1
89782 0
89783 3
89784 2
89785 1
89786 0
89787 3
89788 2
89789 1
89790 0
89791 3
89792 2
89793 1
89794 0
89795 3
89796 2
89797 1
89798 0
89799 3
89800 2
89801 1
89802 0
89803 3
89804 2
89805 1
89806 0
89807 3
89808 2
89809 1
89810 0
89811 3
89812 2
89813 1
89814 0
89815 3
89816 4
89817 2
89818 1
89819 0
89820 3
89821 2
89822 1
89823 0
89824 3
89825 2
89826 1
89827 0
89828 3
89829 2
89830 1
89831 0
89832 3
89833 2
89834 1
89835 0
89836 3
89837 2
89838 1
89839 0
89840 3
89841 2
89842 1
89843 0
89844 3
89845 2
89846 1
89847 0
89848 3
89849 2
89850 1
89851 0
89852 3
89853 2
89854 1
89855 0
89856 3
89857 2
89858 1
89859 0
89860 3
89861 2
89862 1
89863 0
89864 3
89865 4
89866 2
89867 1
89868 0
89869 3
89870 2
89871 1
89872 0
89873 3
89874 2
89875 1
89876 0
89877 3
89878 2
89879 1
89880 0
89881 3
89882 2
89883 1
89884 0
89885 3
89886 2
89887 1
89888 0
89889 3
89890 2
89891 1
89892 0
89893 3
89894 2
89895 1
89896 0
89897 3
89898 2
89899 1
89900 0
89901 3
89902 2
89903 1
89904 0
89905 3
89906 2
89907 1
89908 0
89909 3
89910 2
89911 1
89912 0
89913 3
89914 2
89915 1
89916 4
89917 0
89918 2
89919 1
89920 3
89921 0
89922 2
89923 1
89924 3
89925 0
89926 2
89927 1
89928 4
89929 3
89930 2
89931 1
89932 0
89933 3
89934 2
89935 1
89936 0
89937 3
89938 2
89939 1
89940 4
89941 0
89942 2
89943 1
89944 3
89945 0
89946 2
89947 1
89948 3
89949 0
89950 2
89951 1
89952 4
89953 3
89954 2
89955 1
89956 0
89957 3
89958 2
89959 1
89960 0
89961 3
89962 4
89963 2
89964 1
89965 0
89966 3
89967 2
89968 1
89969 0
89970 3
89971 2
89972 1
89973 0
89974 3
89975 2
89976 1
89977 0
89978 3
89979 2
89980 1
89981 0
89982 3
89983 2
89984 1
89985 0
89986 3
89987 2
89988 1
89989 0
89990 3
89991 2
89992 1
89993 0
89994 3
89995 2
89996 1
89997 0
89998 3
89999 2
90000 1
90001 0
90002 3
90003 2
90004 1
90005 0
90006 3
90007 2
90008 1
90009 0
90010 3
90011 4
90012 2
90013 1
90014 0
90015 3
90016 2
90017 1
90018 0
90019 3
90020 2
90021 1
90022 0
90023 3
90024 2
90025 1
90026 0
90027 3
90028 2
90029 1
90030 0
90031 3
90032 2
90033 1
90034 0
90035 3
90036 2
90037 1
90038 0
90039 3
90040 2
90041 1
90042 0
90043 3
90044 2
90045 1
90046 0
90047 3
90048 2
90049 1
90050 0
90051 3
90052 2
90053 1
90054 0
90055 3
90056 2
90057 1
90058 0
90059 3
90060 4
90061 2
90062 1
90063 0
90064 3
90065 2
90066 1
90067 0
90068 3
90069 2
90070 1
90071 0
90072 3
90073 2
90074 1
90075 0
90076 3
90077 2
90078 1
90079 0
90080 3
90081 2
90082 1
90083 0
90084 3
90085 2
90086 1
90087 0
90088 3
90089 2
90090 1
90091 0
90092 3
90093 2
90094 1
90095 0
90096 3
90097 2
90098 1
90099 0
90100 3
90101 2
90102 1
90103 0
90104 3
90105 2
90106 1
90107 0
90108 3
90109 2
90110 1
90111 4
90112 0
90113 2
90114 1
90115 3
90116 0
90117 2
90118 1
90119 3
90120 0
90121 2
90122 1
90123 4
90124 3
90125 2
90126 1
90127 0
90128 3
90129 2
90130 1
90131 0
90132 3
90133 4
90134 2
90135 1
90136 0
90137 3
90138 2
90139 1
90140 0
90141 3
90142 2
90143 1
90144 0
90145 3
90146 2
90147 1
90148 0
90149 3
90150 2
90151 1
90152 0
90153 3
90154 2
90155 1
90156 0
90157 3
90158 4
90159 2
90160 1
90161 0
90162 3
90163 2
90164 1
90165 0
90166 3
90167 2
90168 1
90169 0
90170 3
90171 2
90172 1
90173 0
90174 3
90175 2
90176 1
90177 0
90178 3
90179 2
90180 1
90181 0
90182 3
90183 2
90184 1
90185 0
90186 3
90187 2
90188 1
90189 0
90190 3
90191 2
90192 1
90193 0
90194 3
90195 2
90196 1
90197 0
90198 3
90199 2
90200 1
90201 0
90202 3
90203 2
90204 1
90205 0
90206 3
90207 2
90208 1
90209 4
90210 0
90211 2
90212 1
90213 3
90214 0
90215 2
90216 1
90217 3
90218 0
90219 2
90220 1
90221 4
90222 3
90223 2
90224 1
90225 0
90226 3
90227 2
90228 1
90229 0
90230 3
90231 4
90232 2
90233 1
90234 0
90235 3
90236 2
90237 1
90238 0
90239 3
90240 2
90241 1
90242 0
90243 3
90244 2
90245 1
90246 0
90247 3
90248 2
90249 1
90250 0
90251 3
90252 2
90253 1
90254 0
90255 3
90256 4
90257 2
90258 1
90259 0
90260 3
90261 2
90262 1
90263 0
90264 3
90265 2
90266 1
90267 0
90268 3
90269 2
90270 1
90271 0
90272 3
90273 2
90274 1
90275 0
90276 3
90277 2
90278 1
90279 0
90280 3
90281 2
90282 1
90283 0
90284 3
90285 2
90286 1
90287 0
90288 3
90289 2
90290 1
90291 0
90292 3
90293 2
90294 1
90295 0
90296 3
90297 2
90298 1
90299 0
90300 3
90301 2
90302 1
90303 0
90304 3
90305 2
90306 1
90307 4
90308 0
90309 2
90310 1
90311 3
90312 0
90313 2
90314 1
90315 3
90316 0
90317 2
90318 1
90319 4
90320 3
90321 2
90322 1
90323 0
90324 3
90325 2
90326 1
90327 0
90328 3
90329 2
90330 1
90331 4
90332 0
90333 2
90334 1
90335 3
90336 0
90337 2
90338 1
90339 3
90340 0
90341 2
90342 1
90343 4
90344 3
90345 2
90346 1
90347 0
90348 3
90349 2
90350 1
90351 0
90352 3
90353 4
90354 2
90355 1
90356 0
90357 3
90358 2
90359 1
90360 0
90361 3
90362 2
90363 1
90364 0
90365 3
90366 2
90367 1
90368 0
90369 3
90370 2
90371 1
90372 0
90373 3
90374 2
90375 1
90376 0
90377 3
90378 2
90379 1
90380 0
90381 3
90382 2
90383 1
90384 0
90385 3
90386 2
90387 1
90388 0
90389 3
90390 2
90391 1
90392 0
90393 3
90394 2
90395 1
90396 0
90397 3
90398 2
90399 1
90400 0
90401 3
90402 4
90403 2
90404 1
90405 0
90406 3
90407 2
90408 1
90409 0
90410 3
90411 2
90412 1
90413 0
90414 3
90415 2
90416 1
90417 0
90418 3
90419 2
90420 1
90421 0
90422 3
90423 2
90424 1
90425 0
90426 3
90427 2
90428 1
90429 0
90430 3
90431 2
90432 1
90433 0
90434 3
90435 2
90436 1
90437 0
90438 3
90439 2
90440 1
90441 0
90442 3
90443 2
90444 1
90445 0
90446 3
90447 2
90448 1
90449 0
90450 3
90451 4
90452 2
90453 1
90454 0
90455 3
90456 2
90457 1
90458 0
90459 3
90460 2
90461 1
90462 0
90463 3
90464 2
90465 1
90466 0
90467 3
90468 2
90469 1
90470 0
90471 3
90472 2
90473 1
90474 0
90475 3
90476 2
90477 1
90478 0
90479 3
90480 2
90481 1
90482 0
90483 3
90484 2
90485 1
90486 0
90487 3
90488 2
90489 1
90490 0
90491 3
90492 2
90493 1
90494 0
90495 3
90496 2
90497 1
90498 0
90499 3
90500 2
90501 1
90502 4
90503 0
90504 2
90505 1
90506 3
90507 0
90508 2
90509 1
90510 3
90511 0
90512 2
90513 1
90514 4
90515 3
90516 2
90517 1
90518 0
90519 3
90520 2
90521 1
90522 0
90523 3
90524 2
90525 1
90526 4
90527 0
90528 2
90529 1
90530 3
90531 0
90532 2
90533 1
90534 3
90535 0
90536 2
90537 1
90538 4
90539 3
90540 2
90541 1
90542 0
90543 3
90544 2
90545 1
90546 0
90547 3
90548 4
90549 2
90550 1
90551 0
90552 3
90553 2
90554 1
90555 0
90556 3
90557 2
90558 1
90559 0
90560 3
90561 2
90562 1
90563 0
90564 3
90565 2
90566 1
90567 0
90568 3
90569 2
90570 1
90571 0
90572 3
90573 2
90574 1
90575 0
90576 3
90577 2
90578 1
90579 0
90580 3
90581 2
90582 1
90583 0
90584 3
90585 2
90586 1
90587 0
90588 3
90589 2
90590 1
90591 0
90592 3
90593 2
90594 1
90595 0
90596 3
90597 4
90598 2
90599 1
90600 0
90601 3
90602 2
90603 1
90604 0
90605 3
90606 2
90607 1
90608 0
90609 3
90610 2
90611 1
90612 0
90613 3
90614 2
90615 1
90616 0
90617 3
90618 2
90619 1
90620 0
90621 3
90622 2
90623 1
90624 0
90625 3
90626 2
90627 1
90628 0
90629 3
90630 2
90631 1
90632 0
90633 3
90634 2
90635 1
90636 0
90637 3
90638 2
90639 1
90640 0
90641 3
90642 2
90643 1
90644 0
90645 3
90646 4
90647 2
90648 1
90649 0
90650 3
90651 2
90652 1
90653 0
90654 3
90655 2
90656 1
90657 0
90658 3
90659 2
90660 1
90661 0
90662 3
90663 2
90664 1
90665 0
90666 3
90667 2
90668 1
90669 0
90670 3
90671 2
90672 1
90673 0
90674 3
90675 2
90676 1
90677 0
90678 3
90679 2
90680 1
90681 0
90682 3
90683 2
90684 1
90685 0
90686 3
90687 2
90688 1
90689 0
90690 3
90691 2
90692 1
90693 0
90694 3
90695 2
90696 1
90697 4
90698 0
90699 2
90700 1
90701 3
90702 0
90703 2
90704 1
90705 3
90706 0
90707 2
90708 1
90709 4
90710 3
90711 2
90712 1
90713 0
90714 3
90715 2
90716 1
90717 0
90718 3
90719 2
90720 1
90721 4
90722 0
90723 2
90724 1
90725 3
90726 0
90727 2
90728 1
90729 3
90730 0
90731 2
90732 1
90733 4
90734 3
90735 2
90736 1
90737 0
90738 3
90739 2
90740 1
90741 0
90742 3
90743 4
90744 2
90745 1
90746 0
90747 3
90748 2
90749 1
90750 0
90751 3
90752 2
90753 1
90754 0
90755 3
90756 2
90757 1
90758 0
90759 3
90760 2
90761 1
90762 0
90763 3
90764 2
90765 1
90766 0
90767 3
90768 2
90769 1
90770 0
90771 3
90772 2
90773 1
90774 0
90775 3
90776 2
90777 1
90778 0
90779 3
90780 2
90781 1
90782 0
90783 3
90784 2
90785 1
90786 0
90787 3
90788 2
90789 1
90790 0
90791 3
90792 4
90793 2
90794 1
90795 0
90796 3
90797 2
90798 1
90799 0
90800 3
90801 2
90802 1
90803 0
90804 3
90805 2
90806 1
90807 0
90808 3
90809 2
90810 1
90811 0
90812 3
90813 2
90814 1
90815 0
90816 3
90817 2
90818 1
90819 0
90820 3
90821 2
90822 1
90823 0
90824 3
90825 2
90826 1
90827 0
90828 3
90829 2
90830 1
90831 0
90832 3
90833 2
90834 1
90835 0
90836 3
90837 2
90838 1
90839 0
90840 3
90841 4
90842 2
90843 1
90844 0
90845 3
90846 2
90847 1
90848 0
90849 3
90850 2
90851 1
90852 0
90853 3
90854 2
90855 1
90856 0
90857 3
90858 2
90859 1
90860 0
90861 3
90862 2
90863 1
90864 0
90865 3
90866 2
90867 1
90868 0
90869 3
90870 2
90871 1
90872 0
90873 3
90874 2
90875 1
90876 0
90877 3
90878 2
90879 1
90880 0
90881 3
90882 2
90883 1
90884 0
90885 3
90886 2
90887 1
90888 0
90889 3
90890 2
90891 1
90892 4
90893 0
90894 2
90895 1
90896 3
90897 0
90898 2
90899 1
90900 3
90901 0
90902 2
90903 1
90904 4
90905 3
90906 2
90907 1
90908 0
90909 3
90910 2
90911 1
90912 0
90913 3
90914 4
90915 2
90916 1
90917 0
90918 3
90919 2
90920 1
90921 0
90922 3
90923 2
90924 1
90925 0
90926 3
90927 2
90928 1
90929 0
90930 3
90931 2
90932 1
90933 0
90934 3
90935 2
90936 1
90937 0
90938 3
90939 4
90940 2
90941 1
90942 0
90943 3
90944 2
90945 1
90946 0
90947 3
90948 2
90949 1
90950 0
90951 3
90952 2
90953 1
90954 0
90955 3
90956 2
90957 1
90958 0
90959 3
90960 2
90961 1
90962 0
90963 3
90964 2
90965 1
90966 0
90967 3
90968 2
90969 1
90970 0
90971 3
90972 2
90973 1
90974 0
90975 3
90976 2
90977 1
90978 0
90979 3
90980 2
90981 1
90982 0
90983 3
90984 2
90985 1
90986 0
90987 3
90988 2
90989 1
90990 4
90991 0
90992 2
90993 1
90994 3
90995 0
90996 2
90997 1
90998 3
90999 0
91000 2
91001 1
91002 4
91003 3
91004 2
91005 1
91006 0
91007 3
91008 2
91009 1
91010 0
91011 3
91012 4
91013 2
91014 1
91015 0
91016 3
91017 2
91018 1
91019 0
91020 3
91021 2
91022 1
91023 0
91024 3
91025 2
91026 1
91027 0
91028 3
91029 2
91030 1
91031 0
91032 3
91033 2
91034 1
91035 0
91036 3
91037 4
91038 2
91039 1
91040 0
91041 3
91042 2
91043 1
91044 0
91045 3
91046 2
91047 1
91048 0
91049 3
91050 2
91051 1
91052 0
91053 3
91054 2
91055 1
91056 0
91057 3
91058 2
91059 1
91060 0
91061 3
91062 2
91063 1
91064 0
91065 3
91066 2
91067 1
91068 0
91069 3
91070 2
91071 1
91072 0
91073 3
91074 2
91075 1
91076 0
91077 3
91078 2
91079 1
91080 0
91081 3
91082 2
91083 1
91084 0
91085 3
91086 2
91087 1
91088 4
91089 0
91090 2
91091 1
91092 3
91093 0
91094 2
91095 1
91096 3
91097 0
91098 2
91099 1
91100 4
91101 3
91102 2
91103 1
91104 0
91105 3
91106 2
91107 1
91108 0
91109 3
91110 2
91111 1
91112 4
91113 0
91114 2
91115 1
91116 3
91117 0
91118 2
91119 1
91120 3
91121 0
91122 2
91123 1
91124 4
91125 3
91126 2
91127 1
91128 0
91129 3
91130 2
91131 1
91132 0
91133 3
91134 4
91135 2
91136 1
91137 0
91138 3
91139 2
91140 1
91141 0
91142 3
91143 2
91144 1
91145 0
91146 3
91147 2
91148 1
91149 0
91150 3
91151 2
91152 1
91153 0
91154 3
91155 2
91156 1
91157 0
91158 3
91159 2
91160 1
91161 0
91162 3
91163 2
91164 1
91165 0
91166 3
91167 2
91168 1
91169 0
91170 3
91171 2
91172 1
91173 0
91174 3
91175 2
91176 1
91177 0
91178 3
91179 2
91180 1
91181 0
91182 3
91183 4
91184 2
91185 1
91186 0
91187 3
91188 2
91189 1
91190 0
91191 3
91192 2
91193 1
91194 0
91195 3
91196 2
91197 1
91198 0
91199 3
91200 2
91201 1
91202 0
91203 3
91204 2
91205 1
91206 0
91207 3
91208 2
91209 1
91210 0
91211 3
91212 2
91213 1
91214 0
91215 3
91216 2
91217 1
91218 0
91219 3
91220 2
91221 1
91222 0
91223 3
91224 2
91225 1
91226 0
91227 3
91228 2
91229 1
91230 0
91231 3
91232 4
91233 2
91234 1
91235 0
91236 3
91237 2
91238 1
91239 0
91240 3
91241 2
91242 1
91243 0
91244 3
91245 2
91246 1
91247 0
91248 3
91249 2
91250 1
91251 0
91252 3
91253 2
91254 1
91255 0
91256 3
91257 2
91258 1
91259 0
91260 3
91261 2
91262 1
91263 0
91264 3
91265 2
91266 1
91267 0
91268 3
91269 2
91270 1
91271 0
91272 3
91273 2
91274 1
91275 0
91276 3
91277 2
91278 1
91279 0
91280 3
91281 2
91282 1
91283 4
91284 0
91285 2
91286 1
91287 3
91288 0
91289 2
91290 1
91291 3
91292 0
91293 2
91294 1
91295 4
91296 3
91297 2
91298 1
91299 0
91300 3
91301 2
91302 1
91303 0
91304 3
91305 2
91306 1
91307 4
91308 0
91309 2
91310 1
91311 3
91312 0
91313 2
91314 1
91315 3
91316 0
91317 2
91318 1
91319 4
91320 3
91321 2
91322 1
91323 0
91324 3
91325 2
91326 1
91327 0
91328 3
91329 4
91330 2
91331 1
91332 0
91333 3
91334 2
91335 1
91336 0
91337 3
91338 2
91339 1
91340 0
91341 3
91342 2
91343 1
91344 0
91345 3
91346 2
91347 1
91348 0
91349 3
91350 2
91351 1
91352 0
91353 3
91354 2
91355 1
91356 0
91357 3
91358 2
91359 1
91360 0
91361 3
91362 2
91363 1
91364 0
91365 3
91366 2
91367 1
91368 0
91369 3
91370 2
91371 1
91372 0
91373 3
91374 2
91375 1
91376 0
91377 3
91378 4
91379 2
91380 1
91381 0
91382 3
91383 2
91384 1
91385 0
91386 3
91387 2
91388 1
91389 0
91390 3
91391 2
91392 1
91393 0
91394 3
91395 2
91396 1
91397 0
91398 3
91399 2
91400 1
91401 0
91402 3
91403 2
91404 1
91405 0
91406 3
91407 2
91408 1
91409 0
91410 3
91411 2
91412 1
91413 0
91414 3
91415 2
91416 1
91417 0
91418 3
91419 2
91420 1
91421 0
91422 3
91423 2
91424 1
91425 0
91426 3
91427 4
91428 2
91429 1
91430 0
91431 3
91432 2
91433 1
91434 0
91435 3
91436 2
91437 1
91438 0
91439 3
91440 2
91441 1
91442 0
91443 3
91444 2
91445 1
91446 0
91447 3
91448 2
91449 1
91450 0
91451 3
91452 2
91453 1
91454 0
91455 3
91456 2
91457 1
91458 0
91459 3
91460 2
91461 1
91462 0
91463 3
91464 2
91465 1
91466 0
91467 3
91468 2
91469 1
91470 0
91471 3
91472 2
91473 1
91474 0
91475 3
91476 2
91477 1
91478 4
91479 0
91480 2
91481 1
91482 3
91483 0
91484 2
91485 1
91486 3
91487 0
91488 2
91489 1
91490 4
91491 3
91492 2
91493 1
91494 0
91495 3
91496 2
91497 1
91498 0
91499 3
91500 2
91501 1
91502 4
91503 0
91504 2
91505 1
91506 3
91507 0
91508 2
91509 1
91510 3
91511 0
91512 2
91513 1
91514 4
91515 3
91516 2
91517 1
91518 0
91519 3
91520 2
91521 1
91522 0
91523 3
91524 4
91525 2
91526 1
91527 0
91528 3
91529 2
91530 1
91531 0
91532 3
91533 2
91534 1
91535 0
91536 3
91537 2
91538 1
91539 0
91540 3
91541 2
91542 1
91543 0
91544 3
91545 2
91546 1
91547 0
91548 3
91549 2
91550 1
91551 0
91552 3
91553 2
91554 1
91555 0
91556 3
91557 2
91558 1
91559 0
91560 3
91561 2
91562 1
91563 0
91564 3
91565 2
91566 1
91567 0
91568 3
91569 2
91570 1
91571 0
91572 3
91573 4
91574 2
91575 1
91576 0
91577 3
91578 2
91579 1
91580 0
91581 3
91582 2
91583 1
91584 0
91585 3
91586 2
91587 1
91588 0
91589 3
91590 2
91591 1
91592 0
91593 3
91594 2
91595 1
91596 0
91597 3
91598 2
91599 1
91600 0
91601 3
91602 2
91603 1
91604 0
91605 3
91606 2
91607 1
91608 0
91609 3
91610 2
91611 1
91612 0
91613 3
91614 2
91615 1
91616 0
91617 3
91618 2
91619 1
91620 0
91621 3
91622 4
91623 2
91624 1
91625 0
91626 3
91627 2
91628 1
91629 0
91630 3
91631 2
91632 1
91633 0
91634 3
91635 2
91636 1
91637 0
91638 3
91639 2
91640 1
91641 0
91642 3
91643 2
91644 1
91645 0
91646 3
91647 2
91648 1
91649 0
91650 3
91651 2
91652 1
91653 0
91654 3
91655 2
91656 1
91657 0
91658 3
91659 2
91660 1
91661 0
91662 3
91663 2
91664 1
91665 0
91666 3
91667 2
91668 1
91669 0
91670 3
91671 2
91672 1
91673 4
91674 0
91675 2
91676 1
91677 3
91678 0
91679 2
91680 1
91681 3
91682 0
91683 2
91684 1
91685 4
91686 3
91687 2
91688 1
91689 0
91690 3
91691 2
91692 1
91693 0
91694 3
91695 4
91696 2
91697 1
91698 0
91699 3
91700 2
91701 1
91702 0
91703 3
91704 2
91705 1
91706 0
91707 3
91708 2
91709 1
91710 0
91711 3
91712 2
91713 1
91714 0
91715 3
91716 2
91717 1
91718 0
91719 3
91720 4
91721 2
91722 1
91723 0
91724 3
91725 2
91726 1
91727 0
91728 3
91729 2
91730 1
91731 0
91732 3
91733 2
91734 1
91735 0
91736 3
91737 2
91738 1
91739 0
91740 3
91741 2
91742 1
91743 0
91744 3
91745 2
91746 1
91747 0
91748 3
91749 2
91750 1
91751 0
91752 3
91753 2
91754 1
91755 0
91756 3
91757 2
91758 1
91759 0
91760 3
91761 2
91762 1
91763 0
91764 3
91765 2
91766 1
91767 0
91768 3
91769 2
91770 1
91771 4
91772 0
91773 2
91774 1
91775 3
91776 0
91777 2
91778 1
91779 3
91780 0
91781 2
91782 1
91783 4
91784 3
91785 2
91786 1
91787 0
91788 3
91789 2
91790 1
91791 0
91792 3
91793 4
91794 2
91795 1
91796 0
91797 3
91798 2
91799 1
91800 0
91801 3
91802 2
91803 1
91804 0
91805 3
91806 2
91807 1
91808 0
91809 3
91810 2
91811 1
91812 0
91813 3
91814 2
91815 1
91816 0
91817 3
91818 4
91819 2
91820 1
91821 0
91822 3
91823 2
91824 1
91825 0
91826 3
91827 2
91828 1
91829 0
91830 3
91831 2
91832 1
91833 0
91834 3
91835 2
91836 1
91837 0
91838 3
91839 2
91840 1
91841 0
91842 3
91843 2
91844 1
91845 0
91846 3
91847 2
91848 1
91849 0
91850 3
91851 2
91852 1
91853 0
91854 3
91855 2
91856 1
91857 0
91858 3
91859 2
91860 1
91861 0
91862 3
91863 2
91864 1
91865 0
91866 3
91867 2
91868 1
91869 4
91870 0
91871 2
91872 1
91873 3
91874 0
91875 2
91876 1
91877 3
91878 0
91879 2
91880 1
91881 4
91882 3
91883 2
91884 1
91885 0
91886 3
91887 2
91888 1
91889 0
91890 3
91891 2
91892 1
91893 4
91894 0
91895 2
91896 1
91897 3
91898 0
91899 2
91900 1
91901 3
91902 0
91903 2
91904 1
91905 4
91906 3
91907 2
91908 1
91909 0
91910 3
91911 2
91912 1
91913 0
91914 3
91915 4
91916 2
91917 1
91918 0
91919 3
91920 2
91921 1
91922 0
91923 3
91924 2
91925 1
91926 0
91927 3
91928 2
91929 1
91930 0
91931 3
91932 2
91933 1
91934 0
91935 3
91936 2
91937 1
91938 0
91939 3
91940 2
91941 1
91942 0
91943 3
91944 2
91945 1
91946 0
91947 3
91948 2
91949 1
91950 0
91951 3
91952 2
91953 1
91954 0
91955 3
91956 2
91957 1
91958 0
91959 3
91960 2
91961 1
91962 0
91963 3
91964 4
91965 2
91966 1
91967 0
91968 3
91969 2
91970 1
91971 0
91972 3
91973 2
91974 1
91975 0
91976 3
91977 2
91978 1
91979 0
91980 3
91981 2
91982 1
91983 0
91984 3
91985 2
91986 1
91987 0
91988 3
91989 2
91990 1
91991 0
91992 3
91993 2
91994 1
91995 0
91996 3
91997 2
91998 1
91999 0
92000 3
92001 2
92002 1
92003 0
92004 3
92005 2
92006 1
92007 0
92008 3
92009 2
92010 1
92011 0
92012 3
92013 4
92014 2
92015 1
92016 0
92017 3
92018 2
92019 1
92020 0
92021 3
92022 2
92023 1
92024 0
92025 3
92026 2
92027 1
92028 0
92029 3
92030 2
92031 1
92032 0
92033 3
92034 2
92035 1
92036 0
92037 3
92038 2
92039 1
92040 0
92041 3
92042 2
92043 1
92044 0
92045 3
92046 2
92047 1
92048 0
92049 3
92050 2
92051 1
92052 0
92053 3
92054 2
92055 1
92056 0
92057 3
92058 2
92059 1
92060 0
92061 3
92062 2
92063 1
92064 4
92065 0
92066 2
92067 1
92068 3
92069 0
92070 2
92071 1
92072 3
92073 0
92074 2
92075 1
92076 4
92077 3
92078 2
92079 1
92080 0
92081 3
92082 2
92083 1
92084 0
92085 3
92086 4
92087 2
92088 1
92089 0
92090 3
92091 2
92092 1
92093 0
92094 3
92095 2
92096 1
92097 0
92098 3
92099 2
92100 1
92101 0
92102 3
92103 2
92104 1
92105 0
92106 3
92107 2
92108 1
92109 0
92110 3
92111 4
92112 2
92113 1
92114 0
92115 3
92116 2
92117 1
92118 0
92119 3
92120 2
92121 1
92122 0
92123 3
92124 2
92125 1
92126 0
92127 3
92128 2
92129 1
92130 0
92131 3
92132 2
92133 1
92134 0
92135 3
92136 2
92137 1
92138 0
92139 3
92140 2
92141 1
92142 0
92143 3
92144 2
92145 1
92146 0
92147 3
92148 2
92149 1
92150 0
92151 3
92152 2
92153 1
92154 0
92155 3
92156 2
92157 1
92158 0
92159 3
92160 2
92161 1
92162 4
92163 0
92164 2
92165 1
92166 3
92167 0
92168 2
92169 1
92170 3
92171 0
92172 2
92173 1
92174 4
92175 3
92176 2
92177 1
92178 0
92179 3
92180 2
92181 1
92182 0
92183 3
92184 4
92185 2
92186 1
92187 0
92188 3
92189 2
92190 1
92191 0
92192 3
92193 2
92194 1
92195 0
92196 3
92197 2
92198 1
92199 0
92200 3
92201 2
92202 1
92203 0
92204 3
92205 2
92206 1
92207 0
92208 3
92209 4
92210 2
92211 1
92212 0
92213 3
92214 2
92215 1
92216 0
92217 3
92218 2
92219 1
92220 0
92221 3
92222 2
92223 1
92224 0
92225 3
92226 2
92227 1
92228 0
92229 3
92230 2
92231 1
92232 0
92233 3
92234 2
92235 1
92236 0
92237 3
92238 2
92239 1
92240 0
92241 3
92242 2
92243 1
92244 0
92245 3
92246 2
92247 1
92248 0
92249 3
92250 2
92251 1
92252 0
92253 3
92254 2
92255 1
92256 0
92257 3
92258 2
92259 1
92260 4
92261 0
92262 2
92263 1
92264 3
92265 0
92266 2
92267 1
92268 3
92269 0
92270 2
92271 1
92272 4
92273 3
92274 2
92275 1
92276 0
92277 3
92278 2
92279 1
92280 0
92281 3
92282 2
92283 1
92284 4
92285 0
92286 2
92287 1
92288 3
92289 0
92290 2
92291 1
92292 3
92293 0
92294 2
92295 1
92296 4
92297 3
92298 2
92299 1
92300 0
92301 3
92302 2
92303 1
92304 0
92305 3
92306 4
92307 2
92308 1
92309 0
92310 3
92311 2
92312 1
92313 0
92314 3
92315 2
92316 1
92317 0
92318 3
92319 2
92320 1
92321 0
92322 3
92323 2
92324 1
92325 0
92326 3
92327 2
92328 1
92329 0
92330 3
92331 2
92332 1
92333 0
92334 3
92335 2
92336 1
92337 0
92338 3
92339 2
92340 1
92341 0
92342 3
92343 2
92344 1
92345 0
92346 3
92347 2
92348 1
92349 0
92350 3
92351 2
92352 1
92353 0
92354 3
92355 4
92356 2
92357 1
92358 0
92359 3
92360 2
92361 1
92362 0
92363 3
92364 2
92365 1
92366 0
92367 3
92368 2
92369 1
92370 0
92371 3
92372 2
92373 1
92374 0
92375 3
92376 2
92377 1
92378 0
92379 3
92380 2
92381 1
92382 0
92383 3
92384 2
92385 1
92386 0
92387 3
92388 2
92389 1
92390 0
92391 3
92392 2
92393 1
92394 0
92395 3
92396 2
92397 1
92398 0
92399 3
92400 2
92401 1
92402 0
92403 3
92404 4
92405 2
92406 1
92407 0
92408 3
92409 2
92410 1
92411 0
92412 3
92413 2
92414 1
92415 0
92416 3
92417 2
92418 1
92419 0
92420 3
92421 2
92422 1
92423 0
92424 3
92425 2
92426 1
92427 0
92428 3
92429 2
92430 1
92431 0
92432 3
92433 2
92434 1
92435 0
92436 3
92437 2
92438 1
92439 0
92440 3
92441 2
92442 1
92443 0
92444 3
92445 2
92446 1
92447 0
92448 3
92449 2
92450 1
92451 0
92452 3
92453 2
92454 1
92455 4
92456 0
92457 2
92458 1
92459 3
92460 0
92461 2
92462 1
92463 3
92464 0
92465 2
92466 1
92467 4
92468 3
92469 2
92470 1
92471 0
92472 3
92473 2
92474 1
92475 0
92476 3
92477 4
92478 2
92479 1
92480 0
92481 3
92482 2
92483 1
92484 0
92485 3
92486 2
92487 1
92488 0
92489 3
92490 2
92491 1
92492 0
92493 3
92494 2
92495 1
92496 0
92497 3
92498 2
92499 1
92500 0
92501 3
92502 4
92503 2
92504 1
92505 0
92506 3
92507 2
92508 1
92509 0
92510 3
92511 2
92512 1
92513 0
92514 3
92515 2
92516 1
92517 0
92518 3
92519 2
92520 1
92521 0
92522 3
92523 2
92524 1
92525 0
92526 3
92527 2
92528 1
92529 0
92530 3
92531 2
92532 1
92533 0
92534 3
92535 2
92536 1
92537 0
92538 3
92539 2
92540 1
92541 0
92542 3
92543 2
92544 1
92545 0
92546 3
92547 2
92548 1
92549 0
92550 3
92551 2
92552 1
92553 4
92554 0
92555 2
92556 1
92557 3
92558 0
92559 2
92560 1
92561 3
92562 0
92563 2
92564 1
92565 4
92566 3
92567 2
92568 1
92569 0
92570 3
92571 2
92572 1
92573 0
92574 3
92575 4
92576 2
92577 1
92578 0
92579 3
92580 2
92581 1
92582 0
92583 3
92584 2
92585 1
92586 0
92587 3
92588 2
92589 1
92590 0
92591 3
92592 2
92593 1
92594 0
92595 3
92596 2
92597 1
92598 0
92599 3
92600 4
92601 2
92602 1
92603 0
92604 3
92605 2
92606 1
92607 0
92608 3
92609 2
92610 1
92611 0
92612 3
92613 2
92614 1
92615 0
92616 3
92617 2
92618 1
92619 0
92620 3
92621 2
92622 1
92623 0
92624 3
92625 2
92626 1
92627 0
92628 3
92629 2
92630 1
92631 0
92632 3
92633 2
92634 1
92635 0
92636 3
92637 2
92638 1
92639 0
92640 3
92641 2
92642 1
92643 0
92644 3
92645 2
92646 1
92647 0
92648 3
92649 2
92650 1
92651 4
92652 0
92653 2
92654 1
92655 3
92656 0
92657 2
92658 1
92659 3
92660 0
92661 2
92662 1
92663 4
92664 3
92665 2
92666 1
92667 0
92668 3
92669 2
92670 1
92671 0
92672 3
92673 2
92674 1
92675 4
92676 0
92677 2
92678 1
92679 3
92680 0
92681 2
92682 1
92683 3
92684 0
92685 2
92686 1
92687 4
92688 3
92689 2
92690 1
92691 0
92692 3
92693 2
92694 1
92695 0
92696 3
92697 4
92698 2
92699 1
92700 0
92701 3
92702 2
92703 1
92704 0
92705 3
92706 2
92707 1
92708 0
92709 3
92710 2
92711 1
92712 0
92713 3
92714 2
92715 1
92716 0
92717 3
92718 2
92719 1
92720 0
92721 3
92722 2
92723 1
92724 0
92725 3
92726 2
92727 1
92728 0
92729 3
92730 2
92731 1
92732 0
92733 3
92734 2
92735 1
92736 0
92737 3
92738 2
92739 1
92740 0
92741 3
92742 2
92743 1
92744 0
92745 3
92746 4
92747 2
92748 1
92749 0
92750 3
92751 2
92752 1
92753 0
92754 3
92755 2
92756 1
92757 0
92758 3
92759 2
92760 1
92761 0
92762 3
92763 2
92764 1
92765 0
92766 3
92767 2
92768 1
92769 0
92770 3
92771 2
92772 1
92773 0
92774 3
92775 2
92776 1
92777 0
92778 3
92779 2
92780 1
92781 0
92782 3
92783 2
92784 1
92785 0
92786 3
92787 2
92788 1
92789 0
92790 3
92791 2
92792 1
92793 0
92794 3
92795 4
92796 2
92797 1
92798 0
92799 3
92800 2
92801 1
92802 0
92803 3
92804 2
92805 1
92806 0
92807 3
92808 2
92809 1
92810 0
92811 3
92812 2
92813 1
92814 0
92815 3
92816 2
92817 1
92818 0
92819 3
92820 2
92821 1
92822 0
92823 3
92824 2
92825 1
92826 0
92827 3
92828 2
92829 1
92830 0
92831 3
92832 2
92833 1
92834 0
92835 3
92836 2
92837 1
92838 0
92839 3
92840 2
92841 1
92842 0
92843 3
92844 2
92845 1
92846 4
92847 0
92848 2
92849 1
92850 3
92851 0
92852 2
92853 1
92854 3
92855 0
92856 2
92857 1
92858 4
92859 3
92860 2
92861 1
92862 0
92863 3
92864 2
92865 1
92866 0
92867 3
92868 2
92869 1
92870 4
92871 0
92872 2
92873 1
92874 3
92875 0
92876 2
92877 1
92878 3
92879 0
92880 2
92881 1
92882 4
92883 3
92884 2
92885 1
92886 0
92887 3
92888 2
92889 1
92890 0
92891 3
92892 4
92893 2
92894 1
92895 0
92896 3
92897 2
92898 1
92899 0
92900 3
92901 2
92902 1
92903 0
92904 3
92905 2
92906 1
92907 0
92908 3
92909 2
92910 1
92911 0
92912 3
92913 2
92914 1
92915 0
92916 3
92917 2
92918 1
92919 0
92920 3
92921 2
92922 1
92923 0
92924 3
92925 2
92926 1
92927 0
92928 3
92929 2
92930 1
92931 0
92932 3
92933 2
92934 1
92935 0
92936 3
92937 2
92938 1
92939 0
92940 3
92941 4
92942 2
92943 1
92944 0
92945 3
92946 2
92947 1
92948 0
92949 3
92950 2
92951 1
92952 0
92953 3
92954 2
92955 1
92956 0
92957 3
92958 2
92959 1
92960 0
92961 3
92962 2
92963 1
92964 0
92965 3
92966 2
92967 1
92968 0
92969 3
92970 2
92971 1
92972 0
92973 3
92974 2
92975 1
92976 0
92977 3
92978 2
92979 1
92980 0
92981 3
92982 2
92983 1
92984 0
92985 3
92986 2
92987 1
92988 0
92989 3
92990 4
92991 2
92992 1
92993 0
92994 3
92995 2
92996 1
92997 0
92998 3
92999 2
93000 1
93001 0
93002 3
93003 2
93004 1
93005 0
93006 3
93007 2
93008 1
93009 0
93010 3
93011 2
93012 1
93013 0
93014 3
93015 2
93016 1
93017 0
93018 3
93019 2
93020 1
93021 0
93022 3
93023 2
93024 1
93025 0
93026 3
93027 2
93028 1
93029 0
93030 3
93031 2
93032 1
93033 0
93034 3
93035 2
93036 1
93037 0
93038 3
93039 2
93040 1
93041 4
93042 0
93043 2
93044 1
93045 3
93046 0
93047 2
93048 1
93049 3
93050 0
93051 2
93052 1
93053 4
93054 3
93055 2
93056 1
93057 0
93058 3
93059 2
93060 1
93061 0
93062 3
93063 2
93064 1
93065 4
93066 0
93067 2
93068 1
93069 3
93070 0
93071 2
93072 1
93073 3
93074 0
93075 2
93076 1
93077 4
93078 3
93079 2
93080 1
93081 0
93082 3
93083 2
93084 1
93085 0
93086 3
93087 4
93088 2
93089 1
93090 0
93091 3
93092 2
93093 1
93094 0
93095 3
93096 2
93097 1
93098 0
93099 3
93100 2
93101 1
93102 0
93103 3
93104 2
93105 1
93106 0
93107 3
93108 2
93109 1
93110 0
93111 3
93112 2
93113 1
93114 0
93115 3
93116 2
93117 1
93118 0
93119 3
93120 2
93121 1
93122 0
93123 3
93124 2
93125 1
93126 0
93127 3
93128 2
93129 1
93130 0
93131 3
93132 2
93133 1
93134 0
93135 3
93136 4
93137 2
93138 1
93139 0
93140 3
93141 2
93142 1
93143 0
93144 3
93145 2
93146 1
93147 0
93148 3
93149 2
93150 1
93151 0
93152 3
93153 2
93154 1
93155 0
93156 3
93157 2
93158 1
93159 0
93160 3
93161 2
93162 1
93163 0
93164 3
93165 2
93166 1
93167 0
93168 3
93169 2
93170 1
93171 0
93172 3
93173 2
93174 1
93175 0
93176 3
93177 2
93178 1
93179 0
93180 3
93181 2
93182 1
93183 0
93184 3
93185 4
93186 2
93187 1
93188 0
93189 3
93190 2
93191 1
93192 0
93193 3
93194 2
93195 1
93196 0
93197 3
93198 2
93199 1
93200 0
93201 3
93202 2
93203 1
93204 0
93205 3
93206 2
93207 1
93208 0
93209 3
93210 2
93211 1
93212 0
93213 3
93214 2
93215 1
93216 0
93217 3
93218 2
93219 1
93220 0
93221 3
93222 2
93223 1
93224 0
93225 3
93226 2
93227 1
93228 0
93229 3
93230 2
93231 1
93232 0
93233 3
93234 2
93235 1
93236 4
93237 0
93238 2
93239 1
93240 3
93241 0
93242 2
93243 1
93244 3
93245 0
93246 2
93247 1
93248 4
93249 3
93250 2
93251 1
93252 0
93253 3
93254 2
93255 1
93256 0
93257 3
93258 4
93259 2
93260 1
93261 0
93262 3
93263 2
93264 1
93265 0
93266 3
93267 2
93268 1
93269 0
93270 3
93271 2
93272 1
93273 0
93274 3
93275 2
93276 1
93277 0
93278 3
93279 2
93280 1
93281 0
93282 3
93283 4
93284 2
93285 1
93286 0
93287 3
93288 2
93289 1
93290 0
93291 3
93292 2
93293 1
93294 0
93295 3
93296 2
93297 1
93298 0
93299 3
93300 2
93301 1
93302 0
93303 3
93304 2
93305 1
93306 0
93307 3
93308 2
93309 1
93310 0
93311 3
93312 2
93313 1
93314 0
93315 3
93316 2
93317 1
93318 0
93319 3
93320 2
93321 1
93322 0
93323 3
93324 2
93325 1
93326 0
93327 3
93328 2
93329 1
93330 0
93331 3
93332 2
93333 1
93334 4
93335 0
93336 2
93337 1
93338 3
93339 0
93340 2
93341 1
93342 3
93343 0
93344 2
93345 1
93346 4
93347 3
93348 2
93349 1
93350 0
93351 3
93352 2
93353 1
93354 0
93355 3
93356 4
93357 2
93358 1
93359 0
93360 3
93361 2
93362 1
93363 0
93364 3
93365 2
93366 1
93367 0
93368 3
93369 2
93370 1
93371 0
93372 3
93373 2
93374 1
93375 0
93376 3
93377 2
93378 1
93379 0
93380 3
93381 4
93382 2
93383 1
93384 0
93385 3
93386 2
93387 1
93388 0
93389 3
93390 2
93391 1
93392 0
93393 3
93394 2
93395 1
93396 0
93397 3
93398 2
93399 1
93400 0
93401 3
93402 2
93403 1
93404 0
93405 3
93406 2
93407 1
93408 0
93409 3
93410 2
93411 1
93412 0
93413 3
93414 2
93415 1
93416 0
93417 3
93418 2
93419 1
93420 0
93421 3
93422 2
93423 1
93424 0
93425 3
93426 2
93427 1
93428 0
93429 3
93430 2
93431 1
93432 4
93433 0
93434 2
93435 1
93436 3
93437 0
93438 2
93439 1
93440 3
93441 0
93442 2
93443 1
93444 4
93445 3
93446 2
93447 1
93448 0
93449 3
93450 2
93451 1
93452 0
93453 3
93454 2
93455 1
93456 4
93457 0
93458 2
93459 1
93460 3
93461 0
93462 2
93463 1
93464 3
93465 0
93466 2
93467 1
93468 4
93469 3
93470 2
93471 1
93472 0
93473 3
93474 2
93475 1
93476 0
93477 3
93478 4
93479 2
93480 1
93481 0
93482 3
93483 2
93484 1
93485 0
93486 3
93487 2
93488 1
93489 0
93490 3
93491 2
93492 1
93493 0
93494 3
93495 2
93496 1
93497 0
93498 3
93499 2
93500 1
93501 0
93502 3
93503 2
93504 1
93505 0
93506 3
93507 2
93508 1
93509 0
93510 3
93511 2
93512 1
93513 0
93514 3
93515 2
93516 1
93517 0
93518 3
93519 2
93520 1
93521 0
93522 3
93523 2
93524 1
93525 0
93526 3
93527 4
93528 2
93529 1
93530 0
93531 3
93532 2
93533 1
93534 0
93535 3
93536 2
93537 1
93538 0
93539 3
93540 2
93541 1
93542 0
93543 3
93544 2
93545 1
93546 0
93547 3
93548 2
93549 1
93550 0
93551 3
93552 2
93553 1
93554 0
93555 3
93556 2
93557 1
93558 0
93559 3
93560 2
93561 1
93562 0
93563 3
93564 2
93565 1
93566 0
93567 3
93568 2
93569 1
93570 0
93571 3
93572 2
93573 1
93574 0
93575 3
93576 4
93577 2
93578 1
93579 0
93580 3
93581 2
93582 1
93583 0
93584 3
93585 2
93586 1
93587 0
93588 3
93589 2
93590 1
93591 0
93592 3
93593 2
93594 1
93595 0
93596 3
93597 2
93598 1
93599 0
93600 3
93601 2
93602 1
93603 0
93604 3
93605 2
93606 1
93607 0
93608 3
93609 2
93610 1
93611 0
93612 3
93613 2
93614 1
93615 0
93616 3
93617 2
93618 1
93619 0
93620 3
93621 2
93622 1
93623 0
93624 3
93625 2
93626 1
93627 4
93628 0
93629 2
93630 1
93631 3
93632 0
93633 2
93634 1
93635 3
93636 0
93637 2
93638 1
93639 4
93640 3
93641 2
93642 1
93643 0
93644 3
93645 2
93646 1
93647 0
93648 3
93649 2
93650 1
93651 4
93652 0
93653 2
93654 1
93655 3
93656 0
93657 2
93658 1
93659 3
93660 0
93661 2
93662 1
93663 4
93664 3
93665 2
93666 1
93667 0
93668 3
93669 2
93670 1
93671 0
93672 3
93673 4
93674 2
93675 1
93676 0
93677 3
93678 2
93679 1
93680 0
93681 3
93682 2
93683 1
93684 0
93685 3
93686 2
93687 1
93688 0
93689 3
93690 2
93691 1
93692 0
93693 3
93694 2
93695 1
93696 0
93697 3
93698 2
93699 1
93700 0
93701 3
93702 2
93703 1
93704 0
93705 3
93706 2
93707 1
93708 0
93709 3
93710 2
93711 1
93712 0
93713 3
93714 2
93715 1
93716 0
93717 3
93718 2
93719 1
93720 0
93721 3
93722 2
93723 1
93724 4
93725 0
93726 2
93727 1
93728 3
93729 0
93730 2
93731 1
93732 3
93733 0
93734 2
93735 1
93736 4
93737 3
93738 2
93739 1
93740 0
93741 3
93742 2
93743 1
93744 0
93745 3
93746 4
93747 2
93748 1
93749 0
93750 3
93751 2
93752 1
93753 0
93754 3
93755 2
93756 1
93757 0
93758 3
93759 2
93760 1
93761 0
93762 3
93763 2
93764 1
93765 0
93766 3
93767 2
93768 1
93769 0
93770 3
93771 4
93772 2
93773 1
93774 0
93775 3
93776 2
93777 1
93778 0
93779 3
93780 2
93781 1
93782 0
93783 3
93784 2
93785 1
93786 0
93787 3
93788 2
93789 1
93790 0
93791 3
93792 2
93793 1
93794 0
93795 3
93796 2
93797 1
93798 0
93799 3
93800 2
93801 1
93802 0
93803 3
93804 2
93805 1
93806 0
93807 3
93808 2
93809 1
93810 0
93811 3
93812 2
93813 1
93814 0
93815 3
93816 2
93817 1
93818 0
93819 3
93820 2
93821 1
93822 4
93823 0
93824 2
93825 1
93826 3
93827 0
93828 2
93829 1
93830 3
93831 0
93832 2
93833 1
93834 4
93835 3
93836 2
93837 1
93838 0
93839 3
93840 2
93841 1
93842 0
93843 3
93844 2
93845 1
93846 4
93847 0
93848 2
93849 1
93850 3
93851 0
93852 2
93853 1
93854 3
93855 0
93856 2
93857 1
93858 4
93859 3
93860 2
93861 1
93862 0
93863 3
93864 2
93865 1
93866 0
93867 3
93868 4
93869 2
93870 1
93871 0
93872 3
93873 2
93874 1
93875 0
93876 3
93877 2
93878 1
93879 0
93880 3
93881 2
93882 1
93883 0
93884 3
93885 2
93886 1
93887 0
93888 3
93889 2
93890 1
93891 0
93892 3
93893 2
93894 1
93895 0
93896 3
93897 2
93898 1
93899 0
93900 3
93901 2
93902 1
93903 0
93904 3
93905 2
93906 1
93907 0
93908 3
93909 2
93910 1
93911 0
93912 3
93913 2
93914 1
93915 0
93916 3
93917 4
93918 2
93919 1
93920 0
93921 3
93922 2
93923 1
93924 0
93925 3
93926 2
93927 1
93928 0
93929 3
93930 2
93931 1
93932 0
93933 3
93934 2
93935 1
93936 0
93937 3
93938 2
93939 1
93940 0
93941 3
93942 2
93943 1
93944 0
93945 3
93946 2
93947 1
93948 0
93949 3
93950 2
93951 1
93952 0
93953 3
93954 2
93955 1
93956 0
93957 3
93958 2
93959 1
93960 0
93961 3
93962 2
93963 1
93964 0
93965 3
93966 4
93967 2
93968 1
93969 0
93970 3
93971 2
93972 1
93973 0
93974 3
93975 2
93976 1
93977 0
93978 3
93979 2
93980 1
93981 0
93982 3
93983 2
93984 1
93985 0
93986 3
93987 2
93988 1
93989 0
93990 3
93991 2
93992 1
93993 0
93994 3
93995 2
93996 1
93997 0
93998 3
93999 2
94000 1
94001 0
94002 3
94003 2
94004 1
94005 0
94006 3
94007 2
94008 1
94009 0
94010 3
94011 2
94012 1
94013 0
94014 3
94015 2
94016 1
94017 4
94018 0
94019 2
94020 1
94021 3
94022 0
94023 2
94024 1
94025 3
94026 0
94027 2
94028 1
94029 4
94030 3
94031 2
94032 1
94033 0
94034 3
94035 2
94036 1
94037 0
94038 3
94039 4
94040 2
94041 1
94042 0
94043 3
94044 2
94045 1
94046 0
94047 3
94048 2
94049 1
94050 0
94051 3
94052 2
94053 1
94054 0
94055 3
94056 2
94057 1
94058 0
94059 3
94060 2
94061 1
94062 0
94063 3
94064 4
94065 2
94066 1
94067 0
94068 3
94069 2
94070 1
94071 0
94072 3
94073 2
94074 1
94075 0
94076 3
94077 2
94078 1
94079 0
94080 3
94081 2
94082 1
94083 0
94084 3
94085 2
94086 1
94087 0
94088 3
94089 2
94090 1
94091 0
94092 3
94093 2
94094 1
94095 0
94096 3
94097 2
94098 1
94099 0
94100 3
94101 2
94102 1
94103 0
94104 3
94105 2
94106 1
94107 0
94108 3
94109 2
94110 1
94111 0
94112 3
94113 2
94114 1
94115 4
94116 0
94117 2
94118 1
94119 3
94120 0
94121 2
94122 1
94123 3
94124 0
94125 2
94126 1
94127 4
94128 3
94129 2
94130 1
94131 0
94132 3
94133 2
94134 1
94135 0
94136 3
94137 4
94138 2
94139 1
94140 0
94141 3
94142 2
94143 1
94144 0
94145 3
94146 2
94147 1
94148 0
94149 3
94150 2
94151 1
94152 0
94153 3
94154 2
94155 1
94156 0
94157 3
94158 2
94159 1
94160 0
94161 3
94162 4
94163 2
94164 1
94165 0
94166 3
94167 2
94168 1
94169 0
94170 3
94171 2
94172 1
94173 0
94174 3
94175 2
94176 1
94177 0
94178 3
94179 2
94180 1
94181 0
94182 3
94183 2
94184 1
94185 0
94186 3
94187 2
94188 1
94189 0
94190 3
94191 2
94192 1
94193 0
94194 3
94195 2
94196 1
94197 0
94198 3
94199 2
94200 1
94201 0
94202 3
94203 2
94204 1
94205 0
94206 3
94207 2
94208 1
94209 0
94210 3
94211 2
94212 1
94213 4
94214 0
94215 2
94216 1
94217 3
94218 0
94219 2
94220 1
94221 3
94222 0
94223 2
94224 1
94225 4
94226 3
94227 2
94228 1
94229 0
94230 3
94231 2
94232 1
94233 0
94234 3
94235 2
94236 1
94237 4
94238 0
94239 2
94240 1
94241 3
94242 0
94243 2
94244 1
94245 3
94246 0
94247 2
94248 1
94249 4
94250 3
94251 2
94252 1
94253 0
94254 3
94255 2
94256 1
94257 0
94258 3
94259 4
94260 2
94261 1
94262 0
94263 3
94264 2
94265 1
94266 0
94267 3
94268 2
94269 1
94270 0
94271 3
94272 2
94273 1
94274 0
94275 3
94276 2
94277 1
94278 0
94279 3
94280 2
94281 1
94282 0
94283 3
94284 2
94285 1
94286 0
94287 3
94288 2
94289 1
94290 0
94291 3
94292 2
94293 1
94294 0
94295 3
94296 2
94297 1
94298 0
94299 3
94300 2
94301 1
94302 0
94303 3
94304 2
94305 1
94306 0
94307 3
94308 4
94309 2
94310 1
94311 0
94312 3
94313 2
94314 1
94315 0
94316 3
94317 2
94318 1
94319 0
94320 3
94321 2
94322 1
94323 0
94324 3
94325 2
94326 1
94327 0
94328 3
94329 2
94330 1
94331 0
94332 3
94333 2
94334 1
94335 0
94336 3
94337 2
94338 1
94339 0
94340 3
94341 2
94342 1
94343 0
94344 3
94345 2
94346 1
94347 0
94348 3
94349 2
94350 1
94351 0
94352 3
94353 2
94354 1
94355 0
94356 3
94357 4
94358 2
94359 1
94360 0
94361 3
94362 2
94363 1
94364 0
94365 3
94366 2
94367 1
94368 0
94369 3
94370 2
94371 1
94372 0
94373 3
94374 2
94375 1
94376 0
94377 3
94378 2
94379 1
94380 0
94381 3
94382 2
94383 1
94384 0
94385 3
94386 2
94387 1
94388 0
94389 3
94390 2
94391 1
94392 0
94393 3
94394 2
94395 1
94396 0
94397 3
94398 2
94399 1
94400 0
94401 3
94402 2
94403 1
94404 0
94405 3
94406 2
94407 1
94408 4
94409 0
94410 2
94411 1
94412 3
94413 0
94414 2
94415 1
94416 3
94417 0
94418 2
94419 1
94420 4
94421 3
94422 2
94423 1
94424 0
94425 3
94426 2
94427 1
94428 0
94429 3
94430 2
94431 1
94432 4
94433 0
94434 2
94435 1
94436 3
94437 0
94438 2
94439 1
94440 3
94441 0
94442 2
94443 1
94444 4
94445 3
94446 2
94447 1
94448 0
94449 3
94450 2
94451 1
94452 0
94453 3
94454 4
94455 2
94456 1
94457 0
94458 3
94459 2
94460 1
94461 0
94462 3
94463 2
94464 1
94465 0
94466 3
94467 2
94468 1
94469 0
94470 3
94471 2
94472 1
94473 0
94474 3
94475 2
94476 1
94477 0
94478 3
94479 2
94480 1
94481 0
94482 3
94483 2
94484 1
94485 0
94486 3
94487 2
94488 1
94489 0
94490 3
94491 2
94492 1
94493 0
94494 3
94495 2
94496 1
94497 0
94498 3
94499 2
94500 1
94501 0
94502 3
94503 4
94504 2
94505 1
94506 0
94507 3
94508 2
94509 1
94510 0
94511 3
94512 2
94513 1
94514 0
94515 3
94516 2
94517 1
94518 0
94519 3
94520 2
94521 1
94522 0
94523 3
94524 2
94525 1
94526 0
94527 3
94528 2
94529 1
94530 0
94531 3
94532 2
94533 1
94534 0
94535 3
94536 2
94537 1
94538 0
94539 3
94540 2
94541 1
94542 0
94543 3
94544 2
94545 1
94546 0
94547 3
94548 2
94549 1
94550 0
94551 3
94552 4
94553 2
94554 1
94555 0
94556 3
94557 2
94558 1
94559 0
94560 3
94561 2
94562 1
94563 0
94564 3
94565 2
94566 1
94567 0
94568 3
94569 2
94570 1
94571 0
94572 3
94573 2
94574 1
94575 0
94576 3
94577 2
94578 1
94579 0
94580 3
94581 2
94582 1
94583 0
94584 3
94585 2
94586 1
94587 0
94588 3
94589 2
94590 1
94591 0
94592 3
94593 2
94594 1
94595 0
94596 3
94597 2
94598 1
94599 0
94600 3
94601 2
94602 1
94603 4
94604 0
94605 2
94606 1
94607 3
94608 0
94609 2
94610 1
94611 3
94612 0
94613 2
94614 1
94615 4
94616 3
94617 2
94618 1
94619 0
94620 3
94621 2
94622 1
94623 0
94624 3
94625 2
94626 1
94627 4
94628 0
94629 2
94630 1
94631 3
94632 0
94633 2
94634 1
94635 3
94636 0
94637 2
94638 1
94639 4
94640 3
94641 2
94642 1
94643 0
94644 3
94645 2
94646 1
94647 0
94648 3
94649 4
94650 2
94651 1
94652 0
94653 3
94654 2
94655 1
94656 0
94657 3
94658 2
94659 1
94660 0
94661 3
94662 2
94663 1
94664 0
94665 3
94666 2
94667 1
94668 0
94669 3
94670 2
94671 1
94672 0
94673 3
94674 2
94675 1
94676 0
94677 3
94678 2
94679 1
94680 0
94681 3
94682 2
94683 1
94684 0
94685 3
94686 2
94687 1
94688 0
94689 3
94690 2
94691 1
94692 0
94693 3
94694 2
94695 1
94696 0
94697 3
94698 4
94699 2
94700 1
94701 0
94702 3
94703 2
94704 1
94705 0
94706 3
94707 2
94708 1
94709 0
94710 3
94711 2
94712 1
94713 0
94714 3
94715 2
94716 1
94717 0
94718 3
94719 2
94720 1
94721 0
94722 3
94723 2
94724 1
94725 0
94726 3
94727 2
94728 1
94729 0
94730 3
94731 2
94732 1
94733 0
94734 3
94735 2
94736 1
94737 0
94738 3
94739 2
94740 1
94741 0
94742 3
94743 2
94744 1
94745 0
94746 3
94747 4
94748 2
94749 1
94750 0
94751 3
94752 2
94753 1
94754 0
94755 3
94756 2
94757 1
94758 0
94759 3
94760 2
94761 1
94762 0
94763 3
94764 2
94765 1
94766 0
94767 3
94768 2
94769 1
94770 0
94771 3
94772 2
94773 1
94774 0
94775 3
94776 2
94777 1
94778 0
94779 3
94780 2
94781 1
94782 0
94783 3
94784 2
94785 1
94786 0
94787 3
94788 2
94789 1
94790 0
94791 3
94792 2
94793 1
94794 0
94795 3
94796 2
94797 1
94798 4
94799 0
94800 2
94801 1
94802 3
94803 0
94804 2
94805 1
94806 3
94807 0
94808 2
94809 1
94810 4
94811 3
94812 2
94813 1
94814 0
94815 3
94816 2
94817 1
94818 0
94819 3
94820 4
94821 2
94822 1
94823 0
94824 3
94825 2
94826 1
94827 0
94828 3
94829 2
94830 1
94831 0
94832 3
94833 2
94834 1
94835 0
94836 3
94837 2
94838 1
94839 0
94840 3
94841 2
94842 1
94843 0
94844 3
94845 4
94846 2
94847 1
94848 0
94849 3
94850 2
94851 1
94852 0
94853 3
94854 2
94855 1
94856 0
94857 3
94858 2
94859 1
94860 0
94861 3
94862 2
94863 1
94864 0
94865 3
94866 2
94867 1
94868 0
94869 3
94870 2
94871 1
94872 0
94873 3
94874 2
94875 1
94876 0
94877 3
94878 2
94879 1
94880 0
94881 3
94882 2
94883 1
94884 0
94885 3
94886 2
94887 1
94888 0
94889 3
94890 2
94891 1
94892 0
94893 3
94894 2
94895 1
94896 4
94897 0
94898 2
94899 1
94900 3
94901 0
94902 2
94903 1
94904 3
94905 0
94906 2
94907 1
94908 4
94909 3
94910 2
94911 1
94912 0
94913 3
94914 2
94915 1
94916 0
94917 3
94918 4
94919 2
94920 1
94921 0
94922 3
94923 2
94924 1
94925 0
94926 3
94927 2
94928 1
94929 0
94930 3
94931 2
94932 1
94933 0
94934 3
94935 2
94936 1
94937 0
94938 3
94939 2
94940 1
94941 0
94942 3
94943 4
94944 2
94945 1
94946 0
94947 3
94948 2
94949 1
94950 0
94951 3
94952 2
94953 1
94954 0
94955 3
94956 2
94957 1
94958 0
94959 3
94960 2
94961 1
94962 0
94963 3
94964 2
94965 1
94966 0
94967 3
94968 2
94969 1
94970 0
94971 3
94972 2
94973 1
94974 0
94975 3
94976 2
94977 1
94978 0
94979 3
94980 2
94981 1
94982 0
94983 3
94984 2
94985 1
94986 0
94987 3
94988 2
94989 1
94990 0
94991 3
94992 2
94993 1
94994 4
94995 0
94996 2
94997 1
94998 3
94999 0
95000 2
95001 1
95002 3
95003 0
95004 2
95005 1
95006 4
95007 3
95008 2
95009 1
95010 0
95011 3
95012 2
95013 1
95014 0
95015 3
95016 2
95017 1
95018 4
95019 0
95020 2
95021 1
95022 3
95023 0
95024 2
95025 1
95026 3
95027 0
95028 2
95029 1
95030 4
95031 3
95032 2
95033 1
95034 0
95035 3
95036 2
95037 1
95038 0
95039 3
95040 4
95041 2
95042 1
95043 0
95044 3
95045 2
95046 1
95047 0
95048 3
95049 2
95050 1
95051 0
95052 3
95053 2
95054 1
95055 0
95056 3
95057 2
95058 1
95059 0
95060 3
95061 2
95062 1
95063 0
95064 3
95065 2
95066 1
95067 0
95068 3
95069 2
95070 1
95071 0
95072 3
95073 2
95074 1
95075 0
95076 3
95077 2
95078 1
95079 0
95080 3
95081 2
95082 1
95083 0
95084 3
95085 2
95086 1
95087 0
95088 3
95089 4
95090 2
95091 1
95092 0
95093 3
95094 2
95095 1
95096 0
95097 3
95098 2
95099 1
95100 0
95101 3
95102 2
95103 1
95104 0
95105 3
95106 2
95107 1
95108 0
95109 3
95110 2
95111 1
95112 0
95113 3
95114 2
95115 1
95116 0
95117 3
95118 2
95119 1
95120 0
95121 3
95122 2
95123 1
95124 0
95125 3
95126 2
95127 1
95128 0
95129 3
95130 2
95131 1
95132 0
95133 3
95134 2
95135 1
95136 0
95137 3
95138 4
95139 2
95140 1
95141 0
95142 3
95143 2
95144 1
95145 0
95146 3
95147 2
95148 1
95149 0
95150 3
95151 2
95152 1
95153 0
95154 3
95155 2
95156 1
95157 0
95158 3
95159 2
95160 1
95161 0
95162 3
95163 2
95164 1
95165 0
95166 3
95167 2
95168 1
95169 0
95170 3
95171 2
95172 1
95173 0
95174 3
95175 2
95176 1
95177 0
95178 3
95179 2
95180 1
95181 0
95182 3
95183 2
95184 1
95185 0
95186 3
95187 2
95188 1
95189 4
95190 0
95191 2
95192 1
95193 3
95194 0
95195 2
95196 1
95197 3
95198 0
95199 2
95200 1
95201 4
95202 3
95203 2
95204 1
95205 0
95206 3
95207 2
95208 1
95209 0
95210 3
95211 4
95212 2
95213 1
95214 0
95215 3
95216 2
95217 1
95218 0
95219 3
95220 2
95221 1
95222 0
95223 3
95224 2
95225 1
95226 0
95227 3
95228 2
95229 1
95230 0
95231 3
95232 2
95233 1
95234 0
95235 3
95236 4
95237 2
95238 1
95239 0
95240 3
95241 2
95242 1
95243 0
95244 3
95245 2
95246 1
95247 0
95248 3
95249 2
95250 1
95251 0
95252 3
95253 2
95254 1
95255 0
95256 3
95257 2
95258 1
95259 0
95260 3
95261 2
95262 1
95263 0
95264 3
95265 2
95266 1
95267 0
95268 3
95269 2
95270 1
95271 0
95272 3
95273 2
95274 1
95275 0
95276 3
95277 2
95278 1
95279 0
95280 3
95281 2
95282 1
95283 0
95284 3
95285 2
95286 1
95287 4
95288 0
95289 2
95290 1
95291 3
95292 0
95293 2
95294 1
95295 3
95296 0
95297 2
95298 1
95299 4
95300 3
95301 2
95302 1
95303 0
95304 3
95305 2
95306 1
95307 0
95308 3
95309 4
95310 2
95311 1
95312 0
95313 3
95314 2
95315 1
95316 0
95317 3
95318 2
95319 1
95320 0
95321 3
95322 2
95323 1
95324 0
95325 3
95326 2
95327 1
95328 0
95329 3
95330 2
95331 1
95332 0
95333 3
95334 4
95335 2
95336 1
95337 0
95338 3
95339 2
95340 1
95341 0
95342 3
95343 2
95344 1
95345 0
95346 3
95347 2
95348 1
95349 0
95350 3
95351 2
95352 1
95353 0
95354 3
95355 2
95356 1
95357 0
95358 3
95359 2
95360 1
95361 0
95362 3
95363 2
95364 1
95365 0
95366 3
95367 2
95368 1
95369 0
95370 3
95371 2
95372 1
95373 0
95374 3
95375 2
95376 1
95377 0
95378 3
95379 2
95380 1
95381 0
95382 3
95383 2
95384 1
95385 4
95386 0
95387 2
95388 1
95389 3
95390 0
95391 2
95392 1
95393 3
95394 0
95395 2
95396 1
95397 4
95398 3
95399 2
95400 1
95401 0
95402 3
95403 2
95404 1
95405 0
95406 3
95407 2
95408 1
95409 4
95410 0
95411 2
95412 1
95413 3
95414 0
95415 2
95416 1
95417 3
95418 0
95419 2
95420 1
95421 4
95422 3
95423 2
95424 1
95425 0
95426 3
95427 2
95428 1
95429 0
95430 3
95431 4
95432 2
95433 1
95434 0
95435 3
95436 2
95437 1
95438 0
95439 3
95440 2
95441 1
95442 0
95443 3
95444 2
95445 1
95446 0
95447 3
95448 2
95449 1
95450 0
95451 3
95452 2
95453 1
95454 0
95455 3
95456 2
95457 1
95458 0
95459 3
95460 2
95461 1
95462 0
95463 3
95464 2
95465 1
95466 0
95467 3
95468 2
95469 1
95470 0
95471 3
95472 2
95473 1
95474 0
95475 3
95476 2
95477 1
95478 0
95479 3
95480 4
95481 2
95482 1
95483 0
95484 3
95485 2
95486 1
95487 0
95488 3
95489 2
95490 1
95491 0
95492 3
95493 2
95494 1
95495 0
95496 3
95497 2
95498 1
95499 0
95500 3
95501 2
95502 1
95503 0
95504 3
95505 2
95506 1
95507 0
95508 3
95509 2
95510 1
95511 0
95512 3
95513 2
95514 1
95515 0
95516 3
95517 2
95518 1
95519 0
95520 3
95521 2
95522 1
95523 0
95524 3
95525 2
95526 1
95527 0
95528 3
95529 4
95530 2
95531 1
95532 0
95533 3
95534 2
95535 1
95536 0
95537 3
95538 2
95539 1
95540 0
95541 3
95542 2
95543 1
95544 0
95545 3
95546 2
95547 1
95548 0
95549 3
95550 2
95551 1
95552 0
95553 3
95554 2
95555 1
95556 0
95557 3
95558 2
95559 1
95560 0
95561 3
95562 2
95563 1
95564 0
95565 3
95566 2
95567 1
95568 0
95569 3
95570 2
95571 1
95572 0
95573 3
95574 2
95575 1
95576 0
95577 3
95578 2
95579 1
95580 4
95581 0
95582 2
95583 1
95584 3
95585 0
95586 2
95587 1
95588 3
95589 0
95590 2
95591 1
95592 4
95593 3
95594 2
95595 1
95596 0
95597 3
95598 2
95599 1
95600 0
95601 3
95602 4
95603 2
95604 1
95605 0
95606 3
95607 2
95608 1
95609 0
95610 3
95611 2
95612 1
95613 0
95614 3
95615 2
95616 1
95617 0
95618 3
95619 2
95620 1
95621 0
95622 3
95623 2
95624 1
95625 0
95626 3
95627 4
95628 2
95629 1
95630 0
95631 3
95632 2
95633 1
95634 0
95635 3
95636 2
95637 1
95638 0
95639 3
95640 2
95641 1
95642 0
95643 3
95644 2
95645 1
95646 0
95647 3
95648 2
95649 1
95650 0
95651 3
95652 2
95653 1
95654 0
95655 3
95656 2
95657 1
95658 0
95659 3
95660 2
95661 1
95662 0
95663 3
95664 2
95665 1
95666 0
95667 3
95668 2
95669 1
95670 0
95671 3
95672 2
95673 1
95674 0
95675 3
95676 2
95677 1
95678 4
95679 0
95680 2
95681 1
95682 3
95683 0
95684 2
95685 1
95686 3
95687 0
95688 2
95689 1
95690 4
95691 3
95692 2
95693 1
95694 0
95695 3
95696 2
95697 1
95698 0
95699 3
95700 4
95701 2
95702 1
95703 0
95704 3
95705 2
95706 1
95707 0
95708 3
95709 2
95710 1
95711 0
95712 3
95713 2
95714 1
95715 0
95716 3
95717 2
95718 1
95719 0
95720 3
95721 2
95722 1
95723 0
95724 3
95725 4
95726 2
95727 1
95728 0
95729 3
95730 2
95731 1
95732 0
95733 3
95734 2
95735 1
95736 0
95737 3
95738 2
95739 1
95740 0
95741 3
95742 2
95743 1
95744 0
95745 3
95746 2
95747 1
95748 0
95749 3
95750 2
95751 1
95752 0
95753 3
95754 2
95755 1
95756 0
95757 3
95758 2
95759 1
95760 0
95761 3
95762 2
95763 1
95764 0
95765 3
95766 2
95767 1
95768 0
95769 3
95770 2
95771 1
95772 0
95773 3
95774 2
95775 1
95776 4
95777 0
95778 2
95779 1
95780 3
95781 0
95782 2
95783 1
95784 3
95785 0
95786 2
95787 1
95788 4
95789 3
95790 2
95791 1
95792 0
95793 3
95794 2
95795 1
95796 0
95797 3
95798 2
95799 1
95800 4
95801 0
95802 2
95803 1
95804 3
95805 0
95806 2
95807 1
95808 3
95809 0
95810 2
95811 1
95812 4
95813 3
95814 2
95815 1
95816 0
95817 3
95818 2
95819 1
95820 0
95821 3
95822 4
95823 2
95824 1
95825 0
95826 3
95827 2
95828 1
95829 0
95830 3
95831 2
95832 1
95833 0
95834 3
95835 2
95836 1
95837 0
95838 3
95839 2
95840 1
95841 0
95842 3
95843 2
95844 1
95845 0
95846 3
95847 2
95848 1
95849 0
95850 3
95851 2
95852 1
95853 0
95854 3
95855 2
95856 1
95857 0
95858 3
95859 2
95860 1
95861 0
95862 3
95863 2
95864 1
95865 0
95866 3
95867 2
95868 1
95869 0
95870 3
95871 4
95872 2
95873 1
95874 0
95875 3
95876 2
95877 1
95878 0
95879 3
95880 2
95881 1
95882 0
95883 3
95884 2
95885 1
95886 0
95887 3
95888 2
95889 1
95890 0
95891 3
95892 2
95893 1
95894 0
95895 3
95896 2
95897 1
95898 0
95899 3
95900 2
95901 1
95902 0
95903 3
95904 2
95905 1
95906 0
95907 3
95908 2
95909 1
95910 0
95911 3
95912 2
95913 1
95914 0
95915 3
95916 2
95917 1
95918 0
95919 3
95920 4
95921 2
95922 1
95923 0
95924 3
95925 2
95926 1
95927 0
95928 3
95929 2
95930 1
95931 0
95932 3
95933 2
95934 1
95935 0
95936 3
95937 2
95938 1
95939 0
95940 3
95941 2
95942 1
95943 0
95944 3
95945 2
95946 1
95947 0
95948 3
95949 2
95950 1
95951 0
95952 3
95953 2
95954 1
95955 0
95956 3
95957 2
95958 1
95959 0
95960 3
95961 2
95962 1
95963 0
95964 3
95965 2
95966 1
95967 0
95968 3
95969 2
95970 1
95971 4
95972 0
95973 2
95974 1
95975 3
95976 0
95977 2
95978 1
95979 3
95980 0
95981 2
95982 1
95983 4
95984 3
95985 2
95986 1
95987 0
95988 3
95989 2
95990 1
95991 0
95992 3
95993 2
95994 1
95995 4
95996 0
95997 2
95998 1
95999 3
96000 0
96001 2
96002 1
96003 3
96004 0
96005 2
96006 1
96007 4
96008 3
96009 2
96010 1
96011 0
96012 3
96013 2
96014 1
96015 0
96016 3
96017 4
96018 2
96019 1
96020 0
96021 3
96022 2
96023 1
96024 0
96025 3
96026 2
96027 1
96028 0
96029 3
96030 2
96031 1
96032 0
96033 3
96034 2
96035 1
96036 0
96037 3
96038 2
96039 1
96040 0
96041 3
96042 2
96043 1
96044 0
96045 3
96046 2
96047 1
96048 0
96049 3
96050 2
96051 1
96052 0
96053 3
96054 2
96055 1
96056 0
96057 3
96058 2
96059 1
96060 0
96061 3
96062 2
96063 1
96064 0
96065 3
96066 4
96067 2
96068 1
96069 0
96070 3
96071 2
96072 1
96073 0
96074 3
96075 2
96076 1
96077 0
96078 3
96079 2
96080 1
96081 0
96082 3
96083 2
96084 1
96085 0
96086 3
96087 2
96088 1
96089 0
96090 3
96091 2
96092 1
96093 0
96094 3
96095 2
96096 1
96097 0
96098 3
96099 2
96100 1
96101 0
96102 3
96103 2
96104 1
96105 0
96106 3
96107 2
96108 1
96109 0
96110 3
96111 2
96112 1
96113 0
96114 3
96115 4
96116 2
96117 1
96118 0
96119 3
96120 2
96121 1
96122 0
96123 3
96124 2
96125 1
96126 0
96127 3
96128 2
96129 1
96130 0
96131 3
96132 2
96133 1
96134 0
96135 3
96136 2
96137 1
96138 0
96139 3
96140 2
96141 1
96142 0
96143 3
96144 2
96145 1
96146 0
96147 3
96148 2
96149 1
96150 0
96151 3
96152 2
96153 1
96154 0
96155 3
96156 2
96157 1
96158 0
96159 3
96160 2
96161 1
96162 0
96163 3
96164 2
96165 1
96166 4
96167 0
96168 2
96169 1
96170 3
96171 0
96172 2
96173 1
96174 3
96175 0
96176 2
96177 1
96178 4
96179 3
96180 2
96181 1
96182 0
96183 3
96184 2
96185 1
96186 0
96187 3
96188 2
96189 1
96190 4
96191 0
96192 2
96193 1
96194 3
96195 0
96196 2
96197 1
96198 3
96199 0
96200 2
96201 1
96202 4
96203 3
96204 2
96205 1
96206 0
96207 3
96208 2
96209 1
96210 0
96211 3
96212 4
96213 2
96214 1
96215 0
96216 3
96217 2
96218 1
96219 0
96220 3
96221 2
96222 1
96223 0
96224 3
96225 2
96226 1
96227 0
96228 3
96229 2
96230 1
96231 0
96232 3
96233 2
96234 1
96235 0
96236 3
96237 2
96238 1
96239 0
96240 3
96241 2
96242 1
96243 0
96244 3
96245 2
96246 1
96247 0
96248 3
96249 2
96250 1
96251 0
96252 3
96253 2
96254 1
96255 0
96256 3
96257 2
96258 1
96259 0
96260 3
96261 4
96262 2
96263 1
96264 0
96265 3
96266 2
96267 1
96268 0
96269 3
96270 2
96271 1
96272 0
96273 3
96274 2
96275 1
96276 0
96277 3
96278 2
96279 1
96280 0
96281 3
96282 2
96283 1
96284 0
96285 3
96286 2
96287 1
96288 0
96289 3
96290 2
96291 1
96292 0
96293 3
96294 2
96295 1
96296 0
96297 3
96298 2
96299 1
96300 0
96301 3
96302 2
96303 1
96304 0
96305 3
96306 2
96307 1
96308 0
96309 3
96310 4
96311 2
96312 1
96313 0
96314 3
96315 2
96316 1
96317 0
96318 3
96319 2
96320 1
96321 0
96322 3
96323 2
96324 1
96325 0
96326 3
96327 2
96328 1
96329 0
96330 3
96331 2
96332 1
96333 0
96334 3
96335 2
96336 1
96337 0
96338 3
96339 2
96340 1
96341 0
96342 3
96343 2
96344 1
96345 0
96346 3
96347 2
96348 1
96349 0
96350 3
96351 2
96352 1
96353 0
96354 3
96355 2
96356 1
96357 0
96358 3
96359 2
96360 1
96361 4
96362 0
96363 2
96364 1
96365 3
96366 0
96367 2
96368 1
96369 3
96370 0
96371 2
96372 1
96373 4
96374 3
96375 2
96376 1
96377 0
96378 3
96379 2
96380 1
96381 0
96382 3
96383 4
96384 2
96385 1
96386 0
96387 3
96388 2
96389 1
96390 0
96391 3
96392 2
96393 1
96394 0
96395 3
96396 2
96397 1
96398 0
96399 3
96400 2
96401 1
96402 0
96403 3
96404 2
96405 1
96406 0
96407 3
96408 4
96409 2
96410 1
96411 0
96412 3
96413 2
96414 1
96415 0
96416 3
96417 2
96418 1
96419 0
96420 3
96421 2
96422 1
96423 0
96424 3
96425 2
96426 1
96427 0
96428 3
96429 2
96430 1
96431 0
96432 3
96433 2
96434 1
96435 0
96436 3
96437 2
96438 1
96439 0
96440 3
96441 2
96442 1
96443 0
96444 3
96445 2
96446 1
96447 0
96448 3
96449 2
96450 1
96451 0
96452 3
96453 2
96454 1
96455 0
96456 3
96457 2
96458 1
96459 4
96460 0
96461 2
96462 1
96463 3
96464 0
96465 2
96466 1
96467 3
96468 0
96469 2
96470 1
96471 4
96472 3
96473 2
96474 1
96475 0
96476 3
96477 2
96478 1
96479 0
96480 3
96481 4
96482 2
96483 1
96484 0
96485 3
96486 2
96487 1
96488 0
96489 3
96490 2
96491 1
96492 0
96493 3
96494 2
96495 1
96496 0
96497 3
96498 2
96499 1
96500 0
96501 3
96502 2
96503 1
96504 0
96505 3
96506 4
96507 2
96508 1
96509 0
96510 3
96511 2
96512 1
96513 0
96514 3
96515 2
96516 1
96517 0
96518 3
96519 2
96520 1
96521 0
96522 3
96523 2
96524 1
96525 0
96526 3
96527 2
96528 1
96529 0
96530 3
96531 2
96532 1
96533 0
96534 3
96535 2
96536 1
96537 0
96538 3
96539 2
96540 1
96541 0
96542 3
96543 2
96544 1
96545 0
96546 3
96547 2
96548 1
96549 0
96550 3
96551 2
96552 1
96553 0
96554 3
96555 2
96556 1
96557 4
96558 0
96559 2
96560 1
96561 3
96562 0
96563 2
96564 1
96565 3
96566 0
96567 2
96568 1
96569 4
96570 3
96571 2
96572 1
96573 0
96574 3
96575 2
96576 1
96577 0
96578 3
96579 2
96580 1
96581 4
96582 0
96583 2
96584 1
96585 3
96586 0
96587 2
96588 1
96589 3
96590 0
96591 2
96592 1
96593 4
96594 3
96595 2
96596 1
96597 0
96598 3
96599 2
96600 1
96601 0
96602 3
96603 4
96604 2
96605 1
96606 0
96607 3
96608 2
96609 1
96610 0
96611 3
96612 2
96613 1
96614 0
96615 3
96616 2
96617 1
96618 0
96619 3
96620 2
96621 1
96622 0
96623 3
96624 2
96625 1
96626 0
96627 3
96628 2
96629 1
96630 0
96631 3
96632 2
96633 1
96634 0
96635 3
96636 2
96637 1
96638 0
96639 3
96640 2
96641 1
96642 0
96643 3
96644 2
96645 1
96646 0
96647 3
96648 2
96649 1
96650 0
96651 3
96652 4
96653 2
96654 1
96655 0
96656 3
96657 2
96658 1
96659 0
96660 3
96661 2
96662 1
96663 0
96664 3
96665 2
96666 1
96667 0
96668 3
96669 2
96670 1
96671 0
96672 3
96673 2
96674 1
96675 0
96676 3
96677 2
96678 1
96679 0
96680 3
96681 2
96682 1
96683 0
96684 3
96685 2
96686 1
96687 0
96688 3
96689 2
96690 1
96691 0
96692 3
96693 2
96694 1
96695 0
96696 3
96697 2
96698 1
96699 0
96700 3
96701 4
96702 2
96703 1
96704 0
96705 3
96706 2
96707 1
96708 0
96709 3
96710 2
96711 1
96712 0
96713 3
96714 2
96715 1
96716 0
96717 3
96718 2
96719 1
96720 0
96721 3
96722 2
96723 1
96724 0
96725 3
96726 2
96727 1
96728 0
96729 3
96730 2
96731 1
96732 0
96733 3
96734 2
96735 1
96736 0
96737 3
96738 2
96739 1
96740 0
96741 3
96742 2
96743 1
96744 0
96745 3
96746 2
96747 1
96748 0
96749 3
96750 2
96751 1
96752 4
96753 0
96754 2
96755 1
96756 3
96757 0
96758 2
96759 1
96760 3
96761 0
96762 2
96763 1
96764 4
96765 3
96766 2
96767 1
96768 0
96769 3
96770 2
96771 1
96772 0
96773 3
96774 2
96775 1
96776 4
96777 0
96778 2
96779 1
96780 3
96781 0
96782 2
96783 1
96784 3
96785 0
96786 2
96787 1
96788 4
96789 3
96790 2
96791 1
96792 0
96793 3
96794 2
96795 1
96796 0
96797 3
96798 4
96799 2
96800 1
96801 0
96802 3
96803 2
96804 1
96805 0
96806 3
96807 2
96808 1
96809 0
96810 3
96811 2
96812 1
96813 0
96814 3
96815 2
96816 1
96817 0
96818 3
96819 2
96820 1
96821 0
96822 3
96823 2
96824 1
96825 0
96826 3
96827 2
96828 1
96829 0
96830 3
96831 2
96832 1
96833 0
96834 3
96835 2
96836 1
96837 0
96838 3
96839 2
96840 1
96841 0
96842 3
96843 2
96844 1
96845 0
96846 3
96847 4
96848 2
96849 1
96850 0
96851 3
96852 2
96853 1
96854 0
96855 3
96856 2
96857 1
96858 0
96859 3
96860 2
96861 1
96862 0
96863 3
96864 2
96865 1
96866 0
96867 3
96868 2
96869 1
96870 0
96871 3
96872 2
96873 1
96874 0
96875 3
96876 2
96877 1
96878 0
96879 3
96880 2
96881 1
96882 0
96883 3
96884 2
96885 1
96886 0
96887 3
96888 2
96889 1
96890 0
96891 3
96892 2
96893 1
96894 0
96895 3
96896 4
96897 2
96898 1
96899 0
96900 3
96901 2
96902 1
96903 0
96904 3
96905 2
96906 1
96907 0
96908 3
96909 2
96910 1
96911 0
96912 3
96913 2
96914 1
96915 0
96916 3
96917 2
96918 1
96919 0
96920 3
96921 2
96922 1
96923 0
96924 3
96925 2
96926 1
96927 0
96928 3
96929 2
96930 1
96931 0
96932 3
96933 2
96934 1
96935 0
96936 3
96937 2
96938 1
96939 0
96940 3
96941 2
96942 1
96943 0
96944 3
96945 2
96946 1
96947 4
96948 0
96949 2
96950 1
96951 3
96952 0
96953 2
96954 1
96955 3
96956 0
96957 2
96958 1
96959 4
96960 3
96961 2
96962 1
96963 0
96964 3
96965 2
96966 1
96967 0
96968 3
96969 2
96970 1
96971 4
96972 0
96973 2
96974 1
96975 3
96976 0
96977 2
96978 1
96979 3
96980 0
96981 2
96982 1
96983 4
96984 3
96985 2
96986 1
96987 0
96988 3
96989 2
96990 1
96991 0
96992 3
96993 4
96994 2
96995 1
96996 0
96997 3
96998 2
96999 1
97000 0
97001 3
97002 2
97003 1
97004 0
97005 3
97006 2
97007 1
97008 0
97009 3
97010 2
97011 1
97012 0
97013 3
97014 2
97015 1
97016 0
97017 3
97018 2
97019 1
97020 0
97021 3
97022 2
97023 1
97024 0
97025 3
97026 2
97027 1
97028 0
97029 3
97030 2
97031 1
97032 0
97033 3
97034 2
97035 1
97036 0
97037 3
97038 2
97039 1
97040 0
97041 3
97042 4
97043 2
97044 1
97045 0
97046 3
97047 2
97048 1
97049 0
97050 3
97051 2
97052 1
97053 0
97054 3
97055 2
97056 1
97057 0
97058 3
97059 2
97060 1
97061 0
97062 3
97063 2
97064 1
97065 0
97066 3
97067 2
97068 1
97069 0
97070 3
97071 2
97072 1
97073 0
97074 3
97075 2
97076 1
97077 0
97078 3
97079 2
97080 1
97081 0
97082 3
97083 2
97084 1
97085 0
97086 3
97087 2
97088 1
97089 0
97090 3
97091 4
97092 2
97093 1
97094 0
97095 3
97096 2
97097 1
97098 0
97099 3
97100 2
97101 1
97102 0
97103 3
97104 2
97105 1
97106 0
97107 3
97108 2
97109 1
97110 0
97111 3
97112 2
97113 1
97114 0
97115 3
97116 2
97117 1
97118 0
97119 3
97120 2
97121 1
97122 0
97123 3
97124 2
97125 1
97126 0
97127 3
97128 2
97129 1
97130 0
97131 3
97132 2
97133 1
97134 0
97135 3
97136 2
97137 1
97138 0
97139 3
97140 2
97141 1
97142 4
97143 0
97144 2
97145 1
97146 3
97147 0
97148 2
97149 1
97150 3
97151 0
97152 2
97153 1
97154 4
97155 3
97156 2
97157 1
97158 0
97159 3
97160 2
97161 1
97162 0
97163 3
97164 4
97165 2
97166 1
97167 0
97168 3
97169 2
97170 1
97171 0
97172 3
97173 2
97174 1
97175 0
97176 3
97177 2
97178 1
97179 0
97180 3
97181 2
97182 1
97183 0
97184 3
97185 2
97186 1
97187 0
97188 3
97189 4
97190 2
97191 1
97192 0
97193 3
97194 2
97195 1
97196 0
97197 3
97198 2
97199 1
97200 0
97201 3
97202 2
97203 1
97204 0
97205 3
97206 2
97207 1
97208 0
97209 3
97210 2
97211 1
97212 0
97213 3
97214 2
97215 1
97216 0
97217 3
97218 2
97219 1
97220 0
97221 3
97222 2
97223 1
97224 0
97225 3
97226 2
97227 1
97228 0
97229 3
97230 2
97231 1
97232 0
97233 3
97234 2
97235 1
97236 0
97237 3
97238 2
97239 1
97240 4
97241 0
97242 2
97243 1
97244 3
97245 0
97246 2
97247 1
97248 3
97249 0
97250 2
97251 1
97252 4
97253 3
97254 2
97255 1
97256 0
97257 3
97258 2
97259 1
97260 0
97261 3
97262 4
97263 2
97264 1
97265 0
97266 3
97267 2
97268 1
97269 0
97270 3
97271 2
97272 1
97273 0
97274 3
97275 2
97276 1
97277 0
97278 3
97279 2
97280 1
97281 0
97282 3
97283 2
97284 1
97285 0
97286 3
97287 4
97288 2
97289 1
97290 0
97291 3
97292 2
97293 1
97294 0
97295 3
97296 2
97297 1
97298 0
97299 3
97300 2
97301 1
97302 0
97303 3
97304 2
97305 1
97306 0
97307 3
97308 2
97309 1
97310 0
97311 3
97312 2
97313 1
97314 0
97315 3
97316 2
97317 1
97318 0
97319 3
97320 2
97321 1
97322 0
97323 3
97324 2
97325 1
97326 0
97327 3
97328 2
97329 1
97330 0
97331 3
97332 2
97333 1
97334 0
97335 3
97336 2
97337 1
97338 4
97339 0
97340 2
97341 1
97342 3
97343 0
97344 2
97345 1
97346 3
97347 0
97348 2
97349 1
97350 4
97351 3
97352 2
97353 1
97354 0
97355 3
97356 2
97357 1
97358 0
97359 3
97360 2
97361 1
97362 4
97363 0
97364 2
97365 1
97366 3
97367 0
97368 2
97369 1
97370 3
97371 0
97372 2
97373 1
97374 4
97375 3
97376 2
97377 1
97378 0
97379 3
97380 2
97381 1
97382 0
97383 3
97384 4
97385 2
97386 1
97387 0
97388 3
97389 2
97390 1
97391 0
97392 3
97393 2
97394 1
97395 0
97396 3
97397 2
97398 1
97399 0
97400 3
97401 2
97402 1
97403 0
97404 3
97405 2
97406 1
97407 0
97408 3
97409 2
97410 1
97411 0
97412 3
97413 2
97414 1
97415 0
97416 3
97417 2
97418 1
97419 0
97420 3
97421 2
97422 1
97423 0
97424 3
97425 2
97426 1
97427 0
97428 3
97429 2
97430 1
97431 0
97432 3
97433 4
97434 2
97435 1
97436 0
97437 3
97438 2
97439 1
97440 0
97441 3
97442 2
97443 1
97444 0
97445 3
97446 2
97447 1
97448 0
97449 3
97450 2
97451 1
97452 0
97453 3
97454 2
97455 1
97456 0
97457 3
97458 2
97459 1
97460 0
97461 3
97462 2
97463 1
97464 0
97465 3
97466 2
97467 1
97468 0
97469 3
97470 2
97471 1
97472 0
97473 3
97474 2
97475 1
97476 0
97477 3
97478 2
97479 1
97480 0
97481 3
97482 4
97483 2
97484 1
97485 0
97486 3
97487 2
97488 1
97489 0
97490 3
97491 2
97492 1
97493 0
97494 3
97495 2
97496 1
97497 0
97498 3
97499 2
97500 1
97501 0
97502 3
97503 2
97504 1
97505 0
97506 3
97507 2
97508 1
97509 0
97510 3
97511 2
97512 1
97513 0
97514 3
97515 2
97516 1
97517 0
97518 3
97519 2
97520 1
97521 0
97522 3
97523 2
97524 1
97525 0
97526 3
97527 2
97528 1
97529 0
97530 3
97531 2
97532 1
97533 4
97534 0
97535 2
97536 1
97537 3
97538 0
97539 2
97540 1
97541 3
97542 0
97543 2
97544 1
97545 4
97546 3
97547 2
97548 1
97549 0
97550 3
97551 2
97552 1
97553 0
97554 3
97555 2
97556 1
97557 4
97558 0
97559 2
97560 1
97561 3
97562 0
97563 2
97564 1
97565 3
97566 0
97567 2
97568 1
97569 4
97570 3
97571 2
97572 1
97573 0
97574 3
97575 2
97576 1
97577 0
97578 3
97579 4
97580 2
97581 1
97582 0
97583 3
97584 2
97585 1
97586 0
97587 3
97588 2
97589 1
97590 0
97591 3
97592 2
97593 1
97594 0
97595 3
97596 2
97597 1
97598 0
97599 3
97600 2
97601 1
97602 0
97603 3
97604 2
97605 1
97606 0
97607 3
97608 2
97609 1
97610 0
97611 3
97612 2
97613 1
97614 0
97615 3
97616 2
97617 1
97618 0
97619 3
97620 2
97621 1
97622 0
97623 3
97624 2
97625 1
97626 0
97627 3
97628 4
97629 2
97630 1
97631 0
97632 3
97633 2
97634 1
97635 0
97636 3
97637 2
97638 1
97639 0
97640 3
97641 2
97642 1
97643 0
97644 3
97645 2
97646 1
97647 0
97648 3
97649 2
97650 1
97651 0
97652 3
97653 2
97654 1
97655 0
97656 3
97657 2
97658 1
97659 0
97660 3
97661 2
97662 1
97663 0
97664 3
97665 2
97666 1
97667 0
97668 3
97669 2
97670 1
97671 0
97672 3
97673 2
97674 1
97675 0
97676 3
97677 4
97678 2
97679 1
97680 0
97681 3
97682 2
97683 1
97684 0
97685 3
97686 2
97687 1
97688 0
97689 3
97690 2
97691 1
97692 0
97693 3
97694 2
97695 1
97696 0
97697 3
97698 2
97699 1
97700 0
97701 3
97702 2
97703 1
97704 0
97705 3
97706 2
97707 1
97708 0
97709 3
97710 2
97711 1
97712 0
97713 3
97714 2
97715 1
97716 0
97717 3
97718 2
97719 1
97720 0
97721 3
97722 2
97723 1
97724 0
97725 3
97726 2
97727 1
97728 4
97729 0
97730 2
97731 1
97732 3
97733 0
97734 2
97735 1
97736 3
97737 0
97738 2
97739 1
97740 4
97741 3
97742 2
97743 1
97744 0
97745 3
97746 2
97747 1
97748 0
97749 3
97750 2
97751 1
97752 4
97753 0
97754 2
97755 1
97756 3
97757 0
97758 2
97759 1
97760 3
97761 0
97762 2
97763 1
97764 4
97765 3
97766 2
97767 1
97768 0
97769 3
97770 2
97771 1
97772 0
97773 3
97774 4
97775 2
97776 1
97777 0
97778 3
97779 2
97780 1
97781 0
97782 3
97783 2
97784 1
97785 0
97786 3
97787 2
97788 1
97789 0
97790 3
97791 2
97792 1
97793 0
97794 3
97795 2
97796 1
97797 0
97798 3
97799 2
97800 1
97801 0
97802 3
97803 2
97804 1
97805 0
97806 3
97807 2
97808 1
97809 0
97810 3
97811 2
97812 1
97813 0
97814 3
97815 2
97816 1
97817 0
97818 3
97819 2
97820 1
97821 0
97822 3
97823 4
97824 2
97825 1
97826 0
97827 3
97828 2
97829 1
97830 0
97831 3
97832 2
97833 1
97834 0
97835 3
97836 2
97837 1
97838 0
97839 3
97840 2
97841 1
97842 0
97843 3
97844 2
97845 1
97846 0
97847 3
97848 2
97849 1
97850 0
97851 3
97852 2
97853 1
97854 0
97855 3
97856 2
97857 1
97858 0
97859 3
97860 2
97861 1
97862 0
97863 3
97864 2
97865 1
97866 0
97867 3
97868 2
97869 1
97870 0
97871 3
97872 4
97873 2
97874 1
97875 0
97876 3
97877 2
97878 1
97879 0
97880 3
97881 2
97882 1
97883 0
97884 3
97885 2
97886 1
97887 0
97888 3
97889 2
97890 1
97891 0
97892 3
97893 2
97894 1
97895 0
97896 3
97897 2
97898 1
97899 0
97900 3
97901 2
97902 1
97903 0
97904 3
97905 2
97906 1
97907 0
97908 3
97909 2
97910 1
97911 0
97912 3
97913 2
97914 1
97915 0
97916 3
97917 2
97918 1
97919 0
97920 3
97921 2
97922 1
97923 4
97924 0
97925 2
97926 1
97927 3
97928 0
97929 2
97930 1
97931 3
97932 0
97933 2
97934 1
97935 4
97936 3
97937 2
97938 1
97939 0
97940 3
97941 2
97942 1
97943 0
97944 3
97945 4
97946 2
97947 1
97948 0
97949 3
97950 2
97951 1
97952 0
97953 3
97954 2
97955 1
97956 0
97957 3
97958 2
97959 1
97960 0
97961 3
97962 2
97963 1
97964 0
97965 3
97966 2
97967 1
97968 0
97969 3
97970 4
97971 2
97972 1
97973 0
97974 3
97975 2
97976 1
97977 0
97978 3
97979 2
97980 1
97981 0
97982 3
97983 2
97984 1
97985 0
97986 3
97987 2
97988 1
97989 0
97990 3
97991 2
97992 1
97993 0
97994 3
97995 2
97996 1
97997 0
97998 3
97999 2
98000 1
98001 0
98002 3
98003 2
98004 1
98005 0
98006 3
98007 2
98008 1
98009 0
98010 3
98011 2
98012 1
98013 0
98014 3
98015 2
98016 1
98017 0
98018 3
98019 2
98020 1
98021 4
98022 0
98023 2
98024 1
98025 3
98026 0
98027 2
98028 1
98029 3
98030 0
98031 2
98032 1
98033 4
98034 3
98035 2
98036 1
98037 0
98038 3
98039 2
98040 1
98041 0
98042 3
98043 4
98044 2
98045 1
98046 0
98047 3
98048 2
98049 1
98050 0
98051 3
98052 2
98053 1
98054 0
98055 3
98056 2
98057 1
98058 0
98059 3
98060 2
98061 1
98062 0
98063 3
98064 2
98065 1
98066 0
98067 3
98068 4
98069 2
98070 1
98071 0
98072 3
98073 2
98074 1
98075 0
98076 3
98077 2
98078 1
98079 0
98080 3
98081 2
98082 1
98083 0
98084 3
98085 2
98086 1
98087 0
98088 3
98089 2
98090 1
98091 0
98092 3
98093 2
98094 1
98095 0
98096 3
98097 2
98098 1
98099 0
98100 3
98101 2
98102 1
98103 0
98104 3
98105 2
98106 1
98107 0
98108 3
98109 2
98110 1
98111 0
98112 3
98113 2
98114 1
98115 0
98116 3
98117 2
98118 1
98119 4
98120 0
98121 2
98122 1
98123 3
98124 0
98125 2
98126 1
98127 3
98128 0
98129 2
98130 1
98131 4
98132 3
98133 2
98134 1
98135 0
98136 3
98137 2
98138 1
98139 0
98140 3
98141 2
98142 1
98143 4
98144 0
98145 2
98146 1
98147 3
98148 0
98149 2
98150 1
98151 3
98152 0
98153 2
98154 1
98155 4
98156 3
98157 2
98158 1
98159 0
98160 3
98161 2
98162 1
98163 0
98164 3
98165 4
98166 2
98167 1
98168 0
98169 3
98170 2
98171 1
98172 0
98173 3
98174 2
98175 1
98176 0
98177 3
98178 2
98179 1
98180 0
98181 3
98182 2
98183 1
98184 0
98185 3
98186 2
98187 1
98188 0
98189 3
98190 2
98191 1
98192 0
98193 3
98194 2
98195 1
98196 0
98197 3
98198 2
98199 1
98200 0
98201 3
98202 2
98203 1
98204 0
98205 3
98206 2
98207 1
98208 0
98209 3
98210 2
98211 1
98212 0
98213 3
98214 4
98215 2
98216 1
98217 0
98218 3
98219 2
98220 1
98221 0
98222 3
98223 2
98224 1
98225 0
98226 3
98227 2
98228 1
98229 0
98230 3
98231 2
98232 1
98233 0
98234 3
98235 2
98236 1
98237 0
98238 3
98239 2
98240 1
98241 0
98242 3
98243 2
98244 1
98245 0
98246 3
98247 2
98248 1
98249 0
98250 3
98251 2
98252 1
98253 0
98254 3
98255 2
98256 1
98257 0
98258 3
98259 2
98260 1
98261 0
98262 3
98263 4
98264 2
98265 1
98266 0
98267 3
98268 2
98269 1
98270 0
98271 3
98272 2
98273 1
98274 0
98275 3
98276 2
98277 1
98278 0
98279 3
98280 2
98281 1
98282 0
98283 3
98284 2
98285 1
98286 0
98287 3
98288 2
98289 1
98290 0
98291 3
98292 2
98293 1
98294 0
98295 3
98296 2
98297 1
98298 0
98299 3
98300 2
98301 1
98302 0
98303 3
98304 2
98305 1
98306 0
98307 3
98308 2
98309 1
98310 0
98311 3
98312 2
98313 1
98314 4
98315 0
98316 2
98317 1
98318 3
98319 0
98320 2
98321 1
98322 3
98323 0
98324 2
98325 1
98326 4
98327 3
98328 2
98329 1
98330 0
98331 3
98332 2
98333 1
98334 0
98335 3
98336 4
98337 2
98338 1
98339 0
98340 3
98341 2
98342 1
98343 0
98344 3
98345 2
98346 1
98347 0
98348 3
98349 2
98350 1
98351 0
98352 3
98353 2
98354 1
98355 0
98356 3
98357 2
98358 1
98359 0
98360 3
98361 4
98362 2
98363 1
98364 0
98365 3
98366 2
98367 1
98368 0
98369 3
98370 2
98371 1
98372 0
98373 3
98374 2
98375 1
98376 0
98377 3
98378 2
98379 1
98380 0
98381 3
98382 2
98383 1
98384 0
98385 3
98386 2
98387 1
98388 0
98389 3
98390 2
98391 1
98392 0
98393 3
98394 2
98395 1
98396 0
98397 3
98398 2
98399 1
98400 0
98401 3
98402 2
98403 1
98404 0
98405 3
98406 2
98407 1
98408 0
98409 3
98410 2
98411 1
98412 4
98413 0
98414 2
98415 1
98416 3
98417 0
98418 2
98419 1
98420 3
98421 0
98422 2
98423 1
98424 4
98425 3
98426 2
98427 1
98428 0
98429 3
98430 2
98431 1
98432 0
98433 3
98434 4
98435 2
98436 1
98437 0
98438 3
98439 2
98440 1
98441 0
98442 3
98443 2
98444 1
98445 0
98446 3
98447 2
98448 1
98449 0
98450 3
98451 2
98452 1
98453 0
98454 3
98455 2
98456 1
98457 0
98458 3
98459 4
98460 2
98461 1
98462 0
98463 3
98464 2
98465 1
98466 0
98467 3
98468 2
98469 1
98470 0
98471 3
98472 2
98473 1
98474 0
98475 3
98476 2
98477 1
98478 0
98479 3
98480 2
98481 1
98482 0
98483 3
98484 2
98485 1
98486 0
98487 3
98488 2
98489 1
98490 0
98491 3
98492 2
98493 1
98494 0
98495 3
98496 2
98497 1
98498 0
98499 3
98500 2
98501 1
98502 0
98503 3
98504 2
98505 1
98506 0
98507 3
98508 2
98509 1
98510 4
98511 0
98512 2
98513 1
98514 3
98515 0
98516 2
98517 1
98518 3
98519 0
98520 2
98521 1
98522 4
98523 3
98524 2
98525 1
98526 0
98527 3
98528 2
98529 1
98530 0
98531 3
98532 2
98533 1
98534 4
98535 0
98536 2
98537 1
98538 3
98539 0
98540 2
98541 1
98542 3
98543 0
98544 2
98545 1
98546 4
98547 3
98548 2
98549 1
98550 0
98551 3
98552 2
98553 1
98554 0
98555 3
98556 4
98557 2
98558 1
98559 0
98560 3
98561 2
98562 1
98563 0
98564 3
98565 2
98566 1
98567 0
98568 3
98569 2
98570 1
98571 0
98572 3
98573 2
98574 1
98575 0
98576 3
98577 2
98578 1
98579 0
98580 3
98581 2
98582 1
98583 0
98584 3
98585 2
98586 1
98587 0
98588 3
98589 2
98590 1
98591 0
98592 3
98593 2
98594 1
98595 0
98596 3
98597 2
98598 1
98599 0
98600 3
98601 2
98602 1
98603 0
98604 3
98605 4
98606 2
98607 1
98608 0
98609 3
98610 2
98611 1
98612 0
98613 3
98614 2
98615 1
98616 0
98617 3
98618 2
98619 1
98620 0
98621 3
98622 2
98623 1
98624 0
98625 3
98626 2
98627 1
98628 0
98629 3
98630 2
98631 1
98632 0
98633 3
98634 2
98635 1
98636 0
98637 3
98638 2
98639 1
98640 0
98641 3
98642 2
98643 1
98644 0
98645 3
98646 2
98647 1
98648 0
98649 3
98650 2
98651 1
98652 0
98653 3
98654 4
98655 2
98656 1
98657 0
98658 3
98659 2
98660 1
98661 0
98662 3
98663 2
98664 1
98665 0
98666 3
98667 2
98668 1
98669 0
98670 3
98671 2
98672 1
98673 0
98674 3
98675 2
98676 1
98677 0
98678 3
98679 2
98680 1
98681 0
98682 3
98683 2
98684 1
98685 0
98686 3
98687 2
98688 1
98689 0
98690 3
98691 2
98692 1
98693 0
98694 3
98695 2
98696 1
98697 0
98698 3
98699 2
98700 1
98701 0
98702 3
98703 2
98704 1
98705 4
98706 0
98707 2
98708 1
98709 3
98710 0
98711 2
98712 1
98713 3
98714 0
98715 2
98716 1
98717 4
98718 3
98719 2
98720 1
98721 0
98722 3
98723 2
98724 1
98725 0
98726 3
98727 4
98728 2
98729 1
98730 0
98731 3
98732 2
98733 1
98734 0
98735 3
98736 2
98737 1
98738 0
98739 3
98740 2
98741 1
98742 0
98743 3
98744 2
98745 1
98746 0
98747 3
98748 2
98749 1
98750 0
98751 3
98752 4
98753 2
98754 1
98755 0
98756 3
98757 2
98758 1
98759 0
98760 3
98761 2
98762 1
98763 0
98764 3
98765 2
98766 1
98767 0
98768 3
98769 2
98770 1
98771 0
98772 3
98773 2
98774 1
98775 0
98776 3
98777 2
98778 1
98779 0
98780 3
98781 2
98782 1
98783 0
98784 3
98785 2
98786 1
98787 0
98788 3
98789 2
98790 1
98791 0
98792 3
98793 2
98794 1
98795 0
98796 3
98797 2
98798 1
98799 0
98800 3
98801 2
98802 1
98803 4
98804 0
98805 2
98806 1
98807 3
98808 0
98809 2
98810 1
98811 3
98812 0
98813 2
98814 1
98815 4
98816 3
98817 2
98818 1
98819 0
98820 3
98821 2
98822 1
98823 0
98824 3
98825 4
98826 2
98827 1
98828 0
98829 3
98830 2
98831 1
98832 0
98833 3
98834 2
98835 1
98836 0
98837 3
98838 2
98839 1
98840 0
98841 3
98842 2
98843 1
98844 0
98845 3
98846 2
98847 1
98848 0
98849 3
98850 4
98851 2
98852 1
98853 0
98854 3
98855 2
98856 1
98857 0
98858 3
98859 2
98860 1
98861 0
98862 3
98863 2
98864 1
98865 0
98866 3
98867 2
98868 1
98869 0
98870 3
98871 2
98872 1
98873 0
98874 3
98875 2
98876 1
98877 0
98878 3
98879 2
98880 1
98881 0
98882 3
98883 2
98884 1
98885 0
98886 3
98887 2
98888 1
98889 0
98890 3
98891 2
98892 1
98893 0
98894 3
98895 2
98896 1
98897 0
98898 3
98899 2
98900 1
98901 4
98902 0
98903 2
98904 1
98905 3
98906 0
98907 2
98908 1
98909 3
98910 0
98911 2
98912 1
98913 4
98914 3
98915 2
98916 1
98917 0
98918 3
98919 2
98920 1
98921 0
98922 3
98923 2
98924 1
98925 4
98926 0
98927 2
98928 1
98929 3
98930 0
98931 2
98932 1
98933 3
98934 0
98935 2
98936 1
98937 4
98938 3
98939 2
98940 1
98941 0
98942 3
98943 2
98944 1
98945 0
98946 3
98947 4
98948 2
98949 1
98950 0
98951 3
98952 2
98953 1
98954 0
98955 3
98956 2
98957 1
98958 0
98959 3
98960 2
98961 1
98962 0
98963 3
98964 2
98965 1
98966 0
98967 3
98968 2
98969 1
98970 0
98971 3
98972 2
98973 1
98974 0
98975 3
98976 2
98977 1
98978 0
98979 3
98980 2
98981 1
98982 0
98983 3
98984 2
98985 1
98986 0
98987 3
98988 2
98989 1
98990 0
98991 3
98992 2
98993 1
98994 0
98995 3
98996 4
98997 2
98998 1
98999 0
99000 3
99001 2
99002 1
99003 0
99004 3
99005 2
99006 1
99007 0
99008 3
99009 2
99010 1
99011 0
99012 3
99013 2
99014 1
99015 0
99016 3
99017 2
99018 1
99019 0
99020 3
99021 2
99022 1
99023 0
99024 3
99025 2
99026 1
99027 0
99028 3
99029 2
99030 1
99031 0
99032 3
99033 2
99034 1
99035 0
99036 3
99037 2
99038 1
99039 0
99040 3
99041 2
99042 1
99043 0
99044 3
99045 4
99046 2
99047 1
99048 0
99049 3
99050 2
99051 1
99052 0
99053 3
99054 2
99055 1
99056 0
99057 3
99058 2
99059 1
99060 0
99061 3
99062 2
99063 1
99064 0
99065 3
99066 2
99067 1
99068 0
99069 3
99070 2
99071 1
99072 0
99073 3
99074 2
99075 1
99076 0
99077 3
99078 2
99079 1
99080 0
99081 3
99082 2
99083 1
99084 0
99085 3
99086 2
99087 1
99088 0
99089 3
99090 2
99091 1
99092 0
99093 3
99094 2
99095 1
99096 4
99097 0
99098 2
99099 1
99100 3
99101 0
99102 2
99103 1
99104 3
99105 0
99106 2
99107 1
99108 4
99109 3
99110 2
99111 1
99112 0
99113 3
99114 2
99115 1
99116 0
99117 3
99118 2
99119 1
99120 4
99121 0
99122 2
99123 1
99124 3
99125 0
99126 2
99127 1
99128 3
99129 0
99130 2
99131 1
99132 4
99133 3
99134 2
99135 1
99136 0
99137 3
99138 2
99139 1
99140 0
99141 3
99142 4
99143 2
99144 1
99145 0
99146 3
99147 2
99148 1
99149 0
99150 3
99151 2
99152 1
99153 0
99154 3
99155 2
99156 1
99157 0
99158 3
99159 2
99160 1
99161 0
99162 3
99163 2
99164 1
99165 0
99166 3
99167 2
99168 1
99169 0
99170 3
99171 2
99172 1
99173 0
99174 3
99175 2
99176 1
99177 0
99178 3
99179 2
99180 1
99181 0
99182 3
99183 2
99184 1
99185 0
99186 3
99187 2
99188 1
99189 0
99190 3
99191 4
99192 2
99193 1
99194 0
99195 3
99196 2
99197 1
99198 0
99199 3
99200 2
99201 1
99202 0
99203 3
99204 2
99205 1
99206 0
99207 3
99208 2
99209 1
99210 0
99211 3
99212 2
99213 1
99214 0
99215 3
99216 2
99217 1
99218 0
99219 3
99220 2
99221 1
99222 0
99223 3
99224 2
99225 1
99226 0
99227 3
99228 2
99229 1
99230 0
99231 3
99232 2
99233 1
99234 0
99235 3
99236 2
99237 1
99238 0
99239 3
99240 4
99241 2
99242 1
99243 0
99244 3
99245 2
99246 1
99247 0
99248 3
99249 2
99250 1
99251 0
99252 3
99253 2
99254 1
99255 0
99256 3
99257 2
99258 1
99259 0
99260 3
99261 2
99262 1
99263 0
99264 3
99265 2
99266 1
99267 0
99268 3
99269 2
99270 1
99271 0
99272 3
99273 2
99274 1
99275 0
99276 3
99277 2
99278 1
99279 0
99280 3
99281 2
99282 1
99283 0
99284 3
99285 2
99286 1
99287 0
99288 3
99289 2
99290 1
99291 4
99292 0
99293 2
99294 1
99295 3
99296 0
99297 2
99298 1
99299 3
99300 0
99301 2
99302 1
99303 4
99304 3
99305 2
99306 1
99307 0
99308 3
99309 2
99310 1
99311 0
99312 3
99313 2
99314 1
99315 4
99316 0
99317 2
99318 1
99319 3
99320 0
99321 2
99322 1
99323 3
99324 0
99325 2
99326 1
99327 4
99328 3
99329 2
99330 1
99331 0
99332 3
99333 2
99334 1
99335 0
99336 3
99337 4
99338 2
99339 1
99340 0
99341 3
99342 2
99343 1
99344 0
99345 3
99346 2
99347 1
99348 0
99349 3
99350 2
99351 1
99352 0
99353 3
99354 2
99355 1
99356 0
99357 3
99358 2
99359 1
99360 0
99361 3
99362 2
99363 1
99364 0
99365 3
99366 2
99367 1
99368 0
99369 3
99370 2
99371 1
99372 0
99373 3
99374 2
99375 1
99376 0
99377 3
99378 2
99379 1
99380 0
99381 3
99382 2
99383 1
99384 0
99385 3
99386 4
99387 2
99388 1
99389 0
99390 3
99391 2
99392 1
99393 0
99394 3
99395 2
99396 1
99397 0
99398 3
99399 2
99400 1
99401 0
99402 3
99403 2
99404 1
99405 0
99406 3
99407 2
99408 1
99409 0
99410 3
99411 2
99412 1
99413 0
99414 3
99415 2
99416 1
99417 0
99418 3
99419 2
99420 1
99421 0
99422 3
99423 2
99424 1
99425 0
99426 3
99427 2
99428 1
99429 0
99430 3
99431 2
99432 1
99433 0
99434 3
99435 4
99436 2
99437 1
99438 0
99439 3
99440 2
99441 1
99442 0
99443 3
99444 2
99445 1
99446 0
99447 3
99448 2
99449 1
99450 0
99451 3
99452 2
99453 1
99454 0
99455 3
99456 2
99457 1
99458 0
99459 3
99460 2
99461 1
99462 0
99463 3
99464 2
99465 1
99466 0
99467 3
99468 2
99469 1
99470 0
99471 3
99472 2
99473 1
99474 0
99475 3
99476 2
99477 1
99478 0
99479 3
99480 2
99481 1
99482 0
99483 3
99484 2
99485 1
99486 4
99487 0
99488 2
99489 1
99490 3
99491 0
99492 2
99493 1
99494 3
99495 0
99496 2
99497 1
99498 4
99499 3
99500 2
99501 1
99502 0
99503 3
99504 2
99505 1
99506 0
99507 3
99508 4
99509 2
99510 1
99511 0
99512 3
99513 2
99514 1
99515 0
99516 3
99517 2
99518 1
99519 0
99520 3
99521 2
99522 1
99523 0
99524 3
99525 2
99526 1
99527 0
99528 3
99529 2
99530 1
99531 0
99532 3
99533 4
99534 2
99535 1
99536 0
99537 3
99538 2
99539 1
99540 0
99541 3
99542 2
99543 1
99544 0
99545 3
99546 2
99547 1
99548 0
99549 3
99550 2
99551 1
99552 0
99553 3
99554 2
99555 1
99556 0
99557 3
99558 2
99559 1
99560 0
99561 3
99562 2
99563 1
99564 0
99565 3
99566 2
99567 1
99568 0
99569 3
99570 2
99571 1
99572 0
99573 3
99574 2
99575 1
99576 0
99577 3
99578 2
99579 1
99580 0
99581 3
99582 2
99583 1
99584 4
99585 0
99586 2
99587 1
99588 3
99589 0
99590 2
99591 1
99592 3
99593 0
99594 2
99595 1
99596 4
99597 3
99598 2
99599 1
99600 0
99601 3
99602 2
99603 1
99604 0
99605 3
99606 4
99607 2
99608 1
99609 0
99610 3
99611 2
99612 1
99613 0
99614 3
99615 2
99616 1
99617 0
99618 3
99619 2
99620 1
99621 0
99622 3
99623 2
99624 1
99625 0
99626 3
99627 2
99628 1
99629 0
99630 3
99631 4
99632 2
99633 1
99634 0
99635 3
99636 2
99637 1
99638 0
99639 3
99640 2
99641 1
99642 0
99643 3
99644 2
99645 1
99646 0
99647 3
99648 2
99649 1
99650 0
99651 3
99652 2
99653 1
99654 0
99655 3
99656 2
99657 1
99658 0
99659 3
99660 2
99661 1
99662 0
99663 3
99664 2
99665 1
99666 0
99667 3
99668 2
99669 1
99670 0
99671 3
99672 2
99673 1
99674 0
99675 3
99676 2
99677 1
99678 0
99679 3
99680 2
99681 1
99682 4
99683 0
99684 2
99685 1
99686 3
99687 0
99688 2
99689 1
99690 3
99691 0
99692 2
99693 1
99694 4
99695 3
99696 2
99697 1
99698 0
99699 3
99700 2
99701 1
99702 0
99703 3
99704 2
99705 1
99706 4
99707 0
99708 2
99709 1
99710 3
99711 0
99712 2
99713 1
99714 3
99715 0
99716 2
99717 1
99718 4
99719 3
99720 2
99721 1
99722 0
99723 3
99724 2
99725 1
99726 0
99727 3
99728 4
99729 2
99730 1
99731 0
99732 3
99733 2
99734 1
99735 0
99736 3
99737 2
99738 1
99739 0
99740 3
99741 2
99742 1
99743 0
99744 3
99745 2
99746 1
99747 0
99748 3
99749 2
99750 1
99751 0
99752 3
99753 2
99754 1
99755 0
99756 3
99757 2
99758 1
99759 0
99760 3
99761 2
99762 1
99763 0
99764 3
99765 2
99766 1
99767 0
99768 3
99769 2
99770 1
99771 0
99772 3
99773 2
99774 1
99775 0
99776 3
99777 4
99778 2
99779 1
99780 0
99781 3
99782 2
99783 1
99784 0
99785 3
99786 2
99787 1
99788 0
99789 3
99790 2
99791 1
99792 0
99793 3
99794 2
99795 1
99796 0
99797 3
99798 2
99799 1
99800 0
99801 3
99802 2
99803 1
99804 0
99805 3
99806 2
99807 1
99808 0
99809 3
99810 2
99811 1
99812 0
99813 3
99814 2
99815 1
99816 0
99817 3
99818 2
99819 1
99820 0
99821 3
99822 2
99823 1
99824 0
99825 3
99826 4
99827 2
99828 1
99829 0
99830 3
99831 2
99832 1
99833 0
99834 3
99835 2
99836 1
99837 0
99838 3
99839 2
99840 1
99841 0
99842 3
99843 2
99844 1
99845 0
99846 3
99847 2
99848 1
99849 0
99850 3
99851 2
99852 1
99853 0
99854 3
99855 2
99856 1
99857 0
99858 3
99859 2
99860 1
99861 0
99862 3
99863 2
99864 1
99865 0
99866 3
99867 2
99868 1
99869 0
99870 3
99871 2
99872 1
99873 0
99874 3
99875 2
99876 1
99877 4
99878 0
99879 2
99880 1
99881 3
99882 0
99883 2
99884 1
99885 3
99886 0
99887 2
99888 1
99889 4
99890 3
99891 2
99892 1
99893 0
99894 3
99895 2
99896 1
99897 0
99898 3
99899 2
99900 1
99901 4
99902 0
99903 2
99904 1
99905 3
99906 0
99907 2
99908 1
99909 3
99910 0
99911 2
99912 1
99913 4
99914 3
99915 2
99916 1
99917 0
99918 3
99919 2
99920 1
99921 0
99922 3
99923 4
99924 2
99925 1
99926 0
99927 3
99928 2
99929 1
99930 0
99931 3
99932 2
99933 1
99934 0
99935 3
99936 2
99937 1
99938 0
99939 3
99940 2
99941 1
99942 0
99943 3
99944 2
99945 1
99946 0
99947 3
99948 2
99949 1
99950 0
99951 3
99952 2
99953 1
99954 0
99955 3
99956 2
99957 1
99958 0
99959 3
99960 2
99961 1
99962 0
99963 3
99964 2
99965 1
99966 0
99967 3
99968 2
99969 1
99970 0
99971 3
99972 2
99973 1
99974 4
99975 0
99976 2
99977 1
99978 3
99979 0
99980 2
99981 1
99982 3
99983 0
99984 2
99985 1
99986 4
99987 3
99988 2
99989 1
99990 0
99991 3
99992 2
99993 1
99994 0
99995 3
99996 2
99997 1
99998 0
99999 3
Colors used: 5
Execution time: 115603 microseconds
